2026-09-23T16:35:17.5723670Z Current runner version: '2.337.0'
2026-09-23T16:35:17.5743530Z ##[group]Runner Image Provisioner
2026-09-23T16:35:17.5744130Z Hosted Compute Agent
2026-09-23T16:35:17.5744580Z Version: 20260828.587
2026-09-23T16:35:17.5745110Z Commit: abac92662cab4cc7352de4f9f9d2e2419aad9c29
2026-09-23T16:35:17.5745640Z Build Date: 2026-08-28T16:44:25Z
2026-09-23T16:35:17.5746060Z Worker ID: {5b0a91a9-147d-44b3-95ac-f96a26561164}
2026-09-23T16:35:17.5746570Z Azure Region: westus
2026-09-23T16:35:17.5746990Z ##[endgroup]
2026-09-23T16:35:17.5748110Z ##[group]Operating System
2026-09-23T16:35:17.5748600Z macOS
2026-09-23T16:35:17.5749040Z 26.6.2
2026-09-23T16:35:17.5749460Z 25G83
2026-09-23T16:35:17.5749810Z ##[endgroup]
2026-09-23T16:35:17.5750270Z ##[group]Runner Image
2026-09-23T16:35:17.5750710Z Image: macos-26-arm64
2026-09-23T16:35:17.5751140Z Version: 20260907.0351.1
2026-09-23T16:35:17.5752070Z Included Software: https://github.com/actions/runner-images/blob/macos-26-arm64/20260907.0351/images/macos/macos-26-arm64-Readme.md
2026-09-23T16:35:17.5753140Z Image Release: https://github.com/actions/runner-images/releases/tag/macos-26-arm64%2F20260907.0351
2026-09-23T16:35:17.5753890Z ##[endgroup]
2026-09-23T16:35:17.5754770Z ##[group]GITHUB_TOKEN Permissions
2026-09-23T16:35:17.5756430Z Contents: read
2026-09-23T16:35:17.5756800Z Metadata: read
2026-09-23T16:35:17.5757170Z ##[endgroup]
2026-09-23T16:35:17.5758660Z Secret source: Actions
2026-09-23T16:35:17.5759340Z Cache mode: write
2026-09-23T16:35:17.5759870Z Prepare workflow directory
2026-09-23T16:35:17.6170890Z Prepare all required actions
2026-09-23T16:35:17.6213810Z Getting action download info
2026-09-23T16:35:17.8345760Z Download action repository 'actions/checkout@v4' (SHA:11d5960a326750d5838078e36cf38b85af677262)
2026-09-23T16:35:19.3129390Z Download action repository 'actions/setup-node@v4' (SHA:49933ea5288caeca8642d1e84afbd3f7d6820020)
2026-09-23T16:35:19.5672060Z Download action repository 'actions/setup-go@v5' (SHA:40f1582b2485089dde7abd97c1529aa768e1baff)
2026-09-23T16:35:21.8396170Z Download action repository 'actions/upload-artifact@v4' (SHA:ea165f8d65b6e75b540449e92b4886f43607fa02)
2026-09-23T16:35:22.3792590Z Complete job name: native-node (macos-latest)
2026-09-23T16:35:22.5751230Z ##[group]Run actions/checkout@v4
2026-09-23T16:35:22.5751800Z with:
2026-09-23T16:35:22.5751990Z   repository: JohnnyPBelo/relayloom
2026-09-23T16:35:22.5754100Z   token: ***
2026-09-23T16:35:22.5754290Z   ssh-strict: true
2026-09-23T16:35:22.5754510Z   ssh-user: git
2026-09-23T16:35:22.5754740Z   persist-credentials: true
2026-09-23T16:35:22.5754980Z   clean: true
2026-09-23T16:35:22.5755210Z   sparse-checkout-cone-mode: true
2026-09-23T16:35:22.5755440Z   fetch-depth: 1
2026-09-23T16:35:22.5755610Z   fetch-tags: false
2026-09-23T16:35:22.5755810Z   show-progress: true
2026-09-23T16:35:22.5755990Z   lfs: false
2026-09-23T16:35:22.5756150Z   submodules: false
2026-09-23T16:35:22.5756340Z   set-safe-directory: true
2026-09-23T16:35:22.5756560Z   allow-unsafe-pr-checkout: false
2026-09-23T16:35:22.5757160Z ##[endgroup]
2026-09-23T16:35:23.8350730Z Syncing repository: JohnnyPBelo/relayloom
2026-09-23T16:35:23.8352280Z ##[group]Getting Git version info
2026-09-23T16:35:23.8353640Z Working directory is '/Users/runner/work/relayloom/relayloom'
2026-09-23T16:35:23.8354280Z [command]/opt/homebrew/bin/git version
2026-09-23T16:35:23.9833400Z git version 2.55.0
2026-09-23T16:35:23.9845090Z ##[endgroup]
2026-09-23T16:35:23.9855100Z Copying '/Users/runner/.gitconfig' to '/Users/runner/work/_temp/6ebb69fe-7fc3-4e9c-a623-50ab5c64b776/.gitconfig'
2026-09-23T16:35:23.9858890Z Temporarily overriding HOME='/Users/runner/work/_temp/6ebb69fe-7fc3-4e9c-a623-50ab5c64b776' before making global git config changes
2026-09-23T16:35:23.9861260Z Adding repository directory to the temporary git global config as a safe directory
2026-09-23T16:35:23.9871850Z [command]/opt/homebrew/bin/git config --global --add safe.directory /Users/runner/work/relayloom/relayloom
2026-09-23T16:35:24.0108460Z Deleting the contents of '/Users/runner/work/relayloom/relayloom'
2026-09-23T16:35:24.0126930Z ##[group]Initializing the repository
2026-09-23T16:35:24.0132720Z [command]/opt/homebrew/bin/git init /Users/runner/work/relayloom/relayloom
2026-09-23T16:35:24.1422910Z hint: Using 'master' as the name for the initial branch. This default branch name
2026-09-23T16:35:24.1426480Z hint: will change to "main" in Git 3.0. To configure the initial branch name
2026-09-23T16:35:24.1428990Z hint: to use in all of your new repositories, which will suppress this warning,
2026-09-23T16:35:24.1436050Z hint: call:
2026-09-23T16:35:24.1436540Z hint:
2026-09-23T16:35:24.1436950Z hint: 	git config --global init.defaultBranch <name>
2026-09-23T16:35:24.1437400Z hint:
2026-09-23T16:35:24.1437820Z hint: Names commonly chosen instead of 'master' are 'main', 'trunk' and
2026-09-23T16:35:24.1438420Z hint: 'development'. The just-created branch can be renamed via this command:
2026-09-23T16:35:24.1439160Z hint:
2026-09-23T16:35:24.1439510Z hint: 	git branch -m <name>
2026-09-23T16:35:24.1439920Z hint:
2026-09-23T16:35:24.1440320Z hint: Disable this message with "git config set advice.defaultBranchName false"
2026-09-23T16:35:24.1441140Z Initialized empty Git repository in /Users/runner/work/relayloom/relayloom/.git/
2026-09-23T16:35:24.1447930Z [command]/opt/homebrew/bin/git remote add origin https://github.com/JohnnyPBelo/relayloom
2026-09-23T16:35:24.1592020Z ##[endgroup]
2026-09-23T16:35:24.1594810Z ##[group]Disabling automatic garbage collection
2026-09-23T16:35:24.1597980Z [command]/opt/homebrew/bin/git config --local gc.auto 0
2026-09-23T16:35:24.1724470Z ##[endgroup]
2026-09-23T16:35:24.1725880Z ##[group]Setting up auth
2026-09-23T16:35:24.1726800Z [command]/opt/homebrew/bin/git config --local --name-only --get-regexp core\.sshCommand
2026-09-23T16:35:24.1804680Z [command]/opt/homebrew/bin/git submodule foreach --recursive sh -c "git config --local --name-only --get-regexp 'core\.sshCommand' && git config --local --unset-all 'core.sshCommand' || :"
2026-09-23T16:35:24.3533500Z [command]/opt/homebrew/bin/git config --local --name-only --get-regexp http\.https\:\/\/github\.com\/\.extraheader
2026-09-23T16:35:24.3675520Z [command]/opt/homebrew/bin/git submodule foreach --recursive sh -c "git config --local --name-only --get-regexp 'http\.https\:\/\/github\.com\/\.extraheader' && git config --local --unset-all 'http.https://github.com/.extraheader' || :"
2026-09-23T16:35:24.5136730Z [command]/opt/homebrew/bin/git config --local --name-only --get-regexp ^includeIf\.gitdir:
2026-09-23T16:35:24.5464780Z [command]/opt/homebrew/bin/git submodule foreach --recursive git config --local --show-origin --name-only --get-regexp remote.origin.url
2026-09-23T16:35:24.6894440Z [command]/opt/homebrew/bin/git config --local http.https://github.com/.extraheader AUTHORIZATION: basic ***
2026-09-23T16:35:24.7008580Z ##[endgroup]
2026-09-23T16:35:24.7079960Z ##[group]Fetching the repository
2026-09-23T16:35:24.7086200Z [command]/opt/homebrew/bin/git -c protocol.version=2 fetch --no-tags --prune --no-recurse-submodules --depth=1 origin +44e759cfd308d160b156190164e7342214e7a77a:refs/remotes/origin/codex/site-optional-resources
2026-09-23T16:35:33.3467980Z From https://github.com/JohnnyPBelo/relayloom
2026-09-23T16:35:33.3572860Z  * [new ref]         44e759cfd308d160b156190164e7342214e7a77a -> origin/codex/site-optional-resources
2026-09-23T16:35:33.3622070Z ##[endgroup]
2026-09-23T16:35:33.3623450Z ##[group]Determining the checkout info
2026-09-23T16:35:33.3624830Z ##[endgroup]
2026-09-23T16:35:33.3625420Z [command]/opt/homebrew/bin/git sparse-checkout disable
2026-09-23T16:35:33.3721460Z [command]/opt/homebrew/bin/git config --local --unset-all extensions.worktreeConfig
2026-09-23T16:35:33.3811000Z ##[group]Checking out the ref
2026-09-23T16:35:33.3815110Z [command]/opt/homebrew/bin/git checkout --progress --force -B codex/site-optional-resources refs/remotes/origin/codex/site-optional-resources
2026-09-23T16:35:34.4824730Z Updating files:  77% (4397/5642)
2026-09-23T16:35:34.5160290Z Updating files:  78% (4401/5642)
2026-09-23T16:35:34.5318070Z Updating files:  79% (4458/5642)
2026-09-23T16:35:34.5478390Z Updating files:  80% (4514/5642)
2026-09-23T16:35:34.5607040Z Updating files:  81% (4571/5642)
2026-09-23T16:35:34.5675420Z Updating files:  82% (4627/5642)
2026-09-23T16:35:34.5813770Z Updating files:  83% (4683/5642)
2026-09-23T16:35:34.5972670Z Updating files:  84% (4740/5642)
2026-09-23T16:35:34.6119370Z Updating files:  85% (4796/5642)
2026-09-23T16:35:34.6303570Z Updating files:  86% (4853/5642)
2026-09-23T16:35:34.6452260Z Updating files:  87% (4909/5642)
2026-09-23T16:35:34.6522280Z Updating files:  88% (4965/5642)
2026-09-23T16:35:34.6638800Z Updating files:  89% (5022/5642)
2026-09-23T16:35:34.6703480Z Updating files:  90% (5078/5642)
2026-09-23T16:35:34.6773020Z Updating files:  91% (5135/5642)
2026-09-23T16:35:34.6901630Z Updating files:  92% (5191/5642)
2026-09-23T16:35:34.6974970Z Updating files:  93% (5248/5642)
2026-09-23T16:35:34.7101670Z Updating files:  94% (5304/5642)
2026-09-23T16:35:34.7238750Z Updating files:  95% (5360/5642)
2026-09-23T16:35:34.7338480Z Updating files:  96% (5417/5642)
2026-09-23T16:35:34.7401130Z Updating files:  97% (5473/5642)
2026-09-23T16:35:34.7487670Z Updating files:  98% (5530/5642)
2026-09-23T16:35:34.7578620Z Updating files:  99% (5586/5642)
2026-09-23T16:35:34.7579100Z Updating files: 100% (5642/5642)
2026-09-23T16:35:34.7579550Z Updating files: 100% (5642/5642), done.
2026-09-23T16:35:34.7684920Z Switched to a new branch 'codex/site-optional-resources'
2026-09-23T16:35:34.7698990Z branch 'codex/site-optional-resources' set up to track 'origin/codex/site-optional-resources'.
2026-09-23T16:35:34.7714680Z ##[endgroup]
2026-09-23T16:35:34.7882840Z [command]/opt/homebrew/bin/git log -1 --format=%H
2026-09-23T16:35:34.7974150Z 44e759cfd308d160b156190164e7342214e7a77a
2026-09-23T16:35:34.8410750Z ##[group]Run actions/setup-node@v4
2026-09-23T16:35:34.8411020Z with:
2026-09-23T16:35:34.8411260Z   node-version: 22
2026-09-23T16:35:34.8411450Z   cache: npm
2026-09-23T16:35:34.8411730Z   always-auth: false
2026-09-23T16:35:34.8411960Z   check-latest: false
2026-09-23T16:35:34.8413840Z   token: ***
2026-09-23T16:35:34.8413970Z ##[endgroup]
2026-09-23T16:35:35.0673640Z (node:2336) [DEP0040] DeprecationWarning: The `punycode` module is deprecated. Please use a userland alternative instead.
2026-09-23T16:35:35.0675160Z (Use `node --trace-deprecation ...` to show where the warning was created)
2026-09-23T16:35:35.0676760Z Found in cache @ /Users/runner/hostedtoolcache/node/22.23.2/arm64
2026-09-23T16:35:35.0678490Z ##[group]Environment details
2026-09-23T16:35:35.8021030Z node: v22.23.2
2026-09-23T16:35:35.8023920Z npm: 10.9.8
2026-09-23T16:35:35.8024570Z yarn: 1.22.22
2026-09-23T16:35:35.8025910Z ##[endgroup]
2026-09-23T16:35:35.8032250Z [command]/Users/runner/hostedtoolcache/node/22.23.2/arm64/bin/npm config get cache
2026-09-23T16:35:36.0061500Z /Users/runner/work/relayloom/relayloom/.cache/npm
2026-09-23T16:35:36.1514080Z Cache hit for: node-cache-macOS-arm64-npm-88240ea3fcc36a07b38e92f18a1559354497a7dfa2763e229b5dd5d5943af76a
2026-09-23T16:35:36.1648560Z (node:2336) [DEP0169] DeprecationWarning: `url.parse()` behavior is not standardized and prone to errors that have security implications. Use the WHATWG URL API instead. CVEs are not issued for `url.parse()` vulnerabilities.
2026-09-23T16:35:36.8501700Z Received 51617322 of 51617322 (100.0%), 79.3 MBs/sec
2026-09-23T16:35:36.8502910Z Cache Size: ~49 MB (51617322 B)
2026-09-23T16:35:36.8505280Z [command]/opt/homebrew/bin/gtar -xf /Users/runner/work/_temp/fe732d8a-f3f7-4a49-ad3c-79d11e920b7d/cache.tzst -P -C /Users/runner/work/relayloom/relayloom --delay-directory-restore --use-compress-program unzstd
2026-09-23T16:35:37.1738780Z Cache restored successfully
2026-09-23T16:35:37.1759250Z Cache restored from key: node-cache-macOS-arm64-npm-88240ea3fcc36a07b38e92f18a1559354497a7dfa2763e229b5dd5d5943af76a
2026-09-23T16:35:37.1920440Z ##[group]Run actions/setup-go@v5
2026-09-23T16:35:37.1920780Z with:
2026-09-23T16:35:37.1921260Z   go-version: 1.26.8
2026-09-23T16:35:37.1921430Z   cache: false
2026-09-23T16:35:37.1921600Z   check-latest: false
2026-09-23T16:35:37.1923520Z   token: ***
2026-09-23T16:35:37.1923690Z ##[endgroup]
2026-09-23T16:35:37.3458130Z Setup go version spec 1.26.8
2026-09-23T16:35:37.3468730Z Found in cache @ /Users/runner/hostedtoolcache/go/1.26.8/arm64
2026-09-23T16:35:37.3470680Z (node:2356) [DEP0040] DeprecationWarning: The `punycode` module is deprecated. Please use a userland alternative instead.
2026-09-23T16:35:37.3472430Z (Use `node --trace-deprecation ...` to show where the warning was created)
2026-09-23T16:35:37.3473460Z Added go to the path
2026-09-23T16:35:37.3475590Z Successfully set up Go version 1.26.8
2026-09-23T16:35:37.4943350Z go version go1.26.8 darwin/arm64
2026-09-23T16:35:37.4943530Z 
2026-09-23T16:35:37.4943830Z ##[group]go env
2026-09-23T16:35:39.6825730Z AR='ar'
2026-09-23T16:35:39.6831080Z CC='clang'
2026-09-23T16:35:39.6850890Z CGO_CFLAGS='-O2 -g'
2026-09-23T16:35:39.6851950Z CGO_CPPFLAGS=''
2026-09-23T16:35:39.6853970Z CGO_CXXFLAGS='-O2 -g'
2026-09-23T16:35:39.6854530Z CGO_ENABLED='1'
2026-09-23T16:35:39.6855450Z CGO_FFLAGS='-O2 -g'
2026-09-23T16:35:39.6856860Z CGO_LDFLAGS='-O2 -g'
2026-09-23T16:35:39.6857290Z CXX='clang++'
2026-09-23T16:35:39.6858510Z GCCGO='gccgo'
2026-09-23T16:35:39.6860850Z GO111MODULE=''
2026-09-23T16:35:39.6861350Z GOARCH='arm64'
2026-09-23T16:35:39.6861980Z GOARM64='v8.0'
2026-09-23T16:35:39.6863240Z GOAUTH='netrc'
2026-09-23T16:35:39.6864410Z GOBIN=''
2026-09-23T16:35:39.6866150Z GOCACHE='/Users/runner/Library/Caches/go-build'
2026-09-23T16:35:39.6866840Z GOCACHEPROG=''
2026-09-23T16:35:39.6867430Z GODEBUG=''
2026-09-23T16:35:39.6868010Z GOENV='/Users/runner/Library/Application Support/go/env'
2026-09-23T16:35:39.6868460Z GOEXE=''
2026-09-23T16:35:39.6869380Z GOEXPERIMENT=''
2026-09-23T16:35:39.6869820Z GOFIPS140='off'
2026-09-23T16:35:39.6870110Z GOFLAGS=''
2026-09-23T16:35:39.6871650Z GOGCCFLAGS='-fPIC -arch arm64 -pthread -fno-caret-diagnostics -Qunused-arguments -fmessage-length=0 -ffile-prefix-map=/var/folders/36/tjdph2t965j8snz9_vkdnw0r0000gn/T/go-build2330407654=/tmp/go-build -gno-record-gcc-switches -fno-common'
2026-09-23T16:35:39.6874650Z GOHOSTARCH='arm64'
2026-09-23T16:35:39.6875000Z GOHOSTOS='darwin'
2026-09-23T16:35:39.6875390Z GOINSECURE=''
2026-09-23T16:35:39.6875810Z GOMOD='/dev/null'
2026-09-23T16:35:39.6876320Z GOMODCACHE='/Users/runner/go/pkg/mod'
2026-09-23T16:35:39.6876750Z GONOPROXY=''
2026-09-23T16:35:39.6877170Z GONOSUMDB=''
2026-09-23T16:35:39.6877430Z GOOS='darwin'
2026-09-23T16:35:39.6877780Z GOPATH='/Users/runner/go'
2026-09-23T16:35:39.6878710Z GOPRIVATE=''
2026-09-23T16:35:39.6879650Z GOPROXY='https://proxy.golang.org,direct'
2026-09-23T16:35:39.6880340Z GOROOT='/Users/runner/hostedtoolcache/go/1.26.8/arm64'
2026-09-23T16:35:39.6880940Z GOSUMDB='sum.golang.org'
2026-09-23T16:35:39.6881240Z GOTELEMETRY='local'
2026-09-23T16:35:39.6881890Z GOTELEMETRYDIR='/Users/runner/Library/Application Support/go/telemetry'
2026-09-23T16:35:39.6882480Z GOTMPDIR=''
2026-09-23T16:35:39.6882760Z GOTOOLCHAIN='auto'
2026-09-23T16:35:39.6884050Z GOTOOLDIR='/Users/runner/hostedtoolcache/go/1.26.8/arm64/pkg/tool/darwin_arm64'
2026-09-23T16:35:39.6884630Z GOVCS=''
2026-09-23T16:35:39.6884920Z GOVERSION='go1.26.8'
2026-09-23T16:35:39.6885270Z GOWORK=''
2026-09-23T16:35:39.6886080Z PKG_CONFIG='pkg-config'
2026-09-23T16:35:39.6886310Z 
2026-09-23T16:35:39.6891360Z ##[endgroup]
2026-09-23T16:35:39.7150590Z ##[group]Run npm ci --ignore-scripts
2026-09-23T16:35:39.7151210Z [36;1mnpm ci --ignore-scripts[0m
2026-09-23T16:35:39.7227010Z shell: /bin/bash -e {0}
2026-09-23T16:35:39.7227600Z ##[endgroup]
2026-09-23T16:35:43.1470780Z npm warn deprecated inflight@1.0.6: This module is not supported, and leaks memory. Do not use it. Check out lru-cache if you want a good and tested way to coalesce async requests by a key value, which is much more comprehensive and powerful.
2026-09-23T16:35:43.2110510Z npm warn deprecated rimraf@2.6.3: Rimraf versions prior to v4 are no longer supported
2026-09-23T16:35:43.4534780Z npm warn deprecated glob@7.2.3: Old versions of glob are not supported, and contain widely publicized security vulnerabilities, which have been fixed in the current version. Please update. Support for old versions may be purchased (at exorbitant rates) by contacting i@izs.me
2026-09-23T16:35:43.8880310Z npm warn deprecated boolean@3.2.0: Package no longer supported. Contact Support at https://www.npmjs.com/support for more info.
2026-09-23T16:35:47.3650500Z 
2026-09-23T16:35:47.3656260Z added 462 packages in 7s
2026-09-23T16:35:47.5188120Z ##[group]Run npm run build
2026-09-23T16:35:47.5190940Z [36;1mnpm run build[0m
2026-09-23T16:35:47.5283140Z shell: /bin/bash -e {0}
2026-09-23T16:35:47.5284260Z ##[endgroup]
2026-09-23T16:35:47.8779220Z 
2026-09-23T16:35:47.8780710Z > relayloom@0.1.0 build
2026-09-23T16:35:47.8781890Z > tsc --noEmit && vite build
2026-09-23T16:35:47.8782570Z 
2026-09-23T16:35:59.9490210Z [36mvite v7.3.6 [32mbuilding client environment for production...[36m[39m
2026-09-23T16:36:00.0246490Z transforming...
2026-09-23T16:36:02.9455070Z [32m✓[39m 1847 modules transformed.
2026-09-23T16:36:03.0782050Z rendering chunks...
2026-09-23T16:36:03.1945000Z computing gzip size...
2026-09-23T16:36:03.2150240Z [2m../../dist/web/[22m[2massets/[22m[32mmanifest-BWKlX33v.webmanifest       [39m[1m[2m  0.32 kB[22m[1m[22m
2026-09-23T16:36:03.2151610Z [2m../../dist/web/[22m[32mindex.html                                 [39m[1m[2m  0.81 kB[22m[1m[22m[2m │ gzip:   0.40 kB[22m
2026-09-23T16:36:03.2153230Z [2m../../dist/web/[22m[32mbrowser/index.html                         [39m[1m[2m  1.17 kB[22m[1m[22m[2m │ gzip:   0.57 kB[22m
2026-09-23T16:36:03.2154470Z [2m../../dist/web/[22m[32mbrowser/worker-CxTgiVfr.js                 [39m[1m[2m261.93 kB[22m[1m[22m
2026-09-23T16:36:03.2155770Z [2m../../dist/web/[22m[2massets/[22m[35meditor-TdZUp6iQ.css                 [39m[1m[2m  2.66 kB[22m[1m[22m[2m │ gzip:   0.85 kB[22m
2026-09-23T16:36:03.2157650Z [2m../../dist/web/[22m[2massets/[22m[35mmain-DEi_Xkk3.css                   [39m[1m[2m 13.87 kB[22m[1m[22m[2m │ gzip:   3.10 kB[22m
2026-09-23T16:36:03.2158940Z [2m../../dist/web/[22m[2massets/[22m[35mhistory-DpTwHcHw.css                [39m[1m[2m 25.68 kB[22m[1m[22m[2m │ gzip:   5.44 kB[22m
2026-09-23T16:36:03.2162400Z [2m../../dist/web/[22m[2massets/[22m[35mpeers-CBwbv1q3.css                  [39m[1m[2m 61.71 kB[22m[1m[22m[2m │ gzip:  12.98 kB[22m
2026-09-23T16:36:03.2165190Z [2m../../dist/web/[22m[2massets/[22m[36mmodulepreload-polyfill-B5Qt9EMX.js  [39m[1m[2m  0.71 kB[22m[1m[22m[2m │ gzip:   0.40 kB[22m
2026-09-23T16:36:03.2166420Z [2m../../dist/web/[22m[2massets/[22m[36mvisit-DRYAygji.js                   [39m[1m[2m  3.59 kB[22m[1m[22m[2m │ gzip:   1.62 kB[22m
2026-09-23T16:36:03.2167590Z [2m../../dist/web/[22m[2massets/[22m[36meditor-Da0xb7_n.js                  [39m[1m[2m 62.39 kB[22m[1m[22m[2m │ gzip:  19.12 kB[22m
2026-09-23T16:36:03.2168870Z [2m../../dist/web/[22m[2massets/[22m[36mbrowser-wfzqfSRe.js                 [39m[1m[2m 74.90 kB[22m[1m[22m[2m │ gzip:  24.69 kB[22m
2026-09-23T16:36:03.2169940Z [2m../../dist/web/[22m[2massets/[22m[36mhistory-DuAfTwGr.js                 [39m[1m[2m143.89 kB[22m[1m[22m[2m │ gzip:  45.68 kB[22m
2026-09-23T16:36:03.2171130Z [2m../../dist/web/[22m[2massets/[22m[36mmain-CNAA77oL.js                    [39m[1m[2m149.20 kB[22m[1m[22m[2m │ gzip:  45.75 kB[22m
2026-09-23T16:36:03.2172210Z [2m../../dist/web/[22m[2massets/[22m[36mpeers-D1H6wmgT.js                   [39m[1m[2m412.67 kB[22m[1m[22m[2m │ gzip: 132.80 kB[22m
2026-09-23T16:36:03.2174220Z [32m✓ built in 3.24s[39m
2026-09-23T16:36:03.2698210Z ##[group]Run npm run native:build
2026-09-23T16:36:03.2700100Z [36;1mnpm run native:build[0m
2026-09-23T16:36:03.2765280Z shell: /bin/bash -e {0}
2026-09-23T16:36:03.2765570Z ##[endgroup]
2026-09-23T16:36:03.6059480Z 
2026-09-23T16:36:03.6060880Z > relayloom@0.1.0 native:build
2026-09-23T16:36:03.6061380Z > node scripts/native-build.mjs
2026-09-23T16:36:03.6061530Z 
2026-09-23T16:36:04.0227410Z go: downloading golang.org/x/crypto v0.57.0
2026-09-23T16:36:04.0928510Z go: downloading golang.org/x/text v0.42.0
2026-09-23T16:36:05.9023470Z go: downloading github.com/coder/websocket v1.8.15
2026-09-23T16:36:06.0332240Z go: downloading modernc.org/sqlite v1.58.0
2026-09-23T16:36:09.0826460Z go: downloading modernc.org/libc v1.75.6
2026-09-23T16:36:09.0827860Z go: downloading golang.org/x/sys v0.48.0
2026-09-23T16:36:11.7409060Z go: downloading github.com/mattn/go-isatty v0.0.24
2026-09-23T16:36:11.7409920Z go: downloading github.com/dustin/go-humanize v1.0.1
2026-09-23T16:36:11.7417250Z go: downloading github.com/google/uuid v1.6.0
2026-09-23T16:36:11.8785680Z go: downloading github.com/ncruces/go-strftime v1.0.0
2026-09-23T16:36:11.8809890Z go: downloading modernc.org/mathutil v1.7.1
2026-09-23T16:36:11.8862630Z go: downloading modernc.org/memory v1.12.1
2026-09-23T16:36:12.0470580Z go: downloading github.com/remyoudompheng/bigfft v0.0.0-20230129092748-24d4a6f8daec
2026-09-23T16:36:35.0519070Z Native app CLI built in project cache.
2026-09-23T16:36:35.0783230Z ##[group]Run npm test
2026-09-23T16:36:35.0783700Z [36;1mnpm test[0m
2026-09-23T16:36:35.0829030Z shell: /bin/bash -e {0}
2026-09-23T16:36:35.0829330Z ##[endgroup]
2026-09-23T16:36:35.2903840Z 
2026-09-23T16:36:35.2904250Z > relayloom@0.1.0 test
2026-09-23T16:36:35.2905760Z > tsx --test --test-concurrency=1 tests/*.test.ts
2026-09-23T16:36:35.2906140Z 
2026-09-23T16:36:35.4169460Z TAP version 13
2026-09-23T16:36:35.5750590Z # Subtest: browser CI partition rejects omitted, duplicated and empty coverage with a complete positive control
2026-09-23T16:36:35.5755120Z ok 1 - browser CI partition rejects omitted, duplicated and empty coverage with a complete positive control
2026-09-23T16:36:35.5755910Z   ---
2026-09-23T16:36:35.5757140Z   duration_ms: 1.093625
2026-09-23T16:36:35.5758000Z   type: 'test'
2026-09-23T16:36:35.5758440Z   ...
2026-09-23T16:36:35.7112120Z # Subtest: Node bundle creation derives expiry from one clock observation even when the clock advances between reads
2026-09-23T16:36:35.7115800Z ok 2 - Node bundle creation derives expiry from one clock observation even when the clock advances between reads
2026-09-23T16:36:35.7116420Z   ---
2026-09-23T16:36:35.7116870Z   duration_ms: 6.877417
2026-09-23T16:36:35.7117310Z   type: 'test'
2026-09-23T16:36:35.7117650Z   ...
2026-09-23T16:37:07.2225780Z # Subtest: large ASCII runs retain exact Node canonical bytes around Unicode, escaped text, surrogate keys and numeric boundaries
2026-09-23T16:37:07.2336370Z ok 3 - large ASCII runs retain exact Node canonical bytes around Unicode, escaped text, surrogate keys and numeric boundaries
2026-09-23T16:37:07.2439010Z   ---
2026-09-23T16:37:07.2584080Z   duration_ms: 31352.496792
2026-09-23T16:37:07.2585710Z   type: 'test'
2026-09-23T16:37:07.2690890Z   ...
2026-09-23T16:37:08.0371240Z # Subtest: automatic reservations survive restart and count pressure without becoming manual pins
2026-09-23T16:37:08.0393400Z ok 4 - automatic reservations survive restart and count pressure without becoming manual pins
2026-09-23T16:37:08.0408130Z   ---
2026-09-23T16:37:08.0408700Z   duration_ms: 186.819875
2026-09-23T16:37:08.0409590Z   type: 'test'
2026-09-23T16:37:08.0410150Z   ...
2026-09-23T16:37:08.0410880Z # Subtest: byte quota refusal is atomic with a reserved payload and preserves unrelated stored bytes
2026-09-23T16:37:08.0412060Z ok 5 - byte quota refusal is atomic with a reserved payload and preserves unrelated stored bytes
2026-09-23T16:37:08.0412770Z   ---
2026-09-23T16:37:08.0413190Z   duration_ms: 69.924625
2026-09-23T16:37:08.0414930Z   type: 'test'
2026-09-23T16:37:08.0415430Z   ...
2026-09-23T16:37:08.0415960Z # Subtest: reservation does not extend signed expiry
2026-09-23T16:37:08.0416690Z ok 6 - reservation does not extend signed expiry
2026-09-23T16:37:08.0418140Z   ---
2026-09-23T16:37:08.0429400Z   duration_ms: 22.744667
2026-09-23T16:37:08.0431350Z   type: 'test'
2026-09-23T16:37:08.0432150Z   ...
2026-09-23T16:37:08.0433140Z # Subtest: unknown or corrupt reservation input cannot partially release a valid reservation
2026-09-23T16:37:08.0436320Z ok 7 - unknown or corrupt reservation input cannot partially release a valid reservation
2026-09-23T16:37:08.0438020Z   ---
2026-09-23T16:37:08.0438940Z   duration_ms: 49.7845
2026-09-23T16:37:08.0439920Z   type: 'test'
2026-09-23T16:37:08.0441730Z   ...
2026-09-23T16:37:08.0445400Z # Subtest: failed reservation index write protects the union until explicit reconciliation
2026-09-23T16:37:08.0451300Z ok 8 - failed reservation index write protects the union until explicit reconciliation
2026-09-23T16:37:08.0452590Z   ---
2026-09-23T16:37:08.0457300Z   duration_ms: 126.057333
2026-09-23T16:37:08.0459730Z   type: 'test'
2026-09-23T16:37:08.0461870Z   ...
2026-09-23T16:37:08.0464810Z # Subtest: duplicate reserved insertion at the count limit preserves a manual pin and verifies stored bytes
2026-09-23T16:37:08.0466280Z ok 9 - duplicate reserved insertion at the count limit preserves a manual pin and verifies stored bytes
2026-09-23T16:37:08.0472860Z   ---
2026-09-23T16:37:08.0475410Z   duration_ms: 30.109291
2026-09-23T16:37:08.0476050Z   type: 'test'
2026-09-23T16:37:08.0481380Z   ...
2026-09-23T16:37:08.3557940Z # Subtest: contact rows use the established Node/Go DM reader-address wire format before the first send
2026-09-23T16:37:08.3560560Z ok 10 - contact rows use the established Node/Go DM reader-address wire format before the first send
2026-09-23T16:37:08.3562370Z   ---
2026-09-23T16:37:08.3569340Z   duration_ms: 1.61975
2026-09-23T16:37:08.3569800Z   type: 'test'
2026-09-23T16:37:08.3570040Z   ...
2026-09-23T16:37:08.3570780Z # Subtest: a repeated own reader remains one reader in the DM address
2026-09-23T16:37:08.3571490Z ok 11 - a repeated own reader remains one reader in the DM address
2026-09-23T16:37:08.3572110Z   ---
2026-09-23T16:37:08.3572430Z   duration_ms: 0.230375
2026-09-23T16:37:08.3572820Z   type: 'test'
2026-09-23T16:37:08.3573130Z   ...
2026-09-23T16:37:08.9126430Z # Subtest: fixed envelope time preserves the saved deadline while nonce identity still requires durable retention
2026-09-23T16:37:08.9230640Z ok 12 - fixed envelope time preserves the saved deadline while nonce identity still requires durable retention
2026-09-23T16:37:08.9347890Z   ---
2026-09-23T16:37:08.9348420Z   duration_ms: 229.62525
2026-09-23T16:37:08.9355220Z   type: 'test'
2026-09-23T16:37:08.9355710Z   ...
2026-09-23T16:37:08.9356740Z # Subtest: Node and portable fixed clocks reject invalid/overflowing dates and unrelated secrets before producing a bundle
2026-09-23T16:37:08.9374240Z ok 13 - Node and portable fixed clocks reject invalid/overflowing dates and unrelated secrets before producing a bundle
2026-09-23T16:37:08.9475800Z   ---
2026-09-23T16:37:08.9595250Z   duration_ms: 15.142667
2026-09-23T16:37:08.9695970Z   type: 'test'
2026-09-23T16:37:08.9797230Z   ...
2026-09-23T16:37:18.4018020Z # Subtest: Node and portable fixed envelopes verify in a real Go process; Go ciphertext decrypts in both adapters
2026-09-23T16:37:18.4094570Z ok 14 - Node and portable fixed envelopes verify in a real Go process; Go ciphertext decrypts in both adapters
2026-09-23T16:37:18.4198620Z   ---
2026-09-23T16:37:18.4300040Z   duration_ms: 9472.995666
2026-09-23T16:37:18.4405390Z   type: 'test'
2026-09-23T16:37:18.4505450Z   ...
2026-09-23T16:37:18.7316890Z # Subtest: historical storage reads authenticate expired bytes without priming the live manifest cache
2026-09-23T16:37:18.7337390Z ok 15 - historical storage reads authenticate expired bytes without priming the live manifest cache
2026-09-23T16:37:18.7372900Z   ---
2026-09-23T16:37:18.7468800Z   duration_ms: 73.614
2026-09-23T16:37:18.7570850Z   type: 'test'
2026-09-23T16:37:18.7600740Z   ...
2026-09-23T16:37:19.6464430Z # (node:5155) ExperimentalWarning: The MockTimers API is an experimental feature and might change at any time
2026-09-23T16:37:19.6469330Z # (Use `node --trace-warnings ...` to show where the warning was created)
2026-09-23T16:37:19.6475000Z # Subtest: identity proof binds signing address, name and decryption key
2026-09-23T16:37:19.6513750Z ok 16 - identity proof binds signing address, name and decryption key
2026-09-23T16:37:19.6514540Z   ---
2026-09-23T16:37:19.6515030Z   duration_ms: 4.816458
2026-09-23T16:37:19.6515410Z   type: 'test'
2026-09-23T16:37:19.6515620Z   ...
2026-09-23T16:37:19.6516120Z # Subtest: vault encrypts private keys; recovery and wrong-password controls
2026-09-23T16:37:19.6516750Z ok 17 - vault encrypts private keys; recovery and wrong-password controls
2026-09-23T16:37:19.6517100Z   ---
2026-09-23T16:37:19.6517380Z   duration_ms: 291.216291
2026-09-23T16:37:19.6517680Z   type: 'test'
2026-09-23T16:37:19.6517880Z   ...
2026-09-23T16:37:19.6518440Z # Subtest: reader decrypts and seeds but cannot become author; unauthorized reader fails
2026-09-23T16:37:19.6519160Z ok 18 - reader decrypts and seeds but cannot become author; unauthorized reader fails
2026-09-23T16:37:19.6519570Z   ---
2026-09-23T16:37:19.6519830Z   duration_ms: 5.2395
2026-09-23T16:37:19.6520060Z   type: 'test'
2026-09-23T16:37:19.6521080Z   ...
2026-09-23T16:37:19.6521640Z # Subtest: ciphertext, manifest, expiry, depth and address negative controls
2026-09-23T16:37:19.6522280Z ok 19 - ciphertext, manifest, expiry, depth and address negative controls
2026-09-23T16:37:19.6522650Z   ---
2026-09-23T16:37:19.6522870Z   duration_ms: 21.561417
2026-09-23T16:37:19.6523150Z   type: 'test'
2026-09-23T16:37:19.6523410Z   ...
2026-09-23T16:37:19.6524030Z # Subtest: encrypted persistent seed takeover, deduplication, pin/quota, disk corruption
2026-09-23T16:37:19.6524750Z ok 20 - encrypted persistent seed takeover, deduplication, pin/quota, disk corruption
2026-09-23T16:37:19.6525120Z   ---
2026-09-23T16:37:19.6525340Z   duration_ms: 39.955541
2026-09-23T16:37:19.6525620Z   type: 'test'
2026-09-23T16:37:19.6525760Z   ...
2026-09-23T16:37:19.6526250Z # Subtest: object-count cap bounds small-object floods, survives restart and preserves pinned content
2026-09-23T16:37:19.6526960Z ok 21 - object-count cap bounds small-object floods, survives restart and preserves pinned content
2026-09-23T16:37:19.6527330Z   ---
2026-09-23T16:37:19.6527660Z   duration_ms: 110.614375
2026-09-23T16:37:19.6527900Z   type: 'test'
2026-09-23T16:37:19.6528100Z   ...
2026-09-23T16:37:19.6528730Z # Subtest: metadata listing does not replace real viewing order in LRU eviction
2026-09-23T16:37:19.6529450Z ok 22 - metadata listing does not replace real viewing order in LRU eviction
2026-09-23T16:37:19.6529800Z   ---
2026-09-23T16:37:19.6530070Z   duration_ms: 26.742167
2026-09-23T16:37:19.6530340Z   type: 'test'
2026-09-23T16:37:19.6530610Z   ...
2026-09-23T16:37:19.6531280Z # Subtest: cached manifest metadata is isolated, invalidated by disk changes, and never bypasses get verification
2026-09-23T16:37:19.6532270Z ok 23 - cached manifest metadata is isolated, invalidated by disk changes, and never bypasses get verification
2026-09-23T16:37:19.6532910Z   ---
2026-09-23T16:37:19.6533170Z   duration_ms: 16.904375
2026-09-23T16:37:19.6533410Z   type: 'test'
2026-09-23T16:37:19.6533670Z   ...
2026-09-23T16:37:19.6534430Z # Subtest: rejected quota decrease preserves existing files and policy; feasible decrease evicts only unpinned content
2026-09-23T16:37:19.6535310Z ok 24 - rejected quota decrease preserves existing files and policy; feasible decrease evicts only unpinned content
2026-09-23T16:37:19.6535850Z   ---
2026-09-23T16:37:19.6536130Z   duration_ms: 120.021417
2026-09-23T16:37:19.6536310Z   type: 'test'
2026-09-23T16:37:19.6536600Z   ...
2026-09-23T16:37:19.6537100Z # Subtest: invalid persisted index fails safely without deleting verified objects
2026-09-23T16:37:19.6537660Z ok 25 - invalid persisted index fails safely without deleting verified objects
2026-09-23T16:37:19.6537970Z   ---
2026-09-23T16:37:19.6538250Z   duration_ms: 12.3605
2026-09-23T16:37:19.6538430Z   type: 'test'
2026-09-23T16:37:19.6538900Z   ...
2026-09-23T16:37:19.6539530Z # Subtest: strict wire fields and every recipient envelope are validated before accepting signatures
2026-09-23T16:37:19.6540270Z ok 26 - strict wire fields and every recipient envelope are validated before accepting signatures
2026-09-23T16:37:19.6540770Z   ---
2026-09-23T16:37:19.6541100Z   duration_ms: 3.226708
2026-09-23T16:37:19.6541290Z   type: 'test'
2026-09-23T16:37:19.6541570Z   ...
2026-09-23T16:37:19.9316380Z # Subtest: desktop accepts only the owned daemon loopback bootstrap capability
2026-09-23T16:37:19.9418720Z ok 27 - desktop accepts only the owned daemon loopback bootstrap capability
2026-09-23T16:37:19.9542770Z   ---
2026-09-23T16:37:19.9686670Z   duration_ms: 1.265541
2026-09-23T16:37:20.0071790Z   type: 'test'
2026-09-23T16:37:20.0174040Z   ...
2026-09-23T16:37:20.0175570Z # Subtest: desktop request policy blocks other hosts, ports, schemes, subframes and WebSockets
2026-09-23T16:37:20.0277710Z ok 28 - desktop request policy blocks other hosts, ports, schemes, subframes and WebSockets
2026-09-23T16:37:20.0379740Z   ---
2026-09-23T16:37:20.0481080Z   duration_ms: 0.26375
2026-09-23T16:37:20.0582360Z   type: 'test'
2026-09-23T16:37:20.0685220Z   ...
2026-09-23T16:37:20.0789630Z # Subtest: desktop navigation stays on its exact local app and rejects insecure runtime overrides
2026-09-23T16:37:20.0901970Z ok 29 - desktop navigation stays on its exact local app and rejects insecure runtime overrides
2026-09-23T16:37:20.1004440Z   ---
2026-09-23T16:37:20.1105900Z   duration_ms: 0.995542
2026-09-23T16:37:20.1207170Z   type: 'test'
2026-09-23T16:37:20.1309330Z   ...
2026-09-23T16:37:20.1411360Z # Subtest: desktop microphone eligibility excludes cameras, remote documents and subframes
2026-09-23T16:37:20.1513090Z ok 30 - desktop microphone eligibility excludes cameras, remote documents and subframes
2026-09-23T16:37:20.1615050Z   ---
2026-09-23T16:37:20.1716360Z   duration_ms: 0.157708
2026-09-23T16:37:20.1817740Z   type: 'test'
2026-09-23T16:37:20.1919800Z   ...
2026-09-23T16:37:20.2021290Z # Subtest: desktop download defaults cannot contain paths, device names or control bytes
2026-09-23T16:37:20.2124120Z ok 31 - desktop download defaults cannot contain paths, device names or control bytes
2026-09-23T16:37:20.2160000Z   ---
2026-09-23T16:37:20.2257970Z   duration_ms: 0.477917
2026-09-23T16:37:20.2278680Z   type: 'test'
2026-09-23T16:37:20.2279600Z   ...
2026-09-23T16:37:20.9055330Z # Subtest: fixture stop is idempotent after process termination by signal
2026-09-23T16:37:20.9061280Z ok 32 - fixture stop is idempotent after process termination by signal
2026-09-23T16:37:20.9062300Z   ---
2026-09-23T16:37:20.9063490Z   duration_ms: 691.309334
2026-09-23T16:37:20.9077060Z   type: 'test'
2026-09-23T16:37:20.9077890Z   ...
2026-09-23T16:37:25.4112150Z # (node:5242) ExperimentalWarning: SQLite is an experimental feature and might change at any time
2026-09-23T16:37:25.4236580Z # (Use `node --trace-warnings ...` to show where the warning was created)
2026-09-23T16:37:25.4375240Z # Subtest: current and additions-only delayed messages preserve exact old readers without granting newcomer history
2026-09-23T16:37:25.4461510Z ok 33 - current and additions-only delayed messages preserve exact old readers without granting newcomer history
2026-09-23T16:37:25.4566800Z   ---
2026-09-23T16:37:25.4584300Z   duration_ms: 1096.846958
2026-09-23T16:37:25.4584930Z   type: 'test'
2026-09-23T16:37:25.4585350Z   ...
2026-09-23T16:37:25.4586060Z # Subtest: removal and rejoin quarantine unseen old content while retaining only exact accepted history
2026-09-23T16:37:25.4586960Z ok 34 - removal and rejoin quarantine unseen old content while retaining only exact accepted history
2026-09-23T16:37:25.4587560Z   ---
2026-09-23T16:37:25.4587900Z   duration_ms: 1205.264583
2026-09-23T16:37:25.4588360Z   type: 'test'
2026-09-23T16:37:25.4588720Z   ...
2026-09-23T16:37:25.4589460Z # Subtest: historical receipts from a removed original reader are minimal and cannot admit an unknown target
2026-09-23T16:37:25.4591420Z ok 35 - historical receipts from a removed original reader are minimal and cannot admit an unknown target
2026-09-23T16:37:25.4591920Z   ---
2026-09-23T16:37:25.4592250Z   duration_ms: 725.069458
2026-09-23T16:37:25.4592650Z   type: 'test'
2026-09-23T16:37:25.4592930Z   ...
2026-09-23T16:37:25.4593650Z # Subtest: group tags cannot hide as falsy legacy fields and cached policy cannot escape its transaction
2026-09-23T16:37:25.4594540Z ok 36 - group tags cannot hide as falsy legacy fields and cached policy cannot escape its transaction
2026-09-23T16:37:25.4595030Z   ---
2026-09-23T16:37:25.4595400Z   duration_ms: 22.729334
2026-09-23T16:37:25.4595780Z   type: 'test'
2026-09-23T16:37:25.4596100Z   ...
2026-09-23T16:37:25.4596710Z # Subtest: a closure within the same transaction invalidates earlier cached permission
2026-09-23T16:37:25.4597490Z ok 37 - a closure within the same transaction invalidates earlier cached permission
2026-09-23T16:37:25.4597950Z   ---
2026-09-23T16:37:25.4598400Z   duration_ms: 51.761125
2026-09-23T16:37:25.4598830Z   type: 'test'
2026-09-23T16:37:25.4599130Z   ...
2026-09-23T16:37:25.4600050Z # Subtest: a new edit to old content uses only the original/current reader intersection
2026-09-23T16:37:25.4600900Z ok 38 - a new edit to old content uses only the original/current reader intersection
2026-09-23T16:37:25.4601420Z   ---
2026-09-23T16:37:25.4601740Z   duration_ms: 1159.418375
2026-09-23T16:37:25.4602110Z   type: 'test'
2026-09-23T16:37:25.4602550Z   ...
2026-09-23T16:37:26.0601660Z # (node:5268) ExperimentalWarning: SQLite is an experimental feature and might change at any time
2026-09-23T16:37:26.0602540Z # (Use `node --trace-warnings ...` to show where the warning was created)
2026-09-23T16:37:26.5939420Z # Subtest: an API observation cannot display an admission whose outer transaction rolled back
2026-09-23T16:37:26.5946910Z ok 39 - an API observation cannot display an admission whose outer transaction rolled back
2026-09-23T16:37:26.5947540Z   ---
2026-09-23T16:37:26.5948130Z   duration_ms: 363.2255
2026-09-23T16:37:26.5948530Z   type: 'test'
2026-09-23T16:37:26.5948800Z   ...
2026-09-23T16:37:27.1190150Z # Subtest: a historical delete and its accepted context recover together after lost commit response and real cache removal
2026-09-23T16:37:27.1293740Z ok 40 - a historical delete and its accepted context recover together after lost commit response and real cache removal
2026-09-23T16:37:27.1393980Z   ---
2026-09-23T16:37:27.1437880Z   duration_ms: 478.542958
2026-09-23T16:37:27.1438990Z   type: 'test'
2026-09-23T16:37:27.1439410Z   ...
2026-09-23T16:37:27.4551460Z # Subtest: failure to reserve quarantine bytes aborts the hold and locks until authenticated reconciliation succeeds
2026-09-23T16:37:27.4553420Z ok 41 - failure to reserve quarantine bytes aborts the hold and locks until authenticated reconciliation succeeds
2026-09-23T16:37:27.4554300Z   ---
2026-09-23T16:37:27.4554660Z   duration_ms: 432.339041
2026-09-23T16:37:27.4554900Z   type: 'test'
2026-09-23T16:37:27.4555250Z   ...
2026-09-23T16:37:27.6726160Z # Subtest: an unavailable quarantined blob cannot block admission of another valid group object
2026-09-23T16:37:27.6727160Z ok 42 - an unavailable quarantined blob cannot block admission of another valid group object
2026-09-23T16:37:27.6727620Z   ---
2026-09-23T16:37:27.6727850Z   duration_ms: 201.014417
2026-09-23T16:37:27.6728180Z   type: 'test'
2026-09-23T16:37:27.6728370Z   ...
2026-09-23T16:37:27.7332530Z # Subtest: authenticated history with an expiry inconsistent with its signed bundle is rejected
2026-09-23T16:37:27.7333360Z ok 43 - authenticated history with an expiry inconsistent with its signed bundle is rejected
2026-09-23T16:37:27.7333920Z   ---
2026-09-23T16:37:27.7334200Z   duration_ms: 206.489292
2026-09-23T16:37:27.7334520Z   type: 'test'
2026-09-23T16:37:27.7334820Z   ...
2026-09-23T16:37:40.1314410Z # (node:5282) ExperimentalWarning: SQLite is an experimental feature and might change at any time
2026-09-23T16:37:40.1417580Z # (Use `node --trace-warnings ...` to show where the warning was created)
2026-09-23T16:37:40.1522260Z # Subtest: an unchanged group snapshot walks its authority chain once, and a later closure still invalidates new admission
2026-09-23T16:37:40.1630950Z ok 44 - an unchanged group snapshot walks its authority chain once, and a later closure still invalidates new admission
2026-09-23T16:37:40.1752100Z   ---
2026-09-23T16:37:40.1848240Z   duration_ms: 12086.092208
2026-09-23T16:37:40.1887890Z   type: 'test'
2026-09-23T16:37:40.1900470Z   ...
2026-09-23T16:37:40.1903630Z # {"retainedObjects":32,"epochs":32,"visitedHeaders":32,"elapsedMs":117.17695900000035}
2026-09-23T16:37:46.7636750Z # Subtest: real Node receivers hold epoch content until its snapshot arrives and keep only accepted history after closure
2026-09-23T16:37:46.7639000Z ok 45 - real Node receivers hold epoch content until its snapshot arrives and keep only accepted history after closure
2026-09-23T16:37:46.7639590Z   ---
2026-09-23T16:37:46.7640090Z   duration_ms: 6293.931916
2026-09-23T16:37:46.7640430Z   type: 'test'
2026-09-23T16:37:46.7640630Z   ...
2026-09-23T16:37:49.2777820Z # (node:5839) ExperimentalWarning: SQLite is an experimental feature and might change at any time
2026-09-23T16:37:49.2778850Z # (Use `node --trace-warnings ...` to show where the warning was created)
2026-09-23T16:37:49.2793910Z # Subtest: control expiry rejects replay while the signed authority checkpoint survives
2026-09-23T16:37:49.2797710Z ok 46 - control expiry rejects replay while the signed authority checkpoint survives
2026-09-23T16:37:49.2806850Z   ---
2026-09-23T16:37:49.2807310Z   duration_ms: 40.041292
2026-09-23T16:37:49.2807710Z   type: 'test'
2026-09-23T16:37:49.2808020Z   ...
2026-09-23T16:37:49.2809000Z # Subtest: a reader may seal a creator snapshot for its exact original roster without gaining authority
2026-09-23T16:37:49.2810130Z ok 47 - a reader may seal a creator snapshot for its exact original roster without gaining authority
2026-09-23T16:37:49.2810740Z   ---
2026-09-23T16:37:49.2811180Z   duration_ms: 630.788167
2026-09-23T16:37:49.2811940Z   type: 'test'
2026-09-23T16:37:49.2812360Z   ...
2026-09-23T16:37:49.2814730Z # Subtest: removed readers receive their removal boundary but cannot enumerate future membership or request future snapshots
2026-09-23T16:37:49.2816400Z ok 48 - removed readers receive their removal boundary but cannot enumerate future membership or request future snapshots
2026-09-23T16:37:49.2817100Z   ---
2026-09-23T16:37:49.2817560Z   duration_ms: 753.250416
2026-09-23T16:37:49.2818150Z   type: 'test'
2026-09-23T16:37:49.2835150Z   ...
2026-09-23T16:37:49.2838330Z # Subtest: invitation authorizes bounded public ancestry, never a private snapshot before membership
2026-09-23T16:37:49.2839280Z ok 49 - invitation authorizes bounded public ancestry, never a private snapshot before membership
2026-09-23T16:37:49.2840140Z   ---
2026-09-23T16:37:49.2840580Z   duration_ms: 56.59175
2026-09-23T16:37:49.2840980Z   type: 'test'
2026-09-23T16:37:49.2841430Z   ...
2026-09-23T16:37:49.2842360Z # Subtest: carrier schema keeps malformed proof tails for the transactional verifier while bounding inputs
2026-09-23T16:37:49.2844500Z ok 50 - carrier schema keeps malformed proof tails for the transactional verifier while bounding inputs
2026-09-23T16:37:49.2844990Z   ---
2026-09-23T16:37:49.2845290Z   duration_ms: 503.294458
2026-09-23T16:37:49.2845610Z   type: 'test'
2026-09-23T16:37:49.2845890Z   ...
2026-09-23T16:37:49.2846780Z # Subtest: fork proofs are served together and private snapshots at the fork are not re-encrypted
2026-09-23T16:37:49.2847600Z ok 51 - fork proofs are served together and private snapshots at the fork are not re-encrypted
2026-09-23T16:37:49.2848110Z   ---
2026-09-23T16:37:49.2848370Z   duration_ms: 365.008708
2026-09-23T16:37:49.2848760Z   type: 'test'
2026-09-23T16:37:49.2848980Z   ...
2026-09-23T16:37:50.6785970Z # Subtest: newcomer validates exact join consent from signed parent header without old snapshot keys
2026-09-23T16:37:50.6789050Z ok 52 - newcomer validates exact join consent from signed parent header without old snapshot keys
2026-09-23T16:37:50.6789650Z   ---
2026-09-23T16:37:50.6789980Z   duration_ms: 70.678334
2026-09-23T16:37:50.6790420Z   type: 'test'
2026-09-23T16:37:50.6790830Z   ...
2026-09-23T16:37:50.6791500Z # Subtest: permanent group anchor has real creator signature, exact schema and separate carrier identity
2026-09-23T16:37:50.6797660Z ok 53 - permanent group anchor has real creator signature, exact schema and separate carrier identity
2026-09-23T16:37:50.6798380Z   ---
2026-09-23T16:37:50.6798860Z   duration_ms: 14.601458
2026-09-23T16:37:50.6799570Z   type: 'test'
2026-09-23T16:37:50.6800050Z   ...
2026-09-23T16:37:50.6812170Z # Subtest: invitation and signed consent do not alter roster until the creator commits the exact parent
2026-09-23T16:37:50.6813400Z ok 54 - invitation and signed consent do not alter roster until the creator commits the exact parent
2026-09-23T16:37:50.6814310Z   ---
2026-09-23T16:37:50.6814790Z   duration_ms: 31.629916
2026-09-23T16:37:50.6815570Z   type: 'test'
2026-09-23T16:37:50.6815930Z   ...
2026-09-23T16:37:50.6817060Z # Subtest: newcomer reads real new ciphertext without obtaining historical keys; removed reader cannot read new content
2026-09-23T16:37:50.6818050Z ok 55 - newcomer reads real new ciphertext without obtaining historical keys; removed reader cannot read new content
2026-09-23T16:37:50.6818490Z   ---
2026-09-23T16:37:50.6818740Z   duration_ms: 54.947292
2026-09-23T16:37:50.6819020Z   type: 'test'
2026-09-23T16:37:50.6819210Z   ...
2026-09-23T16:37:50.6819730Z # Subtest: stale, substituted, missing or extra member consents cannot commit a roster
2026-09-23T16:37:50.6820470Z ok 56 - stale, substituted, missing or extra member consents cannot commit a roster
2026-09-23T16:37:50.6820820Z   ---
2026-09-23T16:37:50.6821110Z   duration_ms: 85.766917
2026-09-23T16:37:50.6821390Z   type: 'test'
2026-09-23T16:37:50.6821630Z   ...
2026-09-23T16:37:50.6822270Z # Subtest: removal and rejoin remain restrictive across the complete path even with identical final cards
2026-09-23T16:37:50.6823150Z ok 57 - removal and rejoin remain restrictive across the complete path even with identical final cards
2026-09-23T16:37:50.6823770Z   ---
2026-09-23T16:37:50.6824010Z   duration_ms: 101.155541
2026-09-23T16:37:50.6824300Z   type: 'test'
2026-09-23T16:37:50.6824530Z   ...
2026-09-23T16:37:50.6825060Z # Subtest: creator reading-card replacement preserves signing authority but requires fresh signed consent
2026-09-23T16:37:50.6825930Z ok 58 - creator reading-card replacement preserves signing authority but requires fresh signed consent
2026-09-23T16:37:50.6826420Z   ---
2026-09-23T16:37:50.6826620Z   duration_ms: 54.617334
2026-09-23T16:37:50.6826980Z   type: 'test'
2026-09-23T16:37:50.6827230Z   ...
2026-09-23T16:37:50.6827760Z # Subtest: signed schema tampering, roster duplication, invalid order and snapshot substitution fail
2026-09-23T16:37:50.6828520Z ok 59 - signed schema tampering, roster duplication, invalid order and snapshot substitution fail
2026-09-23T16:37:50.6828960Z   ---
2026-09-23T16:37:50.6829260Z   duration_ms: 31.544083
2026-09-23T16:37:50.6829630Z   type: 'test'
2026-09-23T16:37:50.6829930Z   ...
2026-09-23T16:37:50.6830400Z # Subtest: closure preserves the committed historical state and reserves the final epoch
2026-09-23T16:37:50.6831100Z ok 60 - closure preserves the committed historical state and reserves the final epoch
2026-09-23T16:37:50.6831550Z   ---
2026-09-23T16:37:50.6831770Z   duration_ms: 51.074875
2026-09-23T16:37:50.6832130Z   type: 'test'
2026-09-23T16:37:50.6832340Z   ...
2026-09-23T16:37:50.6832910Z # Subtest: a valid creator fork cannot masquerade as a contiguous successor or grant reader authority
2026-09-23T16:37:50.6833700Z ok 61 - a valid creator fork cannot masquerade as a contiguous successor or grant reader authority
2026-09-23T16:37:50.6834110Z   ---
2026-09-23T16:37:50.6834430Z   duration_ms: 38.936208
2026-09-23T16:37:50.6834770Z   type: 'test'
2026-09-23T16:37:50.6835340Z   ...
2026-09-23T16:37:50.6835880Z # Subtest: full 64-member roster is bounded; capacity and title failures do not mutate its parent
2026-09-23T16:37:50.6836830Z ok 62 - full 64-member roster is bounded; capacity and title failures do not mutate its parent
2026-09-23T16:37:50.6837260Z   ---
2026-09-23T16:37:50.6837550Z   duration_ms: 654.065833
2026-09-23T16:37:50.6837820Z   type: 'test'
2026-09-23T16:37:50.6838010Z   ...
2026-09-23T16:37:50.6838650Z # Subtest: member leave is a signed request with no direct roster effect and cannot replace creator closure
2026-09-23T16:37:50.6839640Z ok 63 - member leave is a signed request with no direct roster effect and cannot replace creator closure
2026-09-23T16:37:50.6840070Z   ---
2026-09-23T16:37:50.6840320Z   duration_ms: 36.086
2026-09-23T16:37:50.6840540Z   type: 'test'
2026-09-23T16:37:50.6840740Z   ...
2026-09-23T16:37:51.0096950Z # (node:5886) ExperimentalWarning: SQLite is an experimental feature and might change at any time
2026-09-23T16:37:51.0198960Z # (Use `node --trace-warnings ...` to show where the warning was created)
2026-09-23T16:37:55.8091100Z # Subtest: group confirmation rollback cannot transmit before successful admission
2026-09-23T16:37:55.8093150Z ok 64 - group confirmation rollback cannot transmit before successful admission
2026-09-23T16:37:55.8094230Z   ---
2026-09-23T16:37:55.8094870Z   duration_ms: 4792.67325
2026-09-23T16:37:55.8095620Z   type: 'test'
2026-09-23T16:37:55.8096230Z   ...
2026-09-23T16:38:01.1918260Z # Subtest: group confirmation lost commit response cannot transmit before successful admission
2026-09-23T16:38:01.2020890Z ok 65 - group confirmation lost commit response cannot transmit before successful admission
2026-09-23T16:38:01.2122430Z   ---
2026-09-23T16:38:01.2223040Z   duration_ms: 5323.971209
2026-09-23T16:38:01.2324420Z   type: 'test'
2026-09-23T16:38:01.2427450Z   ...
2026-09-23T16:38:08.9663740Z # Subtest: blocked readers and missing original bytes cannot mint a group read fact
2026-09-23T16:38:08.9767720Z ok 66 - blocked readers and missing original bytes cannot mint a group read fact
2026-09-23T16:38:08.9870720Z   ---
2026-09-23T16:38:08.9990760Z   duration_ms: 7832.430083
2026-09-23T16:38:09.0095870Z   type: 'test'
2026-09-23T16:38:09.0238080Z   ...
2026-09-23T16:38:14.1743950Z # Subtest: missing historical group proof pauses confirmation until verified proof is restored
2026-09-23T16:38:14.1846980Z ok 67 - missing historical group proof pauses confirmation until verified proof is restored
2026-09-23T16:38:14.1949740Z   ---
2026-09-23T16:38:14.2049450Z   duration_ms: 5214.295709
2026-09-23T16:38:14.2153150Z   type: 'test'
2026-09-23T16:38:14.2256100Z   ...
2026-09-23T16:38:19.6381550Z # Subtest: real Node group automatic delivery and historical read after closure retain original audience
2026-09-23T16:38:19.6384490Z ok 68 - real Node group automatic delivery and historical read after closure retain original audience
2026-09-23T16:38:19.6385320Z   ---
2026-09-23T16:38:19.6385740Z   duration_ms: 5231.836667
2026-09-23T16:38:19.6386350Z   type: 'test'
2026-09-23T16:38:19.6386730Z   ...
2026-09-23T16:38:21.3839060Z # Subtest: opaque Node relay rejects public, oversized and excessive-lifetime controls before storage and forwarding
2026-09-23T16:38:21.3941380Z ok 69 - opaque Node relay rejects public, oversized and excessive-lifetime controls before storage and forwarding
2026-09-23T16:38:21.4043220Z   ---
2026-09-23T16:38:21.4144380Z   duration_ms: 1507.107833
2026-09-23T16:38:21.4246630Z   type: 'test'
2026-09-23T16:38:21.4347930Z   ...
2026-09-23T16:38:24.8493220Z # (node:6784) ExperimentalWarning: SQLite is an experimental feature and might change at any time
2026-09-23T16:38:24.8504120Z # (Use `node --trace-warnings ...` to show where the warning was created)
2026-09-23T16:38:24.8521090Z # Subtest: proof no-op optimisation still checks recipient scope, snapshot bytes and local participation
2026-09-23T16:38:24.8523710Z ok 70 - proof no-op optimisation still checks recipient scope, snapshot bytes and local participation
2026-09-23T16:38:24.8528910Z   ---
2026-09-23T16:38:24.8529840Z   duration_ms: 588.572917
2026-09-23T16:38:24.8530570Z   type: 'test'
2026-09-23T16:38:24.8531260Z   ...
2026-09-23T16:38:24.8533120Z # Subtest: verified cached proof replay avoids authority reapplication but still adopts a new safety header before a bad snapshot
2026-09-23T16:38:24.8535800Z ok 71 - verified cached proof replay avoids authority reapplication but still adopts a new safety header before a bad snapshot
2026-09-23T16:38:24.8537520Z   ---
2026-09-23T16:38:24.8538140Z   duration_ms: 2511.66225
2026-09-23T16:38:24.8538830Z   type: 'test'
2026-09-23T16:38:24.8539410Z   ...
2026-09-23T16:38:24.8540340Z # {"replayed":11,"applications":0,"unlockMs":652.6047920000001}
2026-09-23T16:38:25.2294910Z # (node:6795) ExperimentalWarning: SQLite is an experimental feature and might change at any time
2026-09-23T16:38:25.2395930Z # (Use `node --trace-warnings ...` to show where the warning was created)
2026-09-23T16:38:30.1604830Z # Subtest: group event admission rollback cannot release bytes early
2026-09-23T16:38:30.1611140Z ok 72 - group event admission rollback cannot release bytes early
2026-09-23T16:38:30.1623470Z   ---
2026-09-23T16:38:30.1623950Z   duration_ms: 4929.468458
2026-09-23T16:38:30.1625420Z   type: 'test'
2026-09-23T16:38:30.1625750Z   ...
2026-09-23T16:38:34.9492070Z # Subtest: group event admission lost response cannot release bytes early
2026-09-23T16:38:34.9494580Z ok 73 - group event admission lost response cannot release bytes early
2026-09-23T16:38:34.9495880Z   ---
2026-09-23T16:38:34.9497040Z   duration_ms: 4796.25475
2026-09-23T16:38:34.9498230Z   type: 'test'
2026-09-23T16:38:34.9498750Z   ...
2026-09-23T16:38:39.8211450Z # Subtest: group event content-store failure before payload write preserves honest availability
2026-09-23T16:38:39.8326040Z ok 74 - group event content-store failure before payload write preserves honest availability
2026-09-23T16:38:39.8430990Z   ---
2026-09-23T16:38:39.8533920Z   duration_ms: 4857.658042
2026-09-23T16:38:39.8637180Z   type: 'test'
2026-09-23T16:38:39.8739620Z   ...
2026-09-23T16:38:44.5932350Z # Subtest: group event content-store failure after payload write preserves honest availability
2026-09-23T16:38:44.6035110Z ok 75 - group event content-store failure after payload write preserves honest availability
2026-09-23T16:38:44.6162490Z   ---
2026-09-23T16:38:44.6277340Z   duration_ms: 4780.598542
2026-09-23T16:38:44.6426760Z   type: 'test'
2026-09-23T16:38:44.6528220Z   ...
2026-09-23T16:38:49.0986230Z # Subtest: group event close retires retained packets and refuses later serving with a reachable control
2026-09-23T16:38:49.1012460Z ok 76 - group event close retires retained packets and refuses later serving with a reachable control
2026-09-23T16:38:49.1046930Z   ---
2026-09-23T16:38:49.1056120Z   duration_ms: 4500.534958
2026-09-23T16:38:49.1061820Z   type: 'test'
2026-09-23T16:38:49.1131580Z   ...
2026-09-23T16:38:53.3549700Z # Subtest: group event block retires retained packets and refuses later serving with a reachable control
2026-09-23T16:38:53.3551080Z ok 77 - group event block retires retained packets and refuses later serving with a reachable control
2026-09-23T16:38:53.3551760Z   ---
2026-09-23T16:38:53.3552320Z   duration_ms: 4255.631792
2026-09-23T16:38:53.3552740Z   type: 'test'
2026-09-23T16:38:53.3553150Z   ...
2026-09-23T16:38:57.6349070Z # Subtest: group event lock retires retained packets and refuses later serving with a reachable control
2026-09-23T16:38:57.6450970Z ok 78 - group event lock retires retained packets and refuses later serving with a reachable control
2026-09-23T16:38:57.6552350Z   ---
2026-09-23T16:38:57.6654620Z   duration_ms: 4270.046166
2026-09-23T16:38:57.6755160Z   type: 'test'
2026-09-23T16:38:57.6857140Z   ...
2026-09-23T16:39:02.2281800Z # Subtest: group event evicted retires retained packets and refuses later serving with a reachable control
2026-09-23T16:39:02.2357440Z ok 79 - group event evicted retires retained packets and refuses later serving with a reachable control
2026-09-23T16:39:02.2404020Z   ---
2026-09-23T16:39:02.2432980Z   duration_ms: 4597.834209
2026-09-23T16:39:02.2472920Z   type: 'test'
2026-09-23T16:39:02.2515200Z   ...
2026-09-23T16:39:07.4661000Z # Subtest: missing historical target proof pauses new event publication and seeding until exact proof returns
2026-09-23T16:39:07.4764800Z ok 80 - missing historical target proof pauses new event publication and seeding until exact proof returns
2026-09-23T16:39:07.4864510Z   ---
2026-09-23T16:39:07.4966620Z   duration_ms: 5233.628167
2026-09-23T16:39:07.5067420Z   type: 'test'
2026-09-23T16:39:07.5169610Z   ...
2026-09-23T16:39:13.1317840Z # Subtest: corrupt stored event cannot authorise a valid retained packet; exact bytes restore serving
2026-09-23T16:39:13.1420960Z ok 81 - corrupt stored event cannot authorise a valid retained packet; exact bytes restore serving
2026-09-23T16:39:13.1483760Z   ---
2026-09-23T16:39:13.1485850Z   duration_ms: 5668.712042
2026-09-23T16:39:13.1489660Z   type: 'test'
2026-09-23T16:39:13.1493450Z   ...
2026-09-23T16:39:36.1035760Z # Subtest: real Node group newcomer cannot read earlier audiences; peer serves author's edit while author is offline
2026-09-23T16:39:36.1122250Z ok 82 - real Node group newcomer cannot read earlier audiences; peer serves author's edit while author is offline
2026-09-23T16:39:36.1223880Z   ---
2026-09-23T16:39:36.1325710Z   duration_ms: 22704.671792
2026-09-23T16:39:36.1427660Z   type: 'test'
2026-09-23T16:39:36.1527720Z   ...
2026-09-23T16:39:44.7840970Z # Subtest: real Node group reactions/comments/author edits and historical deletion preserve signing ownership
2026-09-23T16:39:44.7849890Z ok 83 - real Node group reactions/comments/author edits and historical deletion preserve signing ownership
2026-09-23T16:39:44.7850720Z   ---
2026-09-23T16:39:44.7851360Z   duration_ms: 8413.3385
2026-09-23T16:39:44.7857790Z   type: 'test'
2026-09-23T16:39:44.7859280Z   ...
2026-09-23T16:39:48.7362070Z # (node:8799) ExperimentalWarning: SQLite is an experimental feature and might change at any time
2026-09-23T16:39:48.7365090Z # (Use `node --trace-warnings ...` to show where the warning was created)
2026-09-23T16:39:48.7373040Z # Subtest: an index consuming stop headroom is refused without changing existing data
2026-09-23T16:39:48.7373940Z ok 84 - an index consuming stop headroom is refused without changing existing data
2026-09-23T16:39:48.7374520Z   ---
2026-09-23T16:39:48.7374930Z   duration_ms: 947.994875
2026-09-23T16:39:48.7376780Z   type: 'test'
2026-09-23T16:39:48.7379020Z   ...
2026-09-23T16:39:48.7381340Z # Subtest: ordinary index growth stops before the protected checkpoint allocation is consumed
2026-09-23T16:39:48.7382100Z ok 85 - ordinary index growth stops before the protected checkpoint allocation is consumed
2026-09-23T16:39:48.7382540Z   ---
2026-09-23T16:39:48.7383060Z   duration_ms: 2804.0515
2026-09-23T16:39:48.7383290Z   type: 'test'
2026-09-23T16:39:48.7385040Z   ...
2026-09-23T16:39:52.8227620Z # (node:8884) ExperimentalWarning: SQLite is an experimental feature and might change at any time
2026-09-23T16:39:52.8228490Z # (Use `node --trace-warnings ...` to show where the warning was created)
2026-09-23T16:39:52.8238470Z # Subtest: stop reads share one validated snapshot but invalidate on mutation and scope exit
2026-09-23T16:39:52.8239640Z ok 86 - stop reads share one validated snapshot but invalidate on mutation and scope exit
2026-09-23T16:39:52.8240110Z   ---
2026-09-23T16:39:52.8240460Z   duration_ms: 93.508417
2026-09-23T16:39:52.8240830Z   type: 'test'
2026-09-23T16:39:52.8241100Z   ...
2026-09-23T16:39:52.8249190Z # Subtest: all256 immutable stops fit; retirement preserves retained facts and counts only removed records
2026-09-23T16:39:52.8250490Z ok 87 - all256 immutable stops fit; retirement preserves retained facts and counts only removed records
2026-09-23T16:39:52.8251020Z   ---
2026-09-23T16:39:52.8251330Z   duration_ms: 3799.246459
2026-09-23T16:39:52.8251730Z   type: 'test'
2026-09-23T16:39:52.8265470Z   ...
2026-09-23T16:39:52.8266920Z # Subtest: expired holds have counted removal and malformed counters cannot be used as valid state
2026-09-23T16:39:52.8271880Z ok 88 - expired holds have counted removal and malformed counters cannot be used as valid state
2026-09-23T16:39:52.8272450Z   ---
2026-09-23T16:39:52.8272850Z   duration_ms: 24.155125
2026-09-23T16:39:52.8273230Z   type: 'test'
2026-09-23T16:39:52.8273520Z   ...
2026-09-23T16:40:34.3384250Z # (node:8891) ExperimentalWarning: SQLite is an experimental feature and might change at any time
2026-09-23T16:40:34.3390030Z # (Use `node --trace-warnings ...` to show where the warning was created)
2026-09-23T16:40:34.3498700Z # Subtest: accepted history is authenticated and unknown old content stays separately held after removal
2026-09-23T16:40:34.3506030Z ok 89 - accepted history is authenticated and unknown old content stays separately held after removal
2026-09-23T16:40:34.3506680Z   ---
2026-09-23T16:40:34.3507070Z   duration_ms: 796.649458
2026-09-23T16:40:34.3507820Z   type: 'test'
2026-09-23T16:40:34.3508150Z   ...
2026-09-23T16:40:34.3510010Z # Subtest: group closure and immutable outbox stop commit together and callback failure rolls both back
2026-09-23T16:40:34.3511000Z ok 90 - group closure and immutable outbox stop commit together and callback failure rolls both back
2026-09-23T16:40:34.3512730Z   ---
2026-09-23T16:40:34.3513700Z   duration_ms: 151.454125
2026-09-23T16:40:34.3514630Z   type: 'test'
2026-09-23T16:40:34.3515430Z   ...
2026-09-23T16:40:34.3517280Z # Subtest: historical receipt uses only a locally persisted accepted target, never an ID supplied by its sender
2026-09-23T16:40:34.3519750Z ok 91 - historical receipt uses only a locally persisted accepted target, never an ID supplied by its sender
2026-09-23T16:40:34.3546410Z   ---
2026-09-23T16:40:34.3547000Z   duration_ms: 549.849875
2026-09-23T16:40:34.3547690Z   type: 'test'
2026-09-23T16:40:34.3549090Z   ...
2026-09-23T16:40:34.3551100Z # Subtest: missing observation clock or malformed authenticated context cannot grant historical access
2026-09-23T16:40:34.3553340Z ok 92 - missing observation clock or malformed authenticated context cannot grant historical access
2026-09-23T16:40:34.3554530Z   ---
2026-09-23T16:40:34.3555110Z   duration_ms: 47.352208
2026-09-23T16:40:34.3555920Z   type: 'test'
2026-09-23T16:40:34.3556710Z   ...
2026-09-23T16:40:34.3558440Z # Subtest: quarantine byte quota uses actual signed ciphertext sizes and refuses overflow
2026-09-23T16:40:34.3560320Z ok 93 - quarantine byte quota uses actual signed ciphertext sizes and refuses overflow
2026-09-23T16:40:34.3561350Z   ---
2026-09-23T16:40:34.3561740Z   duration_ms: 1082.409709
2026-09-23T16:40:34.3562530Z   type: 'test'
2026-09-23T16:40:34.3563640Z   ...
2026-09-23T16:40:34.3564480Z # Subtest: minimal outbox stop survives exhausted ordinary space without rewriting private content
2026-09-23T16:40:34.3566700Z ok 94 - minimal outbox stop survives exhausted ordinary space without rewriting private content
2026-09-23T16:40:34.3568340Z   ---
2026-09-23T16:40:34.3568850Z   duration_ms: 75.28225
2026-09-23T16:40:34.3569980Z   type: 'test'
2026-09-23T16:40:34.3570810Z   ...
2026-09-23T16:40:34.3572540Z # Subtest: ledger readers cannot escape the borrowed scope, even when every collection is empty
2026-09-23T16:40:34.3573730Z ok 95 - ledger readers cannot escape the borrowed scope, even when every collection is empty
2026-09-23T16:40:34.3575340Z   ---
2026-09-23T16:40:34.3575760Z   duration_ms: 5.062125
2026-09-23T16:40:34.3580050Z   type: 'test'
2026-09-23T16:40:34.3587200Z   ...
2026-09-23T16:40:34.3590210Z # Subtest: the authority reserve also accommodates every retained outbox stop
2026-09-23T16:40:34.3591020Z ok 96 - the authority reserve also accommodates every retained outbox stop
2026-09-23T16:40:34.3591510Z   ---
2026-09-23T16:40:34.3591810Z   duration_ms: 187.582667
2026-09-23T16:40:34.3592160Z   type: 'test'
2026-09-23T16:40:34.3593490Z   ...
2026-09-23T16:40:34.3597190Z # Subtest: quarantine count remains bounded and replay does not consume another slot
2026-09-23T16:40:34.3613120Z ok 97 - quarantine count remains bounded and replay does not consume another slot
2026-09-23T16:40:34.3613560Z   ---
2026-09-23T16:40:34.3613940Z   duration_ms: 1328.09875
2026-09-23T16:40:34.3614280Z   type: 'test'
2026-09-23T16:40:34.3614530Z   ...
2026-09-23T16:40:34.3615450Z # Subtest: full4096 history respects protected records and retains the exact accepted count on retirement
2026-09-23T16:40:34.3616690Z ok 98 - full4096 history respects protected records and retains the exact accepted count on retirement
2026-09-23T16:40:34.3617430Z   ---
2026-09-23T16:40:34.3617750Z   duration_ms: 37015.852875
2026-09-23T16:40:34.3618320Z   type: 'test'
2026-09-23T16:40:34.3618560Z   ...
2026-09-23T16:40:53.3662370Z # Subtest: Node invitation API retains exact delivery material, bounds pending notices and preserves closure
2026-09-23T16:40:53.3663520Z ok 99 - Node invitation API retains exact delivery material, bounds pending notices and preserves closure
2026-09-23T16:40:53.3664120Z   ---
2026-09-23T16:40:53.3664420Z   duration_ms: 18745.055166
2026-09-23T16:40:53.3664780Z   type: 'test'
2026-09-23T16:40:53.3664990Z   ...
2026-09-23T16:40:56.6970960Z # Subtest: real Node notices deliver invitation, explicit consent and leave without automatic group admission
2026-09-23T16:40:56.6972010Z ok 100 - real Node notices deliver invitation, explicit consent and leave without automatic group admission
2026-09-23T16:40:56.6972490Z   ---
2026-09-23T16:40:56.6972750Z   duration_ms: 3141.18475
2026-09-23T16:40:56.6973090Z   type: 'test'
2026-09-23T16:40:56.6973310Z   ...
2026-09-23T16:40:56.8915390Z # (node:10541) ExperimentalWarning: SQLite is an experimental feature and might change at any time
2026-09-23T16:40:56.9007110Z # (Use `node --trace-warnings ...` to show where the warning was created)
2026-09-23T16:41:02.1094910Z # Subtest: Node replays notice safety headers before sending, blocked source=false
2026-09-23T16:41:02.1096520Z ok 101 - Node replays notice safety headers before sending, blocked source=false
2026-09-23T16:41:02.1097180Z   ---
2026-09-23T16:41:02.1097600Z   duration_ms: 5219.642208
2026-09-23T16:41:02.1097880Z   type: 'test'
2026-09-23T16:41:02.1098200Z   ...
2026-09-23T16:41:07.0969270Z # Subtest: Node replays notice safety headers before sending, blocked source=true
2026-09-23T16:41:07.0971480Z ok 102 - Node replays notice safety headers before sending, blocked source=true
2026-09-23T16:41:07.0972110Z   ---
2026-09-23T16:41:07.0972410Z   duration_ms: 4986.2945
2026-09-23T16:41:07.0972710Z   type: 'test'
2026-09-23T16:41:07.0972960Z   ...
2026-09-23T16:41:07.2650890Z # (node:10812) ExperimentalWarning: SQLite is an experimental feature and might change at any time
2026-09-23T16:41:07.2752740Z # (Use `node --trace-warnings ...` to show where the warning was created)
2026-09-23T16:41:10.7631150Z # Subtest: opaque Node seeder delivers invitation and consent after each original author stops
2026-09-23T16:41:10.7731950Z ok 103 - opaque Node seeder delivers invitation and consent after each original author stops
2026-09-23T16:41:10.7837960Z   ---
2026-09-23T16:41:10.7953220Z   duration_ms: 3491.915167
2026-09-23T16:41:10.8061320Z   type: 'test'
2026-09-23T16:41:10.8123490Z   ...
2026-09-23T16:41:18.6151100Z # (node:10825) ExperimentalWarning: SQLite is an experimental feature and might change at any time
2026-09-23T16:41:18.6152050Z # (Use `node --trace-warnings ...` to show where the warning was created)
2026-09-23T16:41:18.6162270Z # Subtest: private notices bind invitation, consent and leave without conferring signing ownership or local admission
2026-09-23T16:41:18.6163580Z ok 104 - private notices bind invitation, consent and leave without conferring signing ownership or local admission
2026-09-23T16:41:18.6164250Z   ---
2026-09-23T16:41:18.6164710Z   duration_ms: 398.324542
2026-09-23T16:41:18.6165160Z   type: 'test'
2026-09-23T16:41:18.6165830Z   ...
2026-09-23T16:41:18.6166680Z # Subtest: invitation result and exact delivery card commit together and survive reopening encrypted SQLite
2026-09-23T16:41:18.6172230Z ok 105 - invitation result and exact delivery card commit together and survive reopening encrypted SQLite
2026-09-23T16:41:18.6172750Z   ---
2026-09-23T16:41:18.6172980Z   duration_ms: 81.8765
2026-09-23T16:41:18.6173280Z   type: 'test'
2026-09-23T16:41:18.6173540Z   ...
2026-09-23T16:41:18.6174120Z # Subtest: issuer quota, duplicate reads and dismissal replay memory stay bounded without changing group state
2026-09-23T16:41:18.6175000Z ok 106 - issuer quota, duplicate reads and dismissal replay memory stay bounded without changing group state
2026-09-23T16:41:18.6175550Z   ---
2026-09-23T16:41:18.6175880Z   duration_ms: 427.806916
2026-09-23T16:41:18.6176210Z   type: 'test'
2026-09-23T16:41:18.6176460Z   ...
2026-09-23T16:41:18.6177030Z # Subtest: finite notice history retires oldest entries without making a replay local consent
2026-09-23T16:41:18.6177710Z ok 107 - finite notice history retires oldest entries without making a replay local consent
2026-09-23T16:41:18.6178220Z   ---
2026-09-23T16:41:18.6178570Z   duration_ms: 6646.790584
2026-09-23T16:41:18.6178800Z   type: 'test'
2026-09-23T16:41:18.6179070Z   ...
2026-09-23T16:41:18.6187010Z # Subtest: authenticated malformed notice metadata aborts the outer transaction even if its error is caught
2026-09-23T16:41:18.6209090Z ok 108 - authenticated malformed notice metadata aborts the outer transaction even if its error is caught
2026-09-23T16:41:18.6209720Z   ---
2026-09-23T16:41:18.6210030Z   duration_ms: 33.834583
2026-09-23T16:41:18.6210380Z   type: 'test'
2026-09-23T16:41:18.6210590Z   ...
2026-09-23T16:41:18.6211160Z # Subtest: failed dismissal cannot lose an invitation when the caller swallows the write error
2026-09-23T16:41:18.6212000Z ok 109 - failed dismissal cannot lose an invitation when the caller swallows the write error
2026-09-23T16:41:18.6212410Z   ---
2026-09-23T16:41:18.6212650Z   duration_ms: 44.400833
2026-09-23T16:41:18.6212890Z   type: 'test'
2026-09-23T16:41:18.6213190Z   ...
2026-09-23T16:41:30.6390080Z # (node:11071) ExperimentalWarning: SQLite is an experimental feature and might change at any time
2026-09-23T16:41:30.6391930Z # (Use `node --trace-warnings ...` to show where the warning was created)
2026-09-23T16:41:30.6460480Z # Subtest: missing private proof pauses a valid reserved send without losing availability, then releases its obsolete hold
2026-09-23T16:41:30.6463420Z ok 110 - missing private proof pauses a valid reserved send without losing availability, then releases its obsolete hold
2026-09-23T16:41:30.6465030Z   ---
2026-09-23T16:41:30.6465990Z   duration_ms: 1233.253583
2026-09-23T16:41:30.6467410Z   type: 'test'
2026-09-23T16:41:30.6467760Z   ...
2026-09-23T16:41:30.6468550Z # Subtest: runtime closure persists the minimal stop without rewriting the private document and releases only automatic protection
2026-09-23T16:41:30.6469690Z ok 111 - runtime closure persists the minimal stop without rewriting the private document and releases only automatic protection
2026-09-23T16:41:30.6470310Z   ---
2026-09-23T16:41:30.6470810Z   duration_ms: 1180.956459
2026-09-23T16:41:30.6471220Z   type: 'test'
2026-09-23T16:41:30.6471560Z   ...
2026-09-23T16:41:30.6472090Z # Subtest: runtime group stop and closure recover together after rollback
2026-09-23T16:41:30.6472760Z ok 112 - runtime group stop and closure recover together after rollback
2026-09-23T16:41:30.6473200Z   ---
2026-09-23T16:41:30.6473560Z   duration_ms: 863.80225
2026-09-23T16:41:30.6473940Z   type: 'test'
2026-09-23T16:41:30.6474280Z   ...
2026-09-23T16:41:30.6474980Z # Subtest: runtime group stop and closure recover together after lost commit response
2026-09-23T16:41:30.6475930Z ok 113 - runtime group stop and closure recover together after lost commit response
2026-09-23T16:41:30.6476460Z   ---
2026-09-23T16:41:30.6477050Z   duration_ms: 657.546416
2026-09-23T16:41:30.6478290Z   type: 'test'
2026-09-23T16:41:30.6478700Z   ...
2026-09-23T16:41:30.6479530Z # Subtest: full normal database quota still commits a group stop while the ordinary growth control fails
2026-09-23T16:41:30.6481420Z ok 114 - full normal database quota still commits a group stop while the ordinary growth control fails
2026-09-23T16:41:30.6481960Z   ---
2026-09-23T16:41:30.6483480Z   duration_ms: 2126.326167
2026-09-23T16:41:30.6484470Z   type: 'test'
2026-09-23T16:41:30.6485020Z   ...
2026-09-23T16:41:30.6486370Z # Subtest: forged stop mirror, mismatched binding and orphan stop all fail authenticated reopening
2026-09-23T16:41:30.6487600Z     # Subtest: mirror
2026-09-23T16:41:30.6488290Z     ok 1 - mirror
2026-09-23T16:41:30.6488830Z       ---
2026-09-23T16:41:30.6489500Z       duration_ms: 772.500042
2026-09-23T16:41:30.6490230Z       type: 'test'
2026-09-23T16:41:30.6490690Z       ...
2026-09-23T16:41:30.6491590Z     # Subtest: binding
2026-09-23T16:41:30.6492290Z     ok 2 - binding
2026-09-23T16:41:30.6492830Z       ---
2026-09-23T16:41:30.6493550Z       duration_ms: 856.231833
2026-09-23T16:41:30.6494270Z       type: 'test'
2026-09-23T16:41:30.6494830Z       ...
2026-09-23T16:41:30.6495460Z     # Subtest: orphan
2026-09-23T16:41:30.6496180Z     ok 3 - orphan
2026-09-23T16:41:30.6496690Z       ---
2026-09-23T16:41:30.6498480Z       duration_ms: 726.143416
2026-09-23T16:41:30.6499440Z       type: 'test'
2026-09-23T16:41:30.6500020Z       ...
2026-09-23T16:41:30.6500580Z     1..3
2026-09-23T16:41:30.6501890Z ok 115 - forged stop mirror, mismatched binding and orphan stop all fail authenticated reopening
2026-09-23T16:41:30.6503140Z   ---
2026-09-23T16:41:30.6503680Z   duration_ms: 2355.706333
2026-09-23T16:41:30.6504330Z   type: 'test'
2026-09-23T16:41:30.6504880Z   ...
2026-09-23T16:41:30.6506280Z # Subtest: bounded stopped entries coexist with 128 new pending operations; half bindings and extra fields fail
2026-09-23T16:41:30.6509030Z ok 116 - bounded stopped entries coexist with 128 new pending operations; half bindings and extra fields fail
2026-09-23T16:41:30.6510100Z   ---
2026-09-23T16:41:30.6510630Z   duration_ms: 664.886209
2026-09-23T16:41:30.6511600Z   type: 'test'
2026-09-23T16:41:30.6512010Z   ...
2026-09-23T16:41:30.6512750Z # Subtest: a restrictive prefix with an invalid tail stops the runtime intent in its accepted transaction
2026-09-23T16:41:30.6513660Z ok 117 - a restrictive prefix with an invalid tail stops the runtime intent in its accepted transaction
2026-09-23T16:41:30.6514020Z   ---
2026-09-23T16:41:30.6514290Z   duration_ms: 707.848666
2026-09-23T16:41:30.6514610Z   type: 'test'
2026-09-23T16:41:30.6514800Z   ...
2026-09-23T16:41:30.6515330Z # Subtest: stop retirement and removal of the corresponding intent share a private commit
2026-09-23T16:41:30.6516020Z ok 118 - stop retirement and removal of the corresponding intent share a private commit
2026-09-23T16:41:30.6516410Z   ---
2026-09-23T16:41:30.6516620Z   duration_ms: 1164.91475
2026-09-23T16:41:30.6516910Z   type: 'test'
2026-09-23T16:41:30.6517100Z   ...
2026-09-23T16:41:31.8253170Z # Subtest: runtime stop cancels its existing transport queue
2026-09-23T16:41:31.8254630Z ok 119 - runtime stop cancels its existing transport queue
2026-09-23T16:41:31.8255390Z   ---
2026-09-23T16:41:31.8255910Z   duration_ms: 1302.519917
2026-09-23T16:41:31.8256280Z   type: 'test'
2026-09-23T16:41:31.8256800Z   ...
2026-09-23T16:41:33.4748030Z # Subtest: runtime negative control delivers its existing transport queue
2026-09-23T16:41:33.4749030Z ok 120 - runtime negative control delivers its existing transport queue
2026-09-23T16:41:33.4749560Z   ---
2026-09-23T16:41:33.4749900Z   duration_ms: 1255.7905
2026-09-23T16:41:33.4750310Z   type: 'test'
2026-09-23T16:41:33.4750550Z   ...
2026-09-23T16:41:35.5693220Z # Subtest: real TCP cache request checks active author authority even after delivery completed
2026-09-23T16:41:35.5694630Z ok 121 - real TCP cache request checks active author authority even after delivery completed
2026-09-23T16:41:35.5695140Z   ---
2026-09-23T16:41:35.5695910Z   duration_ms: 2160.554125
2026-09-23T16:41:35.5696890Z   type: 'test'
2026-09-23T16:41:35.5699200Z   ...
2026-09-23T16:41:37.5391700Z # Subtest: real TCP cache request checks closed author authority even after delivery completed
2026-09-23T16:41:37.5418120Z ok 122 - real TCP cache request checks closed author authority even after delivery completed
2026-09-23T16:41:37.5430850Z   ---
2026-09-23T16:41:37.5431430Z   duration_ms: 1902.35475
2026-09-23T16:41:37.5431850Z   type: 'test'
2026-09-23T16:41:37.5432210Z   ...
2026-09-23T16:41:38.1430450Z # Subtest: real TCP cache request checks locked author authority even after delivery completed
2026-09-23T16:41:38.1433710Z ok 123 - real TCP cache request checks locked author authority even after delivery completed
2026-09-23T16:41:38.1436720Z   ---
2026-09-23T16:41:38.1437200Z   duration_ms: 1689.037334
2026-09-23T16:41:38.1437580Z   type: 'test'
2026-09-23T16:41:38.1441360Z   ...
2026-09-23T16:41:39.1144450Z # (node:11556) ExperimentalWarning: SQLite is an experimental feature and might change at any time
2026-09-23T16:41:39.1146600Z # (Use `node --trace-warnings ...` to show where the warning was created)
2026-09-23T16:41:39.1165130Z # Subtest: repeated authority reads share verified checkpoint work only inside an unchanged transaction
2026-09-23T16:41:39.1248520Z ok 124 - repeated authority reads share verified checkpoint work only inside an unchanged transaction
2026-09-23T16:41:39.1251070Z   ---
2026-09-23T16:41:39.1255230Z   duration_ms: 80.956208
2026-09-23T16:41:39.1255630Z   type: 'test'
2026-09-23T16:41:39.1255910Z   ...
2026-09-23T16:41:39.1256800Z # Subtest: a write after a cached read revalidates corruption and aborts the outer transaction
2026-09-23T16:41:39.1257560Z ok 125 - a write after a cached read revalidates corruption and aborts the outer transaction
2026-09-23T16:41:39.1258020Z   ---
2026-09-23T16:41:39.1258300Z   duration_ms: 77.516792
2026-09-23T16:41:39.1258540Z   type: 'test'
2026-09-23T16:41:39.1258810Z   ...
2026-09-23T16:41:39.1259420Z # Subtest: a closure in the same authority scope invalidates an earlier active view
2026-09-23T16:41:39.1260170Z ok 126 - a closure in the same authority scope invalidates an earlier active view
2026-09-23T16:41:39.1260860Z   ---
2026-09-23T16:41:39.1261410Z   duration_ms: 130.610834
2026-09-23T16:41:39.1261800Z   type: 'test'
2026-09-23T16:41:39.1262110Z   ...
2026-09-23T16:41:39.1262590Z # Subtest: a cached checkpoint cannot hide deletion of its referenced epoch: proof
2026-09-23T16:41:39.1263300Z ok 127 - a cached checkpoint cannot hide deletion of its referenced epoch: proof
2026-09-23T16:41:39.1263750Z   ---
2026-09-23T16:41:39.1263980Z   duration_ms: 54.933833
2026-09-23T16:41:39.1264290Z   type: 'test'
2026-09-23T16:41:39.1264540Z   ...
2026-09-23T16:41:39.1265180Z # Subtest: a cached checkpoint cannot hide deletion of its referenced snapshot: proof
2026-09-23T16:41:39.1268270Z ok 128 - a cached checkpoint cannot hide deletion of its referenced snapshot: proof
2026-09-23T16:41:39.1268750Z   ---
2026-09-23T16:41:39.1269000Z   duration_ms: 50.100041
2026-09-23T16:41:39.1269280Z   type: 'test'
2026-09-23T16:41:39.1269530Z   ...
2026-09-23T16:41:39.1270010Z # Subtest: the scoped checkpoint work cache evicts old groups instead of retaining every read
2026-09-23T16:41:39.1270850Z ok 129 - the scoped checkpoint work cache evicts old groups instead of retaining every read
2026-09-23T16:41:39.1271280Z   ---
2026-09-23T16:41:39.1271490Z   duration_ms: 314.382833
2026-09-23T16:41:39.1271790Z   type: 'test'
2026-09-23T16:41:39.1272060Z   ...
2026-09-23T16:41:45.7171870Z # (node:11586) ExperimentalWarning: SQLite is an experimental feature and might change at any time
2026-09-23T16:41:45.7279390Z # (Use `node --trace-warnings ...` to show where the warning was created)
2026-09-23T16:41:45.7316540Z # Subtest: creator state is encrypted, permanent and idempotent while its operation is retained
2026-09-23T16:41:45.7318840Z ok 130 - creator state is encrypted, permanent and idempotent while its operation is retained
2026-09-23T16:41:45.7322300Z   ---
2026-09-23T16:41:45.7322920Z   duration_ms: 102.545292
2026-09-23T16:41:45.7333370Z   type: 'test'
2026-09-23T16:41:45.7334160Z   ...
2026-09-23T16:41:45.7335350Z # Subtest: explicit invitation needs complete ancestry and fresh consent before local membership
2026-09-23T16:41:45.7336230Z ok 131 - explicit invitation needs complete ancestry and fresh consent before local membership
2026-09-23T16:41:45.7336710Z   ---
2026-09-23T16:41:45.7336920Z   duration_ms: 533.884666
2026-09-23T16:41:45.7337240Z   type: 'test'
2026-09-23T16:41:45.7337510Z   ...
2026-09-23T16:41:45.7338100Z # Subtest: unknown groups, invalid signer and signed orphan hints cannot allocate, advance or freeze authority
2026-09-23T16:41:45.7339000Z ok 132 - unknown groups, invalid signer and signed orphan hints cannot allocate, advance or freeze authority
2026-09-23T16:41:45.7339530Z   ---
2026-09-23T16:41:45.7339780Z   duration_ms: 150.41775
2026-09-23T16:41:45.7340120Z   type: 'test'
2026-09-23T16:41:45.7340380Z   ...
2026-09-23T16:41:45.7340900Z # Subtest: an incumbent cannot skip an invalid intermediate membership snapshot
2026-09-23T16:41:45.7341670Z ok 133 - an incumbent cannot skip an invalid intermediate membership snapshot
2026-09-23T16:41:45.7342240Z   ---
2026-09-23T16:41:45.7342540Z   duration_ms: 212.589291
2026-09-23T16:41:45.7348390Z   type: 'test'
2026-09-23T16:41:45.7348830Z   ...
2026-09-23T16:41:45.7349370Z # Subtest: creator equivocation freezes durably; stale hints do not choose or erase a branch
2026-09-23T16:41:45.7350630Z ok 134 - creator equivocation freezes durably; stale hints do not choose or erase a branch
2026-09-23T16:41:45.7351350Z   ---
2026-09-23T16:41:45.7351610Z   duration_ms: 179.086708
2026-09-23T16:41:45.7351920Z   type: 'test'
2026-09-23T16:41:45.7352180Z   ...
2026-09-23T16:41:45.7352910Z # Subtest: local leave survives restart and old consent replay; reentry requires a new committed nonce
2026-09-23T16:41:45.7353760Z ok 135 - local leave survives restart and old consent replay; reentry requires a new committed nonce
2026-09-23T16:41:45.7354250Z   ---
2026-09-23T16:41:45.7354480Z   duration_ms: 1011.123292
2026-09-23T16:41:45.7354780Z   type: 'test'
2026-09-23T16:41:45.7355030Z   ...
2026-09-23T16:41:45.7355670Z # Subtest: a late join response cannot restore membership across a subsequent removal
2026-09-23T16:41:45.7356600Z ok 136 - a late join response cannot restore membership across a subsequent removal
2026-09-23T16:41:45.7357190Z   ---
2026-09-23T16:41:45.7357640Z   duration_ms: 451.415541
2026-09-23T16:41:45.7357980Z   type: 'test'
2026-09-23T16:41:45.7358160Z   ...
2026-09-23T16:41:45.7358690Z # Subtest: storage pressure persists a stop checkpoint instead of using an obsolete roster
2026-09-23T16:41:45.7359440Z ok 137 - storage pressure persists a stop checkpoint instead of using an obsolete roster
2026-09-23T16:41:45.7359820Z   ---
2026-09-23T16:41:45.7360110Z   duration_ms: 278.659958
2026-09-23T16:41:45.7360390Z   type: 'test'
2026-09-23T16:41:45.7360600Z   ...
2026-09-23T16:41:45.7361280Z # Subtest: closure and a stale expected parent cannot create a successor or bypass idempotency
2026-09-23T16:41:45.7362220Z ok 138 - closure and a stale expected parent cannot create a successor or bypass idempotency
2026-09-23T16:41:45.7362690Z   ---
2026-09-23T16:41:45.7363060Z   duration_ms: 294.488542
2026-09-23T16:41:45.7363350Z   type: 'test'
2026-09-23T16:41:45.7363580Z   ...
2026-09-23T16:41:45.7364280Z # Subtest: 64 remembered groups are retained; capacity is not reset by closing them
2026-09-23T16:41:45.7365020Z ok 139 - 64 remembered groups are retained; capacity is not reset by closing them
2026-09-23T16:41:45.7365560Z   ---
2026-09-23T16:41:45.7398610Z   duration_ms: 3055.072542
2026-09-23T16:41:45.7399110Z   type: 'test'
2026-09-23T16:41:45.7399520Z   ...
2026-09-23T16:41:46.2247890Z # Subtest: two real creator processes use compare-and-set and cannot commit siblings in one registry
2026-09-23T16:41:46.2250440Z ok 140 - two real creator processes use compare-and-set and cannot commit siblings in one registry
2026-09-23T16:41:46.2251840Z   ---
2026-09-23T16:41:46.2252600Z   duration_ms: 523.865667
2026-09-23T16:41:46.2254840Z   type: 'test'
2026-09-23T16:41:46.2255720Z   ...
2026-09-23T16:41:59.3729580Z # Subtest: real process crashes preserve atomic authority and the original operation after a lost response
2026-09-23T16:41:59.3740720Z ok 141 - real process crashes preserve atomic authority and the original operation after a lost response
2026-09-23T16:41:59.3741440Z   ---
2026-09-23T16:41:59.3744200Z   duration_ms: 586.563625
2026-09-23T16:41:59.3744650Z   type: 'test'
2026-09-23T16:41:59.3746810Z   ...
2026-09-23T16:41:59.3747570Z # Subtest: later snapshots wait for a missing intermediate state and activate after its verified arrival
2026-09-23T16:41:59.3748640Z ok 142 - later snapshots wait for a missing intermediate state and activate after its verified arrival
2026-09-23T16:41:59.3750720Z   ---
2026-09-23T16:41:59.3751160Z   duration_ms: 907.704625
2026-09-23T16:41:59.3751600Z   type: 'test'
2026-09-23T16:41:59.3751910Z   ...
2026-09-23T16:41:59.3752600Z # Subtest: capacity recovery adopts the exact stopped header and still needs its private state
2026-09-23T16:41:59.3753740Z ok 143 - capacity recovery adopts the exact stopped header and still needs its private state
2026-09-23T16:41:59.3758500Z   ---
2026-09-23T16:41:59.3863800Z   duration_ms: 239.4095
2026-09-23T16:41:59.3893130Z   type: 'test'
2026-09-23T16:41:59.3933500Z   ...
2026-09-23T16:41:59.4035210Z # Subtest: snapshot capacity stops survive restart; freeing space alone cannot reactivate membership
2026-09-23T16:41:59.4036870Z ok 144 - snapshot capacity stops survive restart; freeing space alone cannot reactivate membership
2026-09-23T16:41:59.4038250Z   ---
2026-09-23T16:41:59.4039030Z   duration_ms: 244.738
2026-09-23T16:41:59.4040330Z   type: 'test'
2026-09-23T16:41:59.4041240Z   ...
2026-09-23T16:41:59.4042610Z # Subtest: a real sibling proof during capacity suspension freezes permanently and is retrievable
2026-09-23T16:41:59.4044350Z ok 145 - a real sibling proof during capacity suspension freezes permanently and is retrievable
2026-09-23T16:41:59.4045920Z   ---
2026-09-23T16:41:59.4046290Z   duration_ms: 146.669209
2026-09-23T16:41:59.4063970Z   type: 'test'
2026-09-23T16:41:59.4064720Z   ...
2026-09-23T16:41:59.4066190Z # Subtest: finite operation retention follows authenticated revisions and leaves group proofs intact
2026-09-23T16:41:59.4070530Z ok 146 - finite operation retention follows authenticated revisions and leaves group proofs intact
2026-09-23T16:41:59.4072930Z   ---
2026-09-23T16:41:59.4073600Z   duration_ms: 6424.471709
2026-09-23T16:41:59.4078730Z   type: 'test'
2026-09-23T16:41:59.4079260Z   ...
2026-09-23T16:41:59.4080640Z # Subtest: authenticated but malformed authority records fail closed instead of trusting falsy fields or cursors
2026-09-23T16:41:59.4084430Z ok 147 - authenticated but malformed authority records fail closed instead of trusting falsy fields or cursors
2026-09-23T16:41:59.4085080Z   ---
2026-09-23T16:41:59.4085900Z   duration_ms: 80.513959
2026-09-23T16:41:59.4105060Z   type: 'test'
2026-09-23T16:41:59.4107280Z   ...
2026-09-23T16:41:59.4119960Z # Subtest: corrupt retained operation cannot fabricate a successful response
2026-09-23T16:41:59.4121140Z ok 148 - corrupt retained operation cannot fabricate a successful response
2026-09-23T16:41:59.4153650Z   ---
2026-09-23T16:41:59.4161430Z   duration_ms: 10.080708
2026-09-23T16:41:59.4163290Z   type: 'test'
2026-09-23T16:41:59.4163810Z   ...
2026-09-23T16:41:59.4164450Z # Subtest: local leave and creator closure remain durable under full ordinary metadata capacity
2026-09-23T16:41:59.4165340Z ok 149 - local leave and creator closure remain durable under full ordinary metadata capacity
2026-09-23T16:41:59.4165870Z   ---
2026-09-23T16:41:59.4166220Z   duration_ms: 354.676167
2026-09-23T16:41:59.4166640Z   type: 'test'
2026-09-23T16:41:59.4167000Z   ...
2026-09-23T16:41:59.4167640Z # Subtest: a malformed trailing proof cannot roll back an already verified removal in the same page
2026-09-23T16:41:59.4168570Z ok 150 - a malformed trailing proof cannot roll back an already verified removal in the same page
2026-09-23T16:41:59.4169810Z   ---
2026-09-23T16:41:59.4170210Z   duration_ms: 386.617125
2026-09-23T16:41:59.4170720Z   type: 'test'
2026-09-23T16:41:59.4171130Z   ...
2026-09-23T16:41:59.4171810Z # Subtest: the declared maximum checkpoints and stop receipts fit the reserved SQLite budget
2026-09-23T16:41:59.4176520Z ok 151 - the declared maximum checkpoints and stop receipts fit the reserved SQLite budget
2026-09-23T16:41:59.4177350Z   ---
2026-09-23T16:41:59.4177940Z   duration_ms: 174.127292
2026-09-23T16:41:59.4178490Z   type: 'test'
2026-09-23T16:41:59.4178990Z   ...
2026-09-23T16:41:59.4182100Z # Subtest: retirement rechecks every operation signature after caching a group in the same transaction
2026-09-23T16:41:59.4195640Z ok 152 - retirement rechecks every operation signature after caching a group in the same transaction
2026-09-23T16:41:59.4196310Z   ---
2026-09-23T16:41:59.4196830Z   duration_ms: 3591.808542
2026-09-23T16:41:59.4197240Z   type: 'test'
2026-09-23T16:41:59.4287260Z   ...
2026-09-23T16:41:59.8742140Z # (node:12081) ExperimentalWarning: SQLite is an experimental feature and might change at any time
2026-09-23T16:41:59.8745990Z # (Use `node --trace-warnings ...` to show where the warning was created)
2026-09-23T16:42:03.9873440Z # Subtest: authenticated Node group management persists membership and restrictive proofs
2026-09-23T16:42:03.9874690Z ok 153 - authenticated Node group management persists membership and restrictive proofs
2026-09-23T16:42:03.9875300Z   ---
2026-09-23T16:42:03.9875740Z   duration_ms: 3997.680375
2026-09-23T16:42:03.9876180Z   type: 'test'
2026-09-23T16:42:03.9876550Z   ...
2026-09-23T16:42:04.1087150Z # Subtest: group API recovers a committed command whose response was lost without creating a second group
2026-09-23T16:42:04.1089830Z ok 154 - group API recovers a committed command whose response was lost without creating a second group
2026-09-23T16:42:04.1091350Z   ---
2026-09-23T16:42:04.1092050Z   duration_ms: 238.804125
2026-09-23T16:42:04.1092680Z   type: 'test'
2026-09-23T16:42:04.1092880Z   ...
2026-09-23T16:42:05.0958620Z # (node:12145) ExperimentalWarning: SQLite is an experimental feature and might change at any time
2026-09-23T16:42:05.1012110Z # (Use `node --trace-warnings ...` to show where the warning was created)
2026-09-23T16:42:06.6456260Z # Subtest: group send intent rollback has no transport side effect
2026-09-23T16:42:06.6457200Z ok 155 - group send intent rollback has no transport side effect
2026-09-23T16:42:06.6457750Z   ---
2026-09-23T16:42:06.6458100Z   duration_ms: 1567.120166
2026-09-23T16:42:06.6458440Z   type: 'test'
2026-09-23T16:42:06.6458750Z   ...
2026-09-23T16:42:08.5067700Z # Subtest: group send intent lost response has no transport side effect
2026-09-23T16:42:08.5079360Z ok 156 - group send intent lost response has no transport side effect
2026-09-23T16:42:08.5080200Z   ---
2026-09-23T16:42:08.5080720Z   duration_ms: 1875.036625
2026-09-23T16:42:08.5081220Z   type: 'test'
2026-09-23T16:42:08.5087030Z   ...
2026-09-23T16:42:10.9920400Z # Subtest: group send recovers original stored bytes after ready rollback
2026-09-23T16:42:10.9921440Z ok 157 - group send recovers original stored bytes after ready rollback
2026-09-23T16:42:10.9922060Z   ---
2026-09-23T16:42:10.9923290Z   duration_ms: 2477.729708
2026-09-23T16:42:10.9923750Z   type: 'test'
2026-09-23T16:42:10.9924150Z   ...
2026-09-23T16:42:13.2681210Z # Subtest: group send recovers original stored bytes after lost ready response
2026-09-23T16:42:13.2682540Z ok 158 - group send recovers original stored bytes after lost ready response
2026-09-23T16:42:13.2682920Z   ---
2026-09-23T16:42:13.2683250Z   duration_ms: 2342.764667
2026-09-23T16:42:13.2683540Z   type: 'test'
2026-09-23T16:42:13.2683730Z   ...
2026-09-23T16:42:14.8350390Z # Subtest: a reported content-store failure cannot leak the new group packet or silently create another ID
2026-09-23T16:42:14.8355560Z ok 159 - a reported content-store failure cannot leak the new group packet or silently create another ID
2026-09-23T16:42:14.8527910Z   ---
2026-09-23T16:42:14.8528180Z   duration_ms: 2152.972375
2026-09-23T16:42:14.8528530Z   type: 'test'
2026-09-23T16:42:14.8528780Z   ...
2026-09-23T16:42:19.8295450Z # Subtest: actual group send APIs create durable encrypted text, attachment and reply over TCP without global contacts
2026-09-23T16:42:19.8296730Z ok 160 - actual group send APIs create durable encrypted text, attachment and reply over TCP without global contacts
2026-09-23T16:42:19.8297180Z   ---
2026-09-23T16:42:19.8297530Z   duration_ms: 4641.364583
2026-09-23T16:42:19.8297840Z   type: 'test'
2026-09-23T16:42:19.8298020Z   ...
2026-09-23T16:42:23.3701280Z # Subtest: new group sends require current head and exact snapshot audience; retained operation remains immutable
2026-09-23T16:42:23.3703180Z ok 161 - new group sends require current head and exact snapshot audience; retained operation remains immutable
2026-09-23T16:42:23.3703950Z   ---
2026-09-23T16:42:23.3704710Z   duration_ms: 3539.754708
2026-09-23T16:42:23.3705490Z   type: 'test'
2026-09-23T16:42:23.3705860Z   ...
2026-09-23T16:42:23.6748880Z # (node:12661) ExperimentalWarning: SQLite is an experimental feature and might change at any time
2026-09-23T16:42:23.6753890Z # (Use `node --trace-warnings ...` to show where the warning was created)
2026-09-23T16:42:23.6755060Z # Subtest: encrypted metadata survives close/reopen; uncommitted work and transaction handles cannot escape
2026-09-23T16:42:23.6756030Z ok 162 - encrypted metadata survives close/reopen; uncommitted work and transaction handles cannot escape
2026-09-23T16:42:23.6756580Z   ---
2026-09-23T16:42:23.6756820Z   duration_ms: 22.407
2026-09-23T16:42:23.6757130Z   type: 'test'
2026-09-23T16:42:23.6757400Z   ...
2026-09-23T16:42:23.6757980Z # Subtest: absence, truncation, wrong identity, wrong signing authority and extra SQL schema fail closed
2026-09-23T16:42:23.6759200Z ok 163 - absence, truncation, wrong identity, wrong signing authority and extra SQL schema fail closed
2026-09-23T16:42:23.6759740Z   ---
2026-09-23T16:42:23.6759960Z   duration_ms: 5.811125
2026-09-23T16:42:23.6760250Z   type: 'test'
2026-09-23T16:42:23.6760490Z   ...
2026-09-23T16:42:23.6760900Z # Subtest: unknown schema cannot hide behind a similar SQLite prefix
2026-09-23T16:42:23.6761610Z ok 164 - unknown schema cannot hide behind a similar SQLite prefix
2026-09-23T16:42:23.6761990Z   ---
2026-09-23T16:42:23.6762290Z   duration_ms: 2.816875
2026-09-23T16:42:23.6762660Z   type: 'test'
2026-09-23T16:42:23.6762880Z   ...
2026-09-23T16:42:23.6763430Z # Subtest: valid encryption with only the reading key cannot forge a locally signed fence
2026-09-23T16:42:23.6764110Z ok 165 - valid encryption with only the reading key cannot forge a locally signed fence
2026-09-23T16:42:23.6764600Z   ---
2026-09-23T16:42:23.6764860Z   duration_ms: 5.551416
2026-09-23T16:42:23.6765110Z   type: 'test'
2026-09-23T16:42:23.6765350Z   ...
2026-09-23T16:42:23.6765960Z # Subtest: checkpoint corruption, deletion, wrong SQL type and oversize are rejected before trusting state
2026-09-23T16:42:23.6767560Z ok 166 - checkpoint corruption, deletion, wrong SQL type and oversize are rejected before trusting state
2026-09-23T16:42:23.6768100Z   ---
2026-09-23T16:42:23.6768550Z   duration_ms: 17.722041
2026-09-23T16:42:23.6768830Z   type: 'test'
2026-09-23T16:42:23.6769140Z   ...
2026-09-23T16:42:23.6769860Z # Subtest: complete valid backup rollback is an explicit limitation; a pinned different registry is rejected
2026-09-23T16:42:23.6770760Z ok 167 - complete valid backup rollback is an explicit limitation; a pinned different registry is rejected
2026-09-23T16:42:23.6771280Z   ---
2026-09-23T16:42:23.6771530Z   duration_ms: 12.991583
2026-09-23T16:42:23.6771840Z   type: 'test'
2026-09-23T16:42:23.6773000Z   ...
2026-09-23T16:42:23.6774660Z # Subtest: ciphertext substitution, swallowed integrity errors and stale index replay cannot change a committed record
2026-09-23T16:42:23.6777030Z ok 168 - ciphertext substitution, swallowed integrity errors and stale index replay cannot change a committed record
2026-09-23T16:42:23.6786210Z   ---
2026-09-23T16:42:23.6786770Z   duration_ms: 18.568083
2026-09-23T16:42:23.6787510Z   type: 'test'
2026-09-23T16:42:23.6788140Z   ...
2026-09-23T16:42:23.6789330Z # Subtest: a replacement callback error cannot erase an observed integrity failure
2026-09-23T16:42:23.6791150Z ok 169 - a replacement callback error cannot erase an observed integrity failure
2026-09-23T16:42:23.6792260Z   ---
2026-09-23T16:42:23.6792800Z   duration_ms: 7.465042
2026-09-23T16:42:23.6793600Z   type: 'test'
2026-09-23T16:42:23.6794220Z   ...
2026-09-23T16:42:23.6795440Z # Subtest: record AAD binds logical key and revision even beneath a freshly signed index
2026-09-23T16:42:23.6797360Z ok 170 - record AAD binds logical key and revision even beneath a freshly signed index
2026-09-23T16:42:23.6798410Z   ---
2026-09-23T16:42:23.6799040Z   duration_ms: 15.879458
2026-09-23T16:42:23.6799750Z   type: 'test'
2026-09-23T16:42:23.6800330Z   ...
2026-09-23T16:42:23.6801620Z # Subtest: ordinary metadata cannot consume the checkpoint reserve; capacity failure is atomic
2026-09-23T16:42:23.6804770Z ok 171 - ordinary metadata cannot consume the checkpoint reserve; capacity failure is atomic
2026-09-23T16:42:23.6806270Z   ---
2026-09-23T16:42:23.6806800Z   duration_ms: 18.899792
2026-09-23T16:42:23.6807490Z   type: 'test'
2026-09-23T16:42:23.6808380Z   ...
2026-09-23T16:42:23.8262540Z # Subtest: abrupt writer process death rolls back staged SQL and preserves the last authenticated checkpoint
2026-09-23T16:42:23.8263850Z ok 172 - abrupt writer process death rolls back staged SQL and preserves the last authenticated checkpoint
2026-09-23T16:42:23.8264450Z   ---
2026-09-23T16:42:23.8264900Z   duration_ms: 144.676625
2026-09-23T16:42:23.8265290Z   type: 'test'
2026-09-23T16:42:23.8265650Z   ...
2026-09-23T16:42:24.0630450Z # Subtest: two actual writer processes serialize read-modify-write without losing updates
2026-09-23T16:42:24.0631600Z ok 173 - two actual writer processes serialize read-modify-write without losing updates
2026-09-23T16:42:24.0711010Z   ---
2026-09-23T16:42:24.0712220Z   duration_ms: 263.070958
2026-09-23T16:42:24.0713280Z   type: 'test'
2026-09-23T16:42:24.0713870Z   ...
2026-09-23T16:42:26.6394730Z # (node:12671) ExperimentalWarning: SQLite is an experimental feature and might change at any time
2026-09-23T16:42:26.6395800Z # (Use `node --trace-warnings ...` to show where the warning was created)
2026-09-23T16:42:26.6408790Z # Subtest: control store failures still consume the bounded publication budget
2026-09-23T16:42:26.6409760Z ok 174 - control store failures still consume the bounded publication budget
2026-09-23T16:42:26.6410220Z   ---
2026-09-23T16:42:26.6410580Z   duration_ms: 561.967958
2026-09-23T16:42:26.6410940Z   type: 'test'
2026-09-23T16:42:26.6411180Z   ...
2026-09-23T16:42:26.6413890Z # Subtest: control transport failures still consume the bounded publication budget
2026-09-23T16:42:26.6415850Z ok 175 - control transport failures still consume the bounded publication budget
2026-09-23T16:42:26.6416550Z   ---
2026-09-23T16:42:26.6420840Z   duration_ms: 542.682583
2026-09-23T16:42:26.6422160Z   type: 'test'
2026-09-23T16:42:26.6422580Z   ...
2026-09-23T16:42:26.6423450Z # Subtest: network responses obey the producer cache quota without evicting pinned controls
2026-09-23T16:42:26.6424790Z ok 176 - network responses obey the producer cache quota without evicting pinned controls
2026-09-23T16:42:26.6425980Z   ---
2026-09-23T16:42:26.6426470Z   duration_ms: 1333.53275
2026-09-23T16:42:26.6427010Z   type: 'test'
2026-09-23T16:42:26.6427560Z   ...
2026-09-23T16:42:29.3431370Z # Subtest: real wire delivers newest snapshot before missing predecessors and projects the verified newest title
2026-09-23T16:42:29.3433610Z ok 177 - real wire delivers newest snapshot before missing predecessors and projects the verified newest title
2026-09-23T16:42:29.3434820Z   ---
2026-09-23T16:42:29.3435520Z   duration_ms: 2512.924666
2026-09-23T16:42:29.3437020Z   type: 'test'
2026-09-23T16:42:29.3437560Z   ...
2026-09-23T16:42:32.7056190Z # Subtest: available encrypted controls replay before a locked member can retry or sign after removal
2026-09-23T16:42:32.7058670Z ok 178 - available encrypted controls replay before a locked member can retry or sign after removal
2026-09-23T16:42:32.7059850Z   ---
2026-09-23T16:42:32.7064290Z   duration_ms: 3165.147833
2026-09-23T16:42:32.7064850Z   type: 'test'
2026-09-23T16:42:32.7065530Z   ...
2026-09-23T16:42:45.8849390Z # Subtest: Node control requests recover lost responses and revalidate authority on identical retries
2026-09-23T16:42:45.8851640Z ok 179 - Node control requests recover lost responses and revalidate authority on identical retries
2026-09-23T16:42:45.8852730Z   ---
2026-09-23T16:42:45.8853340Z   duration_ms: 12991.080958
2026-09-23T16:42:45.8854190Z   type: 'test'
2026-09-23T16:42:45.8854670Z   ...
2026-09-23T16:42:53.2333900Z # Subtest: real Node control proofs heal a partition from another member after creator stops
2026-09-23T16:42:53.2336420Z ok 180 - real Node control proofs heal a partition from another member after creator stops
2026-09-23T16:42:53.2337450Z   ---
2026-09-23T16:42:53.2346610Z   duration_ms: 7140.09975
2026-09-23T16:42:53.2347680Z   type: 'test'
2026-09-23T16:42:53.2348000Z   ...
2026-09-23T16:43:05.1394360Z # Subtest: Node control proofs traverse TCP and serial PTYs, with partition, relay-off and offline opaque seeder controls
2026-09-23T16:43:05.1404520Z ok 181 - Node control proofs traverse TCP and serial PTYs, with partition, relay-off and offline opaque seeder controls
2026-09-23T16:43:05.1406020Z   ---
2026-09-23T16:43:05.1409120Z   duration_ms: 11725.584458
2026-09-23T16:43:05.1418190Z   type: 'test'
2026-09-23T16:43:05.1421410Z   ...
2026-09-23T16:43:07.2996040Z # Subtest: real Node peers synchronise epoch snapshots and closure without HTTP proof transfer after setup
2026-09-23T16:43:07.2997170Z ok 182 - real Node peers synchronise epoch snapshots and closure without HTTP proof transfer after setup
2026-09-23T16:43:07.2997720Z   ---
2026-09-23T16:43:07.2998020Z   duration_ms: 1964.956667
2026-09-23T16:43:07.2998380Z   type: 'test'
2026-09-23T16:43:07.2998690Z   ...
2026-09-23T16:43:15.0196570Z # Subtest: remembered invitation fetches paginated public ancestry automatically but no pre-join private snapshot
2026-09-23T16:43:15.0198950Z ok 183 - remembered invitation fetches paginated public ancestry automatically but no pre-join private snapshot
2026-09-23T16:43:15.0199530Z   ---
2026-09-23T16:43:15.0199870Z   duration_ms: 7718.884917
2026-09-23T16:43:15.0200230Z   type: 'test'
2026-09-23T16:43:15.0200460Z   ...
2026-09-23T16:43:15.3311180Z # (node:13778) ExperimentalWarning: SQLite is an experimental feature and might change at any time
2026-09-23T16:43:15.3312280Z # (Use `node --trace-warnings ...` to show where the warning was created)
2026-09-23T16:43:15.3323630Z # Subtest: group and private document share one commit; callback rollback and expired scopes cannot leak writes
2026-09-23T16:43:15.3325260Z ok 184 - group and private document share one commit; callback rollback and expired scopes cannot leak writes
2026-09-23T16:43:15.3326020Z   ---
2026-09-23T16:43:15.3326320Z   duration_ms: 49.200125
2026-09-23T16:43:15.3327220Z   type: 'test'
2026-09-23T16:43:15.3331090Z   ...
2026-09-23T16:43:15.3331810Z # Subtest: swallowing a scoped operation failure cannot commit earlier group or private writes
2026-09-23T16:43:15.3332730Z ok 185 - swallowing a scoped operation failure cannot commit earlier group or private writes
2026-09-23T16:43:15.3333280Z   ---
2026-09-23T16:43:15.3333610Z   duration_ms: 20.471125
2026-09-23T16:43:15.3333960Z   type: 'test'
2026-09-23T16:43:15.3334580Z   ...
2026-09-23T16:43:15.3335400Z # Subtest: a verified closure and private decision commit despite a rejected proof tail
2026-09-23T16:43:15.3336270Z ok 186 - a verified closure and private decision commit despite a rejected proof tail
2026-09-23T16:43:15.3336760Z   ---
2026-09-23T16:43:15.3337110Z   duration_ms: 43.855083
2026-09-23T16:43:15.3346140Z   type: 'test'
2026-09-23T16:43:15.3346430Z   ...
2026-09-23T16:43:15.3347030Z # Subtest: even swallowing the entire authority scope error cannot commit the outer transaction
2026-09-23T16:43:15.3347880Z ok 187 - even swallowing the entire authority scope error cannot commit the outer transaction
2026-09-23T16:43:15.3348320Z   ---
2026-09-23T16:43:15.3348540Z   duration_ms: 14.308
2026-09-23T16:43:15.3348890Z   type: 'test'
2026-09-23T16:43:15.3349180Z   ...
2026-09-23T16:43:15.3349820Z # Subtest: minimal authority fence commits at full ordinary quota without growing the private document
2026-09-23T16:43:15.3350720Z ok 188 - minimal authority fence commits at full ordinary quota without growing the private document
2026-09-23T16:43:15.3351220Z   ---
2026-09-23T16:43:15.3351470Z   duration_ms: 60.414708
2026-09-23T16:43:15.3351740Z   type: 'test'
2026-09-23T16:43:15.3351950Z   ...
2026-09-23T16:43:25.0702180Z # Subtest: three processes TCP → serial PTY, partition/heal, relay control and publisher-offline seeder takeover
2026-09-23T16:43:25.0704790Z ok 189 - three processes TCP → serial PTY, partition/heal, relay control and publisher-offline seeder takeover
2026-09-23T16:43:25.0714000Z   ---
2026-09-23T16:43:25.0714400Z   duration_ms: 9593.973417
2026-09-23T16:43:25.0715670Z   type: 'test'
2026-09-23T16:43:25.0720070Z   ...
2026-09-23T16:43:32.3856960Z # Subtest: a delayed fixture client submits a non-idempotent operation once after the server closes idle HTTP sockets
2026-09-23T16:43:32.3869530Z ok 190 - a delayed fixture client submits a non-idempotent operation once after the server closes idle HTTP sockets
2026-09-23T16:43:32.3871770Z   ---
2026-09-23T16:43:32.3872360Z   duration_ms: 7057.445958
2026-09-23T16:43:32.3872930Z   type: 'test'
2026-09-23T16:43:32.3873430Z   ...
2026-09-23T16:43:33.6836860Z # Subtest: language variants resolve to supported choices and invalid selection preserves the current language
2026-09-23T16:43:33.6943030Z ok 191 - language variants resolve to supported choices and invalid selection preserves the current language
2026-09-23T16:43:33.6945350Z   ---
2026-09-23T16:43:33.6945700Z   duration_ms: 0.718625
2026-09-23T16:43:33.6946150Z   type: 'test'
2026-09-23T16:43:33.6946730Z   ...
2026-09-23T16:43:33.6947330Z # Subtest: context and interpolation preserve raw names without recursively translating parameters
2026-09-23T16:43:33.6949090Z ok 192 - context and interpolation preserve raw names without recursively translating parameters
2026-09-23T16:43:33.6966070Z   ---
2026-09-23T16:43:33.6966940Z   duration_ms: 0.185
2026-09-23T16:43:33.6967840Z   type: 'test'
2026-09-23T16:43:33.6968680Z   ...
2026-09-23T16:43:33.6983780Z # Subtest: every catalog entry is unique, nonempty and retains all named parameters in both languages
2026-09-23T16:43:33.6985250Z ok 193 - every catalog entry is unique, nonempty and retains all named parameters in both languages
2026-09-23T16:43:33.6985890Z   ---
2026-09-23T16:43:33.6986420Z   duration_ms: 8.552666
2026-09-23T16:43:33.6986800Z   type: 'test'
2026-09-23T16:43:33.6987070Z   ...
2026-09-23T16:43:33.6988660Z # Subtest: literal UI lookups and state-label maps all have catalog entries
2026-09-23T16:43:33.6989480Z ok 194 - literal UI lookups and state-label maps all have catalog entries
2026-09-23T16:43:33.6989920Z   ---
2026-09-23T16:43:33.6990240Z   duration_ms: 239.142209
2026-09-23T16:43:33.6990550Z   type: 'test'
2026-09-23T16:43:33.6990860Z   ...
2026-09-23T16:43:35.5421550Z # Subtest: real processes: private conversation, receipt, unauthorized edit, social and restart recovery
2026-09-23T16:43:35.5441350Z ok 195 - real processes: private conversation, receipt, unauthorized edit, social and restart recovery
2026-09-23T16:43:35.5447790Z   ---
2026-09-23T16:43:35.5449180Z   duration_ms: 1630.451334
2026-09-23T16:43:35.5449610Z   type: 'test'
2026-09-23T16:43:35.5450030Z   ...
2026-09-23T16:43:36.2229000Z # Subtest: offline control rejects a live origin and proves socket refusal after normal and signal termination
2026-09-23T16:43:36.2242700Z ok 196 - offline control rejects a live origin and proves socket refusal after normal and signal termination
2026-09-23T16:43:36.2243940Z   ---
2026-09-23T16:43:36.2244620Z   duration_ms: 499.75125
2026-09-23T16:43:36.2245200Z   type: 'test'
2026-09-23T16:43:36.2245950Z   ...
2026-09-23T16:43:45.6353820Z # (node:14316) ExperimentalWarning: SQLite is an experimental feature and might change at any time
2026-09-23T16:43:45.6416200Z # (Use `node --trace-warnings ...` to show where the warning was created)
2026-09-23T16:43:45.6417250Z # (node:14316) ExperimentalWarning: The MockTimers API is an experimental feature and might change at any time
2026-09-23T16:43:45.6418440Z # Subtest: offline send is encrypted, pinned, idempotent and recovers the same operation after restart
2026-09-23T16:43:45.6419340Z ok 197 - offline send is encrypted, pinned, idempotent and recovers the same operation after restart
2026-09-23T16:43:45.6419890Z   ---
2026-09-23T16:43:45.6420250Z   duration_ms: 196.790333
2026-09-23T16:43:45.6420920Z   type: 'test'
2026-09-23T16:43:45.6421310Z   ...
2026-09-23T16:43:45.6497120Z # Subtest: preparing journal reconciles surviving exact bytes and never regenerates missing content
2026-09-23T16:43:45.6499910Z ok 198 - preparing journal reconciles surviving exact bytes and never regenerates missing content
2026-09-23T16:43:45.6500440Z   ---
2026-09-23T16:43:45.6502200Z   duration_ms: 103.540208
2026-09-23T16:43:45.6503310Z   type: 'test'
2026-09-23T16:43:45.6503970Z   ...
2026-09-23T16:43:45.6505320Z # Subtest: transport rejection after local acceptance stays pending and cannot crash periodic sync
2026-09-23T16:43:45.6507380Z ok 199 - transport rejection after local acceptance stays pending and cannot crash periodic sync
2026-09-23T16:43:45.6509450Z   ---
2026-09-23T16:43:45.6510020Z   duration_ms: 133.283833
2026-09-23T16:43:45.6510780Z   type: 'test'
2026-09-23T16:43:45.6511390Z   ...
2026-09-23T16:43:45.6513560Z # Subtest: per-reader signed delivery/read confirmations survive paging, replay, eviction and restart
2026-09-23T16:43:45.6515830Z ok 200 - per-reader signed delivery/read confirmations survive paging, replay, eviction and restart
2026-09-23T16:43:45.6517040Z   ---
2026-09-23T16:43:45.6517620Z   duration_ms: 1151.065125
2026-09-23T16:43:45.6521430Z   type: 'test'
2026-09-23T16:43:45.6526970Z   ...
2026-09-23T16:43:45.6528810Z # Subtest: public, foreign-author and wrong-reader confirmations cannot advance a durable send
2026-09-23T16:43:45.6530810Z ok 201 - public, foreign-author and wrong-reader confirmations cannot advance a durable send
2026-09-23T16:43:45.6532510Z   ---
2026-09-23T16:43:45.6533210Z   duration_ms: 186.121291
2026-09-23T16:43:45.6534080Z   type: 'test'
2026-09-23T16:43:45.6534600Z   ...
2026-09-23T16:43:45.6535920Z # Subtest: expiry remains visible after payload removal and explicit user pin is preserved
2026-09-23T16:43:45.6537720Z ok 202 - expiry remains visible after payload removal and explicit user pin is preserved
2026-09-23T16:43:45.6538710Z   ---
2026-09-23T16:43:45.6539420Z   duration_ms: 231.291833
2026-09-23T16:43:45.6540140Z   type: 'test'
2026-09-23T16:43:45.6540640Z   ...
2026-09-23T16:43:45.6541960Z # Subtest: corrupted reserved bytes become unavailable without a new signed publication
2026-09-23T16:43:45.6543900Z ok 203 - corrupted reserved bytes become unavailable without a new signed publication
2026-09-23T16:43:45.6544330Z   ---
2026-09-23T16:43:45.6544610Z   duration_ms: 141.626416
2026-09-23T16:43:45.6545170Z   type: 'test'
2026-09-23T16:43:45.6545410Z   ...
2026-09-23T16:43:45.6546040Z # Subtest: blocked incomplete sends retain bounded reservation; blocked group readers do not break viewing
2026-09-23T16:43:45.6547460Z ok 204 - blocked incomplete sends retain bounded reservation; blocked group readers do not break viewing
2026-09-23T16:43:45.6614920Z   ---
2026-09-23T16:43:45.6615490Z   duration_ms: 411.468625
2026-09-23T16:43:45.6615750Z   type: 'test'
2026-09-23T16:43:45.6615980Z   ...
2026-09-23T16:43:45.6616680Z # Subtest: pending count/byte reservations and restored metadata ownership are bounded
2026-09-23T16:43:45.6647940Z ok 205 - pending count/byte reservations and restored metadata ownership are bounded
2026-09-23T16:43:45.6648440Z   ---
2026-09-23T16:43:45.6648730Z   duration_ms: 175.02725
2026-09-23T16:43:45.6648960Z   type: 'test'
2026-09-23T16:43:45.6649220Z   ...
2026-09-23T16:43:45.6649860Z # Subtest: a content-file directory flush error preserves the recorded operation instead of signing a replacement
2026-09-23T16:43:45.6650700Z ok 206 - a content-file directory flush error preserves the recorded operation instead of signing a replacement
2026-09-23T16:43:45.6651220Z   ---
2026-09-23T16:43:45.6651500Z   duration_ms: 121.013667
2026-09-23T16:43:45.6651760Z   type: 'test'
2026-09-23T16:43:45.6652040Z   ...
2026-09-23T16:43:45.6652540Z # Subtest: incoming read confirmation is journalled before its admission evicts the original
2026-09-23T16:43:45.6653300Z ok 207 - incoming read confirmation is journalled before its admission evicts the original
2026-09-23T16:43:45.6653790Z   ---
2026-09-23T16:43:45.6654050Z   duration_ms: 183.430667
2026-09-23T16:43:45.6654430Z   type: 'test'
2026-09-23T16:43:45.6654660Z   ...
2026-09-23T16:43:45.6655960Z # Subtest: read confirmation uses the signed roster when contact learning fails and can be reissued after eviction
2026-09-23T16:43:45.6656980Z ok 208 - read confirmation uses the signed roster when contact learning fails and can be reissued after eviction
2026-09-23T16:43:45.6657480Z   ---
2026-09-23T16:43:45.6657720Z   duration_ms: 171.681875
2026-09-23T16:43:45.6658000Z   type: 'test'
2026-09-23T16:43:45.6659910Z   ...
2026-09-23T16:43:45.6660490Z # Subtest: saved peer connection remains idempotent at capacity without opening another connection
2026-09-23T16:43:45.6661340Z ok 209 - saved peer connection remains idempotent at capacity without opening another connection
2026-09-23T16:43:45.6661840Z   ---
2026-09-23T16:43:45.6662070Z   duration_ms: 139.622792
2026-09-23T16:43:45.6662420Z   type: 'test'
2026-09-23T16:43:45.6662760Z   ...
2026-09-23T16:43:45.6663420Z # Subtest: snapshot crossing expiry during journal persistence keeps state and reservation consistent
2026-09-23T16:43:45.6664280Z ok 210 - snapshot crossing expiry during journal persistence keeps state and reservation consistent
2026-09-23T16:43:45.6664730Z   ---
2026-09-23T16:43:45.6665040Z   duration_ms: 1788.703167
2026-09-23T16:43:45.6665320Z   type: 'test'
2026-09-23T16:43:45.6665570Z   ...
2026-09-23T16:43:45.6666180Z # Subtest: snapshot crossing expiry during journal persistence keeps send and reservation consistent
2026-09-23T16:43:45.6666930Z ok 211 - snapshot crossing expiry during journal persistence keeps send and reservation consistent
2026-09-23T16:43:45.6667400Z   ---
2026-09-23T16:43:45.6667620Z   duration_ms: 1795.470667
2026-09-23T16:43:45.6667850Z   type: 'test'
2026-09-23T16:43:45.6668110Z   ...
2026-09-23T16:43:45.6668680Z # Subtest: snapshot crossing expiry during journal persistence keeps retry and reservation consistent
2026-09-23T16:43:45.6669470Z ok 212 - snapshot crossing expiry during journal persistence keeps retry and reservation consistent
2026-09-23T16:43:45.6671860Z   ---
2026-09-23T16:43:45.6672170Z   duration_ms: 1868.572167
2026-09-23T16:43:45.6672420Z   type: 'test'
2026-09-23T16:43:45.6672670Z   ...
2026-09-23T16:43:45.6673200Z # Subtest: an uncertain SQL completion at write 1 recovers the same outbox operation
2026-09-23T16:43:45.6673940Z ok 213 - an uncertain SQL completion at write 1 recovers the same outbox operation
2026-09-23T16:43:45.6674390Z   ---
2026-09-23T16:43:45.6674680Z   duration_ms: 163.570375
2026-09-23T16:43:45.6674990Z   type: 'test'
2026-09-23T16:43:45.6675230Z   ...
2026-09-23T16:43:45.6675810Z # Subtest: an uncertain SQL completion at write 2 recovers the same outbox operation
2026-09-23T16:43:45.6676530Z ok 214 - an uncertain SQL completion at write 2 recovers the same outbox operation
2026-09-23T16:43:45.6676940Z   ---
2026-09-23T16:43:45.6677240Z   duration_ms: 148.450542
2026-09-23T16:43:45.6678360Z   type: 'test'
2026-09-23T16:43:45.6678660Z   ...
2026-09-23T16:43:45.6680070Z # Subtest: outbox preview preserves full astral characters within its UTF-16 budget
2026-09-23T16:43:45.6680740Z ok 215 - outbox preview preserves full astral characters within its UTF-16 budget
2026-09-23T16:43:45.6681200Z   ---
2026-09-23T16:43:45.6681410Z   duration_ms: 0.31425
2026-09-23T16:43:45.6681830Z   type: 'test'
2026-09-23T16:43:45.6682130Z   ...
2026-09-23T16:43:46.0960920Z # (node:14571) ExperimentalWarning: SQLite is an experimental feature and might change at any time
2026-09-23T16:43:46.0962130Z # (Use `node --trace-warnings ...` to show where the warning was created)
2026-09-23T16:43:46.0968520Z # Subtest: legacy semantic failures are rejected before creating a signed migration intent
2026-09-23T16:43:46.0975750Z ok 216 - legacy semantic failures are rejected before creating a signed migration intent
2026-09-23T16:43:46.0976900Z   ---
2026-09-23T16:43:46.0977320Z   duration_ms: 43.084958
2026-09-23T16:43:46.0977650Z   type: 'test'
2026-09-23T16:43:46.0977960Z   ...
2026-09-23T16:43:46.4135770Z # (node:14574) ExperimentalWarning: SQLite is an experimental feature and might change at any time
2026-09-23T16:43:46.4138730Z # (Use `node --trace-warnings ...` to show where the warning was created)
2026-09-23T16:43:46.4156490Z # Subtest: signed initialization binds owner, random store ID and legacy ciphertext across phases
2026-09-23T16:43:46.4157600Z ok 217 - signed initialization binds owner, random store ID and legacy ciphertext across phases
2026-09-23T16:43:46.4158160Z   ---
2026-09-23T16:43:46.4158460Z   duration_ms: 15.504458
2026-09-23T16:43:46.4158850Z   type: 'test'
2026-09-23T16:43:46.4159140Z   ...
2026-09-23T16:43:46.4161450Z # Subtest: a signed intent can pin the exact new store before creation without allowing resets
2026-09-23T16:43:46.4166880Z ok 218 - a signed intent can pin the exact new store before creation without allowing resets
2026-09-23T16:43:46.4167480Z   ---
2026-09-23T16:43:46.4169000Z   duration_ms: 15.17025
2026-09-23T16:43:46.4169290Z   type: 'test'
2026-09-23T16:43:46.4169540Z   ...
2026-09-23T16:43:47.0133870Z # (node:14576) ExperimentalWarning: SQLite is an experimental feature and might change at any time
2026-09-23T16:43:47.0136180Z # (Use `node --trace-warnings ...` to show where the warning was created)
2026-09-23T16:43:47.0146210Z # Subtest: staged import binds the actual legacy ciphertext and committed reopen never falls back
2026-09-23T16:43:47.0164180Z ok 219 - staged import binds the actual legacy ciphertext and committed reopen never falls back
2026-09-23T16:43:47.0165070Z   ---
2026-09-23T16:43:47.0165430Z   duration_ms: 62.788875
2026-09-23T16:43:47.0165850Z   type: 'test'
2026-09-23T16:43:47.0166190Z   ...
2026-09-23T16:43:47.0166880Z # Subtest: existing unbound, missing initialized and wrong-store databases fail without reset
2026-09-23T16:43:47.0171680Z ok 220 - existing unbound, missing initialized and wrong-store databases fail without reset
2026-09-23T16:43:47.0172530Z   ---
2026-09-23T16:43:47.0174310Z   duration_ms: 89.277167
2026-09-23T16:43:47.0174890Z   type: 'test'
2026-09-23T16:43:47.0175270Z   ...
2026-09-23T16:43:47.0175840Z # Subtest: changed legacy source cannot complete a signed preparation
2026-09-23T16:43:47.0192980Z ok 221 - changed legacy source cannot complete a signed preparation
2026-09-23T16:43:47.0193370Z   ---
2026-09-23T16:43:47.0193740Z   duration_ms: 28.419083
2026-09-23T16:43:47.0194120Z   type: 'test'
2026-09-23T16:43:47.0194450Z   ...
2026-09-23T16:43:47.0195060Z # Subtest: transaction wrapper cannot erase initialization or the current private document
2026-09-23T16:43:47.0200240Z ok 222 - transaction wrapper cannot erase initialization or the current private document
2026-09-23T16:43:47.0201730Z   ---
2026-09-23T16:43:47.0202230Z   duration_ms: 34.714541
2026-09-23T16:43:47.0202550Z   type: 'test'
2026-09-23T16:43:47.0203210Z   ...
2026-09-23T16:43:47.2494340Z # Subtest: real process death after prepared initialization boundary preserves resumable private bytes
2026-09-23T16:43:47.2498660Z ok 223 - real process death after prepared initialization boundary preserves resumable private bytes
2026-09-23T16:43:47.2499930Z   ---
2026-09-23T16:43:47.2500640Z   duration_ms: 261.248959
2026-09-23T16:43:47.2501300Z   type: 'test'
2026-09-23T16:43:47.2501860Z   ...
2026-09-23T16:43:47.4438240Z # Subtest: real process death after imported initialization boundary preserves resumable private bytes
2026-09-23T16:43:47.4439200Z ok 224 - real process death after imported initialization boundary preserves resumable private bytes
2026-09-23T16:43:47.4439740Z   ---
2026-09-23T16:43:47.4440080Z   duration_ms: 195.156417
2026-09-23T16:43:47.4440310Z   type: 'test'
2026-09-23T16:43:47.4440550Z   ...
2026-09-23T16:43:47.7012390Z # Subtest: real process death after committed initialization boundary preserves resumable private bytes
2026-09-23T16:43:47.7015790Z ok 225 - real process death after committed initialization boundary preserves resumable private bytes
2026-09-23T16:43:47.7017130Z   ---
2026-09-23T16:43:47.7017760Z   duration_ms: 230.63625
2026-09-23T16:43:47.7018340Z   type: 'test'
2026-09-23T16:43:47.7018940Z   ...
2026-09-23T16:43:47.7021690Z # Subtest: replay of the complete earlier initialization state is an explicit rollback limitation
2026-09-23T16:43:47.7023700Z ok 226 - replay of the complete earlier initialization state is an explicit rollback limitation
2026-09-23T16:43:47.7024840Z   ---
2026-09-23T16:43:47.7025450Z   duration_ms: 30.3795
2026-09-23T16:43:47.7026130Z   type: 'test'
2026-09-23T16:43:47.7026680Z   ...
2026-09-23T16:43:47.8900190Z # (node:14585) ExperimentalWarning: SQLite is an experimental feature and might change at any time
2026-09-23T16:43:47.8901040Z # (Use `node --trace-warnings ...` to show where the warning was created)
2026-09-23T16:43:47.8923050Z # Subtest: one running owner per profile, another profile remains independent, close permits restart
2026-09-23T16:43:47.8924630Z ok 227 - one running owner per profile, another profile remains independent, close permits restart
2026-09-23T16:43:47.8925350Z   ---
2026-09-23T16:43:47.8925670Z   duration_ms: 5.733416
2026-09-23T16:43:47.8925930Z   type: 'test'
2026-09-23T16:43:47.8926260Z   ...
2026-09-23T16:43:47.8926910Z # Subtest: empty initialization can recover but foreign or malformed metadata is refused
2026-09-23T16:43:47.8927790Z ok 228 - empty initialization can recover but foreign or malformed metadata is refused
2026-09-23T16:43:47.8928230Z   ---
2026-09-23T16:43:47.8928440Z   duration_ms: 5.802084
2026-09-23T16:43:47.8928740Z   type: 'test'
2026-09-23T16:43:47.8928880Z   ...
2026-09-23T16:43:48.4299600Z # (node:14587) ExperimentalWarning: SQLite is an experimental feature and might change at any time
2026-09-23T16:43:48.4300730Z # (Use `node --trace-warnings ...` to show where the warning was created)
2026-09-23T16:43:48.5596660Z # Subtest: runtime owns the profile through transport shutdown and rejects stale writes after recovery
2026-09-23T16:43:48.5598140Z ok 229 - runtime owns the profile through transport shutdown and rejects stale writes after recovery
2026-09-23T16:43:48.5599770Z   ---
2026-09-23T16:43:48.5600210Z   duration_ms: 271.153833
2026-09-23T16:43:48.5600710Z   type: 'test'
2026-09-23T16:43:48.5600960Z   ...
2026-09-23T16:43:48.5601460Z # Subtest: constructor failure releases ownership without resetting the existing profile
2026-09-23T16:43:48.5602280Z ok 230 - constructor failure releases ownership without resetting the existing profile
2026-09-23T16:43:48.5602810Z   ---
2026-09-23T16:43:48.5603050Z   duration_ms: 5.087
2026-09-23T16:43:48.5603370Z   type: 'test'
2026-09-23T16:43:48.5603580Z   ...
2026-09-23T16:43:49.2009900Z # (node:14590) ExperimentalWarning: SQLite is an experimental feature and might change at any time
2026-09-23T16:43:49.2029110Z # (Use `node --trace-warnings ...` to show where the warning was created)
2026-09-23T16:43:49.2029810Z # Subtest: chunked private state is encrypted, persists exactly and shrinks atomically
2026-09-23T16:43:49.2030990Z ok 231 - chunked private state is encrypted, persists exactly and shrinks atomically
2026-09-23T16:43:49.2031410Z   ---
2026-09-23T16:43:49.2032250Z   duration_ms: 80.574042
2026-09-23T16:43:49.2032540Z   type: 'test'
2026-09-23T16:43:49.2032730Z   ...
2026-09-23T16:43:49.2033320Z # Subtest: private state and an authority fence commit together or both roll back, with digest CAS
2026-09-23T16:43:49.2034150Z ok 232 - private state and an authority fence commit together or both roll back, with digest CAS
2026-09-23T16:43:49.2035300Z   ---
2026-09-23T16:43:49.2035630Z   duration_ms: 14.149791
2026-09-23T16:43:49.2035940Z   type: 'test'
2026-09-23T16:43:49.2036140Z   ...
2026-09-23T16:43:49.2036680Z # Subtest: missing, orphan and hash-mismatched chunks fail closed rather than yielding partial state
2026-09-23T16:43:49.2037440Z ok 233 - missing, orphan and hash-mismatched chunks fail closed rather than yielding partial state
2026-09-23T16:43:49.2037900Z   ---
2026-09-23T16:43:49.2038160Z   duration_ms: 28.526792
2026-09-23T16:43:49.2038400Z   type: 'test'
2026-09-23T16:43:49.2038590Z   ...
2026-09-23T16:43:49.2039490Z # Subtest: the full declared private-state byte bound fits while oversize input makes no writes
2026-09-23T16:43:49.2040360Z ok 234 - the full declared private-state byte bound fits while oversize input makes no writes
2026-09-23T16:43:49.2041110Z   ---
2026-09-23T16:43:49.2041330Z   duration_ms: 340.146375
2026-09-23T16:43:49.2041570Z   type: 'test'
2026-09-23T16:43:49.2041760Z   ...
2026-09-23T16:43:49.8740700Z # Subtest: UI runtime selection rejects an ambiguous alias and launches the actual requested engine
2026-09-23T16:43:49.8746090Z ok 235 - UI runtime selection rejects an ambiguous alias and launches the actual requested engine
2026-09-23T16:43:49.8750070Z   ---
2026-09-23T16:43:49.8762210Z   duration_ms: 488.242042
2026-09-23T16:43:49.8762570Z   type: 'test'
2026-09-23T16:43:49.8763010Z   ...
2026-09-23T16:43:50.0322920Z # Subtest: scenario timeout trace preserves the active operation without recording request secrets
2026-09-23T16:43:50.0324980Z ok 236 - scenario timeout trace preserves the active operation without recording request secrets
2026-09-23T16:43:50.0326800Z   ---
2026-09-23T16:43:50.0327080Z   duration_ms: 2.867291
2026-09-23T16:43:50.0327340Z   type: 'test'
2026-09-23T16:43:50.0327530Z   ...
2026-09-23T16:43:50.6271740Z # (node:14685) ExperimentalWarning: SQLite is an experimental feature and might change at any time
2026-09-23T16:43:50.6275080Z # (Use `node --trace-warnings ...` to show where the warning was created)
2026-09-23T16:43:50.6350360Z # Subtest: inbound semantic ACL: forged public receipt/message and private wrong-reader mutation are hidden
2026-09-23T16:43:50.6354370Z ok 237 - inbound semantic ACL: forged public receipt/message and private wrong-reader mutation are hidden
2026-09-23T16:43:50.6356490Z   ---
2026-09-23T16:43:50.6357360Z   duration_ms: 218.444709
2026-09-23T16:43:50.6357650Z   type: 'test'
2026-09-23T16:43:50.6367130Z   ...
2026-09-23T16:43:51.0605500Z # Subtest: malformed unauthenticated HTTP paths return 400; service survives and auth boundary holds
2026-09-23T16:43:51.0607280Z ok 238 - malformed unauthenticated HTTP paths return 400; service survives and auth boundary holds
2026-09-23T16:43:51.0608200Z   ---
2026-09-23T16:43:51.0608490Z   duration_ms: 40.378917
2026-09-23T16:43:51.0608750Z   type: 'test'
2026-09-23T16:43:51.0608900Z   ...
2026-09-23T16:43:51.0609540Z # Subtest: private site draft and local deletion survive cache removal/restart without plaintext on disk
2026-09-23T16:43:51.0610280Z ok 239 - private site draft and local deletion survive cache removal/restart without plaintext on disk
2026-09-23T16:43:51.0610700Z   ---
2026-09-23T16:43:51.0610910Z   duration_ms: 290.039375
2026-09-23T16:43:51.0611110Z   type: 'test'
2026-09-23T16:43:51.0611270Z   ...
2026-09-23T16:43:52.0296000Z # Subtest: relay consent: no application-level cached serving while paused, positive control after enabling
2026-09-23T16:43:52.0297350Z ok 240 - relay consent: no application-level cached serving while paused, positive control after enabling
2026-09-23T16:43:52.0298360Z   ---
2026-09-23T16:43:52.0298840Z   duration_ms: 967.166541
2026-09-23T16:43:52.0299360Z   type: 'test'
2026-09-23T16:43:52.0299600Z   ...
2026-09-23T16:43:52.0300130Z # Subtest: deletion journal survives when publication itself evicts its unpinned original
2026-09-23T16:43:52.0300850Z ok 241 - deletion journal survives when publication itself evicts its unpinned original
2026-09-23T16:43:52.0301240Z   ---
2026-09-23T16:43:52.0301410Z   duration_ms: 116.511708
2026-09-23T16:43:52.0301590Z   type: 'test'
2026-09-23T16:43:52.0301740Z   ...
2026-09-23T16:43:52.2476320Z # Subtest: identity proof rejects small-order signing keys even when the underlying verifier accepts the equation
2026-09-23T16:43:52.2477970Z ok 242 - identity proof rejects small-order signing keys even when the underlying verifier accepts the equation
2026-09-23T16:43:52.2478670Z   ---
2026-09-23T16:43:52.2479250Z   duration_ms: 16.7955
2026-09-23T16:43:52.2479650Z   type: 'test'
2026-09-23T16:43:52.2481050Z   ...
2026-09-23T16:43:52.2488470Z # Subtest: the signing-key profile rejects all reference torsion points and noncanonical aliases without changing its input
2026-09-23T16:43:52.2490870Z ok 243 - the signing-key profile rejects all reference torsion points and noncanonical aliases without changing its input
2026-09-23T16:43:52.2492030Z   ---
2026-09-23T16:43:52.2492760Z   duration_ms: 16.941583
2026-09-23T16:43:52.2493430Z   type: 'test'
2026-09-23T16:43:52.2493600Z   ...
2026-09-23T16:43:52.6246490Z # Subtest: seeded virtual time is reproducible with independently generated secure fixtures
2026-09-23T16:43:52.6248290Z ok 244 - seeded virtual time is reproducible with independently generated secure fixtures
2026-09-23T16:43:52.6248780Z   ---
2026-09-23T16:43:52.6249130Z   duration_ms: 38.9835
2026-09-23T16:43:52.6249470Z   type: 'test'
2026-09-23T16:43:52.6250070Z   ...
2026-09-23T16:43:52.6251330Z # Subtest: loss, MTU fragmentation, partition/heal, low-power transition and SOS-before-bulk
2026-09-23T16:43:52.6252160Z ok 245 - loss, MTU fragmentation, partition/heal, low-power transition and SOS-before-bulk
2026-09-23T16:43:52.6252600Z   ---
2026-09-23T16:43:52.6253390Z   duration_ms: 10.794708
2026-09-23T16:43:52.6253790Z   type: 'test'
2026-09-23T16:43:52.6254030Z   ...
2026-09-23T16:43:52.6254690Z # Subtest: directed bandwidth, latency and MTU produce measurable asymmetric arrival times
2026-09-23T16:43:52.6257940Z ok 246 - directed bandwidth, latency and MTU produce measurable asymmetric arrival times
2026-09-23T16:43:52.6268980Z   ---
2026-09-23T16:43:52.6269330Z   duration_ms: 5.996958
2026-09-23T16:43:52.6272500Z   type: 'test'
2026-09-23T16:43:52.6272900Z   ...
2026-09-23T16:43:52.6273420Z # Subtest: congested bounded queues preserve SOS while bulk is deferred
2026-09-23T16:43:52.6274060Z ok 247 - congested bounded queues preserve SOS while bulk is deferred
2026-09-23T16:43:52.6275940Z   ---
2026-09-23T16:43:52.6276520Z   duration_ms: 7.209292
2026-09-23T16:43:52.6276890Z   type: 'test'
2026-09-23T16:43:52.6277150Z   ...
2026-09-23T16:43:52.6277850Z # Subtest: bounded cache distinguishes pinned exhaustion from unpinned eviction
2026-09-23T16:43:52.6278540Z ok 248 - bounded cache distinguishes pinned exhaustion from unpinned eviction
2026-09-23T16:43:52.6279090Z   ---
2026-09-23T16:43:52.6279370Z   duration_ms: 10.731375
2026-09-23T16:43:52.6279650Z   type: 'test'
2026-09-23T16:43:52.6309110Z   ...
2026-09-23T16:43:52.6309660Z # Subtest: TTL rejects in-flight expiration and retained replay respects the hop limit
2026-09-23T16:43:52.6310380Z ok 249 - TTL rejects in-flight expiration and retained replay respects the hop limit
2026-09-23T16:43:52.6310830Z   ---
2026-09-23T16:43:52.6311310Z   duration_ms: 5.605209
2026-09-23T16:43:52.6311630Z   type: 'test'
2026-09-23T16:43:52.6311870Z   ...
2026-09-23T16:43:52.6312380Z # Subtest: every-fourth-fragment fairness lets bulk advance during SOS pressure
2026-09-23T16:43:52.6313070Z ok 250 - every-fourth-fragment fairness lets bulk advance during SOS pressure
2026-09-23T16:43:52.6316000Z   ---
2026-09-23T16:43:52.6316160Z   duration_ms: 12.307625
2026-09-23T16:43:52.6316350Z   type: 'test'
2026-09-23T16:43:52.6316490Z   ...
2026-09-23T16:43:52.6321270Z # Subtest: real signature/chunk checks pass honest control and detect deliberately broken controls
2026-09-23T16:43:52.6321990Z ok 251 - real signature/chunk checks pass honest control and detect deliberately broken controls
2026-09-23T16:43:52.6322380Z   ---
2026-09-23T16:43:52.6322650Z   duration_ms: 16.149167
2026-09-23T16:43:52.6322840Z   type: 'test'
2026-09-23T16:43:52.6322980Z   ...
2026-09-23T16:43:52.6323390Z # Subtest: simulation rejects invalid transport bounds and complete report gates pass
2026-09-23T16:43:52.6323980Z ok 252 - simulation rejects invalid transport bounds and complete report gates pass
2026-09-23T16:43:52.6324300Z   ---
2026-09-23T16:43:52.6324470Z   duration_ms: 52.508833
2026-09-23T16:43:52.6324650Z   type: 'test'
2026-09-23T16:43:52.6324800Z   ...
2026-09-23T16:43:52.9459050Z # (node:14843) ExperimentalWarning: SQLite is an experimental feature and might change at any time
2026-09-23T16:43:52.9460440Z # (Use `node --trace-warnings ...` to show where the warning was created)
2026-09-23T16:43:53.4736520Z # Subtest: failed application profile commit cannot publish and a failed public copy remains recoverable
2026-09-23T16:43:53.4737430Z ok 253 - failed application profile commit cannot publish and a failed public copy remains recoverable
2026-09-23T16:43:53.4737960Z   ---
2026-09-23T16:43:53.4738210Z   duration_ms: 534.077416
2026-09-23T16:43:53.4738520Z   type: 'test'
2026-09-23T16:43:53.4738710Z   ...
2026-09-23T16:43:56.9637690Z # Subtest: the real application recovers its exact publication after process exit between authorization and public storage
2026-09-23T16:43:56.9644370Z ok 254 - the real application recovers its exact publication after process exit between authorization and public storage
2026-09-23T16:43:56.9644940Z   ---
2026-09-23T16:43:56.9645150Z   duration_ms: 3487.320791
2026-09-23T16:43:56.9645360Z   type: 'test'
2026-09-23T16:43:56.9645500Z   ...
2026-09-23T16:43:57.3490670Z # Subtest: a known newer head without bytes never falls back to an older site, including after profile unlock
2026-09-23T16:43:57.3495130Z ok 255 - a known newer head without bytes never falls back to an older site, including after profile unlock
2026-09-23T16:43:57.3495720Z   ---
2026-09-23T16:43:57.3496040Z   duration_ms: 378.124084
2026-09-23T16:43:57.3496350Z   type: 'test'
2026-09-23T16:43:57.3496520Z   ...
2026-09-23T16:43:57.5877750Z # Subtest: blocking a private-site reader pauses a committed copy and clears the publication error after resumption
2026-09-23T16:43:57.5879950Z ok 256 - blocking a private-site reader pauses a committed copy and clears the publication error after resumption
2026-09-23T16:43:57.5882550Z   ---
2026-09-23T16:43:57.5883340Z   duration_ms: 247.098792
2026-09-23T16:43:57.5883850Z   type: 'test'
2026-09-23T16:43:57.5884180Z   ...
2026-09-23T16:43:59.3520730Z # Subtest: real application APIs preserve revision identity, resolve updates and serve a new reader after the author exits
2026-09-23T16:43:59.3534940Z ok 257 - real application APIs preserve revision identity, resolve updates and serve a new reader after the author exits
2026-09-23T16:43:59.3536340Z   ---
2026-09-23T16:43:59.3536980Z   duration_ms: 1547.00825
2026-09-23T16:43:59.3537500Z   type: 'test'
2026-09-23T16:43:59.3537910Z   ...
2026-09-23T16:44:01.7082270Z # Subtest: private site APIs preserve reading scope and generic publication cannot bypass version authority
2026-09-23T16:44:01.7258280Z ok 258 - private site APIs preserve reading scope and generic publication cannot bypass version authority
2026-09-23T16:44:01.7365940Z   ---
2026-09-23T16:44:01.7468980Z   duration_ms: 2349.126459
2026-09-23T16:44:01.7571060Z   type: 'test'
2026-09-23T16:44:01.7678350Z   ...
2026-09-23T16:44:02.5205540Z # Subtest: a valid outer signature cannot smuggle another owner snapshot into application storage through TCP
2026-09-23T16:44:02.5214120Z ok 259 - a valid outer signature cannot smuggle another owner snapshot into application storage through TCP
2026-09-23T16:44:02.5214680Z   ---
2026-09-23T16:44:02.5214930Z   duration_ms: 819.826666
2026-09-23T16:44:02.5215230Z   type: 'test'
2026-09-23T16:44:02.5215510Z   ...
2026-09-23T16:44:04.1044280Z # Subtest: two installations with the same owner preserve a fork until the owner explicitly confirms all known heads
2026-09-23T16:44:04.1046950Z ok 260 - two installations with the same owner preserve a fork until the owner explicitly confirms all known heads
2026-09-23T16:44:04.1048300Z   ---
2026-09-23T16:44:04.1049000Z   duration_ms: 1583.520958
2026-09-23T16:44:04.1049700Z   type: 'test'
2026-09-23T16:44:04.1050260Z   ...
2026-09-23T16:44:05.7465820Z # (node:15189) ExperimentalWarning: SQLite is an experimental feature and might change at any time
2026-09-23T16:44:05.7466710Z # (Use `node --trace-warnings ...` to show where the warning was created)
2026-09-23T16:44:05.7481330Z # Subtest: actual process interruption at site prepare-before preserves the publication boundary
2026-09-23T16:44:05.7523820Z ok 261 - actual process interruption at site prepare-before preserves the publication boundary
2026-09-23T16:44:05.7524460Z   ---
2026-09-23T16:44:05.7525220Z   duration_ms: 294.847416
2026-09-23T16:44:05.7525600Z   type: 'test'
2026-09-23T16:44:05.7526300Z   ...
2026-09-23T16:44:05.7526990Z # Subtest: actual process interruption at site prepare-after preserves the publication boundary
2026-09-23T16:44:05.7529100Z ok 262 - actual process interruption at site prepare-after preserves the publication boundary
2026-09-23T16:44:05.7529580Z   ---
2026-09-23T16:44:05.7530650Z   duration_ms: 272.467042
2026-09-23T16:44:05.7532210Z   type: 'test'
2026-09-23T16:44:05.7532520Z   ...
2026-09-23T16:44:05.7533050Z # Subtest: actual process interruption at site commit-before preserves the publication boundary
2026-09-23T16:44:05.7535160Z ok 263 - actual process interruption at site commit-before preserves the publication boundary
2026-09-23T16:44:05.7536280Z   ---
2026-09-23T16:44:05.7537400Z   duration_ms: 243.169625
2026-09-23T16:44:05.7537740Z   type: 'test'
2026-09-23T16:44:05.7538830Z   ...
2026-09-23T16:44:05.7539380Z # Subtest: actual process interruption at site commit-after preserves the publication boundary
2026-09-23T16:44:05.7540170Z ok 264 - actual process interruption at site commit-after preserves the publication boundary
2026-09-23T16:44:05.7540620Z   ---
2026-09-23T16:44:05.7540890Z   duration_ms: 256.355625
2026-09-23T16:44:05.7541130Z   type: 'test'
2026-09-23T16:44:05.7541390Z   ...
2026-09-23T16:44:05.7542500Z # Subtest: actual process interruption at site copy preserves the publication boundary
2026-09-23T16:44:05.7544110Z ok 265 - actual process interruption at site copy preserves the publication boundary
2026-09-23T16:44:05.7545000Z   ---
2026-09-23T16:44:05.7545280Z   duration_ms: 306.855958
2026-09-23T16:44:05.7545550Z   type: 'test'
2026-09-23T16:44:05.7545810Z   ...
2026-09-23T16:44:06.0030560Z # (node:15205) ExperimentalWarning: SQLite is an experimental feature and might change at any time
2026-09-23T16:44:06.0031360Z # (Use `node --trace-warnings ...` to show where the warning was created)
2026-09-23T16:44:06.0039700Z # Subtest: site transactions share the real bound application profile without changing its existing private state
2026-09-23T16:44:06.0041260Z ok 266 - site transactions share the real bound application profile without changing its existing private state
2026-09-23T16:44:06.0041750Z   ---
2026-09-23T16:44:06.0041970Z   duration_ms: 56.645333
2026-09-23T16:44:06.0042250Z   type: 'test'
2026-09-23T16:44:06.0042530Z   ...
2026-09-23T16:44:06.5506540Z # (node:15207) ExperimentalWarning: SQLite is an experimental feature and might change at any time
2026-09-23T16:44:06.5507490Z # (Use `node --trace-warnings ...` to show where the warning was created)
2026-09-23T16:44:06.5529510Z # Subtest: catalog atomically persists preparation, authorization and exact public-copy recovery across database restart
2026-09-23T16:44:06.5533950Z ok 267 - catalog atomically persists preparation, authorization and exact public-copy recovery across database restart
2026-09-23T16:44:06.5535530Z   ---
2026-09-23T16:44:06.5536310Z   duration_ms: 98.411541
2026-09-23T16:44:06.5537290Z   type: 'test'
2026-09-23T16:44:06.5538110Z   ...
2026-09-23T16:44:06.5540810Z # Subtest: another signed head appearing before authorization supersedes a private preparation without publishing it
2026-09-23T16:44:06.5543230Z ok 268 - another signed head appearing before authorization supersedes a private preparation without publishing it
2026-09-23T16:44:06.5544710Z   ---
2026-09-23T16:44:06.5545320Z   duration_ms: 48.71325
2026-09-23T16:44:06.5546030Z   type: 'test'
2026-09-23T16:44:06.5546620Z   ...
2026-09-23T16:44:06.5548230Z # Subtest: staging capacity failure cannot leave a catalog entry, partial bundle or changed prior operation
2026-09-23T16:44:06.5550410Z ok 269 - staging capacity failure cannot leave a catalog entry, partial bundle or changed prior operation
2026-09-23T16:44:06.5551690Z   ---
2026-09-23T16:44:06.5552250Z   duration_ms: 42.62925
2026-09-23T16:44:06.5553810Z   type: 'test'
2026-09-23T16:44:06.5554500Z   ...
2026-09-23T16:44:06.5556060Z # Subtest: expired preparations remain recoverable as terminal outcomes without treating the profile as corrupt
2026-09-23T16:44:06.5558490Z ok 270 - expired preparations remain recoverable as terminal outcomes without treating the profile as corrupt
2026-09-23T16:44:06.5570650Z   ---
2026-09-23T16:44:06.5570940Z   duration_ms: 77.2825
2026-09-23T16:44:06.5571330Z   type: 'test'
2026-09-23T16:44:06.5571660Z   ...
2026-09-23T16:44:06.5572320Z # Subtest: public retries recover the exact first envelope; private retries cannot silently change a reading envelope
2026-09-23T16:44:06.5573370Z ok 271 - public retries recover the exact first envelope; private retries cannot silently change a reading envelope
2026-09-23T16:44:06.5574030Z   ---
2026-09-23T16:44:06.5574300Z   duration_ms: 49.879167
2026-09-23T16:44:06.5605690Z   type: 'test'
2026-09-23T16:44:06.5606990Z   ...
2026-09-23T16:44:06.5608440Z # Subtest: repeated verified observations do not rewrite the encrypted catalog
2026-09-23T16:44:06.5609290Z ok 272 - repeated verified observations do not rewrite the encrypted catalog
2026-09-23T16:44:06.5609840Z   ---
2026-09-23T16:44:06.5618440Z   duration_ms: 31.778125
2026-09-23T16:44:06.5620830Z   type: 'test'
2026-09-23T16:44:06.5621380Z   ...
2026-09-23T16:44:06.8037720Z # Subtest: complete declarative snapshots bind a signed revision to the payload and envelope signing owner
2026-09-23T16:44:06.8044100Z ok 273 - complete declarative snapshots bind a signed revision to the payload and envelope signing owner
2026-09-23T16:44:06.8044970Z   ---
2026-09-23T16:44:06.8045370Z   duration_ms: 66.553583
2026-09-23T16:44:06.8046020Z   type: 'test'
2026-09-23T16:44:06.8046460Z   ...
2026-09-23T16:44:06.8047290Z # Subtest: snapshots reject unsigned additions, malformed declarative documents and changed signed payloads
2026-09-23T16:44:06.8048320Z ok 274 - snapshots reject unsigned additions, malformed declarative documents and changed signed payloads
2026-09-23T16:44:06.8048820Z   ---
2026-09-23T16:44:06.8049080Z   duration_ms: 3.388667
2026-09-23T16:44:06.8049310Z   type: 'test'
2026-09-23T16:44:06.8049530Z   ...
2026-09-23T16:44:08.6188690Z # (node:15212) ExperimentalWarning: SQLite is an experimental feature and might change at any time
2026-09-23T16:44:08.6189460Z # (Use `node --trace-warnings ...` to show where the warning was created)
2026-09-23T16:44:08.6206490Z # Subtest: intent commits without a visitor signature; later signing survives reopen with private consent and no public store
2026-09-23T16:44:08.6207820Z ok 275 - intent commits without a visitor signature; later signing survives reopen with private consent and no public store
2026-09-23T16:44:08.6208440Z   ---
2026-09-23T16:44:08.6208760Z   duration_ms: 73.207125
2026-09-23T16:44:08.6209800Z   type: 'test'
2026-09-23T16:44:08.6210060Z   ...
2026-09-23T16:44:08.6210860Z # Subtest: failed transactions and changed policy retain a prepared intent without handing out a signature
2026-09-23T16:44:08.6211790Z ok 276 - failed transactions and changed policy retain a prepared intent without handing out a signature
2026-09-23T16:44:08.6217070Z   ---
2026-09-23T16:44:08.6217450Z   duration_ms: 67.75175
2026-09-23T16:44:08.6217800Z   type: 'test'
2026-09-23T16:44:08.6218020Z   ...
2026-09-23T16:44:08.6218910Z # Subtest: expiry and cancellation keep retired sequence outcomes and never renew a signature
2026-09-23T16:44:08.6219790Z ok 277 - expiry and cancellation keep retired sequence outcomes and never renew a signature
2026-09-23T16:44:08.6220330Z   ---
2026-09-23T16:44:08.6220730Z   duration_ms: 640.10125
2026-09-23T16:44:08.6221520Z   type: 'test'
2026-09-23T16:44:08.6221870Z   ...
2026-09-23T16:44:08.6222500Z # Subtest: private contribution storage refuses missing-stage without resetting an intent
2026-09-23T16:44:08.6223780Z ok 278 - private contribution storage refuses missing-stage without resetting an intent
2026-09-23T16:44:08.6224290Z   ---
2026-09-23T16:44:08.6225180Z   duration_ms: 13.598
2026-09-23T16:44:08.6225550Z   type: 'test'
2026-09-23T16:44:08.6225870Z   ...
2026-09-23T16:44:08.6226500Z # Subtest: private contribution storage refuses wrong-source without resetting an intent
2026-09-23T16:44:08.6227450Z ok 279 - private contribution storage refuses wrong-source without resetting an intent
2026-09-23T16:44:08.6228040Z   ---
2026-09-23T16:44:08.6228400Z   duration_ms: 16.599375
2026-09-23T16:44:08.6228730Z   type: 'test'
2026-09-23T16:44:08.6229090Z   ...
2026-09-23T16:44:08.6229630Z # Subtest: private contribution storage refuses read-key without resetting an intent
2026-09-23T16:44:08.6230540Z ok 280 - private contribution storage refuses read-key without resetting an intent
2026-09-23T16:44:08.6231090Z   ---
2026-09-23T16:44:08.6231460Z   duration_ms: 19.651625
2026-09-23T16:44:08.6231850Z   type: 'test'
2026-09-23T16:44:08.6232180Z   ...
2026-09-23T16:44:08.6232850Z # Subtest: real abrupt process exit before-intent-commit preserves the intent and fixed certificate identity
2026-09-23T16:44:08.6233850Z ok 281 - real abrupt process exit before-intent-commit preserves the intent and fixed certificate identity
2026-09-23T16:44:08.6234340Z   ---
2026-09-23T16:44:08.6234550Z   duration_ms: 243.786375
2026-09-23T16:44:08.6234910Z   type: 'test'
2026-09-23T16:44:08.6235200Z   ...
2026-09-23T16:44:08.6235780Z # Subtest: real abrupt process exit after-intent preserves the intent and fixed certificate identity
2026-09-23T16:44:08.6236580Z ok 282 - real abrupt process exit after-intent preserves the intent and fixed certificate identity
2026-09-23T16:44:08.6237030Z   ---
2026-09-23T16:44:08.6237240Z   duration_ms: 215.418458
2026-09-23T16:44:08.6237570Z   type: 'test'
2026-09-23T16:44:08.6237820Z   ...
2026-09-23T16:44:08.6240220Z # Subtest: real abrupt process exit after-signature preserves the intent and fixed certificate identity
2026-09-23T16:44:08.6241230Z ok 283 - real abrupt process exit after-signature preserves the intent and fixed certificate identity
2026-09-23T16:44:08.6241880Z   ---
2026-09-23T16:44:08.6242210Z   duration_ms: 285.865958
2026-09-23T16:44:08.6242570Z   type: 'test'
2026-09-23T16:44:08.6242760Z   ...
2026-09-23T16:44:08.6243440Z # Subtest: preparation quota failure rolls back stage and sequence before any signature exists
2026-09-23T16:44:08.6244310Z ok 284 - preparation quota failure rolls back stage and sequence before any signature exists
2026-09-23T16:44:08.6244730Z   ---
2026-09-23T16:44:08.6245120Z   duration_ms: 58.736791
2026-09-23T16:44:08.6245360Z   type: 'test'
2026-09-23T16:44:08.6245590Z   ...
2026-09-23T16:44:08.6246110Z # Subtest: a proposal expiring during the policy check cannot commit a new signature
2026-09-23T16:44:08.6246880Z ok 285 - a proposal expiring during the policy check cannot commit a new signature
2026-09-23T16:44:08.6247350Z   ---
2026-09-23T16:44:08.6248190Z   duration_ms: 18.107083
2026-09-23T16:44:08.6248480Z   type: 'test'
2026-09-23T16:44:08.6248760Z   ...
2026-09-23T16:44:08.9076030Z # Subtest: form query is a copied closed locator, never executable input or caller-supplied permission
2026-09-23T16:44:08.9080810Z ok 286 - form query is a copied closed locator, never executable input or caller-supplied permission
2026-09-23T16:44:08.9105470Z   ---
2026-09-23T16:44:08.9106930Z   duration_ms: 0.654291
2026-09-23T16:44:08.9107320Z   type: 'test'
2026-09-23T16:44:08.9107590Z   ...
2026-09-23T16:44:08.9108210Z # Subtest: real snapshot lookup authenticates author, reader access and visitor policy without returning table rows
2026-09-23T16:44:08.9109220Z ok 287 - real snapshot lookup authenticates author, reader access and visitor policy without returning table rows
2026-09-23T16:44:08.9109710Z   ---
2026-09-23T16:44:08.9110040Z   duration_ms: 87.488583
2026-09-23T16:44:08.9110420Z   type: 'test'
2026-09-23T16:44:08.9110650Z   ...
2026-09-23T16:44:09.2163180Z # Subtest: private proposal envelope binds actual author, exactly two logical readers and the original certificate deadline
2026-09-23T16:44:09.2166320Z ok 288 - private proposal envelope binds actual author, exactly two logical readers and the original certificate deadline
2026-09-23T16:44:09.2167030Z   ---
2026-09-23T16:44:09.2167420Z   duration_ms: 110.74
2026-09-23T16:44:09.2167690Z   type: 'test'
2026-09-23T16:44:09.2167990Z   ...
2026-09-23T16:44:15.9055570Z # Subtest: Node, portable and real Go inbox transitions agree on replay, finite retention, conflicts and quotas
2026-09-23T16:44:15.9057160Z ok 289 - Node, portable and real Go inbox transitions agree on replay, finite retention, conflicts and quotas
2026-09-23T16:44:15.9057850Z   ---
2026-09-23T16:44:15.9058370Z   duration_ms: 6485.00275
2026-09-23T16:44:15.9058720Z   type: 'test'
2026-09-23T16:44:15.9059000Z   ...
2026-09-23T16:44:17.3775720Z # (node:15547) ExperimentalWarning: SQLite is an experimental feature and might change at any time
2026-09-23T16:44:17.3779350Z # (Use `node --trace-warnings ...` to show where the warning was created)
2026-09-23T16:44:17.3796130Z # Subtest: private inbox preserves verified source and proposal across reopening, separately from sender staging
2026-09-23T16:44:17.3797910Z ok 290 - private inbox preserves verified source and proposal across reopening, separately from sender staging
2026-09-23T16:44:17.3798820Z   ---
2026-09-23T16:44:17.3799180Z   duration_ms: 93.917667
2026-09-23T16:44:17.3799650Z   type: 'test'
2026-09-23T16:44:17.3800050Z   ...
2026-09-23T16:44:17.3800920Z # Subtest: repackaging is idempotent and a conflicting visitor UUID cannot replace the original candidate
2026-09-23T16:44:17.3805570Z ok 291 - repackaging is idempotent and a conflicting visitor UUID cannot replace the original candidate
2026-09-23T16:44:17.3806310Z   ---
2026-09-23T16:44:17.3806750Z   duration_ms: 55.463708
2026-09-23T16:44:17.3808670Z   type: 'test'
2026-09-23T16:44:17.3811030Z   ...
2026-09-23T16:44:17.3811750Z # Subtest: an interrupted admission/source transaction rolls back without losing the earlier proof
2026-09-23T16:44:17.3812660Z ok 292 - an interrupted admission/source transaction rolls back without losing the earlier proof
2026-09-23T16:44:17.3813080Z   ---
2026-09-23T16:44:17.3813320Z   duration_ms: 41.402041
2026-09-23T16:44:17.3813580Z   type: 'test'
2026-09-23T16:44:17.3813860Z   ...
2026-09-23T16:44:17.3814550Z # Subtest: expiry removes private payloads but keeps replay metadata for the bounded retention window
2026-09-23T16:44:17.3815350Z ok 293 - expiry removes private payloads but keeps replay metadata for the bounded retention window
2026-09-23T16:44:17.3815800Z   ---
2026-09-23T16:44:17.3816060Z   duration_ms: 51.426375
2026-09-23T16:44:17.3816340Z   type: 'test'
2026-09-23T16:44:17.3816630Z   ...
2026-09-23T16:44:17.3817210Z # Subtest: unreadable/public proposals, wrong source and revoked policy never become verified candidates
2026-09-23T16:44:17.3817980Z ok 294 - unreadable/public proposals, wrong source and revoked policy never become verified candidates
2026-09-23T16:44:17.3824710Z   ---
2026-09-23T16:44:17.3824960Z   duration_ms: 41.162625
2026-09-23T16:44:17.3825230Z   type: 'test'
2026-09-23T16:44:17.3825470Z   ...
2026-09-23T16:44:17.3826060Z # Subtest: tampered retained evidence is an integrity failure, never repaired into a new proposal
2026-09-23T16:44:17.3826840Z ok 295 - tampered retained evidence is an integrity failure, never repaired into a new proposal
2026-09-23T16:44:17.3827340Z   ---
2026-09-23T16:44:17.3827610Z   duration_ms: 21.815458
2026-09-23T16:44:17.3827880Z   type: 'test'
2026-09-23T16:44:17.3828170Z   ...
2026-09-23T16:44:17.3828780Z # Subtest: journal quotas preserve pending entries and conflict floods have bounded descriptors and writes
2026-09-23T16:44:17.3829700Z ok 296 - journal quotas preserve pending entries and conflict floods have bounded descriptors and writes
2026-09-23T16:44:17.3831380Z   ---
2026-09-23T16:44:17.3831600Z   duration_ms: 116.276
2026-09-23T16:44:17.3831890Z   type: 'test'
2026-09-23T16:44:17.3832140Z   ...
2026-09-23T16:44:17.3832760Z # Subtest: explicit dismissal is atomic, releases only selected proof quota and survives replay/reopen
2026-09-23T16:44:17.3834330Z ok 297 - explicit dismissal is atomic, releases only selected proof quota and survives replay/reopen
2026-09-23T16:44:17.3834820Z   ---
2026-09-23T16:44:17.3835050Z   duration_ms: 91.6175
2026-09-23T16:44:17.3835310Z   type: 'test'
2026-09-23T16:44:17.3835530Z   ...
2026-09-23T16:44:17.3836180Z # Subtest: dismissing unverified proposal frees admission quota without evicting other pending proposals
2026-09-23T16:44:17.3862010Z ok 298 - dismissing unverified proposal frees admission quota without evicting other pending proposals
2026-09-23T16:44:17.3862570Z   ---
2026-09-23T16:44:17.3862900Z   duration_ms: 80.067541
2026-09-23T16:44:17.3863500Z   type: 'test'
2026-09-23T16:44:17.3863750Z   ...
2026-09-23T16:44:17.3864170Z # Subtest: dismissal cannot hide corruption in private proof
2026-09-23T16:44:17.3864710Z ok 299 - dismissal cannot hide corruption in private proof
2026-09-23T16:44:17.3865040Z   ---
2026-09-23T16:44:17.3865330Z   duration_ms: 17.616333
2026-09-23T16:44:17.3865560Z   type: 'test'
2026-09-23T16:44:17.3865860Z   ...
2026-09-23T16:44:17.3866450Z # Subtest: owner receipt intent survives dismiss and resumes one exact private envelope after reopen
2026-09-23T16:44:17.3867190Z ok 300 - owner receipt intent survives dismiss and resumes one exact private envelope after reopen
2026-09-23T16:44:17.3867620Z   ---
2026-09-23T16:44:17.3867900Z   duration_ms: 80.496667
2026-09-23T16:44:17.3868170Z   type: 'test'
2026-09-23T16:44:17.3868460Z   ...
2026-09-23T16:44:17.3868990Z # Subtest: owner receipt intent survives expire and resumes one exact private envelope after reopen
2026-09-23T16:44:17.3869760Z ok 301 - owner receipt intent survives expire and resumes one exact private envelope after reopen
2026-09-23T16:44:17.3870200Z   ---
2026-09-23T16:44:17.3870410Z   duration_ms: 100.118375
2026-09-23T16:44:17.3870720Z   type: 'test'
2026-09-23T16:44:17.3871010Z   ...
2026-09-23T16:44:17.3871510Z # Subtest: legacy verified inbox migrates only from retained authenticated source
2026-09-23T16:44:17.3872200Z ok 302 - legacy verified inbox migrates only from retained authenticated source
2026-09-23T16:44:17.3872640Z   ---
2026-09-23T16:44:17.3872860Z   duration_ms: 107.745166
2026-09-23T16:44:17.3873140Z   type: 'test'
2026-09-23T16:44:17.3873390Z   ...
2026-09-23T16:44:17.3873890Z # Subtest: legacy discarded inbox migrates only from retained authenticated source
2026-09-23T16:44:17.3874830Z ok 303 - legacy discarded inbox migrates only from retained authenticated source
2026-09-23T16:44:17.3875290Z   ---
2026-09-23T16:44:17.3875520Z   duration_ms: 44.609583
2026-09-23T16:44:17.3875780Z   type: 'test'
2026-09-23T16:44:17.3876480Z   ...
2026-09-23T16:44:17.3877070Z # Subtest: owner refusal (missing source) persists exact private result through reopen and enforces CAS
2026-09-23T16:44:17.3877870Z ok 304 - owner refusal (missing source) persists exact private result through reopen and enforces CAS
2026-09-23T16:44:17.3878810Z   ---
2026-09-23T16:44:17.3879030Z   duration_ms: 137.126958
2026-09-23T16:44:17.3879310Z   type: 'test'
2026-09-23T16:44:17.3879520Z   ...
2026-09-23T16:44:17.3880140Z # Subtest: owner refusal (verified source) persists exact private result through reopen and enforces CAS
2026-09-23T16:44:17.3881080Z ok 305 - owner refusal (verified source) persists exact private result through reopen and enforces CAS
2026-09-23T16:44:17.3881520Z   ---
2026-09-23T16:44:17.3881730Z   duration_ms: 171.5745
2026-09-23T16:44:17.3882010Z   type: 'test'
2026-09-23T16:44:17.3882260Z   ...
2026-09-23T16:44:18.7447650Z # Subtest: Node, portable crypto and Go agree on visitor proposals, schemas and negative authorization vectors
2026-09-23T16:44:18.7449220Z ok 306 - Node, portable crypto and Go agree on visitor proposals, schemas and negative authorization vectors
2026-09-23T16:44:18.7449870Z   ---
2026-09-23T16:44:18.7450250Z   duration_ms: 1145.288292
2026-09-23T16:44:18.7450660Z   type: 'test'
2026-09-23T16:44:18.7450910Z   ...
2026-09-23T16:44:20.1386290Z # Subtest: Node, portable and Go contribution journals agree on canonical requests, retained transitions and rejected corruption
2026-09-23T16:44:20.1388890Z ok 307 - Node, portable and Go contribution journals agree on canonical requests, retained transitions and rejected corruption
2026-09-23T16:44:20.1443510Z   ---
2026-09-23T16:44:20.1446570Z   duration_ms: 1178.208791
2026-09-23T16:44:20.1446980Z   type: 'test'
2026-09-23T16:44:20.1447320Z   ...
2026-09-23T16:44:22.4211870Z # (node:15590) ExperimentalWarning: SQLite is an experimental feature and might change at any time
2026-09-23T16:44:22.4213720Z # (Use `node --trace-warnings ...` to show where the warning was created)
2026-09-23T16:44:22.4227890Z # Subtest: queued source and envelope survive restart while a second preparation uses its own slot
2026-09-23T16:44:22.4233370Z ok 308 - queued source and envelope survive restart while a second preparation uses its own slot
2026-09-23T16:44:22.4234660Z   ---
2026-09-23T16:44:22.4235290Z   duration_ms: 181.542625
2026-09-23T16:44:22.4236060Z   type: 'test'
2026-09-23T16:44:22.4236550Z   ...
2026-09-23T16:44:22.4238030Z # Subtest: queue transaction rollback retains the signed envelope and never frees a preparation early
2026-09-23T16:44:22.4240010Z ok 309 - queue transaction rollback retains the signed envelope and never frees a preparation early
2026-09-23T16:44:22.4240530Z   ---
2026-09-23T16:44:22.4240880Z   duration_ms: 74.736042
2026-09-23T16:44:22.4241190Z   type: 'test'
2026-09-23T16:44:22.4241420Z   ...
2026-09-23T16:44:22.4243000Z # Subtest: queued expiry retires private payload but retains packet identity for cancellation
2026-09-23T16:44:22.4244520Z ok 310 - queued expiry retires private payload but retains packet identity for cancellation
2026-09-23T16:44:22.4284180Z   ---
2026-09-23T16:44:22.4321660Z   duration_ms: 72.274083
2026-09-23T16:44:22.4322260Z   type: 'test'
2026-09-23T16:44:22.4322710Z   ...
2026-09-23T16:44:22.4323540Z # Subtest: 32 pending queues apply backpressure without losing old payloads or the current prepared envelope
2026-09-23T16:44:22.4325640Z ok 311 - 32 pending queues apply backpressure without losing old payloads or the current prepared envelope
2026-09-23T16:44:22.4326240Z   ---
2026-09-23T16:44:22.4326580Z   duration_ms: 1722.150875
2026-09-23T16:44:22.4327010Z   type: 'test'
2026-09-23T16:44:22.4327740Z   ...
2026-09-23T16:44:22.4328560Z # Subtest: missing queued payload is corruption, not an excuse to create new bytes or cancel a different stage
2026-09-23T16:44:22.4329910Z ok 312 - missing queued payload is corruption, not an excuse to create new bytes or cancel a different stage
2026-09-23T16:44:22.4330680Z   ---
2026-09-23T16:44:22.4331190Z   duration_ms: 37.225166
2026-09-23T16:44:22.4331730Z   type: 'test'
2026-09-23T16:44:22.4332860Z   ...
2026-09-23T16:44:23.3055800Z # Subtest: owner reception receipts bind the original proposal and exact private envelope across Node, portable crypto and Go
2026-09-23T16:44:23.3058530Z ok 313 - owner reception receipts bind the original proposal and exact private envelope across Node, portable crypto and Go
2026-09-23T16:44:23.3059400Z   ---
2026-09-23T16:44:23.3059910Z   duration_ms: 692.870542
2026-09-23T16:44:23.3060390Z   type: 'test'
2026-09-23T16:44:23.3060770Z   ...
2026-09-23T16:44:24.9658940Z # Subtest: receipt admission requires exact copied intent, retains cancellation/expiry and never revives a retired operation
2026-09-23T16:44:24.9661190Z ok 314 - receipt admission requires exact copied intent, retains cancellation/expiry and never revives a retired operation
2026-09-23T16:44:24.9661790Z   ---
2026-09-23T16:44:24.9662040Z   duration_ms: 1473.816208
2026-09-23T16:44:24.9662330Z   type: 'test'
2026-09-23T16:44:24.9662570Z   ...
2026-09-23T16:44:26.7022200Z # Subtest: rejection admission requires exact copied intent, retains cancellation/expiry and never revives a retired operation
2026-09-23T16:44:26.7030060Z ok 315 - rejection admission requires exact copied intent, retains cancellation/expiry and never revives a retired operation
2026-09-23T16:44:26.7030840Z   ---
2026-09-23T16:44:26.7031910Z   duration_ms: 1543.843041
2026-09-23T16:44:26.7032260Z   type: 'test'
2026-09-23T16:44:26.7032650Z   ...
2026-09-23T16:44:27.6204920Z # Subtest: owner refusals bind the original proposal and exact private envelope across Node, portable crypto and Go
2026-09-23T16:44:27.6207600Z ok 316 - owner refusals bind the original proposal and exact private envelope across Node, portable crypto and Go
2026-09-23T16:44:27.6208850Z   ---
2026-09-23T16:44:27.6209610Z   duration_ms: 730.879625
2026-09-23T16:44:27.6211410Z   type: 'test'
2026-09-23T16:44:27.6211960Z   ...
2026-09-23T16:44:27.9515110Z # Subtest: declarative form binds all typed columns, preserves zero/false and never executes values
2026-09-23T16:44:27.9516250Z ok 317 - declarative form binds all typed columns, preserves zero/false and never executes values
2026-09-23T16:44:27.9516820Z   ---
2026-09-23T16:44:27.9517290Z   duration_ms: 6.893209
2026-09-23T16:44:27.9517650Z   type: 'test'
2026-09-23T16:44:27.9517960Z   ...
2026-09-23T16:44:27.9518770Z # Subtest: form and value parsing reject active accessors, sparse lists, unknown fields and oversized inputs
2026-09-23T16:44:27.9519740Z ok 318 - form and value parsing reject active accessors, sparse lists, unknown fields and oversized inputs
2026-09-23T16:44:27.9520520Z   ---
2026-09-23T16:44:27.9520950Z   duration_ms: 0.554959
2026-09-23T16:44:27.9521350Z   type: 'test'
2026-09-23T16:44:27.9521750Z   ...
2026-09-23T16:44:27.9522390Z # Subtest: Node visitor signatures verify across adapters but cannot become owner revisions
2026-09-23T16:44:27.9523350Z ok 319 - Node visitor signatures verify across adapters but cannot become owner revisions
2026-09-23T16:44:27.9524010Z   ---
2026-09-23T16:44:27.9524350Z   duration_ms: 60.869041
2026-09-23T16:44:27.9524590Z   type: 'test'
2026-09-23T16:44:27.9524850Z   ...
2026-09-23T16:44:27.9525400Z # Subtest: portable visitor signatures verify across adapters but cannot become owner revisions
2026-09-23T16:44:27.9526120Z ok 320 - portable visitor signatures verify across adapters but cannot become owner revisions
2026-09-23T16:44:27.9526620Z   ---
2026-09-23T16:44:27.9526820Z   duration_ms: 41.8435
2026-09-23T16:44:27.9527000Z   type: 'test'
2026-09-23T16:44:27.9527190Z   ...
2026-09-23T16:44:27.9527840Z # Subtest: site/form/schema/base and the visitor's maximum publication audience are bound independently
2026-09-23T16:44:27.9528650Z ok 321 - site/form/schema/base and the visitor's maximum publication audience are bound independently
2026-09-23T16:44:27.9529090Z   ---
2026-09-23T16:44:27.9529300Z   duration_ms: 11.849208
2026-09-23T16:44:27.9529600Z   type: 'test'
2026-09-23T16:44:27.9529790Z   ...
2026-09-23T16:44:27.9530380Z # Subtest: expiry and clock checks apply to admission, while historical signatures stay verifiable
2026-09-23T16:44:27.9531310Z ok 322 - expiry and clock checks apply to admission, while historical signatures stay verifiable
2026-09-23T16:44:27.9532270Z   ---
2026-09-23T16:44:27.9532640Z   duration_ms: 24.233375
2026-09-23T16:44:27.9532880Z   type: 'test'
2026-09-23T16:44:27.9533150Z   ...
2026-09-23T16:44:27.9533750Z # Subtest: private submission remains encrypted even when the visitor consents to later public adoption
2026-09-23T16:44:27.9534660Z ok 323 - private submission remains encrypted even when the visitor consents to later public adoption
2026-09-23T16:44:27.9535200Z   ---
2026-09-23T16:44:27.9535380Z   duration_ms: 7.769292
2026-09-23T16:44:27.9535660Z   type: 'test'
2026-09-23T16:44:27.9535920Z   ...
2026-09-23T16:44:28.5318770Z # Subtest: Node and a real Go process agree on bounded declarative table vectors
2026-09-23T16:44:28.5324010Z ok 324 - Node and a real Go process agree on bounded declarative table vectors
2026-09-23T16:44:28.5324420Z   ---
2026-09-23T16:44:28.5324840Z   duration_ms: 455.892209
2026-09-23T16:44:28.5325220Z   type: 'test'
2026-09-23T16:44:28.5325460Z   ...
2026-09-23T16:44:28.6770600Z # Subtest: signed table projection sorts numeric values, keeps null last, and leaves source bytes unchanged
2026-09-23T16:44:28.6772080Z ok 325 - signed table projection sorts numeric values, keeps null last, and leaves source bytes unchanged
2026-09-23T16:44:28.6772610Z   ---
2026-09-23T16:44:28.6772940Z   duration_ms: 3.236334
2026-09-23T16:44:28.6773260Z   type: 'test'
2026-09-23T16:44:28.6773440Z   ...
2026-09-23T16:44:28.6774180Z # Subtest: literal search never evaluates code or patterns and pagination stays finite on empty and boundary queries
2026-09-23T16:44:28.6775230Z ok 326 - literal search never evaluates code or patterns and pagination stays finite on empty and boundary queries
2026-09-23T16:44:28.6775730Z   ---
2026-09-23T16:44:28.6776020Z   duration_ms: 0.759667
2026-09-23T16:44:28.6776340Z   type: 'test'
2026-09-23T16:44:28.6776600Z   ...
2026-09-23T16:44:28.6777140Z # Subtest: table shape, dates, links, column types and finite limits reject negative controls
2026-09-23T16:44:28.6777910Z ok 327 - table shape, dates, links, column types and finite limits reject negative controls
2026-09-23T16:44:28.6778860Z   ---
2026-09-23T16:44:28.6779430Z   duration_ms: 1.009
2026-09-23T16:44:28.6779760Z   type: 'test'
2026-09-23T16:44:28.6780080Z   ...
2026-09-23T16:44:28.6780620Z # Subtest: nested getters and noncanonical arrays are rejected before executing accessors
2026-09-23T16:44:28.6781510Z ok 328 - nested getters and noncanonical arrays are rejected before executing accessors
2026-09-23T16:44:28.6781930Z   ---
2026-09-23T16:44:28.6782300Z   duration_ms: 0.23925
2026-09-23T16:44:28.6782640Z   type: 'test'
2026-09-23T16:44:28.6782900Z   ...
2026-09-23T16:44:28.6783480Z # Subtest: table byte quota counts UTF-8 bytes and canonical field names, with both sides of the boundary
2026-09-23T16:44:28.6784330Z ok 329 - table byte quota counts UTF-8 bytes and canonical field names, with both sides of the boundary
2026-09-23T16:44:28.6784800Z   ---
2026-09-23T16:44:28.6785010Z   duration_ms: 2.033333
2026-09-23T16:44:28.6785280Z   type: 'test'
2026-09-23T16:44:28.6785520Z   ...
2026-09-23T16:44:28.6786120Z # Subtest: CSV handles quoted commas, quotes and newlines as literal text without guessing numeric identities
2026-09-23T16:44:28.6787070Z ok 330 - CSV handles quoted commas, quotes and newlines as literal text without guessing numeric identities
2026-09-23T16:44:28.6787570Z   ---
2026-09-23T16:44:28.6787770Z   duration_ms: 0.725125
2026-09-23T16:44:28.6788050Z   type: 'test'
2026-09-23T16:44:28.6788280Z   ...
2026-09-23T16:44:28.6788750Z # Subtest: CSV export neutralises spreadsheet formulas without changing signed table values
2026-09-23T16:44:28.6789570Z ok 331 - CSV export neutralises spreadsheet formulas without changing signed table values
2026-09-23T16:44:28.6789980Z   ---
2026-09-23T16:44:28.6790240Z   duration_ms: 0.212375
2026-09-23T16:44:28.6790590Z   type: 'test'
2026-09-23T16:44:28.6790840Z   ...
2026-09-23T16:44:28.6791380Z # Subtest: typed editing preserves incomplete numbers for validation rather than erasing them
2026-09-23T16:44:28.6792460Z ok 332 - typed editing preserves incomplete numbers for validation rather than erasing them
2026-09-23T16:44:28.6792830Z   ---
2026-09-23T16:44:28.6793100Z   duration_ms: 0.173542
2026-09-23T16:44:28.6793370Z   type: 'test'
2026-09-23T16:44:28.6793550Z   ...
2026-09-23T16:44:28.8948550Z # Subtest: site schema: multipage with nested media and local navigation
2026-09-23T16:44:28.8965020Z ok 333 - site schema: multipage with nested media and local navigation
2026-09-23T16:44:28.8965560Z   ---
2026-09-23T16:44:28.8965930Z   duration_ms: 1.659959
2026-09-23T16:44:28.8966220Z   type: 'test'
2026-09-23T16:44:28.8966550Z   ...
2026-09-23T16:44:28.8967060Z # Subtest: site schema: literal HTML is data, never a block program
2026-09-23T16:44:28.8967750Z ok 334 - site schema: literal HTML is data, never a block program
2026-09-23T16:44:28.8968260Z   ---
2026-09-23T16:44:28.8968530Z   duration_ms: 0.282875
2026-09-23T16:44:28.8968890Z   type: 'test'
2026-09-23T16:44:28.8969100Z   ...
2026-09-23T16:44:28.8969520Z # Subtest: site schema: exact UTF-16 title boundary
2026-09-23T16:44:28.8970410Z ok 335 - site schema: exact UTF-16 title boundary
2026-09-23T16:44:28.8970800Z   ---
2026-09-23T16:44:28.8971100Z   duration_ms: 0.78025
2026-09-23T16:44:28.8971490Z   type: 'test'
2026-09-23T16:44:28.8971710Z   ...
2026-09-23T16:44:28.8972030Z # Subtest: site schema: unknown version
2026-09-23T16:44:28.8972430Z ok 336 - site schema: unknown version
2026-09-23T16:44:28.8972680Z   ---
2026-09-23T16:44:28.8973000Z   duration_ms: 0.121958
2026-09-23T16:44:28.8973370Z   type: 'test'
2026-09-23T16:44:28.8973600Z   ...
2026-09-23T16:44:28.8973970Z # Subtest: site schema: script property
2026-09-23T16:44:28.8974420Z ok 337 - site schema: script property
2026-09-23T16:44:28.8974800Z   ---
2026-09-23T16:44:28.8975180Z   duration_ms: 0.055083
2026-09-23T16:44:28.8975520Z   type: 'test'
2026-09-23T16:44:28.8976480Z   ...
2026-09-23T16:44:28.8977660Z # Subtest: site schema: arbitrary CSS
2026-09-23T16:44:28.8987250Z ok 338 - site schema: arbitrary CSS
2026-09-23T16:44:28.8987730Z   ---
2026-09-23T16:44:28.8988110Z   duration_ms: 0.050833
2026-09-23T16:44:28.8988430Z   type: 'test'
2026-09-23T16:44:28.8988810Z   ...
2026-09-23T16:44:28.8989870Z # Subtest: site schema: CSS URL injection
2026-09-23T16:44:28.8990460Z ok 339 - site schema: CSS URL injection
2026-09-23T16:44:28.8990910Z   ---
2026-09-23T16:44:28.8991370Z   duration_ms: 0.122875
2026-09-23T16:44:28.8991690Z   type: 'test'
2026-09-23T16:44:28.8992080Z   ...
2026-09-23T16:44:28.8992540Z # Subtest: site schema: duplicate pages
2026-09-23T16:44:28.8992980Z ok 340 - site schema: duplicate pages
2026-09-23T16:44:28.8993330Z   ---
2026-09-23T16:44:28.8993630Z   duration_ms: 0.057459
2026-09-23T16:44:28.8993960Z   type: 'test'
2026-09-23T16:44:28.8994320Z   ...
2026-09-23T16:44:28.8995030Z # Subtest: site schema: duplicate slugs
2026-09-23T16:44:28.8995570Z ok 341 - site schema: duplicate slugs
2026-09-23T16:44:28.8995930Z   ---
2026-09-23T16:44:28.8996260Z   duration_ms: 0.2675
2026-09-23T16:44:28.8996570Z   type: 'test'
2026-09-23T16:44:28.8996820Z   ...
2026-09-23T16:44:28.8997190Z # Subtest: site schema: duplicate nested node IDs
2026-09-23T16:44:28.8997630Z ok 342 - site schema: duplicate nested node IDs
2026-09-23T16:44:28.8997930Z   ---
2026-09-23T16:44:28.8998170Z   duration_ms: 0.349458
2026-09-23T16:44:28.8998470Z   type: 'test'
2026-09-23T16:44:28.8998630Z   ...
2026-09-23T16:44:28.9023720Z # Subtest: site schema: path traversal
2026-09-23T16:44:28.9024670Z ok 343 - site schema: path traversal
2026-09-23T16:44:28.9025220Z   ---
2026-09-23T16:44:28.9025710Z   duration_ms: 0.067
2026-09-23T16:44:28.9026230Z   type: 'test'
2026-09-23T16:44:28.9030800Z   ...
2026-09-23T16:44:28.9031460Z # Subtest: site schema: missing home
2026-09-23T16:44:28.9032220Z ok 344 - site schema: missing home
2026-09-23T16:44:28.9032810Z   ---
2026-09-23T16:44:28.9033300Z   duration_ms: 0.062542
2026-09-23T16:44:28.9035110Z   type: 'test'
2026-09-23T16:44:28.9035570Z   ...
2026-09-23T16:44:28.9036290Z # Subtest: site schema: missing internal target
2026-09-23T16:44:28.9037360Z ok 345 - site schema: missing internal target
2026-09-23T16:44:28.9038040Z   ---
2026-09-23T16:44:28.9038570Z   duration_ms: 0.07525
2026-09-23T16:44:28.9039070Z   type: 'test'
2026-09-23T16:44:28.9039940Z   ...
2026-09-23T16:44:28.9040620Z # Subtest: site schema: javascript URL
2026-09-23T16:44:28.9041480Z ok 346 - site schema: javascript URL
2026-09-23T16:44:28.9042030Z   ---
2026-09-23T16:44:28.9042510Z   duration_ms: 0.071709
2026-09-23T16:44:28.9043010Z   type: 'test'
2026-09-23T16:44:28.9043400Z   ...
2026-09-23T16:44:28.9044070Z # Subtest: site schema: credentials in URL
2026-09-23T16:44:28.9044890Z ok 347 - site schema: credentials in URL
2026-09-23T16:44:28.9045480Z   ---
2026-09-23T16:44:28.9045960Z   duration_ms: 0.064084
2026-09-23T16:44:28.9046460Z   type: 'test'
2026-09-23T16:44:28.9046930Z   ...
2026-09-23T16:44:28.9047500Z # Subtest: site schema: HTTP URL
2026-09-23T16:44:28.9048410Z ok 348 - site schema: HTTP URL
2026-09-23T16:44:28.9048930Z   ---
2026-09-23T16:44:28.9049370Z   duration_ms: 0.062667
2026-09-23T16:44:28.9050670Z   type: 'test'
2026-09-23T16:44:28.9051160Z   ...
2026-09-23T16:44:28.9051840Z # Subtest: site schema: invalid high port
2026-09-23T16:44:28.9052660Z ok 349 - site schema: invalid high port
2026-09-23T16:44:28.9053220Z   ---
2026-09-23T16:44:28.9053670Z   duration_ms: 0.096375
2026-09-23T16:44:28.9054170Z   type: 'test'
2026-09-23T16:44:28.9054590Z   ...
2026-09-23T16:44:28.9055140Z # Subtest: site schema: query URL
2026-09-23T16:44:28.9055830Z ok 350 - site schema: query URL
2026-09-23T16:44:28.9056350Z   ---
2026-09-23T16:44:28.9056800Z   duration_ms: 0.345084
2026-09-23T16:44:28.9057300Z   type: 'test'
2026-09-23T16:44:28.9057710Z   ...
2026-09-23T16:44:28.9058260Z # Subtest: site schema: 13 pages
2026-09-23T16:44:28.9058940Z ok 351 - site schema: 13 pages
2026-09-23T16:44:28.9059440Z   ---
2026-09-23T16:44:28.9059920Z   duration_ms: 0.043125
2026-09-23T16:44:28.9060950Z   type: 'test'
2026-09-23T16:44:28.9061590Z   ...
2026-09-23T16:44:28.9062170Z # Subtest: site schema: 25 siblings
2026-09-23T16:44:28.9062920Z ok 352 - site schema: 25 siblings
2026-09-23T16:44:28.9063450Z   ---
2026-09-23T16:44:28.9063900Z   duration_ms: 0.0725
2026-09-23T16:44:28.9064410Z   type: 'test'
2026-09-23T16:44:28.9064830Z   ...
2026-09-23T16:44:28.9065400Z # Subtest: site schema: four levels
2026-09-23T16:44:28.9066130Z ok 353 - site schema: four levels
2026-09-23T16:44:28.9066630Z   ---
2026-09-23T16:44:28.9067080Z   duration_ms: 0.079459
2026-09-23T16:44:28.9067580Z   type: 'test'
2026-09-23T16:44:28.9067980Z   ...
2026-09-23T16:44:28.9068580Z # Subtest: site schema: 144 total nodes
2026-09-23T16:44:28.9069330Z ok 354 - site schema: 144 total nodes
2026-09-23T16:44:28.9069890Z   ---
2026-09-23T16:44:28.9070450Z   duration_ms: 0.280875
2026-09-23T16:44:28.9071650Z   type: 'test'
2026-09-23T16:44:28.9071830Z   ...
2026-09-23T16:44:28.9072090Z # Subtest: site schema: children on text
2026-09-23T16:44:28.9072420Z ok 355 - site schema: children on text
2026-09-23T16:44:28.9072630Z   ---
2026-09-23T16:44:28.9072810Z   duration_ms: 0.056334
2026-09-23T16:44:28.9073000Z   type: 'test'
2026-09-23T16:44:28.9073140Z   ...
2026-09-23T16:44:28.9073360Z # Subtest: site schema: body limit
2026-09-23T16:44:28.9073630Z ok 356 - site schema: body limit
2026-09-23T16:44:28.9073820Z   ---
2026-09-23T16:44:28.9073980Z   duration_ms: 0.052875
2026-09-23T16:44:28.9074180Z   type: 'test'
2026-09-23T16:44:28.9074320Z   ...
2026-09-23T16:44:28.9074570Z # Subtest: site schema: UTF-16 title overflow
2026-09-23T16:44:28.9074900Z ok 357 - site schema: UTF-16 title overflow
2026-09-23T16:44:28.9075120Z   ---
2026-09-23T16:44:28.9075280Z   duration_ms: 0.048917
2026-09-23T16:44:28.9075460Z   type: 'test'
2026-09-23T16:44:28.9075610Z   ...
2026-09-23T16:44:28.9075840Z # Subtest: site schema: fractional columns
2026-09-23T16:44:28.9076150Z ok 358 - site schema: fractional columns
2026-09-23T16:44:28.9076850Z   ---
2026-09-23T16:44:28.9077010Z   duration_ms: 0.060917
2026-09-23T16:44:28.9077190Z   type: 'test'
2026-09-23T16:44:28.9077330Z   ...
2026-09-23T16:44:28.9077550Z # Subtest: site schema: bad alignment
2026-09-23T16:44:28.9077830Z ok 359 - site schema: bad alignment
2026-09-23T16:44:28.9078020Z   ---
2026-09-23T16:44:28.9078180Z   duration_ms: 0.081375
2026-09-23T16:44:28.9078360Z   type: 'test'
2026-09-23T16:44:28.9078500Z   ...
2026-09-23T16:44:28.9078720Z # Subtest: site schema: missing media
2026-09-23T16:44:28.9079000Z ok 360 - site schema: missing media
2026-09-23T16:44:28.9079200Z   ---
2026-09-23T16:44:28.9079360Z   duration_ms: 0.101292
2026-09-23T16:44:28.9079540Z   type: 'test'
2026-09-23T16:44:28.9079680Z   ...
2026-09-23T16:44:28.9079930Z # Subtest: site schema: out of bounds media
2026-09-23T16:44:28.9080320Z ok 361 - site schema: out of bounds media
2026-09-23T16:44:28.9080530Z   ---
2026-09-23T16:44:28.9080700Z   duration_ms: 0.086875
2026-09-23T16:44:28.9080880Z   type: 'test'
2026-09-23T16:44:28.9081030Z   ...
2026-09-23T16:44:28.9081240Z # Subtest: site schema: SVG media
2026-09-23T16:44:28.9081510Z ok 362 - site schema: SVG media
2026-09-23T16:44:28.9081940Z   ---
2026-09-23T16:44:28.9082130Z   duration_ms: 0.051708
2026-09-23T16:44:28.9082480Z   type: 'test'
2026-09-23T16:44:28.9082650Z   ...
2026-09-23T16:44:28.9082880Z # Subtest: site schema: remote media field
2026-09-23T16:44:28.9083180Z ok 363 - site schema: remote media field
2026-09-23T16:44:28.9083390Z   ---
2026-09-23T16:44:28.9083600Z   duration_ms: 0.08975
2026-09-23T16:44:28.9083790Z   type: 'test'
2026-09-23T16:44:28.9083940Z   ...
2026-09-23T16:44:28.9084190Z # Subtest: site schema: fractional posts limit
2026-09-23T16:44:28.9084530Z ok 364 - site schema: fractional posts limit
2026-09-23T16:44:28.9084750Z   ---
2026-09-23T16:44:28.9084910Z   duration_ms: 0.093666
2026-09-23T16:44:28.9085100Z   type: 'test'
2026-09-23T16:44:28.9085240Z   ...
2026-09-23T16:44:28.9085970Z # Subtest: site schema: large document
2026-09-23T16:44:28.9086370Z ok 365 - site schema: large document
2026-09-23T16:44:28.9086780Z   ---
2026-09-23T16:44:28.9086990Z   duration_ms: 0.980667
2026-09-23T16:44:28.9087190Z   type: 'test'
2026-09-23T16:44:28.9087330Z   ...
2026-09-23T16:44:28.9087620Z # Subtest: site schema: empty composition at third level
2026-09-23T16:44:28.9088060Z ok 366 - site schema: empty composition at third level
2026-09-23T16:44:28.9088340Z   ---
2026-09-23T16:44:28.9088500Z   duration_ms: 0.105417
2026-09-23T16:44:28.9088670Z   type: 'test'
2026-09-23T16:44:28.9088810Z   ...
2026-09-23T16:44:28.9089100Z # Subtest: site schema: unreferenced executable attachment
2026-09-23T16:44:28.9089500Z ok 367 - site schema: unreferenced executable attachment
2026-09-23T16:44:28.9089740Z   ---
2026-09-23T16:44:28.9089900Z   duration_ms: 0.089334
2026-09-23T16:44:28.9090080Z   type: 'test'
2026-09-23T16:44:28.9090240Z   ...
2026-09-23T16:44:28.9090570Z # Subtest: site schema: invalid image base64 length
2026-09-23T16:44:28.9090930Z ok 368 - site schema: invalid image base64 length
2026-09-23T16:44:28.9091150Z   ---
2026-09-23T16:44:28.9091310Z   duration_ms: 0.038167
2026-09-23T16:44:28.9091490Z   type: 'test'
2026-09-23T16:44:28.9091630Z   ...
2026-09-23T16:44:28.9091890Z # Subtest: site schema: valid HTTPS escaped path
2026-09-23T16:44:28.9092230Z ok 369 - site schema: valid HTTPS escaped path
2026-09-23T16:44:28.9092490Z   ---
2026-09-23T16:44:28.9092660Z   duration_ms: 0.114
2026-09-23T16:44:28.9092830Z   type: 'test'
2026-09-23T16:44:28.9092970Z   ...
2026-09-23T16:44:28.9093210Z # Subtest: site schema: valid HTTPS local IPv4
2026-09-23T16:44:28.9093540Z ok 370 - site schema: valid HTTPS local IPv4
2026-09-23T16:44:28.9093760Z   ---
2026-09-23T16:44:28.9093920Z   duration_ms: 0.141417
2026-09-23T16:44:28.9094110Z   type: 'test'
2026-09-23T16:44:28.9094240Z   ...
2026-09-23T16:44:28.9094520Z # Subtest: site schema: valid HTTPS international path
2026-09-23T16:44:28.9094900Z ok 371 - site schema: valid HTTPS international path
2026-09-23T16:44:28.9096590Z   ---
2026-09-23T16:44:28.9096760Z   duration_ms: 0.10125
2026-09-23T16:44:28.9096940Z   type: 'test'
2026-09-23T16:44:28.9097080Z   ...
2026-09-23T16:44:28.9097360Z # Subtest: site schema: invalid HTTPS percent escape
2026-09-23T16:44:28.9097800Z ok 372 - site schema: invalid HTTPS percent escape
2026-09-23T16:44:28.9098060Z   ---
2026-09-23T16:44:28.9098220Z   duration_ms: 0.059167
2026-09-23T16:44:28.9098400Z   type: 'test'
2026-09-23T16:44:28.9098550Z   ...
2026-09-23T16:44:28.9098870Z # Subtest: site schema: invalid HTTPS dangling percent
2026-09-23T16:44:28.9099310Z ok 373 - site schema: invalid HTTPS dangling percent
2026-09-23T16:44:28.9099600Z   ---
2026-09-23T16:44:28.9099790Z   duration_ms: 0.056125
2026-09-23T16:44:28.9099970Z   type: 'test'
2026-09-23T16:44:28.9100110Z   ...
2026-09-23T16:44:28.9100400Z # Subtest: site schema: invalid HTTPS Unicode whitespace
2026-09-23T16:44:28.9100800Z ok 374 - site schema: invalid HTTPS Unicode whitespace
2026-09-23T16:44:28.9101040Z   ---
2026-09-23T16:44:28.9101200Z   duration_ms: 0.061
2026-09-23T16:44:28.9101380Z   type: 'test'
2026-09-23T16:44:28.9101530Z   ...
2026-09-23T16:44:28.9101940Z # Subtest: site schema: invalid HTTPS control character
2026-09-23T16:44:28.9102350Z ok 375 - site schema: invalid HTTPS control character
2026-09-23T16:44:28.9102590Z   ---
2026-09-23T16:44:28.9102750Z   duration_ms: 0.084083
2026-09-23T16:44:28.9102940Z   type: 'test'
2026-09-23T16:44:28.9103080Z   ...
2026-09-23T16:44:28.9103340Z # Subtest: site schema: invalid HTTPS IPv4 range
2026-09-23T16:44:28.9103690Z ok 376 - site schema: invalid HTTPS IPv4 range
2026-09-23T16:44:28.9103910Z   ---
2026-09-23T16:44:28.9104070Z   duration_ms: 0.069958
2026-09-23T16:44:28.9104250Z   type: 'test'
2026-09-23T16:44:28.9104390Z   ...
2026-09-23T16:44:28.9104670Z # Subtest: site schema: invalid HTTPS abbreviated IPv4
2026-09-23T16:44:28.9105040Z ok 377 - site schema: invalid HTTPS abbreviated IPv4
2026-09-23T16:44:28.9105280Z   ---
2026-09-23T16:44:28.9105450Z   duration_ms: 0.055709
2026-09-23T16:44:28.9105630Z   type: 'test'
2026-09-23T16:44:28.9105780Z   ...
2026-09-23T16:44:28.9106090Z # Subtest: site schema: invalid HTTPS numeric final DNS label
2026-09-23T16:44:28.9106530Z ok 378 - site schema: invalid HTTPS numeric final DNS label
2026-09-23T16:44:28.9106790Z   ---
2026-09-23T16:44:28.9106950Z   duration_ms: 0.053625
2026-09-23T16:44:28.9107140Z   type: 'test'
2026-09-23T16:44:28.9107280Z   ...
2026-09-23T16:44:28.9107590Z # Subtest: site schema: invalid HTTPS hexadecimal IP alias
2026-09-23T16:44:28.9108000Z ok 379 - site schema: invalid HTTPS hexadecimal IP alias
2026-09-23T16:44:28.9108240Z   ---
2026-09-23T16:44:28.9108400Z   duration_ms: 0.053
2026-09-23T16:44:28.9108580Z   type: 'test'
2026-09-23T16:44:28.9108720Z   ...
2026-09-23T16:44:28.9109000Z # Subtest: site schema: invalid HTTPS octal IP alias
2026-09-23T16:44:28.9109560Z ok 380 - site schema: invalid HTTPS octal IP alias
2026-09-23T16:44:28.9109840Z   ---
2026-09-23T16:44:28.9110020Z   duration_ms: 0.05325
2026-09-23T16:44:28.9110200Z   type: 'test'
2026-09-23T16:44:28.9110340Z   ...
2026-09-23T16:44:28.9110600Z # Subtest: site schema: valid HTTPS local hostname
2026-09-23T16:44:28.9110960Z ok 381 - site schema: valid HTTPS local hostname
2026-09-23T16:44:28.9111200Z   ---
2026-09-23T16:44:28.9117390Z   duration_ms: 0.093209
2026-09-23T16:44:28.9117580Z   type: 'test'
2026-09-23T16:44:28.9117770Z   ...
2026-09-23T16:44:28.9118110Z # Subtest: site schema: invalid HTTPS hostname label
2026-09-23T16:44:28.9118540Z ok 382 - site schema: invalid HTTPS hostname label
2026-09-23T16:44:28.9118910Z   ---
2026-09-23T16:44:28.9119080Z   duration_ms: 0.0545
2026-09-23T16:44:28.9119280Z   type: 'test'
2026-09-23T16:44:28.9119440Z   ...
2026-09-23T16:44:28.9119790Z # Subtest: site schema: valid HTTPS IDN ASCII hostname
2026-09-23T16:44:28.9120200Z ok 383 - site schema: valid HTTPS IDN ASCII hostname
2026-09-23T16:44:28.9120430Z   ---
2026-09-23T16:44:28.9120590Z   duration_ms: 0.0675
2026-09-23T16:44:28.9121330Z   type: 'test'
2026-09-23T16:44:28.9121470Z   ...
2026-09-23T16:44:28.9121720Z # Subtest: site schema: version 2 typed table
2026-09-23T16:44:28.9122050Z ok 384 - site schema: version 2 typed table
2026-09-23T16:44:28.9122270Z   ---
2026-09-23T16:44:28.9122440Z   duration_ms: 0.317
2026-09-23T16:44:28.9122670Z   type: 'test'
2026-09-23T16:44:28.9122820Z   ...
2026-09-23T16:44:28.9123080Z # Subtest: site schema: table rejected in version 1
2026-09-23T16:44:28.9123460Z ok 385 - site schema: table rejected in version 1
2026-09-23T16:44:28.9123690Z   ---
2026-09-23T16:44:28.9123860Z   duration_ms: 0.069125
2026-09-23T16:44:28.9124050Z   type: 'test'
2026-09-23T16:44:28.9124200Z   ...
2026-09-23T16:44:28.9124430Z # Subtest: site schema: table missing data
2026-09-23T16:44:28.9124740Z ok 386 - site schema: table missing data
2026-09-23T16:44:28.9124950Z   ---
2026-09-23T16:44:28.9125110Z   duration_ms: 0.06225
2026-09-23T16:44:28.9125300Z   type: 'test'
2026-09-23T16:44:28.9125440Z   ...
2026-09-23T16:44:28.9125710Z # Subtest: site schema: data on non-table block
2026-09-23T16:44:28.9126220Z ok 387 - site schema: data on non-table block
2026-09-23T16:44:28.9126470Z   ---
2026-09-23T16:44:28.9126890Z   duration_ms: 0.06075
2026-09-23T16:44:28.9127110Z   type: 'test'
2026-09-23T16:44:28.9127260Z   ...
2026-09-23T16:44:28.9127480Z # Subtest: site schema: table unknown field
2026-09-23T16:44:28.9127870Z ok 388 - site schema: table unknown field
2026-09-23T16:44:28.9128110Z   ---
2026-09-23T16:44:28.9128270Z   duration_ms: 0.062542
2026-09-23T16:44:28.9128450Z   type: 'test'
2026-09-23T16:44:28.9128600Z   ...
2026-09-23T16:44:28.9128870Z # Subtest: site schema: table repeated row identifier
2026-09-23T16:44:28.9129240Z ok 389 - site schema: table repeated row identifier
2026-09-23T16:44:28.9129480Z   ---
2026-09-23T16:44:28.9129640Z   duration_ms: 0.078792
2026-09-23T16:44:28.9129820Z   type: 'test'
2026-09-23T16:44:28.9129970Z   ...
2026-09-23T16:44:28.9130220Z # Subtest: site schema: table wrong typed number
2026-09-23T16:44:28.9130570Z ok 390 - site schema: table wrong typed number
2026-09-23T16:44:28.9130840Z   ---
2026-09-23T16:44:28.9131040Z   duration_ms: 0.077875
2026-09-23T16:44:28.9131250Z   type: 'test'
2026-09-23T16:44:28.9131380Z   ...
2026-09-23T16:44:28.9131810Z # Subtest: templates satisfy the same wire contract and produce unique block identities
2026-09-23T16:44:28.9132570Z ok 391 - templates satisfy the same wire contract and produce unique block identities
2026-09-23T16:44:28.9132930Z   ---
2026-09-23T16:44:28.9133110Z   duration_ms: 0.998292
2026-09-23T16:44:28.9133350Z   type: 'test'
2026-09-23T16:44:28.9133520Z   ...
2026-09-23T16:44:28.9133830Z # Subtest: site input rejects getters without invoking them
2026-09-23T16:44:28.9134250Z ok 392 - site input rejects getters without invoking them
2026-09-23T16:44:28.9134500Z   ---
2026-09-23T16:44:28.9134670Z   duration_ms: 0.110125
2026-09-23T16:44:28.9134900Z   type: 'test'
2026-09-23T16:44:28.9135040Z   ...
2026-09-23T16:44:28.9135380Z # Subtest: site total image budget is enforced outside the editor
2026-09-23T16:44:28.9135830Z ok 393 - site total image budget is enforced outside the editor
2026-09-23T16:44:28.9136090Z   ---
2026-09-23T16:44:28.9136250Z   duration_ms: 5.721
2026-09-23T16:44:28.9136440Z   type: 'test'
2026-09-23T16:44:28.9136580Z   ...
2026-09-23T16:44:28.9136990Z # Subtest: image limit counts decoded bytes, including padding at the exact boundary
2026-09-23T16:44:28.9137580Z ok 394 - image limit counts decoded bytes, including padding at the exact boundary
2026-09-23T16:44:28.9137900Z   ---
2026-09-23T16:44:28.9138060Z   duration_ms: 8.278583
2026-09-23T16:44:28.9138250Z   type: 'test'
2026-09-23T16:44:28.9138380Z   ...
2026-09-23T16:44:28.9138800Z # Subtest: individually valid tables also consume the global 128 KiB document budget
2026-09-23T16:44:28.9139390Z ok 395 - individually valid tables also consume the global 128 KiB document budget
2026-09-23T16:44:28.9139720Z   ---
2026-09-23T16:44:28.9139890Z   duration_ms: 7.077084
2026-09-23T16:44:28.9140400Z   type: 'test'
2026-09-23T16:44:28.9140540Z   ...
2026-09-23T16:44:29.0275780Z # Subtest: draft context retains original base and exact pending request across serialisation without transferring ownership
2026-09-23T16:44:29.0276760Z ok 396 - draft context retains original base and exact pending request across serialisation without transferring ownership
2026-09-23T16:44:29.0278660Z   ---
2026-09-23T16:44:29.0279020Z   duration_ms: 1.101333
2026-09-23T16:44:29.0279260Z   type: 'test'
2026-09-23T16:44:29.0279400Z   ...
2026-09-23T16:44:29.0280140Z # Subtest: malformed or ambiguous draft context cannot replace valid private editing metadata
2026-09-23T16:44:29.0280880Z ok 397 - malformed or ambiguous draft context cannot replace valid private editing metadata
2026-09-23T16:44:29.0281210Z   ---
2026-09-23T16:44:29.0281360Z   duration_ms: 0.529083
2026-09-23T16:44:29.0281540Z   type: 'test'
2026-09-23T16:44:29.0281670Z   ...
2026-09-23T16:44:29.6679270Z # Subtest: v4 binds nested and cross-page forms to typed local tables; Node and Go agree on positive/negative document vectors
2026-09-23T16:44:29.6681870Z ok 398 - v4 binds nested and cross-page forms to typed local tables; Node and Go agree on positive/negative document vectors
2026-09-23T16:44:29.6683480Z   ---
2026-09-23T16:44:29.6684400Z   duration_ms: 420.800792
2026-09-23T16:44:29.6685210Z   type: 'test'
2026-09-23T16:44:29.6685500Z   ...
2026-09-23T16:44:29.6686110Z # Subtest: copying a page or a composition rebinds local tables while foreign-page references remain independent
2026-09-23T16:44:29.6686930Z ok 399 - copying a page or a composition rebinds local tables while foreign-page references remain independent
2026-09-23T16:44:29.6687530Z   ---
2026-09-23T16:44:29.6687700Z   duration_ms: 3.796709
2026-09-23T16:44:29.6688230Z   type: 'test'
2026-09-23T16:44:29.6688420Z   ...
2026-09-23T16:44:29.6689100Z # Subtest: v4 schemas remain covered by owner snapshots; unversioned or counterfeit envelopes cannot supply form authority
2026-09-23T16:44:29.6690120Z ok 400 - v4 schemas remain covered by owner snapshots; unversioned or counterfeit envelopes cannot supply form authority
2026-09-23T16:44:29.6690610Z   ---
2026-09-23T16:44:29.6690840Z   duration_ms: 33.498292
2026-09-23T16:44:29.6691120Z   type: 'test'
2026-09-23T16:44:29.6691350Z   ...
2026-09-23T16:44:39.4567250Z # Subtest: versioned sites cross TCP and serial PTY, survive partition/heal and reach a new reader from a consenting offline-author seeder
2026-09-23T16:44:39.4569920Z ok 401 - versioned sites cross TCP and serial PTY, survive partition/heal and reach a new reader from a consenting offline-author seeder
2026-09-23T16:44:39.4571220Z   ---
2026-09-23T16:44:39.4571690Z   duration_ms: 9642.750958
2026-09-23T16:44:39.4572220Z   type: 'test'
2026-09-23T16:44:39.4572620Z   ...
2026-09-23T16:45:31.4330550Z # (node:16240) ExperimentalWarning: SQLite is an experimental feature and might change at any time
2026-09-23T16:45:31.4340770Z # (Use `node --trace-warnings ...` to show where the warning was created)
2026-09-23T16:45:31.4342270Z # Subtest: Node combined owner-outcome batch rotates fairly and retains every pending original envelope
2026-09-23T16:45:31.4343370Z ok 402 - Node combined owner-outcome batch rotates fairly and retains every pending original envelope
2026-09-23T16:45:31.4343950Z   ---
2026-09-23T16:45:31.4344290Z   duration_ms: 759.27875
2026-09-23T16:45:31.4344600Z   type: 'test'
2026-09-23T16:45:31.4344900Z   ...
2026-09-23T16:45:31.4345660Z # Subtest: Node combined owner-outcome batch charges failed copies and retains every pending original envelope
2026-09-23T16:45:31.4346740Z ok 403 - Node combined owner-outcome batch charges failed copies and retains every pending original envelope
2026-09-23T16:45:31.4347310Z   ---
2026-09-23T16:45:31.4347680Z   duration_ms: 650.386084
2026-09-23T16:45:31.4348100Z   type: 'test'
2026-09-23T16:45:31.4348380Z   ...
2026-09-23T16:45:31.4349100Z # Subtest: Go receipt and refusal runtime share one rotating copy budget, including real quota failures
2026-09-23T16:45:31.4399690Z ok 404 - Go receipt and refusal runtime share one rotating copy budget, including real quota failures
2026-09-23T16:45:31.4401020Z   ---
2026-09-23T16:45:31.4401820Z   duration_ms: 50371.941
2026-09-23T16:45:31.4402670Z   type: 'test'
2026-09-23T16:45:31.4403190Z   ...
2026-09-23T16:45:31.4404860Z # {"phase":"compile-only","durationMs":30563,"exitCode":0,"signal":null,"error":null}
2026-09-23T16:45:31.4405890Z # {"phase":"execute","durationMs":19802,"exitCode":0,"signal":null,"error":null}
2026-09-23T16:45:31.7302810Z # Subtest: page duplication preserves the source, shared assets and external links while remapping nested self-links
2026-09-23T16:45:31.7309570Z ok 405 - page duplication preserves the source, shared assets and external links while remapping nested self-links
2026-09-23T16:45:31.7310970Z   ---
2026-09-23T16:45:31.7311330Z   duration_ms: 3.848
2026-09-23T16:45:31.7311670Z   type: 'test'
2026-09-23T16:45:31.7311920Z   ...
2026-09-23T16:45:31.7312590Z # Subtest: duplicate names/slugs remain bounded and unique with Unicode and the exact page cap
2026-09-23T16:45:31.7344120Z ok 406 - duplicate names/slugs remain bounded and unique with Unicode and the exact page cap
2026-09-23T16:45:31.7345030Z   ---
2026-09-23T16:45:31.7345320Z   duration_ms: 4.317167
2026-09-23T16:45:31.7345590Z   type: 'test'
2026-09-23T16:45:31.7345830Z   ...
2026-09-23T16:45:31.7346540Z # Subtest: page copying accepts exactly 128 nodes and refuses the next node without changing the draft
2026-09-23T16:45:31.7347300Z ok 407 - page copying accepts exactly 128 nodes and refuses the next node without changing the draft
2026-09-23T16:45:31.7347860Z   ---
2026-09-23T16:45:31.7348180Z   duration_ms: 2.973542
2026-09-23T16:45:31.7348480Z   type: 'test'
2026-09-23T16:45:31.7348720Z   ...
2026-09-23T16:45:31.7349440Z # Subtest: reordering preserves page identities, home and links and has no history-changing boundary step
2026-09-23T16:45:31.7350360Z ok 408 - reordering preserves page identities, home and links and has no history-changing boundary step
2026-09-23T16:45:31.7350910Z   ---
2026-09-23T16:45:31.7351290Z   duration_ms: 0.561625
2026-09-23T16:45:31.7351530Z   type: 'test'
2026-09-23T16:45:31.7351850Z   ...
2026-09-23T16:45:31.7352580Z # Subtest: copying is explicit authored content creation in the selected language and never mutates an invalid source
2026-09-23T16:45:31.7353460Z ok 409 - copying is explicit authored content creation in the selected language and never mutates an invalid source
2026-09-23T16:45:31.7353990Z   ---
2026-09-23T16:45:31.7354290Z   duration_ms: 0.617917
2026-09-23T16:45:31.7354510Z   type: 'test'
2026-09-23T16:45:31.7354750Z   ...
2026-09-23T16:45:32.1820020Z # (node:17856) ExperimentalWarning: SQLite is an experimental feature and might change at any time
2026-09-23T16:45:32.1820890Z # (Use `node --trace-warnings ...` to show where the warning was created)
2026-09-23T16:45:32.1836110Z # Subtest: private site staging survives SQLite restart and does not expose signatures to the reading secret
2026-09-23T16:45:32.1837320Z ok 410 - private site staging survives SQLite restart and does not expose signatures to the reading secret
2026-09-23T16:45:32.1837880Z   ---
2026-09-23T16:45:32.1838270Z   duration_ms: 64.619334
2026-09-23T16:45:32.1838650Z   type: 'test'
2026-09-23T16:45:32.1838880Z   ...
2026-09-23T16:45:32.1839640Z # Subtest: private resource staging survives SQLite restart and does not expose signatures to the reading secret
2026-09-23T16:45:32.1840730Z ok 411 - private resource staging survives SQLite restart and does not expose signatures to the reading secret
2026-09-23T16:45:32.1841250Z   ---
2026-09-23T16:45:32.1841680Z   duration_ms: 59.093042
2026-09-23T16:45:32.1842320Z   type: 'test'
2026-09-23T16:45:32.1842630Z   ...
2026-09-23T16:45:32.1843420Z # Subtest: private contribution staging survives SQLite restart and does not expose signatures to the reading secret
2026-09-23T16:45:32.1844450Z ok 412 - private contribution staging survives SQLite restart and does not expose signatures to the reading secret
2026-09-23T16:45:32.1849880Z   ---
2026-09-23T16:45:32.1850160Z   duration_ms: 56.364875
2026-09-23T16:45:32.1850500Z   type: 'test'
2026-09-23T16:45:32.1850750Z   ...
2026-09-23T16:45:32.1851410Z # Subtest: private contribution-inbox staging survives SQLite restart and does not expose signatures to the reading secret
2026-09-23T16:45:32.1852350Z ok 413 - private contribution-inbox staging survives SQLite restart and does not expose signatures to the reading secret
2026-09-23T16:45:32.1852900Z   ---
2026-09-23T16:45:32.1853160Z   duration_ms: 52.750458
2026-09-23T16:45:32.1853450Z   type: 'test'
2026-09-23T16:45:32.1853700Z   ...
2026-09-23T16:45:32.1854380Z # Subtest: private contribution-receipt staging survives SQLite restart and does not expose signatures to the reading secret
2026-09-23T16:45:32.1855630Z ok 414 - private contribution-receipt staging survives SQLite restart and does not expose signatures to the reading secret
2026-09-23T16:45:32.1856150Z   ---
2026-09-23T16:45:32.1856410Z   duration_ms: 55.369375
2026-09-23T16:45:32.1873870Z   type: 'test'
2026-09-23T16:45:32.1874300Z   ...
2026-09-23T16:45:32.1875080Z # Subtest: private staging quota failure aborts all record changes even when its error is caught
2026-09-23T16:45:32.1875900Z ok 415 - private staging quota failure aborts all record changes even when its error is caught
2026-09-23T16:45:32.1876290Z   ---
2026-09-23T16:45:32.1876600Z   duration_ms: 12.042333
2026-09-23T16:45:32.1876850Z   type: 'test'
2026-09-23T16:45:32.1877100Z   ...
2026-09-23T16:45:32.1877610Z # Subtest: private record handles expire at the synchronous transaction boundary
2026-09-23T16:45:32.1878240Z ok 416 - private record handles expire at the synchronous transaction boundary
2026-09-23T16:45:32.1878660Z   ---
2026-09-23T16:45:32.1878870Z   duration_ms: 4.163458
2026-09-23T16:45:32.1879140Z   type: 'test'
2026-09-23T16:45:32.1879380Z   ...
2026-09-23T16:45:32.1880000Z # Subtest: missing and transposed ciphertext are rejected even inside an otherwise authentic outer database
2026-09-23T16:45:32.1880960Z ok 417 - missing and transposed ciphertext are rejected even inside an otherwise authentic outer database
2026-09-23T16:45:32.1881480Z   ---
2026-09-23T16:45:32.1881730Z   duration_ms: 11.924083
2026-09-23T16:45:32.1882090Z   type: 'test'
2026-09-23T16:45:32.1882390Z   ...
2026-09-23T16:45:34.1946790Z # Subtest: node editor keeps one publication after a lost response and process restart; private version recovery preserves readers
2026-09-23T16:45:34.1956370Z ok 418 - node editor keeps one publication after a lost response and process restart; private version recovery preserves readers
2026-09-23T16:45:34.1957540Z   ---
2026-09-23T16:45:34.1957990Z   duration_ms: 1784.59525
2026-09-23T16:45:34.1958410Z   type: 'test'
2026-09-23T16:45:34.1960990Z   ...
2026-09-23T16:45:36.2828970Z # Subtest: node editor rejects stale and changed review bases, and can close a consumed competing attempt without claiming cancellation
2026-09-23T16:45:36.2864400Z ok 419 - node editor rejects stale and changed review bases, and can close a consumed competing attempt without claiming cancellation
2026-09-23T16:45:36.2865390Z   ---
2026-09-23T16:45:36.2865870Z   duration_ms: 2083.073
2026-09-23T16:45:36.2866260Z   type: 'test'
2026-09-23T16:45:36.2866610Z   ...
2026-09-23T16:45:37.2321790Z # Subtest: node editor never sends before durable draft acknowledgement, keeps unknown submissions frozen, and fences a locked session
2026-09-23T16:45:37.2325580Z ok 420 - node editor never sends before durable draft acknowledgement, keeps unknown submissions frozen, and fences a locked session
2026-09-23T16:45:37.2327000Z   ---
2026-09-23T16:45:37.2327320Z   duration_ms: 952.052666
2026-09-23T16:45:37.2327680Z   type: 'test'
2026-09-23T16:45:37.2328080Z   ...
2026-09-23T16:45:38.4992660Z # Subtest: native editor keeps one publication after a lost response and process restart; private version recovery preserves readers
2026-09-23T16:45:38.4993960Z ok 421 - native editor keeps one publication after a lost response and process restart; private version recovery preserves readers
2026-09-23T16:45:38.4995070Z   ---
2026-09-23T16:45:38.4995350Z   duration_ms: 1267.164625
2026-09-23T16:45:38.4995610Z   type: 'test'
2026-09-23T16:45:38.4995850Z   ...
2026-09-23T16:45:40.3009860Z # Subtest: native editor rejects stale and changed review bases, and can close a consumed competing attempt without claiming cancellation
2026-09-23T16:45:40.3011230Z ok 422 - native editor rejects stale and changed review bases, and can close a consumed competing attempt without claiming cancellation
2026-09-23T16:45:40.3012680Z   ---
2026-09-23T16:45:40.3013020Z   duration_ms: 1800.655875
2026-09-23T16:45:40.3013380Z   type: 'test'
2026-09-23T16:45:40.3013670Z   ...
2026-09-23T16:45:40.9423250Z # Subtest: native editor never sends before durable draft acknowledgement, keeps unknown submissions frozen, and fences a locked session
2026-09-23T16:45:40.9424650Z ok 423 - native editor never sends before durable draft acknowledgement, keeps unknown submissions frozen, and fences a locked session
2026-09-23T16:45:40.9425340Z   ---
2026-09-23T16:45:40.9425590Z   duration_ms: 640.409834
2026-09-23T16:45:40.9426530Z   type: 'test'
2026-09-23T16:45:40.9426790Z   ...
2026-09-23T16:45:42.4494450Z # Subtest: node editor can close an unadmitted request after a late fork changes only its base
2026-09-23T16:45:42.4527100Z ok 424 - node editor can close an unadmitted request after a late fork changes only its base
2026-09-23T16:45:42.4532130Z   ---
2026-09-23T16:45:42.4569160Z   duration_ms: 1506.513667
2026-09-23T16:45:42.4574680Z   type: 'test'
2026-09-23T16:45:42.4598890Z   ...
2026-09-23T16:45:43.9438670Z # Subtest: native editor can close an unadmitted request after a late fork changes only its base
2026-09-23T16:45:43.9439660Z ok 425 - native editor can close an unadmitted request after a late fork changes only its base
2026-09-23T16:45:43.9440060Z   ---
2026-09-23T16:45:43.9440350Z   duration_ms: 1493.895542
2026-09-23T16:45:43.9440750Z   type: 'test'
2026-09-23T16:45:43.9440970Z   ...
2026-09-23T16:45:49.9609540Z # Subtest: node editor can resume an earlier authorized copy without replacing the current draft
2026-09-23T16:45:49.9612020Z ok 426 - node editor can resume an earlier authorized copy without replacing the current draft
2026-09-23T16:45:49.9613310Z   ---
2026-09-23T16:45:49.9613920Z   duration_ms: 6011.893834
2026-09-23T16:45:49.9614650Z   type: 'test'
2026-09-23T16:45:49.9615220Z   ...
2026-09-23T16:45:51.8525600Z # Subtest: native editor can resume an earlier authorized copy without replacing the current draft
2026-09-23T16:45:51.8526850Z ok 427 - native editor can resume an earlier authorized copy without replacing the current draft
2026-09-23T16:45:51.8527610Z   ---
2026-09-23T16:45:51.8528220Z   duration_ms: 1894.045917
2026-09-23T16:45:51.8528500Z   type: 'test'
2026-09-23T16:45:51.8528830Z   ...
2026-09-23T16:45:54.0936270Z # Subtest: receipt journals agree across Node/portable/Go on immutable intent, phases, expiry and source binding
2026-09-23T16:45:54.0937910Z ok 428 - receipt journals agree across Node/portable/Go on immutable intent, phases, expiry and source binding
2026-09-23T16:45:54.0941530Z   ---
2026-09-23T16:45:54.0942490Z   duration_ms: 2049.472708
2026-09-23T16:45:54.0942790Z   type: 'test'
2026-09-23T16:45:54.0943010Z   ...
2026-09-23T16:46:22.5779480Z # (node:18408) ExperimentalWarning: SQLite is an experimental feature and might change at any time
2026-09-23T16:46:22.5781400Z # (Use `node --trace-warnings ...` to show where the warning was created)
2026-09-23T16:46:22.5782460Z # Subtest: Node receipt batch rotates fairly and retains every pending original envelope
2026-09-23T16:46:22.5783570Z ok 429 - Node receipt batch rotates fairly and retains every pending original envelope
2026-09-23T16:46:22.5784330Z   ---
2026-09-23T16:46:22.5784830Z   duration_ms: 923.727833
2026-09-23T16:46:22.5785450Z   type: 'test'
2026-09-23T16:46:22.5785870Z   ...
2026-09-23T16:46:22.5786560Z # Subtest: Node receipt batch charges failed copies and retains every pending original envelope
2026-09-23T16:46:22.5789510Z ok 430 - Node receipt batch charges failed copies and retains every pending original envelope
2026-09-23T16:46:22.5790290Z   ---
2026-09-23T16:46:22.5794950Z   duration_ms: 767.33525
2026-09-23T16:46:22.5795400Z   type: 'test'
2026-09-23T16:46:22.5795890Z   ...
2026-09-23T16:46:22.5796890Z # Subtest: Go receipt runtime applies the same rotating copy budget, including real quota failures
2026-09-23T16:46:22.5804230Z ok 431 - Go receipt runtime applies the same rotating copy budget, including real quota failures
2026-09-23T16:46:22.5805120Z   ---
2026-09-23T16:46:22.5805940Z   duration_ms: 26604.999959
2026-09-23T16:46:22.5806440Z   type: 'test'
2026-09-23T16:46:22.5806870Z   ...
2026-09-23T16:46:22.5807680Z # {"phase":"compile-only","durationMs":1366,"exitCode":0,"signal":null,"error":null}
2026-09-23T16:46:22.5808510Z # {"phase":"execute","durationMs":25227,"exitCode":0,"signal":null,"error":null}
2026-09-23T16:46:24.3694410Z # Subtest: site sequence reservation is not publication; replay is stable and stale bases do not mutate state
2026-09-23T16:46:24.3697000Z ok 432 - site sequence reservation is not publication; replay is stable and stale bases do not mutate state
2026-09-23T16:46:24.3698860Z   ---
2026-09-23T16:46:24.3699280Z   duration_ms: 17.680834
2026-09-23T16:46:24.3699800Z   type: 'test'
2026-09-23T16:46:24.3700200Z   ...
2026-09-23T16:46:24.3700940Z # Subtest: a newer signed observation supersedes an unfinished publication and cannot roll back to older headers
2026-09-23T16:46:24.3756750Z ok 433 - a newer signed observation supersedes an unfinished publication and cannot roll back to older headers
2026-09-23T16:46:24.3760600Z   ---
2026-09-23T16:46:24.3760930Z   duration_ms: 9.629125
2026-09-23T16:46:24.3761290Z   type: 'test'
2026-09-23T16:46:24.3761990Z   ...
2026-09-23T16:46:24.3762570Z # Subtest: retired site operation sequences cannot be replayed as new writes
2026-09-23T16:46:24.3763200Z ok 434 - retired site operation sequences cannot be replayed as new writes
2026-09-23T16:46:24.3763620Z   ---
2026-09-23T16:46:24.3763880Z   duration_ms: 631.331125
2026-09-23T16:46:24.3764230Z   type: 'test'
2026-09-23T16:46:24.3764500Z   ...
2026-09-23T16:46:24.3765120Z # Subtest: a full site history can advance while the latest known header is retained without payloads
2026-09-23T16:46:24.3765920Z ok 435 - a full site history can advance while the latest known header is retained without payloads
2026-09-23T16:46:24.3766410Z   ---
2026-09-23T16:46:24.3766630Z   duration_ms: 741.304208
2026-09-23T16:46:24.3766910Z   type: 'test'
2026-09-23T16:46:24.3767210Z   ...
2026-09-23T16:46:24.3767890Z # Subtest: registry shape and single pending operation limits reject malformed state without invoking getters
2026-09-23T16:46:24.3768810Z ok 436 - registry shape and single pending operation limits reject malformed state without invoking getters
2026-09-23T16:46:24.3769290Z   ---
2026-09-23T16:46:24.3769510Z   duration_ms: 4.377875
2026-09-23T16:46:24.3769790Z   type: 'test'
2026-09-23T16:46:24.3769990Z   ...
2026-09-23T16:46:24.3770910Z # Subtest: equal-sequence signed concurrency changes the base before durable authorization
2026-09-23T16:46:24.3771700Z ok 437 - equal-sequence signed concurrency changes the base before durable authorization
2026-09-23T16:46:24.3772120Z   ---
2026-09-23T16:46:24.3772510Z   duration_ms: 6.170334
2026-09-23T16:46:24.3773440Z   type: 'test'
2026-09-23T16:46:24.3773790Z   ...
2026-09-23T16:46:24.3774460Z # Subtest: committed publication recovery is irreversible and never rolls back a newer signed head
2026-09-23T16:46:24.3775250Z ok 438 - committed publication recovery is irreversible and never rolls back a newer signed head
2026-09-23T16:46:24.3775750Z   ---
2026-09-23T16:46:24.3776130Z   duration_ms: 16.232416
2026-09-23T16:46:24.3776440Z   type: 'test'
2026-09-23T16:46:24.3776730Z   ...
2026-09-23T16:46:24.3777420Z # Subtest: cryptographic memoization is confined to one transition and cannot hide subsequent mutations
2026-09-23T16:46:24.3778610Z ok 439 - cryptographic memoization is confined to one transition and cannot hide subsequent mutations
2026-09-23T16:46:24.3779070Z   ---
2026-09-23T16:46:24.3779330Z   duration_ms: 153.874542
2026-09-23T16:46:24.3779560Z   type: 'test'
2026-09-23T16:46:24.3779860Z   ...
2026-09-23T16:46:25.5525490Z # Subtest: explicit refusal journals agree across Node/portable/Go on immutable intent, phases, expiry and source binding
2026-09-23T16:46:25.5529030Z ok 440 - explicit refusal journals agree across Node/portable/Go on immutable intent, phases, expiry and source binding
2026-09-23T16:46:25.5530490Z   ---
2026-09-23T16:46:25.5531050Z   duration_ms: 910.568166
2026-09-23T16:46:25.5531740Z   type: 'test'
2026-09-23T16:46:25.5532330Z   ...
2026-09-23T16:46:25.9031730Z # (node:19062) ExperimentalWarning: SQLite is an experimental feature and might change at any time
2026-09-23T16:46:25.9033820Z # (Use `node --trace-warnings ...` to show where the warning was created)
2026-09-23T16:46:25.9044600Z # Subtest: logical site publication replays the same public or private result before and after staging retirement
2026-09-23T16:46:25.9048310Z ok 441 - logical site publication replays the same public or private result before and after staging retirement
2026-09-23T16:46:25.9049990Z   ---
2026-09-23T16:46:25.9050440Z   duration_ms: 136.246041
2026-09-23T16:46:25.9050790Z   type: 'test'
2026-09-23T16:46:25.9051040Z   ...
2026-09-23T16:46:25.9051840Z # Subtest: request fingerprints bind exact reading cards, base, lifetime and document consistently across crypto runtimes
2026-09-23T16:46:25.9053410Z ok 442 - request fingerprints bind exact reading cards, base, lifetime and document consistently across crypto runtimes
2026-09-23T16:46:25.9053970Z   ---
2026-09-23T16:46:25.9054540Z   duration_ms: 23.429458
2026-09-23T16:46:25.9054970Z   type: 'test'
2026-09-23T16:46:25.9055220Z   ...
2026-09-23T16:46:26.2190740Z # (node:19065) ExperimentalWarning: SQLite is an experimental feature and might change at any time
2026-09-23T16:46:26.2191800Z # (Use `node --trace-warnings ...` to show where the warning was created)
2026-09-23T16:46:26.2208100Z # Subtest: resource preparation is encrypted, survives reopen and returns the same reference after a lost response
2026-09-23T16:46:26.2211600Z ok 443 - resource preparation is encrypted, survives reopen and returns the same reference after a lost response
2026-09-23T16:46:26.2213320Z   ---
2026-09-23T16:46:26.2213750Z   duration_ms: 65.018
2026-09-23T16:46:26.2214090Z   type: 'test'
2026-09-23T16:46:26.2214360Z   ...
2026-09-23T16:46:26.2215780Z # Subtest: resource quota failure rolls back counter and signatures, even when caught by an outer caller
2026-09-23T16:46:26.2220050Z ok 444 - resource quota failure rolls back counter and signatures, even when caught by an outer caller
2026-09-23T16:46:26.2222000Z   ---
2026-09-23T16:46:26.2222430Z   duration_ms: 68.700625
2026-09-23T16:46:26.2224080Z   type: 'test'
2026-09-23T16:46:26.2224420Z   ...
2026-09-23T16:46:26.2225030Z # Subtest: a different copy cannot finish an operation or consume its pending signature
2026-09-23T16:46:26.2225930Z ok 445 - a different copy cannot finish an operation or consume its pending signature
2026-09-23T16:46:26.2226410Z   ---
2026-09-23T16:46:26.2226730Z   duration_ms: 14.70425
2026-09-23T16:46:26.2226990Z   type: 'test'
2026-09-23T16:46:26.2227240Z   ...
2026-09-23T16:46:28.1186920Z # Subtest: expired preparation authenticates before disposal and never silently recreates the requested resource
2026-09-23T16:46:28.1189930Z ok 446 - expired preparation authenticates before disposal and never silently recreates the requested resource
2026-09-23T16:46:28.1215590Z   ---
2026-09-23T16:46:28.1216060Z   duration_ms: 1125.446708
2026-09-23T16:46:28.1216430Z   type: 'test'
2026-09-23T16:46:28.1216870Z   ...
2026-09-23T16:46:28.1219000Z # Subtest: a missing stage is corruption and is never interpreted as a fresh catalogue
2026-09-23T16:46:28.1219820Z ok 447 - a missing stage is corruption and is never interpreted as a fresh catalogue
2026-09-23T16:46:28.1220900Z   ---
2026-09-23T16:46:28.1221190Z   duration_ms: 17.393334
2026-09-23T16:46:28.1221480Z   type: 'test'
2026-09-23T16:46:28.1221770Z   ...
2026-09-23T16:46:28.1222410Z # Subtest: real process exit before-commit cannot duplicate or lose the resource creation identity
2026-09-23T16:46:28.1223250Z ok 448 - real process exit before-commit cannot duplicate or lose the resource creation identity
2026-09-23T16:46:28.1223810Z   ---
2026-09-23T16:46:28.1224070Z   duration_ms: 205.886833
2026-09-23T16:46:28.1224300Z   type: 'test'
2026-09-23T16:46:28.1224540Z   ...
2026-09-23T16:46:28.1225090Z # Subtest: real process exit after-commit cannot duplicate or lose the resource creation identity
2026-09-23T16:46:28.1225810Z ok 449 - real process exit after-commit cannot duplicate or lose the resource creation identity
2026-09-23T16:46:28.1226310Z   ---
2026-09-23T16:46:28.1226600Z   duration_ms: 208.544584
2026-09-23T16:46:28.1226880Z   type: 'test'
2026-09-23T16:46:28.1227110Z   ...
2026-09-23T16:46:28.1227680Z # Subtest: real process exit after-copy cannot duplicate or lose the resource creation identity
2026-09-23T16:46:28.1228730Z ok 450 - real process exit after-copy cannot duplicate or lose the resource creation identity
2026-09-23T16:46:28.1229180Z   ---
2026-09-23T16:46:28.1229440Z   duration_ms: 181.211875
2026-09-23T16:46:28.1229710Z   type: 'test'
2026-09-23T16:46:28.1229860Z   ...
2026-09-23T16:46:28.1230310Z # Subtest: real process exit after-ready cannot duplicate or lose the resource creation identity
2026-09-23T16:46:28.1231050Z ok 451 - real process exit after-ready cannot duplicate or lose the resource creation identity
2026-09-23T16:46:28.1231490Z   ---
2026-09-23T16:46:28.1231950Z   duration_ms: 165.72025
2026-09-23T16:46:28.1232530Z   type: 'test'
2026-09-23T16:46:28.1232740Z   ...
2026-09-23T16:46:28.7885540Z # Subtest: v3 accepts bounded optional references and duplicates a page without transferring resource authorship
2026-09-23T16:46:28.7888270Z ok 452 - v3 accepts bounded optional references and duplicates a page without transferring resource authorship
2026-09-23T16:46:28.7891080Z   ---
2026-09-23T16:46:28.7893570Z   duration_ms: 6.831583
2026-09-23T16:46:28.7894660Z   type: 'test'
2026-09-23T16:46:28.7895590Z   ...
2026-09-23T16:46:28.7897740Z # Subtest: Node and Go agree on v3 reference vectors, legacy compatibility and exact resource limits
2026-09-23T16:46:28.7905310Z ok 453 - Node and Go agree on v3 reference vectors, legacy compatibility and exact resource limits
2026-09-23T16:46:28.7908840Z   ---
2026-09-23T16:46:28.7909300Z   duration_ms: 495.322083
2026-09-23T16:46:28.7909680Z   type: 'test'
2026-09-23T16:46:28.7910040Z   ...
2026-09-23T16:46:28.7910680Z # Subtest: reference descriptors reject getters without executing them
2026-09-23T16:46:28.7911500Z ok 454 - reference descriptors reject getters without executing them
2026-09-23T16:46:28.7912140Z   ---
2026-09-23T16:46:28.7912420Z   duration_ms: 0.29525
2026-09-23T16:46:28.7913560Z   type: 'test'
2026-09-23T16:46:28.7914240Z   ...
2026-09-23T16:46:28.7915530Z # Subtest: resource insertion preserves the original filename while bounding a Unicode heading
2026-09-23T16:46:28.7917500Z ok 455 - resource insertion preserves the original filename while bounding a Unicode heading
2026-09-23T16:46:28.7918580Z   ---
2026-09-23T16:46:28.7919110Z   duration_ms: 0.245
2026-09-23T16:46:28.7919740Z   type: 'test'
2026-09-23T16:46:28.7920210Z   ...
2026-09-23T16:46:28.9790350Z # Subtest: automatic resource checks bound concurrency and retain each authenticated target
2026-09-23T16:46:28.9791490Z ok 456 - automatic resource checks bound concurrency and retain each authenticated target
2026-09-23T16:46:28.9792060Z   ---
2026-09-23T16:46:28.9792420Z   duration_ms: 5.917042
2026-09-23T16:46:28.9793150Z   type: 'test'
2026-09-23T16:46:28.9793470Z   ...
2026-09-23T16:46:28.9805590Z # Subtest: aborting an active view cannot release its real request slot early
2026-09-23T16:46:28.9806270Z ok 457 - aborting an active view cannot release its real request slot early
2026-09-23T16:46:28.9807280Z   ---
2026-09-23T16:46:28.9807750Z   duration_ms: 1.737167
2026-09-23T16:46:28.9808150Z   type: 'test'
2026-09-23T16:46:28.9808490Z   ...
2026-09-23T16:46:28.9818250Z # Subtest: queued cancellation never reaches the runtime and a failed request advances the queue
2026-09-23T16:46:28.9820480Z ok 458 - queued cancellation never reaches the runtime and a failed request advances the queue
2026-09-23T16:46:28.9821350Z   ---
2026-09-23T16:46:28.9821700Z   duration_ms: 0.957709
2026-09-23T16:46:28.9821990Z   type: 'test'
2026-09-23T16:46:28.9822190Z   ...
2026-09-23T16:46:28.9848640Z # Subtest: queue exhaustion preserves admitted checks and already-aborted work never starts
2026-09-23T16:46:28.9849810Z ok 459 - queue exhaustion preserves admitted checks and already-aborted work never starts
2026-09-23T16:46:28.9850440Z   ---
2026-09-23T16:46:28.9850850Z   duration_ms: 2.295375
2026-09-23T16:46:28.9851270Z   type: 'test'
2026-09-23T16:46:28.9851580Z   ...
2026-09-23T16:46:28.9853410Z # Subtest: identical reference checks coalesce only in flight and return independent result objects
2026-09-23T16:46:28.9854860Z ok 460 - identical reference checks coalesce only in flight and return independent result objects
2026-09-23T16:46:28.9855340Z   ---
2026-09-23T16:46:28.9855630Z   duration_ms: 0.8625
2026-09-23T16:46:28.9855980Z   type: 'test'
2026-09-23T16:46:28.9856230Z   ...
2026-09-23T16:46:28.9856740Z # Subtest: reference coalescing separates snapshots, pages and descriptor changes
2026-09-23T16:46:28.9857530Z ok 461 - reference coalescing separates snapshots, pages and descriptor changes
2026-09-23T16:46:28.9857890Z   ---
2026-09-23T16:46:28.9858130Z   duration_ms: 0.569833
2026-09-23T16:46:28.9858400Z   type: 'test'
2026-09-23T16:46:28.9858630Z   ...
2026-09-23T16:46:28.9861390Z # Subtest: one cancelled consumer does not cancel its live sibling; abandoned views cannot be revived
2026-09-23T16:46:28.9862250Z ok 462 - one cancelled consumer does not cancel its live sibling; abandoned views cannot be revived
2026-09-23T16:46:28.9862740Z   ---
2026-09-23T16:46:28.9862960Z   duration_ms: 0.816
2026-09-23T16:46:28.9863180Z   type: 'test'
2026-09-23T16:46:28.9863370Z   ...
2026-09-23T16:46:28.9867780Z # Subtest: shared-request failures reject every caller and do not become cached success
2026-09-23T16:46:28.9869300Z ok 463 - shared-request failures reject every caller and do not become cached success
2026-09-23T16:46:28.9869680Z   ---
2026-09-23T16:46:28.9869850Z   duration_ms: 0.519584
2026-09-23T16:46:28.9870040Z   type: 'test'
2026-09-23T16:46:28.9870180Z   ...
2026-09-23T16:46:28.9874300Z # Subtest: coalesced observers remain bounded even when they share one runtime request
2026-09-23T16:46:28.9875030Z ok 464 - coalesced observers remain bounded even when they share one runtime request
2026-09-23T16:46:28.9875350Z   ---
2026-09-23T16:46:28.9875520Z   duration_ms: 0.578791
2026-09-23T16:46:28.9875700Z   type: 'test'
2026-09-23T16:46:28.9875860Z   ...
2026-09-23T16:46:30.2715860Z # Subtest: TypeScript and a real Go process agree on resource identity, canonical hashes, boundaries and reading scope
2026-09-23T16:46:30.2716850Z ok 465 - TypeScript and a real Go process agree on resource identity, canonical hashes, boundaries and reading scope
2026-09-23T16:46:30.2717410Z   ---
2026-09-23T16:46:30.2717600Z   duration_ms: 1140.114125
2026-09-23T16:46:30.2717800Z   type: 'test'
2026-09-23T16:46:30.2717940Z   ...
2026-09-23T16:46:31.6906330Z # Subtest: Node and Go agree on creation fingerprints, exact outcomes, retirement and malformed records
2026-09-23T16:46:31.6908700Z ok 466 - Node and Go agree on creation fingerprints, exact outcomes, retirement and malformed records
2026-09-23T16:46:31.6910510Z   ---
2026-09-23T16:46:31.6911210Z   duration_ms: 1260.047334
2026-09-23T16:46:31.6911850Z   type: 'test'
2026-09-23T16:46:31.6912620Z   ...
2026-09-23T16:46:32.5391280Z # Subtest: resource creation retries retain one signed identity and reject UUID reuse with a different request
2026-09-23T16:46:32.5392900Z ok 467 - resource creation retries retain one signed identity and reject UUID reuse with a different request
2026-09-23T16:46:32.5393330Z   ---
2026-09-23T16:46:32.5393560Z   duration_ms: 5.185958
2026-09-23T16:46:32.5393770Z   type: 'test'
2026-09-23T16:46:32.5393940Z   ...
2026-09-23T16:46:32.5394380Z # Subtest: a pending copy holds the slot; only its exact ciphertext may complete it
2026-09-23T16:46:32.5395060Z ok 468 - a pending copy holds the slot; only its exact ciphertext may complete it
2026-09-23T16:46:32.5395370Z   ---
2026-09-23T16:46:32.5395570Z   duration_ms: 3.28125
2026-09-23T16:46:32.5395800Z   type: 'test'
2026-09-23T16:46:32.5395940Z   ...
2026-09-23T16:46:32.5396460Z # Subtest: expired pending work remains a terminal outcome instead of silently signing a replacement
2026-09-23T16:46:32.5397200Z ok 469 - expired pending work remains a terminal outcome instead of silently signing a replacement
2026-09-23T16:46:32.5397600Z   ---
2026-09-23T16:46:32.5397810Z   duration_ms: 1.750667
2026-09-23T16:46:32.5398020Z   type: 'test'
2026-09-23T16:46:32.5398190Z   ...
2026-09-23T16:46:32.5399080Z # Subtest: retirement is bounded by committed sequence and cannot turn an old uncertain retry into new work
2026-09-23T16:46:32.5399940Z ok 470 - retirement is bounded by committed sequence and cannot turn an old uncertain retry into new work
2026-09-23T16:46:32.5400310Z   ---
2026-09-23T16:46:32.5400590Z   duration_ms: 646.277583
2026-09-23T16:46:32.5400820Z   type: 'test'
2026-09-23T16:46:32.5400990Z   ...
2026-09-23T16:46:32.5401490Z # Subtest: staging cannot change creator, size, scope or lifespan; private reader scope must include the owner
2026-09-23T16:46:32.5402330Z ok 471 - staging cannot change creator, size, scope or lifespan; private reader scope must include the owner
2026-09-23T16:46:32.5402780Z   ---
2026-09-23T16:46:32.5402960Z   duration_ms: 0.914625
2026-09-23T16:46:32.5403130Z   type: 'test'
2026-09-23T16:46:32.5403270Z   ...
2026-09-23T16:46:32.5403670Z # Subtest: untrusted local record and request getters are refused without execution
2026-09-23T16:46:32.5404240Z ok 472 - untrusted local record and request getters are refused without execution
2026-09-23T16:46:32.5404540Z   ---
2026-09-23T16:46:32.5404700Z   duration_ms: 0.128541
2026-09-23T16:46:32.5404870Z   type: 'test'
2026-09-23T16:46:32.5405010Z   ...
2026-09-23T16:46:34.2508110Z # (node:19384) ExperimentalWarning: SQLite is an experimental feature and might change at any time
2026-09-23T16:46:34.2508900Z # (Use `node --trace-warnings ...` to show where the warning was created)
2026-09-23T16:46:34.2519890Z # Subtest: resource UI controller recovers a lost committed reply without creating another signature
2026-09-23T16:46:34.2521710Z ok 473 - resource UI controller recovers a lost committed reply without creating another signature
2026-09-23T16:46:34.2522130Z   ---
2026-09-23T16:46:34.2522510Z   duration_ms: 148.769083
2026-09-23T16:46:34.2522750Z   type: 'test'
2026-09-23T16:46:34.2522910Z   ...
2026-09-23T16:46:34.2523480Z # Subtest: resource UI retries an unconfirmed request only on explicit action and with the same UUID and payload
2026-09-23T16:46:34.2525610Z ok 474 - resource UI retries an unconfirmed request only on explicit action and with the same UUID and payload
2026-09-23T16:46:34.2526170Z   ---
2026-09-23T16:46:34.2526590Z   duration_ms: 118.765959
2026-09-23T16:46:34.2527000Z   type: 'test'
2026-09-23T16:46:34.2527400Z   ...
2026-09-23T16:46:34.2528050Z # Subtest: closing a resource UI session fences an in-flight result while the durable library remains recoverable
2026-09-23T16:46:34.2528860Z ok 475 - closing a resource UI session fences an in-flight result while the durable library remains recoverable
2026-09-23T16:46:34.2529250Z   ---
2026-09-23T16:46:34.2529410Z   duration_ms: 121.563584
2026-09-23T16:46:34.2529600Z   type: 'test'
2026-09-23T16:46:34.2529740Z   ...
2026-09-23T16:46:34.2530240Z # Subtest: resource library walks real history beyond the operation journal and retains third-party creators
2026-09-23T16:46:34.2531490Z ok 476 - resource library walks real history beyond the operation journal and retains third-party creators
2026-09-23T16:46:34.2531950Z   ---
2026-09-23T16:46:34.2532120Z   duration_ms: 999.547667
2026-09-23T16:46:34.2532310Z   type: 'test'
2026-09-23T16:46:34.2532440Z   ...
2026-09-23T16:46:34.2532820Z # Subtest: resource sizes never round a nonempty small file down to zero
2026-09-23T16:46:34.2533390Z ok 477 - resource sizes never round a nonempty small file down to zero
2026-09-23T16:46:34.2533700Z   ---
2026-09-23T16:46:34.2533860Z   duration_ms: 15.782209
2026-09-23T16:46:34.2534040Z   type: 'test'
2026-09-23T16:46:34.2534180Z   ...
2026-09-23T16:46:34.4905770Z # Subtest: a table descriptor pins its complete canonical payload and returns owned data
2026-09-23T16:46:34.4908280Z ok 478 - a table descriptor pins its complete canonical payload and returns owned data
2026-09-23T16:46:34.4909800Z   ---
2026-09-23T16:46:34.4910130Z   duration_ms: 8.680042
2026-09-23T16:46:34.4910450Z   type: 'test'
2026-09-23T16:46:34.4910670Z   ...
2026-09-23T16:46:34.4914300Z # Subtest: verification of real encrypted envelopes precedes descriptor matching; a reader's valid signature cannot replace the referenced author
2026-09-23T16:46:34.4918750Z ok 479 - verification of real encrypted envelopes precedes descriptor matching; a reader's valid signature cannot replace the referenced author
2026-09-23T16:46:34.4920340Z   ---
2026-09-23T16:46:34.4921160Z   duration_ms: 11.649083
2026-09-23T16:46:34.4921490Z   type: 'test'
2026-09-23T16:46:34.4921720Z   ...
2026-09-23T16:46:34.4922280Z # Subtest: files have canonical base64, exact decoded boundaries and no executable rendering type
2026-09-23T16:46:34.4928190Z ok 480 - files have canonical base64, exact decoded boundaries and no executable rendering type
2026-09-23T16:46:34.4928640Z   ---
2026-09-23T16:46:34.4928890Z   duration_ms: 59.684958
2026-09-23T16:46:34.4929170Z   type: 'test'
2026-09-23T16:46:34.4929400Z   ...
2026-09-23T16:46:34.4930280Z # Subtest: a private resource never becomes public by reference and reader sets cannot silently expand
2026-09-23T16:46:34.4931100Z ok 481 - a private resource never becomes public by reference and reader sets cannot silently expand
2026-09-23T16:46:34.4931970Z   ---
2026-09-23T16:46:34.4932220Z   duration_ms: 0.412167
2026-09-23T16:46:34.4932480Z   type: 'test'
2026-09-23T16:46:34.4933710Z   ...
2026-09-23T16:46:34.4935180Z # Subtest: descriptor and nested data getters are refused without access, including reader arrays
2026-09-23T16:46:34.4937120Z ok 482 - descriptor and nested data getters are refused without access, including reader arrays
2026-09-23T16:46:34.4938240Z   ---
2026-09-23T16:46:34.4938820Z   duration_ms: 0.438375
2026-09-23T16:46:34.4939210Z   type: 'test'
2026-09-23T16:46:34.4945690Z   ...
2026-09-23T16:46:35.0053480Z # Subtest: site addresses are stable under display/read-card changes and reject ambiguous input
2026-09-23T16:46:35.0054240Z ok 483 - site addresses are stable under display/read-card changes and reject ambiguous input
2026-09-23T16:46:35.0054900Z   ---
2026-09-23T16:46:35.0055550Z   duration_ms: 31.246917
2026-09-23T16:46:35.0055870Z   type: 'test'
2026-09-23T16:46:35.0056070Z   ...
2026-09-23T16:46:35.0056690Z # Subtest: node signed snapshots bind the exact content and retain ownership when another reader can decrypt
2026-09-23T16:46:35.0063670Z ok 484 - node signed snapshots bind the exact content and retain ownership when another reader can decrypt
2026-09-23T16:46:35.0077090Z   ---
2026-09-23T16:46:35.0077890Z   duration_ms: 12.227834
2026-09-23T16:46:35.0078640Z   type: 'test'
2026-09-23T16:46:35.0079200Z   ...
2026-09-23T16:46:35.0081300Z # Subtest: node orders revisions by signed sequence, reports forks and does not let replay replace a known head
2026-09-23T16:46:35.0082200Z ok 485 - node orders revisions by signed sequence, reports forks and does not let replay replace a known head
2026-09-23T16:46:35.0083810Z   ---
2026-09-23T16:46:35.0084320Z   duration_ms: 11.131583
2026-09-23T16:46:35.0085540Z   type: 'test'
2026-09-23T16:46:35.0086040Z   ...
2026-09-23T16:46:35.0087620Z # Subtest: node rejects malformed certificates without invoking getters and enforces finite history/signature bounds
2026-09-23T16:46:35.0089890Z ok 486 - node rejects malformed certificates without invoking getters and enforces finite history/signature bounds
2026-09-23T16:46:35.0091090Z   ---
2026-09-23T16:46:35.0091630Z   duration_ms: 20.207708
2026-09-23T16:46:35.0092990Z   type: 'test'
2026-09-23T16:46:35.0093200Z   ...
2026-09-23T16:46:35.0093790Z # Subtest: portable signed snapshots bind the exact content and retain ownership when another reader can decrypt
2026-09-23T16:46:35.0101290Z ok 487 - portable signed snapshots bind the exact content and retain ownership when another reader can decrypt
2026-09-23T16:46:35.0101920Z   ---
2026-09-23T16:46:35.0102190Z   duration_ms: 82.125875
2026-09-23T16:46:35.0102420Z   type: 'test'
2026-09-23T16:46:35.0102610Z   ...
2026-09-23T16:46:35.0103310Z # Subtest: portable orders revisions by signed sequence, reports forks and does not let replay replace a known head
2026-09-23T16:46:35.0106320Z ok 488 - portable orders revisions by signed sequence, reports forks and does not let replay replace a known head
2026-09-23T16:46:35.0107610Z   ---
2026-09-23T16:46:35.0108510Z   duration_ms: 100.588667
2026-09-23T16:46:35.0109000Z   type: 'test'
2026-09-23T16:46:35.0109210Z   ...
2026-09-23T16:46:35.0109870Z # Subtest: portable rejects malformed certificates without invoking getters and enforces finite history/signature bounds
2026-09-23T16:46:35.0110790Z ok 489 - portable rejects malformed certificates without invoking getters and enforces finite history/signature bounds
2026-09-23T16:46:35.0111300Z   ---
2026-09-23T16:46:35.0111570Z   duration_ms: 40.29375
2026-09-23T16:46:35.0111810Z   type: 'test'
2026-09-23T16:46:35.0112010Z   ...
2026-09-23T16:46:35.0112680Z # Subtest: Node and portable crypto produce identical snapshot bytes/signatures and verify each other
2026-09-23T16:46:35.0113530Z ok 490 - Node and portable crypto produce identical snapshot bytes/signatures and verify each other
2026-09-23T16:46:35.0114030Z   ---
2026-09-23T16:46:35.0114260Z   duration_ms: 8.761292
2026-09-23T16:46:35.0114500Z   type: 'test'
2026-09-23T16:46:35.0115120Z   ...
2026-09-23T16:46:39.8396610Z # (node:19394) ExperimentalWarning: SQLite is an experimental feature and might change at any time
2026-09-23T16:46:39.8398930Z # (Use `node --trace-warnings ...` to show where the warning was created)
2026-09-23T16:46:39.8413640Z # Subtest: large valid cache produces bounded pages and exact authorized attachments on demand
2026-09-23T16:46:39.8416540Z ok 491 - large valid cache produces bounded pages and exact authorized attachments on demand
2026-09-23T16:46:39.8421410Z   ---
2026-09-23T16:46:39.8423310Z   duration_ms: 3855.555625
2026-09-23T16:46:39.8424220Z   type: 'test'
2026-09-23T16:46:39.8424500Z   ...
2026-09-23T16:46:39.8426130Z # Subtest: received author deletion persists before evicting its original, and denied attachments stay unavailable
2026-09-23T16:46:39.8427460Z ok 492 - received author deletion persists before evicting its original, and denied attachments stay unavailable
2026-09-23T16:46:39.8427930Z   ---
2026-09-23T16:46:39.8428140Z   duration_ms: 136.897166
2026-09-23T16:46:39.8428390Z   type: 'test'
2026-09-23T16:46:39.8428590Z   ...
2026-09-23T16:46:39.8429100Z # Subtest: request tracking is bounded even when transport rejects every broadcast
2026-09-23T16:46:39.8429730Z ok 493 - request tracking is bounded even when transport rejects every broadcast
2026-09-23T16:46:39.8430050Z   ---
2026-09-23T16:46:39.8430210Z   duration_ms: 139.818917
2026-09-23T16:46:39.8430400Z   type: 'test'
2026-09-23T16:46:39.8430530Z   ...
2026-09-23T16:46:39.8430880Z # Subtest: unknown post extension data does not crash or inflate summaries
2026-09-23T16:46:39.8431430Z ok 494 - unknown post extension data does not crash or inflate summaries
2026-09-23T16:46:39.8431730Z   ---
2026-09-23T16:46:39.8432780Z   duration_ms: 266.795292
2026-09-23T16:46:39.8433020Z   type: 'test'
2026-09-23T16:46:39.8433190Z   ...
2026-09-23T16:46:39.8433590Z # Subtest: summary reuse remains bound to verified disk bytes and unlocked identity
2026-09-23T16:46:39.8434200Z ok 495 - summary reuse remains bound to verified disk bytes and unlocked identity
2026-09-23T16:46:39.8434510Z   ---
2026-09-23T16:46:39.8434670Z   duration_ms: 120.313666
2026-09-23T16:46:39.8434850Z   type: 'test'
2026-09-23T16:46:39.8434990Z   ...
2026-09-23T16:46:41.8223940Z # Subtest: collections and following integrate with encrypted persistence and hashed peer retrieval respects read ACL
2026-09-23T16:46:41.8226200Z ok 496 - collections and following integrate with encrypted persistence and hashed peer retrieval respects read ACL
2026-09-23T16:46:41.8227300Z   ---
2026-09-23T16:46:41.8227770Z   duration_ms: 1771.866334
2026-09-23T16:46:41.8228290Z   type: 'test'
2026-09-23T16:46:41.8228850Z   ...
2026-09-23T16:46:42.0383560Z # Subtest: collection create, rename, add, remove and delete are immutable local transitions
2026-09-23T16:46:42.0385930Z ok 497 - collection create, rename, add, remove and delete are immutable local transitions
2026-09-23T16:46:42.0388900Z   ---
2026-09-23T16:46:42.0389720Z   duration_ms: 1.552583
2026-09-23T16:46:42.0390900Z   type: 'test'
2026-09-23T16:46:42.0391620Z   ...
2026-09-23T16:46:42.0392940Z # Subtest: collection identity, title and timestamp rules reject ambiguous metadata
2026-09-23T16:46:42.0394740Z ok 498 - collection identity, title and timestamp rules reject ambiguous metadata
2026-09-23T16:46:42.0396540Z   ---
2026-09-23T16:46:42.0397140Z   duration_ms: 1.064833
2026-09-23T16:46:42.0397720Z   type: 'test'
2026-09-23T16:46:42.0398240Z   ...
2026-09-23T16:46:42.0399570Z # Subtest: prototype, accessor, unknown field and sparse-array inputs fail without executing metadata
2026-09-23T16:46:42.0401580Z ok 499 - prototype, accessor, unknown field and sparse-array inputs fail without executing metadata
2026-09-23T16:46:42.0402720Z   ---
2026-09-23T16:46:42.0403290Z   duration_ms: 0.432542
2026-09-23T16:46:42.0403870Z   type: 'test'
2026-09-23T16:46:42.0404400Z   ...
2026-09-23T16:46:42.0405740Z # Subtest: collection ownership cannot be transferred by a command or mixed across identity vaults
2026-09-23T16:46:42.0407630Z ok 500 - collection ownership cannot be transferred by a command or mixed across identity vaults
2026-09-23T16:46:42.0408720Z   ---
2026-09-23T16:46:42.0409520Z   duration_ms: 0.20525
2026-09-23T16:46:42.0411240Z   type: 'test'
2026-09-23T16:46:42.0411820Z   ...
2026-09-23T16:46:42.0413200Z # Subtest: collection and membership quotas reject atomically while allowing idempotent operations
2026-09-23T16:46:42.0415280Z ok 501 - collection and membership quotas reject atomically while allowing idempotent operations
2026-09-23T16:46:42.0417420Z   ---
2026-09-23T16:46:42.0418090Z   duration_ms: 7.131125
2026-09-23T16:46:42.0418710Z   type: 'test'
2026-09-23T16:46:42.0419510Z   ...
2026-09-23T16:46:42.0420300Z # Subtest: recovered collections reject duplicate identifiers, titles, members and excessive total memberships
2026-09-23T16:46:42.0421200Z ok 502 - recovered collections reject duplicate identifiers, titles, members and excessive total memberships
2026-09-23T16:46:42.0421790Z   ---
2026-09-23T16:46:42.0422100Z   duration_ms: 2.971875
2026-09-23T16:46:42.0422400Z   type: 'test'
2026-09-23T16:46:42.0422670Z   ...
2026-09-23T16:46:42.0423250Z # Subtest: content references remain canonical hashes and convey neither reader access nor authorship
2026-09-23T16:46:42.0424000Z ok 503 - content references remain canonical hashes and convey neither reader access nor authorship
2026-09-23T16:46:42.0424510Z   ---
2026-09-23T16:46:42.0424790Z   duration_ms: 11.495625
2026-09-23T16:46:42.0425020Z   type: 'test'
2026-09-23T16:46:42.0425230Z   ...
2026-09-23T16:46:42.0425870Z # Subtest: followed feed selects posts and alerts from followed authors without changing caller order or access
2026-09-23T16:46:42.0426840Z ok 504 - followed feed selects posts and alerts from followed authors without changing caller order or access
2026-09-23T16:46:42.0428050Z   ---
2026-09-23T16:46:42.0428310Z   duration_ms: 0.769583
2026-09-23T16:46:42.0428550Z   type: 'test'
2026-09-23T16:46:42.0428780Z   ...
2026-09-23T16:46:42.2677950Z # Subtest: authenticated historical decoding does not make expired content admissible or decryptable by another identity
2026-09-23T16:46:42.2682210Z ok 505 - authenticated historical decoding does not make expired content admissible or decryptable by another identity
2026-09-23T16:46:42.2683600Z   ---
2026-09-23T16:46:42.2684210Z   duration_ms: 19.589334
2026-09-23T16:46:42.2684800Z   type: 'test'
2026-09-23T16:46:42.2685320Z   ...
2026-09-23T16:46:42.2686700Z # Subtest: historical time extraction rejects accessors without invoking them
2026-09-23T16:46:42.2688230Z ok 506 - historical time extraction rejects accessors without invoking them
2026-09-23T16:46:42.2689190Z   ---
2026-09-23T16:46:42.2689730Z   duration_ms: 0.1465
2026-09-23T16:46:42.2690390Z   type: 'test'
2026-09-23T16:46:42.2690920Z   ...
2026-09-23T16:46:42.5546450Z # Subtest: new small-message arrivals cannot repeatedly take the bulk fairness turn
2026-09-23T16:46:42.5548520Z ok 507 - new small-message arrivals cannot repeatedly take the bulk fairness turn
2026-09-23T16:46:42.5549520Z   ---
2026-09-23T16:46:42.5551980Z   duration_ms: 69.086542
2026-09-23T16:46:42.5552710Z   type: 'test'
2026-09-23T16:46:42.5553230Z   ...
2026-09-23T16:46:43.5263820Z # Subtest: packet-ID cancellation preserves an independent equal payload and a foreign-origin packet
2026-09-23T16:46:43.5269400Z ok 508 - packet-ID cancellation preserves an independent equal payload and a foreign-origin packet
2026-09-23T16:46:43.5270950Z   ---
2026-09-23T16:46:43.5272150Z   duration_ms: 738.563667
2026-09-23T16:46:43.5273180Z   type: 'test'
2026-09-23T16:46:43.5273700Z   ...
2026-09-23T16:46:43.5274860Z # Subtest: absolute local authorization deadline is bound into the Node packet ID
2026-09-23T16:46:43.5278340Z ok 509 - absolute local authorization deadline is bound into the Node packet ID
2026-09-23T16:46:43.5280220Z   ---
2026-09-23T16:46:43.5280800Z   duration_ms: 2.274917
2026-09-23T16:46:43.5281400Z   type: 'test'
2026-09-23T16:46:43.5281930Z   ...
2026-09-23T16:46:44.2242690Z # Subtest: local cancellation removes an actual queued TCP transfer and its reconnect copy
2026-09-23T16:46:44.2245060Z ok 510 - local cancellation removes an actual queued TCP transfer and its reconnect copy
2026-09-23T16:46:44.2246120Z   ---
2026-09-23T16:46:44.2246700Z   duration_ms: 697.904959
2026-09-23T16:46:44.2247710Z   type: 'test'
2026-09-23T16:46:44.2248260Z   ...
2026-09-23T16:46:44.9213050Z # Subtest: local cancellation negative control delivers an actual queued TCP transfer and its reconnect copy
2026-09-23T16:46:44.9215310Z ok 511 - local cancellation negative control delivers an actual queued TCP transfer and its reconnect copy
2026-09-23T16:46:44.9216450Z   ---
2026-09-23T16:46:44.9217060Z   duration_ms: 695.97475
2026-09-23T16:46:44.9217740Z   type: 'test'
2026-09-23T16:46:44.9218230Z   ...
2026-09-23T16:46:45.4259240Z # Subtest: local cancellation leaves another origin's retained relay packet intact
2026-09-23T16:46:45.4260950Z ok 512 - local cancellation leaves another origin's retained relay packet intact
2026-09-23T16:46:45.4261890Z   ---
2026-09-23T16:46:45.4262470Z   duration_ms: 506.587125
2026-09-23T16:46:45.4263050Z   type: 'test'
2026-09-23T16:46:45.4263580Z   ...
2026-09-23T16:46:45.7215580Z # Subtest: TCP parser handles split/coalesced frames, rejects tamper and replays only once
2026-09-23T16:46:45.7217420Z ok 513 - TCP parser handles split/coalesced frames, rejects tamper and replays only once
2026-09-23T16:46:45.7218390Z   ---
2026-09-23T16:46:45.7218980Z   duration_ms: 81.610417
2026-09-23T16:46:45.7219650Z   type: 'test'
2026-09-23T16:46:45.7220120Z   ...
2026-09-23T16:46:45.7973050Z # Subtest: non-reading TCP duplicate flood coalesces and bounds control output
2026-09-23T16:46:45.7976130Z ok 514 - non-reading TCP duplicate flood coalesces and bounds control output
2026-09-23T16:46:45.7977000Z   ---
2026-09-23T16:46:45.7977570Z   duration_ms: 76.147125
2026-09-23T16:46:45.7978240Z   type: 'test'
2026-09-23T16:46:45.7979030Z   ...
2026-09-23T16:46:45.8447090Z # Subtest: TCP malformed frame and unfinished-line floods disconnect and release state
2026-09-23T16:46:45.8450000Z ok 515 - TCP malformed frame and unfinished-line floods disconnect and release state
2026-09-23T16:46:45.8451040Z   ---
2026-09-23T16:46:45.8451650Z   duration_ms: 47.430292
2026-09-23T16:46:45.8452230Z   type: 'test'
2026-09-23T16:46:45.8452750Z   ...
2026-09-23T16:46:46.0042740Z # Subtest: distinct TCP packets cannot grow the ACK queue or exceed its output rate
2026-09-23T16:46:46.0044710Z ok 516 - distinct TCP packets cannot grow the ACK queue or exceed its output rate
2026-09-23T16:46:46.0045770Z   ---
2026-09-23T16:46:46.0046440Z   duration_ms: 150.78225
2026-09-23T16:46:46.0047050Z   type: 'test'
2026-09-23T16:46:46.0047660Z   ...
2026-09-23T16:46:48.4207410Z # Subtest: TCP incomplete assemblies have count and aggregate memory bounds
2026-09-23T16:46:48.4209340Z ok 517 - TCP incomplete assemblies have count and aggregate memory bounds
2026-09-23T16:46:48.4210530Z   ---
2026-09-23T16:46:48.4210910Z   duration_ms: 2424.363917
2026-09-23T16:46:48.4211350Z   type: 'test'
2026-09-23T16:46:48.4211780Z   ...
2026-09-23T16:46:48.5657420Z # Subtest: expired packets, invalid TTLs and exhausted hop limits never relay
2026-09-23T16:46:48.5658280Z ok 518 - expired packets, invalid TTLs and exhausted hop limits never relay
2026-09-23T16:46:48.5658690Z   ---
2026-09-23T16:46:48.5659030Z   duration_ms: 144.57725
2026-09-23T16:46:48.5659330Z   type: 'test'
2026-09-23T16:46:48.5659720Z   ...
2026-09-23T16:46:49.1066320Z # Subtest: queued expiry and stopped sockets release bounded output under backpressure
2026-09-23T16:46:49.1071000Z ok 519 - queued expiry and stopped sockets release bounded output under backpressure
2026-09-23T16:46:49.1072720Z   ---
2026-09-23T16:46:49.1074260Z   duration_ms: 539.147708
2026-09-23T16:46:49.1075790Z   type: 'test'
2026-09-23T16:46:49.1076990Z   ...
2026-09-23T16:46:53.2003130Z # Subtest: partial TCP loss retries exact bytes and missing ACK retries without duplicate delivery
2026-09-23T16:46:53.2006120Z ok 520 - partial TCP loss retries exact bytes and missing ACK retries without duplicate delivery
2026-09-23T16:46:53.2007970Z   ---
2026-09-23T16:46:53.2009010Z   duration_ms: 4090.931375
2026-09-23T16:46:53.2009950Z   type: 'test'
2026-09-23T16:46:53.2010800Z   ...
2026-09-23T16:46:54.3085570Z # Subtest: TCP reconnect delivers a partial transfer and packets created during the partition
2026-09-23T16:46:54.3101330Z ok 521 - TCP reconnect delivers a partial transfer and packets created during the partition
2026-09-23T16:46:54.3101820Z   ---
2026-09-23T16:46:54.3102190Z   duration_ms: 1107.488333
2026-09-23T16:46:54.3102790Z   type: 'test'
2026-09-23T16:46:54.3103720Z   ...
2026-09-23T16:46:54.4426920Z # Subtest: turning relay off cancels queued forwarded fragments and keeps local SOS available
2026-09-23T16:46:54.4427800Z ok 522 - turning relay off cancels queued forwarded fragments and keeps local SOS available
2026-09-23T16:46:54.4428270Z   ---
2026-09-23T16:46:54.4428620Z   duration_ms: 136.346916
2026-09-23T16:46:54.4428910Z   type: 'test'
2026-09-23T16:46:54.4429140Z   ...
2026-09-23T16:46:54.6028710Z # Subtest: relay pause cancels queued local seeding and prevents retained offline replay
2026-09-23T16:46:54.6033000Z ok 523 - relay pause cancels queued local seeding and prevents retained offline replay
2026-09-23T16:46:54.6035190Z   ---
2026-09-23T16:46:54.6036360Z   duration_ms: 158.796209
2026-09-23T16:46:54.6037780Z   type: 'test'
2026-09-23T16:46:54.6039010Z   ...
2026-09-23T16:46:54.6903590Z # Subtest: real TCP fragments preempt bulk for SOS while preserving bulk fairness
2026-09-23T16:46:54.6904400Z ok 524 - real TCP fragments preempt bulk for SOS while preserving bulk fairness
2026-09-23T16:46:54.6905690Z   ---
2026-09-23T16:46:54.6905950Z   duration_ms: 88.863292
2026-09-23T16:46:54.6906180Z   type: 'test'
2026-09-23T16:46:54.6906400Z   ...
2026-09-23T16:46:54.7680890Z # Subtest: many in-progress SOS transfers leave admission capacity for bulk fairness
2026-09-23T16:46:54.7682500Z ok 525 - many in-progress SOS transfers leave admission capacity for bulk fairness
2026-09-23T16:46:54.7683180Z   ---
2026-09-23T16:46:54.7683490Z   duration_ms: 74.167708
2026-09-23T16:46:54.7684190Z   type: 'test'
2026-09-23T16:46:54.7684610Z   ...
2026-09-23T16:46:55.1392210Z # Subtest: real serialport PTY fragments preempt bulk for SOS with the same fairness
2026-09-23T16:46:55.1394480Z ok 526 - real serialport PTY fragments preempt bulk for SOS with the same fairness
2026-09-23T16:46:55.1395490Z   ---
2026-09-23T16:46:55.1396080Z   duration_ms: 374.000958
2026-09-23T16:46:55.1396670Z   type: 'test'
2026-09-23T16:46:55.1397230Z   ...
2026-09-23T16:46:55.3131100Z # Subtest: POSIX poller regression: read rearm must preserve an outstanding write watch
2026-09-23T16:46:55.3137880Z ok 527 - POSIX poller regression: read rearm must preserve an outstanding write watch
2026-09-23T16:46:55.3138370Z   ---
2026-09-23T16:46:55.3139600Z   duration_ms: 0.5755
2026-09-23T16:46:55.3139940Z   type: 'test'
2026-09-23T16:46:55.3140180Z   ...
2026-09-23T16:46:55.3140940Z # Subtest: serial write deadline covers one frame at configured baud while bounding a stalled writer
2026-09-23T16:46:55.3141820Z ok 528 - serial write deadline covers one frame at configured baud while bounding a stalled writer
2026-09-23T16:46:55.3142250Z   ---
2026-09-23T16:46:55.3142530Z   duration_ms: 0.072458
2026-09-23T16:46:55.3142800Z   type: 'test'
2026-09-23T16:46:55.3143020Z   ...
2026-09-23T16:47:01.5543730Z # Subtest: real serial PTY recovers an injected stuck write through bounded reconnect and exact replay
2026-09-23T16:47:01.5547740Z ok 529 - real serial PTY recovers an injected stuck write through bounded reconnect and exact replay
2026-09-23T16:47:01.5549610Z   ---
2026-09-23T16:47:01.5550500Z   duration_ms: 6240.300875
2026-09-23T16:47:01.5551540Z   type: 'test'
2026-09-23T16:47:01.5552240Z   ...
2026-09-23T16:47:02.6655870Z # Subtest: real TCP transfer, two-hop forwarding and relay-off negative control
2026-09-23T16:47:02.6666790Z ok 530 - real TCP transfer, two-hop forwarding and relay-off negative control
2026-09-23T16:47:02.6669430Z   ---
2026-09-23T16:47:02.6670640Z   duration_ms: 925.709541
2026-09-23T16:47:02.6672000Z   type: 'test'
2026-09-23T16:47:02.6673060Z   ...
2026-09-23T16:47:03.2226760Z # Subtest: validation rejection prevents display and relay; positive valid control
2026-09-23T16:47:03.2228600Z ok 531 - validation rejection prevents display and relay; positive valid control
2026-09-23T16:47:03.2229620Z   ---
2026-09-23T16:47:03.2230130Z   duration_ms: 553.3315
2026-09-23T16:47:03.2230770Z   type: 'test'
2026-09-23T16:47:03.2231280Z   ...
2026-09-23T16:47:03.3863600Z # Subtest: interface preference schema rejects unrelated authority fields and does not invoke getters
2026-09-23T16:47:03.3866300Z ok 532 - interface preference schema rejects unrelated authority fields and does not invoke getters
2026-09-23T16:47:03.3867660Z   ---
2026-09-23T16:47:03.3869080Z   duration_ms: 0.779417
2026-09-23T16:47:03.3869820Z   type: 'test'
2026-09-23T16:47:03.3870640Z   ...
2026-09-23T16:47:03.3872010Z # Subtest: bounded preference file preserves prior values on invalid patches or corrupted storage
2026-09-23T16:47:03.3873860Z ok 533 - bounded preference file preserves prior values on invalid patches or corrupted storage
2026-09-23T16:47:03.3874960Z   ---
2026-09-23T16:47:03.3875650Z   duration_ms: 15.419583
2026-09-23T16:47:03.3876370Z   type: 'test'
2026-09-23T16:47:03.3876910Z   ...
2026-09-23T16:47:03.3878130Z # Subtest: preferences do not read through a symbolic link
2026-09-23T16:47:03.3878710Z ok 534 - preferences do not read through a symbolic link
2026-09-23T16:47:03.3879090Z   ---
2026-09-23T16:47:03.3879390Z   duration_ms: 0.795208
2026-09-23T16:47:03.3880650Z   type: 'test'
2026-09-23T16:47:03.3880850Z   ...
2026-09-23T16:47:04.1305530Z # Subtest: Node web-peer API separates keys, relay consent and control authority, and enforces explicit revocation
2026-09-23T16:47:04.1308160Z ok 535 - Node web-peer API separates keys, relay consent and control authority, and enforces explicit revocation
2026-09-23T16:47:04.1309420Z   ---
2026-09-23T16:47:04.1310030Z   duration_ms: 535.500708
2026-09-23T16:47:04.1310910Z   type: 'test'
2026-09-23T16:47:04.1311510Z   ...
2026-09-23T16:47:04.4426400Z # Subtest: websocket invitations require exact origin/capability, preserve eight slots, and carry no control API
2026-09-23T16:47:04.4428900Z ok 536 - websocket invitations require exact origin/capability, preserve eight slots, and carry no control API
2026-09-23T16:47:04.4430180Z   ---
2026-09-23T16:47:04.4430730Z   duration_ms: 53.497333
2026-09-23T16:47:04.4431420Z   type: 'test'
2026-09-23T16:47:04.4432080Z   ...
2026-09-23T16:47:05.4435800Z # Subtest: websocket expiry closes active connections and non-loopback cleartext listeners are refused
2026-09-23T16:47:05.4438270Z ok 537 - websocket expiry closes active connections and non-loopback cleartext listeners are refused
2026-09-23T16:47:05.4441430Z   ---
2026-09-23T16:47:05.4442270Z   duration_ms: 1003.534291
2026-09-23T16:47:05.4442980Z   type: 'test'
2026-09-23T16:47:05.4443490Z   ...
2026-09-23T16:47:05.4582680Z 1..537
2026-09-23T16:47:05.4583330Z # tests 540
2026-09-23T16:47:05.4583940Z # suites 0
2026-09-23T16:47:05.4584490Z # pass 540
2026-09-23T16:47:05.4584960Z # fail 0
2026-09-23T16:47:05.4585630Z # cancelled 0
2026-09-23T16:47:05.4586200Z # skipped 0
2026-09-23T16:47:05.4586650Z # todo 0
2026-09-23T16:47:05.4587300Z # duration_ms 629739.223334
2026-09-23T16:47:05.5375350Z ##[group]Run actions/upload-artifact@v4
2026-09-23T16:47:05.5376220Z with:
2026-09-23T16:47:05.5376790Z   name: evidence-macos-latest
2026-09-23T16:47:05.5377820Z   path: docs/evidence
test-results
.cache/fixture-http-failures/*.json
.cache/web-invitation

2026-09-23T16:47:05.5378980Z   retention-days: 7
2026-09-23T16:47:05.5379610Z   if-no-files-found: warn
2026-09-23T16:47:05.5380150Z   compression-level: 6
2026-09-23T16:47:05.5380730Z   overwrite: false
2026-09-23T16:47:05.5381420Z   include-hidden-files: false
2026-09-23T16:47:05.5381980Z ##[endgroup]
2026-09-23T16:47:06.0298510Z (node:20209) [DEP0040] DeprecationWarning: The `punycode` module is deprecated. Please use a userland alternative instead.
2026-09-23T16:47:06.0299470Z (Use `node --trace-deprecation ...` to show where the warning was created)
2026-09-23T16:47:06.7123410Z Multiple search paths detected. Calculating the least common ancestor of all paths
2026-09-23T16:47:06.7128400Z The least common ancestor is /Users/runner/work/relayloom/relayloom. This will be the root directory of the artifact
2026-09-23T16:47:06.7129000Z With the provided path, there will be 4570 files uploaded
2026-09-23T16:47:06.7129410Z Artifact name is valid!
2026-09-23T16:47:06.7129650Z Root directory input is valid!
2026-09-23T16:47:06.8699020Z Beginning upload of artifact content to blob storage
2026-09-23T16:47:07.4050040Z (node:20209) [DEP0169] DeprecationWarning: `url.parse()` behavior is not standardized and prone to errors that have security implications. Use the WHATWG URL API instead. CVEs are not issued for `url.parse()` vulnerabilities.
2026-09-23T16:47:07.6335170Z Uploaded bytes 8388608
2026-09-23T16:47:07.9896820Z Uploaded bytes 16777216
2026-09-23T16:47:08.2850040Z Uploaded bytes 25165824
2026-09-23T16:47:08.7225720Z Uploaded bytes 33554432
2026-09-23T16:47:09.3444470Z Uploaded bytes 41943040
2026-09-23T16:47:09.6574790Z Uploaded bytes 50331648
2026-09-23T16:47:09.9821230Z Uploaded bytes 58720256
2026-09-23T16:47:10.5544370Z Uploaded bytes 67108864
2026-09-23T16:47:11.1910620Z Uploaded bytes 75497472
2026-09-23T16:47:11.9072690Z Uploaded bytes 83886080
2026-09-23T16:47:12.3859520Z Uploaded bytes 92274688
2026-09-23T16:47:12.9484210Z Uploaded bytes 100663296
2026-09-23T16:47:13.9679390Z Uploaded bytes 109051904
2026-09-23T16:47:14.4348250Z Uploaded bytes 117440512
2026-09-23T16:47:14.8987310Z Uploaded bytes 125829120
2026-09-23T16:47:15.2889280Z Uploaded bytes 134217728
2026-09-23T16:47:15.8639000Z Uploaded bytes 142606336
2026-09-23T16:47:16.2783530Z Uploaded bytes 150994944
2026-09-23T16:47:16.3257530Z Uploaded bytes 152020529
2026-09-23T16:47:16.3421520Z Finished uploading artifact content to blob storage!
2026-09-23T16:47:16.3422730Z SHA256 digest of uploaded artifact zip is 7499ddd8dd00b992af2f6b70c7d5dedbc1c71da1bf805328909be7e44745fef9
2026-09-23T16:47:16.3424700Z Finalizing artifact upload
2026-09-23T16:47:16.5688850Z Artifact evidence-macos-latest.zip successfully finalized. Artifact ID 10764359287
2026-09-23T16:47:16.5691430Z Artifact evidence-macos-latest has been successfully uploaded! Final size is 152020529 bytes. Artifact ID is 10764359287
2026-09-23T16:47:16.5710400Z Artifact download URL: https://github.com/JohnnyPBelo/relayloom/actions/runs/35888318827/artifacts/10764359287
2026-09-23T16:47:16.6023580Z Post job cleanup.
2026-09-23T16:47:16.7635650Z (node:20492) [DEP0040] DeprecationWarning: The `punycode` module is deprecated. Please use a userland alternative instead.
2026-09-23T16:47:16.7636590Z (Use `node --trace-deprecation ...` to show where the warning was created)
2026-09-23T16:47:16.7754420Z Post job cleanup.
2026-09-23T16:47:16.9572910Z (node:20493) [DEP0040] DeprecationWarning: The `punycode` module is deprecated. Please use a userland alternative instead.
2026-09-23T16:47:16.9573790Z (Use `node --trace-deprecation ...` to show where the warning was created)
2026-09-23T16:47:16.9576150Z Cache hit occurred on the primary key node-cache-macOS-arm64-npm-88240ea3fcc36a07b38e92f18a1559354497a7dfa2763e229b5dd5d5943af76a, not saving cache.
2026-09-23T16:47:16.9696170Z Post job cleanup.
2026-09-23T16:47:17.0968820Z [command]/opt/homebrew/bin/git version
2026-09-23T16:47:17.1228660Z git version 2.55.0
2026-09-23T16:47:17.1250020Z Copying '/Users/runner/.gitconfig' to '/Users/runner/work/_temp/0425e906-cfc4-44b9-8fe8-f1baf6804224/.gitconfig'
2026-09-23T16:47:17.1259480Z Temporarily overriding HOME='/Users/runner/work/_temp/0425e906-cfc4-44b9-8fe8-f1baf6804224' before making global git config changes
2026-09-23T16:47:17.1260780Z Adding repository directory to the temporary git global config as a safe directory
2026-09-23T16:47:17.1266420Z [command]/opt/homebrew/bin/git config --global --add safe.directory /Users/runner/work/relayloom/relayloom
2026-09-23T16:47:17.1395740Z [command]/opt/homebrew/bin/git config --local --name-only --get-regexp core\.sshCommand
2026-09-23T16:47:17.1504870Z [command]/opt/homebrew/bin/git submodule foreach --recursive sh -c "git config --local --name-only --get-regexp 'core\.sshCommand' && git config --local --unset-all 'core.sshCommand' || :"
2026-09-23T16:47:17.2932970Z [command]/opt/homebrew/bin/git config --local --name-only --get-regexp http\.https\:\/\/github\.com\/\.extraheader
2026-09-23T16:47:17.3016460Z http.https://github.com/.extraheader
2026-09-23T16:47:17.3025790Z [command]/opt/homebrew/bin/git config --local --unset-all http.https://github.com/.extraheader
2026-09-23T16:47:17.3112190Z [command]/opt/homebrew/bin/git submodule foreach --recursive sh -c "git config --local --name-only --get-regexp 'http\.https\:\/\/github\.com\/\.extraheader' && git config --local --unset-all 'http.https://github.com/.extraheader' || :"
2026-09-23T16:47:17.4318700Z [command]/opt/homebrew/bin/git config --local --name-only --get-regexp ^includeIf\.gitdir:
2026-09-23T16:47:17.4385370Z [command]/opt/homebrew/bin/git submodule foreach --recursive git config --local --show-origin --name-only --get-regexp remote.origin.url
2026-09-23T16:47:17.5472240Z Cleaning up orphan processes
2026-09-23T16:47:19.6346030Z ##[warning]Node.js 20 is deprecated. The following actions target Node.js 20 but are being forced to run on Node.js 24: actions/checkout@v4, actions/setup-go@v5, actions/setup-node@v4, actions/upload-artifact@v4. For more information see: https://github.blog/changelog/2025-09-19-deprecation-of-node-20-on-github-actions-runners/
