2026-09-23T16:22:46.3566940Z Current runner version: '2.337.0'
2026-09-23T16:22:46.3599293Z ##[group]Runner Image Provisioner
2026-09-23T16:22:46.3600760Z Hosted Compute Agent
2026-09-23T16:22:46.3601811Z Version: 20260828.587
2026-09-23T16:22:46.3602951Z Commit: abac92662cab4cc7352de4f9f9d2e2419aad9c29
2026-09-23T16:22:46.3604191Z Build Date: 2026-08-28T16:44:25Z
2026-09-23T16:22:46.3605531Z Worker ID: {409dc99f-1788-474b-85fc-ac1ce532b1f6}
2026-09-23T16:22:46.3607223Z Azure Region: eastus2
2026-09-23T16:22:46.3608138Z ##[endgroup]
2026-09-23T16:22:46.3610369Z ##[group]Operating System
2026-09-23T16:22:46.3611473Z Microsoft Windows Server 2025
2026-09-23T16:22:46.3612504Z 10.0.26100
2026-09-23T16:22:46.3613444Z Datacenter
2026-09-23T16:22:46.3614280Z ##[endgroup]
2026-09-23T16:22:46.3615143Z ##[group]Runner Image
2026-09-23T16:22:46.3616104Z Image: windows-2025-vs2026
2026-09-23T16:22:46.3617082Z Version: 20260907.229.1
2026-09-23T16:22:46.3619763Z Included Software: https://github.com/actions/runner-images/blob/win25-vs2026/20260907.229/images/windows/Windows2025-VS2026-Readme.md
2026-09-23T16:22:46.3623184Z Image Release: https://github.com/actions/runner-images/releases/tag/win25-vs2026%2F20260907.229
2026-09-23T16:22:46.3625002Z ##[endgroup]
2026-09-23T16:22:46.3627391Z ##[group]GITHUB_TOKEN Permissions
2026-09-23T16:22:46.3630164Z Contents: read
2026-09-23T16:22:46.3631157Z Metadata: read
2026-09-23T16:22:46.3632060Z ##[endgroup]
2026-09-23T16:22:46.3635109Z Secret source: Actions
2026-09-23T16:22:46.3636541Z Cache mode: write
2026-09-23T16:22:46.3637586Z Prepare workflow directory
2026-09-23T16:22:46.4011037Z Prepare all required actions
2026-09-23T16:22:46.4058274Z Getting action download info
2026-09-23T16:22:46.5738209Z Download action repository 'actions/checkout@v4' (SHA:11d5960a326750d5838078e36cf38b85af677262)
2026-09-23T16:22:46.7145493Z Download action repository 'actions/setup-node@v4' (SHA:49933ea5288caeca8642d1e84afbd3f7d6820020)
2026-09-23T16:22:46.8808384Z Download action repository 'actions/setup-go@v5' (SHA:40f1582b2485089dde7abd97c1529aa768e1baff)
2026-09-23T16:22:47.1473709Z Download action repository 'actions/upload-artifact@v4' (SHA:ea165f8d65b6e75b540449e92b4886f43607fa02)
2026-09-23T16:22:47.4863595Z Complete job name: native-node (windows-latest)
2026-09-23T16:22:47.6196316Z ##[group]Run actions/checkout@v4
2026-09-23T16:22:47.6197516Z with:
2026-09-23T16:22:47.6198046Z   repository: JohnnyPBelo/relayloom
2026-09-23T16:22:47.6202293Z   token: ***
2026-09-23T16:22:47.6202691Z   ssh-strict: true
2026-09-23T16:22:47.6203090Z   ssh-user: git
2026-09-23T16:22:47.6203494Z   persist-credentials: true
2026-09-23T16:22:47.6203945Z   clean: true
2026-09-23T16:22:47.6204348Z   sparse-checkout-cone-mode: true
2026-09-23T16:22:47.6204846Z   fetch-depth: 1
2026-09-23T16:22:47.6205237Z   fetch-tags: false
2026-09-23T16:22:47.6205638Z   show-progress: true
2026-09-23T16:22:47.6206037Z   lfs: false
2026-09-23T16:22:47.6206411Z   submodules: false
2026-09-23T16:22:47.6206816Z   set-safe-directory: true
2026-09-23T16:22:47.6207303Z   allow-unsafe-pr-checkout: false
2026-09-23T16:22:47.6207993Z ##[endgroup]
2026-09-23T16:22:47.7641762Z Syncing repository: JohnnyPBelo/relayloom
2026-09-23T16:22:47.7643578Z ##[group]Getting Git version info
2026-09-23T16:22:47.7644290Z Working directory is 'D:\a\relayloom\relayloom'
2026-09-23T16:22:47.8533169Z [command]"C:\Program Files\Git\bin\git.exe" version
2026-09-23T16:22:48.2412470Z git version 2.55.0.windows.5
2026-09-23T16:22:48.2462333Z ##[endgroup]
2026-09-23T16:22:48.2483341Z Temporarily overriding HOME='D:\a\_temp\d09f529e-711b-4d84-b11b-25be4726069b' before making global git config changes
2026-09-23T16:22:48.2485347Z Adding repository directory to the temporary git global config as a safe directory
2026-09-23T16:22:48.2493700Z [command]"C:\Program Files\Git\bin\git.exe" config --global --add safe.directory D:\a\relayloom\relayloom
2026-09-23T16:22:48.3133576Z Deleting the contents of 'D:\a\relayloom\relayloom'
2026-09-23T16:22:48.3140683Z ##[group]Initializing the repository
2026-09-23T16:22:48.3149432Z [command]"C:\Program Files\Git\bin\git.exe" init D:\a\relayloom\relayloom
2026-09-23T16:22:48.4013143Z Initialized empty Git repository in D:/a/relayloom/relayloom/.git/
2026-09-23T16:22:48.4067950Z [command]"C:\Program Files\Git\bin\git.exe" remote add origin https://github.com/JohnnyPBelo/relayloom
2026-09-23T16:22:48.4724851Z ##[endgroup]
2026-09-23T16:22:48.4726548Z ##[group]Disabling automatic garbage collection
2026-09-23T16:22:48.4728362Z [command]"C:\Program Files\Git\bin\git.exe" config --local gc.auto 0
2026-09-23T16:22:48.5043038Z ##[endgroup]
2026-09-23T16:22:48.5044666Z ##[group]Setting up auth
2026-09-23T16:22:48.5055783Z [command]"C:\Program Files\Git\bin\git.exe" config --local --name-only --get-regexp core\.sshCommand
2026-09-23T16:22:48.5358812Z [command]"C:\Program Files\Git\bin\git.exe" submodule foreach --recursive "sh -c \"git config --local --name-only --get-regexp 'core\.sshCommand' && git config --local --unset-all 'core.sshCommand' || :\""
2026-09-23T16:22:49.9946458Z [command]"C:\Program Files\Git\bin\git.exe" config --local --name-only --get-regexp http\.https\:\/\/github\.com\/\.extraheader
2026-09-23T16:22:50.0247424Z [command]"C:\Program Files\Git\bin\git.exe" submodule foreach --recursive "sh -c \"git config --local --name-only --get-regexp 'http\.https\:\/\/github\.com\/\.extraheader' && git config --local --unset-all 'http.https://github.com/.extraheader' || :\""
2026-09-23T16:22:50.5665516Z [command]"C:\Program Files\Git\bin\git.exe" config --local --name-only --get-regexp ^includeIf\.gitdir:
2026-09-23T16:22:50.5956950Z [command]"C:\Program Files\Git\bin\git.exe" submodule foreach --recursive "git config --local --show-origin --name-only --get-regexp remote.origin.url"
2026-09-23T16:22:51.1518637Z [command]"C:\Program Files\Git\bin\git.exe" config --local http.https://github.com/.extraheader "AUTHORIZATION: basic ***"
2026-09-23T16:22:51.1840447Z ##[endgroup]
2026-09-23T16:22:51.1841261Z ##[group]Fetching the repository
2026-09-23T16:22:51.1862272Z [command]"C:\Program Files\Git\bin\git.exe" -c protocol.version=2 fetch --no-tags --prune --no-recurse-submodules --depth=1 origin +44e759cfd308d160b156190164e7342214e7a77a:refs/remotes/origin/codex/site-optional-resources
2026-09-23T16:22:57.6145303Z From https://github.com/JohnnyPBelo/relayloom
2026-09-23T16:22:57.6148644Z  * [new ref]         44e759cfd308d160b156190164e7342214e7a77a -> origin/codex/site-optional-resources
2026-09-23T16:22:57.6188521Z ##[endgroup]
2026-09-23T16:22:57.6188979Z ##[group]Determining the checkout info
2026-09-23T16:22:57.6191684Z ##[endgroup]
2026-09-23T16:22:57.6201499Z [command]"C:\Program Files\Git\bin\git.exe" sparse-checkout disable
2026-09-23T16:22:57.6666356Z [command]"C:\Program Files\Git\bin\git.exe" config --local --unset-all extensions.worktreeConfig
2026-09-23T16:22:57.6950461Z ##[group]Checking out the ref
2026-09-23T16:22:57.6961243Z [command]"C:\Program Files\Git\bin\git.exe" checkout --progress --force -B codex/site-optional-resources refs/remotes/origin/codex/site-optional-resources
2026-09-23T16:22:58.7618008Z Updating files:  38% (2160/5642)
2026-09-23T16:22:58.7804532Z Updating files:  39% (2201/5642)
2026-09-23T16:22:58.8124919Z Updating files:  40% (2257/5642)
2026-09-23T16:22:58.8332663Z Updating files:  41% (2314/5642)
2026-09-23T16:22:58.8528744Z Updating files:  42% (2370/5642)
2026-09-23T16:22:58.8734265Z Updating files:  43% (2427/5642)
2026-09-23T16:22:58.8875058Z Updating files:  44% (2483/5642)
2026-09-23T16:22:58.9122556Z Updating files:  45% (2539/5642)
2026-09-23T16:22:58.9388074Z Updating files:  46% (2596/5642)
2026-09-23T16:22:58.9524794Z Updating files:  47% (2652/5642)
2026-09-23T16:22:58.9786051Z Updating files:  48% (2709/5642)
2026-09-23T16:22:59.0128054Z Updating files:  49% (2765/5642)
2026-09-23T16:22:59.0426405Z Updating files:  50% (2821/5642)
2026-09-23T16:22:59.1996795Z Updating files:  51% (2878/5642)
2026-09-23T16:22:59.2409515Z Updating files:  52% (2934/5642)
2026-09-23T16:22:59.2613293Z Updating files:  53% (2991/5642)
2026-09-23T16:22:59.2762693Z Updating files:  54% (3047/5642)
2026-09-23T16:22:59.2964384Z Updating files:  55% (3104/5642)
2026-09-23T16:22:59.3089074Z Updating files:  56% (3160/5642)
2026-09-23T16:22:59.3215972Z Updating files:  57% (3216/5642)
2026-09-23T16:22:59.3507948Z Updating files:  58% (3273/5642)
2026-09-23T16:22:59.3630738Z Updating files:  59% (3329/5642)
2026-09-23T16:22:59.3827306Z Updating files:  60% (3386/5642)
2026-09-23T16:22:59.4011970Z Updating files:  61% (3442/5642)
2026-09-23T16:22:59.4177818Z Updating files:  62% (3499/5642)
2026-09-23T16:22:59.4337556Z Updating files:  63% (3555/5642)
2026-09-23T16:22:59.4492385Z Updating files:  64% (3611/5642)
2026-09-23T16:22:59.4667766Z Updating files:  65% (3668/5642)
2026-09-23T16:22:59.4818861Z Updating files:  66% (3724/5642)
2026-09-23T16:22:59.4961854Z Updating files:  67% (3781/5642)
2026-09-23T16:22:59.5140998Z Updating files:  68% (3837/5642)
2026-09-23T16:22:59.5385937Z Updating files:  69% (3893/5642)
2026-09-23T16:22:59.5592457Z Updating files:  70% (3950/5642)
2026-09-23T16:22:59.5771655Z Updating files:  71% (4006/5642)
2026-09-23T16:22:59.6065208Z Updating files:  72% (4063/5642)
2026-09-23T16:22:59.6397104Z Updating files:  73% (4119/5642)
2026-09-23T16:22:59.6918802Z Updating files:  74% (4176/5642)
2026-09-23T16:22:59.7136104Z Updating files:  75% (4232/5642)
2026-09-23T16:22:59.7488248Z Updating files:  76% (4288/5642)
2026-09-23T16:22:59.7521946Z Updating files:  76% (4333/5642)
2026-09-23T16:22:59.8043479Z Updating files:  77% (4345/5642)
2026-09-23T16:22:59.8478262Z Updating files:  78% (4401/5642)
2026-09-23T16:22:59.8769392Z Updating files:  79% (4458/5642)
2026-09-23T16:22:59.9094116Z Updating files:  80% (4514/5642)
2026-09-23T16:22:59.9273842Z Updating files:  81% (4571/5642)
2026-09-23T16:22:59.9413154Z Updating files:  82% (4627/5642)
2026-09-23T16:22:59.9697263Z Updating files:  83% (4683/5642)
2026-09-23T16:22:59.9971831Z Updating files:  84% (4740/5642)
2026-09-23T16:23:00.0236101Z Updating files:  85% (4796/5642)
2026-09-23T16:23:00.0537499Z Updating files:  86% (4853/5642)
2026-09-23T16:23:00.0888486Z Updating files:  87% (4909/5642)
2026-09-23T16:23:00.1045062Z Updating files:  88% (4965/5642)
2026-09-23T16:23:00.1200456Z Updating files:  89% (5022/5642)
2026-09-23T16:23:00.1357538Z Updating files:  90% (5078/5642)
2026-09-23T16:23:00.1507714Z Updating files:  91% (5135/5642)
2026-09-23T16:23:00.1683881Z Updating files:  92% (5191/5642)
2026-09-23T16:23:00.1836083Z Updating files:  93% (5248/5642)
2026-09-23T16:23:00.2037543Z Updating files:  94% (5304/5642)
2026-09-23T16:23:00.2190414Z Updating files:  95% (5360/5642)
2026-09-23T16:23:00.2329636Z Updating files:  96% (5417/5642)
2026-09-23T16:23:00.2483737Z Updating files:  97% (5473/5642)
2026-09-23T16:23:00.2631972Z Updating files:  98% (5530/5642)
2026-09-23T16:23:00.2786876Z Updating files:  99% (5586/5642)
2026-09-23T16:23:00.2787557Z Updating files: 100% (5642/5642)
2026-09-23T16:23:00.2787862Z Updating files: 100% (5642/5642), done.
2026-09-23T16:23:00.2995064Z Switched to a new branch 'codex/site-optional-resources'
2026-09-23T16:23:00.3080642Z branch 'codex/site-optional-resources' set up to track 'origin/codex/site-optional-resources'.
2026-09-23T16:23:00.3295295Z ##[endgroup]
2026-09-23T16:23:00.3674672Z [command]"C:\Program Files\Git\bin\git.exe" log -1 --format=%H
2026-09-23T16:23:00.3935267Z 44e759cfd308d160b156190164e7342214e7a77a
2026-09-23T16:23:00.4712863Z ##[group]Run actions/setup-node@v4
2026-09-23T16:23:00.4713293Z with:
2026-09-23T16:23:00.4713474Z   node-version: 22
2026-09-23T16:23:00.4713663Z   cache: npm
2026-09-23T16:23:00.4713838Z   always-auth: false
2026-09-23T16:23:00.4714037Z   check-latest: false
2026-09-23T16:23:00.4716813Z   token: ***
2026-09-23T16:23:00.4717004Z ##[endgroup]
2026-09-23T16:23:00.6790595Z Found in cache @ C:\hostedtoolcache\windows\node\22.23.2\x64
2026-09-23T16:23:00.6798450Z (node:3840) [DEP0040] DeprecationWarning: The `punycode` module is deprecated. Please use a userland alternative instead.
2026-09-23T16:23:00.6799754Z (Use `node --trace-deprecation ...` to show where the warning was created)
2026-09-23T16:23:00.6801936Z ##[group]Environment details
2026-09-23T16:23:06.1871149Z node: v22.23.2
2026-09-23T16:23:06.1871468Z npm: 10.9.8
2026-09-23T16:23:06.1871648Z yarn: 1.22.22
2026-09-23T16:23:06.1872500Z ##[endgroup]
2026-09-23T16:23:06.2751505Z [command]C:\Windows\system32\cmd.exe /D /S /C "C:\hostedtoolcache\windows\node\22.23.2\x64\npm.cmd config get cache"
2026-09-23T16:23:07.0293371Z D:\a\relayloom\relayloom\.cache\npm
2026-09-23T16:23:07.4368080Z Cache hit for: node-cache-Windows-x64-npm-defb3edfa5beda8040000c78dc5755eb17cbe55e41bbeb1c2628ea520d87e918
2026-09-23T16:23:07.4502237Z (node:3840) [DEP0169] DeprecationWarning: `url.parse()` behavior is not standardized and prone to errors that have security implications. Use the WHATWG URL API instead. CVEs are not issued for `url.parse()` vulnerabilities.
2026-09-23T16:23:07.9257723Z Received 53055777 of 53055777 (100.0%), 116.6 MBs/sec
2026-09-23T16:23:07.9259709Z Cache Size: ~51 MB (53055777 B)
2026-09-23T16:23:07.9307446Z [command]"C:\Program Files\Git\usr\bin\tar.exe" -xf D:/a/_temp/b6b66e98-3a94-46fc-b542-4063bdbcbff0/cache.tzst -P -C D:/a/relayloom/relayloom --force-local --use-compress-program "zstd -d"
2026-09-23T16:23:08.7358082Z Cache restored successfully
2026-09-23T16:23:08.7400242Z Cache restored from key: node-cache-Windows-x64-npm-defb3edfa5beda8040000c78dc5755eb17cbe55e41bbeb1c2628ea520d87e918
2026-09-23T16:23:08.7898126Z ##[group]Run actions/setup-go@v5
2026-09-23T16:23:08.7898500Z with:
2026-09-23T16:23:08.7898718Z   go-version: 1.26.8
2026-09-23T16:23:08.7898960Z   cache: false
2026-09-23T16:23:08.7899181Z   check-latest: false
2026-09-23T16:23:08.7902746Z   token: ***
2026-09-23T16:23:08.7902980Z ##[endgroup]
2026-09-23T16:23:08.9569163Z Setup go version spec 1.26.8
2026-09-23T16:23:08.9770092Z Found in cache @ C:\hostedtoolcache\windows\go\1.26.8\x64
2026-09-23T16:23:08.9773088Z (node:2228) [DEP0040] DeprecationWarning: The `punycode` module is deprecated. Please use a userland alternative instead.
2026-09-23T16:23:08.9774262Z (Use `node --trace-deprecation ...` to show where the warning was created)
2026-09-23T16:23:08.9780570Z Added go to the path
2026-09-23T16:23:08.9785398Z Successfully set up Go version 1.26.8
2026-09-23T16:23:11.3416122Z go version go1.26.8 windows/amd64
2026-09-23T16:23:11.3416507Z 
2026-09-23T16:23:11.3420956Z ##[group]go env
2026-09-23T16:23:14.7027242Z set AR=ar
2026-09-23T16:23:14.7027693Z set CC=gcc
2026-09-23T16:23:14.7028094Z set CGO_CFLAGS=-O2 -g
2026-09-23T16:23:14.7028371Z set CGO_CPPFLAGS=
2026-09-23T16:23:14.7028615Z set CGO_CXXFLAGS=-O2 -g
2026-09-23T16:23:14.7028854Z set CGO_ENABLED=1
2026-09-23T16:23:14.7029071Z set CGO_FFLAGS=-O2 -g
2026-09-23T16:23:14.7029299Z set CGO_LDFLAGS=-O2 -g
2026-09-23T16:23:14.7029500Z set CXX=g++
2026-09-23T16:23:14.7029694Z set GCCGO=gccgo
2026-09-23T16:23:14.7029897Z set GO111MODULE=
2026-09-23T16:23:14.7030101Z set GOAMD64=v1
2026-09-23T16:23:14.7030282Z set GOARCH=amd64
2026-09-23T16:23:14.7030478Z set GOAUTH=netrc
2026-09-23T16:23:14.7030662Z set GOBIN=
2026-09-23T16:23:14.7030968Z set GOCACHE=C:\Users\runneradmin\AppData\Local\go-build
2026-09-23T16:23:14.7031335Z set GOCACHEPROG=
2026-09-23T16:23:14.7031536Z set GODEBUG=
2026-09-23T16:23:14.7031849Z set GOENV=C:\Users\runneradmin\AppData\Roaming\go\env
2026-09-23T16:23:14.7032177Z set GOEXE=.exe
2026-09-23T16:23:14.7032644Z set GOEXPERIMENT=
2026-09-23T16:23:14.7032866Z set GOFIPS140=off
2026-09-23T16:23:14.7033061Z set GOFLAGS=
2026-09-23T16:23:14.7033957Z set GOGCCFLAGS=-m64 -mthreads -Wl,--no-gc-sections -fmessage-length=0 -ffile-prefix-map=C:\Users\RUNNER~1\AppData\Local\Temp\go-build4044067074=/tmp/go-build -gno-record-gcc-switches
2026-09-23T16:23:14.7034728Z set GOHOSTARCH=amd64
2026-09-23T16:23:14.7034947Z set GOHOSTOS=windows
2026-09-23T16:23:14.7035411Z set GOINSECURE=
2026-09-23T16:23:14.7035631Z set GOMOD=NUL
2026-09-23T16:23:14.7035974Z set GOMODCACHE=C:\Users\runneradmin\go\pkg\mod
2026-09-23T16:23:14.7036265Z set GONOPROXY=
2026-09-23T16:23:14.7036445Z set GONOSUMDB=
2026-09-23T16:23:14.7036628Z set GOOS=windows
2026-09-23T16:23:14.7036874Z set GOPATH=C:\Users\runneradmin\go
2026-09-23T16:23:14.7037142Z set GOPRIVATE=
2026-09-23T16:23:14.7037473Z set GOPROXY=https://proxy.golang.org,direct
2026-09-23T16:23:14.7037860Z set GOROOT=C:\hostedtoolcache\windows\go\1.26.8\x64
2026-09-23T16:23:14.7038185Z set GOSUMDB=sum.golang.org
2026-09-23T16:23:14.7038427Z set GOTELEMETRY=local
2026-09-23T16:23:14.7038803Z set GOTELEMETRYDIR=C:\Users\runneradmin\AppData\Roaming\go\telemetry
2026-09-23T16:23:14.7039166Z set GOTMPDIR=
2026-09-23T16:23:14.7039365Z set GOTOOLCHAIN=auto
2026-09-23T16:23:14.7039775Z set GOTOOLDIR=C:\hostedtoolcache\windows\go\1.26.8\x64\pkg\tool\windows_amd64
2026-09-23T16:23:14.7040157Z set GOVCS=
2026-09-23T16:23:14.7040358Z set GOVERSION=go1.26.8
2026-09-23T16:23:14.7040561Z set GOWORK=
2026-09-23T16:23:14.7040772Z set PKG_CONFIG=pkg-config
2026-09-23T16:23:14.7040914Z 
2026-09-23T16:23:14.7041216Z ##[endgroup]
2026-09-23T16:23:14.7320027Z ##[group]Run npm ci --ignore-scripts
2026-09-23T16:23:14.7320441Z [36;1mnpm ci --ignore-scripts[0m
2026-09-23T16:23:14.8108205Z shell: C:\Program Files\PowerShell\7\pwsh.EXE -command ". '{0}'"
2026-09-23T16:23:14.8108647Z ##[endgroup]
2026-09-23T16:23:19.3173874Z npm warn deprecated inflight@1.0.6: This module is not supported, and leaks memory. Do not use it. Check out lru-cache if you want a good and tested way to coalesce async requests by a key value, which is much more comprehensive and powerful.
2026-09-23T16:23:19.4298603Z npm warn deprecated rimraf@2.6.3: Rimraf versions prior to v4 are no longer supported
2026-09-23T16:23:19.5474686Z npm warn deprecated glob@7.2.3: Old versions of glob are not supported, and contain widely publicized security vulnerabilities, which have been fixed in the current version. Please update. Support for old versions may be purchased (at exorbitant rates) by contacting i@izs.me
2026-09-23T16:23:20.1525211Z npm warn deprecated boolean@3.2.0: Package no longer supported. Contact Support at https://www.npmjs.com/support for more info.
2026-09-23T16:23:27.2154070Z 
2026-09-23T16:23:27.2154833Z added 462 packages in 12s
2026-09-23T16:23:28.4127638Z ##[group]Run npm run build
2026-09-23T16:23:28.4127961Z [36;1mnpm run build[0m
2026-09-23T16:23:28.4198031Z shell: C:\Program Files\PowerShell\7\pwsh.EXE -command ". '{0}'"
2026-09-23T16:23:28.4198612Z ##[endgroup]
2026-09-23T16:23:29.1527315Z 
2026-09-23T16:23:29.1527890Z > relayloom@0.1.0 build
2026-09-23T16:23:29.1528393Z > tsc --noEmit && vite build
2026-09-23T16:23:29.1528667Z 
2026-09-23T16:23:42.1419552Z [36mvite v7.3.6 [32mbuilding client environment for production...[36m[39m
2026-09-23T16:23:42.2445293Z transforming...
2026-09-23T16:23:46.9595406Z [32m✓[39m 1847 modules transformed.
2026-09-23T16:23:47.1266942Z rendering chunks...
2026-09-23T16:23:47.2780422Z computing gzip size...
2026-09-23T16:23:47.2988524Z [2m../../dist/web/[22m[32massets/manifest-WszF6o4j.webmanifest       [39m[1m[2m  0.32 kB[22m[1m[22m
2026-09-23T16:23:47.2990995Z [2m../../dist/web/[22m[32mindex.html                                 [39m[1m[2m  0.82 kB[22m[1m[22m[2m │ gzip:   0.41 kB[22m
2026-09-23T16:23:47.2993639Z [2m../../dist/web/[22m[32mbrowser/index.html                         [39m[1m[2m  1.19 kB[22m[1m[22m[2m │ gzip:   0.58 kB[22m
2026-09-23T16:23:47.2996091Z [2m../../dist/web/[22m[32mbrowser/worker-CxTgiVfr.js                 [39m[1m[2m261.93 kB[22m[1m[22m
2026-09-23T16:23:47.2998756Z [2m../../dist/web/[22m[35massets/editor-TdZUp6iQ.css                 [39m[1m[2m  2.66 kB[22m[1m[22m[2m │ gzip:   0.85 kB[22m
2026-09-23T16:23:47.3000574Z [2m../../dist/web/[22m[35massets/main-DEi_Xkk3.css                   [39m[1m[2m 13.87 kB[22m[1m[22m[2m │ gzip:   3.10 kB[22m
2026-09-23T16:23:47.3003656Z [2m../../dist/web/[22m[35massets/history-DpTwHcHw.css                [39m[1m[2m 25.68 kB[22m[1m[22m[2m │ gzip:   5.44 kB[22m
2026-09-23T16:23:47.3005448Z [2m../../dist/web/[22m[35massets/peers-CBwbv1q3.css                  [39m[1m[2m 61.71 kB[22m[1m[22m[2m │ gzip:  12.98 kB[22m
2026-09-23T16:23:47.3007303Z [2m../../dist/web/[22m[36massets/modulepreload-polyfill-B5Qt9EMX.js  [39m[1m[2m  0.71 kB[22m[1m[22m[2m │ gzip:   0.40 kB[22m
2026-09-23T16:23:47.3009156Z [2m../../dist/web/[22m[36massets/visit-DRYAygji.js                   [39m[1m[2m  3.59 kB[22m[1m[22m[2m │ gzip:   1.62 kB[22m
2026-09-23T16:23:47.3010854Z [2m../../dist/web/[22m[36massets/editor-Da0xb7_n.js                  [39m[1m[2m 62.39 kB[22m[1m[22m[2m │ gzip:  19.12 kB[22m
2026-09-23T16:23:47.3012548Z [2m../../dist/web/[22m[36massets/browser-wfzqfSRe.js                 [39m[1m[2m 74.90 kB[22m[1m[22m[2m │ gzip:  24.69 kB[22m
2026-09-23T16:23:47.3014321Z [2m../../dist/web/[22m[36massets/history-DuAfTwGr.js                 [39m[1m[2m143.89 kB[22m[1m[22m[2m │ gzip:  45.68 kB[22m
2026-09-23T16:23:47.3016048Z [2m../../dist/web/[22m[36massets/main-CNAA77oL.js                    [39m[1m[2m149.20 kB[22m[1m[22m[2m │ gzip:  45.75 kB[22m
2026-09-23T16:23:47.3017758Z [2m../../dist/web/[22m[36massets/peers-D1H6wmgT.js                   [39m[1m[2m412.67 kB[22m[1m[22m[2m │ gzip: 132.80 kB[22m
2026-09-23T16:23:47.3019064Z [32m✓ built in 5.13s[39m
2026-09-23T16:23:47.4766796Z ##[group]Run npm run native:build
2026-09-23T16:23:47.4767468Z [36;1mnpm run native:build[0m
2026-09-23T16:23:47.4839764Z shell: C:\Program Files\PowerShell\7\pwsh.EXE -command ". '{0}'"
2026-09-23T16:23:47.4840120Z ##[endgroup]
2026-09-23T16:23:48.1631779Z 
2026-09-23T16:23:48.1632288Z > relayloom@0.1.0 native:build
2026-09-23T16:23:48.1632986Z > node scripts/native-build.mjs
2026-09-23T16:23:48.1633211Z 
2026-09-23T16:23:49.0377905Z go: downloading golang.org/x/text v0.42.0
2026-09-23T16:23:50.8535762Z go: downloading golang.org/x/crypto v0.57.0
2026-09-23T16:23:51.9755706Z go: downloading github.com/coder/websocket v1.8.15
2026-09-23T16:23:53.4968108Z go: downloading modernc.org/sqlite v1.58.0
2026-09-23T16:23:55.3560147Z go: downloading modernc.org/libc v1.75.6
2026-09-23T16:23:57.5893236Z go: downloading golang.org/x/sys v0.48.0
2026-09-23T16:23:57.5894046Z go: downloading github.com/dustin/go-humanize v1.0.1
2026-09-23T16:23:57.5894937Z go: downloading github.com/ncruces/go-strftime v1.0.0
2026-09-23T16:23:57.5895718Z go: downloading github.com/mattn/go-isatty v0.0.24
2026-09-23T16:23:57.6228395Z go: downloading modernc.org/mathutil v1.7.1
2026-09-23T16:23:57.6242439Z go: downloading modernc.org/memory v1.12.1
2026-09-23T16:23:57.7095359Z go: downloading github.com/remyoudompheng/bigfft v0.0.0-20230129092748-24d4a6f8daec
2026-09-23T16:24:31.0977071Z Native app CLI built in project cache.
2026-09-23T16:24:31.1618932Z ##[group]Run npm test
2026-09-23T16:24:31.1619729Z [36;1mnpm test[0m
2026-09-23T16:24:31.1695044Z shell: C:\Program Files\PowerShell\7\pwsh.EXE -command ". '{0}'"
2026-09-23T16:24:31.1695426Z ##[endgroup]
2026-09-23T16:24:31.8945471Z 
2026-09-23T16:24:31.8946198Z > relayloom@0.1.0 test
2026-09-23T16:24:31.8946743Z > tsx --test --test-concurrency=1 tests/*.test.ts
2026-09-23T16:24:31.8947050Z 
2026-09-23T16:24:32.1091141Z TAP version 13
2026-09-23T16:24:32.3312918Z # Subtest: browser CI partition rejects omitted, duplicated and empty coverage with a complete positive control
2026-09-23T16:24:32.3320934Z ok 1 - browser CI partition rejects omitted, duplicated and empty coverage with a complete positive control
2026-09-23T16:24:32.3321904Z   ---
2026-09-23T16:24:32.3322283Z   duration_ms: 2.5276
2026-09-23T16:24:32.3322660Z   type: 'test'
2026-09-23T16:24:32.3322968Z   ...
2026-09-23T16:24:32.5995188Z # Subtest: Node bundle creation derives expiry from one clock observation even when the clock advances between reads
2026-09-23T16:24:32.6001035Z ok 2 - Node bundle creation derives expiry from one clock observation even when the clock advances between reads
2026-09-23T16:24:32.6001861Z   ---
2026-09-23T16:24:32.6002217Z   duration_ms: 12.6932
2026-09-23T16:24:32.6002582Z   type: 'test'
2026-09-23T16:24:32.6002824Z   ...
2026-09-23T16:25:17.0038320Z # Subtest: large ASCII runs retain exact Node canonical bytes around Unicode, escaped text, surrogate keys and numeric boundaries
2026-09-23T16:25:17.0043060Z ok 3 - large ASCII runs retain exact Node canonical bytes around Unicode, escaped text, surrogate keys and numeric boundaries
2026-09-23T16:25:17.0044370Z   ---
2026-09-23T16:25:17.0044708Z   duration_ms: 44155.7501
2026-09-23T16:25:17.0045085Z   type: 'test'
2026-09-23T16:25:17.0045376Z   ...
2026-09-23T16:25:17.3855188Z # Subtest: automatic reservations survive restart and count pressure without becoming manual pins
2026-09-23T16:25:17.3857977Z ok 4 - automatic reservations survive restart and count pressure without becoming manual pins
2026-09-23T16:25:17.3858861Z   ---
2026-09-23T16:25:17.3859245Z   duration_ms: 33.2955
2026-09-23T16:25:17.3859647Z   type: 'test'
2026-09-23T16:25:17.3859962Z   ...
2026-09-23T16:25:17.3861807Z # Subtest: byte quota refusal is atomic with a reserved payload and preserves unrelated stored bytes
2026-09-23T16:25:17.3864772Z ok 5 - byte quota refusal is atomic with a reserved payload and preserves unrelated stored bytes
2026-09-23T16:25:17.3865905Z   ---
2026-09-23T16:25:17.3866486Z   duration_ms: 49.7865
2026-09-23T16:25:17.3867100Z   type: 'test'
2026-09-23T16:25:17.3867626Z   ...
2026-09-23T16:25:17.3869338Z # Subtest: reservation does not extend signed expiry
2026-09-23T16:25:17.3874365Z ok 6 - reservation does not extend signed expiry
2026-09-23T16:25:17.3875121Z   ---
2026-09-23T16:25:17.3875681Z   duration_ms: 9.936
2026-09-23T16:25:17.3876262Z   type: 'test'
2026-09-23T16:25:17.3877153Z   ...
2026-09-23T16:25:17.3878286Z # Subtest: unknown or corrupt reservation input cannot partially release a valid reservation
2026-09-23T16:25:17.3881759Z ok 7 - unknown or corrupt reservation input cannot partially release a valid reservation
2026-09-23T16:25:17.3882774Z   ---
2026-09-23T16:25:17.3883309Z   duration_ms: 12.5096
2026-09-23T16:25:17.3883915Z   type: 'test'
2026-09-23T16:25:17.3884419Z   ...
2026-09-23T16:25:17.3885468Z # Subtest: failed reservation index write protects the union until explicit reconciliation
2026-09-23T16:25:17.3886983Z ok 8 - failed reservation index write protects the union until explicit reconciliation
2026-09-23T16:25:17.3887892Z   ---
2026-09-23T16:25:17.3888337Z   duration_ms: 19.9426
2026-09-23T16:25:17.3888828Z   type: 'test'
2026-09-23T16:25:17.3889319Z   ...
2026-09-23T16:25:17.3891430Z # Subtest: duplicate reserved insertion at the count limit preserves a manual pin and verifies stored bytes
2026-09-23T16:25:17.3897571Z ok 9 - duplicate reserved insertion at the count limit preserves a manual pin and verifies stored bytes
2026-09-23T16:25:17.3898507Z   ---
2026-09-23T16:25:17.3898858Z   duration_ms: 10.6723
2026-09-23T16:25:17.3899241Z   type: 'test'
2026-09-23T16:25:17.3899551Z   ...
2026-09-23T16:25:17.6451802Z # Subtest: contact rows use the established Node/Go DM reader-address wire format before the first send
2026-09-23T16:25:17.6453372Z ok 10 - contact rows use the established Node/Go DM reader-address wire format before the first send
2026-09-23T16:25:17.6454608Z   ---
2026-09-23T16:25:17.6454976Z   duration_ms: 2.5494
2026-09-23T16:25:17.6455389Z   type: 'test'
2026-09-23T16:25:17.6455713Z   ...
2026-09-23T16:25:17.6458785Z # Subtest: a repeated own reader remains one reader in the DM address
2026-09-23T16:25:17.6460995Z ok 11 - a repeated own reader remains one reader in the DM address
2026-09-23T16:25:17.6461641Z   ---
2026-09-23T16:25:17.6461994Z   duration_ms: 0.3282
2026-09-23T16:25:17.6462379Z   type: 'test'
2026-09-23T16:25:17.6462695Z   ...
2026-09-23T16:25:18.2621796Z # Subtest: fixed envelope time preserves the saved deadline while nonce identity still requires durable retention
2026-09-23T16:25:18.2623580Z ok 12 - fixed envelope time preserves the saved deadline while nonce identity still requires durable retention
2026-09-23T16:25:18.2624503Z   ---
2026-09-23T16:25:18.2624845Z   duration_ms: 283.8599
2026-09-23T16:25:18.2625214Z   type: 'test'
2026-09-23T16:25:18.2625514Z   ...
2026-09-23T16:25:18.2761729Z # Subtest: Node and portable fixed clocks reject invalid/overflowing dates and unrelated secrets before producing a bundle
2026-09-23T16:25:18.2763525Z ok 13 - Node and portable fixed clocks reject invalid/overflowing dates and unrelated secrets before producing a bundle
2026-09-23T16:25:18.2764853Z   ---
2026-09-23T16:25:18.2765191Z   duration_ms: 12.8251
2026-09-23T16:25:18.2765570Z   type: 'test'
2026-09-23T16:25:18.2765878Z   ...
2026-09-23T16:25:26.1945581Z # Subtest: Node and portable fixed envelopes verify in a real Go process; Go ciphertext decrypts in both adapters
2026-09-23T16:25:26.1947327Z ok 14 - Node and portable fixed envelopes verify in a real Go process; Go ciphertext decrypts in both adapters
2026-09-23T16:25:26.1948243Z   ---
2026-09-23T16:25:26.1948639Z   duration_ms: 7921.4808
2026-09-23T16:25:26.1949050Z   type: 'test'
2026-09-23T16:25:26.1949367Z   ...
2026-09-23T16:25:26.4561910Z # Subtest: historical storage reads authenticate expired bytes without priming the live manifest cache
2026-09-23T16:25:26.4565005Z ok 15 - historical storage reads authenticate expired bytes without priming the live manifest cache
2026-09-23T16:25:26.4565917Z   ---
2026-09-23T16:25:26.4566295Z   duration_ms: 26.3556
2026-09-23T16:25:26.4566694Z   type: 'test'
2026-09-23T16:25:26.4567002Z   ...
2026-09-23T16:25:27.5060775Z # (node:1204) ExperimentalWarning: The MockTimers API is an experimental feature and might change at any time
2026-09-23T16:25:27.5061711Z # (Use `node --trace-warnings ...` to show where the warning was created)
2026-09-23T16:25:27.5088106Z # Subtest: identity proof binds signing address, name and decryption key
2026-09-23T16:25:27.5090350Z ok 16 - identity proof binds signing address, name and decryption key
2026-09-23T16:25:27.5091036Z   ---
2026-09-23T16:25:27.5091398Z   duration_ms: 3.4807
2026-09-23T16:25:27.5091798Z   type: 'test'
2026-09-23T16:25:27.5092116Z   ...
2026-09-23T16:25:27.5094716Z # Subtest: vault encrypts private keys; recovery and wrong-password controls
2026-09-23T16:25:27.5097439Z ok 17 - vault encrypts private keys; recovery and wrong-password controls
2026-09-23T16:25:27.5098164Z   ---
2026-09-23T16:25:27.5098509Z   duration_ms: 489.3058
2026-09-23T16:25:27.5098920Z   type: 'test'
2026-09-23T16:25:27.5099259Z   ...
2026-09-23T16:25:27.5102423Z # Subtest: reader decrypts and seeds but cannot become author; unauthorized reader fails
2026-09-23T16:25:27.5103971Z ok 18 - reader decrypts and seeds but cannot become author; unauthorized reader fails
2026-09-23T16:25:27.5107887Z   ---
2026-09-23T16:25:27.5108612Z   duration_ms: 7.6983
2026-09-23T16:25:27.5109239Z   type: 'test'
2026-09-23T16:25:27.5110176Z   ...
2026-09-23T16:25:27.5111275Z # Subtest: ciphertext, manifest, expiry, depth and address negative controls
2026-09-23T16:25:27.5125542Z ok 19 - ciphertext, manifest, expiry, depth and address negative controls
2026-09-23T16:25:27.5126950Z   ---
2026-09-23T16:25:27.5128015Z   duration_ms: 16.5977
2026-09-23T16:25:27.5128644Z   type: 'test'
2026-09-23T16:25:27.5129167Z   ...
2026-09-23T16:25:27.5130604Z # Subtest: encrypted persistent seed takeover, deduplication, pin/quota, disk corruption
2026-09-23T16:25:27.5132140Z ok 20 - encrypted persistent seed takeover, deduplication, pin/quota, disk corruption
2026-09-23T16:25:27.5133145Z   ---
2026-09-23T16:25:27.5133671Z   duration_ms: 19.7475
2026-09-23T16:25:27.5134093Z   type: 'test'
2026-09-23T16:25:27.5134437Z   ...
2026-09-23T16:25:27.5135392Z # Subtest: object-count cap bounds small-object floods, survives restart and preserves pinned content
2026-09-23T16:25:27.5137549Z ok 21 - object-count cap bounds small-object floods, survives restart and preserves pinned content
2026-09-23T16:25:27.5139103Z   ---
2026-09-23T16:25:27.5139476Z   duration_ms: 61.8847
2026-09-23T16:25:27.5139863Z   type: 'test'
2026-09-23T16:25:27.5140253Z   ...
2026-09-23T16:25:27.5140970Z # Subtest: metadata listing does not replace real viewing order in LRU eviction
2026-09-23T16:25:27.5142029Z ok 22 - metadata listing does not replace real viewing order in LRU eviction
2026-09-23T16:25:27.5143045Z   ---
2026-09-23T16:25:27.5143369Z   duration_ms: 13.4564
2026-09-23T16:25:27.5143758Z   type: 'test'
2026-09-23T16:25:27.5144099Z   ...
2026-09-23T16:25:27.5145100Z # Subtest: cached manifest metadata is isolated, invalidated by disk changes, and never bypasses get verification
2026-09-23T16:25:27.5146729Z ok 23 - cached manifest metadata is isolated, invalidated by disk changes, and never bypasses get verification
2026-09-23T16:25:27.5147734Z   ---
2026-09-23T16:25:27.5148095Z   duration_ms: 19.2028
2026-09-23T16:25:27.5148491Z   type: 'test'
2026-09-23T16:25:27.5148824Z   ...
2026-09-23T16:25:27.5150766Z # Subtest: rejected quota decrease preserves existing files and policy; feasible decrease evicts only unpinned content
2026-09-23T16:25:27.5151714Z ok 24 - rejected quota decrease preserves existing files and policy; feasible decrease evicts only unpinned content
2026-09-23T16:25:27.5152233Z   ---
2026-09-23T16:25:27.5152439Z   duration_ms: 126.5605
2026-09-23T16:25:27.5152664Z   type: 'test'
2026-09-23T16:25:27.5152850Z   ...
2026-09-23T16:25:27.5153265Z # Subtest: invalid persisted index fails safely without deleting verified objects
2026-09-23T16:25:27.5153882Z ok 25 - invalid persisted index fails safely without deleting verified objects
2026-09-23T16:25:27.5154276Z   ---
2026-09-23T16:25:27.5154481Z   duration_ms: 6.7437
2026-09-23T16:25:27.5154707Z   type: 'test'
2026-09-23T16:25:27.5154885Z   ...
2026-09-23T16:25:27.5155393Z # Subtest: strict wire fields and every recipient envelope are validated before accepting signatures
2026-09-23T16:25:27.5156164Z ok 26 - strict wire fields and every recipient envelope are validated before accepting signatures
2026-09-23T16:25:27.5156597Z   ---
2026-09-23T16:25:27.5156904Z   duration_ms: 5.187
2026-09-23T16:25:27.5157121Z   type: 'test'
2026-09-23T16:25:27.5157308Z   ...
2026-09-23T16:25:27.7585009Z # Subtest: desktop accepts only the owned daemon loopback bootstrap capability
2026-09-23T16:25:27.7586461Z ok 27 - desktop accepts only the owned daemon loopback bootstrap capability
2026-09-23T16:25:27.7588050Z   ---
2026-09-23T16:25:27.7588485Z   duration_ms: 1.7285
2026-09-23T16:25:27.7588901Z   type: 'test'
2026-09-23T16:25:27.7589237Z   ...
2026-09-23T16:25:27.7592228Z # Subtest: desktop request policy blocks other hosts, ports, schemes, subframes and WebSockets
2026-09-23T16:25:27.7595831Z ok 28 - desktop request policy blocks other hosts, ports, schemes, subframes and WebSockets
2026-09-23T16:25:27.7596725Z   ---
2026-09-23T16:25:27.7597106Z   duration_ms: 0.3515
2026-09-23T16:25:27.7597516Z   type: 'test'
2026-09-23T16:25:27.7597847Z   ...
2026-09-23T16:25:27.7600253Z # Subtest: desktop navigation stays on its exact local app and rejects insecure runtime overrides
2026-09-23T16:25:27.7602430Z ok 29 - desktop navigation stays on its exact local app and rejects insecure runtime overrides
2026-09-23T16:25:27.7603269Z   ---
2026-09-23T16:25:27.7603626Z   duration_ms: 1.8244
2026-09-23T16:25:27.7604034Z   type: 'test'
2026-09-23T16:25:27.7604360Z   ...
2026-09-23T16:25:27.7605413Z # Subtest: desktop microphone eligibility excludes cameras, remote documents and subframes
2026-09-23T16:25:27.7606804Z ok 30 - desktop microphone eligibility excludes cameras, remote documents and subframes
2026-09-23T16:25:27.7608464Z   ---
2026-09-23T16:25:27.7608846Z   duration_ms: 0.2822
2026-09-23T16:25:27.7609249Z   type: 'test'
2026-09-23T16:25:27.7609587Z   ...
2026-09-23T16:25:27.7613257Z # Subtest: desktop download defaults cannot contain paths, device names or control bytes
2026-09-23T16:25:27.7614577Z ok 31 - desktop download defaults cannot contain paths, device names or control bytes
2026-09-23T16:25:27.7615654Z   ---
2026-09-23T16:25:27.7616033Z   duration_ms: 0.4758
2026-09-23T16:25:27.7616430Z   type: 'test'
2026-09-23T16:25:27.7616755Z   ...
2026-09-23T16:25:28.8262858Z # Subtest: fixture stop is idempotent after process termination by signal
2026-09-23T16:25:28.8266765Z ok 32 - fixture stop is idempotent after process termination by signal
2026-09-23T16:25:28.8267657Z   ---
2026-09-23T16:25:28.8268068Z   duration_ms: 809.2212
2026-09-23T16:25:28.8268502Z   type: 'test'
2026-09-23T16:25:28.8269221Z   ...
2026-09-23T16:25:34.2425523Z # (node:6380) ExperimentalWarning: SQLite is an experimental feature and might change at any time
2026-09-23T16:25:34.2426812Z # (Use `node --trace-warnings ...` to show where the warning was created)
2026-09-23T16:25:34.2477609Z # Subtest: current and additions-only delayed messages preserve exact old readers without granting newcomer history
2026-09-23T16:25:34.2492787Z ok 33 - current and additions-only delayed messages preserve exact old readers without granting newcomer history
2026-09-23T16:25:34.2493770Z   ---
2026-09-23T16:25:34.2494157Z   duration_ms: 1444.9104
2026-09-23T16:25:34.2494689Z   type: 'test'
2026-09-23T16:25:34.2495228Z   ...
2026-09-23T16:25:34.2496279Z # Subtest: removal and rejoin quarantine unseen old content while retaining only exact accepted history
2026-09-23T16:25:34.2508312Z ok 34 - removal and rejoin quarantine unseen old content while retaining only exact accepted history
2026-09-23T16:25:34.2509810Z   ---
2026-09-23T16:25:34.2524377Z   duration_ms: 1300.2989
2026-09-23T16:25:34.2534970Z   type: 'test'
2026-09-23T16:25:34.2536486Z   ...
2026-09-23T16:25:34.2543815Z # Subtest: historical receipts from a removed original reader are minimal and cannot admit an unknown target
2026-09-23T16:25:34.2545614Z ok 35 - historical receipts from a removed original reader are minimal and cannot admit an unknown target
2026-09-23T16:25:34.2546794Z   ---
2026-09-23T16:25:34.2547353Z   duration_ms: 723.7567
2026-09-23T16:25:34.2547899Z   type: 'test'
2026-09-23T16:25:34.2607976Z   ...
2026-09-23T16:25:34.2610862Z # Subtest: group tags cannot hide as falsy legacy fields and cached policy cannot escape its transaction
2026-09-23T16:25:34.2612367Z ok 36 - group tags cannot hide as falsy legacy fields and cached policy cannot escape its transaction
2026-09-23T16:25:34.2615233Z   ---
2026-09-23T16:25:34.2615601Z   duration_ms: 49.021
2026-09-23T16:25:34.2615991Z   type: 'test'
2026-09-23T16:25:34.2616311Z   ...
2026-09-23T16:25:34.2619130Z # Subtest: a closure within the same transaction invalidates earlier cached permission
2026-09-23T16:25:34.2621298Z ok 37 - a closure within the same transaction invalidates earlier cached permission
2026-09-23T16:25:34.2622084Z   ---
2026-09-23T16:25:34.2622760Z   duration_ms: 78.1847
2026-09-23T16:25:34.2623177Z   type: 'test'
2026-09-23T16:25:34.2623491Z   ...
2026-09-23T16:25:34.2624270Z # Subtest: a new edit to old content uses only the original/current reader intersection
2026-09-23T16:25:34.2625464Z ok 38 - a new edit to old content uses only the original/current reader intersection
2026-09-23T16:25:34.2626180Z   ---
2026-09-23T16:25:34.2626518Z   duration_ms: 1511.2855
2026-09-23T16:25:34.2626892Z   type: 'test'
2026-09-23T16:25:34.2627211Z   ...
2026-09-23T16:25:35.0683716Z # (node:7284) ExperimentalWarning: SQLite is an experimental feature and might change at any time
2026-09-23T16:25:35.0684528Z # (Use `node --trace-warnings ...` to show where the warning was created)
2026-09-23T16:25:35.8262388Z # Subtest: an API observation cannot display an admission whose outer transaction rolled back
2026-09-23T16:25:35.8263764Z ok 39 - an API observation cannot display an admission whose outer transaction rolled back
2026-09-23T16:25:35.8264991Z   ---
2026-09-23T16:25:35.8265352Z   duration_ms: 500.3461
2026-09-23T16:25:35.8265747Z   type: 'test'
2026-09-23T16:25:35.8266075Z   ...
2026-09-23T16:25:36.4231863Z # Subtest: a historical delete and its accepted context recover together after lost commit response and real cache removal
2026-09-23T16:25:36.4234477Z ok 40 - a historical delete and its accepted context recover together after lost commit response and real cache removal
2026-09-23T16:25:36.4235927Z   ---
2026-09-23T16:25:36.4236199Z   duration_ms: 604.6706
2026-09-23T16:25:36.4236534Z   type: 'test'
2026-09-23T16:25:36.4236775Z   ...
2026-09-23T16:25:37.0102892Z # Subtest: failure to reserve quarantine bytes aborts the hold and locks until authenticated reconciliation succeeds
2026-09-23T16:25:37.0107546Z ok 41 - failure to reserve quarantine bytes aborts the hold and locks until authenticated reconciliation succeeds
2026-09-23T16:25:37.0108660Z   ---
2026-09-23T16:25:37.0109442Z   duration_ms: 591.5436
2026-09-23T16:25:37.0110031Z   type: 'test'
2026-09-23T16:25:37.0110444Z   ...
2026-09-23T16:25:37.3822074Z # Subtest: an unavailable quarantined blob cannot block admission of another valid group object
2026-09-23T16:25:37.3823535Z ok 42 - an unavailable quarantined blob cannot block admission of another valid group object
2026-09-23T16:25:37.3824689Z   ---
2026-09-23T16:25:37.3825067Z   duration_ms: 368.5902
2026-09-23T16:25:37.3825484Z   type: 'test'
2026-09-23T16:25:37.3825830Z   ...
2026-09-23T16:25:37.4961591Z # Subtest: authenticated history with an expiry inconsistent with its signed bundle is rejected
2026-09-23T16:25:37.4963188Z ok 43 - authenticated history with an expiry inconsistent with its signed bundle is rejected
2026-09-23T16:25:37.4963987Z   ---
2026-09-23T16:25:37.4964320Z   duration_ms: 373.7303
2026-09-23T16:25:37.4964656Z   type: 'test'
2026-09-23T16:25:37.4964844Z   ...
2026-09-23T16:25:52.4609229Z # (node:4916) ExperimentalWarning: SQLite is an experimental feature and might change at any time
2026-09-23T16:25:52.4610544Z # (Use `node --trace-warnings ...` to show where the warning was created)
2026-09-23T16:25:52.4629279Z # Subtest: an unchanged group snapshot walks its authority chain once, and a later closure still invalidates new admission
2026-09-23T16:25:52.4632610Z ok 44 - an unchanged group snapshot walks its authority chain once, and a later closure still invalidates new admission
2026-09-23T16:25:52.4633590Z   ---
2026-09-23T16:25:52.4633950Z   duration_ms: 14441.8019
2026-09-23T16:25:52.4634690Z   type: 'test'
2026-09-23T16:25:52.4635028Z   ...
2026-09-23T16:25:52.4635793Z # {"retainedObjects":32,"epochs":32,"visitedHeaders":32,"elapsedMs":169.95490000000063}
2026-09-23T16:26:00.2806196Z # Subtest: real Node receivers hold epoch content until its snapshot arrives and keep only accepted history after closure
2026-09-23T16:26:00.2807630Z ok 45 - real Node receivers hold epoch content until its snapshot arrives and keep only accepted history after closure
2026-09-23T16:26:00.2809285Z   ---
2026-09-23T16:26:00.2809601Z   duration_ms: 7462.8934
2026-09-23T16:26:00.2809911Z   type: 'test'
2026-09-23T16:26:00.2810155Z   ...
2026-09-23T16:26:03.5879755Z # (node:2612) ExperimentalWarning: SQLite is an experimental feature and might change at any time
2026-09-23T16:26:03.5881252Z # (Use `node --trace-warnings ...` to show where the warning was created)
2026-09-23T16:26:03.5908652Z # Subtest: control expiry rejects replay while the signed authority checkpoint survives
2026-09-23T16:26:03.5912168Z ok 46 - control expiry rejects replay while the signed authority checkpoint survives
2026-09-23T16:26:03.5912773Z   ---
2026-09-23T16:26:03.5912998Z   duration_ms: 70.1363
2026-09-23T16:26:03.5913238Z   type: 'test'
2026-09-23T16:26:03.5913443Z   ...
2026-09-23T16:26:03.5916090Z # Subtest: a reader may seal a creator snapshot for its exact original roster without gaining authority
2026-09-23T16:26:03.5918522Z ok 47 - a reader may seal a creator snapshot for its exact original roster without gaining authority
2026-09-23T16:26:03.5920162Z   ---
2026-09-23T16:26:03.5920383Z   duration_ms: 649.8886
2026-09-23T16:26:03.5920617Z   type: 'test'
2026-09-23T16:26:03.5920808Z   ...
2026-09-23T16:26:03.5929308Z # Subtest: removed readers receive their removal boundary but cannot enumerate future membership or request future snapshots
2026-09-23T16:26:03.5932737Z ok 48 - removed readers receive their removal boundary but cannot enumerate future membership or request future snapshots
2026-09-23T16:26:03.5933569Z   ---
2026-09-23T16:26:03.5933916Z   duration_ms: 1089.6295
2026-09-23T16:26:03.5934754Z   type: 'test'
2026-09-23T16:26:03.5935032Z   ...
2026-09-23T16:26:03.5935556Z # Subtest: invitation authorizes bounded public ancestry, never a private snapshot before membership
2026-09-23T16:26:03.5938958Z ok 49 - invitation authorizes bounded public ancestry, never a private snapshot before membership
2026-09-23T16:26:03.5940253Z   ---
2026-09-23T16:26:03.5940484Z   duration_ms: 78.5984
2026-09-23T16:26:03.5940749Z   type: 'test'
2026-09-23T16:26:03.5941330Z   ...
2026-09-23T16:26:03.5942383Z # Subtest: carrier schema keeps malformed proof tails for the transactional verifier while bounding inputs
2026-09-23T16:26:03.5943864Z ok 50 - carrier schema keeps malformed proof tails for the transactional verifier while bounding inputs
2026-09-23T16:26:03.5944372Z   ---
2026-09-23T16:26:03.5945091Z   duration_ms: 511.2109
2026-09-23T16:26:03.5945771Z   type: 'test'
2026-09-23T16:26:03.5946049Z   ...
2026-09-23T16:26:03.5947351Z # Subtest: fork proofs are served together and private snapshots at the fork are not re-encrypted
2026-09-23T16:26:03.5948657Z ok 51 - fork proofs are served together and private snapshots at the fork are not re-encrypted
2026-09-23T16:26:03.5949490Z   ---
2026-09-23T16:26:03.5949874Z   duration_ms: 653.6644
2026-09-23T16:26:03.5950302Z   type: 'test'
2026-09-23T16:26:03.5950725Z   ...
2026-09-23T16:26:05.5280859Z # Subtest: newcomer validates exact join consent from signed parent header without old snapshot keys
2026-09-23T16:26:05.5282964Z ok 52 - newcomer validates exact join consent from signed parent header without old snapshot keys
2026-09-23T16:26:05.5283868Z   ---
2026-09-23T16:26:05.5284299Z   duration_ms: 102.8936
2026-09-23T16:26:05.5284614Z   type: 'test'
2026-09-23T16:26:05.5284868Z   ...
2026-09-23T16:26:05.5287140Z # Subtest: permanent group anchor has real creator signature, exact schema and separate carrier identity
2026-09-23T16:26:05.5289686Z ok 53 - permanent group anchor has real creator signature, exact schema and separate carrier identity
2026-09-23T16:26:05.5290614Z   ---
2026-09-23T16:26:05.5290934Z   duration_ms: 12.5751
2026-09-23T16:26:05.5291208Z   type: 'test'
2026-09-23T16:26:05.5291465Z   ...
2026-09-23T16:26:05.5293848Z # Subtest: invitation and signed consent do not alter roster until the creator commits the exact parent
2026-09-23T16:26:05.5295438Z ok 54 - invitation and signed consent do not alter roster until the creator commits the exact parent
2026-09-23T16:26:05.5296396Z   ---
2026-09-23T16:26:05.5296916Z   duration_ms: 54.6557
2026-09-23T16:26:05.5297412Z   type: 'test'
2026-09-23T16:26:05.5297825Z   ...
2026-09-23T16:26:05.5299569Z # Subtest: newcomer reads real new ciphertext without obtaining historical keys; removed reader cannot read new content
2026-09-23T16:26:05.5302391Z ok 55 - newcomer reads real new ciphertext without obtaining historical keys; removed reader cannot read new content
2026-09-23T16:26:05.5303764Z   ---
2026-09-23T16:26:05.5304296Z   duration_ms: 90.8474
2026-09-23T16:26:05.5304838Z   type: 'test'
2026-09-23T16:26:05.5305714Z   ...
2026-09-23T16:26:05.5306953Z # Subtest: stale, substituted, missing or extra member consents cannot commit a roster
2026-09-23T16:26:05.5308688Z ok 56 - stale, substituted, missing or extra member consents cannot commit a roster
2026-09-23T16:26:05.5309736Z   ---
2026-09-23T16:26:05.5319206Z   duration_ms: 104.671
2026-09-23T16:26:05.5319947Z   type: 'test'
2026-09-23T16:26:05.5334085Z   ...
2026-09-23T16:26:05.5335568Z # Subtest: removal and rejoin remain restrictive across the complete path even with identical final cards
2026-09-23T16:26:05.5337114Z ok 57 - removal and rejoin remain restrictive across the complete path even with identical final cards
2026-09-23T16:26:05.5338060Z   ---
2026-09-23T16:26:05.5338491Z   duration_ms: 99.1388
2026-09-23T16:26:05.5339000Z   type: 'test'
2026-09-23T16:26:05.5339720Z   ...
2026-09-23T16:26:05.5340836Z # Subtest: creator reading-card replacement preserves signing authority but requires fresh signed consent
2026-09-23T16:26:05.5342536Z ok 58 - creator reading-card replacement preserves signing authority but requires fresh signed consent
2026-09-23T16:26:05.5343551Z   ---
2026-09-23T16:26:05.5344069Z   duration_ms: 72.1516
2026-09-23T16:26:05.5344577Z   type: 'test'
2026-09-23T16:26:05.5345019Z   ...
2026-09-23T16:26:05.5346077Z # Subtest: signed schema tampering, roster duplication, invalid order and snapshot substitution fail
2026-09-23T16:26:05.5347616Z ok 59 - signed schema tampering, roster duplication, invalid order and snapshot substitution fail
2026-09-23T16:26:05.5348573Z   ---
2026-09-23T16:26:05.5349328Z   duration_ms: 47.1484
2026-09-23T16:26:05.5350036Z   type: 'test'
2026-09-23T16:26:05.5350460Z   ...
2026-09-23T16:26:05.5351919Z # Subtest: closure preserves the committed historical state and reserves the final epoch
2026-09-23T16:26:05.5353242Z ok 60 - closure preserves the committed historical state and reserves the final epoch
2026-09-23T16:26:05.5354071Z   ---
2026-09-23T16:26:05.5354531Z   duration_ms: 72.439
2026-09-23T16:26:05.5354954Z   type: 'test'
2026-09-23T16:26:05.5355361Z   ...
2026-09-23T16:26:05.5356362Z # Subtest: a valid creator fork cannot masquerade as a contiguous successor or grant reader authority
2026-09-23T16:26:05.5357836Z ok 61 - a valid creator fork cannot masquerade as a contiguous successor or grant reader authority
2026-09-23T16:26:05.5358766Z   ---
2026-09-23T16:26:05.5359162Z   duration_ms: 64.6089
2026-09-23T16:26:05.5359952Z   type: 'test'
2026-09-23T16:26:05.5360280Z   ...
2026-09-23T16:26:05.5361121Z # Subtest: full 64-member roster is bounded; capacity and title failures do not mutate its parent
2026-09-23T16:26:05.5362615Z ok 62 - full 64-member roster is bounded; capacity and title failures do not mutate its parent
2026-09-23T16:26:05.5363541Z   ---
2026-09-23T16:26:05.5364013Z   duration_ms: 879.8818
2026-09-23T16:26:05.5364557Z   type: 'test'
2026-09-23T16:26:05.5364894Z   ...
2026-09-23T16:26:05.5365944Z # Subtest: member leave is a signed request with no direct roster effect and cannot replace creator closure
2026-09-23T16:26:05.5367525Z ok 63 - member leave is a signed request with no direct roster effect and cannot replace creator closure
2026-09-23T16:26:05.5368396Z   ---
2026-09-23T16:26:05.5368826Z   duration_ms: 60.458
2026-09-23T16:26:05.5369340Z   type: 'test'
2026-09-23T16:26:05.5369741Z   ...
2026-09-23T16:26:06.0974112Z # (node:1676) ExperimentalWarning: SQLite is an experimental feature and might change at any time
2026-09-23T16:26:06.0975871Z # (Use `node --trace-warnings ...` to show where the warning was created)
2026-09-23T16:26:11.7344511Z # Subtest: group confirmation rollback cannot transmit before successful admission
2026-09-23T16:26:11.7346251Z ok 64 - group confirmation rollback cannot transmit before successful admission
2026-09-23T16:26:11.7346949Z   ---
2026-09-23T16:26:11.7347222Z   duration_ms: 5639.5102
2026-09-23T16:26:11.7347586Z   type: 'test'
2026-09-23T16:26:11.7347911Z   ...
2026-09-23T16:26:17.1039868Z # Subtest: group confirmation lost commit response cannot transmit before successful admission
2026-09-23T16:26:17.1041026Z ok 65 - group confirmation lost commit response cannot transmit before successful admission
2026-09-23T16:26:17.1041541Z   ---
2026-09-23T16:26:17.1041833Z   duration_ms: 5369.2092
2026-09-23T16:26:17.1042329Z   type: 'test'
2026-09-23T16:26:17.1042618Z   ...
2026-09-23T16:26:22.3050972Z # Subtest: blocked readers and missing original bytes cannot mint a group read fact
2026-09-23T16:26:22.3052594Z ok 66 - blocked readers and missing original bytes cannot mint a group read fact
2026-09-23T16:26:22.3053732Z   ---
2026-09-23T16:26:22.3054112Z   duration_ms: 5200.853
2026-09-23T16:26:22.3054525Z   type: 'test'
2026-09-23T16:26:22.3054848Z   ...
2026-09-23T16:26:28.4048021Z # Subtest: missing historical group proof pauses confirmation until verified proof is restored
2026-09-23T16:26:28.4049193Z ok 67 - missing historical group proof pauses confirmation until verified proof is restored
2026-09-23T16:26:28.4049854Z   ---
2026-09-23T16:26:28.4050139Z   duration_ms: 6103.6242
2026-09-23T16:26:28.4050473Z   type: 'test'
2026-09-23T16:26:28.4050736Z   ...
2026-09-23T16:26:36.6624044Z # Subtest: real Node group automatic delivery and historical read after closure retain original audience
2026-09-23T16:26:36.6626136Z ok 68 - real Node group automatic delivery and historical read after closure retain original audience
2026-09-23T16:26:36.6626970Z   ---
2026-09-23T16:26:36.6629172Z   duration_ms: 7990.7118
2026-09-23T16:26:36.6629705Z   type: 'test'
2026-09-23T16:26:36.6630358Z   ...
2026-09-23T16:26:38.8315154Z # Subtest: opaque Node relay rejects public, oversized and excessive-lifetime controls before storage and forwarding
2026-09-23T16:26:38.8316291Z ok 69 - opaque Node relay rejects public, oversized and excessive-lifetime controls before storage and forwarding
2026-09-23T16:26:38.8316891Z   ---
2026-09-23T16:26:38.8317126Z   duration_ms: 1773.3866
2026-09-23T16:26:38.8317387Z   type: 'test'
2026-09-23T16:26:38.8317605Z   ...
2026-09-23T16:26:43.5060477Z # (node:7680) ExperimentalWarning: SQLite is an experimental feature and might change at any time
2026-09-23T16:26:43.5061805Z # (Use `node --trace-warnings ...` to show where the warning was created)
2026-09-23T16:26:43.5084209Z # Subtest: proof no-op optimisation still checks recipient scope, snapshot bytes and local participation
2026-09-23T16:26:43.5088888Z ok 70 - proof no-op optimisation still checks recipient scope, snapshot bytes and local participation
2026-09-23T16:26:43.5089861Z   ---
2026-09-23T16:26:43.5090188Z   duration_ms: 749.548
2026-09-23T16:26:43.5090549Z   type: 'test'
2026-09-23T16:26:43.5090852Z   ...
2026-09-23T16:26:43.5096462Z # Subtest: verified cached proof replay avoids authority reapplication but still adopts a new safety header before a bad snapshot
2026-09-23T16:26:43.5099352Z ok 71 - verified cached proof replay avoids authority reapplication but still adopts a new safety header before a bad snapshot
2026-09-23T16:26:43.5100419Z   ---
2026-09-23T16:26:43.5100774Z   duration_ms: 3366.7322
2026-09-23T16:26:43.5101193Z   type: 'test'
2026-09-23T16:26:43.5101508Z   ...
2026-09-23T16:26:43.5102111Z # {"replayed":11,"applications":0,"unlockMs":868.0764999999997}
2026-09-23T16:26:44.0908303Z # (node:5844) ExperimentalWarning: SQLite is an experimental feature and might change at any time
2026-09-23T16:26:44.0912020Z # (Use `node --trace-warnings ...` to show where the warning was created)
2026-09-23T16:26:49.8749658Z # Subtest: group event admission rollback cannot release bytes early
2026-09-23T16:26:49.8751480Z ok 72 - group event admission rollback cannot release bytes early
2026-09-23T16:26:49.8751900Z   ---
2026-09-23T16:26:49.8752126Z   duration_ms: 5786.9807
2026-09-23T16:26:49.8752377Z   type: 'test'
2026-09-23T16:26:49.8752564Z   ...
2026-09-23T16:26:55.5909152Z # Subtest: group event admission lost response cannot release bytes early
2026-09-23T16:26:55.5910258Z ok 73 - group event admission lost response cannot release bytes early
2026-09-23T16:26:55.5910680Z   ---
2026-09-23T16:26:55.5910893Z   duration_ms: 5715.322
2026-09-23T16:26:55.5911121Z   type: 'test'
2026-09-23T16:26:55.5911301Z   ...
2026-09-23T16:27:00.8258018Z # Subtest: group event content-store failure before payload write preserves honest availability
2026-09-23T16:27:00.8260088Z ok 74 - group event content-store failure before payload write preserves honest availability
2026-09-23T16:27:00.8260692Z   ---
2026-09-23T16:27:00.8261084Z   duration_ms: 5235.1643
2026-09-23T16:27:00.8261594Z   type: 'test'
2026-09-23T16:27:00.8261828Z   ...
2026-09-23T16:27:06.4387454Z # Subtest: group event content-store failure after payload write preserves honest availability
2026-09-23T16:27:06.4388874Z ok 75 - group event content-store failure after payload write preserves honest availability
2026-09-23T16:27:06.4389634Z   ---
2026-09-23T16:27:06.4390012Z   duration_ms: 5611.0154
2026-09-23T16:27:06.4390311Z   type: 'test'
2026-09-23T16:27:06.4390495Z   ...
2026-09-23T16:27:12.0626709Z # Subtest: group event close retires retained packets and refuses later serving with a reachable control
2026-09-23T16:27:12.0627891Z ok 76 - group event close retires retained packets and refuses later serving with a reachable control
2026-09-23T16:27:12.0628373Z   ---
2026-09-23T16:27:12.0628643Z   duration_ms: 5625.1273
2026-09-23T16:27:12.0628877Z   type: 'test'
2026-09-23T16:27:12.0629062Z   ...
2026-09-23T16:27:17.2880932Z # Subtest: group event block retires retained packets and refuses later serving with a reachable control
2026-09-23T16:27:17.2882434Z ok 77 - group event block retires retained packets and refuses later serving with a reachable control
2026-09-23T16:27:17.2883265Z   ---
2026-09-23T16:27:17.2883580Z   duration_ms: 5225.7001
2026-09-23T16:27:17.2883953Z   type: 'test'
2026-09-23T16:27:17.2884257Z   ...
2026-09-23T16:27:22.4673070Z # Subtest: group event lock retires retained packets and refuses later serving with a reachable control
2026-09-23T16:27:22.4674455Z ok 78 - group event lock retires retained packets and refuses later serving with a reachable control
2026-09-23T16:27:22.4674944Z   ---
2026-09-23T16:27:22.4675157Z   duration_ms: 5179.1496
2026-09-23T16:27:22.4675387Z   type: 'test'
2026-09-23T16:27:22.4675578Z   ...
2026-09-23T16:27:27.9513077Z # Subtest: group event evicted retires retained packets and refuses later serving with a reachable control
2026-09-23T16:27:27.9514915Z ok 79 - group event evicted retires retained packets and refuses later serving with a reachable control
2026-09-23T16:27:27.9515503Z   ---
2026-09-23T16:27:27.9515728Z   duration_ms: 5483.1088
2026-09-23T16:27:27.9515977Z   type: 'test'
2026-09-23T16:27:27.9516174Z   ...
2026-09-23T16:27:34.6176059Z # Subtest: missing historical target proof pauses new event publication and seeding until exact proof returns
2026-09-23T16:27:34.6177662Z ok 80 - missing historical target proof pauses new event publication and seeding until exact proof returns
2026-09-23T16:27:34.6178491Z   ---
2026-09-23T16:27:34.6178814Z   duration_ms: 6666.4336
2026-09-23T16:27:34.6179218Z   type: 'test'
2026-09-23T16:27:34.6179525Z   ...
2026-09-23T16:27:40.6852753Z # Subtest: corrupt stored event cannot authorise a valid retained packet; exact bytes restore serving
2026-09-23T16:27:40.6855708Z ok 81 - corrupt stored event cannot authorise a valid retained packet; exact bytes restore serving
2026-09-23T16:27:40.6856686Z   ---
2026-09-23T16:27:40.6857074Z   duration_ms: 6071.6434
2026-09-23T16:27:40.6857497Z   type: 'test'
2026-09-23T16:27:40.6857826Z   ...
2026-09-23T16:28:14.9584685Z # Subtest: real Node group newcomer cannot read earlier audiences; peer serves author's edit while author is offline
2026-09-23T16:28:14.9586581Z ok 82 - real Node group newcomer cannot read earlier audiences; peer serves author's edit while author is offline
2026-09-23T16:28:14.9587514Z   ---
2026-09-23T16:28:14.9587875Z   duration_ms: 33999.7573
2026-09-23T16:28:14.9588296Z   type: 'test'
2026-09-23T16:28:14.9588652Z   ...
2026-09-23T16:28:28.5524530Z # Subtest: real Node group reactions/comments/author edits and historical deletion preserve signing ownership
2026-09-23T16:28:28.5526503Z ok 83 - real Node group reactions/comments/author edits and historical deletion preserve signing ownership
2026-09-23T16:28:28.5527520Z   ---
2026-09-23T16:28:28.5527763Z   duration_ms: 13333.2193
2026-09-23T16:28:28.5528034Z   type: 'test'
2026-09-23T16:28:28.5528250Z   ...
2026-09-23T16:28:34.5491448Z # (node:5756) ExperimentalWarning: SQLite is an experimental feature and might change at any time
2026-09-23T16:28:34.5492342Z # (Use `node --trace-warnings ...` to show where the warning was created)
2026-09-23T16:28:34.5519214Z # Subtest: an index consuming stop headroom is refused without changing existing data
2026-09-23T16:28:34.5521763Z ok 84 - an index consuming stop headroom is refused without changing existing data
2026-09-23T16:28:34.5522536Z   ---
2026-09-23T16:28:34.5522909Z   duration_ms: 1552.675
2026-09-23T16:28:34.5523331Z   type: 'test'
2026-09-23T16:28:34.5523670Z   ...
2026-09-23T16:28:34.5529173Z # Subtest: ordinary index growth stops before the protected checkpoint allocation is consumed
2026-09-23T16:28:34.5530897Z ok 85 - ordinary index growth stops before the protected checkpoint allocation is consumed
2026-09-23T16:28:34.5531751Z   ---
2026-09-23T16:28:34.5532164Z   duration_ms: 4195.1556
2026-09-23T16:28:34.5532589Z   type: 'test'
2026-09-23T16:28:34.5532898Z   ...
2026-09-23T16:28:40.5227527Z # (node:7028) ExperimentalWarning: SQLite is an experimental feature and might change at any time
2026-09-23T16:28:40.5228738Z # (Use `node --trace-warnings ...` to show where the warning was created)
2026-09-23T16:28:40.5257179Z # Subtest: stop reads share one validated snapshot but invalidate on mutation and scope exit
2026-09-23T16:28:40.5259797Z ok 86 - stop reads share one validated snapshot but invalidate on mutation and scope exit
2026-09-23T16:28:40.5260593Z   ---
2026-09-23T16:28:40.5260953Z   duration_ms: 180.5904
2026-09-23T16:28:40.5261355Z   type: 'test'
2026-09-23T16:28:40.5262479Z   ...
2026-09-23T16:28:40.5268009Z # Subtest: all256 immutable stops fit; retirement preserves retained facts and counts only removed records
2026-09-23T16:28:40.5270116Z ok 87 - all256 immutable stops fit; retirement preserves retained facts and counts only removed records
2026-09-23T16:28:40.5270962Z   ---
2026-09-23T16:28:40.5271293Z   duration_ms: 5478.1678
2026-09-23T16:28:40.5271668Z   type: 'test'
2026-09-23T16:28:40.5271965Z   ...
2026-09-23T16:28:40.5274614Z # Subtest: expired holds have counted removal and malformed counters cannot be used as valid state
2026-09-23T16:28:40.5277455Z ok 88 - expired holds have counted removal and malformed counters cannot be used as valid state
2026-09-23T16:28:40.5278114Z   ---
2026-09-23T16:28:40.5278331Z   duration_ms: 36.0436
2026-09-23T16:28:40.5278565Z   type: 'test'
2026-09-23T16:28:40.5278758Z   ...
2026-09-23T16:29:41.5887807Z # (node:7780) ExperimentalWarning: SQLite is an experimental feature and might change at any time
2026-09-23T16:29:41.5891471Z # (Use `node --trace-warnings ...` to show where the warning was created)
2026-09-23T16:29:41.5936738Z # Subtest: accepted history is authenticated and unknown old content stays separately held after removal
2026-09-23T16:29:41.5949291Z ok 89 - accepted history is authenticated and unknown old content stays separately held after removal
2026-09-23T16:29:41.5973981Z   ---
2026-09-23T16:29:41.5983053Z   duration_ms: 997.0544
2026-09-23T16:29:41.5989128Z   type: 'test'
2026-09-23T16:29:41.6016339Z   ...
2026-09-23T16:29:41.6017800Z # Subtest: group closure and immutable outbox stop commit together and callback failure rolls both back
2026-09-23T16:29:41.6019956Z ok 90 - group closure and immutable outbox stop commit together and callback failure rolls both back
2026-09-23T16:29:41.6021084Z   ---
2026-09-23T16:29:41.6021664Z   duration_ms: 180.9022
2026-09-23T16:29:41.6022281Z   type: 'test'
2026-09-23T16:29:41.6042017Z   ...
2026-09-23T16:29:41.6043968Z # Subtest: historical receipt uses only a locally persisted accepted target, never an ID supplied by its sender
2026-09-23T16:29:41.6046005Z ok 91 - historical receipt uses only a locally persisted accepted target, never an ID supplied by its sender
2026-09-23T16:29:41.6047496Z   ---
2026-09-23T16:29:41.6048021Z   duration_ms: 692.3608
2026-09-23T16:29:41.6048657Z   type: 'test'
2026-09-23T16:29:41.6049137Z   ...
2026-09-23T16:29:41.6050255Z # Subtest: missing observation clock or malformed authenticated context cannot grant historical access
2026-09-23T16:29:41.6052148Z ok 92 - missing observation clock or malformed authenticated context cannot grant historical access
2026-09-23T16:29:41.6053174Z   ---
2026-09-23T16:29:41.6053653Z   duration_ms: 68.6436
2026-09-23T16:29:41.6054179Z   type: 'test'
2026-09-23T16:29:41.6054644Z   ...
2026-09-23T16:29:41.6055590Z # Subtest: quarantine byte quota uses actual signed ciphertext sizes and refuses overflow
2026-09-23T16:29:41.6056984Z ok 93 - quarantine byte quota uses actual signed ciphertext sizes and refuses overflow
2026-09-23T16:29:41.6057884Z   ---
2026-09-23T16:29:41.6058375Z   duration_ms: 904.0562
2026-09-23T16:29:41.6058911Z   type: 'test'
2026-09-23T16:29:41.6059357Z   ...
2026-09-23T16:29:41.6060387Z # Subtest: minimal outbox stop survives exhausted ordinary space without rewriting private content
2026-09-23T16:29:41.6061920Z ok 94 - minimal outbox stop survives exhausted ordinary space without rewriting private content
2026-09-23T16:29:41.6063277Z   ---
2026-09-23T16:29:41.6063790Z   duration_ms: 107.8804
2026-09-23T16:29:41.6064324Z   type: 'test'
2026-09-23T16:29:41.6064780Z   ...
2026-09-23T16:29:41.6065755Z # Subtest: ledger readers cannot escape the borrowed scope, even when every collection is empty
2026-09-23T16:29:41.6067219Z ok 95 - ledger readers cannot escape the borrowed scope, even when every collection is empty
2026-09-23T16:29:41.6068225Z   ---
2026-09-23T16:29:41.6068719Z   duration_ms: 8.1756
2026-09-23T16:29:41.6069238Z   type: 'test'
2026-09-23T16:29:41.6069728Z   ...
2026-09-23T16:29:41.6070596Z # Subtest: the authority reserve also accommodates every retained outbox stop
2026-09-23T16:29:41.6071617Z ok 96 - the authority reserve also accommodates every retained outbox stop
2026-09-23T16:29:41.6072303Z   ---
2026-09-23T16:29:41.6072651Z   duration_ms: 250.552
2026-09-23T16:29:41.6073046Z   type: 'test'
2026-09-23T16:29:41.6073350Z   ...
2026-09-23T16:29:41.6074066Z # Subtest: quarantine count remains bounded and replay does not consume another slot
2026-09-23T16:29:41.6075544Z ok 97 - quarantine count remains bounded and replay does not consume another slot
2026-09-23T16:29:41.6076222Z   ---
2026-09-23T16:29:41.6076548Z   duration_ms: 2250.8488
2026-09-23T16:29:41.6076936Z   type: 'test'
2026-09-23T16:29:41.6077253Z   ...
2026-09-23T16:29:41.6078118Z # Subtest: full4096 history respects protected records and retains the exact accepted count on retirement
2026-09-23T16:29:41.6079554Z ok 98 - full4096 history respects protected records and retains the exact accepted count on retirement
2026-09-23T16:29:41.6080354Z   ---
2026-09-23T16:29:41.6080684Z   duration_ms: 55318.8294
2026-09-23T16:29:41.6081064Z   type: 'test'
2026-09-23T16:29:41.6081607Z   ...
2026-09-23T16:30:11.7234256Z # Subtest: Node invitation API retains exact delivery material, bounds pending notices and preserves closure
2026-09-23T16:30:11.7235915Z ok 99 - Node invitation API retains exact delivery material, bounds pending notices and preserves closure
2026-09-23T16:30:11.7236829Z   ---
2026-09-23T16:30:11.7237126Z   duration_ms: 29808.8858
2026-09-23T16:30:11.7237441Z   type: 'test'
2026-09-23T16:30:11.7237689Z   ...
2026-09-23T16:30:16.6994171Z # Subtest: real Node notices deliver invitation, explicit consent and leave without automatic group admission
2026-09-23T16:30:16.6996708Z ok 100 - real Node notices deliver invitation, explicit consent and leave without automatic group admission
2026-09-23T16:30:16.6998212Z   ---
2026-09-23T16:30:16.6998859Z   duration_ms: 4720.8153
2026-09-23T16:30:16.6999571Z   type: 'test'
2026-09-23T16:30:16.7000162Z   ...
2026-09-23T16:30:17.0542443Z # (node:5052) ExperimentalWarning: SQLite is an experimental feature and might change at any time
2026-09-23T16:30:17.0545210Z # (Use `node --trace-warnings ...` to show where the warning was created)
2026-09-23T16:30:25.1821973Z # Subtest: Node replays notice safety headers before sending, blocked source=false
2026-09-23T16:30:25.1823895Z ok 101 - Node replays notice safety headers before sending, blocked source=false
2026-09-23T16:30:25.1824384Z   ---
2026-09-23T16:30:25.1824662Z   duration_ms: 8130.8981
2026-09-23T16:30:25.1824992Z   type: 'test'
2026-09-23T16:30:25.1825245Z   ...
2026-09-23T16:30:33.4102597Z # Subtest: Node replays notice safety headers before sending, blocked source=true
2026-09-23T16:30:33.4103953Z ok 102 - Node replays notice safety headers before sending, blocked source=true
2026-09-23T16:30:33.4104836Z   ---
2026-09-23T16:30:33.4105315Z   duration_ms: 8231.602
2026-09-23T16:30:33.4105829Z   type: 'test'
2026-09-23T16:30:33.4106312Z   ...
2026-09-23T16:30:33.6936667Z # (node:6908) ExperimentalWarning: SQLite is an experimental feature and might change at any time
2026-09-23T16:30:33.6937564Z # (Use `node --trace-warnings ...` to show where the warning was created)
2026-09-23T16:30:39.8022168Z # Subtest: opaque Node seeder delivers invitation and consent after each original author stops
2026-09-23T16:30:39.8023836Z ok 103 - opaque Node seeder delivers invitation and consent after each original author stops
2026-09-23T16:30:39.8024735Z   ---
2026-09-23T16:30:39.8025199Z   duration_ms: 6114.9645
2026-09-23T16:30:39.8025781Z   type: 'test'
2026-09-23T16:30:39.8026209Z   ...
2026-09-23T16:30:51.3100595Z # (node:8808) ExperimentalWarning: SQLite is an experimental feature and might change at any time
2026-09-23T16:30:51.3102003Z # (Use `node --trace-warnings ...` to show where the warning was created)
2026-09-23T16:30:51.3130481Z # Subtest: private notices bind invitation, consent and leave without conferring signing ownership or local admission
2026-09-23T16:30:51.3134760Z ok 104 - private notices bind invitation, consent and leave without conferring signing ownership or local admission
2026-09-23T16:30:51.3135921Z   ---
2026-09-23T16:30:51.3136453Z   duration_ms: 686.8519
2026-09-23T16:30:51.3137020Z   type: 'test'
2026-09-23T16:30:51.3137443Z   ...
2026-09-23T16:30:51.3138545Z # Subtest: invitation result and exact delivery card commit together and survive reopening encrypted SQLite
2026-09-23T16:30:51.3140361Z ok 105 - invitation result and exact delivery card commit together and survive reopening encrypted SQLite
2026-09-23T16:30:51.3141408Z   ---
2026-09-23T16:30:51.3141881Z   duration_ms: 122.648
2026-09-23T16:30:51.3142440Z   type: 'test'
2026-09-23T16:30:51.3142885Z   ...
2026-09-23T16:30:51.3144019Z # Subtest: issuer quota, duplicate reads and dismissal replay memory stay bounded without changing group state
2026-09-23T16:30:51.3145820Z ok 106 - issuer quota, duplicate reads and dismissal replay memory stay bounded without changing group state
2026-09-23T16:30:51.3146869Z   ---
2026-09-23T16:30:51.3147838Z   duration_ms: 658.4557
2026-09-23T16:30:51.3148534Z   type: 'test'
2026-09-23T16:30:51.3148987Z   ...
2026-09-23T16:30:51.3149987Z # Subtest: finite notice history retires oldest entries without making a replay local consent
2026-09-23T16:30:51.3151567Z ok 107 - finite notice history retires oldest entries without making a replay local consent
2026-09-23T16:30:51.3152492Z   ---
2026-09-23T16:30:51.3152988Z   duration_ms: 9651.8152
2026-09-23T16:30:51.3153614Z   type: 'test'
2026-09-23T16:30:51.3154495Z   ...
2026-09-23T16:30:51.3155650Z # Subtest: authenticated malformed notice metadata aborts the outer transaction even if its error is caught
2026-09-23T16:30:51.3157389Z ok 108 - authenticated malformed notice metadata aborts the outer transaction even if its error is caught
2026-09-23T16:30:51.3158431Z   ---
2026-09-23T16:30:51.3158912Z   duration_ms: 68.0729
2026-09-23T16:30:51.3159462Z   type: 'test'
2026-09-23T16:30:51.3159894Z   ...
2026-09-23T16:30:51.3160854Z # Subtest: failed dismissal cannot lose an invitation when the caller swallows the write error
2026-09-23T16:30:51.3182942Z ok 109 - failed dismissal cannot lose an invitation when the caller swallows the write error
2026-09-23T16:30:51.3183884Z   ---
2026-09-23T16:30:51.3184391Z   duration_ms: 65.5541
2026-09-23T16:30:51.3184877Z   type: 'test'
2026-09-23T16:30:51.3185286Z   ...
2026-09-23T16:31:11.1238284Z # (node:6816) ExperimentalWarning: SQLite is an experimental feature and might change at any time
2026-09-23T16:31:11.1239134Z # (Use `node --trace-warnings ...` to show where the warning was created)
2026-09-23T16:31:11.1344184Z # Subtest: missing private proof pauses a valid reserved send without losing availability, then releases its obsolete hold
2026-09-23T16:31:11.1346331Z ok 110 - missing private proof pauses a valid reserved send without losing availability, then releases its obsolete hold
2026-09-23T16:31:11.1347928Z   ---
2026-09-23T16:31:11.1348801Z   duration_ms: 2310.3213
2026-09-23T16:31:11.1349371Z   type: 'test'
2026-09-23T16:31:11.1349954Z   ...
2026-09-23T16:31:11.1352753Z # Subtest: runtime closure persists the minimal stop without rewriting the private document and releases only automatic protection
2026-09-23T16:31:11.1354904Z ok 111 - runtime closure persists the minimal stop without rewriting the private document and releases only automatic protection
2026-09-23T16:31:11.1356093Z   ---
2026-09-23T16:31:11.1356574Z   duration_ms: 2269.3963
2026-09-23T16:31:11.1357103Z   type: 'test'
2026-09-23T16:31:11.1357584Z   ...
2026-09-23T16:31:11.1358389Z # Subtest: runtime group stop and closure recover together after rollback
2026-09-23T16:31:11.1359521Z ok 112 - runtime group stop and closure recover together after rollback
2026-09-23T16:31:11.1360342Z   ---
2026-09-23T16:31:11.1360851Z   duration_ms: 1439.2967
2026-09-23T16:31:11.1361409Z   type: 'test'
2026-09-23T16:31:11.1361899Z   ...
2026-09-23T16:31:11.1362782Z # Subtest: runtime group stop and closure recover together after lost commit response
2026-09-23T16:31:11.1364536Z ok 113 - runtime group stop and closure recover together after lost commit response
2026-09-23T16:31:11.1365456Z   ---
2026-09-23T16:31:11.1365939Z   duration_ms: 1062.5762
2026-09-23T16:31:11.1366464Z   type: 'test'
2026-09-23T16:31:11.1366951Z   ...
2026-09-23T16:31:11.1368018Z # Subtest: full normal database quota still commits a group stop while the ordinary growth control fails
2026-09-23T16:31:11.1369634Z ok 114 - full normal database quota still commits a group stop while the ordinary growth control fails
2026-09-23T16:31:11.1370668Z   ---
2026-09-23T16:31:11.1371141Z   duration_ms: 3707.9344
2026-09-23T16:31:11.1371681Z   type: 'test'
2026-09-23T16:31:11.1372155Z   ...
2026-09-23T16:31:11.1373160Z # Subtest: forged stop mirror, mismatched binding and orphan stop all fail authenticated reopening
2026-09-23T16:31:11.1374206Z     # Subtest: mirror
2026-09-23T16:31:11.1374797Z     ok 1 - mirror
2026-09-23T16:31:11.1375277Z       ---
2026-09-23T16:31:11.1376222Z       duration_ms: 1069.3733
2026-09-23T16:31:11.1376906Z       type: 'test'
2026-09-23T16:31:11.1377478Z       ...
2026-09-23T16:31:11.1377949Z     # Subtest: binding
2026-09-23T16:31:11.1378450Z     ok 2 - binding
2026-09-23T16:31:11.1378983Z       ---
2026-09-23T16:31:11.1379427Z       duration_ms: 1235.7649
2026-09-23T16:31:11.1379878Z       type: 'test'
2026-09-23T16:31:11.1380248Z       ...
2026-09-23T16:31:11.1380613Z     # Subtest: orphan
2026-09-23T16:31:11.1382966Z     ok 3 - orphan
2026-09-23T16:31:11.1383688Z       ---
2026-09-23T16:31:11.1384086Z       duration_ms: 1224.695
2026-09-23T16:31:11.1384550Z       type: 'test'
2026-09-23T16:31:11.1384923Z       ...
2026-09-23T16:31:11.1385266Z     1..3
2026-09-23T16:31:11.1386572Z ok 115 - forged stop mirror, mismatched binding and orphan stop all fail authenticated reopening
2026-09-23T16:31:11.1387419Z   ---
2026-09-23T16:31:11.1387774Z   duration_ms: 3530.8434
2026-09-23T16:31:11.1388200Z   type: 'test'
2026-09-23T16:31:11.1388528Z   ...
2026-09-23T16:31:11.1390039Z # Subtest: bounded stopped entries coexist with 128 new pending operations; half bindings and extra fields fail
2026-09-23T16:31:11.1392305Z ok 116 - bounded stopped entries coexist with 128 new pending operations; half bindings and extra fields fail
2026-09-23T16:31:11.1393494Z   ---
2026-09-23T16:31:11.1394067Z   duration_ms: 1033.7247
2026-09-23T16:31:11.1394685Z   type: 'test'
2026-09-23T16:31:11.1395232Z   ...
2026-09-23T16:31:11.1396455Z # Subtest: a restrictive prefix with an invalid tail stops the runtime intent in its accepted transaction
2026-09-23T16:31:11.1398130Z ok 117 - a restrictive prefix with an invalid tail stops the runtime intent in its accepted transaction
2026-09-23T16:31:11.1399146Z   ---
2026-09-23T16:31:11.1399770Z   duration_ms: 1113.7316
2026-09-23T16:31:11.1400244Z   type: 'test'
2026-09-23T16:31:11.1400579Z   ...
2026-09-23T16:31:11.1401164Z # Subtest: stop retirement and removal of the corresponding intent share a private commit
2026-09-23T16:31:11.1401886Z ok 118 - stop retirement and removal of the corresponding intent share a private commit
2026-09-23T16:31:11.1402305Z   ---
2026-09-23T16:31:11.1402526Z   duration_ms: 1743.3911
2026-09-23T16:31:11.1402753Z   type: 'test'
2026-09-23T16:31:11.1402938Z   ...
2026-09-23T16:31:12.4888834Z # Subtest: runtime stop cancels its existing transport queue
2026-09-23T16:31:12.4889784Z ok 119 - runtime stop cancels its existing transport queue
2026-09-23T16:31:12.4891710Z   ---
2026-09-23T16:31:12.4892390Z   duration_ms: 1524.2514
2026-09-23T16:31:12.4892786Z   type: 'test'
2026-09-23T16:31:12.4893031Z   ...
2026-09-23T16:31:14.1045725Z # Subtest: runtime negative control delivers its existing transport queue
2026-09-23T16:31:14.1047622Z ok 120 - runtime negative control delivers its existing transport queue
2026-09-23T16:31:14.1048325Z   ---
2026-09-23T16:31:14.1048685Z   duration_ms: 1424.3526
2026-09-23T16:31:14.1049100Z   type: 'test'
2026-09-23T16:31:14.1049422Z   ...
2026-09-23T16:31:16.4813914Z # Subtest: real TCP cache request checks active author authority even after delivery completed
2026-09-23T16:31:16.4815484Z ok 121 - real TCP cache request checks active author authority even after delivery completed
2026-09-23T16:31:16.4815935Z   ---
2026-09-23T16:31:16.4816160Z   duration_ms: 2179.7276
2026-09-23T16:31:16.4816414Z   type: 'test'
2026-09-23T16:31:16.4816606Z   ...
2026-09-23T16:31:18.4450103Z # Subtest: real TCP cache request checks closed author authority even after delivery completed
2026-09-23T16:31:18.4452282Z ok 122 - real TCP cache request checks closed author authority even after delivery completed
2026-09-23T16:31:18.4453105Z   ---
2026-09-23T16:31:18.4453466Z   duration_ms: 2150.8874
2026-09-23T16:31:18.4453865Z   type: 'test'
2026-09-23T16:31:18.4454176Z   ...
2026-09-23T16:31:19.0421391Z # Subtest: real TCP cache request checks locked author authority even after delivery completed
2026-09-23T16:31:19.0423330Z ok 123 - real TCP cache request checks locked author authority even after delivery completed
2026-09-23T16:31:19.0424207Z   ---
2026-09-23T16:31:19.0424581Z   duration_ms: 1678.1999
2026-09-23T16:31:19.0424969Z   type: 'test'
2026-09-23T16:31:19.0425280Z   ...
2026-09-23T16:31:19.9033472Z # (node:7292) ExperimentalWarning: SQLite is an experimental feature and might change at any time
2026-09-23T16:31:19.9034980Z # (Use `node --trace-warnings ...` to show where the warning was created)
2026-09-23T16:31:19.9064164Z # Subtest: repeated authority reads share verified checkpoint work only inside an unchanged transaction
2026-09-23T16:31:19.9066792Z ok 124 - repeated authority reads share verified checkpoint work only inside an unchanged transaction
2026-09-23T16:31:19.9067723Z   ---
2026-09-23T16:31:19.9068098Z   duration_ms: 85.2312
2026-09-23T16:31:19.9069617Z   type: 'test'
2026-09-23T16:31:19.9069973Z   ...
2026-09-23T16:31:19.9070492Z # Subtest: a write after a cached read revalidates corruption and aborts the outer transaction
2026-09-23T16:31:19.9072789Z ok 125 - a write after a cached read revalidates corruption and aborts the outer transaction
2026-09-23T16:31:19.9073546Z   ---
2026-09-23T16:31:19.9073875Z   duration_ms: 51.6844
2026-09-23T16:31:19.9074125Z   type: 'test'
2026-09-23T16:31:19.9074404Z   ...
2026-09-23T16:31:19.9078527Z # Subtest: a closure in the same authority scope invalidates an earlier active view
2026-09-23T16:31:19.9079710Z ok 126 - a closure in the same authority scope invalidates an earlier active view
2026-09-23T16:31:19.9080453Z   ---
2026-09-23T16:31:19.9080822Z   duration_ms: 110.9925
2026-09-23T16:31:19.9081231Z   type: 'test'
2026-09-23T16:31:19.9081573Z   ...
2026-09-23T16:31:19.9082497Z # Subtest: a cached checkpoint cannot hide deletion of its referenced epoch: proof
2026-09-23T16:31:19.9084655Z ok 127 - a cached checkpoint cannot hide deletion of its referenced epoch: proof
2026-09-23T16:31:19.9085423Z   ---
2026-09-23T16:31:19.9085799Z   duration_ms: 50.3837
2026-09-23T16:31:19.9086236Z   type: 'test'
2026-09-23T16:31:19.9086584Z   ...
2026-09-23T16:31:19.9087392Z # Subtest: a cached checkpoint cannot hide deletion of its referenced snapshot: proof
2026-09-23T16:31:19.9088847Z ok 128 - a cached checkpoint cannot hide deletion of its referenced snapshot: proof
2026-09-23T16:31:19.9089954Z   ---
2026-09-23T16:31:19.9090182Z   duration_ms: 60.6453
2026-09-23T16:31:19.9090416Z   type: 'test'
2026-09-23T16:31:19.9090600Z   ...
2026-09-23T16:31:19.9094273Z # Subtest: the scoped checkpoint work cache evicts old groups instead of retaining every read
2026-09-23T16:31:19.9095502Z ok 129 - the scoped checkpoint work cache evicts old groups instead of retaining every read
2026-09-23T16:31:19.9095942Z   ---
2026-09-23T16:31:19.9096158Z   duration_ms: 232.8434
2026-09-23T16:31:19.9096391Z   type: 'test'
2026-09-23T16:31:19.9096572Z   ...
2026-09-23T16:31:25.8607175Z # (node:3888) ExperimentalWarning: SQLite is an experimental feature and might change at any time
2026-09-23T16:31:25.8608463Z # (Use `node --trace-warnings ...` to show where the warning was created)
2026-09-23T16:31:25.8728521Z # Subtest: creator state is encrypted, permanent and idempotent while its operation is retained
2026-09-23T16:31:25.8733424Z ok 130 - creator state is encrypted, permanent and idempotent while its operation is retained
2026-09-23T16:31:25.8735598Z   ---
2026-09-23T16:31:25.8736381Z   duration_ms: 116.3302
2026-09-23T16:31:25.8738925Z   type: 'test'
2026-09-23T16:31:25.8740115Z   ...
2026-09-23T16:31:25.8741344Z # Subtest: explicit invitation needs complete ancestry and fresh consent before local membership
2026-09-23T16:31:25.8743840Z ok 131 - explicit invitation needs complete ancestry and fresh consent before local membership
2026-09-23T16:31:25.8745718Z   ---
2026-09-23T16:31:25.8746432Z   duration_ms: 558.3057
2026-09-23T16:31:25.8747418Z   type: 'test'
2026-09-23T16:31:25.8747989Z   ...
2026-09-23T16:31:25.8749519Z # Subtest: unknown groups, invalid signer and signed orphan hints cannot allocate, advance or freeze authority
2026-09-23T16:31:25.8751611Z ok 132 - unknown groups, invalid signer and signed orphan hints cannot allocate, advance or freeze authority
2026-09-23T16:31:25.8757635Z   ---
2026-09-23T16:31:25.8759673Z   duration_ms: 136.0901
2026-09-23T16:31:25.8760284Z   type: 'test'
2026-09-23T16:31:25.8760814Z   ...
2026-09-23T16:31:25.8761707Z # Subtest: an incumbent cannot skip an invalid intermediate membership snapshot
2026-09-23T16:31:25.8765783Z ok 133 - an incumbent cannot skip an invalid intermediate membership snapshot
2026-09-23T16:31:25.8766736Z   ---
2026-09-23T16:31:25.8770327Z   duration_ms: 242.4337
2026-09-23T16:31:25.8770984Z   type: 'test'
2026-09-23T16:31:25.8771514Z   ...
2026-09-23T16:31:25.8772564Z # Subtest: creator equivocation freezes durably; stale hints do not choose or erase a branch
2026-09-23T16:31:25.8776338Z ok 134 - creator equivocation freezes durably; stale hints do not choose or erase a branch
2026-09-23T16:31:25.8778771Z   ---
2026-09-23T16:31:25.8779803Z   duration_ms: 237.5589
2026-09-23T16:31:25.8780380Z   type: 'test'
2026-09-23T16:31:25.8780887Z   ...
2026-09-23T16:31:25.8784577Z # Subtest: local leave survives restart and old consent replay; reentry requires a new committed nonce
2026-09-23T16:31:25.8786976Z ok 135 - local leave survives restart and old consent replay; reentry requires a new committed nonce
2026-09-23T16:31:25.8787943Z   ---
2026-09-23T16:31:25.8788622Z   duration_ms: 1102.1961
2026-09-23T16:31:25.8789215Z   type: 'test'
2026-09-23T16:31:25.8789669Z   ...
2026-09-23T16:31:25.8790654Z # Subtest: a late join response cannot restore membership across a subsequent removal
2026-09-23T16:31:25.8791863Z ok 136 - a late join response cannot restore membership across a subsequent removal
2026-09-23T16:31:25.8792625Z   ---
2026-09-23T16:31:25.8792990Z   duration_ms: 379.3164
2026-09-23T16:31:25.8793391Z   type: 'test'
2026-09-23T16:31:25.8793700Z   ...
2026-09-23T16:31:25.8794496Z # Subtest: storage pressure persists a stop checkpoint instead of using an obsolete roster
2026-09-23T16:31:25.8795741Z ok 137 - storage pressure persists a stop checkpoint instead of using an obsolete roster
2026-09-23T16:31:25.8799047Z   ---
2026-09-23T16:31:25.8799395Z   duration_ms: 116.8985
2026-09-23T16:31:25.8799760Z   type: 'test'
2026-09-23T16:31:25.8800046Z   ...
2026-09-23T16:31:25.8800863Z # Subtest: closure and a stale expected parent cannot create a successor or bypass idempotency
2026-09-23T16:31:25.8802132Z ok 138 - closure and a stale expected parent cannot create a successor or bypass idempotency
2026-09-23T16:31:25.8802890Z   ---
2026-09-23T16:31:25.8803231Z   duration_ms: 228.1113
2026-09-23T16:31:25.8803596Z   type: 'test'
2026-09-23T16:31:25.8803898Z   ...
2026-09-23T16:31:25.8804603Z # Subtest: 64 remembered groups are retained; capacity is not reset by closing them
2026-09-23T16:31:25.8806780Z ok 139 - 64 remembered groups are retained; capacity is not reset by closing them
2026-09-23T16:31:25.8807490Z   ---
2026-09-23T16:31:25.8808104Z   duration_ms: 2504.3144
2026-09-23T16:31:25.8808736Z   type: 'test'
2026-09-23T16:31:25.8809059Z   ...
2026-09-23T16:31:26.3651487Z # Subtest: two real creator processes use compare-and-set and cannot commit siblings in one registry
2026-09-23T16:31:26.3653582Z ok 140 - two real creator processes use compare-and-set and cannot commit siblings in one registry
2026-09-23T16:31:26.3654653Z   ---
2026-09-23T16:31:26.3655702Z   duration_ms: 507.9652
2026-09-23T16:31:26.3656416Z   type: 'test'
2026-09-23T16:31:26.3657272Z   ...
2026-09-23T16:31:40.9377233Z # Subtest: real process crashes preserve atomic authority and the original operation after a lost response
2026-09-23T16:31:40.9379303Z ok 141 - real process crashes preserve atomic authority and the original operation after a lost response
2026-09-23T16:31:40.9380431Z   ---
2026-09-23T16:31:40.9380898Z   duration_ms: 656.4044
2026-09-23T16:31:40.9381364Z   type: 'test'
2026-09-23T16:31:40.9381783Z   ...
2026-09-23T16:31:40.9383417Z # Subtest: later snapshots wait for a missing intermediate state and activate after its verified arrival
2026-09-23T16:31:40.9385140Z ok 142 - later snapshots wait for a missing intermediate state and activate after its verified arrival
2026-09-23T16:31:40.9386045Z   ---
2026-09-23T16:31:40.9386418Z   duration_ms: 864.5482
2026-09-23T16:31:40.9386831Z   type: 'test'
2026-09-23T16:31:40.9387157Z   ...
2026-09-23T16:31:40.9388059Z # Subtest: capacity recovery adopts the exact stopped header and still needs its private state
2026-09-23T16:31:40.9389480Z ok 143 - capacity recovery adopts the exact stopped header and still needs its private state
2026-09-23T16:31:40.9390307Z   ---
2026-09-23T16:31:40.9390662Z   duration_ms: 222.5125
2026-09-23T16:31:40.9391073Z   type: 'test'
2026-09-23T16:31:40.9391406Z   ...
2026-09-23T16:31:40.9392287Z # Subtest: snapshot capacity stops survive restart; freeing space alone cannot reactivate membership
2026-09-23T16:31:40.9393835Z ok 144 - snapshot capacity stops survive restart; freeing space alone cannot reactivate membership
2026-09-23T16:31:40.9395345Z   ---
2026-09-23T16:31:40.9395720Z   duration_ms: 221.7746
2026-09-23T16:31:40.9396139Z   type: 'test'
2026-09-23T16:31:40.9396465Z   ...
2026-09-23T16:31:40.9397368Z # Subtest: a real sibling proof during capacity suspension freezes permanently and is retrievable
2026-09-23T16:31:40.9398906Z ok 145 - a real sibling proof during capacity suspension freezes permanently and is retrievable
2026-09-23T16:31:40.9399761Z   ---
2026-09-23T16:31:40.9400121Z   duration_ms: 152.0724
2026-09-23T16:31:40.9400531Z   type: 'test'
2026-09-23T16:31:40.9400852Z   ...
2026-09-23T16:31:40.9401788Z # Subtest: finite operation retention follows authenticated revisions and leaves group proofs intact
2026-09-23T16:31:40.9403309Z ok 146 - finite operation retention follows authenticated revisions and leaves group proofs intact
2026-09-23T16:31:40.9404191Z   ---
2026-09-23T16:31:40.9404567Z   duration_ms: 5728.4652
2026-09-23T16:31:40.9404994Z   type: 'test'
2026-09-23T16:31:40.9405310Z   ...
2026-09-23T16:31:40.9406349Z # Subtest: authenticated but malformed authority records fail closed instead of trusting falsy fields or cursors
2026-09-23T16:31:40.9408554Z ok 147 - authenticated but malformed authority records fail closed instead of trusting falsy fields or cursors
2026-09-23T16:31:40.9453956Z   ---
2026-09-23T16:31:40.9454367Z   duration_ms: 89.0079
2026-09-23T16:31:40.9454773Z   type: 'test'
2026-09-23T16:31:40.9455076Z   ...
2026-09-23T16:31:40.9460056Z # Subtest: corrupt retained operation cannot fabricate a successful response
2026-09-23T16:31:40.9461579Z ok 148 - corrupt retained operation cannot fabricate a successful response
2026-09-23T16:31:40.9462244Z   ---
2026-09-23T16:31:40.9462582Z   duration_ms: 18.1549
2026-09-23T16:31:40.9462988Z   type: 'test'
2026-09-23T16:31:40.9463283Z   ...
2026-09-23T16:31:40.9464126Z # Subtest: local leave and creator closure remain durable under full ordinary metadata capacity
2026-09-23T16:31:40.9466796Z ok 149 - local leave and creator closure remain durable under full ordinary metadata capacity
2026-09-23T16:31:40.9467572Z   ---
2026-09-23T16:31:40.9467902Z   duration_ms: 494.932
2026-09-23T16:31:40.9468261Z   type: 'test'
2026-09-23T16:31:40.9468558Z   ...
2026-09-23T16:31:40.9469429Z # Subtest: a malformed trailing proof cannot roll back an already verified removal in the same page
2026-09-23T16:31:40.9470571Z ok 150 - a malformed trailing proof cannot roll back an already verified removal in the same page
2026-09-23T16:31:40.9471035Z   ---
2026-09-23T16:31:40.9471353Z   duration_ms: 497.6651
2026-09-23T16:31:40.9471752Z   type: 'test'
2026-09-23T16:31:40.9472050Z   ...
2026-09-23T16:31:40.9472843Z # Subtest: the declared maximum checkpoints and stop receipts fit the reserved SQLite budget
2026-09-23T16:31:40.9474153Z ok 151 - the declared maximum checkpoints and stop receipts fit the reserved SQLite budget
2026-09-23T16:31:40.9476080Z   ---
2026-09-23T16:31:40.9476485Z   duration_ms: 241.0316
2026-09-23T16:31:40.9476878Z   type: 'test'
2026-09-23T16:31:40.9477178Z   ...
2026-09-23T16:31:40.9478101Z # Subtest: retirement rechecks every operation signature after caching a group in the same transaction
2026-09-23T16:31:40.9479564Z ok 152 - retirement rechecks every operation signature after caching a group in the same transaction
2026-09-23T16:31:40.9480276Z   ---
2026-09-23T16:31:40.9480489Z   duration_ms: 5424.6489
2026-09-23T16:31:40.9480726Z   type: 'test'
2026-09-23T16:31:40.9480908Z   ...
2026-09-23T16:31:41.5055351Z # (node:4560) ExperimentalWarning: SQLite is an experimental feature and might change at any time
2026-09-23T16:31:41.5056935Z # (Use `node --trace-warnings ...` to show where the warning was created)
2026-09-23T16:31:46.5284556Z # Subtest: authenticated Node group management persists membership and restrictive proofs
2026-09-23T16:31:46.5286277Z ok 153 - authenticated Node group management persists membership and restrictive proofs
2026-09-23T16:31:46.5287549Z   ---
2026-09-23T16:31:46.5287878Z   duration_ms: 4809.9856
2026-09-23T16:31:46.5288256Z   type: 'test'
2026-09-23T16:31:46.5288585Z   ...
2026-09-23T16:31:46.7100650Z # Subtest: group API recovers a committed command whose response was lost without creating a second group
2026-09-23T16:31:46.7115284Z ok 154 - group API recovers a committed command whose response was lost without creating a second group
2026-09-23T16:31:46.7116485Z   ---
2026-09-23T16:31:46.7117029Z   duration_ms: 401.2607
2026-09-23T16:31:46.7117588Z   type: 'test'
2026-09-23T16:31:46.7118598Z   ...
2026-09-23T16:31:48.3503239Z # (node:2544) ExperimentalWarning: SQLite is an experimental feature and might change at any time
2026-09-23T16:31:48.3504603Z # (Use `node --trace-warnings ...` to show where the warning was created)
2026-09-23T16:31:50.2403505Z # Subtest: group send intent rollback has no transport side effect
2026-09-23T16:31:50.2406984Z ok 155 - group send intent rollback has no transport side effect
2026-09-23T16:31:50.2407680Z   ---
2026-09-23T16:31:50.2408027Z   duration_ms: 2050.8819
2026-09-23T16:31:50.2408424Z   type: 'test'
2026-09-23T16:31:50.2408736Z   ...
2026-09-23T16:31:52.6729448Z # Subtest: group send intent lost response has no transport side effect
2026-09-23T16:31:52.6730710Z ok 156 - group send intent lost response has no transport side effect
2026-09-23T16:31:52.6731289Z   ---
2026-09-23T16:31:52.6731581Z   duration_ms: 2448.4781
2026-09-23T16:31:52.6731828Z   type: 'test'
2026-09-23T16:31:52.6732012Z   ...
2026-09-23T16:31:55.5454232Z # Subtest: group send recovers original stored bytes after ready rollback
2026-09-23T16:31:55.5455488Z ok 157 - group send recovers original stored bytes after ready rollback
2026-09-23T16:31:55.5456181Z   ---
2026-09-23T16:31:55.5456539Z   duration_ms: 2866.9655
2026-09-23T16:31:55.5456951Z   type: 'test'
2026-09-23T16:31:55.5457282Z   ...
2026-09-23T16:31:58.3928094Z # Subtest: group send recovers original stored bytes after lost ready response
2026-09-23T16:31:58.3929336Z ok 158 - group send recovers original stored bytes after lost ready response
2026-09-23T16:31:58.3930040Z   ---
2026-09-23T16:31:58.3930387Z   duration_ms: 2856.4644
2026-09-23T16:31:58.3930777Z   type: 'test'
2026-09-23T16:31:58.3931094Z   ...
2026-09-23T16:32:00.0216405Z # Subtest: a reported content-store failure cannot leak the new group packet or silently create another ID
2026-09-23T16:32:00.0218291Z ok 159 - a reported content-store failure cannot leak the new group packet or silently create another ID
2026-09-23T16:32:00.0218945Z   ---
2026-09-23T16:32:00.0219204Z   duration_ms: 2523.0289
2026-09-23T16:32:00.0219500Z   type: 'test'
2026-09-23T16:32:00.0219687Z   ...
2026-09-23T16:32:07.6162345Z # Subtest: actual group send APIs create durable encrypted text, attachment and reply over TCP without global contacts
2026-09-23T16:32:07.6164097Z ok 160 - actual group send APIs create durable encrypted text, attachment and reply over TCP without global contacts
2026-09-23T16:32:07.6164714Z   ---
2026-09-23T16:32:07.6164943Z   duration_ms: 7308.769
2026-09-23T16:32:07.6165176Z   type: 'test'
2026-09-23T16:32:07.6165378Z   ...
2026-09-23T16:32:12.5007381Z # Subtest: new group sends require current head and exact snapshot audience; retained operation remains immutable
2026-09-23T16:32:12.5009384Z ok 161 - new group sends require current head and exact snapshot audience; retained operation remains immutable
2026-09-23T16:32:12.5010274Z   ---
2026-09-23T16:32:12.5010606Z   duration_ms: 4889.3735
2026-09-23T16:32:12.5011136Z   type: 'test'
2026-09-23T16:32:12.5011350Z   ...
2026-09-23T16:32:12.9972208Z # (node:3376) ExperimentalWarning: SQLite is an experimental feature and might change at any time
2026-09-23T16:32:12.9973487Z # (Use `node --trace-warnings ...` to show where the warning was created)
2026-09-23T16:32:13.0038004Z # Subtest: encrypted metadata survives close/reopen; uncommitted work and transaction handles cannot escape
2026-09-23T16:32:13.0069138Z ok 162 - encrypted metadata survives close/reopen; uncommitted work and transaction handles cannot escape
2026-09-23T16:32:13.0070541Z   ---
2026-09-23T16:32:13.0071187Z   duration_ms: 43.3474
2026-09-23T16:32:13.0071838Z   type: 'test'
2026-09-23T16:32:13.0072395Z   ...
2026-09-23T16:32:13.0073936Z # Subtest: absence, truncation, wrong identity, wrong signing authority and extra SQL schema fail closed
2026-09-23T16:32:13.0075714Z ok 163 - absence, truncation, wrong identity, wrong signing authority and extra SQL schema fail closed
2026-09-23T16:32:13.0076753Z   ---
2026-09-23T16:32:13.0077245Z   duration_ms: 14.757
2026-09-23T16:32:13.0077785Z   type: 'test'
2026-09-23T16:32:13.0078313Z   ...
2026-09-23T16:32:13.0079085Z # Subtest: unknown schema cannot hide behind a similar SQLite prefix
2026-09-23T16:32:13.0080219Z ok 164 - unknown schema cannot hide behind a similar SQLite prefix
2026-09-23T16:32:13.0081621Z   ---
2026-09-23T16:32:13.0082445Z   duration_ms: 9.1136
2026-09-23T16:32:13.0082898Z   type: 'test'
2026-09-23T16:32:13.0083217Z   ...
2026-09-23T16:32:13.0083928Z # Subtest: valid encryption with only the reading key cannot forge a locally signed fence
2026-09-23T16:32:13.0085073Z ok 165 - valid encryption with only the reading key cannot forge a locally signed fence
2026-09-23T16:32:13.0085803Z   ---
2026-09-23T16:32:13.0086118Z   duration_ms: 15.5178
2026-09-23T16:32:13.0086494Z   type: 'test'
2026-09-23T16:32:13.0086779Z   ...
2026-09-23T16:32:13.0087683Z # Subtest: checkpoint corruption, deletion, wrong SQL type and oversize are rejected before trusting state
2026-09-23T16:32:13.0089181Z ok 166 - checkpoint corruption, deletion, wrong SQL type and oversize are rejected before trusting state
2026-09-23T16:32:13.0090037Z   ---
2026-09-23T16:32:13.0090369Z   duration_ms: 37.5225
2026-09-23T16:32:13.0090724Z   type: 'test'
2026-09-23T16:32:13.0091020Z   ...
2026-09-23T16:32:13.0091932Z # Subtest: complete valid backup rollback is an explicit limitation; a pinned different registry is rejected
2026-09-23T16:32:13.0093833Z ok 167 - complete valid backup rollback is an explicit limitation; a pinned different registry is rejected
2026-09-23T16:32:13.0094803Z   ---
2026-09-23T16:32:13.0095130Z   duration_ms: 22.6887
2026-09-23T16:32:13.0095496Z   type: 'test'
2026-09-23T16:32:13.0095812Z   ...
2026-09-23T16:32:13.0096859Z # Subtest: ciphertext substitution, swallowed integrity errors and stale index replay cannot change a committed record
2026-09-23T16:32:13.0098619Z ok 168 - ciphertext substitution, swallowed integrity errors and stale index replay cannot change a committed record
2026-09-23T16:32:13.0099587Z   ---
2026-09-23T16:32:13.0099945Z   duration_ms: 35.3903
2026-09-23T16:32:13.0100359Z   type: 'test'
2026-09-23T16:32:13.0100687Z   ...
2026-09-23T16:32:13.0101478Z # Subtest: a replacement callback error cannot erase an observed integrity failure
2026-09-23T16:32:13.0102936Z ok 169 - a replacement callback error cannot erase an observed integrity failure
2026-09-23T16:32:13.0103615Z   ---
2026-09-23T16:32:13.0103956Z   duration_ms: 11.5879
2026-09-23T16:32:13.0104329Z   type: 'test'
2026-09-23T16:32:13.0104621Z   ...
2026-09-23T16:32:13.0105364Z # Subtest: record AAD binds logical key and revision even beneath a freshly signed index
2026-09-23T16:32:13.0106566Z ok 170 - record AAD binds logical key and revision even beneath a freshly signed index
2026-09-23T16:32:13.0107230Z   ---
2026-09-23T16:32:13.0107553Z   duration_ms: 16.0736
2026-09-23T16:32:13.0107886Z   type: 'test'
2026-09-23T16:32:13.0108208Z   ...
2026-09-23T16:32:13.0110655Z # Subtest: ordinary metadata cannot consume the checkpoint reserve; capacity failure is atomic
2026-09-23T16:32:13.0112054Z ok 171 - ordinary metadata cannot consume the checkpoint reserve; capacity failure is atomic
2026-09-23T16:32:13.0112821Z   ---
2026-09-23T16:32:13.0113152Z   duration_ms: 19.5381
2026-09-23T16:32:13.0113477Z   type: 'test'
2026-09-23T16:32:13.0113801Z   ...
2026-09-23T16:32:13.2757952Z # Subtest: abrupt writer process death rolls back staged SQL and preserves the last authenticated checkpoint
2026-09-23T16:32:13.2759559Z ok 172 - abrupt writer process death rolls back staged SQL and preserves the last authenticated checkpoint
2026-09-23T16:32:13.2760454Z   ---
2026-09-23T16:32:13.2760823Z   duration_ms: 270.5335
2026-09-23T16:32:13.2761217Z   type: 'test'
2026-09-23T16:32:13.2761532Z   ...
2026-09-23T16:32:13.6489966Z # Subtest: two actual writer processes serialize read-modify-write without losing updates
2026-09-23T16:32:13.6491305Z ok 173 - two actual writer processes serialize read-modify-write without losing updates
2026-09-23T16:32:13.6492078Z   ---
2026-09-23T16:32:13.6492452Z   duration_ms: 396.4671
2026-09-23T16:32:13.6492850Z   type: 'test'
2026-09-23T16:32:13.6493170Z   ...
2026-09-23T16:32:16.9598303Z # (node:2028) ExperimentalWarning: SQLite is an experimental feature and might change at any time
2026-09-23T16:32:16.9599873Z # (Use `node --trace-warnings ...` to show where the warning was created)
2026-09-23T16:32:16.9629636Z # Subtest: control store failures still consume the bounded publication budget
2026-09-23T16:32:16.9631390Z ok 174 - control store failures still consume the bounded publication budget
2026-09-23T16:32:16.9632109Z   ---
2026-09-23T16:32:16.9632818Z   duration_ms: 823.8522
2026-09-23T16:32:16.9633471Z   type: 'test'
2026-09-23T16:32:16.9634719Z   ...
2026-09-23T16:32:16.9639562Z # Subtest: control transport failures still consume the bounded publication budget
2026-09-23T16:32:16.9641831Z ok 175 - control transport failures still consume the bounded publication budget
2026-09-23T16:32:16.9642571Z   ---
2026-09-23T16:32:16.9642907Z   duration_ms: 732.3224
2026-09-23T16:32:16.9643270Z   type: 'test'
2026-09-23T16:32:16.9643561Z   ...
2026-09-23T16:32:16.9645808Z # Subtest: network responses obey the producer cache quota without evicting pinned controls
2026-09-23T16:32:16.9649084Z ok 176 - network responses obey the producer cache quota without evicting pinned controls
2026-09-23T16:32:16.9649578Z   ---
2026-09-23T16:32:16.9649800Z   duration_ms: 1497.4708
2026-09-23T16:32:16.9650038Z   type: 'test'
2026-09-23T16:32:16.9650220Z   ...
2026-09-23T16:32:21.7287835Z # Subtest: real wire delivers newest snapshot before missing predecessors and projects the verified newest title
2026-09-23T16:32:21.7289623Z ok 177 - real wire delivers newest snapshot before missing predecessors and projects the verified newest title
2026-09-23T16:32:21.7290590Z   ---
2026-09-23T16:32:21.7290962Z   duration_ms: 4400.062
2026-09-23T16:32:21.7291373Z   type: 'test'
2026-09-23T16:32:21.7291698Z   ...
2026-09-23T16:32:27.5067164Z # Subtest: available encrypted controls replay before a locked member can retry or sign after removal
2026-09-23T16:32:27.5068763Z ok 178 - available encrypted controls replay before a locked member can retry or sign after removal
2026-09-23T16:32:27.5069664Z   ---
2026-09-23T16:32:27.5070426Z   duration_ms: 5418.7248
2026-09-23T16:32:27.5070905Z   type: 'test'
2026-09-23T16:32:27.5071240Z   ...
2026-09-23T16:32:42.2687572Z # Subtest: Node control requests recover lost responses and revalidate authority on identical retries
2026-09-23T16:32:42.2689099Z ok 179 - Node control requests recover lost responses and revalidate authority on identical retries
2026-09-23T16:32:42.2689973Z   ---
2026-09-23T16:32:42.2691178Z   duration_ms: 14407.1267
2026-09-23T16:32:42.2691681Z   type: 'test'
2026-09-23T16:32:42.2692036Z   ...
2026-09-23T16:32:54.5022202Z # Subtest: real Node control proofs heal a partition from another member after creator stops
2026-09-23T16:32:54.5023355Z ok 180 - real Node control proofs heal a partition from another member after creator stops
2026-09-23T16:32:54.5023853Z   ---
2026-09-23T16:32:54.5024414Z   duration_ms: 11964.9672
2026-09-23T16:32:54.5024783Z   type: 'test'
2026-09-23T16:32:54.5025154Z   ...
2026-09-23T16:32:54.7837150Z # Subtest: Node control proofs traverse TCP and serial PTYs, with partition, relay-off and offline opaque seeder controls
2026-09-23T16:32:54.7841046Z ok 181 - Node control proofs traverse TCP and serial PTYs, with partition, relay-off and offline opaque seeder controls # SKIP
2026-09-23T16:32:54.7841884Z   ---
2026-09-23T16:32:54.7842249Z   duration_ms: 1.0684
2026-09-23T16:32:54.7842594Z   type: 'test'
2026-09-23T16:32:54.7842887Z   ...
2026-09-23T16:32:59.0005061Z # Subtest: real Node peers synchronise epoch snapshots and closure without HTTP proof transfer after setup
2026-09-23T16:32:59.0007394Z ok 182 - real Node peers synchronise epoch snapshots and closure without HTTP proof transfer after setup
2026-09-23T16:32:59.0008272Z   ---
2026-09-23T16:32:59.0008680Z   duration_ms: 3938.7174
2026-09-23T16:32:59.0009214Z   type: 'test'
2026-09-23T16:32:59.0009624Z   ...
2026-09-23T16:33:10.1164533Z # Subtest: remembered invitation fetches paginated public ancestry automatically but no pre-join private snapshot
2026-09-23T16:33:10.1166397Z ok 183 - remembered invitation fetches paginated public ancestry automatically but no pre-join private snapshot
2026-09-23T16:33:10.1167367Z   ---
2026-09-23T16:33:10.1167759Z   duration_ms: 11119.8501
2026-09-23T16:33:10.1168260Z   type: 'test'
2026-09-23T16:33:10.1168634Z   ...
2026-09-23T16:33:10.8105848Z # (node:3832) ExperimentalWarning: SQLite is an experimental feature and might change at any time
2026-09-23T16:33:10.8107048Z # (Use `node --trace-warnings ...` to show where the warning was created)
2026-09-23T16:33:10.8133111Z # Subtest: group and private document share one commit; callback rollback and expired scopes cannot leak writes
2026-09-23T16:33:10.8135690Z ok 184 - group and private document share one commit; callback rollback and expired scopes cannot leak writes
2026-09-23T16:33:10.8136496Z   ---
2026-09-23T16:33:10.8136808Z   duration_ms: 111.1122
2026-09-23T16:33:10.8137150Z   type: 'test'
2026-09-23T16:33:10.8137435Z   ...
2026-09-23T16:33:10.8143149Z # Subtest: swallowing a scoped operation failure cannot commit earlier group or private writes
2026-09-23T16:33:10.8145244Z ok 185 - swallowing a scoped operation failure cannot commit earlier group or private writes
2026-09-23T16:33:10.8146320Z   ---
2026-09-23T16:33:10.8146989Z   duration_ms: 45.7285
2026-09-23T16:33:10.8147604Z   type: 'test'
2026-09-23T16:33:10.8148014Z   ...
2026-09-23T16:33:10.8150882Z # Subtest: a verified closure and private decision commit despite a rejected proof tail
2026-09-23T16:33:10.8152542Z ok 186 - a verified closure and private decision commit despite a rejected proof tail
2026-09-23T16:33:10.8153551Z   ---
2026-09-23T16:33:10.8154181Z   duration_ms: 97.116
2026-09-23T16:33:10.8154917Z   type: 'test'
2026-09-23T16:33:10.8155504Z   ...
2026-09-23T16:33:10.8156646Z # Subtest: even swallowing the entire authority scope error cannot commit the outer transaction
2026-09-23T16:33:10.8158244Z ok 187 - even swallowing the entire authority scope error cannot commit the outer transaction
2026-09-23T16:33:10.8159669Z   ---
2026-09-23T16:33:10.8160228Z   duration_ms: 33.852
2026-09-23T16:33:10.8160747Z   type: 'test'
2026-09-23T16:33:10.8161198Z   ...
2026-09-23T16:33:10.8162228Z # Subtest: minimal authority fence commits at full ordinary quota without growing the private document
2026-09-23T16:33:10.8164021Z ok 188 - minimal authority fence commits at full ordinary quota without growing the private document
2026-09-23T16:33:10.8164842Z   ---
2026-09-23T16:33:10.8165178Z   duration_ms: 142.1636
2026-09-23T16:33:10.8165561Z   type: 'test'
2026-09-23T16:33:10.8165875Z   ...
2026-09-23T16:33:11.0900220Z # Subtest: three processes TCP → serial PTY, partition/heal, relay control and publisher-offline seeder takeover
2026-09-23T16:33:11.0903219Z ok 189 - three processes TCP → serial PTY, partition/heal, relay control and publisher-offline seeder takeover # SKIP
2026-09-23T16:33:11.0904248Z   ---
2026-09-23T16:33:11.0904614Z   duration_ms: 1.0565
2026-09-23T16:33:11.0905050Z   type: 'test'
2026-09-23T16:33:11.0905786Z   ...
2026-09-23T16:33:18.5835540Z # Subtest: a delayed fixture client submits a non-idempotent operation once after the server closes idle HTTP sockets
2026-09-23T16:33:18.5837697Z ok 190 - a delayed fixture client submits a non-idempotent operation once after the server closes idle HTTP sockets
2026-09-23T16:33:18.5838632Z   ---
2026-09-23T16:33:18.5838967Z   duration_ms: 7217.1783
2026-09-23T16:33:18.5839345Z   type: 'test'
2026-09-23T16:33:18.5839645Z   ...
2026-09-23T16:33:20.3301184Z # Subtest: language variants resolve to supported choices and invalid selection preserves the current language
2026-09-23T16:33:20.3302880Z ok 191 - language variants resolve to supported choices and invalid selection preserves the current language
2026-09-23T16:33:20.3303764Z   ---
2026-09-23T16:33:20.3304079Z   duration_ms: 1.3472
2026-09-23T16:33:20.3304541Z   type: 'test'
2026-09-23T16:33:20.3304969Z   ...
2026-09-23T16:33:20.3312935Z # Subtest: context and interpolation preserve raw names without recursively translating parameters
2026-09-23T16:33:20.3314686Z ok 192 - context and interpolation preserve raw names without recursively translating parameters
2026-09-23T16:33:20.3329518Z   ---
2026-09-23T16:33:20.3329886Z   duration_ms: 0.315
2026-09-23T16:33:20.3330262Z   type: 'test'
2026-09-23T16:33:20.3330566Z   ...
2026-09-23T16:33:20.3331421Z # Subtest: every catalog entry is unique, nonempty and retains all named parameters in both languages
2026-09-23T16:33:20.3333034Z ok 193 - every catalog entry is unique, nonempty and retains all named parameters in both languages
2026-09-23T16:33:20.3333845Z   ---
2026-09-23T16:33:20.3334166Z   duration_ms: 8.2264
2026-09-23T16:33:20.3334528Z   type: 'test'
2026-09-23T16:33:20.3334827Z   ...
2026-09-23T16:33:20.3335461Z # Subtest: literal UI lookups and state-label maps all have catalog entries
2026-09-23T16:33:20.3336423Z ok 194 - literal UI lookups and state-label maps all have catalog entries
2026-09-23T16:33:20.3337034Z   ---
2026-09-23T16:33:20.3337370Z   duration_ms: 446.3429
2026-09-23T16:33:20.3337723Z   type: 'test'
2026-09-23T16:33:20.3338015Z   ...
2026-09-23T16:33:23.4664628Z # Subtest: real processes: private conversation, receipt, unauthorized edit, social and restart recovery
2026-09-23T16:33:23.4667416Z ok 195 - real processes: private conversation, receipt, unauthorized edit, social and restart recovery
2026-09-23T16:33:23.4668493Z   ---
2026-09-23T16:33:23.4668795Z   duration_ms: 2828.1359
2026-09-23T16:33:23.4669149Z   type: 'test'
2026-09-23T16:33:23.4669419Z   ...
2026-09-23T16:33:24.8438592Z # Subtest: offline control rejects a live origin and proves socket refusal after normal and signal termination
2026-09-23T16:33:24.8443056Z ok 196 - offline control rejects a live origin and proves socket refusal after normal and signal termination
2026-09-23T16:33:24.8443962Z   ---
2026-09-23T16:33:24.8444304Z   duration_ms: 1089.4289
2026-09-23T16:33:24.8444695Z   type: 'test'
2026-09-23T16:33:24.8445382Z   ...
2026-09-23T16:33:36.1447806Z # (node:3524) ExperimentalWarning: SQLite is an experimental feature and might change at any time
2026-09-23T16:33:36.1449176Z # (Use `node --trace-warnings ...` to show where the warning was created)
2026-09-23T16:33:36.1457871Z # (node:3524) ExperimentalWarning: The MockTimers API is an experimental feature and might change at any time
2026-09-23T16:33:36.1496177Z # Subtest: offline send is encrypted, pinned, idempotent and recovers the same operation after restart
2026-09-23T16:33:36.1497679Z ok 197 - offline send is encrypted, pinned, idempotent and recovers the same operation after restart
2026-09-23T16:33:36.1498561Z   ---
2026-09-23T16:33:36.1498922Z   duration_ms: 446.9142
2026-09-23T16:33:36.1499322Z   type: 'test'
2026-09-23T16:33:36.1499643Z   ...
2026-09-23T16:33:36.1500565Z # Subtest: preparing journal reconciles surviving exact bytes and never regenerates missing content
2026-09-23T16:33:36.1502070Z ok 198 - preparing journal reconciles surviving exact bytes and never regenerates missing content
2026-09-23T16:33:36.1503350Z   ---
2026-09-23T16:33:36.1504038Z   duration_ms: 229.8963
2026-09-23T16:33:36.1504474Z   type: 'test'
2026-09-23T16:33:36.1504794Z   ...
2026-09-23T16:33:36.1505757Z # Subtest: transport rejection after local acceptance stays pending and cannot crash periodic sync
2026-09-23T16:33:36.1507744Z ok 199 - transport rejection after local acceptance stays pending and cannot crash periodic sync
2026-09-23T16:33:36.1509264Z   ---
2026-09-23T16:33:36.1509849Z   duration_ms: 259.3281
2026-09-23T16:33:36.1510452Z   type: 'test'
2026-09-23T16:33:36.1510971Z   ...
2026-09-23T16:33:36.1512088Z # Subtest: per-reader signed delivery/read confirmations survive paging, replay, eviction and restart
2026-09-23T16:33:36.1515427Z ok 200 - per-reader signed delivery/read confirmations survive paging, replay, eviction and restart
2026-09-23T16:33:36.1517296Z   ---
2026-09-23T16:33:36.1517864Z   duration_ms: 1729.7451
2026-09-23T16:33:36.1518487Z   type: 'test'
2026-09-23T16:33:36.1519022Z   ...
2026-09-23T16:33:36.1520068Z # Subtest: public, foreign-author and wrong-reader confirmations cannot advance a durable send
2026-09-23T16:33:36.1521632Z ok 201 - public, foreign-author and wrong-reader confirmations cannot advance a durable send
2026-09-23T16:33:36.1522656Z   ---
2026-09-23T16:33:36.1523198Z   duration_ms: 284.2533
2026-09-23T16:33:36.1523791Z   type: 'test'
2026-09-23T16:33:36.1524311Z   ...
2026-09-23T16:33:36.1525384Z # Subtest: expiry remains visible after payload removal and explicit user pin is preserved
2026-09-23T16:33:36.1526875Z ok 202 - expiry remains visible after payload removal and explicit user pin is preserved
2026-09-23T16:33:36.1527871Z   ---
2026-09-23T16:33:36.1528405Z   duration_ms: 422.6402
2026-09-23T16:33:36.1529408Z   type: 'test'
2026-09-23T16:33:36.1529922Z   ...
2026-09-23T16:33:36.1530916Z # Subtest: corrupted reserved bytes become unavailable without a new signed publication
2026-09-23T16:33:36.1532415Z ok 203 - corrupted reserved bytes become unavailable without a new signed publication
2026-09-23T16:33:36.1533398Z   ---
2026-09-23T16:33:36.1533940Z   duration_ms: 237.5447
2026-09-23T16:33:36.1534543Z   type: 'test'
2026-09-23T16:33:36.1535056Z   ...
2026-09-23T16:33:36.1536182Z # Subtest: blocked incomplete sends retain bounded reservation; blocked group readers do not break viewing
2026-09-23T16:33:36.1537766Z ok 204 - blocked incomplete sends retain bounded reservation; blocked group readers do not break viewing
2026-09-23T16:33:36.1538667Z   ---
2026-09-23T16:33:36.1539016Z   duration_ms: 479.3606
2026-09-23T16:33:36.1539419Z   type: 'test'
2026-09-23T16:33:36.1539735Z   ...
2026-09-23T16:33:36.1540535Z # Subtest: pending count/byte reservations and restored metadata ownership are bounded
2026-09-23T16:33:36.1541797Z ok 205 - pending count/byte reservations and restored metadata ownership are bounded
2026-09-23T16:33:36.1542558Z   ---
2026-09-23T16:33:36.1543242Z   duration_ms: 257.8645
2026-09-23T16:33:36.1543699Z   type: 'test'
2026-09-23T16:33:36.1544018Z   ...
2026-09-23T16:33:36.1545025Z # Subtest: a content-file directory flush error preserves the recorded operation instead of signing a replacement
2026-09-23T16:33:36.1547490Z ok 206 - a content-file directory flush error preserves the recorded operation instead of signing a replacement # SKIP Directory fsync is not portable on Node Windows; process recovery is tested separately.
2026-09-23T16:33:36.1549635Z   ---
2026-09-23T16:33:36.1549992Z   duration_ms: 0.2763
2026-09-23T16:33:36.1550396Z   type: 'test'
2026-09-23T16:33:36.1551044Z   ...
2026-09-23T16:33:36.1551891Z # Subtest: incoming read confirmation is journalled before its admission evicts the original
2026-09-23T16:33:36.1553807Z ok 207 - incoming read confirmation is journalled before its admission evicts the original
2026-09-23T16:33:36.1554614Z   ---
2026-09-23T16:33:36.1554960Z   duration_ms: 263.6058
2026-09-23T16:33:36.1555652Z   type: 'test'
2026-09-23T16:33:36.1556343Z   ...
2026-09-23T16:33:36.1557692Z # Subtest: read confirmation uses the signed roster when contact learning fails and can be reissued after eviction
2026-09-23T16:33:36.1559350Z ok 208 - read confirmation uses the signed roster when contact learning fails and can be reissued after eviction
2026-09-23T16:33:36.1560286Z   ---
2026-09-23T16:33:36.1560637Z   duration_ms: 223.2265
2026-09-23T16:33:36.1561050Z   type: 'test'
2026-09-23T16:33:36.1561371Z   ...
2026-09-23T16:33:36.1562253Z # Subtest: saved peer connection remains idempotent at capacity without opening another connection
2026-09-23T16:33:36.1563673Z ok 209 - saved peer connection remains idempotent at capacity without opening another connection
2026-09-23T16:33:36.1564529Z   ---
2026-09-23T16:33:36.1564874Z   duration_ms: 190.5049
2026-09-23T16:33:36.1565254Z   type: 'test'
2026-09-23T16:33:36.1565576Z   ...
2026-09-23T16:33:36.1566464Z # Subtest: snapshot crossing expiry during journal persistence keeps state and reservation consistent
2026-09-23T16:33:36.1567926Z ok 210 - snapshot crossing expiry during journal persistence keeps state and reservation consistent
2026-09-23T16:33:36.1568776Z   ---
2026-09-23T16:33:36.1569126Z   duration_ms: 1726.7921
2026-09-23T16:33:36.1569927Z   type: 'test'
2026-09-23T16:33:36.1570244Z   ...
2026-09-23T16:33:36.1571140Z # Subtest: snapshot crossing expiry during journal persistence keeps send and reservation consistent
2026-09-23T16:33:36.1572593Z ok 211 - snapshot crossing expiry during journal persistence keeps send and reservation consistent
2026-09-23T16:33:36.1573405Z   ---
2026-09-23T16:33:36.1573721Z   duration_ms: 1733.6488
2026-09-23T16:33:36.1574082Z   type: 'test'
2026-09-23T16:33:36.1574368Z   ...
2026-09-23T16:33:36.1575241Z # Subtest: snapshot crossing expiry during journal persistence keeps retry and reservation consistent
2026-09-23T16:33:36.1576730Z ok 212 - snapshot crossing expiry during journal persistence keeps retry and reservation consistent
2026-09-23T16:33:36.1577605Z   ---
2026-09-23T16:33:36.1577957Z   duration_ms: 1724.0518
2026-09-23T16:33:36.1578358Z   type: 'test'
2026-09-23T16:33:36.1578676Z   ...
2026-09-23T16:33:36.1579441Z # Subtest: an uncertain SQL completion at write 1 recovers the same outbox operation
2026-09-23T16:33:36.1580664Z ok 213 - an uncertain SQL completion at write 1 recovers the same outbox operation
2026-09-23T16:33:36.1581391Z   ---
2026-09-23T16:33:36.1581748Z   duration_ms: 206.5667
2026-09-23T16:33:36.1582156Z   type: 'test'
2026-09-23T16:33:36.1582474Z   ...
2026-09-23T16:33:36.1583162Z # Subtest: an uncertain SQL completion at write 2 recovers the same outbox operation
2026-09-23T16:33:36.1584251Z ok 214 - an uncertain SQL completion at write 2 recovers the same outbox operation
2026-09-23T16:33:36.1584883Z   ---
2026-09-23T16:33:36.1585236Z   duration_ms: 221.6862
2026-09-23T16:33:36.1585637Z   type: 'test'
2026-09-23T16:33:36.1585925Z   ...
2026-09-23T16:33:36.1587037Z # Subtest: outbox preview preserves full astral characters within its UTF-16 budget
2026-09-23T16:33:36.1588363Z ok 215 - outbox preview preserves full astral characters within its UTF-16 budget
2026-09-23T16:33:36.1589035Z   ---
2026-09-23T16:33:36.1589361Z   duration_ms: 0.3488
2026-09-23T16:33:36.1590094Z   type: 'test'
2026-09-23T16:33:36.1590419Z   ...
2026-09-23T16:33:36.5007952Z # (node:4128) ExperimentalWarning: SQLite is an experimental feature and might change at any time
2026-09-23T16:33:36.5009069Z # (Use `node --trace-warnings ...` to show where the warning was created)
2026-09-23T16:33:36.5031262Z # Subtest: legacy semantic failures are rejected before creating a signed migration intent
2026-09-23T16:33:36.5035389Z ok 216 - legacy semantic failures are rejected before creating a signed migration intent
2026-09-23T16:33:36.5036185Z   ---
2026-09-23T16:33:36.5036524Z   duration_ms: 22.348
2026-09-23T16:33:36.5036853Z   type: 'test'
2026-09-23T16:33:36.5037069Z   ...
2026-09-23T16:33:36.7897336Z # (node:4500) ExperimentalWarning: SQLite is an experimental feature and might change at any time
2026-09-23T16:33:36.7898814Z # (Use `node --trace-warnings ...` to show where the warning was created)
2026-09-23T16:33:36.7923288Z # Subtest: signed initialization binds owner, random store ID and legacy ciphertext across phases
2026-09-23T16:33:36.7926448Z ok 217 - signed initialization binds owner, random store ID and legacy ciphertext across phases
2026-09-23T16:33:36.7927834Z   ---
2026-09-23T16:33:36.7928270Z   duration_ms: 15.0059
2026-09-23T16:33:36.7928760Z   type: 'test'
2026-09-23T16:33:36.7929149Z   ...
2026-09-23T16:33:36.7932072Z # Subtest: a signed intent can pin the exact new store before creation without allowing resets
2026-09-23T16:33:36.7934906Z ok 218 - a signed intent can pin the exact new store before creation without allowing resets
2026-09-23T16:33:36.7935740Z   ---
2026-09-23T16:33:36.7936082Z   duration_ms: 14.8243
2026-09-23T16:33:36.7936477Z   type: 'test'
2026-09-23T16:33:36.7936822Z   ...
2026-09-23T16:33:37.3006472Z # (node:6416) ExperimentalWarning: SQLite is an experimental feature and might change at any time
2026-09-23T16:33:37.3007739Z # (Use `node --trace-warnings ...` to show where the warning was created)
2026-09-23T16:33:37.3065846Z # Subtest: staged import binds the actual legacy ciphertext and committed reopen never falls back
2026-09-23T16:33:37.3067550Z ok 219 - staged import binds the actual legacy ciphertext and committed reopen never falls back
2026-09-23T16:33:37.3068415Z   ---
2026-09-23T16:33:37.3068782Z   duration_ms: 50.6375
2026-09-23T16:33:37.3069170Z   type: 'test'
2026-09-23T16:33:37.3069500Z   ...
2026-09-23T16:33:37.3074086Z # Subtest: existing unbound, missing initialized and wrong-store databases fail without reset
2026-09-23T16:33:37.3076349Z ok 220 - existing unbound, missing initialized and wrong-store databases fail without reset
2026-09-23T16:33:37.3077464Z   ---
2026-09-23T16:33:37.3077984Z   duration_ms: 60.4412
2026-09-23T16:33:37.3078463Z   type: 'test'
2026-09-23T16:33:37.3078909Z   ...
2026-09-23T16:33:37.3080127Z # Subtest: changed legacy source cannot complete a signed preparation
2026-09-23T16:33:37.3081885Z ok 221 - changed legacy source cannot complete a signed preparation
2026-09-23T16:33:37.3082761Z   ---
2026-09-23T16:33:37.3083364Z   duration_ms: 17.5445
2026-09-23T16:33:37.3083971Z   type: 'test'
2026-09-23T16:33:37.3084736Z   ...
2026-09-23T16:33:37.3085634Z # Subtest: transaction wrapper cannot erase initialization or the current private document
2026-09-23T16:33:37.3087431Z ok 222 - transaction wrapper cannot erase initialization or the current private document
2026-09-23T16:33:37.3088467Z   ---
2026-09-23T16:33:37.3088818Z   duration_ms: 25.302
2026-09-23T16:33:37.3089176Z   type: 'test'
2026-09-23T16:33:37.3089479Z   ...
2026-09-23T16:33:37.6099864Z # Subtest: real process death after prepared initialization boundary preserves resumable private bytes
2026-09-23T16:33:37.6101687Z ok 223 - real process death after prepared initialization boundary preserves resumable private bytes
2026-09-23T16:33:37.6102251Z   ---
2026-09-23T16:33:37.6102590Z   duration_ms: 310.8797
2026-09-23T16:33:37.6102975Z   type: 'test'
2026-09-23T16:33:37.6103291Z   ...
2026-09-23T16:33:37.9206811Z # Subtest: real process death after imported initialization boundary preserves resumable private bytes
2026-09-23T16:33:37.9208251Z ok 224 - real process death after imported initialization boundary preserves resumable private bytes
2026-09-23T16:33:37.9208791Z   ---
2026-09-23T16:33:37.9209010Z   duration_ms: 311.3278
2026-09-23T16:33:37.9209251Z   type: 'test'
2026-09-23T16:33:37.9209446Z   ...
2026-09-23T16:33:38.2782506Z # Subtest: real process death after committed initialization boundary preserves resumable private bytes
2026-09-23T16:33:38.2784077Z ok 225 - real process death after committed initialization boundary preserves resumable private bytes
2026-09-23T16:33:38.2784790Z   ---
2026-09-23T16:33:38.2785045Z   duration_ms: 320.9983
2026-09-23T16:33:38.2785567Z   type: 'test'
2026-09-23T16:33:38.2785761Z   ...
2026-09-23T16:33:38.2786250Z # Subtest: replay of the complete earlier initialization state is an explicit rollback limitation
2026-09-23T16:33:38.2786996Z ok 226 - replay of the complete earlier initialization state is an explicit rollback limitation
2026-09-23T16:33:38.2787461Z   ---
2026-09-23T16:33:38.2787662Z   duration_ms: 42.3945
2026-09-23T16:33:38.2787937Z   type: 'test'
2026-09-23T16:33:38.2788127Z   ...
2026-09-23T16:33:38.5549925Z # (node:7708) ExperimentalWarning: SQLite is an experimental feature and might change at any time
2026-09-23T16:33:38.5550973Z # (Use `node --trace-warnings ...` to show where the warning was created)
2026-09-23T16:33:38.5572950Z # Subtest: one running owner per profile, another profile remains independent, close permits restart
2026-09-23T16:33:38.5575596Z ok 227 - one running owner per profile, another profile remains independent, close permits restart
2026-09-23T16:33:38.5576556Z   ---
2026-09-23T16:33:38.5576918Z   duration_ms: 17.7154
2026-09-23T16:33:38.5577296Z   type: 'test'
2026-09-23T16:33:38.5577632Z   ...
2026-09-23T16:33:38.5581753Z # Subtest: empty initialization can recover but foreign or malformed metadata is refused
2026-09-23T16:33:38.5584404Z ok 228 - empty initialization can recover but foreign or malformed metadata is refused
2026-09-23T16:33:38.5585210Z   ---
2026-09-23T16:33:38.5585578Z   duration_ms: 10.0646
2026-09-23T16:33:38.5585966Z   type: 'test'
2026-09-23T16:33:38.5586295Z   ...
2026-09-23T16:33:39.3353628Z # (node:832) ExperimentalWarning: SQLite is an experimental feature and might change at any time
2026-09-23T16:33:39.3354554Z # (Use `node --trace-warnings ...` to show where the warning was created)
2026-09-23T16:33:39.5970672Z # Subtest: runtime owns the profile through transport shutdown and rejects stale writes after recovery
2026-09-23T16:33:39.5972954Z ok 229 - runtime owns the profile through transport shutdown and rejects stale writes after recovery
2026-09-23T16:33:39.5974038Z   ---
2026-09-23T16:33:39.5974648Z   duration_ms: 467.0436
2026-09-23T16:33:39.5975109Z   type: 'test'
2026-09-23T16:33:39.5975468Z   ...
2026-09-23T16:33:39.5980579Z # Subtest: constructor failure releases ownership without resetting the existing profile
2026-09-23T16:33:39.5982735Z ok 230 - constructor failure releases ownership without resetting the existing profile
2026-09-23T16:33:39.5983565Z   ---
2026-09-23T16:33:39.5983906Z   duration_ms: 7.369
2026-09-23T16:33:39.5984290Z   type: 'test'
2026-09-23T16:33:39.5984618Z   ...
2026-09-23T16:33:40.4603447Z # (node:7056) ExperimentalWarning: SQLite is an experimental feature and might change at any time
2026-09-23T16:33:40.4604329Z # (Use `node --trace-warnings ...` to show where the warning was created)
2026-09-23T16:33:40.4629039Z # Subtest: chunked private state is encrypted, persists exactly and shrinks atomically
2026-09-23T16:33:40.4631379Z ok 231 - chunked private state is encrypted, persists exactly and shrinks atomically
2026-09-23T16:33:40.4632306Z   ---
2026-09-23T16:33:40.4632717Z   duration_ms: 103.7065
2026-09-23T16:33:40.4633170Z   type: 'test'
2026-09-23T16:33:40.4633539Z   ...
2026-09-23T16:33:40.4637990Z # Subtest: private state and an authority fence commit together or both roll back, with digest CAS
2026-09-23T16:33:40.4639659Z ok 232 - private state and an authority fence commit together or both roll back, with digest CAS
2026-09-23T16:33:40.4640691Z   ---
2026-09-23T16:33:40.4641196Z   duration_ms: 23.7666
2026-09-23T16:33:40.4641670Z   type: 'test'
2026-09-23T16:33:40.4642010Z   ...
2026-09-23T16:33:40.4646283Z # Subtest: missing, orphan and hash-mismatched chunks fail closed rather than yielding partial state
2026-09-23T16:33:40.4648435Z ok 233 - missing, orphan and hash-mismatched chunks fail closed rather than yielding partial state
2026-09-23T16:33:40.4649467Z   ---
2026-09-23T16:33:40.4651274Z   duration_ms: 39.5031
2026-09-23T16:33:40.4651864Z   type: 'test'
2026-09-23T16:33:40.4653182Z   ...
2026-09-23T16:33:40.4657014Z # Subtest: the full declared private-state byte bound fits while oversize input makes no writes
2026-09-23T16:33:40.4658576Z ok 234 - the full declared private-state byte bound fits while oversize input makes no writes
2026-09-23T16:33:40.4659319Z   ---
2026-09-23T16:33:40.4659648Z   duration_ms: 431.0787
2026-09-23T16:33:40.4659970Z   type: 'test'
2026-09-23T16:33:40.4660170Z   ...
2026-09-23T16:33:41.3410836Z # Subtest: UI runtime selection rejects an ambiguous alias and launches the actual requested engine
2026-09-23T16:33:41.3412697Z ok 235 - UI runtime selection rejects an ambiguous alias and launches the actual requested engine
2026-09-23T16:33:41.3413515Z   ---
2026-09-23T16:33:41.3413774Z   duration_ms: 603.4789
2026-09-23T16:33:41.3414011Z   type: 'test'
2026-09-23T16:33:41.3414198Z   ...
2026-09-23T16:33:41.5918624Z # Subtest: scenario timeout trace preserves the active operation without recording request secrets
2026-09-23T16:33:41.5922991Z ok 236 - scenario timeout trace preserves the active operation without recording request secrets
2026-09-23T16:33:41.5923889Z   ---
2026-09-23T16:33:41.5924164Z   duration_ms: 5.4784
2026-09-23T16:33:41.5924455Z   type: 'test'
2026-09-23T16:33:41.5924694Z   ...
2026-09-23T16:33:42.4574280Z # (node:4996) ExperimentalWarning: SQLite is an experimental feature and might change at any time
2026-09-23T16:33:42.4575343Z # (Use `node --trace-warnings ...` to show where the warning was created)
2026-09-23T16:33:42.4712756Z # Subtest: inbound semantic ACL: forged public receipt/message and private wrong-reader mutation are hidden
2026-09-23T16:33:42.4714505Z ok 237 - inbound semantic ACL: forged public receipt/message and private wrong-reader mutation are hidden
2026-09-23T16:33:42.4715445Z   ---
2026-09-23T16:33:42.4715791Z   duration_ms: 276.4413
2026-09-23T16:33:42.4716178Z   type: 'test'
2026-09-23T16:33:42.4716494Z   ...
2026-09-23T16:33:43.3099554Z # Subtest: malformed unauthenticated HTTP paths return 400; service survives and auth boundary holds
2026-09-23T16:33:43.3101251Z ok 238 - malformed unauthenticated HTTP paths return 400; service survives and auth boundary holds
2026-09-23T16:33:43.3102142Z   ---
2026-09-23T16:33:43.3102512Z   duration_ms: 63.2218
2026-09-23T16:33:43.3102913Z   type: 'test'
2026-09-23T16:33:43.3103585Z   ...
2026-09-23T16:33:43.3104558Z # Subtest: private site draft and local deletion survive cache removal/restart without plaintext on disk
2026-09-23T16:33:43.3106033Z ok 239 - private site draft and local deletion survive cache removal/restart without plaintext on disk
2026-09-23T16:33:43.3106879Z   ---
2026-09-23T16:33:43.3107224Z   duration_ms: 599.5187
2026-09-23T16:33:43.3107610Z   type: 'test'
2026-09-23T16:33:43.3107908Z   ...
2026-09-23T16:33:44.3692228Z # Subtest: relay consent: no application-level cached serving while paused, positive control after enabling
2026-09-23T16:33:44.3695051Z ok 240 - relay consent: no application-level cached serving while paused, positive control after enabling
2026-09-23T16:33:44.3695959Z   ---
2026-09-23T16:33:44.3696305Z   duration_ms: 1052.3615
2026-09-23T16:33:44.3696625Z   type: 'test'
2026-09-23T16:33:44.3696829Z   ...
2026-09-23T16:33:44.3697311Z # Subtest: deletion journal survives when publication itself evicts its unpinned original
2026-09-23T16:33:44.3698044Z ok 241 - deletion journal survives when publication itself evicts its unpinned original
2026-09-23T16:33:44.3698484Z   ---
2026-09-23T16:33:44.3698694Z   duration_ms: 209.1034
2026-09-23T16:33:44.3698925Z   type: 'test'
2026-09-23T16:33:44.3699125Z   ...
2026-09-23T16:33:44.7368573Z # Subtest: identity proof rejects small-order signing keys even when the underlying verifier accepts the equation
2026-09-23T16:33:44.7370318Z ok 242 - identity proof rejects small-order signing keys even when the underlying verifier accepts the equation
2026-09-23T16:33:44.7370895Z   ---
2026-09-23T16:33:44.7371146Z   duration_ms: 30.278
2026-09-23T16:33:44.7372521Z   type: 'test'
2026-09-23T16:33:44.7372727Z   ...
2026-09-23T16:33:44.7375892Z # Subtest: the signing-key profile rejects all reference torsion points and noncanonical aliases without changing its input
2026-09-23T16:33:44.7379653Z ok 243 - the signing-key profile rejects all reference torsion points and noncanonical aliases without changing its input
2026-09-23T16:33:44.7380700Z   ---
2026-09-23T16:33:44.7381051Z   duration_ms: 23.1148
2026-09-23T16:33:44.7381464Z   type: 'test'
2026-09-23T16:33:44.7381799Z   ...
2026-09-23T16:33:45.3658484Z # Subtest: seeded virtual time is reproducible with independently generated secure fixtures
2026-09-23T16:33:45.3659977Z ok 244 - seeded virtual time is reproducible with independently generated secure fixtures
2026-09-23T16:33:45.3661110Z   ---
2026-09-23T16:33:45.3661454Z   duration_ms: 65.706
2026-09-23T16:33:45.3661859Z   type: 'test'
2026-09-23T16:33:45.3662172Z   ...
2026-09-23T16:33:45.3663059Z # Subtest: loss, MTU fragmentation, partition/heal, low-power transition and SOS-before-bulk
2026-09-23T16:33:45.3664400Z ok 245 - loss, MTU fragmentation, partition/heal, low-power transition and SOS-before-bulk
2026-09-23T16:33:45.3665226Z   ---
2026-09-23T16:33:45.3665578Z   duration_ms: 15.6419
2026-09-23T16:33:45.3665965Z   type: 'test'
2026-09-23T16:33:45.3666299Z   ...
2026-09-23T16:33:45.3667120Z # Subtest: directed bandwidth, latency and MTU produce measurable asymmetric arrival times
2026-09-23T16:33:45.3668416Z ok 246 - directed bandwidth, latency and MTU produce measurable asymmetric arrival times
2026-09-23T16:33:45.3669211Z   ---
2026-09-23T16:33:45.3669551Z   duration_ms: 9.1785
2026-09-23T16:33:45.3669936Z   type: 'test'
2026-09-23T16:33:45.3670604Z   ...
2026-09-23T16:33:45.3671850Z # Subtest: congested bounded queues preserve SOS while bulk is deferred
2026-09-23T16:33:45.3673358Z ok 247 - congested bounded queues preserve SOS while bulk is deferred
2026-09-23T16:33:45.3674019Z   ---
2026-09-23T16:33:45.3674400Z   duration_ms: 13.082
2026-09-23T16:33:45.3676151Z   type: 'test'
2026-09-23T16:33:45.3676712Z   ...
2026-09-23T16:33:45.3677748Z # Subtest: bounded cache distinguishes pinned exhaustion from unpinned eviction
2026-09-23T16:33:45.3679073Z ok 248 - bounded cache distinguishes pinned exhaustion from unpinned eviction
2026-09-23T16:33:45.3679757Z   ---
2026-09-23T16:33:45.3680073Z   duration_ms: 16.9379
2026-09-23T16:33:45.3680429Z   type: 'test'
2026-09-23T16:33:45.3680713Z   ...
2026-09-23T16:33:45.3681748Z # Subtest: TTL rejects in-flight expiration and retained replay respects the hop limit
2026-09-23T16:33:45.3685407Z ok 249 - TTL rejects in-flight expiration and retained replay respects the hop limit
2026-09-23T16:33:45.3686185Z   ---
2026-09-23T16:33:45.3686533Z   duration_ms: 7.2945
2026-09-23T16:33:45.3686909Z   type: 'test'
2026-09-23T16:33:45.3687226Z   ...
2026-09-23T16:33:45.3687970Z # Subtest: every-fourth-fragment fairness lets bulk advance during SOS pressure
2026-09-23T16:33:45.3689574Z ok 250 - every-fourth-fragment fairness lets bulk advance during SOS pressure
2026-09-23T16:33:45.3690290Z   ---
2026-09-23T16:33:45.3690643Z   duration_ms: 24.3619
2026-09-23T16:33:45.3691033Z   type: 'test'
2026-09-23T16:33:45.3691347Z   ...
2026-09-23T16:33:45.3692256Z # Subtest: real signature/chunk checks pass honest control and detect deliberately broken controls
2026-09-23T16:33:45.3693702Z ok 251 - real signature/chunk checks pass honest control and detect deliberately broken controls
2026-09-23T16:33:45.3694482Z   ---
2026-09-23T16:33:45.3694801Z   duration_ms: 30.3696
2026-09-23T16:33:45.3695142Z   type: 'test'
2026-09-23T16:33:45.3695423Z   ...
2026-09-23T16:33:45.3695948Z # Subtest: simulation rejects invalid transport bounds and complete report gates pass
2026-09-23T16:33:45.3697035Z ok 252 - simulation rejects invalid transport bounds and complete report gates pass
2026-09-23T16:33:45.3697425Z   ---
2026-09-23T16:33:45.3697618Z   duration_ms: 84.6283
2026-09-23T16:33:45.3698129Z   type: 'test'
2026-09-23T16:33:45.3698306Z   ...
2026-09-23T16:33:46.0378387Z # (node:840) ExperimentalWarning: SQLite is an experimental feature and might change at any time
2026-09-23T16:33:46.0379160Z # (Use `node --trace-warnings ...` to show where the warning was created)
2026-09-23T16:33:46.8053816Z # Subtest: failed application profile commit cannot publish and a failed public copy remains recoverable
2026-09-23T16:33:46.8055762Z ok 253 - failed application profile commit cannot publish and a failed public copy remains recoverable
2026-09-23T16:33:46.8056634Z   ---
2026-09-23T16:33:46.8056919Z   duration_ms: 773.5463
2026-09-23T16:33:46.8057149Z   type: 'test'
2026-09-23T16:33:46.8057328Z   ...
2026-09-23T16:33:51.4254521Z # Subtest: the real application recovers its exact publication after process exit between authorization and public storage
2026-09-23T16:33:51.4270125Z ok 254 - the real application recovers its exact publication after process exit between authorization and public storage
2026-09-23T16:33:51.4270799Z   ---
2026-09-23T16:33:51.4271023Z   duration_ms: 4620.4621
2026-09-23T16:33:51.4271262Z   type: 'test'
2026-09-23T16:33:51.4271452Z   ...
2026-09-23T16:33:52.1497469Z # Subtest: a known newer head without bytes never falls back to an older site, including after profile unlock
2026-09-23T16:33:52.1508848Z ok 255 - a known newer head without bytes never falls back to an older site, including after profile unlock
2026-09-23T16:33:52.1509780Z   ---
2026-09-23T16:33:52.1510132Z   duration_ms: 724.1243
2026-09-23T16:33:52.1510524Z   type: 'test'
2026-09-23T16:33:52.1510816Z   ...
2026-09-23T16:33:52.6234127Z # Subtest: blocking a private-site reader pauses a committed copy and clears the publication error after resumption
2026-09-23T16:33:52.6235954Z ok 256 - blocking a private-site reader pauses a committed copy and clears the publication error after resumption
2026-09-23T16:33:52.6236916Z   ---
2026-09-23T16:33:52.6237255Z   duration_ms: 479.5147
2026-09-23T16:33:52.6238264Z   type: 'test'
2026-09-23T16:33:52.6238612Z   ...
2026-09-23T16:33:55.7806000Z # Subtest: real application APIs preserve revision identity, resolve updates and serve a new reader after the author exits
2026-09-23T16:33:55.7808695Z ok 257 - real application APIs preserve revision identity, resolve updates and serve a new reader after the author exits
2026-09-23T16:33:55.7809694Z   ---
2026-09-23T16:33:55.7810268Z   duration_ms: 2745.2751
2026-09-23T16:33:55.7810844Z   type: 'test'
2026-09-23T16:33:55.7811671Z   ...
2026-09-23T16:33:58.4260864Z # Subtest: private site APIs preserve reading scope and generic publication cannot bypass version authority
2026-09-23T16:33:58.4262338Z ok 258 - private site APIs preserve reading scope and generic publication cannot bypass version authority
2026-09-23T16:33:58.4263115Z   ---
2026-09-23T16:33:58.4263429Z   duration_ms: 2647.5645
2026-09-23T16:33:58.4263795Z   type: 'test'
2026-09-23T16:33:58.4264087Z   ...
2026-09-23T16:33:59.4623831Z # Subtest: a valid outer signature cannot smuggle another owner snapshot into application storage through TCP
2026-09-23T16:33:59.4625356Z ok 259 - a valid outer signature cannot smuggle another owner snapshot into application storage through TCP
2026-09-23T16:33:59.4626211Z   ---
2026-09-23T16:33:59.4626498Z   duration_ms: 1036.1169
2026-09-23T16:33:59.4626855Z   type: 'test'
2026-09-23T16:33:59.4627114Z   ...
2026-09-23T16:34:01.8458056Z # Subtest: two installations with the same owner preserve a fork until the owner explicitly confirms all known heads
2026-09-23T16:34:01.8459887Z ok 260 - two installations with the same owner preserve a fork until the owner explicitly confirms all known heads
2026-09-23T16:34:01.8461166Z   ---
2026-09-23T16:34:01.8461726Z   duration_ms: 2387.4654
2026-09-23T16:34:01.8462305Z   type: 'test'
2026-09-23T16:34:01.8463336Z   ...
2026-09-23T16:34:04.9965962Z # (node:7700) ExperimentalWarning: SQLite is an experimental feature and might change at any time
2026-09-23T16:34:04.9967686Z # (Use `node --trace-warnings ...` to show where the warning was created)
2026-09-23T16:34:04.9999821Z # Subtest: actual process interruption at site prepare-before preserves the publication boundary
2026-09-23T16:34:05.0004638Z ok 261 - actual process interruption at site prepare-before preserves the publication boundary
2026-09-23T16:34:05.0012540Z   ---
2026-09-23T16:34:05.0013096Z   duration_ms: 531.9083
2026-09-23T16:34:05.0013628Z   type: 'test'
2026-09-23T16:34:05.0017156Z   ...
2026-09-23T16:34:05.0030153Z # Subtest: actual process interruption at site prepare-after preserves the publication boundary
2026-09-23T16:34:05.0031747Z ok 262 - actual process interruption at site prepare-after preserves the publication boundary
2026-09-23T16:34:05.0032712Z   ---
2026-09-23T16:34:05.0033204Z   duration_ms: 520.8839
2026-09-23T16:34:05.0033689Z   type: 'test'
2026-09-23T16:34:05.0033997Z   ...
2026-09-23T16:34:05.0034817Z # Subtest: actual process interruption at site commit-before preserves the publication boundary
2026-09-23T16:34:05.0035800Z ok 263 - actual process interruption at site commit-before preserves the publication boundary
2026-09-23T16:34:05.0036249Z   ---
2026-09-23T16:34:05.0036459Z   duration_ms: 575.7683
2026-09-23T16:34:05.0036703Z   type: 'test'
2026-09-23T16:34:05.0036891Z   ...
2026-09-23T16:34:05.0037361Z # Subtest: actual process interruption at site commit-after preserves the publication boundary
2026-09-23T16:34:05.0038087Z ok 264 - actual process interruption at site commit-after preserves the publication boundary
2026-09-23T16:34:05.0038511Z   ---
2026-09-23T16:34:05.0038702Z   duration_ms: 478.9927
2026-09-23T16:34:05.0039256Z   type: 'test'
2026-09-23T16:34:05.0039441Z   ...
2026-09-23T16:34:05.0039860Z # Subtest: actual process interruption at site copy preserves the publication boundary
2026-09-23T16:34:05.0040528Z ok 265 - actual process interruption at site copy preserves the publication boundary
2026-09-23T16:34:05.0040979Z   ---
2026-09-23T16:34:05.0041336Z   duration_ms: 464.1625
2026-09-23T16:34:05.0041575Z   type: 'test'
2026-09-23T16:34:05.0041749Z   ...
2026-09-23T16:34:05.4760380Z # (node:8156) ExperimentalWarning: SQLite is an experimental feature and might change at any time
2026-09-23T16:34:05.4761664Z # (Use `node --trace-warnings ...` to show where the warning was created)
2026-09-23T16:34:05.4783878Z # Subtest: site transactions share the real bound application profile without changing its existing private state
2026-09-23T16:34:05.4788340Z ok 266 - site transactions share the real bound application profile without changing its existing private state
2026-09-23T16:34:05.4789277Z   ---
2026-09-23T16:34:05.4789612Z   duration_ms: 122.432
2026-09-23T16:34:05.4790009Z   type: 'test'
2026-09-23T16:34:05.4790326Z   ...
2026-09-23T16:34:06.6845907Z # (node:7224) ExperimentalWarning: SQLite is an experimental feature and might change at any time
2026-09-23T16:34:06.6847306Z # (Use `node --trace-warnings ...` to show where the warning was created)
2026-09-23T16:34:06.6882993Z # Subtest: catalog atomically persists preparation, authorization and exact public-copy recovery across database restart
2026-09-23T16:34:06.6890940Z ok 267 - catalog atomically persists preparation, authorization and exact public-copy recovery across database restart
2026-09-23T16:34:06.6892028Z   ---
2026-09-23T16:34:06.6892399Z   duration_ms: 242.7265
2026-09-23T16:34:06.6892826Z   type: 'test'
2026-09-23T16:34:06.6893152Z   ...
2026-09-23T16:34:06.6894512Z # Subtest: another signed head appearing before authorization supersedes a private preparation without publishing it
2026-09-23T16:34:06.6896284Z ok 268 - another signed head appearing before authorization supersedes a private preparation without publishing it
2026-09-23T16:34:06.6897270Z   ---
2026-09-23T16:34:06.6897629Z   duration_ms: 112.49
2026-09-23T16:34:06.6898028Z   type: 'test'
2026-09-23T16:34:06.6898355Z   ...
2026-09-23T16:34:06.6899409Z # Subtest: staging capacity failure cannot leave a catalog entry, partial bundle or changed prior operation
2026-09-23T16:34:06.6901652Z ok 269 - staging capacity failure cannot leave a catalog entry, partial bundle or changed prior operation
2026-09-23T16:34:06.6902829Z   ---
2026-09-23T16:34:06.6903405Z   duration_ms: 88.2923
2026-09-23T16:34:06.6904009Z   type: 'test'
2026-09-23T16:34:06.6904547Z   ...
2026-09-23T16:34:06.6905753Z # Subtest: expired preparations remain recoverable as terminal outcomes without treating the profile as corrupt
2026-09-23T16:34:06.6907320Z ok 270 - expired preparations remain recoverable as terminal outcomes without treating the profile as corrupt
2026-09-23T16:34:06.6908076Z   ---
2026-09-23T16:34:06.6908297Z   duration_ms: 205.6347
2026-09-23T16:34:06.6908523Z   type: 'test'
2026-09-23T16:34:06.6908706Z   ...
2026-09-23T16:34:06.6909278Z # Subtest: public retries recover the exact first envelope; private retries cannot silently change a reading envelope
2026-09-23T16:34:06.6910174Z ok 271 - public retries recover the exact first envelope; private retries cannot silently change a reading envelope
2026-09-23T16:34:06.6911077Z   ---
2026-09-23T16:34:06.6911288Z   duration_ms: 114.9794
2026-09-23T16:34:06.6911508Z   type: 'test'
2026-09-23T16:34:06.6911697Z   ...
2026-09-23T16:34:06.6912101Z # Subtest: repeated verified observations do not rewrite the encrypted catalog
2026-09-23T16:34:06.6912691Z ok 272 - repeated verified observations do not rewrite the encrypted catalog
2026-09-23T16:34:06.6913060Z   ---
2026-09-23T16:34:06.6913251Z   duration_ms: 63.8621
2026-09-23T16:34:06.6913484Z   type: 'test'
2026-09-23T16:34:06.6913670Z   ...
2026-09-23T16:34:07.2070975Z # Subtest: complete declarative snapshots bind a signed revision to the payload and envelope signing owner
2026-09-23T16:34:07.2072753Z ok 273 - complete declarative snapshots bind a signed revision to the payload and envelope signing owner
2026-09-23T16:34:07.2073731Z   ---
2026-09-23T16:34:07.2074115Z   duration_ms: 143.0994
2026-09-23T16:34:07.2074548Z   type: 'test'
2026-09-23T16:34:07.2074868Z   ...
2026-09-23T16:34:07.2081562Z # Subtest: snapshots reject unsigned additions, malformed declarative documents and changed signed payloads
2026-09-23T16:34:07.2082934Z ok 274 - snapshots reject unsigned additions, malformed declarative documents and changed signed payloads
2026-09-23T16:34:07.2083451Z   ---
2026-09-23T16:34:07.2083658Z   duration_ms: 6.6726
2026-09-23T16:34:07.2083885Z   type: 'test'
2026-09-23T16:34:07.2084070Z   ...
2026-09-23T16:34:10.1372625Z # (node:7676) ExperimentalWarning: SQLite is an experimental feature and might change at any time
2026-09-23T16:34:10.1373899Z # (Use `node --trace-warnings ...` to show where the warning was created)
2026-09-23T16:34:10.1407295Z # Subtest: intent commits without a visitor signature; later signing survives reopen with private consent and no public store
2026-09-23T16:34:10.1409974Z ok 275 - intent commits without a visitor signature; later signing survives reopen with private consent and no public store
2026-09-23T16:34:10.1411323Z   ---
2026-09-23T16:34:10.1411713Z   duration_ms: 166.4197
2026-09-23T16:34:10.1412107Z   type: 'test'
2026-09-23T16:34:10.1412743Z   ...
2026-09-23T16:34:10.1413821Z # Subtest: failed transactions and changed policy retain a prepared intent without handing out a signature
2026-09-23T16:34:10.1415979Z ok 276 - failed transactions and changed policy retain a prepared intent without handing out a signature
2026-09-23T16:34:10.1416915Z   ---
2026-09-23T16:34:10.1417274Z   duration_ms: 96.1649
2026-09-23T16:34:10.1417676Z   type: 'test'
2026-09-23T16:34:10.1418008Z   ...
2026-09-23T16:34:10.1419114Z # Subtest: expiry and cancellation keep retired sequence outcomes and never renew a signature
2026-09-23T16:34:10.1420518Z ok 277 - expiry and cancellation keep retired sequence outcomes and never renew a signature
2026-09-23T16:34:10.1421347Z   ---
2026-09-23T16:34:10.1421712Z   duration_ms: 994.8274
2026-09-23T16:34:10.1422130Z   type: 'test'
2026-09-23T16:34:10.1422799Z   ...
2026-09-23T16:34:10.1423630Z # Subtest: private contribution storage refuses missing-stage without resetting an intent
2026-09-23T16:34:10.1424937Z ok 278 - private contribution storage refuses missing-stage without resetting an intent
2026-09-23T16:34:10.1425734Z   ---
2026-09-23T16:34:10.1426085Z   duration_ms: 28.0574
2026-09-23T16:34:10.1426473Z   type: 'test'
2026-09-23T16:34:10.1427222Z   ...
2026-09-23T16:34:10.1428053Z # Subtest: private contribution storage refuses wrong-source without resetting an intent
2026-09-23T16:34:10.1429342Z ok 279 - private contribution storage refuses wrong-source without resetting an intent
2026-09-23T16:34:10.1430121Z   ---
2026-09-23T16:34:10.1430482Z   duration_ms: 25.7802
2026-09-23T16:34:10.1430870Z   type: 'test'
2026-09-23T16:34:10.1431197Z   ...
2026-09-23T16:34:10.1432031Z # Subtest: private contribution storage refuses read-key without resetting an intent
2026-09-23T16:34:10.1433267Z ok 280 - private contribution storage refuses read-key without resetting an intent
2026-09-23T16:34:10.1434056Z   ---
2026-09-23T16:34:10.1434405Z   duration_ms: 26.0991
2026-09-23T16:34:10.1435150Z   type: 'test'
2026-09-23T16:34:10.1435495Z   ...
2026-09-23T16:34:10.1436524Z # Subtest: real abrupt process exit before-intent-commit preserves the intent and fixed certificate identity
2026-09-23T16:34:10.1438364Z ok 281 - real abrupt process exit before-intent-commit preserves the intent and fixed certificate identity
2026-09-23T16:34:10.1439574Z   ---
2026-09-23T16:34:10.1440145Z   duration_ms: 370.3688
2026-09-23T16:34:10.1440756Z   type: 'test'
2026-09-23T16:34:10.1441191Z   ...
2026-09-23T16:34:10.1442119Z # Subtest: real abrupt process exit after-intent preserves the intent and fixed certificate identity
2026-09-23T16:34:10.1456783Z ok 282 - real abrupt process exit after-intent preserves the intent and fixed certificate identity
2026-09-23T16:34:10.1457620Z   ---
2026-09-23T16:34:10.1457966Z   duration_ms: 373.9241
2026-09-23T16:34:10.1458336Z   type: 'test'
2026-09-23T16:34:10.1458621Z   ...
2026-09-23T16:34:10.1459521Z # Subtest: real abrupt process exit after-signature preserves the intent and fixed certificate identity
2026-09-23T16:34:10.1461029Z ok 283 - real abrupt process exit after-signature preserves the intent and fixed certificate identity
2026-09-23T16:34:10.1461908Z   ---
2026-09-23T16:34:10.1462278Z   duration_ms: 392.4512
2026-09-23T16:34:10.1462682Z   type: 'test'
2026-09-23T16:34:10.1463011Z   ...
2026-09-23T16:34:10.1463880Z # Subtest: preparation quota failure rolls back stage and sequence before any signature exists
2026-09-23T16:34:10.1465660Z ok 284 - preparation quota failure rolls back stage and sequence before any signature exists
2026-09-23T16:34:10.1466501Z   ---
2026-09-23T16:34:10.1466862Z   duration_ms: 86.8688
2026-09-23T16:34:10.1467229Z   type: 'test'
2026-09-23T16:34:10.1467516Z   ...
2026-09-23T16:34:10.1468528Z # Subtest: a proposal expiring during the policy check cannot commit a new signature
2026-09-23T16:34:10.1469646Z ok 285 - a proposal expiring during the policy check cannot commit a new signature
2026-09-23T16:34:10.1470325Z   ---
2026-09-23T16:34:10.1470654Z   duration_ms: 36.0608
2026-09-23T16:34:10.1471130Z   type: 'test'
2026-09-23T16:34:10.1471458Z   ...
2026-09-23T16:34:10.6411760Z # Subtest: form query is a copied closed locator, never executable input or caller-supplied permission
2026-09-23T16:34:10.6413653Z ok 286 - form query is a copied closed locator, never executable input or caller-supplied permission
2026-09-23T16:34:10.6414926Z   ---
2026-09-23T16:34:10.6415308Z   duration_ms: 1.6244
2026-09-23T16:34:10.6415704Z   type: 'test'
2026-09-23T16:34:10.6416032Z   ...
2026-09-23T16:34:10.6420178Z # Subtest: real snapshot lookup authenticates author, reader access and visitor policy without returning table rows
2026-09-23T16:34:10.6423713Z ok 287 - real snapshot lookup authenticates author, reader access and visitor policy without returning table rows
2026-09-23T16:34:10.6424978Z   ---
2026-09-23T16:34:10.6425200Z   duration_ms: 139.5427
2026-09-23T16:34:10.6425439Z   type: 'test'
2026-09-23T16:34:10.6425629Z   ...
2026-09-23T16:34:11.1449896Z # Subtest: private proposal envelope binds actual author, exactly two logical readers and the original certificate deadline
2026-09-23T16:34:11.1455571Z ok 288 - private proposal envelope binds actual author, exactly two logical readers and the original certificate deadline
2026-09-23T16:34:11.1456555Z   ---
2026-09-23T16:34:11.1456879Z   duration_ms: 165.1578
2026-09-23T16:34:11.1457241Z   type: 'test'
2026-09-23T16:34:11.1457540Z   ...
2026-09-23T16:34:18.2664073Z # Subtest: Node, portable and real Go inbox transitions agree on replay, finite retention, conflicts and quotas
2026-09-23T16:34:18.2667002Z ok 289 - Node, portable and real Go inbox transitions agree on replay, finite retention, conflicts and quotas
2026-09-23T16:34:18.2667938Z   ---
2026-09-23T16:34:18.2668333Z   duration_ms: 6759.0317
2026-09-23T16:34:18.2668754Z   type: 'test'
2026-09-23T16:34:18.2669075Z   ...
2026-09-23T16:34:20.7284515Z # (node:8012) ExperimentalWarning: SQLite is an experimental feature and might change at any time
2026-09-23T16:34:20.7285336Z # (Use `node --trace-warnings ...` to show where the warning was created)
2026-09-23T16:34:20.7325821Z # Subtest: private inbox preserves verified source and proposal across reopening, separately from sender staging
2026-09-23T16:34:20.7327526Z ok 290 - private inbox preserves verified source and proposal across reopening, separately from sender staging
2026-09-23T16:34:20.7328469Z   ---
2026-09-23T16:34:20.7328837Z   duration_ms: 178.8652
2026-09-23T16:34:20.7329240Z   type: 'test'
2026-09-23T16:34:20.7329562Z   ...
2026-09-23T16:34:20.7330586Z # Subtest: repackaging is idempotent and a conflicting visitor UUID cannot replace the original candidate
2026-09-23T16:34:20.7332131Z ok 291 - repackaging is idempotent and a conflicting visitor UUID cannot replace the original candidate
2026-09-23T16:34:20.7333022Z   ---
2026-09-23T16:34:20.7333393Z   duration_ms: 128.2554
2026-09-23T16:34:20.7334163Z   type: 'test'
2026-09-23T16:34:20.7334492Z   ...
2026-09-23T16:34:20.7335401Z # Subtest: an interrupted admission/source transaction rolls back without losing the earlier proof
2026-09-23T16:34:20.7336819Z ok 292 - an interrupted admission/source transaction rolls back without losing the earlier proof
2026-09-23T16:34:20.7337852Z   ---
2026-09-23T16:34:20.7338310Z   duration_ms: 82.5844
2026-09-23T16:34:20.7339221Z   type: 'test'
2026-09-23T16:34:20.7339573Z   ...
2026-09-23T16:34:20.7340543Z # Subtest: expiry removes private payloads but keeps replay metadata for the bounded retention window
2026-09-23T16:34:20.7342300Z ok 293 - expiry removes private payloads but keeps replay metadata for the bounded retention window
2026-09-23T16:34:20.7343187Z   ---
2026-09-23T16:34:20.7343551Z   duration_ms: 84.3584
2026-09-23T16:34:20.7345408Z   type: 'test'
2026-09-23T16:34:20.7345833Z   ...
2026-09-23T16:34:20.7347105Z # Subtest: unreadable/public proposals, wrong source and revoked policy never become verified candidates
2026-09-23T16:34:20.7348704Z ok 294 - unreadable/public proposals, wrong source and revoked policy never become verified candidates
2026-09-23T16:34:20.7349577Z   ---
2026-09-23T16:34:20.7349938Z   duration_ms: 96.5805
2026-09-23T16:34:20.7350322Z   type: 'test'
2026-09-23T16:34:20.7350632Z   ...
2026-09-23T16:34:20.7351496Z # Subtest: tampered retained evidence is an integrity failure, never repaired into a new proposal
2026-09-23T16:34:20.7352874Z ok 295 - tampered retained evidence is an integrity failure, never repaired into a new proposal
2026-09-23T16:34:20.7353691Z   ---
2026-09-23T16:34:20.7354037Z   duration_ms: 54.4836
2026-09-23T16:34:20.7354431Z   type: 'test'
2026-09-23T16:34:20.7354740Z   ...
2026-09-23T16:34:20.7355710Z # Subtest: journal quotas preserve pending entries and conflict floods have bounded descriptors and writes
2026-09-23T16:34:20.7362135Z ok 296 - journal quotas preserve pending entries and conflict floods have bounded descriptors and writes
2026-09-23T16:34:20.7363046Z   ---
2026-09-23T16:34:20.7363417Z   duration_ms: 202.4475
2026-09-23T16:34:20.7363820Z   type: 'test'
2026-09-23T16:34:20.7364136Z   ...
2026-09-23T16:34:20.7365411Z # Subtest: explicit dismissal is atomic, releases only selected proof quota and survives replay/reopen
2026-09-23T16:34:20.7367492Z ok 297 - explicit dismissal is atomic, releases only selected proof quota and survives replay/reopen
2026-09-23T16:34:20.7368360Z   ---
2026-09-23T16:34:20.7369060Z   duration_ms: 166.0223
2026-09-23T16:34:20.7369486Z   type: 'test'
2026-09-23T16:34:20.7369811Z   ...
2026-09-23T16:34:20.7370778Z # Subtest: dismissing unverified proposal frees admission quota without evicting other pending proposals
2026-09-23T16:34:20.7372313Z ok 298 - dismissing unverified proposal frees admission quota without evicting other pending proposals
2026-09-23T16:34:20.7373226Z   ---
2026-09-23T16:34:20.7373592Z   duration_ms: 121.6379
2026-09-23T16:34:20.7373987Z   type: 'test'
2026-09-23T16:34:20.7374311Z   ...
2026-09-23T16:34:20.7374877Z # Subtest: dismissal cannot hide corruption in private proof
2026-09-23T16:34:20.7375724Z ok 299 - dismissal cannot hide corruption in private proof
2026-09-23T16:34:20.7376276Z   ---
2026-09-23T16:34:20.7376645Z   duration_ms: 36.0141
2026-09-23T16:34:20.7377054Z   type: 'test'
2026-09-23T16:34:20.7377375Z   ...
2026-09-23T16:34:20.7378338Z # Subtest: owner receipt intent survives dismiss and resumes one exact private envelope after reopen
2026-09-23T16:34:20.7380527Z ok 300 - owner receipt intent survives dismiss and resumes one exact private envelope after reopen
2026-09-23T16:34:20.7381419Z   ---
2026-09-23T16:34:20.7382085Z   duration_ms: 175.0732
2026-09-23T16:34:20.7382514Z   type: 'test'
2026-09-23T16:34:20.7382842Z   ...
2026-09-23T16:34:20.7383747Z # Subtest: owner receipt intent survives expire and resumes one exact private envelope after reopen
2026-09-23T16:34:20.7385102Z ok 301 - owner receipt intent survives expire and resumes one exact private envelope after reopen
2026-09-23T16:34:20.7385910Z   ---
2026-09-23T16:34:20.7386228Z   duration_ms: 160.7369
2026-09-23T16:34:20.7386573Z   type: 'test'
2026-09-23T16:34:20.7386821Z   ...
2026-09-23T16:34:20.7387436Z # Subtest: legacy verified inbox migrates only from retained authenticated source
2026-09-23T16:34:20.7388580Z ok 302 - legacy verified inbox migrates only from retained authenticated source
2026-09-23T16:34:20.7389318Z   ---
2026-09-23T16:34:20.7389674Z   duration_ms: 72.3728
2026-09-23T16:34:20.7390475Z   type: 'test'
2026-09-23T16:34:20.7390831Z   ...
2026-09-23T16:34:20.7391627Z # Subtest: legacy discarded inbox migrates only from retained authenticated source
2026-09-23T16:34:20.7392826Z ok 303 - legacy discarded inbox migrates only from retained authenticated source
2026-09-23T16:34:20.7393549Z   ---
2026-09-23T16:34:20.7394208Z   duration_ms: 67.0894
2026-09-23T16:34:20.7394618Z   type: 'test'
2026-09-23T16:34:20.7394925Z   ...
2026-09-23T16:34:20.7395803Z # Subtest: owner refusal (missing source) persists exact private result through reopen and enforces CAS
2026-09-23T16:34:20.7397638Z ok 304 - owner refusal (missing source) persists exact private result through reopen and enforces CAS
2026-09-23T16:34:20.7398511Z   ---
2026-09-23T16:34:20.7398872Z   duration_ms: 219.5683
2026-09-23T16:34:20.7399608Z   type: 'test'
2026-09-23T16:34:20.7399931Z   ...
2026-09-23T16:34:20.7400860Z # Subtest: owner refusal (verified source) persists exact private result through reopen and enforces CAS
2026-09-23T16:34:20.7402318Z ok 305 - owner refusal (verified source) persists exact private result through reopen and enforces CAS
2026-09-23T16:34:20.7403130Z   ---
2026-09-23T16:34:20.7403449Z   duration_ms: 276.5572
2026-09-23T16:34:20.7403834Z   type: 'test'
2026-09-23T16:34:20.7404157Z   ...
2026-09-23T16:34:22.7773734Z # Subtest: Node, portable crypto and Go agree on visitor proposals, schemas and negative authorization vectors
2026-09-23T16:34:22.7775773Z ok 306 - Node, portable crypto and Go agree on visitor proposals, schemas and negative authorization vectors
2026-09-23T16:34:22.7776656Z   ---
2026-09-23T16:34:22.7777340Z   duration_ms: 1660.2378
2026-09-23T16:34:22.7777745Z   type: 'test'
2026-09-23T16:34:22.7778052Z   ...
2026-09-23T16:34:25.6918855Z # Subtest: Node, portable and Go contribution journals agree on canonical requests, retained transitions and rejected corruption
2026-09-23T16:34:25.6923663Z ok 307 - Node, portable and Go contribution journals agree on canonical requests, retained transitions and rejected corruption
2026-09-23T16:34:25.6924858Z   ---
2026-09-23T16:34:25.6925248Z   duration_ms: 2507.9051
2026-09-23T16:34:25.6925571Z   type: 'test'
2026-09-23T16:34:25.6925826Z   ...
2026-09-23T16:34:29.7535292Z # (node:7644) ExperimentalWarning: SQLite is an experimental feature and might change at any time
2026-09-23T16:34:29.7536599Z # (Use `node --trace-warnings ...` to show where the warning was created)
2026-09-23T16:34:29.7562939Z # Subtest: queued source and envelope survive restart while a second preparation uses its own slot
2026-09-23T16:34:29.7566213Z ok 308 - queued source and envelope survive restart while a second preparation uses its own slot
2026-09-23T16:34:29.7567093Z   ---
2026-09-23T16:34:29.7567462Z   duration_ms: 325.1524
2026-09-23T16:34:29.7567875Z   type: 'test'
2026-09-23T16:34:29.7568199Z   ...
2026-09-23T16:34:29.7571742Z # Subtest: queue transaction rollback retains the signed envelope and never frees a preparation early
2026-09-23T16:34:29.7573255Z ok 309 - queue transaction rollback retains the signed envelope and never frees a preparation early
2026-09-23T16:34:29.7574130Z   ---
2026-09-23T16:34:29.7574511Z   duration_ms: 166.169
2026-09-23T16:34:29.7574907Z   type: 'test'
2026-09-23T16:34:29.7575246Z   ...
2026-09-23T16:34:29.7578211Z # Subtest: queued expiry retires private payload but retains packet identity for cancellation
2026-09-23T16:34:29.7579589Z ok 310 - queued expiry retires private payload but retains packet identity for cancellation
2026-09-23T16:34:29.7607891Z   ---
2026-09-23T16:34:29.7706686Z   duration_ms: 126.972
2026-09-23T16:34:29.7707320Z   type: 'test'
2026-09-23T16:34:29.7708414Z   ...
2026-09-23T16:34:29.7710033Z # Subtest: 32 pending queues apply backpressure without losing old payloads or the current prepared envelope
2026-09-23T16:34:29.7711582Z ok 311 - 32 pending queues apply backpressure without losing old payloads or the current prepared envelope
2026-09-23T16:34:29.7712489Z   ---
2026-09-23T16:34:29.7712840Z   duration_ms: 2990.684
2026-09-23T16:34:29.7713249Z   type: 'test'
2026-09-23T16:34:29.7713571Z   ...
2026-09-23T16:34:29.7714529Z # Subtest: missing queued payload is corruption, not an excuse to create new bytes or cancel a different stage
2026-09-23T16:34:29.7716367Z ok 312 - missing queued payload is corruption, not an excuse to create new bytes or cancel a different stage
2026-09-23T16:34:29.7717272Z   ---
2026-09-23T16:34:29.7717615Z   duration_ms: 92.0891
2026-09-23T16:34:29.7717996Z   type: 'test'
2026-09-23T16:34:29.7718303Z   ...
2026-09-23T16:34:31.8960585Z # Subtest: owner reception receipts bind the original proposal and exact private envelope across Node, portable crypto and Go
2026-09-23T16:34:31.8965290Z ok 313 - owner reception receipts bind the original proposal and exact private envelope across Node, portable crypto and Go
2026-09-23T16:34:31.8966371Z   ---
2026-09-23T16:34:31.8967067Z   duration_ms: 1749.7144
2026-09-23T16:34:31.8967547Z   type: 'test'
2026-09-23T16:34:31.8967855Z   ...
2026-09-23T16:34:35.5341920Z # Subtest: receipt admission requires exact copied intent, retains cancellation/expiry and never revives a retired operation
2026-09-23T16:34:35.5345701Z ok 314 - receipt admission requires exact copied intent, retains cancellation/expiry and never revives a retired operation
2026-09-23T16:34:35.5346665Z   ---
2026-09-23T16:34:35.5346880Z   duration_ms: 3250.6555
2026-09-23T16:34:35.5347116Z   type: 'test'
2026-09-23T16:34:35.5347309Z   ...
2026-09-23T16:34:39.1954633Z # Subtest: rejection admission requires exact copied intent, retains cancellation/expiry and never revives a retired operation
2026-09-23T16:34:39.1959016Z ok 315 - rejection admission requires exact copied intent, retains cancellation/expiry and never revives a retired operation
2026-09-23T16:34:39.1960142Z   ---
2026-09-23T16:34:39.1960525Z   duration_ms: 3264.0617
2026-09-23T16:34:39.1960953Z   type: 'test'
2026-09-23T16:34:39.1961346Z   ...
2026-09-23T16:34:41.3886509Z # Subtest: owner refusals bind the original proposal and exact private envelope across Node, portable crypto and Go
2026-09-23T16:34:41.3890301Z ok 316 - owner refusals bind the original proposal and exact private envelope across Node, portable crypto and Go
2026-09-23T16:34:41.3890954Z   ---
2026-09-23T16:34:41.3891196Z   duration_ms: 1825.2321
2026-09-23T16:34:41.3891466Z   type: 'test'
2026-09-23T16:34:41.3891652Z   ...
2026-09-23T16:34:42.1703110Z # Subtest: declarative form binds all typed columns, preserves zero/false and never executes values
2026-09-23T16:34:42.1704803Z ok 317 - declarative form binds all typed columns, preserves zero/false and never executes values
2026-09-23T16:34:42.1705665Z   ---
2026-09-23T16:34:42.1706020Z   duration_ms: 9.548
2026-09-23T16:34:42.1706436Z   type: 'test'
2026-09-23T16:34:42.1706755Z   ...
2026-09-23T16:34:42.1707467Z # Subtest: form and value parsing reject active accessors, sparse lists, unknown fields and oversized inputs
2026-09-23T16:34:42.1710710Z ok 318 - form and value parsing reject active accessors, sparse lists, unknown fields and oversized inputs
2026-09-23T16:34:42.1711577Z   ---
2026-09-23T16:34:42.1711887Z   duration_ms: 1.3219
2026-09-23T16:34:42.1712120Z   type: 'test'
2026-09-23T16:34:42.1712307Z   ...
2026-09-23T16:34:42.1716113Z # Subtest: Node visitor signatures verify across adapters but cannot become owner revisions
2026-09-23T16:34:42.1717468Z ok 319 - Node visitor signatures verify across adapters but cannot become owner revisions
2026-09-23T16:34:42.1718279Z   ---
2026-09-23T16:34:42.1718641Z   duration_ms: 139.8024
2026-09-23T16:34:42.1719053Z   type: 'test'
2026-09-23T16:34:42.1719383Z   ...
2026-09-23T16:34:42.1720246Z # Subtest: portable visitor signatures verify across adapters but cannot become owner revisions
2026-09-23T16:34:42.1721633Z ok 320 - portable visitor signatures verify across adapters but cannot become owner revisions
2026-09-23T16:34:42.1722439Z   ---
2026-09-23T16:34:42.1722781Z   duration_ms: 106.8486
2026-09-23T16:34:42.1723178Z   type: 'test'
2026-09-23T16:34:42.1723493Z   ...
2026-09-23T16:34:42.1724406Z # Subtest: site/form/schema/base and the visitor's maximum publication audience are bound independently
2026-09-23T16:34:42.1726356Z ok 321 - site/form/schema/base and the visitor's maximum publication audience are bound independently
2026-09-23T16:34:42.1727268Z   ---
2026-09-23T16:34:42.1727611Z   duration_ms: 24.4624
2026-09-23T16:34:42.1728002Z   type: 'test'
2026-09-23T16:34:42.1728311Z   ...
2026-09-23T16:34:42.1729185Z # Subtest: expiry and clock checks apply to admission, while historical signatures stay verifiable
2026-09-23T16:34:42.1730924Z ok 322 - expiry and clock checks apply to admission, while historical signatures stay verifiable
2026-09-23T16:34:42.1731735Z   ---
2026-09-23T16:34:42.1732080Z   duration_ms: 67.4226
2026-09-23T16:34:42.1732461Z   type: 'test'
2026-09-23T16:34:42.1732766Z   ...
2026-09-23T16:34:42.1733658Z # Subtest: private submission remains encrypted even when the visitor consents to later public adoption
2026-09-23T16:34:42.1735125Z ok 323 - private submission remains encrypted even when the visitor consents to later public adoption
2026-09-23T16:34:42.1735994Z   ---
2026-09-23T16:34:42.1736331Z   duration_ms: 16.9058
2026-09-23T16:34:42.1736711Z   type: 'test'
2026-09-23T16:34:42.1737361Z   ...
2026-09-23T16:34:43.5617942Z # Subtest: Node and a real Go process agree on bounded declarative table vectors
2026-09-23T16:34:43.5622354Z ok 324 - Node and a real Go process agree on bounded declarative table vectors
2026-09-23T16:34:43.5623401Z   ---
2026-09-23T16:34:43.5626100Z   duration_ms: 1129.4742
2026-09-23T16:34:43.5626810Z   type: 'test'
2026-09-23T16:34:43.5627830Z   ...
2026-09-23T16:34:43.8500676Z # Subtest: signed table projection sorts numeric values, keeps null last, and leaves source bytes unchanged
2026-09-23T16:34:43.8502414Z ok 325 - signed table projection sorts numeric values, keeps null last, and leaves source bytes unchanged
2026-09-23T16:34:43.8503512Z   ---
2026-09-23T16:34:43.8503840Z   duration_ms: 5.1353
2026-09-23T16:34:43.8504213Z   type: 'test'
2026-09-23T16:34:43.8504509Z   ...
2026-09-23T16:34:43.8507565Z # Subtest: literal search never evaluates code or patterns and pagination stays finite on empty and boundary queries
2026-09-23T16:34:43.8510206Z ok 326 - literal search never evaluates code or patterns and pagination stays finite on empty and boundary queries
2026-09-23T16:34:43.8511674Z   ---
2026-09-23T16:34:43.8512297Z   duration_ms: 1.7902
2026-09-23T16:34:43.8512911Z   type: 'test'
2026-09-23T16:34:43.8513513Z   ...
2026-09-23T16:34:43.8514615Z # Subtest: table shape, dates, links, column types and finite limits reject negative controls
2026-09-23T16:34:43.8515923Z ok 327 - table shape, dates, links, column types and finite limits reject negative controls
2026-09-23T16:34:43.8517041Z   ---
2026-09-23T16:34:43.8517399Z   duration_ms: 2.5986
2026-09-23T16:34:43.8517786Z   type: 'test'
2026-09-23T16:34:43.8518098Z   ...
2026-09-23T16:34:43.8518924Z # Subtest: nested getters and noncanonical arrays are rejected before executing accessors
2026-09-23T16:34:43.8520215Z ok 328 - nested getters and noncanonical arrays are rejected before executing accessors
2026-09-23T16:34:43.8520998Z   ---
2026-09-23T16:34:43.8521391Z   duration_ms: 1.3668
2026-09-23T16:34:43.8522114Z   type: 'test'
2026-09-23T16:34:43.8522437Z   ...
2026-09-23T16:34:43.8523377Z # Subtest: table byte quota counts UTF-8 bytes and canonical field names, with both sides of the boundary
2026-09-23T16:34:43.8524845Z ok 329 - table byte quota counts UTF-8 bytes and canonical field names, with both sides of the boundary
2026-09-23T16:34:43.8525725Z   ---
2026-09-23T16:34:43.8526077Z   duration_ms: 3.4094
2026-09-23T16:34:43.8526459Z   type: 'test'
2026-09-23T16:34:43.8526768Z   ...
2026-09-23T16:34:43.8527738Z # Subtest: CSV handles quoted commas, quotes and newlines as literal text without guessing numeric identities
2026-09-23T16:34:43.8529337Z ok 330 - CSV handles quoted commas, quotes and newlines as literal text without guessing numeric identities
2026-09-23T16:34:43.8530254Z   ---
2026-09-23T16:34:43.8530606Z   duration_ms: 1.6062
2026-09-23T16:34:43.8530984Z   type: 'test'
2026-09-23T16:34:43.8531290Z   ...
2026-09-23T16:34:43.8532601Z # Subtest: CSV export neutralises spreadsheet formulas without changing signed table values
2026-09-23T16:34:43.8534062Z ok 331 - CSV export neutralises spreadsheet formulas without changing signed table values
2026-09-23T16:34:43.8534879Z   ---
2026-09-23T16:34:43.8535229Z   duration_ms: 0.4269
2026-09-23T16:34:43.8535615Z   type: 'test'
2026-09-23T16:34:43.8535922Z   ...
2026-09-23T16:34:43.8536761Z # Subtest: typed editing preserves incomplete numbers for validation rather than erasing them
2026-09-23T16:34:43.8538054Z ok 332 - typed editing preserves incomplete numbers for validation rather than erasing them
2026-09-23T16:34:43.8538844Z   ---
2026-09-23T16:34:43.8539173Z   duration_ms: 0.4347
2026-09-23T16:34:43.8540001Z   type: 'test'
2026-09-23T16:34:43.8540305Z   ...
2026-09-23T16:34:44.2722027Z # Subtest: site schema: multipage with nested media and local navigation
2026-09-23T16:34:44.2723896Z ok 333 - site schema: multipage with nested media and local navigation
2026-09-23T16:34:44.2725799Z   ---
2026-09-23T16:34:44.2727004Z   duration_ms: 3.9868
2026-09-23T16:34:44.2727447Z   type: 'test'
2026-09-23T16:34:44.2727758Z   ...
2026-09-23T16:34:44.2728350Z # Subtest: site schema: literal HTML is data, never a block program
2026-09-23T16:34:44.2729239Z ok 334 - site schema: literal HTML is data, never a block program
2026-09-23T16:34:44.2729811Z   ---
2026-09-23T16:34:44.2730143Z   duration_ms: 0.5778
2026-09-23T16:34:44.2730507Z   type: 'test'
2026-09-23T16:34:44.2730804Z   ...
2026-09-23T16:34:44.2731726Z # Subtest: site schema: exact UTF-16 title boundary
2026-09-23T16:34:44.2737205Z ok 335 - site schema: exact UTF-16 title boundary
2026-09-23T16:34:44.2742296Z   ---
2026-09-23T16:34:44.2742670Z   duration_ms: 0.5699
2026-09-23T16:34:44.2743016Z   type: 'test'
2026-09-23T16:34:44.2743330Z   ...
2026-09-23T16:34:44.2743722Z # Subtest: site schema: unknown version
2026-09-23T16:34:44.2744229Z ok 336 - site schema: unknown version
2026-09-23T16:34:44.2744497Z   ---
2026-09-23T16:34:44.2744713Z   duration_ms: 0.3073
2026-09-23T16:34:44.2744930Z   type: 'test'
2026-09-23T16:34:44.2745118Z   ...
2026-09-23T16:34:44.2750489Z # Subtest: site schema: script property
2026-09-23T16:34:44.2751925Z ok 337 - site schema: script property
2026-09-23T16:34:44.2752428Z   ---
2026-09-23T16:34:44.2753165Z   duration_ms: 0.1588
2026-09-23T16:34:44.2753618Z   type: 'test'
2026-09-23T16:34:44.2753973Z   ...
2026-09-23T16:34:44.2756267Z # Subtest: site schema: arbitrary CSS
2026-09-23T16:34:44.2757821Z ok 338 - site schema: arbitrary CSS
2026-09-23T16:34:44.2758580Z   ---
2026-09-23T16:34:44.2759167Z   duration_ms: 0.1446
2026-09-23T16:34:44.2759818Z   type: 'test'
2026-09-23T16:34:44.2760370Z   ...
2026-09-23T16:34:44.2761086Z # Subtest: site schema: CSS URL injection
2026-09-23T16:34:44.2762589Z ok 339 - site schema: CSS URL injection
2026-09-23T16:34:44.2763339Z   ---
2026-09-23T16:34:44.2763926Z   duration_ms: 0.2791
2026-09-23T16:34:44.2764730Z   type: 'test'
2026-09-23T16:34:44.2766162Z   ...
2026-09-23T16:34:44.2766761Z # Subtest: site schema: duplicate pages
2026-09-23T16:34:44.2767616Z ok 340 - site schema: duplicate pages
2026-09-23T16:34:44.2768133Z   ---
2026-09-23T16:34:44.2768830Z   duration_ms: 0.3062
2026-09-23T16:34:44.2769324Z   type: 'test'
2026-09-23T16:34:44.2769863Z   ...
2026-09-23T16:34:44.2784603Z # Subtest: site schema: duplicate slugs
2026-09-23T16:34:44.2785307Z ok 341 - site schema: duplicate slugs
2026-09-23T16:34:44.2786037Z   ---
2026-09-23T16:34:44.2786582Z   duration_ms: 0.4977
2026-09-23T16:34:44.2787185Z   type: 'test'
2026-09-23T16:34:44.2787707Z   ...
2026-09-23T16:34:44.2788453Z # Subtest: site schema: duplicate nested node IDs
2026-09-23T16:34:44.2789403Z ok 342 - site schema: duplicate nested node IDs
2026-09-23T16:34:44.2790192Z   ---
2026-09-23T16:34:44.2790754Z   duration_ms: 0.6565
2026-09-23T16:34:44.2791364Z   type: 'test'
2026-09-23T16:34:44.2791895Z   ...
2026-09-23T16:34:44.2792526Z # Subtest: site schema: path traversal
2026-09-23T16:34:44.2794234Z ok 343 - site schema: path traversal
2026-09-23T16:34:44.2794986Z   ---
2026-09-23T16:34:44.2795546Z   duration_ms: 0.1803
2026-09-23T16:34:44.2796157Z   type: 'test'
2026-09-23T16:34:44.2796693Z   ...
2026-09-23T16:34:44.2797369Z # Subtest: site schema: missing home
2026-09-23T16:34:44.2798158Z ok 344 - site schema: missing home
2026-09-23T16:34:44.2798807Z   ---
2026-09-23T16:34:44.2799344Z   duration_ms: 0.1401
2026-09-23T16:34:44.2799943Z   type: 'test'
2026-09-23T16:34:44.2800475Z   ...
2026-09-23T16:34:44.2801222Z # Subtest: site schema: missing internal target
2026-09-23T16:34:44.2802246Z ok 345 - site schema: missing internal target
2026-09-23T16:34:44.2802759Z   ---
2026-09-23T16:34:44.2803089Z   duration_ms: 0.1992
2026-09-23T16:34:44.2803449Z   type: 'test'
2026-09-23T16:34:44.2803744Z   ...
2026-09-23T16:34:44.2804136Z # Subtest: site schema: javascript URL
2026-09-23T16:34:44.2806388Z ok 346 - site schema: javascript URL
2026-09-23T16:34:44.2807042Z   ---
2026-09-23T16:34:44.2807903Z   duration_ms: 0.2068
2026-09-23T16:34:44.2808260Z   type: 'test'
2026-09-23T16:34:44.2808549Z   ...
2026-09-23T16:34:44.2809568Z # Subtest: site schema: credentials in URL
2026-09-23T16:34:44.2812782Z ok 347 - site schema: credentials in URL
2026-09-23T16:34:44.2813252Z   ---
2026-09-23T16:34:44.2813569Z   duration_ms: 0.1942
2026-09-23T16:34:44.2813914Z   type: 'test'
2026-09-23T16:34:44.2814175Z   ...
2026-09-23T16:34:44.2816405Z # Subtest: site schema: HTTP URL
2026-09-23T16:34:44.2818161Z ok 348 - site schema: HTTP URL
2026-09-23T16:34:44.2818576Z   ---
2026-09-23T16:34:44.2818897Z   duration_ms: 0.1873
2026-09-23T16:34:44.2819234Z   type: 'test'
2026-09-23T16:34:44.2819524Z   ...
2026-09-23T16:34:44.2821375Z # Subtest: site schema: invalid high port
2026-09-23T16:34:44.2823060Z ok 349 - site schema: invalid high port
2026-09-23T16:34:44.2823499Z   ---
2026-09-23T16:34:44.2823805Z   duration_ms: 0.2678
2026-09-23T16:34:44.2824657Z   type: 'test'
2026-09-23T16:34:44.2889643Z   ...
2026-09-23T16:34:44.2895107Z # Subtest: site schema: query URL
2026-09-23T16:34:44.2898677Z ok 350 - site schema: query URL
2026-09-23T16:34:44.2907188Z   ---
2026-09-23T16:34:44.2921626Z   duration_ms: 0.7563
2026-09-23T16:34:44.2933939Z   type: 'test'
2026-09-23T16:34:44.2934870Z   ...
2026-09-23T16:34:44.2952452Z # Subtest: site schema: 13 pages
2026-09-23T16:34:44.2953470Z ok 351 - site schema: 13 pages
2026-09-23T16:34:44.2953857Z   ---
2026-09-23T16:34:44.2954165Z   duration_ms: 0.163
2026-09-23T16:34:44.2954509Z   type: 'test'
2026-09-23T16:34:44.2954798Z   ...
2026-09-23T16:34:44.2960431Z # Subtest: site schema: 25 siblings
2026-09-23T16:34:44.2961060Z ok 352 - site schema: 25 siblings
2026-09-23T16:34:44.2961508Z   ---
2026-09-23T16:34:44.2961870Z   duration_ms: 0.1956
2026-09-23T16:34:44.2962268Z   type: 'test'
2026-09-23T16:34:44.2962594Z   ...
2026-09-23T16:34:44.2963018Z # Subtest: site schema: four levels
2026-09-23T16:34:44.2963604Z ok 353 - site schema: four levels
2026-09-23T16:34:44.2965630Z   ---
2026-09-23T16:34:44.2966017Z   duration_ms: 0.1817
2026-09-23T16:34:44.2966389Z   type: 'test'
2026-09-23T16:34:44.2966687Z   ...
2026-09-23T16:34:44.2967076Z # Subtest: site schema: 144 total nodes
2026-09-23T16:34:44.2967623Z ok 354 - site schema: 144 total nodes
2026-09-23T16:34:44.2968032Z   ---
2026-09-23T16:34:44.2968379Z   duration_ms: 0.6808
2026-09-23T16:34:44.2968733Z   type: 'test'
2026-09-23T16:34:44.2969022Z   ...
2026-09-23T16:34:44.2969415Z # Subtest: site schema: children on text
2026-09-23T16:34:44.2969977Z ok 355 - site schema: children on text
2026-09-23T16:34:44.2970398Z   ---
2026-09-23T16:34:44.2971183Z   duration_ms: 0.1428
2026-09-23T16:34:44.2971537Z   type: 'test'
2026-09-23T16:34:44.2971829Z   ...
2026-09-23T16:34:44.2972201Z # Subtest: site schema: body limit
2026-09-23T16:34:44.2972698Z ok 356 - site schema: body limit
2026-09-23T16:34:44.2973072Z   ---
2026-09-23T16:34:44.2974591Z   duration_ms: 0.1343
2026-09-23T16:34:44.2977712Z   type: 'test'
2026-09-23T16:34:44.2978056Z   ...
2026-09-23T16:34:44.2978514Z # Subtest: site schema: UTF-16 title overflow
2026-09-23T16:34:44.2979158Z ok 357 - site schema: UTF-16 title overflow
2026-09-23T16:34:44.2979624Z   ---
2026-09-23T16:34:44.2979956Z   duration_ms: 0.1316
2026-09-23T16:34:44.2980330Z   type: 'test'
2026-09-23T16:34:44.2980634Z   ...
2026-09-23T16:34:44.2981038Z # Subtest: site schema: fractional columns
2026-09-23T16:34:44.2981584Z ok 358 - site schema: fractional columns
2026-09-23T16:34:44.2982019Z   ---
2026-09-23T16:34:44.2982332Z   duration_ms: 0.1664
2026-09-23T16:34:44.2982678Z   type: 'test'
2026-09-23T16:34:44.2982968Z   ...
2026-09-23T16:34:44.2983342Z # Subtest: site schema: bad alignment
2026-09-23T16:34:44.2983875Z ok 359 - site schema: bad alignment
2026-09-23T16:34:44.2984281Z   ---
2026-09-23T16:34:44.2984600Z   duration_ms: 0.1825
2026-09-23T16:34:44.2984951Z   type: 'test'
2026-09-23T16:34:44.2985244Z   ...
2026-09-23T16:34:44.2985966Z # Subtest: site schema: missing media
2026-09-23T16:34:44.2986494Z ok 360 - site schema: missing media
2026-09-23T16:34:44.2986891Z   ---
2026-09-23T16:34:44.2987209Z   duration_ms: 0.1923
2026-09-23T16:34:44.2987559Z   type: 'test'
2026-09-23T16:34:44.2987850Z   ...
2026-09-23T16:34:44.2988254Z # Subtest: site schema: out of bounds media
2026-09-23T16:34:44.2988822Z ok 361 - site schema: out of bounds media
2026-09-23T16:34:44.2989243Z   ---
2026-09-23T16:34:44.2991118Z   duration_ms: 0.1699
2026-09-23T16:34:44.2991553Z   type: 'test'
2026-09-23T16:34:44.2992384Z   ...
2026-09-23T16:34:44.2992800Z # Subtest: site schema: SVG media
2026-09-23T16:34:44.2993323Z ok 362 - site schema: SVG media
2026-09-23T16:34:44.2993696Z   ---
2026-09-23T16:34:44.2993983Z   duration_ms: 0.1012
2026-09-23T16:34:44.2994325Z   type: 'test'
2026-09-23T16:34:44.2994610Z   ...
2026-09-23T16:34:44.2995001Z # Subtest: site schema: remote media field
2026-09-23T16:34:44.2995588Z ok 363 - site schema: remote media field
2026-09-23T16:34:44.2996029Z   ---
2026-09-23T16:34:44.2996333Z   duration_ms: 0.1626
2026-09-23T16:34:44.2996680Z   type: 'test'
2026-09-23T16:34:44.2996969Z   ...
2026-09-23T16:34:44.2997403Z # Subtest: site schema: fractional posts limit
2026-09-23T16:34:44.2998028Z ok 364 - site schema: fractional posts limit
2026-09-23T16:34:44.2998466Z   ---
2026-09-23T16:34:44.2998785Z   duration_ms: 0.1967
2026-09-23T16:34:44.2999132Z   type: 'test'
2026-09-23T16:34:44.2999416Z   ...
2026-09-23T16:34:44.2999815Z # Subtest: site schema: large document
2026-09-23T16:34:44.3000339Z ok 365 - site schema: large document
2026-09-23T16:34:44.3000746Z   ---
2026-09-23T16:34:44.3001063Z   duration_ms: 2.7865
2026-09-23T16:34:44.3001418Z   type: 'test'
2026-09-23T16:34:44.3001706Z   ...
2026-09-23T16:34:44.3002213Z # Subtest: site schema: empty composition at third level
2026-09-23T16:34:44.3002974Z ok 366 - site schema: empty composition at third level
2026-09-23T16:34:44.3003479Z   ---
2026-09-23T16:34:44.3003796Z   duration_ms: 0.2527
2026-09-23T16:34:44.3004158Z   type: 'test'
2026-09-23T16:34:44.3004442Z   ...
2026-09-23T16:34:44.3004955Z # Subtest: site schema: unreferenced executable attachment
2026-09-23T16:34:44.3005685Z ok 367 - site schema: unreferenced executable attachment
2026-09-23T16:34:44.3006184Z   ---
2026-09-23T16:34:44.3006494Z   duration_ms: 0.1875
2026-09-23T16:34:44.3006847Z   type: 'test'
2026-09-23T16:34:44.3007144Z   ...
2026-09-23T16:34:44.3007573Z # Subtest: site schema: invalid image base64 length
2026-09-23T16:34:44.3008218Z ok 368 - site schema: invalid image base64 length
2026-09-23T16:34:44.3008673Z   ---
2026-09-23T16:34:44.3008966Z   duration_ms: 0.1108
2026-09-23T16:34:44.3009296Z   type: 'test'
2026-09-23T16:34:44.3009580Z   ...
2026-09-23T16:34:44.3009988Z # Subtest: site schema: valid HTTPS escaped path
2026-09-23T16:34:44.3010593Z ok 369 - site schema: valid HTTPS escaped path
2026-09-23T16:34:44.3011376Z   ---
2026-09-23T16:34:44.3011998Z   duration_ms: 0.2831
2026-09-23T16:34:44.3012373Z   type: 'test'
2026-09-23T16:34:44.3012649Z   ...
2026-09-23T16:34:44.3013076Z # Subtest: site schema: valid HTTPS local IPv4
2026-09-23T16:34:44.3013682Z ok 370 - site schema: valid HTTPS local IPv4
2026-09-23T16:34:44.3014127Z   ---
2026-09-23T16:34:44.3014431Z   duration_ms: 0.3426
2026-09-23T16:34:44.3014773Z   type: 'test'
2026-09-23T16:34:44.3015056Z   ...
2026-09-23T16:34:44.3015523Z # Subtest: site schema: valid HTTPS international path
2026-09-23T16:34:44.3016221Z ok 371 - site schema: valid HTTPS international path
2026-09-23T16:34:44.3016707Z   ---
2026-09-23T16:34:44.3017008Z   duration_ms: 0.2125
2026-09-23T16:34:44.3017354Z   type: 'test'
2026-09-23T16:34:44.3017656Z   ...
2026-09-23T16:34:44.3018113Z # Subtest: site schema: invalid HTTPS percent escape
2026-09-23T16:34:44.3018804Z ok 372 - site schema: invalid HTTPS percent escape
2026-09-23T16:34:44.3019288Z   ---
2026-09-23T16:34:44.3019594Z   duration_ms: 0.1448
2026-09-23T16:34:44.3020153Z   type: 'test'
2026-09-23T16:34:44.3020441Z   ...
2026-09-23T16:34:44.3020917Z # Subtest: site schema: invalid HTTPS dangling percent
2026-09-23T16:34:44.3021612Z ok 373 - site schema: invalid HTTPS dangling percent
2026-09-23T16:34:44.3022100Z   ---
2026-09-23T16:34:44.3022406Z   duration_ms: 0.1361
2026-09-23T16:34:44.3022753Z   type: 'test'
2026-09-23T16:34:44.3023046Z   ...
2026-09-23T16:34:44.3023538Z # Subtest: site schema: invalid HTTPS Unicode whitespace
2026-09-23T16:34:44.3024261Z ok 374 - site schema: invalid HTTPS Unicode whitespace
2026-09-23T16:34:44.3024765Z   ---
2026-09-23T16:34:44.3025071Z   duration_ms: 0.1878
2026-09-23T16:34:44.3025412Z   type: 'test'
2026-09-23T16:34:44.3025696Z   ...
2026-09-23T16:34:44.3026179Z # Subtest: site schema: invalid HTTPS control character
2026-09-23T16:34:44.3026881Z ok 375 - site schema: invalid HTTPS control character
2026-09-23T16:34:44.3027388Z   ---
2026-09-23T16:34:44.3032121Z   duration_ms: 0.2089
2026-09-23T16:34:44.3032643Z   type: 'test'
2026-09-23T16:34:44.3032983Z   ...
2026-09-23T16:34:44.3044160Z # Subtest: site schema: invalid HTTPS IPv4 range
2026-09-23T16:34:44.3045260Z ok 376 - site schema: invalid HTTPS IPv4 range
2026-09-23T16:34:44.3045751Z   ---
2026-09-23T16:34:44.3046078Z   duration_ms: 0.1543
2026-09-23T16:34:44.3046442Z   type: 'test'
2026-09-23T16:34:44.3046736Z   ...
2026-09-23T16:34:44.3047227Z # Subtest: site schema: invalid HTTPS abbreviated IPv4
2026-09-23T16:34:44.3047947Z ok 377 - site schema: invalid HTTPS abbreviated IPv4
2026-09-23T16:34:44.3048436Z   ---
2026-09-23T16:34:44.3048742Z   duration_ms: 0.1439
2026-09-23T16:34:44.3049085Z   type: 'test'
2026-09-23T16:34:44.3049376Z   ...
2026-09-23T16:34:44.3049906Z # Subtest: site schema: invalid HTTPS numeric final DNS label
2026-09-23T16:34:44.3050709Z ok 378 - site schema: invalid HTTPS numeric final DNS label
2026-09-23T16:34:44.3051245Z   ---
2026-09-23T16:34:44.3051874Z   duration_ms: 0.1392
2026-09-23T16:34:44.3052297Z   type: 'test'
2026-09-23T16:34:44.3064697Z   ...
2026-09-23T16:34:44.3065210Z # Subtest: site schema: invalid HTTPS hexadecimal IP alias
2026-09-23T16:34:44.3065693Z ok 379 - site schema: invalid HTTPS hexadecimal IP alias
2026-09-23T16:34:44.3066010Z   ---
2026-09-23T16:34:44.3066211Z   duration_ms: 0.1659
2026-09-23T16:34:44.3066431Z   type: 'test'
2026-09-23T16:34:44.3066610Z   ...
2026-09-23T16:34:44.3066897Z # Subtest: site schema: invalid HTTPS octal IP alias
2026-09-23T16:34:44.3067326Z ok 380 - site schema: invalid HTTPS octal IP alias
2026-09-23T16:34:44.3067611Z   ---
2026-09-23T16:34:44.3067807Z   duration_ms: 0.1413
2026-09-23T16:34:44.3068016Z   type: 'test'
2026-09-23T16:34:44.3068194Z   ...
2026-09-23T16:34:44.3068463Z # Subtest: site schema: valid HTTPS local hostname
2026-09-23T16:34:44.3068847Z ok 381 - site schema: valid HTTPS local hostname
2026-09-23T16:34:44.3069122Z   ---
2026-09-23T16:34:44.3069311Z   duration_ms: 0.2051
2026-09-23T16:34:44.3069809Z   type: 'test'
2026-09-23T16:34:44.3070009Z   ...
2026-09-23T16:34:44.3070288Z # Subtest: site schema: invalid HTTPS hostname label
2026-09-23T16:34:44.3070705Z ok 382 - site schema: invalid HTTPS hostname label
2026-09-23T16:34:44.3070989Z   ---
2026-09-23T16:34:44.3071183Z   duration_ms: 0.1528
2026-09-23T16:34:44.3071404Z   type: 'test'
2026-09-23T16:34:44.3071910Z   ...
2026-09-23T16:34:44.3072307Z # Subtest: site schema: valid HTTPS IDN ASCII hostname
2026-09-23T16:34:44.3072954Z ok 383 - site schema: valid HTTPS IDN ASCII hostname
2026-09-23T16:34:44.3073391Z   ---
2026-09-23T16:34:44.3073681Z   duration_ms: 0.2038
2026-09-23T16:34:44.3073991Z   type: 'test'
2026-09-23T16:34:44.3074251Z   ...
2026-09-23T16:34:44.3074623Z # Subtest: site schema: version 2 typed table
2026-09-23T16:34:44.3075176Z ok 384 - site schema: version 2 typed table
2026-09-23T16:34:44.3075620Z   ---
2026-09-23T16:34:44.3075946Z   duration_ms: 0.8453
2026-09-23T16:34:44.3076246Z   type: 'test'
2026-09-23T16:34:44.3077132Z   ...
2026-09-23T16:34:44.3077436Z # Subtest: site schema: table rejected in version 1
2026-09-23T16:34:44.3077851Z ok 385 - site schema: table rejected in version 1
2026-09-23T16:34:44.3078135Z   ---
2026-09-23T16:34:44.3078411Z   duration_ms: 0.1819
2026-09-23T16:34:44.3079003Z   type: 'test'
2026-09-23T16:34:44.3079751Z   ...
2026-09-23T16:34:44.3080245Z # Subtest: site schema: table missing data
2026-09-23T16:34:44.3080872Z ok 386 - site schema: table missing data
2026-09-23T16:34:44.3081325Z   ---
2026-09-23T16:34:44.3081654Z   duration_ms: 0.1671
2026-09-23T16:34:44.3082018Z   type: 'test'
2026-09-23T16:34:44.3082313Z   ...
2026-09-23T16:34:44.3082755Z # Subtest: site schema: data on non-table block
2026-09-23T16:34:44.3083405Z ok 387 - site schema: data on non-table block
2026-09-23T16:34:44.3083870Z   ---
2026-09-23T16:34:44.3084177Z   duration_ms: 0.1642
2026-09-23T16:34:44.3084537Z   type: 'test'
2026-09-23T16:34:44.3084828Z   ...
2026-09-23T16:34:44.3085248Z # Subtest: site schema: table unknown field
2026-09-23T16:34:44.3085849Z ok 388 - site schema: table unknown field
2026-09-23T16:34:44.3091126Z   ---
2026-09-23T16:34:44.3091508Z   duration_ms: 0.1663
2026-09-23T16:34:44.3091915Z   type: 'test'
2026-09-23T16:34:44.3092820Z   ...
2026-09-23T16:34:44.3107121Z # Subtest: site schema: table repeated row identifier
2026-09-23T16:34:44.3107850Z ok 389 - site schema: table repeated row identifier
2026-09-23T16:34:44.3108382Z   ---
2026-09-23T16:34:44.3108707Z   duration_ms: 0.2187
2026-09-23T16:34:44.3109075Z   type: 'test'
2026-09-23T16:34:44.3109389Z   ...
2026-09-23T16:34:44.3109857Z # Subtest: site schema: table wrong typed number
2026-09-23T16:34:44.3110500Z ok 390 - site schema: table wrong typed number
2026-09-23T16:34:44.3110971Z   ---
2026-09-23T16:34:44.3111293Z   duration_ms: 0.2871
2026-09-23T16:34:44.3111649Z   type: 'test'
2026-09-23T16:34:44.3111943Z   ...
2026-09-23T16:34:44.3114051Z # Subtest: templates satisfy the same wire contract and produce unique block identities
2026-09-23T16:34:44.3115746Z ok 391 - templates satisfy the same wire contract and produce unique block identities
2026-09-23T16:34:44.3116482Z   ---
2026-09-23T16:34:44.3116812Z   duration_ms: 2.3952
2026-09-23T16:34:44.3117170Z   type: 'test'
2026-09-23T16:34:44.3117447Z   ...
2026-09-23T16:34:44.3117973Z # Subtest: site input rejects getters without invoking them
2026-09-23T16:34:44.3118737Z ok 392 - site input rejects getters without invoking them
2026-09-23T16:34:44.3119247Z   ---
2026-09-23T16:34:44.3119546Z   duration_ms: 0.311
2026-09-23T16:34:44.3119893Z   type: 'test'
2026-09-23T16:34:44.3120176Z   ...
2026-09-23T16:34:44.3120722Z # Subtest: site total image budget is enforced outside the editor
2026-09-23T16:34:44.3122486Z ok 393 - site total image budget is enforced outside the editor
2026-09-23T16:34:44.3123819Z   ---
2026-09-23T16:34:44.3124277Z   duration_ms: 8.1343
2026-09-23T16:34:44.3124679Z   type: 'test'
2026-09-23T16:34:44.3124984Z   ...
2026-09-23T16:34:44.3128613Z # Subtest: image limit counts decoded bytes, including padding at the exact boundary
2026-09-23T16:34:44.3130556Z ok 394 - image limit counts decoded bytes, including padding at the exact boundary
2026-09-23T16:34:44.3131406Z   ---
2026-09-23T16:34:44.3131764Z   duration_ms: 15.9529
2026-09-23T16:34:44.3132086Z   type: 'test'
2026-09-23T16:34:44.3132411Z   ...
2026-09-23T16:34:44.3133080Z # Subtest: individually valid tables also consume the global 128 KiB document budget
2026-09-23T16:34:44.3135377Z ok 395 - individually valid tables also consume the global 128 KiB document budget
2026-09-23T16:34:44.3136143Z   ---
2026-09-23T16:34:44.3136482Z   duration_ms: 10.6797
2026-09-23T16:34:44.3136865Z   type: 'test'
2026-09-23T16:34:44.3137185Z   ...
2026-09-23T16:34:44.5669508Z # Subtest: draft context retains original base and exact pending request across serialisation without transferring ownership
2026-09-23T16:34:44.5671879Z ok 396 - draft context retains original base and exact pending request across serialisation without transferring ownership
2026-09-23T16:34:44.5673467Z   ---
2026-09-23T16:34:44.5673866Z   duration_ms: 2.9136
2026-09-23T16:34:44.5674220Z   type: 'test'
2026-09-23T16:34:44.5674523Z   ...
2026-09-23T16:34:44.5677265Z # Subtest: malformed or ambiguous draft context cannot replace valid private editing metadata
2026-09-23T16:34:44.5681136Z ok 397 - malformed or ambiguous draft context cannot replace valid private editing metadata
2026-09-23T16:34:44.5681971Z   ---
2026-09-23T16:34:44.5682328Z   duration_ms: 1.2957
2026-09-23T16:34:44.5682720Z   type: 'test'
2026-09-23T16:34:44.5683034Z   ...
2026-09-23T16:34:46.2951976Z # Subtest: v4 binds nested and cross-page forms to typed local tables; Node and Go agree on positive/negative document vectors
2026-09-23T16:34:46.2953870Z ok 398 - v4 binds nested and cross-page forms to typed local tables; Node and Go agree on positive/negative document vectors
2026-09-23T16:34:46.2954916Z   ---
2026-09-23T16:34:46.2955348Z   duration_ms: 1213.1357
2026-09-23T16:34:46.2955779Z   type: 'test'
2026-09-23T16:34:46.2956103Z   ...
2026-09-23T16:34:46.2959793Z # Subtest: copying a page or a composition rebinds local tables while foreign-page references remain independent
2026-09-23T16:34:46.2961484Z ok 399 - copying a page or a composition rebinds local tables while foreign-page references remain independent
2026-09-23T16:34:46.2962444Z   ---
2026-09-23T16:34:46.2962811Z   duration_ms: 11.0169
2026-09-23T16:34:46.2963223Z   type: 'test'
2026-09-23T16:34:46.2963546Z   ...
2026-09-23T16:34:46.2964798Z # Subtest: v4 schemas remain covered by owner snapshots; unversioned or counterfeit envelopes cannot supply form authority
2026-09-23T16:34:46.2968559Z ok 400 - v4 schemas remain covered by owner snapshots; unversioned or counterfeit envelopes cannot supply form authority
2026-09-23T16:34:46.2969585Z   ---
2026-09-23T16:34:46.2970003Z   duration_ms: 103.191
2026-09-23T16:34:46.2970403Z   type: 'test'
2026-09-23T16:34:46.2970741Z   ...
2026-09-23T16:34:46.6403384Z # Subtest: versioned sites cross TCP and serial PTY, survive partition/heal and reach a new reader from a consenting offline-author seeder
2026-09-23T16:34:46.6420826Z ok 401 - versioned sites cross TCP and serial PTY, survive partition/heal and reach a new reader from a consenting offline-author seeder # SKIP
2026-09-23T16:34:46.6421949Z   ---
2026-09-23T16:34:46.6422312Z   duration_ms: 1.0493
2026-09-23T16:34:46.6422699Z   type: 'test'
2026-09-23T16:34:46.6423013Z   ...
2026-09-23T16:35:59.5129444Z # (node:5460) ExperimentalWarning: SQLite is an experimental feature and might change at any time
2026-09-23T16:35:59.5131053Z # (Use `node --trace-warnings ...` to show where the warning was created)
2026-09-23T16:35:59.5210972Z # Subtest: Node combined owner-outcome batch rotates fairly and retains every pending original envelope
2026-09-23T16:35:59.5213674Z ok 402 - Node combined owner-outcome batch rotates fairly and retains every pending original envelope
2026-09-23T16:35:59.5214558Z   ---
2026-09-23T16:35:59.5214864Z   duration_ms: 1938.0559
2026-09-23T16:35:59.5215538Z   type: 'test'
2026-09-23T16:35:59.5216032Z   ...
2026-09-23T16:35:59.5217039Z # Subtest: Node combined owner-outcome batch charges failed copies and retains every pending original envelope
2026-09-23T16:35:59.5261277Z ok 403 - Node combined owner-outcome batch charges failed copies and retains every pending original envelope
2026-09-23T16:35:59.5262193Z   ---
2026-09-23T16:35:59.5262527Z   duration_ms: 1331.6981
2026-09-23T16:35:59.5262909Z   type: 'test'
2026-09-23T16:35:59.5263213Z   ...
2026-09-23T16:35:59.5264112Z # Subtest: Go receipt and refusal runtime share one rotating copy budget, including real quota failures
2026-09-23T16:35:59.5265518Z ok 404 - Go receipt and refusal runtime share one rotating copy budget, including real quota failures
2026-09-23T16:35:59.5266920Z   ---
2026-09-23T16:35:59.5267284Z   duration_ms: 69198.0075
2026-09-23T16:35:59.5267721Z   type: 'test'
2026-09-23T16:35:59.5269482Z   ...
2026-09-23T16:35:59.5270273Z # {"phase":"compile-only","durationMs":49757,"exitCode":0,"signal":null,"error":null}
2026-09-23T16:35:59.5271419Z # {"phase":"execute","durationMs":19428,"exitCode":0,"signal":null,"error":null}
2026-09-23T16:35:59.8541681Z # Subtest: page duplication preserves the source, shared assets and external links while remapping nested self-links
2026-09-23T16:35:59.8544223Z ok 405 - page duplication preserves the source, shared assets and external links while remapping nested self-links
2026-09-23T16:35:59.8545173Z   ---
2026-09-23T16:35:59.8545512Z   duration_ms: 6.3608
2026-09-23T16:35:59.8545879Z   type: 'test'
2026-09-23T16:35:59.8546181Z   ...
2026-09-23T16:35:59.8551097Z # Subtest: duplicate names/slugs remain bounded and unique with Unicode and the exact page cap
2026-09-23T16:35:59.8552945Z ok 406 - duplicate names/slugs remain bounded and unique with Unicode and the exact page cap
2026-09-23T16:35:59.8553864Z   ---
2026-09-23T16:35:59.8554240Z   duration_ms: 7.977
2026-09-23T16:35:59.8554600Z   type: 'test'
2026-09-23T16:35:59.8554898Z   ...
2026-09-23T16:35:59.8560072Z # Subtest: page copying accepts exactly 128 nodes and refuses the next node without changing the draft
2026-09-23T16:35:59.8562020Z ok 407 - page copying accepts exactly 128 nodes and refuses the next node without changing the draft
2026-09-23T16:35:59.8563137Z   ---
2026-09-23T16:35:59.8563865Z   duration_ms: 5.5996
2026-09-23T16:35:59.8564557Z   type: 'test'
2026-09-23T16:35:59.8564888Z   ...
2026-09-23T16:35:59.8566132Z # Subtest: reordering preserves page identities, home and links and has no history-changing boundary step
2026-09-23T16:35:59.8567906Z ok 408 - reordering preserves page identities, home and links and has no history-changing boundary step
2026-09-23T16:35:59.8568697Z   ---
2026-09-23T16:35:59.8569001Z   duration_ms: 1.1083
2026-09-23T16:35:59.8569367Z   type: 'test'
2026-09-23T16:35:59.8569556Z   ...
2026-09-23T16:35:59.8573453Z # Subtest: copying is explicit authored content creation in the selected language and never mutates an invalid source
2026-09-23T16:35:59.8575266Z ok 409 - copying is explicit authored content creation in the selected language and never mutates an invalid source
2026-09-23T16:35:59.8576241Z   ---
2026-09-23T16:35:59.8576601Z   duration_ms: 1.4964
2026-09-23T16:35:59.8576997Z   type: 'test'
2026-09-23T16:35:59.8577314Z   ...
2026-09-23T16:36:00.6574818Z # (node:5260) ExperimentalWarning: SQLite is an experimental feature and might change at any time
2026-09-23T16:36:00.6575639Z # (Use `node --trace-warnings ...` to show where the warning was created)
2026-09-23T16:36:00.6607127Z # Subtest: private site staging survives SQLite restart and does not expose signatures to the reading secret
2026-09-23T16:36:00.6608919Z ok 410 - private site staging survives SQLite restart and does not expose signatures to the reading secret
2026-09-23T16:36:00.6609686Z   ---
2026-09-23T16:36:00.6610266Z   duration_ms: 107.6062
2026-09-23T16:36:00.6610576Z   type: 'test'
2026-09-23T16:36:00.6610805Z   ...
2026-09-23T16:36:00.6613648Z # Subtest: private resource staging survives SQLite restart and does not expose signatures to the reading secret
2026-09-23T16:36:00.6615712Z ok 411 - private resource staging survives SQLite restart and does not expose signatures to the reading secret
2026-09-23T16:36:00.6616602Z   ---
2026-09-23T16:36:00.6616891Z   duration_ms: 98.1862
2026-09-23T16:36:00.6617134Z   type: 'test'
2026-09-23T16:36:00.6617330Z   ...
2026-09-23T16:36:00.6620712Z # Subtest: private contribution staging survives SQLite restart and does not expose signatures to the reading secret
2026-09-23T16:36:00.6622407Z ok 412 - private contribution staging survives SQLite restart and does not expose signatures to the reading secret
2026-09-23T16:36:00.6623297Z   ---
2026-09-23T16:36:00.6624345Z   duration_ms: 86.6998
2026-09-23T16:36:00.6625080Z   type: 'test'
2026-09-23T16:36:00.6625441Z   ...
2026-09-23T16:36:00.6632125Z # Subtest: private contribution-inbox staging survives SQLite restart and does not expose signatures to the reading secret
2026-09-23T16:36:00.6634273Z ok 413 - private contribution-inbox staging survives SQLite restart and does not expose signatures to the reading secret
2026-09-23T16:36:00.6635686Z   ---
2026-09-23T16:36:00.6636293Z   duration_ms: 88.9791
2026-09-23T16:36:00.6636905Z   type: 'test'
2026-09-23T16:36:00.6637433Z   ...
2026-09-23T16:36:00.6638758Z # Subtest: private contribution-receipt staging survives SQLite restart and does not expose signatures to the reading secret
2026-09-23T16:36:00.6640943Z ok 414 - private contribution-receipt staging survives SQLite restart and does not expose signatures to the reading secret
2026-09-23T16:36:00.6642137Z   ---
2026-09-23T16:36:00.6642475Z   duration_ms: 89.8932
2026-09-23T16:36:00.6642863Z   type: 'test'
2026-09-23T16:36:00.6643171Z   ...
2026-09-23T16:36:00.6644029Z # Subtest: private staging quota failure aborts all record changes even when its error is caught
2026-09-23T16:36:00.6645739Z ok 415 - private staging quota failure aborts all record changes even when its error is caught
2026-09-23T16:36:00.6646553Z   ---
2026-09-23T16:36:00.6646881Z   duration_ms: 24.2444
2026-09-23T16:36:00.6647271Z   type: 'test'
2026-09-23T16:36:00.6647580Z   ...
2026-09-23T16:36:00.6648273Z # Subtest: private record handles expire at the synchronous transaction boundary
2026-09-23T16:36:00.6649352Z ok 416 - private record handles expire at the synchronous transaction boundary
2026-09-23T16:36:00.6649989Z   ---
2026-09-23T16:36:00.6650297Z   duration_ms: 9.0036
2026-09-23T16:36:00.6650677Z   type: 'test'
2026-09-23T16:36:00.6650989Z   ...
2026-09-23T16:36:00.6651935Z # Subtest: missing and transposed ciphertext are rejected even inside an otherwise authentic outer database
2026-09-23T16:36:00.6653514Z ok 417 - missing and transposed ciphertext are rejected even inside an otherwise authentic outer database
2026-09-23T16:36:00.6654433Z   ---
2026-09-23T16:36:00.6654794Z   duration_ms: 30.2866
2026-09-23T16:36:00.6655184Z   type: 'test'
2026-09-23T16:36:00.6655508Z   ...
2026-09-23T16:36:03.6680107Z # Subtest: node editor keeps one publication after a lost response and process restart; private version recovery preserves readers
2026-09-23T16:36:03.6682657Z ok 418 - node editor keeps one publication after a lost response and process restart; private version recovery preserves readers
2026-09-23T16:36:03.6684108Z   ---
2026-09-23T16:36:03.6684600Z   duration_ms: 2645.2334
2026-09-23T16:36:03.6685023Z   type: 'test'
2026-09-23T16:36:03.6685429Z   ...
2026-09-23T16:36:06.3514839Z # Subtest: node editor rejects stale and changed review bases, and can close a consumed competing attempt without claiming cancellation
2026-09-23T16:36:06.3517134Z ok 419 - node editor rejects stale and changed review bases, and can close a consumed competing attempt without claiming cancellation
2026-09-23T16:36:06.3518154Z   ---
2026-09-23T16:36:06.3518754Z   duration_ms: 2683.9764
2026-09-23T16:36:06.3519190Z   type: 'test'
2026-09-23T16:36:06.3519523Z   ...
2026-09-23T16:36:07.6275986Z # Subtest: node editor never sends before durable draft acknowledgement, keeps unknown submissions frozen, and fences a locked session
2026-09-23T16:36:07.6277881Z ok 420 - node editor never sends before durable draft acknowledgement, keeps unknown submissions frozen, and fences a locked session
2026-09-23T16:36:07.6278496Z   ---
2026-09-23T16:36:07.6278713Z   duration_ms: 1276.3664
2026-09-23T16:36:07.6278959Z   type: 'test'
2026-09-23T16:36:07.6279145Z   ...
2026-09-23T16:36:08.9562170Z # Subtest: native editor keeps one publication after a lost response and process restart; private version recovery preserves readers
2026-09-23T16:36:08.9563882Z ok 421 - native editor keeps one publication after a lost response and process restart; private version recovery preserves readers
2026-09-23T16:36:08.9564848Z   ---
2026-09-23T16:36:08.9565204Z   duration_ms: 1328.8052
2026-09-23T16:36:08.9565937Z   type: 'test'
2026-09-23T16:36:08.9566215Z   ...
2026-09-23T16:36:10.9807760Z # Subtest: native editor rejects stale and changed review bases, and can close a consumed competing attempt without claiming cancellation
2026-09-23T16:36:10.9810103Z ok 422 - native editor rejects stale and changed review bases, and can close a consumed competing attempt without claiming cancellation
2026-09-23T16:36:10.9811097Z   ---
2026-09-23T16:36:10.9811428Z   duration_ms: 2024.3036
2026-09-23T16:36:10.9811807Z   type: 'test'
2026-09-23T16:36:10.9812430Z   ...
2026-09-23T16:36:11.6591363Z # Subtest: native editor never sends before durable draft acknowledgement, keeps unknown submissions frozen, and fences a locked session
2026-09-23T16:36:11.6592557Z ok 423 - native editor never sends before durable draft acknowledgement, keeps unknown submissions frozen, and fences a locked session
2026-09-23T16:36:11.6593156Z   ---
2026-09-23T16:36:11.6593366Z   duration_ms: 677.428
2026-09-23T16:36:11.6593647Z   type: 'test'
2026-09-23T16:36:11.6593831Z   ...
2026-09-23T16:36:13.7649631Z # Subtest: node editor can close an unadmitted request after a late fork changes only its base
2026-09-23T16:36:13.7650971Z ok 424 - node editor can close an unadmitted request after a late fork changes only its base
2026-09-23T16:36:13.7651712Z   ---
2026-09-23T16:36:13.7652046Z   duration_ms: 2105.7789
2026-09-23T16:36:13.7652431Z   type: 'test'
2026-09-23T16:36:13.7652718Z   ...
2026-09-23T16:36:16.0294175Z # Subtest: native editor can close an unadmitted request after a late fork changes only its base
2026-09-23T16:36:16.0296799Z ok 425 - native editor can close an unadmitted request after a late fork changes only its base
2026-09-23T16:36:16.0297414Z   ---
2026-09-23T16:36:16.0297643Z   duration_ms: 2264.4466
2026-09-23T16:36:16.0297886Z   type: 'test'
2026-09-23T16:36:16.0298083Z   ...
2026-09-23T16:36:24.1288660Z # Subtest: node editor can resume an earlier authorized copy without replacing the current draft
2026-09-23T16:36:24.1290095Z ok 426 - node editor can resume an earlier authorized copy without replacing the current draft
2026-09-23T16:36:24.1290851Z   ---
2026-09-23T16:36:24.1291230Z   duration_ms: 8099.4868
2026-09-23T16:36:24.1291752Z   type: 'test'
2026-09-23T16:36:24.1291957Z   ...
2026-09-23T16:36:26.6829295Z # Subtest: native editor can resume an earlier authorized copy without replacing the current draft
2026-09-23T16:36:26.6830736Z ok 427 - native editor can resume an earlier authorized copy without replacing the current draft
2026-09-23T16:36:26.6831576Z   ---
2026-09-23T16:36:26.6831952Z   duration_ms: 2558.1452
2026-09-23T16:36:26.6832355Z   type: 'test'
2026-09-23T16:36:26.6832677Z   ...
2026-09-23T16:36:28.3952289Z # Subtest: receipt journals agree across Node/portable/Go on immutable intent, phases, expiry and source binding
2026-09-23T16:36:28.3955975Z ok 428 - receipt journals agree across Node/portable/Go on immutable intent, phases, expiry and source binding
2026-09-23T16:36:28.3956985Z   ---
2026-09-23T16:36:28.3957250Z   duration_ms: 1366.5673
2026-09-23T16:36:28.3957535Z   type: 'test'
2026-09-23T16:36:28.3957747Z   ...
2026-09-23T16:37:00.1732881Z # (node:4412) ExperimentalWarning: SQLite is an experimental feature and might change at any time
2026-09-23T16:37:00.1734301Z # (Use `node --trace-warnings ...` to show where the warning was created)
2026-09-23T16:37:00.1771730Z # Subtest: Node receipt batch rotates fairly and retains every pending original envelope
2026-09-23T16:37:00.1776301Z ok 429 - Node receipt batch rotates fairly and retains every pending original envelope
2026-09-23T16:37:00.1777296Z   ---
2026-09-23T16:37:00.1777819Z   duration_ms: 1912.2025
2026-09-23T16:37:00.1779753Z   type: 'test'
2026-09-23T16:37:00.1780197Z   ...
2026-09-23T16:37:00.1784447Z # Subtest: Node receipt batch charges failed copies and retains every pending original envelope
2026-09-23T16:37:00.1787631Z ok 430 - Node receipt batch charges failed copies and retains every pending original envelope
2026-09-23T16:37:00.1788829Z   ---
2026-09-23T16:37:00.1789195Z   duration_ms: 1627.2824
2026-09-23T16:37:00.1789598Z   type: 'test'
2026-09-23T16:37:00.1789885Z   ...
2026-09-23T16:37:00.1792347Z # Subtest: Go receipt runtime applies the same rotating copy budget, including real quota failures
2026-09-23T16:37:00.1796226Z ok 431 - Go receipt runtime applies the same rotating copy budget, including real quota failures
2026-09-23T16:37:00.1797275Z   ---
2026-09-23T16:37:00.1797922Z   duration_ms: 27904.9759
2026-09-23T16:37:00.1798302Z   type: 'test'
2026-09-23T16:37:00.1798586Z   ...
2026-09-23T16:37:00.1799272Z # {"phase":"compile-only","durationMs":2714,"exitCode":0,"signal":null,"error":null}
2026-09-23T16:37:00.1800295Z # {"phase":"execute","durationMs":25178,"exitCode":0,"signal":null,"error":null}
2026-09-23T16:37:03.0866876Z # Subtest: site sequence reservation is not publication; replay is stable and stale bases do not mutate state
2026-09-23T16:37:03.0868945Z ok 432 - site sequence reservation is not publication; replay is stable and stale bases do not mutate state
2026-09-23T16:37:03.0869862Z   ---
2026-09-23T16:37:03.0870206Z   duration_ms: 37.7823
2026-09-23T16:37:03.0871056Z   type: 'test'
2026-09-23T16:37:03.0871465Z   ...
2026-09-23T16:37:03.0873642Z # Subtest: a newer signed observation supersedes an unfinished publication and cannot roll back to older headers
2026-09-23T16:37:03.0875591Z ok 433 - a newer signed observation supersedes an unfinished publication and cannot roll back to older headers
2026-09-23T16:37:03.0876748Z   ---
2026-09-23T16:37:03.0877759Z   duration_ms: 17.8445
2026-09-23T16:37:03.0879888Z   type: 'test'
2026-09-23T16:37:03.0880443Z   ...
2026-09-23T16:37:03.0885858Z # Subtest: retired site operation sequences cannot be replayed as new writes
2026-09-23T16:37:03.0887215Z ok 434 - retired site operation sequences cannot be replayed as new writes
2026-09-23T16:37:03.0888130Z   ---
2026-09-23T16:37:03.0888707Z   duration_ms: 1176.229
2026-09-23T16:37:03.0889324Z   type: 'test'
2026-09-23T16:37:03.0889868Z   ...
2026-09-23T16:37:03.0891009Z # Subtest: a full site history can advance while the latest known header is retained without payloads
2026-09-23T16:37:03.0892648Z ok 435 - a full site history can advance while the latest known header is retained without payloads
2026-09-23T16:37:03.0894406Z   ---
2026-09-23T16:37:03.0895424Z   duration_ms: 1098.7877
2026-09-23T16:37:03.0896065Z   type: 'test'
2026-09-23T16:37:03.0896617Z   ...
2026-09-23T16:37:03.0897894Z # Subtest: registry shape and single pending operation limits reject malformed state without invoking getters
2026-09-23T16:37:03.0899699Z ok 436 - registry shape and single pending operation limits reject malformed state without invoking getters
2026-09-23T16:37:03.0900840Z   ---
2026-09-23T16:37:03.0901364Z   duration_ms: 7.0246
2026-09-23T16:37:03.0901756Z   type: 'test'
2026-09-23T16:37:03.0902071Z   ...
2026-09-23T16:37:03.0903276Z # Subtest: equal-sequence signed concurrency changes the base before durable authorization
2026-09-23T16:37:03.0904625Z ok 437 - equal-sequence signed concurrency changes the base before durable authorization
2026-09-23T16:37:03.0905380Z   ---
2026-09-23T16:37:03.0905694Z   duration_ms: 9.3391
2026-09-23T16:37:03.0906041Z   type: 'test'
2026-09-23T16:37:03.0906342Z   ...
2026-09-23T16:37:03.0907181Z # Subtest: committed publication recovery is irreversible and never rolls back a newer signed head
2026-09-23T16:37:03.0908599Z ok 438 - committed publication recovery is irreversible and never rolls back a newer signed head
2026-09-23T16:37:03.0909440Z   ---
2026-09-23T16:37:03.0909803Z   duration_ms: 22.7785
2026-09-23T16:37:03.0910211Z   type: 'test'
2026-09-23T16:37:03.0910553Z   ...
2026-09-23T16:37:03.0911497Z # Subtest: cryptographic memoization is confined to one transition and cannot hide subsequent mutations
2026-09-23T16:37:03.0913034Z ok 439 - cryptographic memoization is confined to one transition and cannot hide subsequent mutations
2026-09-23T16:37:03.0914393Z   ---
2026-09-23T16:37:03.0914733Z   duration_ms: 216.1761
2026-09-23T16:37:03.0915508Z   type: 'test'
2026-09-23T16:37:03.0915859Z   ...
2026-09-23T16:37:05.4713538Z # Subtest: explicit refusal journals agree across Node/portable/Go on immutable intent, phases, expiry and source binding
2026-09-23T16:37:05.4715821Z ok 440 - explicit refusal journals agree across Node/portable/Go on immutable intent, phases, expiry and source binding
2026-09-23T16:37:05.4716840Z   ---
2026-09-23T16:37:05.4717200Z   duration_ms: 1969.251
2026-09-23T16:37:05.4717598Z   type: 'test'
2026-09-23T16:37:05.4717919Z   ...
2026-09-23T16:37:06.1976350Z # (node:7104) ExperimentalWarning: SQLite is an experimental feature and might change at any time
2026-09-23T16:37:06.1977488Z # (Use `node --trace-warnings ...` to show where the warning was created)
2026-09-23T16:37:06.2002901Z # Subtest: logical site publication replays the same public or private result before and after staging retirement
2026-09-23T16:37:06.2010405Z ok 441 - logical site publication replays the same public or private result before and after staging retirement
2026-09-23T16:37:06.2011627Z   ---
2026-09-23T16:37:06.2013985Z   duration_ms: 287.6662
2026-09-23T16:37:06.2014661Z   type: 'test'
2026-09-23T16:37:06.2015216Z   ...
2026-09-23T16:37:06.2019247Z # Subtest: request fingerprints bind exact reading cards, base, lifetime and document consistently across crypto runtimes
2026-09-23T16:37:06.2021296Z ok 442 - request fingerprints bind exact reading cards, base, lifetime and document consistently across crypto runtimes
2026-09-23T16:37:06.2022498Z   ---
2026-09-23T16:37:06.2023063Z   duration_ms: 52.0796
2026-09-23T16:37:06.2023451Z   type: 'test'
2026-09-23T16:37:06.2023739Z   ...
2026-09-23T16:37:06.7775506Z # (node:2028) ExperimentalWarning: SQLite is an experimental feature and might change at any time
2026-09-23T16:37:06.7776736Z # (Use `node --trace-warnings ...` to show where the warning was created)
2026-09-23T16:37:06.7818504Z # Subtest: resource preparation is encrypted, survives reopen and returns the same reference after a lost response
2026-09-23T16:37:06.7820320Z ok 443 - resource preparation is encrypted, survives reopen and returns the same reference after a lost response
2026-09-23T16:37:06.7821209Z   ---
2026-09-23T16:37:06.7821536Z   duration_ms: 76.7265
2026-09-23T16:37:06.7822077Z   type: 'test'
2026-09-23T16:37:06.7822514Z   ...
2026-09-23T16:37:06.7826355Z # Subtest: resource quota failure rolls back counter and signatures, even when caught by an outer caller
2026-09-23T16:37:06.7828588Z ok 444 - resource quota failure rolls back counter and signatures, even when caught by an outer caller
2026-09-23T16:37:06.7829682Z   ---
2026-09-23T16:37:06.7830075Z   duration_ms: 119.2001
2026-09-23T16:37:06.7830500Z   type: 'test'
2026-09-23T16:37:06.7830854Z   ...
2026-09-23T16:37:06.7833035Z # Subtest: a different copy cannot finish an operation or consume its pending signature
2026-09-23T16:37:06.7834551Z ok 445 - a different copy cannot finish an operation or consume its pending signature
2026-09-23T16:37:06.7835319Z   ---
2026-09-23T16:37:06.7835671Z   duration_ms: 36.7746
2026-09-23T16:37:06.7836051Z   type: 'test'
2026-09-23T16:37:06.7836348Z   ...
2026-09-23T16:37:09.3428492Z # Subtest: expired preparation authenticates before disposal and never silently recreates the requested resource
2026-09-23T16:37:09.3430535Z ok 446 - expired preparation authenticates before disposal and never silently recreates the requested resource
2026-09-23T16:37:09.3431686Z   ---
2026-09-23T16:37:09.3432197Z   duration_ms: 1138.7872
2026-09-23T16:37:09.3432741Z   type: 'test'
2026-09-23T16:37:09.3433211Z   ...
2026-09-23T16:37:09.3434146Z # Subtest: a missing stage is corruption and is never interpreted as a fresh catalogue
2026-09-23T16:37:09.3435864Z ok 447 - a missing stage is corruption and is never interpreted as a fresh catalogue
2026-09-23T16:37:09.3439544Z   ---
2026-09-23T16:37:09.3445363Z   duration_ms: 19.76
2026-09-23T16:37:09.3454746Z   type: 'test'
2026-09-23T16:37:09.3455250Z   ...
2026-09-23T16:37:09.3456434Z # Subtest: real process exit before-commit cannot duplicate or lose the resource creation identity
2026-09-23T16:37:09.3458338Z ok 448 - real process exit before-commit cannot duplicate or lose the resource creation identity
2026-09-23T16:37:09.3459341Z   ---
2026-09-23T16:37:09.3459858Z   duration_ms: 346.2927
2026-09-23T16:37:09.3460393Z   type: 'test'
2026-09-23T16:37:09.3460843Z   ...
2026-09-23T16:37:09.3461859Z # Subtest: real process exit after-commit cannot duplicate or lose the resource creation identity
2026-09-23T16:37:09.3463367Z ok 449 - real process exit after-commit cannot duplicate or lose the resource creation identity
2026-09-23T16:37:09.3464301Z   ---
2026-09-23T16:37:09.3464774Z   duration_ms: 338.5582
2026-09-23T16:37:09.3465284Z   type: 'test'
2026-09-23T16:37:09.3465724Z   ...
2026-09-23T16:37:09.3466714Z # Subtest: real process exit after-copy cannot duplicate or lose the resource creation identity
2026-09-23T16:37:09.3468152Z ok 450 - real process exit after-copy cannot duplicate or lose the resource creation identity
2026-09-23T16:37:09.3469040Z   ---
2026-09-23T16:37:09.3469492Z   duration_ms: 389.1715
2026-09-23T16:37:09.3469980Z   type: 'test'
2026-09-23T16:37:09.3470397Z   ...
2026-09-23T16:37:09.3471392Z # Subtest: real process exit after-ready cannot duplicate or lose the resource creation identity
2026-09-23T16:37:09.3472878Z ok 451 - real process exit after-ready cannot duplicate or lose the resource creation identity
2026-09-23T16:37:09.3473762Z   ---
2026-09-23T16:37:09.3474207Z   duration_ms: 346.1045
2026-09-23T16:37:09.3474694Z   type: 'test'
2026-09-23T16:37:09.3475122Z   ...
2026-09-23T16:37:12.8166641Z # Subtest: v3 accepts bounded optional references and duplicates a page without transferring resource authorship
2026-09-23T16:37:12.8167981Z ok 452 - v3 accepts bounded optional references and duplicates a page without transferring resource authorship
2026-09-23T16:37:12.8168591Z   ---
2026-09-23T16:37:12.8168821Z   duration_ms: 11.9836
2026-09-23T16:37:12.8169068Z   type: 'test'
2026-09-23T16:37:12.8169276Z   ...
2026-09-23T16:37:12.8173925Z # Subtest: Node and Go agree on v3 reference vectors, legacy compatibility and exact resource limits
2026-09-23T16:37:12.8176401Z ok 453 - Node and Go agree on v3 reference vectors, legacy compatibility and exact resource limits
2026-09-23T16:37:12.8177505Z   ---
2026-09-23T16:37:12.8177739Z   duration_ms: 3126.3226
2026-09-23T16:37:12.8178311Z   type: 'test'
2026-09-23T16:37:12.8178638Z   ...
2026-09-23T16:37:12.8180309Z # Subtest: reference descriptors reject getters without executing them
2026-09-23T16:37:12.8182937Z ok 454 - reference descriptors reject getters without executing them
2026-09-23T16:37:12.8184146Z   ---
2026-09-23T16:37:12.8184480Z   duration_ms: 0.4456
2026-09-23T16:37:12.8184858Z   type: 'test'
2026-09-23T16:37:12.8186596Z   ...
2026-09-23T16:37:12.8187481Z # Subtest: resource insertion preserves the original filename while bounding a Unicode heading
2026-09-23T16:37:12.8189176Z ok 455 - resource insertion preserves the original filename while bounding a Unicode heading
2026-09-23T16:37:12.8190067Z   ---
2026-09-23T16:37:12.8190425Z   duration_ms: 0.4673
2026-09-23T16:37:12.8190819Z   type: 'test'
2026-09-23T16:37:12.8191148Z   ...
2026-09-23T16:37:13.1226300Z # Subtest: automatic resource checks bound concurrency and retain each authenticated target
2026-09-23T16:37:13.1228124Z ok 456 - automatic resource checks bound concurrency and retain each authenticated target
2026-09-23T16:37:13.1229866Z   ---
2026-09-23T16:37:13.1230273Z   duration_ms: 11.982
2026-09-23T16:37:13.1230685Z   type: 'test'
2026-09-23T16:37:13.1231013Z   ...
2026-09-23T16:37:13.1270632Z # Subtest: aborting an active view cannot release its real request slot early
2026-09-23T16:37:13.1271808Z ok 457 - aborting an active view cannot release its real request slot early
2026-09-23T16:37:13.1272883Z   ---
2026-09-23T16:37:13.1273247Z   duration_ms: 4.6473
2026-09-23T16:37:13.1273646Z   type: 'test'
2026-09-23T16:37:13.1273981Z   ...
2026-09-23T16:37:13.1292574Z # Subtest: queued cancellation never reaches the runtime and a failed request advances the queue
2026-09-23T16:37:13.1294416Z ok 458 - queued cancellation never reaches the runtime and a failed request advances the queue
2026-09-23T16:37:13.1294879Z   ---
2026-09-23T16:37:13.1295091Z   duration_ms: 2.2575
2026-09-23T16:37:13.1295316Z   type: 'test'
2026-09-23T16:37:13.1295515Z   ...
2026-09-23T16:37:13.1333093Z # Subtest: queue exhaustion preserves admitted checks and already-aborted work never starts
2026-09-23T16:37:13.1337743Z ok 459 - queue exhaustion preserves admitted checks and already-aborted work never starts
2026-09-23T16:37:13.1338741Z   ---
2026-09-23T16:37:13.1339180Z   duration_ms: 3.939
2026-09-23T16:37:13.1339636Z   type: 'test'
2026-09-23T16:37:13.1340052Z   ...
2026-09-23T16:37:13.1351578Z # Subtest: identical reference checks coalesce only in flight and return independent result objects
2026-09-23T16:37:13.1353193Z ok 460 - identical reference checks coalesce only in flight and return independent result objects
2026-09-23T16:37:13.1354593Z   ---
2026-09-23T16:37:13.1354939Z   duration_ms: 1.7392
2026-09-23T16:37:13.1355733Z   type: 'test'
2026-09-23T16:37:13.1356042Z   ...
2026-09-23T16:37:13.1365948Z # Subtest: reference coalescing separates snapshots, pages and descriptor changes
2026-09-23T16:37:13.1367631Z ok 461 - reference coalescing separates snapshots, pages and descriptor changes
2026-09-23T16:37:13.1368415Z   ---
2026-09-23T16:37:13.1368775Z   duration_ms: 1.6695
2026-09-23T16:37:13.1369169Z   type: 'test'
2026-09-23T16:37:13.1369516Z   ...
2026-09-23T16:37:13.1380665Z # Subtest: one cancelled consumer does not cancel its live sibling; abandoned views cannot be revived
2026-09-23T16:37:13.1382574Z ok 462 - one cancelled consumer does not cancel its live sibling; abandoned views cannot be revived
2026-09-23T16:37:13.1383470Z   ---
2026-09-23T16:37:13.1383830Z   duration_ms: 1.4314
2026-09-23T16:37:13.1384236Z   type: 'test'
2026-09-23T16:37:13.1384573Z   ...
2026-09-23T16:37:13.1394124Z # Subtest: shared-request failures reject every caller and do not become cached success
2026-09-23T16:37:13.1396118Z ok 463 - shared-request failures reject every caller and do not become cached success
2026-09-23T16:37:13.1396556Z   ---
2026-09-23T16:37:13.1396774Z   duration_ms: 1.0406
2026-09-23T16:37:13.1397004Z   type: 'test'
2026-09-23T16:37:13.1397191Z   ...
2026-09-23T16:37:13.1405273Z # Subtest: coalesced observers remain bounded even when they share one runtime request
2026-09-23T16:37:13.1407147Z ok 464 - coalesced observers remain bounded even when they share one runtime request
2026-09-23T16:37:13.1407956Z   ---
2026-09-23T16:37:13.1408324Z   duration_ms: 1.0548
2026-09-23T16:37:13.1408725Z   type: 'test'
2026-09-23T16:37:13.1409390Z   ...
2026-09-23T16:37:17.0821339Z # Subtest: TypeScript and a real Go process agree on resource identity, canonical hashes, boundaries and reading scope
2026-09-23T16:37:17.0825033Z ok 465 - TypeScript and a real Go process agree on resource identity, canonical hashes, boundaries and reading scope
2026-09-23T16:37:17.0826270Z   ---
2026-09-23T16:37:17.0839754Z   duration_ms: 3677.0951
2026-09-23T16:37:17.0840232Z   type: 'test'
2026-09-23T16:37:17.0840537Z   ...
2026-09-23T16:37:19.8605947Z # Subtest: Node and Go agree on creation fingerprints, exact outcomes, retirement and malformed records
2026-09-23T16:37:19.8609952Z ok 466 - Node and Go agree on creation fingerprints, exact outcomes, retirement and malformed records
2026-09-23T16:37:19.8610741Z   ---
2026-09-23T16:37:19.8610982Z   duration_ms: 2491.6345
2026-09-23T16:37:19.8611243Z   type: 'test'
2026-09-23T16:37:19.8611449Z   ...
2026-09-23T16:37:21.3611712Z # Subtest: resource creation retries retain one signed identity and reject UUID reuse with a different request
2026-09-23T16:37:21.3614528Z ok 467 - resource creation retries retain one signed identity and reject UUID reuse with a different request
2026-09-23T16:37:21.3615617Z   ---
2026-09-23T16:37:21.3616078Z   duration_ms: 9.0711
2026-09-23T16:37:21.3616539Z   type: 'test'
2026-09-23T16:37:21.3617151Z   ...
2026-09-23T16:37:21.3617953Z # Subtest: a pending copy holds the slot; only its exact ciphertext may complete it
2026-09-23T16:37:21.3619162Z ok 468 - a pending copy holds the slot; only its exact ciphertext may complete it
2026-09-23T16:37:21.3619901Z   ---
2026-09-23T16:37:21.3620272Z   duration_ms: 4.9313
2026-09-23T16:37:21.3620697Z   type: 'test'
2026-09-23T16:37:21.3621026Z   ...
2026-09-23T16:37:21.3623218Z # Subtest: expired pending work remains a terminal outcome instead of silently signing a replacement
2026-09-23T16:37:21.3624976Z ok 469 - expired pending work remains a terminal outcome instead of silently signing a replacement
2026-09-23T16:37:21.3626548Z   ---
2026-09-23T16:37:21.3627152Z   duration_ms: 3.468
2026-09-23T16:37:21.3627811Z   type: 'test'
2026-09-23T16:37:21.3628375Z   ...
2026-09-23T16:37:21.3629618Z # Subtest: retirement is bounded by committed sequence and cannot turn an old uncertain retry into new work
2026-09-23T16:37:21.3630815Z ok 470 - retirement is bounded by committed sequence and cannot turn an old uncertain retry into new work
2026-09-23T16:37:21.3631304Z   ---
2026-09-23T16:37:21.3631525Z   duration_ms: 1189.1675
2026-09-23T16:37:21.3631765Z   type: 'test'
2026-09-23T16:37:21.3632097Z   ...
2026-09-23T16:37:21.3633272Z # Subtest: staging cannot change creator, size, scope or lifespan; private reader scope must include the owner
2026-09-23T16:37:21.3635181Z ok 471 - staging cannot change creator, size, scope or lifespan; private reader scope must include the owner
2026-09-23T16:37:21.3636070Z   ---
2026-09-23T16:37:21.3636437Z   duration_ms: 1.9761
2026-09-23T16:37:21.3636831Z   type: 'test'
2026-09-23T16:37:21.3637188Z   ...
2026-09-23T16:37:21.3638104Z # Subtest: untrusted local record and request getters are refused without execution
2026-09-23T16:37:21.3639393Z ok 472 - untrusted local record and request getters are refused without execution
2026-09-23T16:37:21.3640056Z   ---
2026-09-23T16:37:21.3640422Z   duration_ms: 0.3646
2026-09-23T16:37:21.3640676Z   type: 'test'
2026-09-23T16:37:21.3640862Z   ...
2026-09-23T16:37:23.5356919Z # (node:7112) ExperimentalWarning: SQLite is an experimental feature and might change at any time
2026-09-23T16:37:23.5358229Z # (Use `node --trace-warnings ...` to show where the warning was created)
2026-09-23T16:37:23.5389297Z # Subtest: resource UI controller recovers a lost committed reply without creating another signature
2026-09-23T16:37:23.5392381Z ok 473 - resource UI controller recovers a lost committed reply without creating another signature
2026-09-23T16:37:23.5393578Z   ---
2026-09-23T16:37:23.5393956Z   duration_ms: 259.0424
2026-09-23T16:37:23.5394802Z   type: 'test'
2026-09-23T16:37:23.5395192Z   ...
2026-09-23T16:37:23.5404970Z # Subtest: resource UI retries an unconfirmed request only on explicit action and with the same UUID and payload
2026-09-23T16:37:23.5406638Z ok 474 - resource UI retries an unconfirmed request only on explicit action and with the same UUID and payload
2026-09-23T16:37:23.5407572Z   ---
2026-09-23T16:37:23.5407918Z   duration_ms: 227.9986
2026-09-23T16:37:23.5408321Z   type: 'test'
2026-09-23T16:37:23.5408634Z   ...
2026-09-23T16:37:23.5410009Z # Subtest: closing a resource UI session fences an in-flight result while the durable library remains recoverable
2026-09-23T16:37:23.5412345Z ok 475 - closing a resource UI session fences an in-flight result while the durable library remains recoverable
2026-09-23T16:37:23.5413607Z   ---
2026-09-23T16:37:23.5413952Z   duration_ms: 224.4153
2026-09-23T16:37:23.5414354Z   type: 'test'
2026-09-23T16:37:23.5414664Z   ...
2026-09-23T16:37:23.5415614Z # Subtest: resource library walks real history beyond the operation journal and retains third-party creators
2026-09-23T16:37:23.5417451Z ok 476 - resource library walks real history beyond the operation journal and retains third-party creators
2026-09-23T16:37:23.5418365Z   ---
2026-09-23T16:37:23.5418687Z   duration_ms: 859.9377
2026-09-23T16:37:23.5419078Z   type: 'test'
2026-09-23T16:37:23.5419388Z   ...
2026-09-23T16:37:23.5420054Z # Subtest: resource sizes never round a nonempty small file down to zero
2026-09-23T16:37:23.5421085Z ok 477 - resource sizes never round a nonempty small file down to zero
2026-09-23T16:37:23.5421745Z   ---
2026-09-23T16:37:23.5422088Z   duration_ms: 19.2683
2026-09-23T16:37:23.5422475Z   type: 'test'
2026-09-23T16:37:23.5422794Z   ...
2026-09-23T16:37:23.9389212Z # Subtest: a table descriptor pins its complete canonical payload and returns owned data
2026-09-23T16:37:23.9390695Z ok 478 - a table descriptor pins its complete canonical payload and returns owned data
2026-09-23T16:37:23.9391555Z   ---
2026-09-23T16:37:23.9391949Z   duration_ms: 14.339
2026-09-23T16:37:23.9392353Z   type: 'test'
2026-09-23T16:37:23.9392677Z   ...
2026-09-23T16:37:23.9397690Z # Subtest: verification of real encrypted envelopes precedes descriptor matching; a reader's valid signature cannot replace the referenced author
2026-09-23T16:37:23.9399897Z ok 479 - verification of real encrypted envelopes precedes descriptor matching; a reader's valid signature cannot replace the referenced author
2026-09-23T16:37:23.9401083Z   ---
2026-09-23T16:37:23.9401461Z   duration_ms: 19.2809
2026-09-23T16:37:23.9401863Z   type: 'test'
2026-09-23T16:37:23.9402195Z   ...
2026-09-23T16:37:23.9404829Z # Subtest: files have canonical base64, exact decoded boundaries and no executable rendering type
2026-09-23T16:37:23.9406261Z ok 480 - files have canonical base64, exact decoded boundaries and no executable rendering type
2026-09-23T16:37:23.9407102Z   ---
2026-09-23T16:37:23.9407471Z   duration_ms: 65.8402
2026-09-23T16:37:23.9407897Z   type: 'test'
2026-09-23T16:37:23.9408229Z   ...
2026-09-23T16:37:23.9410149Z # Subtest: a private resource never becomes public by reference and reader sets cannot silently expand
2026-09-23T16:37:23.9411671Z ok 481 - a private resource never becomes public by reference and reader sets cannot silently expand
2026-09-23T16:37:23.9412562Z   ---
2026-09-23T16:37:23.9412917Z   duration_ms: 0.8003
2026-09-23T16:37:23.9413376Z   type: 'test'
2026-09-23T16:37:23.9413687Z   ...
2026-09-23T16:37:23.9414549Z # Subtest: descriptor and nested data getters are refused without access, including reader arrays
2026-09-23T16:37:23.9416294Z ok 482 - descriptor and nested data getters are refused without access, including reader arrays
2026-09-23T16:37:23.9417129Z   ---
2026-09-23T16:37:23.9417478Z   duration_ms: 0.944
2026-09-23T16:37:23.9417854Z   type: 'test'
2026-09-23T16:37:23.9418161Z   ...
2026-09-23T16:37:24.9091198Z # Subtest: site addresses are stable under display/read-card changes and reject ambiguous input
2026-09-23T16:37:24.9092730Z ok 483 - site addresses are stable under display/read-card changes and reject ambiguous input
2026-09-23T16:37:24.9093563Z   ---
2026-09-23T16:37:24.9093932Z   duration_ms: 63.3075
2026-09-23T16:37:24.9094350Z   type: 'test'
2026-09-23T16:37:24.9094680Z   ...
2026-09-23T16:37:24.9096011Z # Subtest: node signed snapshots bind the exact content and retain ownership when another reader can decrypt
2026-09-23T16:37:24.9097602Z ok 484 - node signed snapshots bind the exact content and retain ownership when another reader can decrypt
2026-09-23T16:37:24.9098494Z   ---
2026-09-23T16:37:24.9098850Z   duration_ms: 14.4832
2026-09-23T16:37:24.9099254Z   type: 'test'
2026-09-23T16:37:24.9099579Z   ...
2026-09-23T16:37:24.9100573Z # Subtest: node orders revisions by signed sequence, reports forks and does not let replay replace a known head
2026-09-23T16:37:24.9102148Z ok 485 - node orders revisions by signed sequence, reports forks and does not let replay replace a known head
2026-09-23T16:37:24.9103288Z   ---
2026-09-23T16:37:24.9103601Z   duration_ms: 20.826
2026-09-23T16:37:24.9103949Z   type: 'test'
2026-09-23T16:37:24.9104142Z   ...
2026-09-23T16:37:24.9105090Z # Subtest: node rejects malformed certificates without invoking getters and enforces finite history/signature bounds
2026-09-23T16:37:24.9106890Z ok 486 - node rejects malformed certificates without invoking getters and enforces finite history/signature bounds
2026-09-23T16:37:24.9107890Z   ---
2026-09-23T16:37:24.9108265Z   duration_ms: 31.5329
2026-09-23T16:37:24.9108666Z   type: 'test'
2026-09-23T16:37:24.9108953Z   ...
2026-09-23T16:37:24.9109823Z # Subtest: portable signed snapshots bind the exact content and retain ownership when another reader can decrypt
2026-09-23T16:37:24.9111481Z ok 487 - portable signed snapshots bind the exact content and retain ownership when another reader can decrypt
2026-09-23T16:37:24.9112421Z   ---
2026-09-23T16:37:24.9112787Z   duration_ms: 142.5315
2026-09-23T16:37:24.9113213Z   type: 'test'
2026-09-23T16:37:24.9113552Z   ...
2026-09-23T16:37:24.9114528Z # Subtest: portable orders revisions by signed sequence, reports forks and does not let replay replace a known head
2026-09-23T16:37:24.9116588Z ok 488 - portable orders revisions by signed sequence, reports forks and does not let replay replace a known head
2026-09-23T16:37:24.9117520Z   ---
2026-09-23T16:37:24.9117811Z   duration_ms: 233.8077
2026-09-23T16:37:24.9118137Z   type: 'test'
2026-09-23T16:37:24.9118338Z   ...
2026-09-23T16:37:24.9118942Z # Subtest: portable rejects malformed certificates without invoking getters and enforces finite history/signature bounds
2026-09-23T16:37:24.9119894Z ok 489 - portable rejects malformed certificates without invoking getters and enforces finite history/signature bounds
2026-09-23T16:37:24.9120431Z   ---
2026-09-23T16:37:24.9120630Z   duration_ms: 82.3025
2026-09-23T16:37:24.9121168Z   type: 'test'
2026-09-23T16:37:24.9121363Z   ...
2026-09-23T16:37:24.9121877Z # Subtest: Node and portable crypto produce identical snapshot bytes/signatures and verify each other
2026-09-23T16:37:24.9122652Z ok 490 - Node and portable crypto produce identical snapshot bytes/signatures and verify each other
2026-09-23T16:37:24.9123103Z   ---
2026-09-23T16:37:24.9123293Z   duration_ms: 21.6607
2026-09-23T16:37:24.9123509Z   type: 'test'
2026-09-23T16:37:24.9123699Z   ...
2026-09-23T16:37:30.4174183Z # (node:5800) ExperimentalWarning: SQLite is an experimental feature and might change at any time
2026-09-23T16:37:30.4174976Z # (Use `node --trace-warnings ...` to show where the warning was created)
2026-09-23T16:37:30.4206586Z # Subtest: large valid cache produces bounded pages and exact authorized attachments on demand
2026-09-23T16:37:30.4210759Z ok 491 - large valid cache produces bounded pages and exact authorized attachments on demand
2026-09-23T16:37:30.4211680Z   ---
2026-09-23T16:37:30.4211957Z   duration_ms: 3893.8127
2026-09-23T16:37:30.4212542Z   type: 'test'
2026-09-23T16:37:30.4212792Z   ...
2026-09-23T16:37:30.4215546Z # Subtest: received author deletion persists before evicting its original, and denied attachments stay unavailable
2026-09-23T16:37:30.4226270Z ok 492 - received author deletion persists before evicting its original, and denied attachments stay unavailable
2026-09-23T16:37:30.4227760Z   ---
2026-09-23T16:37:30.4228388Z   duration_ms: 224.8881
2026-09-23T16:37:30.4228822Z   type: 'test'
2026-09-23T16:37:30.4229163Z   ...
2026-09-23T16:37:30.4229961Z # Subtest: request tracking is bounded even when transport rejects every broadcast
2026-09-23T16:37:30.4231087Z ok 493 - request tracking is bounded even when transport rejects every broadcast
2026-09-23T16:37:30.4232225Z   ---
2026-09-23T16:37:30.4232737Z   duration_ms: 241.1396
2026-09-23T16:37:30.4233219Z   type: 'test'
2026-09-23T16:37:30.4233648Z   ...
2026-09-23T16:37:30.4234498Z # Subtest: unknown post extension data does not crash or inflate summaries
2026-09-23T16:37:30.4236042Z ok 494 - unknown post extension data does not crash or inflate summaries
2026-09-23T16:37:30.4237536Z   ---
2026-09-23T16:37:30.4238052Z   duration_ms: 354.1766
2026-09-23T16:37:30.4238604Z   type: 'test'
2026-09-23T16:37:30.4239013Z   ...
2026-09-23T16:37:30.4240275Z # Subtest: summary reuse remains bound to verified disk bytes and unlocked identity
2026-09-23T16:37:30.4241092Z ok 495 - summary reuse remains bound to verified disk bytes and unlocked identity
2026-09-23T16:37:30.4241487Z   ---
2026-09-23T16:37:30.4241694Z   duration_ms: 225.5833
2026-09-23T16:37:30.4241930Z   type: 'test'
2026-09-23T16:37:30.4242112Z   ...
2026-09-23T16:37:33.7946981Z # Subtest: collections and following integrate with encrypted persistence and hashed peer retrieval respects read ACL
2026-09-23T16:37:33.7954090Z ok 496 - collections and following integrate with encrypted persistence and hashed peer retrieval respects read ACL
2026-09-23T16:37:33.7955094Z   ---
2026-09-23T16:37:33.7955482Z   duration_ms: 3088.7052
2026-09-23T16:37:33.7955887Z   type: 'test'
2026-09-23T16:37:33.7956192Z   ...
2026-09-23T16:37:34.1146594Z # Subtest: collection create, rename, add, remove and delete are immutable local transitions
2026-09-23T16:37:34.1148267Z ok 497 - collection create, rename, add, remove and delete are immutable local transitions
2026-09-23T16:37:34.1149055Z   ---
2026-09-23T16:37:34.1149407Z   duration_ms: 4.3603
2026-09-23T16:37:34.1149785Z   type: 'test'
2026-09-23T16:37:34.1150083Z   ...
2026-09-23T16:37:34.1154424Z # Subtest: collection identity, title and timestamp rules reject ambiguous metadata
2026-09-23T16:37:34.1156941Z ok 498 - collection identity, title and timestamp rules reject ambiguous metadata
2026-09-23T16:37:34.1157964Z   ---
2026-09-23T16:37:34.1158566Z   duration_ms: 2.6289
2026-09-23T16:37:34.1159189Z   type: 'test'
2026-09-23T16:37:34.1160064Z   ...
2026-09-23T16:37:34.1161569Z # Subtest: prototype, accessor, unknown field and sparse-array inputs fail without executing metadata
2026-09-23T16:37:34.1163144Z ok 499 - prototype, accessor, unknown field and sparse-array inputs fail without executing metadata
2026-09-23T16:37:34.1164348Z   ---
2026-09-23T16:37:34.1164709Z   duration_ms: 1.0904
2026-09-23T16:37:34.1165103Z   type: 'test'
2026-09-23T16:37:34.1165438Z   ...
2026-09-23T16:37:34.1166586Z # Subtest: collection ownership cannot be transferred by a command or mixed across identity vaults
2026-09-23T16:37:34.1168288Z ok 500 - collection ownership cannot be transferred by a command or mixed across identity vaults
2026-09-23T16:37:34.1169556Z   ---
2026-09-23T16:37:34.1169917Z   duration_ms: 0.6544
2026-09-23T16:37:34.1170309Z   type: 'test'
2026-09-23T16:37:34.1170624Z   ...
2026-09-23T16:37:34.1171541Z # Subtest: collection and membership quotas reject atomically while allowing idempotent operations
2026-09-23T16:37:34.1173073Z ok 501 - collection and membership quotas reject atomically while allowing idempotent operations
2026-09-23T16:37:34.1173955Z   ---
2026-09-23T16:37:34.1175192Z   duration_ms: 12.4098
2026-09-23T16:37:34.1175651Z   type: 'test'
2026-09-23T16:37:34.1175979Z   ...
2026-09-23T16:37:34.1177046Z # Subtest: recovered collections reject duplicate identifiers, titles, members and excessive total memberships
2026-09-23T16:37:34.1178711Z ok 502 - recovered collections reject duplicate identifiers, titles, members and excessive total memberships
2026-09-23T16:37:34.1179666Z   ---
2026-09-23T16:37:34.1180704Z   duration_ms: 4.6363
2026-09-23T16:37:34.1181476Z   type: 'test'
2026-09-23T16:37:34.1181907Z   ...
2026-09-23T16:37:34.1182856Z # Subtest: content references remain canonical hashes and convey neither reader access nor authorship
2026-09-23T16:37:34.1184407Z ok 503 - content references remain canonical hashes and convey neither reader access nor authorship
2026-09-23T16:37:34.1185633Z   ---
2026-09-23T16:37:34.1185988Z   duration_ms: 14.5558
2026-09-23T16:37:34.1186375Z   type: 'test'
2026-09-23T16:37:34.1186658Z   ...
2026-09-23T16:37:34.1188004Z # Subtest: followed feed selects posts and alerts from followed authors without changing caller order or access
2026-09-23T16:37:34.1189590Z ok 504 - followed feed selects posts and alerts from followed authors without changing caller order or access
2026-09-23T16:37:34.1190486Z   ---
2026-09-23T16:37:34.1190818Z   duration_ms: 0.5924
2026-09-23T16:37:34.1191191Z   type: 'test'
2026-09-23T16:37:34.1191522Z   ...
2026-09-23T16:37:34.4177490Z # Subtest: authenticated historical decoding does not make expired content admissible or decryptable by another identity
2026-09-23T16:37:34.4179829Z ok 505 - authenticated historical decoding does not make expired content admissible or decryptable by another identity
2026-09-23T16:37:34.4180873Z   ---
2026-09-23T16:37:34.4181239Z   duration_ms: 25.6598
2026-09-23T16:37:34.4181586Z   type: 'test'
2026-09-23T16:37:34.4181923Z   ...
2026-09-23T16:37:34.4183767Z # Subtest: historical time extraction rejects accessors without invoking them
2026-09-23T16:37:34.4186606Z ok 506 - historical time extraction rejects accessors without invoking them
2026-09-23T16:37:34.4187582Z   ---
2026-09-23T16:37:34.4187923Z   duration_ms: 0.3812
2026-09-23T16:37:34.4188262Z   type: 'test'
2026-09-23T16:37:34.4188462Z   ...
2026-09-23T16:37:34.8511135Z # Subtest: new small-message arrivals cannot repeatedly take the bulk fairness turn
2026-09-23T16:37:34.8514215Z ok 507 - new small-message arrivals cannot repeatedly take the bulk fairness turn
2026-09-23T16:37:34.8514903Z   ---
2026-09-23T16:37:34.8515224Z   duration_ms: 54.591
2026-09-23T16:37:34.8515606Z   type: 'test'
2026-09-23T16:37:34.8515798Z   ...
2026-09-23T16:37:35.9635515Z # Subtest: packet-ID cancellation preserves an independent equal payload and a foreign-origin packet
2026-09-23T16:37:35.9640083Z ok 508 - packet-ID cancellation preserves an independent equal payload and a foreign-origin packet
2026-09-23T16:37:35.9641736Z   ---
2026-09-23T16:37:35.9642155Z   duration_ms: 723.8242
2026-09-23T16:37:35.9642626Z   type: 'test'
2026-09-23T16:37:35.9642958Z   ...
2026-09-23T16:37:35.9644618Z # Subtest: absolute local authorization deadline is bound into the Node packet ID
2026-09-23T16:37:35.9648353Z ok 509 - absolute local authorization deadline is bound into the Node packet ID
2026-09-23T16:37:35.9649303Z   ---
2026-09-23T16:37:35.9649644Z   duration_ms: 1.741
2026-09-23T16:37:35.9650007Z   type: 'test'
2026-09-23T16:37:35.9650266Z   ...
2026-09-23T16:37:36.6463516Z # Subtest: local cancellation removes an actual queued TCP transfer and its reconnect copy
2026-09-23T16:37:36.6465415Z ok 510 - local cancellation removes an actual queued TCP transfer and its reconnect copy
2026-09-23T16:37:36.6466527Z   ---
2026-09-23T16:37:36.6466849Z   duration_ms: 682.5508
2026-09-23T16:37:36.6467213Z   type: 'test'
2026-09-23T16:37:36.6467500Z   ...
2026-09-23T16:37:37.3242745Z # Subtest: local cancellation negative control delivers an actual queued TCP transfer and its reconnect copy
2026-09-23T16:37:37.3244961Z ok 511 - local cancellation negative control delivers an actual queued TCP transfer and its reconnect copy
2026-09-23T16:37:37.3245841Z   ---
2026-09-23T16:37:37.3246183Z   duration_ms: 677.7291
2026-09-23T16:37:37.3246545Z   type: 'test'
2026-09-23T16:37:37.3246820Z   ...
2026-09-23T16:37:37.8308969Z # Subtest: local cancellation leaves another origin's retained relay packet intact
2026-09-23T16:37:37.8310503Z ok 512 - local cancellation leaves another origin's retained relay packet intact
2026-09-23T16:37:37.8311293Z   ---
2026-09-23T16:37:37.8316204Z   duration_ms: 509.0991
2026-09-23T16:37:37.8316608Z   type: 'test'
2026-09-23T16:37:37.8317383Z   ...
2026-09-23T16:37:38.3244426Z # Subtest: TCP parser handles split/coalesced frames, rejects tamper and replays only once
2026-09-23T16:37:38.3246160Z ok 513 - TCP parser handles split/coalesced frames, rejects tamper and replays only once
2026-09-23T16:37:38.3246909Z   ---
2026-09-23T16:37:38.3247134Z   duration_ms: 89.0467
2026-09-23T16:37:38.3247806Z   type: 'test'
2026-09-23T16:37:38.3247993Z   ...
2026-09-23T16:37:38.3945509Z # Subtest: non-reading TCP duplicate flood coalesces and bounds control output
2026-09-23T16:37:38.3947047Z ok 514 - non-reading TCP duplicate flood coalesces and bounds control output
2026-09-23T16:37:38.3947931Z   ---
2026-09-23T16:37:38.3948446Z   duration_ms: 71.1101
2026-09-23T16:37:38.3948945Z   type: 'test'
2026-09-23T16:37:38.3949398Z   ...
2026-09-23T16:37:38.4345206Z # Subtest: TCP malformed frame and unfinished-line floods disconnect and release state
2026-09-23T16:37:38.4352164Z ok 515 - TCP malformed frame and unfinished-line floods disconnect and release state
2026-09-23T16:37:38.4353120Z   ---
2026-09-23T16:37:38.4353609Z   duration_ms: 38.7814
2026-09-23T16:37:38.4354128Z   type: 'test'
2026-09-23T16:37:38.4354564Z   ...
2026-09-23T16:37:38.6465459Z # Subtest: distinct TCP packets cannot grow the ACK queue or exceed its output rate
2026-09-23T16:37:38.6466740Z ok 516 - distinct TCP packets cannot grow the ACK queue or exceed its output rate
2026-09-23T16:37:38.6467508Z   ---
2026-09-23T16:37:38.6467872Z   duration_ms: 213.4858
2026-09-23T16:37:38.6468236Z   type: 'test'
2026-09-23T16:37:38.6468544Z   ...
2026-09-23T16:37:41.2130708Z # Subtest: TCP incomplete assemblies have count and aggregate memory bounds
2026-09-23T16:37:41.2131928Z ok 517 - TCP incomplete assemblies have count and aggregate memory bounds
2026-09-23T16:37:41.2132623Z   ---
2026-09-23T16:37:41.2132978Z   duration_ms: 2566.3995
2026-09-23T16:37:41.2133402Z   type: 'test'
2026-09-23T16:37:41.2133709Z   ...
2026-09-23T16:37:41.3634570Z # Subtest: expired packets, invalid TTLs and exhausted hop limits never relay
2026-09-23T16:37:41.3635952Z ok 518 - expired packets, invalid TTLs and exhausted hop limits never relay
2026-09-23T16:37:41.3636828Z   ---
2026-09-23T16:37:41.3637183Z   duration_ms: 149.5718
2026-09-23T16:37:41.3637558Z   type: 'test'
2026-09-23T16:37:41.3637853Z   ...
2026-09-23T16:37:41.8058500Z # Subtest: queued expiry and stopped sockets release bounded output under backpressure
2026-09-23T16:37:41.8065946Z ok 519 - queued expiry and stopped sockets release bounded output under backpressure
2026-09-23T16:37:41.8066766Z   ---
2026-09-23T16:37:41.8067509Z   duration_ms: 442.7403
2026-09-23T16:37:41.8068587Z   type: 'test'
2026-09-23T16:37:41.8068933Z   ...
2026-09-23T16:37:45.9236069Z # Subtest: partial TCP loss retries exact bytes and missing ACK retries without duplicate delivery
2026-09-23T16:37:45.9238101Z ok 520 - partial TCP loss retries exact bytes and missing ACK retries without duplicate delivery
2026-09-23T16:37:45.9238890Z   ---
2026-09-23T16:37:45.9239215Z   duration_ms: 4117.658
2026-09-23T16:37:45.9239589Z   type: 'test'
2026-09-23T16:37:45.9239912Z   ...
2026-09-23T16:37:47.0409003Z # Subtest: TCP reconnect delivers a partial transfer and packets created during the partition
2026-09-23T16:37:47.0410782Z ok 521 - TCP reconnect delivers a partial transfer and packets created during the partition
2026-09-23T16:37:47.0411278Z   ---
2026-09-23T16:37:47.0411492Z   duration_ms: 1116.871
2026-09-23T16:37:47.0411724Z   type: 'test'
2026-09-23T16:37:47.0411916Z   ...
2026-09-23T16:37:47.2166567Z # Subtest: turning relay off cancels queued forwarded fragments and keeps local SOS available
2026-09-23T16:37:47.2167953Z ok 522 - turning relay off cancels queued forwarded fragments and keeps local SOS available
2026-09-23T16:37:47.2168521Z   ---
2026-09-23T16:37:47.2168737Z   duration_ms: 176.0705
2026-09-23T16:37:47.2168968Z   type: 'test'
2026-09-23T16:37:47.2169155Z   ...
2026-09-23T16:37:47.4557311Z ##[error]The operation was canceled.
2026-09-23T16:37:47.6392468Z ##[group]Run actions/upload-artifact@v4
2026-09-23T16:37:47.6393014Z with:
2026-09-23T16:37:47.6393331Z   name: evidence-windows-latest
2026-09-23T16:37:47.6394228Z   path: docs/evidence
test-results
.cache/fixture-http-failures/*.json
.cache/web-invitation

2026-09-23T16:37:47.6395034Z   retention-days: 7
2026-09-23T16:37:47.6395644Z   if-no-files-found: warn
2026-09-23T16:37:47.6396011Z   compression-level: 6
2026-09-23T16:37:47.6396345Z   overwrite: false
2026-09-23T16:37:47.6396671Z   include-hidden-files: false
2026-09-23T16:37:47.6397051Z ##[endgroup]
2026-09-23T16:37:48.1257392Z (node:1456) [DEP0040] DeprecationWarning: The `punycode` module is deprecated. Please use a userland alternative instead.
2026-09-23T16:37:48.1258419Z (Use `node --trace-deprecation ...` to show where the warning was created)
2026-09-23T16:37:49.5789888Z Multiple search paths detected. Calculating the least common ancestor of all paths
2026-09-23T16:37:49.5793961Z The least common ancestor is D:\a\relayloom\relayloom. This will be the root directory of the artifact
2026-09-23T16:37:49.5794839Z With the provided path, there will be 4570 files uploaded
2026-09-23T16:37:49.5801097Z Artifact name is valid!
2026-09-23T16:37:49.5803577Z Root directory input is valid!
2026-09-23T16:37:49.8745818Z Beginning upload of artifact content to blob storage
2026-09-23T16:37:50.5382704Z (node:1456) [DEP0169] DeprecationWarning: `url.parse()` behavior is not standardized and prone to errors that have security implications. Use the WHATWG URL API instead. CVEs are not issued for `url.parse()` vulnerabilities.
2026-09-23T16:37:50.7389225Z Uploaded bytes 8388608
2026-09-23T16:37:51.0798393Z Uploaded bytes 16777216
2026-09-23T16:37:51.4583655Z Uploaded bytes 25165824
2026-09-23T16:37:51.9879030Z Uploaded bytes 33554432
2026-09-23T16:37:52.5760489Z Uploaded bytes 41943040
2026-09-23T16:37:53.0023476Z Uploaded bytes 50331648
2026-09-23T16:37:53.3289758Z Uploaded bytes 58720256
2026-09-23T16:37:53.8624476Z Uploaded bytes 67108864
2026-09-23T16:37:54.3538803Z Uploaded bytes 75497472
2026-09-23T16:37:54.8000071Z Uploaded bytes 83886080
2026-09-23T16:37:55.1828873Z Uploaded bytes 92274688
2026-09-23T16:37:55.7619486Z Uploaded bytes 100663296
2026-09-23T16:37:56.5545353Z Uploaded bytes 109051904
2026-09-23T16:37:56.8765752Z Uploaded bytes 117440512
2026-09-23T16:37:57.2157351Z Uploaded bytes 125829120
2026-09-23T16:37:57.6424687Z Uploaded bytes 134217728
2026-09-23T16:37:58.0819911Z Uploaded bytes 142606336
2026-09-23T16:37:58.5175293Z Uploaded bytes 150994944
2026-09-23T16:37:58.5796309Z Uploaded bytes 152055143
2026-09-23T16:37:58.6007184Z Finished uploading artifact content to blob storage!
2026-09-23T16:37:58.6011866Z SHA256 digest of uploaded artifact zip is a3496fa39a1bd8a71ec13ef0d061e841d8799fe3f8c735e32367361b45d938c7
2026-09-23T16:37:58.6014398Z Finalizing artifact upload
2026-09-23T16:37:58.8174793Z Artifact evidence-windows-latest.zip successfully finalized. Artifact ID 10764492193
2026-09-23T16:37:58.8177142Z Artifact evidence-windows-latest has been successfully uploaded! Final size is 152055143 bytes. Artifact ID is 10764492193
2026-09-23T16:37:58.8191524Z Artifact download URL: https://github.com/JohnnyPBelo/relayloom/actions/runs/35888318827/artifacts/10764492193
2026-09-23T16:37:59.0291603Z Post job cleanup.
2026-09-23T16:37:59.4813451Z [command]"C:\Program Files\Git\bin\git.exe" version
2026-09-23T16:37:59.5101678Z git version 2.55.0.windows.5
2026-09-23T16:37:59.5165815Z Temporarily overriding HOME='D:\a\_temp\6b7d1da2-3c23-44f2-9d8d-08994d7baab5' before making global git config changes
2026-09-23T16:37:59.5167260Z Adding repository directory to the temporary git global config as a safe directory
2026-09-23T16:37:59.5175921Z [command]"C:\Program Files\Git\bin\git.exe" config --global --add safe.directory D:\a\relayloom\relayloom
2026-09-23T16:37:59.5497795Z [command]"C:\Program Files\Git\bin\git.exe" config --local --name-only --get-regexp core\.sshCommand
2026-09-23T16:37:59.5816185Z [command]"C:\Program Files\Git\bin\git.exe" submodule foreach --recursive "sh -c \"git config --local --name-only --get-regexp 'core\.sshCommand' && git config --local --unset-all 'core.sshCommand' || :\""
2026-09-23T16:38:00.1322059Z [command]"C:\Program Files\Git\bin\git.exe" config --local --name-only --get-regexp http\.https\:\/\/github\.com\/\.extraheader
2026-09-23T16:38:00.1594855Z http.https://github.com/.extraheader
2026-09-23T16:38:00.1639522Z [command]"C:\Program Files\Git\bin\git.exe" config --local --unset-all http.https://github.com/.extraheader
2026-09-23T16:38:00.1960335Z [command]"C:\Program Files\Git\bin\git.exe" submodule foreach --recursive "sh -c \"git config --local --name-only --get-regexp 'http\.https\:\/\/github\.com\/\.extraheader' && git config --local --unset-all 'http.https://github.com/.extraheader' || :\""
2026-09-23T16:38:00.7365727Z [command]"C:\Program Files\Git\bin\git.exe" config --local --name-only --get-regexp ^includeIf\.gitdir:
2026-09-23T16:38:00.7669361Z [command]"C:\Program Files\Git\bin\git.exe" submodule foreach --recursive "git config --local --show-origin --name-only --get-regexp remote.origin.url"
2026-09-23T16:38:01.3520925Z Cleaning up orphan processes
2026-09-23T16:38:01.3669376Z ##[warning]Node.js 20 is deprecated. The following actions target Node.js 20 but are being forced to run on Node.js 24: actions/checkout@v4, actions/setup-go@v5, actions/setup-node@v4, actions/upload-artifact@v4. For more information see: https://github.blog/changelog/2025-09-19-deprecation-of-node-20-on-github-actions-runners/
