2026-09-22T16:21:48.9340342Z Current runner version: '2.337.0'
2026-09-22T16:21:48.9366882Z ##[group]Runner Image Provisioner
2026-09-22T16:21:48.9367801Z Hosted Compute Agent
2026-09-22T16:21:48.9368405Z Version: 20260828.587
2026-09-22T16:21:48.9369028Z Commit: abac92662cab4cc7352de4f9f9d2e2419aad9c29
2026-09-22T16:21:48.9369899Z Build Date: 2026-08-28T16:44:25Z
2026-09-22T16:21:48.9370584Z Worker ID: {5ab14c01-717a-4df3-91e6-502d93565dee}
2026-09-22T16:21:48.9371598Z Azure Region: eastus
2026-09-22T16:21:48.9372200Z ##[endgroup]
2026-09-22T16:21:48.9373677Z ##[group]Operating System
2026-09-22T16:21:48.9374405Z Ubuntu
2026-09-22T16:21:48.9374967Z 24.04.5
2026-09-22T16:21:48.9375508Z LTS
2026-09-22T16:21:48.9376040Z ##[endgroup]
2026-09-22T16:21:48.9376593Z ##[group]Runner Image
2026-09-22T16:21:48.9377293Z Image: ubuntu-24.04
2026-09-22T16:21:48.9377861Z Version: 20260907.300.1
2026-09-22T16:21:48.9379204Z Included Software: https://github.com/actions/runner-images/blob/ubuntu24/20260907.300/images/ubuntu/Ubuntu2404-Readme.md
2026-09-22T16:21:48.9380745Z Image Release: https://github.com/actions/runner-images/releases/tag/ubuntu24%2F20260907.300
2026-09-22T16:21:48.9382271Z ##[endgroup]
2026-09-22T16:21:48.9383381Z ##[group]GITHUB_TOKEN Permissions
2026-09-22T16:21:48.9385660Z Contents: read
2026-09-22T16:21:48.9386273Z Metadata: read
2026-09-22T16:21:48.9386929Z ##[endgroup]
2026-09-22T16:21:48.9389656Z Secret source: Actions
2026-09-22T16:21:48.9390721Z Cache mode: write
2026-09-22T16:21:48.9391926Z Prepare workflow directory
2026-09-22T16:21:48.9738952Z Prepare all required actions
2026-09-22T16:21:48.9788449Z Getting action download info
2026-09-22T16:21:49.2344420Z Download action repository 'actions/checkout@v4' (SHA:11d5960a326750d5838078e36cf38b85af677262)
2026-09-22T16:21:49.3440667Z Download action repository 'actions/setup-node@v4' (SHA:49933ea5288caeca8642d1e84afbd3f7d6820020)
2026-09-22T16:21:49.4336579Z Download action repository 'actions/setup-go@v5' (SHA:40f1582b2485089dde7abd97c1529aa768e1baff)
2026-09-22T16:21:49.6263028Z Download action repository 'actions/upload-artifact@v4' (SHA:ea165f8d65b6e75b540449e92b4886f43607fa02)
2026-09-22T16:21:49.8502480Z Complete job name: native-node (ubuntu-latest)
2026-09-22T16:21:49.9284282Z Node 20 is being deprecated. This workflow is running with Node 24 by default. If you need to temporarily use Node 20, you can set the ACTIONS_ALLOW_USE_UNSECURE_NODE_VERSION=true environment variable. For more information see: https://github.blog/changelog/2025-09-19-deprecation-of-node-20-on-github-actions-runners/
2026-09-22T16:21:49.9293440Z ##[group]Run actions/checkout@v4
2026-09-22T16:21:49.9294191Z with:
2026-09-22T16:21:49.9294646Z   repository: JohnnyPBelo/relayloom
2026-09-22T16:21:49.9298375Z   token: ***
2026-09-22T16:21:49.9298811Z   ssh-strict: true
2026-09-22T16:21:49.9299258Z   ssh-user: git
2026-09-22T16:21:49.9299703Z   persist-credentials: true
2026-09-22T16:21:49.9300197Z   clean: true
2026-09-22T16:21:49.9300646Z   sparse-checkout-cone-mode: true
2026-09-22T16:21:49.9301526Z   fetch-depth: 1
2026-09-22T16:21:49.9302050Z   fetch-tags: false
2026-09-22T16:21:49.9302506Z   show-progress: true
2026-09-22T16:21:49.9302954Z   lfs: false
2026-09-22T16:21:49.9303396Z   submodules: false
2026-09-22T16:21:49.9303882Z   set-safe-directory: true
2026-09-22T16:21:49.9304395Z   allow-unsafe-pr-checkout: false
2026-09-22T16:21:49.9305225Z ##[endgroup]
2026-09-22T16:21:50.0427366Z Syncing repository: JohnnyPBelo/relayloom
2026-09-22T16:21:50.0429376Z ##[group]Getting Git version info
2026-09-22T16:21:50.0430148Z Working directory is '/home/runner/work/relayloom/relayloom'
2026-09-22T16:21:50.0431593Z [command]/usr/bin/git version
2026-09-22T16:21:50.0551990Z git version 2.55.0
2026-09-22T16:21:50.0607125Z ##[endgroup]
2026-09-22T16:21:50.0624780Z Temporarily overriding HOME='/home/runner/work/_temp/ca66da6a-0966-4a6a-b306-0280d0960efa' before making global git config changes
2026-09-22T16:21:50.0627403Z Adding repository directory to the temporary git global config as a safe directory
2026-09-22T16:21:50.0630690Z [command]/usr/bin/git config --global --add safe.directory /home/runner/work/relayloom/relayloom
2026-09-22T16:21:50.0687257Z Deleting the contents of '/home/runner/work/relayloom/relayloom'
2026-09-22T16:21:50.0692568Z ##[group]Initializing the repository
2026-09-22T16:21:50.0698198Z [command]/usr/bin/git init /home/runner/work/relayloom/relayloom
2026-09-22T16:21:50.0846701Z hint: Using 'master' as the name for the initial branch. This default branch name
2026-09-22T16:21:50.0848657Z hint: will change to "main" in Git 3.0. To configure the initial branch name
2026-09-22T16:21:50.0852075Z hint: to use in all of your new repositories, which will suppress this warning,
2026-09-22T16:21:50.0853850Z hint: call:
2026-09-22T16:21:50.0854721Z hint:
2026-09-22T16:21:50.0855858Z hint: 	git config --global init.defaultBranch <name>
2026-09-22T16:21:50.0858411Z hint:
2026-09-22T16:21:50.0859579Z hint: Names commonly chosen instead of 'master' are 'main', 'trunk' and
2026-09-22T16:21:50.0861549Z hint: 'development'. The just-created branch can be renamed via this command:
2026-09-22T16:21:50.0864185Z hint:
2026-09-22T16:21:50.0865175Z hint: 	git branch -m <name>
2026-09-22T16:21:50.0866158Z hint:
2026-09-22T16:21:50.0867368Z hint: Disable this message with "git config set advice.defaultBranchName false"
2026-09-22T16:21:50.0869746Z Initialized empty Git repository in /home/runner/work/relayloom/relayloom/.git/
2026-09-22T16:21:50.0873390Z [command]/usr/bin/git remote add origin https://github.com/JohnnyPBelo/relayloom
2026-09-22T16:21:50.0917782Z ##[endgroup]
2026-09-22T16:21:50.0919143Z ##[group]Disabling automatic garbage collection
2026-09-22T16:21:50.0922573Z [command]/usr/bin/git config --local gc.auto 0
2026-09-22T16:21:50.0956334Z ##[endgroup]
2026-09-22T16:21:50.0957692Z ##[group]Setting up auth
2026-09-22T16:21:50.0966415Z [command]/usr/bin/git config --local --name-only --get-regexp core\.sshCommand
2026-09-22T16:21:50.1003435Z [command]/usr/bin/git submodule foreach --recursive sh -c "git config --local --name-only --get-regexp 'core\.sshCommand' && git config --local --unset-all 'core.sshCommand' || :"
2026-09-22T16:21:50.1414738Z [command]/usr/bin/git config --local --name-only --get-regexp http\.https\:\/\/github\.com\/\.extraheader
2026-09-22T16:21:50.1453449Z [command]/usr/bin/git submodule foreach --recursive sh -c "git config --local --name-only --get-regexp 'http\.https\:\/\/github\.com\/\.extraheader' && git config --local --unset-all 'http.https://github.com/.extraheader' || :"
2026-09-22T16:21:50.1678617Z [command]/usr/bin/git config --local --name-only --get-regexp ^includeIf\.gitdir:
2026-09-22T16:21:50.1715951Z [command]/usr/bin/git submodule foreach --recursive git config --local --show-origin --name-only --get-regexp remote.origin.url
2026-09-22T16:21:50.1937622Z [command]/usr/bin/git config --local http.https://github.com/.extraheader AUTHORIZATION: basic ***
2026-09-22T16:21:50.1976763Z ##[endgroup]
2026-09-22T16:21:50.1986367Z ##[group]Fetching the repository
2026-09-22T16:21:50.1988231Z [command]/usr/bin/git -c protocol.version=2 fetch --no-tags --prune --no-recurse-submodules --depth=1 origin +2948284c8795d2504234ea7433a12333e298ecc7:refs/remotes/origin/codex/site-optional-resources
2026-09-22T16:21:55.2899523Z From https://github.com/JohnnyPBelo/relayloom
2026-09-22T16:21:55.2906284Z  * [new ref]         2948284c8795d2504234ea7433a12333e298ecc7 -> origin/codex/site-optional-resources
2026-09-22T16:21:55.2910322Z ##[endgroup]
2026-09-22T16:21:55.2912193Z ##[group]Determining the checkout info
2026-09-22T16:21:55.2914279Z ##[endgroup]
2026-09-22T16:21:55.2915339Z [command]/usr/bin/git sparse-checkout disable
2026-09-22T16:21:55.3038470Z [command]/usr/bin/git config --local --unset-all extensions.worktreeConfig
2026-09-22T16:21:55.3044955Z ##[group]Checking out the ref
2026-09-22T16:21:55.3048849Z [command]/usr/bin/git checkout --progress --force -B codex/site-optional-resources refs/remotes/origin/codex/site-optional-resources
2026-09-22T16:21:56.0978548Z Switched to a new branch 'codex/site-optional-resources'
2026-09-22T16:21:56.0984980Z branch 'codex/site-optional-resources' set up to track 'origin/codex/site-optional-resources'.
2026-09-22T16:21:56.1034249Z ##[endgroup]
2026-09-22T16:21:56.1086652Z [command]/usr/bin/git log -1 --format=%H
2026-09-22T16:21:56.1122436Z 2948284c8795d2504234ea7433a12333e298ecc7
2026-09-22T16:21:56.1436796Z Node 20 is being deprecated. This workflow is running with Node 24 by default. If you need to temporarily use Node 20, you can set the ACTIONS_ALLOW_USE_UNSECURE_NODE_VERSION=true environment variable. For more information see: https://github.blog/changelog/2025-09-19-deprecation-of-node-20-on-github-actions-runners/
2026-09-22T16:21:56.1438772Z ##[group]Run actions/setup-node@v4
2026-09-22T16:21:56.1439119Z with:
2026-09-22T16:21:56.1439399Z   node-version: 22
2026-09-22T16:21:56.1439693Z   cache: npm
2026-09-22T16:21:56.1439981Z   always-auth: false
2026-09-22T16:21:56.1440283Z   check-latest: false
2026-09-22T16:21:56.1443136Z   token: ***
2026-09-22T16:21:56.1443459Z ##[endgroup]
2026-09-22T16:21:56.2867448Z Found in cache @ /opt/hostedtoolcache/node/22.23.2/x64
2026-09-22T16:21:56.2870884Z (node:2182) [DEP0040] DeprecationWarning: The `punycode` module is deprecated. Please use a userland alternative instead.
2026-09-22T16:21:56.2872427Z (Use `node --trace-deprecation ...` to show where the warning was created)
2026-09-22T16:21:56.2874437Z ##[group]Environment details
2026-09-22T16:21:56.7272544Z node: v22.23.2
2026-09-22T16:21:56.7273130Z npm: 10.9.8
2026-09-22T16:21:56.7274481Z yarn: 1.22.22
2026-09-22T16:21:56.7276363Z ##[endgroup]
2026-09-22T16:21:56.7322159Z [command]/opt/hostedtoolcache/node/22.23.2/x64/bin/npm config get cache
2026-09-22T16:21:56.8452042Z /home/runner/work/relayloom/relayloom/.cache/npm
2026-09-22T16:21:56.9265738Z Cache hit for: node-cache-Linux-x64-npm-88240ea3fcc36a07b38e92f18a1559354497a7dfa2763e229b5dd5d5943af76a
2026-09-22T16:21:56.9373655Z (node:2182) [DEP0169] DeprecationWarning: `url.parse()` behavior is not standardized and prone to errors that have security implications. Use the WHATWG URL API instead. CVEs are not issued for `url.parse()` vulnerabilities.
2026-09-22T16:21:57.3697689Z Received 53569471 of 53569471 (100.0%), 130.3 MBs/sec
2026-09-22T16:21:57.3699013Z Cache Size: ~51 MB (53569471 B)
2026-09-22T16:21:57.3729425Z [command]/usr/bin/tar -xf /home/runner/work/_temp/6e936d19-f038-4fd3-a81f-704fe4b67547/cache.tzst -P -C /home/runner/work/relayloom/relayloom --use-compress-program unzstd
2026-09-22T16:21:57.5269151Z Cache restored successfully
2026-09-22T16:21:57.5295684Z Cache restored from key: node-cache-Linux-x64-npm-88240ea3fcc36a07b38e92f18a1559354497a7dfa2763e229b5dd5d5943af76a
2026-09-22T16:21:57.5530720Z Node 20 is being deprecated. This workflow is running with Node 24 by default. If you need to temporarily use Node 20, you can set the ACTIONS_ALLOW_USE_UNSECURE_NODE_VERSION=true environment variable. For more information see: https://github.blog/changelog/2025-09-19-deprecation-of-node-20-on-github-actions-runners/
2026-09-22T16:21:57.5532371Z ##[group]Run actions/setup-go@v5
2026-09-22T16:21:57.5532649Z with:
2026-09-22T16:21:57.5532848Z   go-version: 1.26.8
2026-09-22T16:21:57.5533066Z   cache: false
2026-09-22T16:21:57.5533278Z   check-latest: false
2026-09-22T16:21:57.5535891Z   token: ***
2026-09-22T16:21:57.5536116Z ##[endgroup]
2026-09-22T16:21:57.6843124Z Setup go version spec 1.26.8
2026-09-22T16:21:57.6857399Z Found in cache @ /opt/hostedtoolcache/go/1.26.8/x64
2026-09-22T16:21:57.6859309Z (node:2230) [DEP0040] DeprecationWarning: The `punycode` module is deprecated. Please use a userland alternative instead.
2026-09-22T16:21:57.6860718Z (Use `node --trace-deprecation ...` to show where the warning was created)
2026-09-22T16:21:57.6862308Z Added go to the path
2026-09-22T16:21:57.6866377Z Successfully set up Go version 1.26.8
2026-09-22T16:21:58.3167298Z go version go1.26.8 linux/amd64
2026-09-22T16:21:58.3167723Z 
2026-09-22T16:21:58.3169193Z ##[group]go env
2026-09-22T16:21:58.4710985Z AR='ar'
2026-09-22T16:21:58.4712135Z CC='gcc'
2026-09-22T16:21:58.4712551Z CGO_CFLAGS='-O2 -g'
2026-09-22T16:21:58.4713008Z CGO_CPPFLAGS=''
2026-09-22T16:21:58.4713511Z CGO_CXXFLAGS='-O2 -g'
2026-09-22T16:21:58.4713961Z CGO_ENABLED='1'
2026-09-22T16:21:58.4714362Z CGO_FFLAGS='-O2 -g'
2026-09-22T16:21:58.4714820Z CGO_LDFLAGS='-O2 -g'
2026-09-22T16:21:58.4715226Z CXX='g++'
2026-09-22T16:21:58.4715634Z GCCGO='gccgo'
2026-09-22T16:21:58.4716044Z GO111MODULE=''
2026-09-22T16:21:58.4716518Z GOAMD64='v1'
2026-09-22T16:21:58.4716971Z GOARCH='amd64'
2026-09-22T16:21:58.4717370Z GOAUTH='netrc'
2026-09-22T16:21:58.4717724Z GOBIN=''
2026-09-22T16:21:58.4718274Z GOCACHE='/home/runner/.cache/go-build'
2026-09-22T16:21:58.4718921Z GOCACHEPROG=''
2026-09-22T16:21:58.4719335Z GODEBUG=''
2026-09-22T16:21:58.4719831Z GOENV='/home/runner/.config/go/env'
2026-09-22T16:21:58.4720278Z GOEXE=''
2026-09-22T16:21:58.4720618Z GOEXPERIMENT=''
2026-09-22T16:21:58.4721298Z GOFIPS140='off'
2026-09-22T16:21:58.4721789Z GOFLAGS=''
2026-09-22T16:21:58.4723523Z GOGCCFLAGS='-fPIC -m64 -pthread -Wl,--no-gc-sections -fmessage-length=0 -ffile-prefix-map=/tmp/go-build804435798=/tmp/go-build -gno-record-gcc-switches'
2026-09-22T16:21:58.4724918Z GOHOSTARCH='amd64'
2026-09-22T16:21:58.4725361Z GOHOSTOS='linux'
2026-09-22T16:21:58.4725849Z GOINSECURE=''
2026-09-22T16:21:58.4726283Z GOMOD='/dev/null'
2026-09-22T16:21:58.4726856Z GOMODCACHE='/home/runner/go/pkg/mod'
2026-09-22T16:21:58.4727395Z GONOPROXY=''
2026-09-22T16:21:58.4727817Z GONOSUMDB=''
2026-09-22T16:21:58.4728219Z GOOS='linux'
2026-09-22T16:21:58.4728647Z GOPATH='/home/runner/go'
2026-09-22T16:21:58.4729060Z GOPRIVATE=''
2026-09-22T16:21:58.4729669Z GOPROXY='https://proxy.golang.org,direct'
2026-09-22T16:21:58.4730458Z GOROOT='/opt/hostedtoolcache/go/1.26.8/x64'
2026-09-22T16:21:58.4731305Z GOSUMDB='sum.golang.org'
2026-09-22T16:21:58.4731844Z GOTELEMETRY='local'
2026-09-22T16:21:58.4732520Z GOTELEMETRYDIR='/home/runner/.config/go/telemetry'
2026-09-22T16:21:58.4733141Z GOTMPDIR=''
2026-09-22T16:21:58.4733581Z GOTOOLCHAIN='auto'
2026-09-22T16:21:58.4734410Z GOTOOLDIR='/opt/hostedtoolcache/go/1.26.8/x64/pkg/tool/linux_amd64'
2026-09-22T16:21:58.4735208Z GOVCS=''
2026-09-22T16:21:58.4735640Z GOVERSION='go1.26.8'
2026-09-22T16:21:58.4736075Z GOWORK=''
2026-09-22T16:21:58.4736543Z PKG_CONFIG='pkg-config'
2026-09-22T16:21:58.4736843Z 
2026-09-22T16:21:58.4737356Z ##[endgroup]
2026-09-22T16:21:58.4843415Z ##[group]Run npm ci --ignore-scripts
2026-09-22T16:21:58.4843822Z [36;1mnpm ci --ignore-scripts[0m
2026-09-22T16:21:58.4895004Z shell: /usr/bin/bash -e {0}
2026-09-22T16:21:58.4895295Z ##[endgroup]
2026-09-22T16:22:00.6625559Z npm warn deprecated inflight@1.0.6: This module is not supported, and leaks memory. Do not use it. Check out lru-cache if you want a good and tested way to coalesce async requests by a key value, which is much more comprehensive and powerful.
2026-09-22T16:22:00.7027515Z npm warn deprecated rimraf@2.6.3: Rimraf versions prior to v4 are no longer supported
2026-09-22T16:22:00.8000358Z npm warn deprecated glob@7.2.3: Old versions of glob are not supported, and contain widely publicized security vulnerabilities, which have been fixed in the current version. Please update. Support for old versions may be purchased (at exorbitant rates) by contacting i@izs.me
2026-09-22T16:22:01.0892220Z npm warn deprecated boolean@3.2.0: Package no longer supported. Contact Support at https://www.npmjs.com/support for more info.
2026-09-22T16:22:03.8657318Z 
2026-09-22T16:22:03.8658069Z added 463 packages in 5s
2026-09-22T16:22:03.9315179Z ##[group]Run npm run build
2026-09-22T16:22:03.9315496Z [36;1mnpm run build[0m
2026-09-22T16:22:03.9353759Z shell: /usr/bin/bash -e {0}
2026-09-22T16:22:03.9354178Z ##[endgroup]
2026-09-22T16:22:04.0403395Z 
2026-09-22T16:22:04.0404035Z > relayloom@0.1.0 build
2026-09-22T16:22:04.0404578Z > tsc --noEmit && vite build
2026-09-22T16:22:04.0404829Z 
2026-09-22T16:22:15.3874342Z [36mvite v7.3.6 [32mbuilding client environment for production...[36m[39m
2026-09-22T16:22:15.4843805Z transforming...
2026-09-22T16:22:18.9340099Z [32m✓[39m 1845 modules transformed.
2026-09-22T16:22:19.0982132Z rendering chunks...
2026-09-22T16:22:19.2407603Z computing gzip size...
2026-09-22T16:22:19.2586732Z [2m../../dist/web/[22m[2massets/[22m[32mmanifest-BWKlX33v.webmanifest       [39m[1m[2m  0.32 kB[22m[1m[22m
2026-09-22T16:22:19.2588476Z [2m../../dist/web/[22m[32mindex.html                                 [39m[1m[2m  0.81 kB[22m[1m[22m[2m │ gzip:   0.40 kB[22m
2026-09-22T16:22:19.2590279Z [2m../../dist/web/[22m[32mbrowser/index.html                         [39m[1m[2m  1.17 kB[22m[1m[22m[2m │ gzip:   0.58 kB[22m
2026-09-22T16:22:19.2592052Z [2m../../dist/web/[22m[32mbrowser/worker-Ca2cLiA3.js                 [39m[1m[2m204.49 kB[22m[1m[22m
2026-09-22T16:22:19.2593478Z [2m../../dist/web/[22m[2massets/[22m[35meditor-TdZUp6iQ.css                 [39m[1m[2m  2.66 kB[22m[1m[22m[2m │ gzip:   0.85 kB[22m
2026-09-22T16:22:19.2594612Z [2m../../dist/web/[22m[2massets/[22m[35mmain-DEi_Xkk3.css                   [39m[1m[2m 13.87 kB[22m[1m[22m[2m │ gzip:   3.10 kB[22m
2026-09-22T16:22:19.2596264Z [2m../../dist/web/[22m[2massets/[22m[35mhistory-DpTwHcHw.css                [39m[1m[2m 25.68 kB[22m[1m[22m[2m │ gzip:   5.44 kB[22m
2026-09-22T16:22:19.2597402Z [2m../../dist/web/[22m[2massets/[22m[35mpeers-CBwbv1q3.css                  [39m[1m[2m 61.71 kB[22m[1m[22m[2m │ gzip:  12.98 kB[22m
2026-09-22T16:22:19.2598556Z [2m../../dist/web/[22m[2massets/[22m[36mmodulepreload-polyfill-B5Qt9EMX.js  [39m[1m[2m  0.71 kB[22m[1m[22m[2m │ gzip:   0.40 kB[22m
2026-09-22T16:22:19.2599692Z [2m../../dist/web/[22m[2massets/[22m[36mvisit-DRYAygji.js                   [39m[1m[2m  3.59 kB[22m[1m[22m[2m │ gzip:   1.62 kB[22m
2026-09-22T16:22:19.2600783Z [2m../../dist/web/[22m[2massets/[22m[36meditor-Da0xb7_n.js                  [39m[1m[2m 62.39 kB[22m[1m[22m[2m │ gzip:  19.12 kB[22m
2026-09-22T16:22:19.2602388Z [2m../../dist/web/[22m[2massets/[22m[36mbrowser-D1Zj_2EH.js                 [39m[1m[2m 69.78 kB[22m[1m[22m[2m │ gzip:  23.66 kB[22m
2026-09-22T16:22:19.2603754Z [2m../../dist/web/[22m[2massets/[22m[36mhistory-DuAfTwGr.js                 [39m[1m[2m143.89 kB[22m[1m[22m[2m │ gzip:  45.68 kB[22m
2026-09-22T16:22:19.2604846Z [2m../../dist/web/[22m[2massets/[22m[36mmain-CNAA77oL.js                    [39m[1m[2m149.20 kB[22m[1m[22m[2m │ gzip:  45.75 kB[22m
2026-09-22T16:22:19.2605915Z [2m../../dist/web/[22m[2massets/[22m[36mpeers-D1H6wmgT.js                   [39m[1m[2m412.67 kB[22m[1m[22m[2m │ gzip: 132.80 kB[22m
2026-09-22T16:22:19.2606594Z [32m✓ built in 3.84s[39m
2026-09-22T16:22:19.3194359Z ##[group]Run npm run native:build
2026-09-22T16:22:19.3194721Z [36;1mnpm run native:build[0m
2026-09-22T16:22:19.3232536Z shell: /usr/bin/bash -e {0}
2026-09-22T16:22:19.3232812Z ##[endgroup]
2026-09-22T16:22:19.4233790Z 
2026-09-22T16:22:19.4234532Z > relayloom@0.1.0 native:build
2026-09-22T16:22:19.4235503Z > node scripts/native-build.mjs
2026-09-22T16:22:19.4235792Z 
2026-09-22T16:22:19.8415830Z go: downloading golang.org/x/text v0.42.0
2026-09-22T16:22:21.0821415Z go: downloading golang.org/x/crypto v0.57.0
2026-09-22T16:22:21.5615685Z go: downloading github.com/coder/websocket v1.8.15
2026-09-22T16:22:22.3138367Z go: downloading modernc.org/sqlite v1.58.0
2026-09-22T16:22:23.6879296Z go: downloading golang.org/x/sys v0.48.0
2026-09-22T16:22:23.6882260Z go: downloading modernc.org/libc v1.75.6
2026-09-22T16:22:25.0283952Z go: downloading modernc.org/memory v1.12.1
2026-09-22T16:22:25.0284792Z go: downloading github.com/dustin/go-humanize v1.0.1
2026-09-22T16:22:25.0285497Z go: downloading github.com/google/uuid v1.6.0
2026-09-22T16:22:25.0285930Z go: downloading modernc.org/mathutil v1.7.1
2026-09-22T16:22:25.0516922Z go: downloading github.com/remyoudompheng/bigfft v0.0.0-20230129092748-24d4a6f8daec
2026-09-22T16:22:52.0168815Z Native app CLI built in project cache.
2026-09-22T16:22:52.0288347Z ##[group]Run npm test
2026-09-22T16:22:52.0288651Z [36;1mnpm test[0m
2026-09-22T16:22:52.0326149Z shell: /usr/bin/bash -e {0}
2026-09-22T16:22:52.0326437Z ##[endgroup]
2026-09-22T16:22:52.1367682Z 
2026-09-22T16:22:52.1368107Z > relayloom@0.1.0 test
2026-09-22T16:22:52.1368663Z > tsx --test --test-concurrency=1 tests/*.test.ts
2026-09-22T16:22:52.1369018Z 
2026-09-22T16:22:52.2614763Z TAP version 13
2026-09-22T16:22:52.4517886Z # Subtest: Node bundle creation derives expiry from one clock observation even when the clock advances between reads
2026-09-22T16:22:52.4524446Z ok 1 - Node bundle creation derives expiry from one clock observation even when the clock advances between reads
2026-09-22T16:22:52.4525074Z   ---
2026-09-22T16:22:52.4525351Z   duration_ms: 9.451773
2026-09-22T16:22:52.4525616Z   type: 'test'
2026-09-22T16:22:52.4525890Z   ...
2026-09-22T16:22:52.7551910Z # Subtest: automatic reservations survive restart and count pressure without becoming manual pins
2026-09-22T16:22:52.7555289Z ok 2 - automatic reservations survive restart and count pressure without becoming manual pins
2026-09-22T16:22:52.7564488Z   ---
2026-09-22T16:22:52.7564947Z   duration_ms: 31.827376
2026-09-22T16:22:52.7565420Z   type: 'test'
2026-09-22T16:22:52.7565797Z   ...
2026-09-22T16:22:52.7566801Z # Subtest: byte quota refusal is atomic with a reserved payload and preserves unrelated stored bytes
2026-09-22T16:22:52.7568278Z ok 3 - byte quota refusal is atomic with a reserved payload and preserves unrelated stored bytes
2026-09-22T16:22:52.7569127Z   ---
2026-09-22T16:22:52.7569550Z   duration_ms: 44.925891
2026-09-22T16:22:52.7570015Z   type: 'test'
2026-09-22T16:22:52.7570362Z   ...
2026-09-22T16:22:52.7571457Z # Subtest: reservation does not extend signed expiry
2026-09-22T16:22:52.7572300Z ok 4 - reservation does not extend signed expiry
2026-09-22T16:22:52.7573320Z   ---
2026-09-22T16:22:52.7573753Z   duration_ms: 7.855777
2026-09-22T16:22:52.7574184Z   type: 'test'
2026-09-22T16:22:52.7574580Z   ...
2026-09-22T16:22:52.7575514Z # Subtest: unknown or corrupt reservation input cannot partially release a valid reservation
2026-09-22T16:22:52.7576828Z ok 5 - unknown or corrupt reservation input cannot partially release a valid reservation
2026-09-22T16:22:52.7577907Z   ---
2026-09-22T16:22:52.7578320Z   duration_ms: 9.168874
2026-09-22T16:22:52.7578774Z   type: 'test'
2026-09-22T16:22:52.7579136Z   ...
2026-09-22T16:22:52.7580251Z # Subtest: failed reservation index write protects the union until explicit reconciliation
2026-09-22T16:22:52.7582112Z ok 6 - failed reservation index write protects the union until explicit reconciliation
2026-09-22T16:22:52.7583128Z   ---
2026-09-22T16:22:52.7583721Z   duration_ms: 14.080245
2026-09-22T16:22:52.7584319Z   type: 'test'
2026-09-22T16:22:52.7584815Z   ...
2026-09-22T16:22:52.7586104Z # Subtest: duplicate reserved insertion at the count limit preserves a manual pin and verifies stored bytes
2026-09-22T16:22:52.7587873Z ok 7 - duplicate reserved insertion at the count limit preserves a manual pin and verifies stored bytes
2026-09-22T16:22:52.7588922Z   ---
2026-09-22T16:22:52.7589386Z   duration_ms: 8.245927
2026-09-22T16:22:52.7589891Z   type: 'test'
2026-09-22T16:22:52.7590384Z   ...
2026-09-22T16:22:52.9528415Z # Subtest: contact rows use the established Node/Go DM reader-address wire format before the first send
2026-09-22T16:22:52.9530018Z ok 8 - contact rows use the established Node/Go DM reader-address wire format before the first send
2026-09-22T16:22:52.9530946Z   ---
2026-09-22T16:22:52.9531622Z   duration_ms: 2.14344
2026-09-22T16:22:52.9532055Z   type: 'test'
2026-09-22T16:22:52.9532431Z   ...
2026-09-22T16:22:52.9533514Z # Subtest: a repeated own reader remains one reader in the DM address
2026-09-22T16:22:52.9542263Z ok 9 - a repeated own reader remains one reader in the DM address
2026-09-22T16:22:52.9543226Z   ---
2026-09-22T16:22:52.9543844Z   duration_ms: 0.257362
2026-09-22T16:22:52.9544284Z   type: 'test'
2026-09-22T16:22:52.9544627Z   ...
2026-09-22T16:22:53.4243325Z # Subtest: fixed envelope time preserves the saved deadline while nonce identity still requires durable retention
2026-09-22T16:22:53.4245295Z ok 10 - fixed envelope time preserves the saved deadline while nonce identity still requires durable retention
2026-09-22T16:22:53.4246548Z   ---
2026-09-22T16:22:53.4247091Z   duration_ms: 215.065486
2026-09-22T16:22:53.4247479Z   type: 'test'
2026-09-22T16:22:53.4247771Z   ...
2026-09-22T16:22:53.4339302Z # Subtest: Node and portable fixed clocks reject invalid/overflowing dates and unrelated secrets before producing a bundle
2026-09-22T16:22:53.4341782Z ok 11 - Node and portable fixed clocks reject invalid/overflowing dates and unrelated secrets before producing a bundle
2026-09-22T16:22:53.4343156Z   ---
2026-09-22T16:22:53.4343647Z   duration_ms: 8.85152
2026-09-22T16:22:53.4344197Z   type: 'test'
2026-09-22T16:22:53.4344636Z   ...
2026-09-22T16:22:58.1429890Z # Subtest: Node and portable fixed envelopes verify in a real Go process; Go ciphertext decrypts in both adapters
2026-09-22T16:22:58.1432056Z ok 12 - Node and portable fixed envelopes verify in a real Go process; Go ciphertext decrypts in both adapters
2026-09-22T16:22:58.1432874Z   ---
2026-09-22T16:22:58.1433227Z   duration_ms: 4711.572488
2026-09-22T16:22:58.1433626Z   type: 'test'
2026-09-22T16:22:58.1433935Z   ...
2026-09-22T16:22:58.3299228Z # Subtest: historical storage reads authenticate expired bytes without priming the live manifest cache
2026-09-22T16:22:58.3302818Z ok 13 - historical storage reads authenticate expired bytes without priming the live manifest cache
2026-09-22T16:22:58.3303948Z   ---
2026-09-22T16:22:58.3304448Z   duration_ms: 21.672176
2026-09-22T16:22:58.3304914Z   type: 'test'
2026-09-22T16:22:58.3305272Z   ...
2026-09-22T16:22:59.0157184Z # (node:5402) ExperimentalWarning: The MockTimers API is an experimental feature and might change at any time
2026-09-22T16:22:59.0158793Z # (Use `node --trace-warnings ...` to show where the warning was created)
2026-09-22T16:22:59.0177074Z # Subtest: identity proof binds signing address, name and decryption key
2026-09-22T16:22:59.0178904Z ok 14 - identity proof binds signing address, name and decryption key
2026-09-22T16:22:59.0179613Z   ---
2026-09-22T16:22:59.0180156Z   duration_ms: 3.257543
2026-09-22T16:22:59.0180606Z   type: 'test'
2026-09-22T16:22:59.0180969Z   ...
2026-09-22T16:22:59.0192192Z # Subtest: vault encrypts private keys; recovery and wrong-password controls
2026-09-22T16:22:59.0231748Z ok 15 - vault encrypts private keys; recovery and wrong-password controls
2026-09-22T16:22:59.0232860Z   ---
2026-09-22T16:22:59.0233496Z   duration_ms: 228.607875
2026-09-22T16:22:59.0234127Z   type: 'test'
2026-09-22T16:22:59.0234653Z   ...
2026-09-22T16:22:59.0235754Z # Subtest: reader decrypts and seeds but cannot become author; unauthorized reader fails
2026-09-22T16:22:59.0237233Z ok 16 - reader decrypts and seeds but cannot become author; unauthorized reader fails
2026-09-22T16:22:59.0238145Z   ---
2026-09-22T16:22:59.0238750Z   duration_ms: 6.384151
2026-09-22T16:22:59.0239346Z   type: 'test'
2026-09-22T16:22:59.0239853Z   ...
2026-09-22T16:22:59.0240774Z # Subtest: ciphertext, manifest, expiry, depth and address negative controls
2026-09-22T16:22:59.0242393Z ok 17 - ciphertext, manifest, expiry, depth and address negative controls
2026-09-22T16:22:59.0243121Z   ---
2026-09-22T16:22:59.0243605Z   duration_ms: 22.237526
2026-09-22T16:22:59.0244010Z   type: 'test'
2026-09-22T16:22:59.0244339Z   ...
2026-09-22T16:22:59.0245028Z # Subtest: encrypted persistent seed takeover, deduplication, pin/quota, disk corruption
2026-09-22T16:22:59.0245872Z ok 18 - encrypted persistent seed takeover, deduplication, pin/quota, disk corruption
2026-09-22T16:22:59.0246407Z   ---
2026-09-22T16:22:59.0246855Z   duration_ms: 18.960158
2026-09-22T16:22:59.0247254Z   type: 'test'
2026-09-22T16:22:59.0247578Z   ...
2026-09-22T16:22:59.0248501Z # Subtest: object-count cap bounds small-object floods, survives restart and preserves pinned content
2026-09-22T16:22:59.0249675Z ok 19 - object-count cap bounds small-object floods, survives restart and preserves pinned content
2026-09-22T16:22:59.0250275Z   ---
2026-09-22T16:22:59.0250606Z   duration_ms: 47.020583
2026-09-22T16:22:59.0250964Z   type: 'test'
2026-09-22T16:22:59.0251787Z   ...
2026-09-22T16:22:59.0252554Z # Subtest: metadata listing does not replace real viewing order in LRU eviction
2026-09-22T16:22:59.0253318Z ok 20 - metadata listing does not replace real viewing order in LRU eviction
2026-09-22T16:22:59.0253949Z   ---
2026-09-22T16:22:59.0254400Z   duration_ms: 10.837604
2026-09-22T16:22:59.0254770Z   type: 'test'
2026-09-22T16:22:59.0255091Z   ...
2026-09-22T16:22:59.0255788Z # Subtest: cached manifest metadata is isolated, invalidated by disk changes, and never bypasses get verification
2026-09-22T16:22:59.0256811Z ok 21 - cached manifest metadata is isolated, invalidated by disk changes, and never bypasses get verification
2026-09-22T16:22:59.0257427Z   ---
2026-09-22T16:22:59.0257765Z   duration_ms: 8.007488
2026-09-22T16:22:59.0258140Z   type: 'test'
2026-09-22T16:22:59.0258446Z   ...
2026-09-22T16:22:59.0259181Z # Subtest: rejected quota decrease preserves existing files and policy; feasible decrease evicts only unpinned content
2026-09-22T16:22:59.0260251Z ok 22 - rejected quota decrease preserves existing files and policy; feasible decrease evicts only unpinned content
2026-09-22T16:22:59.0260882Z   ---
2026-09-22T16:22:59.0261516Z   duration_ms: 119.821858
2026-09-22T16:22:59.0261910Z   type: 'test'
2026-09-22T16:22:59.0262263Z   ...
2026-09-22T16:22:59.0262984Z # Subtest: invalid persisted index fails safely without deleting verified objects
2026-09-22T16:22:59.0263802Z ok 23 - invalid persisted index fails safely without deleting verified objects
2026-09-22T16:22:59.0264589Z   ---
2026-09-22T16:22:59.0264935Z   duration_ms: 5.211719
2026-09-22T16:22:59.0265394Z   type: 'test'
2026-09-22T16:22:59.0265932Z   ...
2026-09-22T16:22:59.0267132Z # Subtest: strict wire fields and every recipient envelope are validated before accepting signatures
2026-09-22T16:22:59.0268758Z ok 24 - strict wire fields and every recipient envelope are validated before accepting signatures
2026-09-22T16:22:59.0269871Z   ---
2026-09-22T16:22:59.0270763Z   duration_ms: 4.494137
2026-09-22T16:22:59.0271437Z   type: 'test'
2026-09-22T16:22:59.0272022Z   ...
2026-09-22T16:22:59.2129264Z # Subtest: desktop accepts only the owned daemon loopback bootstrap capability
2026-09-22T16:22:59.2130572Z ok 25 - desktop accepts only the owned daemon loopback bootstrap capability
2026-09-22T16:22:59.2131982Z   ---
2026-09-22T16:22:59.2132693Z   duration_ms: 1.508502
2026-09-22T16:22:59.2133402Z   type: 'test'
2026-09-22T16:22:59.2134059Z   ...
2026-09-22T16:22:59.2135241Z # Subtest: desktop request policy blocks other hosts, ports, schemes, subframes and WebSockets
2026-09-22T16:22:59.2136918Z ok 26 - desktop request policy blocks other hosts, ports, schemes, subframes and WebSockets
2026-09-22T16:22:59.2137966Z   ---
2026-09-22T16:22:59.2138634Z   duration_ms: 0.34225
2026-09-22T16:22:59.2139364Z   type: 'test'
2026-09-22T16:22:59.2139769Z   ...
2026-09-22T16:22:59.2140741Z # Subtest: desktop navigation stays on its exact local app and rejects insecure runtime overrides
2026-09-22T16:22:59.2141950Z ok 27 - desktop navigation stays on its exact local app and rejects insecure runtime overrides
2026-09-22T16:22:59.2142421Z   ---
2026-09-22T16:22:59.2142654Z   duration_ms: 1.118842
2026-09-22T16:22:59.2142910Z   type: 'test'
2026-09-22T16:22:59.2143111Z   ...
2026-09-22T16:22:59.2143621Z # Subtest: desktop microphone eligibility excludes cameras, remote documents and subframes
2026-09-22T16:22:59.2144358Z ok 28 - desktop microphone eligibility excludes cameras, remote documents and subframes
2026-09-22T16:22:59.2144790Z   ---
2026-09-22T16:22:59.2145015Z   duration_ms: 0.223347
2026-09-22T16:22:59.2145257Z   type: 'test'
2026-09-22T16:22:59.2145455Z   ...
2026-09-22T16:22:59.2146243Z # Subtest: desktop download defaults cannot contain paths, device names or control bytes
2026-09-22T16:22:59.2147109Z ok 29 - desktop download defaults cannot contain paths, device names or control bytes
2026-09-22T16:22:59.2147524Z   ---
2026-09-22T16:22:59.2147746Z   duration_ms: 0.449631
2026-09-22T16:22:59.2147984Z   type: 'test'
2026-09-22T16:22:59.2148181Z   ...
2026-09-22T16:22:59.9884966Z # Subtest: fixture stop is idempotent after process termination by signal
2026-09-22T16:22:59.9887592Z ok 30 - fixture stop is idempotent after process termination by signal
2026-09-22T16:22:59.9888241Z   ---
2026-09-22T16:22:59.9888681Z   duration_ms: 582.307719
2026-09-22T16:22:59.9889108Z   type: 'test'
2026-09-22T16:22:59.9889444Z   ...
2026-09-22T16:23:04.6994716Z # (node:5480) ExperimentalWarning: SQLite is an experimental feature and might change at any time
2026-09-22T16:23:04.6996085Z # (Use `node --trace-warnings ...` to show where the warning was created)
2026-09-22T16:23:04.7017477Z # Subtest: current and additions-only delayed messages preserve exact old readers without granting newcomer history
2026-09-22T16:23:04.7019328Z ok 31 - current and additions-only delayed messages preserve exact old readers without granting newcomer history
2026-09-22T16:23:04.7020353Z   ---
2026-09-22T16:23:04.7020787Z   duration_ms: 1292.944817
2026-09-22T16:23:04.7021534Z   type: 'test'
2026-09-22T16:23:04.7021907Z   ...
2026-09-22T16:23:04.7023094Z # Subtest: removal and rejoin quarantine unseen old content while retaining only exact accepted history
2026-09-22T16:23:04.7026433Z ok 32 - removal and rejoin quarantine unseen old content while retaining only exact accepted history
2026-09-22T16:23:04.7027339Z   ---
2026-09-22T16:23:04.7027759Z   duration_ms: 1107.873186
2026-09-22T16:23:04.7028222Z   type: 'test'
2026-09-22T16:23:04.7028581Z   ...
2026-09-22T16:23:04.7029654Z # Subtest: historical receipts from a removed original reader are minimal and cannot admit an unknown target
2026-09-22T16:23:04.7032426Z ok 33 - historical receipts from a removed original reader are minimal and cannot admit an unknown target
2026-09-22T16:23:04.7033350Z   ---
2026-09-22T16:23:04.7033773Z   duration_ms: 643.010821
2026-09-22T16:23:04.7034226Z   type: 'test'
2026-09-22T16:23:04.7034584Z   ...
2026-09-22T16:23:04.7035781Z # Subtest: group tags cannot hide as falsy legacy fields and cached policy cannot escape its transaction
2026-09-22T16:23:04.7037311Z ok 34 - group tags cannot hide as falsy legacy fields and cached policy cannot escape its transaction
2026-09-22T16:23:04.7038185Z   ---
2026-09-22T16:23:04.7038586Z   duration_ms: 37.126647
2026-09-22T16:23:04.7039031Z   type: 'test'
2026-09-22T16:23:04.7039407Z   ...
2026-09-22T16:23:04.7040298Z # Subtest: a closure within the same transaction invalidates earlier cached permission
2026-09-22T16:23:04.7041859Z ok 35 - a closure within the same transaction invalidates earlier cached permission
2026-09-22T16:23:04.7042586Z   ---
2026-09-22T16:23:04.7042948Z   duration_ms: 68.228403
2026-09-22T16:23:04.7043353Z   type: 'test'
2026-09-22T16:23:04.7043704Z   ...
2026-09-22T16:23:04.7044539Z # Subtest: a new edit to old content uses only the original/current reader intersection
2026-09-22T16:23:04.7045781Z ok 36 - a new edit to old content uses only the original/current reader intersection
2026-09-22T16:23:04.7046547Z   ---
2026-09-22T16:23:04.7046985Z   duration_ms: 1340.667008
2026-09-22T16:23:04.7047459Z   type: 'test'
2026-09-22T16:23:04.7047837Z   ...
2026-09-22T16:23:05.2598391Z # (node:5500) ExperimentalWarning: SQLite is an experimental feature and might change at any time
2026-09-22T16:23:05.2599321Z # (Use `node --trace-warnings ...` to show where the warning was created)
2026-09-22T16:23:05.7824626Z # Subtest: an API observation cannot display an admission whose outer transaction rolled back
2026-09-22T16:23:05.7833655Z ok 37 - an API observation cannot display an admission whose outer transaction rolled back
2026-09-22T16:23:05.7834633Z   ---
2026-09-22T16:23:05.7835056Z   duration_ms: 363.334121
2026-09-22T16:23:05.7835557Z   type: 'test'
2026-09-22T16:23:05.7836535Z   ...
2026-09-22T16:23:06.2277937Z # Subtest: a historical delete and its accepted context recover together after lost commit response and real cache removal
2026-09-22T16:23:06.2280037Z ok 38 - a historical delete and its accepted context recover together after lost commit response and real cache removal
2026-09-22T16:23:06.2281514Z   ---
2026-09-22T16:23:06.2282020Z   duration_ms: 452.676466
2026-09-22T16:23:06.2282442Z   type: 'test'
2026-09-22T16:23:06.2282725Z   ...
2026-09-22T16:23:06.5822152Z # Subtest: failure to reserve quarantine bytes aborts the hold and locks until authenticated reconciliation succeeds
2026-09-22T16:23:06.5824213Z ok 39 - failure to reserve quarantine bytes aborts the hold and locks until authenticated reconciliation succeeds
2026-09-22T16:23:06.5825272Z   ---
2026-09-22T16:23:06.5825877Z   duration_ms: 357.661501
2026-09-22T16:23:06.5826579Z   type: 'test'
2026-09-22T16:23:06.5826925Z   ...
2026-09-22T16:23:06.8333027Z # Subtest: an unavailable quarantined blob cannot block admission of another valid group object
2026-09-22T16:23:06.8334344Z ok 40 - an unavailable quarantined blob cannot block admission of another valid group object
2026-09-22T16:23:06.8334978Z   ---
2026-09-22T16:23:06.8335529Z   duration_ms: 247.108603
2026-09-22T16:23:06.8336206Z   type: 'test'
2026-09-22T16:23:06.8336563Z   ...
2026-09-22T16:23:06.9172004Z # Subtest: authenticated history with an expiry inconsistent with its signed bundle is rejected
2026-09-22T16:23:06.9173556Z ok 41 - authenticated history with an expiry inconsistent with its signed bundle is rejected
2026-09-22T16:23:06.9174424Z   ---
2026-09-22T16:23:06.9174857Z   duration_ms: 243.307806
2026-09-22T16:23:06.9175334Z   type: 'test'
2026-09-22T16:23:06.9175707Z   ...
2026-09-22T16:23:19.5351491Z # (node:5523) ExperimentalWarning: SQLite is an experimental feature and might change at any time
2026-09-22T16:23:19.5353057Z # (Use `node --trace-warnings ...` to show where the warning was created)
2026-09-22T16:23:19.5368340Z # Subtest: an unchanged group snapshot walks its authority chain once, and a later closure still invalidates new admission
2026-09-22T16:23:19.5370812Z ok 42 - an unchanged group snapshot walks its authority chain once, and a later closure still invalidates new admission
2026-09-22T16:23:19.5372094Z   ---
2026-09-22T16:23:19.5372672Z   duration_ms: 12264.416009
2026-09-22T16:23:19.5373133Z   type: 'test'
2026-09-22T16:23:19.5373500Z   ...
2026-09-22T16:23:19.5374381Z # {"retainedObjects":32,"epochs":32,"visitedHeaders":32,"elapsedMs":148.23477599999933}
2026-09-22T16:23:26.0755744Z # Subtest: real Node receivers hold epoch content until its snapshot arrives and keep only accepted history after closure
2026-09-22T16:23:26.0757695Z ok 43 - real Node receivers hold epoch content until its snapshot arrives and keep only accepted history after closure
2026-09-22T16:23:26.0758630Z   ---
2026-09-22T16:23:26.0759190Z   duration_ms: 6268.538835
2026-09-22T16:23:26.0759780Z   type: 'test'
2026-09-22T16:23:26.0760316Z   ...
2026-09-22T16:23:28.8812524Z # (node:5601) ExperimentalWarning: SQLite is an experimental feature and might change at any time
2026-09-22T16:23:28.8813976Z # (Use `node --trace-warnings ...` to show where the warning was created)
2026-09-22T16:23:28.8842099Z # Subtest: control expiry rejects replay while the signed authority checkpoint survives
2026-09-22T16:23:28.8862593Z ok 44 - control expiry rejects replay while the signed authority checkpoint survives
2026-09-22T16:23:28.8863286Z   ---
2026-09-22T16:23:28.8863646Z   duration_ms: 59.376996
2026-09-22T16:23:28.8864033Z   type: 'test'
2026-09-22T16:23:28.8864341Z   ...
2026-09-22T16:23:28.8865249Z # Subtest: a reader may seal a creator snapshot for its exact original roster without gaining authority
2026-09-22T16:23:28.8866540Z ok 45 - a reader may seal a creator snapshot for its exact original roster without gaining authority
2026-09-22T16:23:28.8867267Z   ---
2026-09-22T16:23:28.8867853Z   duration_ms: 545.480661
2026-09-22T16:23:28.8868699Z   type: 'test'
2026-09-22T16:23:28.8869448Z   ...
2026-09-22T16:23:28.8870982Z # Subtest: removed readers receive their removal boundary but cannot enumerate future membership or request future snapshots
2026-09-22T16:23:28.8873098Z ok 46 - removed readers receive their removal boundary but cannot enumerate future membership or request future snapshots
2026-09-22T16:23:28.8874139Z   ---
2026-09-22T16:23:28.8874758Z   duration_ms: 945.644434
2026-09-22T16:23:28.8875458Z   type: 'test'
2026-09-22T16:23:28.8876062Z   ...
2026-09-22T16:23:28.8877341Z # Subtest: invitation authorizes bounded public ancestry, never a private snapshot before membership
2026-09-22T16:23:28.8878999Z ok 47 - invitation authorizes bounded public ancestry, never a private snapshot before membership
2026-09-22T16:23:28.8879733Z   ---
2026-09-22T16:23:28.8880144Z   duration_ms: 65.502806
2026-09-22T16:23:28.8880635Z   type: 'test'
2026-09-22T16:23:28.8881341Z   ...
2026-09-22T16:23:28.8882356Z # Subtest: carrier schema keeps malformed proof tails for the transactional verifier while bounding inputs
2026-09-22T16:23:28.8883622Z ok 48 - carrier schema keeps malformed proof tails for the transactional verifier while bounding inputs
2026-09-22T16:23:28.8884512Z   ---
2026-09-22T16:23:28.8890728Z   duration_ms: 443.07323
2026-09-22T16:23:28.8922835Z   type: 'test'
2026-09-22T16:23:28.8923413Z   ...
2026-09-22T16:23:28.8924580Z # Subtest: fork proofs are served together and private snapshots at the fork are not re-encrypted
2026-09-22T16:23:28.8926140Z ok 49 - fork proofs are served together and private snapshots at the fork are not re-encrypted
2026-09-22T16:23:28.8927152Z   ---
2026-09-22T16:23:28.8927614Z   duration_ms: 564.938062
2026-09-22T16:23:28.8928082Z   type: 'test'
2026-09-22T16:23:28.8928457Z   ...
2026-09-22T16:23:30.5627133Z # Subtest: newcomer validates exact join consent from signed parent header without old snapshot keys
2026-09-22T16:23:30.5628913Z ok 50 - newcomer validates exact join consent from signed parent header without old snapshot keys
2026-09-22T16:23:30.5629949Z   ---
2026-09-22T16:23:30.5630404Z   duration_ms: 88.655007
2026-09-22T16:23:30.5631002Z   type: 'test'
2026-09-22T16:23:30.5631781Z   ...
2026-09-22T16:23:30.5632842Z # Subtest: permanent group anchor has real creator signature, exact schema and separate carrier identity
2026-09-22T16:23:30.5634394Z ok 51 - permanent group anchor has real creator signature, exact schema and separate carrier identity
2026-09-22T16:23:30.5635445Z   ---
2026-09-22T16:23:30.5635892Z   duration_ms: 11.007718
2026-09-22T16:23:30.5636348Z   type: 'test'
2026-09-22T16:23:30.5636858Z   ...
2026-09-22T16:23:30.5637890Z # Subtest: invitation and signed consent do not alter roster until the creator commits the exact parent
2026-09-22T16:23:30.5639551Z ok 52 - invitation and signed consent do not alter roster until the creator commits the exact parent
2026-09-22T16:23:30.5640565Z   ---
2026-09-22T16:23:30.5640999Z   duration_ms: 50.73932
2026-09-22T16:23:30.5641734Z   type: 'test'
2026-09-22T16:23:30.5642116Z   ...
2026-09-22T16:23:30.5643262Z # Subtest: newcomer reads real new ciphertext without obtaining historical keys; removed reader cannot read new content
2026-09-22T16:23:30.5645207Z ok 53 - newcomer reads real new ciphertext without obtaining historical keys; removed reader cannot read new content
2026-09-22T16:23:30.5646177Z   ---
2026-09-22T16:23:30.5646613Z   duration_ms: 81.967069
2026-09-22T16:23:30.5649665Z   type: 'test'
2026-09-22T16:23:30.5649995Z   ...
2026-09-22T16:23:30.5650903Z # Subtest: stale, substituted, missing or extra member consents cannot commit a roster
2026-09-22T16:23:30.5652461Z ok 54 - stale, substituted, missing or extra member consents cannot commit a roster
2026-09-22T16:23:30.5656510Z   ---
2026-09-22T16:23:30.5657096Z   duration_ms: 91.664545
2026-09-22T16:23:30.5657693Z   type: 'test'
2026-09-22T16:23:30.5658197Z   ...
2026-09-22T16:23:30.5659362Z # Subtest: removal and rejoin remain restrictive across the complete path even with identical final cards
2026-09-22T16:23:30.5662057Z ok 55 - removal and rejoin remain restrictive across the complete path even with identical final cards
2026-09-22T16:23:30.5663139Z   ---
2026-09-22T16:23:30.5663707Z   duration_ms: 86.66834
2026-09-22T16:23:30.5664305Z   type: 'test'
2026-09-22T16:23:30.5664817Z   ...
2026-09-22T16:23:30.5665982Z # Subtest: creator reading-card replacement preserves signing authority but requires fresh signed consent
2026-09-22T16:23:30.5667730Z ok 56 - creator reading-card replacement preserves signing authority but requires fresh signed consent
2026-09-22T16:23:30.5668776Z   ---
2026-09-22T16:23:30.5669217Z   duration_ms: 63.63996
2026-09-22T16:23:30.5669671Z   type: 'test'
2026-09-22T16:23:30.5670030Z   ...
2026-09-22T16:23:30.5671449Z # Subtest: signed schema tampering, roster duplication, invalid order and snapshot substitution fail
2026-09-22T16:23:30.5673111Z ok 57 - signed schema tampering, roster duplication, invalid order and snapshot substitution fail
2026-09-22T16:23:30.5674137Z   ---
2026-09-22T16:23:30.5674701Z   duration_ms: 41.667733
2026-09-22T16:23:30.5675276Z   type: 'test'
2026-09-22T16:23:30.5675750Z   ...
2026-09-22T16:23:30.5676664Z # Subtest: closure preserves the committed historical state and reserves the final epoch
2026-09-22T16:23:30.5677932Z ok 58 - closure preserves the committed historical state and reserves the final epoch
2026-09-22T16:23:30.5678725Z   ---
2026-09-22T16:23:30.5679121Z   duration_ms: 63.882272
2026-09-22T16:23:30.5679574Z   type: 'test'
2026-09-22T16:23:30.5679924Z   ...
2026-09-22T16:23:30.5681742Z # Subtest: a valid creator fork cannot masquerade as a contiguous successor or grant reader authority
2026-09-22T16:23:30.5683324Z ok 59 - a valid creator fork cannot masquerade as a contiguous successor or grant reader authority
2026-09-22T16:23:30.5684205Z   ---
2026-09-22T16:23:30.5684605Z   duration_ms: 57.453328
2026-09-22T16:23:30.5685065Z   type: 'test'
2026-09-22T16:23:30.5685427Z   ...
2026-09-22T16:23:30.5686386Z # Subtest: full 64-member roster is bounded; capacity and title failures do not mutate its parent
2026-09-22T16:23:30.5687820Z ok 60 - full 64-member roster is bounded; capacity and title failures do not mutate its parent
2026-09-22T16:23:30.5688658Z   ---
2026-09-22T16:23:30.5689059Z   duration_ms: 781.025021
2026-09-22T16:23:30.5689490Z   type: 'test'
2026-09-22T16:23:30.5689812Z   ...
2026-09-22T16:23:30.5690805Z # Subtest: member leave is a signed request with no direct roster effect and cannot replace creator closure
2026-09-22T16:23:30.5692576Z ok 61 - member leave is a signed request with no direct roster effect and cannot replace creator closure
2026-09-22T16:23:30.5693388Z   ---
2026-09-22T16:23:30.5693782Z   duration_ms: 51.769217
2026-09-22T16:23:30.5694192Z   type: 'test'
2026-09-22T16:23:30.5694409Z   ...
2026-09-22T16:23:30.9392140Z # (node:5638) ExperimentalWarning: SQLite is an experimental feature and might change at any time
2026-09-22T16:23:30.9393766Z # (Use `node --trace-warnings ...` to show where the warning was created)
2026-09-22T16:23:35.8189909Z # Subtest: group confirmation rollback cannot transmit before successful admission
2026-09-22T16:23:35.8191374Z ok 62 - group confirmation rollback cannot transmit before successful admission
2026-09-22T16:23:35.8192091Z   ---
2026-09-22T16:23:35.8192488Z   duration_ms: 4882.342599
2026-09-22T16:23:35.8192906Z   type: 'test'
2026-09-22T16:23:35.8193239Z   ...
2026-09-22T16:23:40.6217947Z # Subtest: group confirmation lost commit response cannot transmit before successful admission
2026-09-22T16:23:40.6219802Z ok 63 - group confirmation lost commit response cannot transmit before successful admission
2026-09-22T16:23:40.6220986Z   ---
2026-09-22T16:23:40.6221948Z   duration_ms: 4802.598166
2026-09-22T16:23:40.6222267Z   type: 'test'
2026-09-22T16:23:40.6222487Z   ...
2026-09-22T16:23:45.0357186Z # Subtest: blocked readers and missing original bytes cannot mint a group read fact
2026-09-22T16:23:45.0358684Z ok 64 - blocked readers and missing original bytes cannot mint a group read fact
2026-09-22T16:23:45.0361862Z   ---
2026-09-22T16:23:45.0362270Z   duration_ms: 4413.438187
2026-09-22T16:23:45.0362708Z   type: 'test'
2026-09-22T16:23:45.0363050Z   ...
2026-09-22T16:23:50.1563977Z # Subtest: missing historical group proof pauses confirmation until verified proof is restored
2026-09-22T16:23:50.1565671Z ok 65 - missing historical group proof pauses confirmation until verified proof is restored
2026-09-22T16:23:50.1566662Z   ---
2026-09-22T16:23:50.1567245Z   duration_ms: 5123.513422
2026-09-22T16:23:50.1567697Z   type: 'test'
2026-09-22T16:23:50.1568028Z   ...
2026-09-22T16:23:57.2919691Z # Subtest: real Node group automatic delivery and historical read after closure retain original audience
2026-09-22T16:23:57.2921025Z ok 66 - real Node group automatic delivery and historical read after closure retain original audience
2026-09-22T16:23:57.2922116Z   ---
2026-09-22T16:23:57.2922485Z   duration_ms: 6944.010565
2026-09-22T16:23:57.2923083Z   type: 'test'
2026-09-22T16:23:57.2923454Z   ...
2026-09-22T16:23:59.2734441Z # Subtest: opaque Node relay rejects public, oversized and excessive-lifetime controls before storage and forwarding
2026-09-22T16:23:59.2735612Z ok 67 - opaque Node relay rejects public, oversized and excessive-lifetime controls before storage and forwarding
2026-09-22T16:23:59.2736410Z   ---
2026-09-22T16:23:59.2736835Z   duration_ms: 1722.836893
2026-09-22T16:23:59.2748307Z   type: 'test'
2026-09-22T16:23:59.2748638Z   ...
2026-09-22T16:24:03.0162082Z # (node:5791) ExperimentalWarning: SQLite is an experimental feature and might change at any time
2026-09-22T16:24:03.0163398Z # (Use `node --trace-warnings ...` to show where the warning was created)
2026-09-22T16:24:03.0182794Z # Subtest: proof no-op optimisation still checks recipient scope, snapshot bytes and local participation
2026-09-22T16:24:03.0185768Z ok 68 - proof no-op optimisation still checks recipient scope, snapshot bytes and local participation
2026-09-22T16:24:03.0186664Z   ---
2026-09-22T16:24:03.0187302Z   duration_ms: 634.490552
2026-09-22T16:24:03.0187942Z   type: 'test'
2026-09-22T16:24:03.0188489Z   ...
2026-09-22T16:24:03.0192792Z # Subtest: verified cached proof replay avoids authority reapplication but still adopts a new safety header before a bad snapshot
2026-09-22T16:24:03.0195099Z ok 69 - verified cached proof replay avoids authority reapplication but still adopts a new safety header before a bad snapshot
2026-09-22T16:24:03.0196091Z   ---
2026-09-22T16:24:03.0196680Z   duration_ms: 2740.567367
2026-09-22T16:24:03.0197332Z   type: 'test'
2026-09-22T16:24:03.0197890Z   ...
2026-09-22T16:24:03.0198731Z # {"replayed":11,"applications":0,"unlockMs":688.071242}
2026-09-22T16:24:03.4118345Z # (node:5810) ExperimentalWarning: SQLite is an experimental feature and might change at any time
2026-09-22T16:24:03.4120150Z # (Use `node --trace-warnings ...` to show where the warning was created)
2026-09-22T16:24:08.4674714Z # Subtest: group event admission rollback cannot release bytes early
2026-09-22T16:24:08.4676129Z ok 70 - group event admission rollback cannot release bytes early
2026-09-22T16:24:08.4677028Z   ---
2026-09-22T16:24:08.4677611Z   duration_ms: 5058.131409
2026-09-22T16:24:08.4678203Z   type: 'test'
2026-09-22T16:24:08.4678453Z   ...
2026-09-22T16:24:13.3800218Z # Subtest: group event admission lost response cannot release bytes early
2026-09-22T16:24:13.3801525Z ok 71 - group event admission lost response cannot release bytes early
2026-09-22T16:24:13.3802175Z   ---
2026-09-22T16:24:13.3802557Z   duration_ms: 4912.081835
2026-09-22T16:24:13.3802992Z   type: 'test'
2026-09-22T16:24:13.3803325Z   ...
2026-09-22T16:24:18.0328473Z # Subtest: group event content-store failure before payload write preserves honest availability
2026-09-22T16:24:18.0330281Z ok 72 - group event content-store failure before payload write preserves honest availability
2026-09-22T16:24:18.0332102Z   ---
2026-09-22T16:24:18.0332749Z   duration_ms: 4653.088779
2026-09-22T16:24:18.0333455Z   type: 'test'
2026-09-22T16:24:18.0333811Z   ...
2026-09-22T16:24:22.8578429Z # Subtest: group event content-store failure after payload write preserves honest availability
2026-09-22T16:24:22.8579417Z ok 73 - group event content-store failure after payload write preserves honest availability
2026-09-22T16:24:22.8579910Z   ---
2026-09-22T16:24:22.8580154Z   duration_ms: 4824.404594
2026-09-22T16:24:22.8580431Z   type: 'test'
2026-09-22T16:24:22.8580637Z   ...
2026-09-22T16:24:27.8442955Z # Subtest: group event close retires retained packets and refuses later serving with a reachable control
2026-09-22T16:24:27.8444525Z ok 74 - group event close retires retained packets and refuses later serving with a reachable control
2026-09-22T16:24:27.8445361Z   ---
2026-09-22T16:24:27.8445750Z   duration_ms: 4986.362416
2026-09-22T16:24:27.8446181Z   type: 'test'
2026-09-22T16:24:27.8446519Z   ...
2026-09-22T16:24:32.5209067Z # Subtest: group event block retires retained packets and refuses later serving with a reachable control
2026-09-22T16:24:32.5211380Z ok 75 - group event block retires retained packets and refuses later serving with a reachable control
2026-09-22T16:24:32.5211929Z   ---
2026-09-22T16:24:32.5212179Z   duration_ms: 4677.202311
2026-09-22T16:24:32.5212441Z   type: 'test'
2026-09-22T16:24:32.5212690Z   ...
2026-09-22T16:24:36.9486894Z # Subtest: group event lock retires retained packets and refuses later serving with a reachable control
2026-09-22T16:24:36.9488282Z ok 76 - group event lock retires retained packets and refuses later serving with a reachable control
2026-09-22T16:24:36.9488881Z   ---
2026-09-22T16:24:36.9489160Z   duration_ms: 4427.657568
2026-09-22T16:24:36.9489470Z   type: 'test'
2026-09-22T16:24:36.9489719Z   ...
2026-09-22T16:24:41.7749831Z # Subtest: group event evicted retires retained packets and refuses later serving with a reachable control
2026-09-22T16:24:41.7751386Z ok 77 - group event evicted retires retained packets and refuses later serving with a reachable control
2026-09-22T16:24:41.7752089Z   ---
2026-09-22T16:24:41.7752601Z   duration_ms: 4825.934114
2026-09-22T16:24:41.7753082Z   type: 'test'
2026-09-22T16:24:41.7753510Z   ...
2026-09-22T16:24:47.1840786Z # Subtest: missing historical target proof pauses new event publication and seeding until exact proof returns
2026-09-22T16:24:47.1842499Z ok 78 - missing historical target proof pauses new event publication and seeding until exact proof returns
2026-09-22T16:24:47.1843044Z   ---
2026-09-22T16:24:47.1843285Z   duration_ms: 5408.823546
2026-09-22T16:24:47.1843555Z   type: 'test'
2026-09-22T16:24:47.1843762Z   ...
2026-09-22T16:24:52.7098727Z # Subtest: corrupt stored event cannot authorise a valid retained packet; exact bytes restore serving
2026-09-22T16:24:52.7099938Z ok 79 - corrupt stored event cannot authorise a valid retained packet; exact bytes restore serving
2026-09-22T16:24:52.7100538Z   ---
2026-09-22T16:24:52.7100976Z   duration_ms: 5528.497784
2026-09-22T16:24:52.7101687Z   type: 'test'
2026-09-22T16:24:52.7102062Z   ...
2026-09-22T16:25:22.1260602Z # Subtest: real Node group newcomer cannot read earlier audiences; peer serves author's edit while author is offline
2026-09-22T16:25:22.1262692Z ok 80 - real Node group newcomer cannot read earlier audiences; peer serves author's edit while author is offline
2026-09-22T16:25:22.1263705Z   ---
2026-09-22T16:25:22.1264142Z   duration_ms: 29211.033595
2026-09-22T16:25:22.1264629Z   type: 'test'
2026-09-22T16:25:22.1265013Z   ...
2026-09-22T16:25:31.6162778Z # Subtest: real Node group reactions/comments/author edits and historical deletion preserve signing ownership
2026-09-22T16:25:31.6165138Z ok 81 - real Node group reactions/comments/author edits and historical deletion preserve signing ownership
2026-09-22T16:25:31.6166554Z   ---
2026-09-22T16:25:31.6167229Z   duration_ms: 9312.344248
2026-09-22T16:25:31.6167578Z   type: 'test'
2026-09-22T16:25:31.6167795Z   ...
2026-09-22T16:25:36.4599387Z # (node:6093) ExperimentalWarning: SQLite is an experimental feature and might change at any time
2026-09-22T16:25:36.4601015Z # (Use `node --trace-warnings ...` to show where the warning was created)
2026-09-22T16:25:36.4622812Z # Subtest: an index consuming stop headroom is refused without changing existing data
2026-09-22T16:25:36.4633199Z ok 82 - an index consuming stop headroom is refused without changing existing data
2026-09-22T16:25:36.4634172Z   ---
2026-09-22T16:25:36.4636181Z   duration_ms: 1167.574151
2026-09-22T16:25:36.4636552Z   type: 'test'
2026-09-22T16:25:36.4636848Z   ...
2026-09-22T16:25:36.4637667Z # Subtest: ordinary index growth stops before the protected checkpoint allocation is consumed
2026-09-22T16:25:36.4638789Z ok 83 - ordinary index growth stops before the protected checkpoint allocation is consumed
2026-09-22T16:25:36.4639449Z   ---
2026-09-22T16:25:36.4639785Z   duration_ms: 3505.818667
2026-09-22T16:25:36.4640177Z   type: 'test'
2026-09-22T16:25:36.4640467Z   ...
2026-09-22T16:25:41.5863260Z # (node:6113) ExperimentalWarning: SQLite is an experimental feature and might change at any time
2026-09-22T16:25:41.5864448Z # (Use `node --trace-warnings ...` to show where the warning was created)
2026-09-22T16:25:41.5886583Z # Subtest: stop reads share one validated snapshot but invalidate on mutation and scope exit
2026-09-22T16:25:41.5888118Z ok 84 - stop reads share one validated snapshot but invalidate on mutation and scope exit
2026-09-22T16:25:41.5889039Z   ---
2026-09-22T16:25:41.5889473Z   duration_ms: 130.114125
2026-09-22T16:25:41.5889913Z   type: 'test'
2026-09-22T16:25:41.5890170Z   ...
2026-09-22T16:25:41.5895442Z # Subtest: all256 immutable stops fit; retirement preserves retained facts and counts only removed records
2026-09-22T16:25:41.5897186Z ok 85 - all256 immutable stops fit; retirement preserves retained facts and counts only removed records
2026-09-22T16:25:41.5897938Z   ---
2026-09-22T16:25:41.5898222Z   duration_ms: 4752.884976
2026-09-22T16:25:41.5898537Z   type: 'test'
2026-09-22T16:25:41.5898790Z   ...
2026-09-22T16:25:41.5901926Z # Subtest: expired holds have counted removal and malformed counters cannot be used as valid state
2026-09-22T16:25:41.5904573Z ok 86 - expired holds have counted removal and malformed counters cannot be used as valid state
2026-09-22T16:25:41.5905228Z   ---
2026-09-22T16:25:41.5905469Z   duration_ms: 21.708201
2026-09-22T16:25:41.5905743Z   type: 'test'
2026-09-22T16:25:41.5905964Z   ...
2026-09-22T16:26:33.0465464Z # (node:6131) ExperimentalWarning: SQLite is an experimental feature and might change at any time
2026-09-22T16:26:33.0466812Z # (Use `node --trace-warnings ...` to show where the warning was created)
2026-09-22T16:26:33.0497408Z # Subtest: accepted history is authenticated and unknown old content stays separately held after removal
2026-09-22T16:26:33.0499504Z ok 87 - accepted history is authenticated and unknown old content stays separately held after removal
2026-09-22T16:26:33.0500715Z   ---
2026-09-22T16:26:33.0501592Z   duration_ms: 848.849293
2026-09-22T16:26:33.0502102Z   type: 'test'
2026-09-22T16:26:33.0502475Z   ...
2026-09-22T16:26:33.0503555Z # Subtest: group closure and immutable outbox stop commit together and callback failure rolls both back
2026-09-22T16:26:33.0505214Z ok 88 - group closure and immutable outbox stop commit together and callback failure rolls both back
2026-09-22T16:26:33.0506109Z   ---
2026-09-22T16:26:33.0506531Z   duration_ms: 159.136018
2026-09-22T16:26:33.0506986Z   type: 'test'
2026-09-22T16:26:33.0507347Z   ...
2026-09-22T16:26:33.0508467Z # Subtest: historical receipt uses only a locally persisted accepted target, never an ID supplied by its sender
2026-09-22T16:26:33.0510175Z ok 89 - historical receipt uses only a locally persisted accepted target, never an ID supplied by its sender
2026-09-22T16:26:33.0511362Z   ---
2026-09-22T16:26:33.0511782Z   duration_ms: 606.021257
2026-09-22T16:26:33.0512239Z   type: 'test'
2026-09-22T16:26:33.0512604Z   ...
2026-09-22T16:26:33.0513649Z # Subtest: missing observation clock or malformed authenticated context cannot grant historical access
2026-09-22T16:26:33.0515592Z ok 90 - missing observation clock or malformed authenticated context cannot grant historical access
2026-09-22T16:26:33.0516755Z   ---
2026-09-22T16:26:33.0517170Z   duration_ms: 57.311717
2026-09-22T16:26:33.0517619Z   type: 'test'
2026-09-22T16:26:33.0517941Z   ...
2026-09-22T16:26:33.0518745Z # Subtest: quarantine byte quota uses actual signed ciphertext sizes and refuses overflow
2026-09-22T16:26:33.0519930Z ok 91 - quarantine byte quota uses actual signed ciphertext sizes and refuses overflow
2026-09-22T16:26:33.0520610Z   ---
2026-09-22T16:26:33.0520975Z   duration_ms: 912.843017
2026-09-22T16:26:33.0521671Z   type: 'test'
2026-09-22T16:26:33.0521981Z   ...
2026-09-22T16:26:33.0522936Z # Subtest: minimal outbox stop survives exhausted ordinary space without rewriting private content
2026-09-22T16:26:33.0524056Z ok 92 - minimal outbox stop survives exhausted ordinary space without rewriting private content
2026-09-22T16:26:33.0524533Z   ---
2026-09-22T16:26:33.0524751Z   duration_ms: 88.988581
2026-09-22T16:26:33.0525005Z   type: 'test'
2026-09-22T16:26:33.0525206Z   ...
2026-09-22T16:26:33.0530633Z # Subtest: ledger readers cannot escape the borrowed scope, even when every collection is empty
2026-09-22T16:26:33.0532236Z ok 93 - ledger readers cannot escape the borrowed scope, even when every collection is empty
2026-09-22T16:26:33.0533000Z   ---
2026-09-22T16:26:33.0533360Z   duration_ms: 5.964458
2026-09-22T16:26:33.0533752Z   type: 'test'
2026-09-22T16:26:33.0534081Z   ...
2026-09-22T16:26:33.0534801Z # Subtest: the authority reserve also accommodates every retained outbox stop
2026-09-22T16:26:33.0535762Z ok 94 - the authority reserve also accommodates every retained outbox stop
2026-09-22T16:26:33.0536451Z   ---
2026-09-22T16:26:33.0536835Z   duration_ms: 200.49685
2026-09-22T16:26:33.0537262Z   type: 'test'
2026-09-22T16:26:33.0537607Z   ...
2026-09-22T16:26:33.0585324Z # Subtest: quarantine count remains bounded and replay does not consume another slot
2026-09-22T16:26:33.0622529Z ok 95 - quarantine count remains bounded and replay does not consume another slot
2026-09-22T16:26:33.0639982Z   ---
2026-09-22T16:26:33.0640635Z   duration_ms: 1647.107886
2026-09-22T16:26:33.0641810Z   type: 'test'
2026-09-22T16:26:33.0642344Z   ...
2026-09-22T16:26:33.0643483Z # Subtest: full4096 history respects protected records and retains the exact accepted count on retirement
2026-09-22T16:26:33.0645201Z ok 96 - full4096 history respects protected records and retains the exact accepted count on retirement
2026-09-22T16:26:33.0646202Z   ---
2026-09-22T16:26:33.0646719Z   duration_ms: 46728.247167
2026-09-22T16:26:33.0647288Z   type: 'test'
2026-09-22T16:26:33.0647763Z   ...
2026-09-22T16:26:56.7320220Z # Subtest: Node invitation API retains exact delivery material, bounds pending notices and preserves closure
2026-09-22T16:26:56.7322628Z ok 97 - Node invitation API retains exact delivery material, bounds pending notices and preserves closure
2026-09-22T16:26:56.7323423Z   ---
2026-09-22T16:26:56.7323775Z   duration_ms: 23460.659791
2026-09-22T16:26:56.7324364Z   type: 'test'
2026-09-22T16:26:56.7324908Z   ...
2026-09-22T16:27:00.9185370Z # Subtest: real Node notices deliver invitation, explicit consent and leave without automatic group admission
2026-09-22T16:27:00.9186625Z ok 98 - real Node notices deliver invitation, explicit consent and leave without automatic group admission
2026-09-22T16:27:00.9187487Z   ---
2026-09-22T16:27:00.9187897Z   duration_ms: 4005.505931
2026-09-22T16:27:00.9188419Z   type: 'test'
2026-09-22T16:27:00.9188776Z   ...
2026-09-22T16:27:01.1747483Z # (node:6264) ExperimentalWarning: SQLite is an experimental feature and might change at any time
2026-09-22T16:27:01.1749242Z # (Use `node --trace-warnings ...` to show where the warning was created)
2026-09-22T16:27:07.6546598Z # Subtest: Node replays notice safety headers before sending, blocked source=false
2026-09-22T16:27:07.6547753Z ok 99 - Node replays notice safety headers before sending, blocked source=false
2026-09-22T16:27:07.6548323Z   ---
2026-09-22T16:27:07.6549332Z   duration_ms: 6482.526821
2026-09-22T16:27:07.6549780Z   type: 'test'
2026-09-22T16:27:07.6550207Z   ...
2026-09-22T16:27:13.5982668Z # Subtest: Node replays notice safety headers before sending, blocked source=true
2026-09-22T16:27:13.5984210Z ok 100 - Node replays notice safety headers before sending, blocked source=true
2026-09-22T16:27:13.5985145Z   ---
2026-09-22T16:27:13.5985713Z   duration_ms: 5945.822209
2026-09-22T16:27:13.5986358Z   type: 'test'
2026-09-22T16:27:13.5986853Z   ...
2026-09-22T16:27:13.7914637Z # (node:6317) ExperimentalWarning: SQLite is an experimental feature and might change at any time
2026-09-22T16:27:13.7916527Z # (Use `node --trace-warnings ...` to show where the warning was created)
2026-09-22T16:27:18.2274945Z # Subtest: opaque Node seeder delivers invitation and consent after each original author stops
2026-09-22T16:27:18.2276334Z ok 101 - opaque Node seeder delivers invitation and consent after each original author stops
2026-09-22T16:27:18.2277126Z   ---
2026-09-22T16:27:18.2277555Z   duration_ms: 4440.281609
2026-09-22T16:27:18.2277975Z   type: 'test'
2026-09-22T16:27:18.2278194Z   ...
2026-09-22T16:27:28.2341737Z # (node:6377) ExperimentalWarning: SQLite is an experimental feature and might change at any time
2026-09-22T16:27:28.2343279Z # (Use `node --trace-warnings ...` to show where the warning was created)
2026-09-22T16:27:28.2371357Z # Subtest: private notices bind invitation, consent and leave without conferring signing ownership or local admission
2026-09-22T16:27:28.2373522Z ok 102 - private notices bind invitation, consent and leave without conferring signing ownership or local admission
2026-09-22T16:27:28.2374799Z   ---
2026-09-22T16:27:28.2375600Z   duration_ms: 592.929701
2026-09-22T16:27:28.2376348Z   type: 'test'
2026-09-22T16:27:28.2376827Z   ...
2026-09-22T16:27:28.2378090Z # Subtest: invitation result and exact delivery card commit together and survive reopening encrypted SQLite
2026-09-22T16:27:28.2380142Z ok 103 - invitation result and exact delivery card commit together and survive reopening encrypted SQLite
2026-09-22T16:27:28.2381416Z   ---
2026-09-22T16:27:28.2381861Z   duration_ms: 107.013831
2026-09-22T16:27:28.2382388Z   type: 'test'
2026-09-22T16:27:28.2382781Z   ...
2026-09-22T16:27:28.2383986Z # Subtest: issuer quota, duplicate reads and dismissal replay memory stay bounded without changing group state
2026-09-22T16:27:28.2385874Z ok 104 - issuer quota, duplicate reads and dismissal replay memory stay bounded without changing group state
2026-09-22T16:27:28.2386938Z   ---
2026-09-22T16:27:28.2387373Z   duration_ms: 582.244529
2026-09-22T16:27:28.2387882Z   type: 'test'
2026-09-22T16:27:28.2388520Z   ...
2026-09-22T16:27:28.2389431Z # Subtest: finite notice history retires oldest entries without making a replay local consent
2026-09-22T16:27:28.2391405Z ok 105 - finite notice history retires oldest entries without making a replay local consent
2026-09-22T16:27:28.2392158Z   ---
2026-09-22T16:27:28.2392391Z   duration_ms: 8440.150767
2026-09-22T16:27:28.2392679Z   type: 'test'
2026-09-22T16:27:28.2392885Z   ...
2026-09-22T16:27:28.2404437Z # Subtest: authenticated malformed notice metadata aborts the outer transaction even if its error is caught
2026-09-22T16:27:28.2406147Z ok 106 - authenticated malformed notice metadata aborts the outer transaction even if its error is caught
2026-09-22T16:27:28.2407091Z   ---
2026-09-22T16:27:28.2407480Z   duration_ms: 54.6572
2026-09-22T16:27:28.2407925Z   type: 'test'
2026-09-22T16:27:28.2408283Z   ...
2026-09-22T16:27:28.2409233Z # Subtest: failed dismissal cannot lose an invitation when the caller swallows the write error
2026-09-22T16:27:28.2410678Z ok 107 - failed dismissal cannot lose an invitation when the caller swallows the write error
2026-09-22T16:27:28.2411736Z   ---
2026-09-22T16:27:28.2412150Z   duration_ms: 51.497298
2026-09-22T16:27:28.2412562Z   type: 'test'
2026-09-22T16:27:28.2412885Z   ...
2026-09-22T16:27:43.0476008Z # (node:6399) ExperimentalWarning: SQLite is an experimental feature and might change at any time
2026-09-22T16:27:43.0477852Z # (Use `node --trace-warnings ...` to show where the warning was created)
2026-09-22T16:27:43.0549053Z # Subtest: missing private proof pauses a valid reserved send without losing availability, then releases its obsolete hold
2026-09-22T16:27:43.0555030Z ok 108 - missing private proof pauses a valid reserved send without losing availability, then releases its obsolete hold
2026-09-22T16:27:43.0556136Z   ---
2026-09-22T16:27:43.0556641Z   duration_ms: 1847.654019
2026-09-22T16:27:43.0557200Z   type: 'test'
2026-09-22T16:27:43.0557551Z   ...
2026-09-22T16:27:43.0558571Z # Subtest: runtime closure persists the minimal stop without rewriting the private document and releases only automatic protection
2026-09-22T16:27:43.0560413Z ok 109 - runtime closure persists the minimal stop without rewriting the private document and releases only automatic protection
2026-09-22T16:27:43.0561311Z   ---
2026-09-22T16:27:43.0561613Z   duration_ms: 1692.758104
2026-09-22T16:27:43.0561918Z   type: 'test'
2026-09-22T16:27:43.0562132Z   ...
2026-09-22T16:27:43.0567637Z # Subtest: runtime group stop and closure recover together after rollback
2026-09-22T16:27:43.0569984Z ok 110 - runtime group stop and closure recover together after rollback
2026-09-22T16:27:43.0570611Z   ---
2026-09-22T16:27:43.0570925Z   duration_ms: 1077.068486
2026-09-22T16:27:43.0571487Z   type: 'test'
2026-09-22T16:27:43.0571696Z   ...
2026-09-22T16:27:43.0574995Z # Subtest: runtime group stop and closure recover together after lost commit response
2026-09-22T16:27:43.0576348Z ok 111 - runtime group stop and closure recover together after lost commit response
2026-09-22T16:27:43.0577004Z   ---
2026-09-22T16:27:43.0577432Z   duration_ms: 831.08555
2026-09-22T16:27:43.0577688Z   type: 'test'
2026-09-22T16:27:43.0577884Z   ...
2026-09-22T16:27:43.0579336Z # Subtest: full normal database quota still commits a group stop while the ordinary growth control fails
2026-09-22T16:27:43.0580853Z ok 112 - full normal database quota still commits a group stop while the ordinary growth control fails
2026-09-22T16:27:43.0581797Z   ---
2026-09-22T16:27:43.0582271Z   duration_ms: 2470.513693
2026-09-22T16:27:43.0582793Z   type: 'test'
2026-09-22T16:27:43.0583196Z   ...
2026-09-22T16:27:43.0586027Z # Subtest: forged stop mirror, mismatched binding and orphan stop all fail authenticated reopening
2026-09-22T16:27:43.0586855Z     # Subtest: mirror
2026-09-22T16:27:43.0588199Z     ok 1 - mirror
2026-09-22T16:27:43.0588593Z       ---
2026-09-22T16:27:43.0589152Z       duration_ms: 785.211536
2026-09-22T16:27:43.0589702Z       type: 'test'
2026-09-22T16:27:43.0590193Z       ...
2026-09-22T16:27:43.0592572Z     # Subtest: binding
2026-09-22T16:27:43.0593864Z     ok 2 - binding
2026-09-22T16:27:43.0594243Z       ---
2026-09-22T16:27:43.0594784Z       duration_ms: 922.854383
2026-09-22T16:27:43.0595331Z       type: 'test'
2026-09-22T16:27:43.0595816Z       ...
2026-09-22T16:27:43.0598348Z     # Subtest: orphan
2026-09-22T16:27:43.0599676Z     ok 3 - orphan
2026-09-22T16:27:43.0600063Z       ---
2026-09-22T16:27:43.0600416Z       duration_ms: 915.624211
2026-09-22T16:27:43.0600681Z       type: 'test'
2026-09-22T16:27:43.0601229Z       ...
2026-09-22T16:27:43.0602374Z     1..3
2026-09-22T16:27:43.0604252Z ok 113 - forged stop mirror, mismatched binding and orphan stop all fail authenticated reopening
2026-09-22T16:27:43.0604901Z   ---
2026-09-22T16:27:43.0605319Z   duration_ms: 2624.496579
2026-09-22T16:27:43.0605831Z   type: 'test'
2026-09-22T16:27:43.0606248Z   ...
2026-09-22T16:27:43.0607010Z # Subtest: bounded stopped entries coexist with 128 new pending operations; half bindings and extra fields fail
2026-09-22T16:27:43.0608355Z ok 114 - bounded stopped entries coexist with 128 new pending operations; half bindings and extra fields fail
2026-09-22T16:27:43.0609033Z   ---
2026-09-22T16:27:43.0609409Z   duration_ms: 803.707235
2026-09-22T16:27:43.0609892Z   type: 'test'
2026-09-22T16:27:43.0610297Z   ...
2026-09-22T16:27:43.0612178Z # Subtest: a restrictive prefix with an invalid tail stops the runtime intent in its accepted transaction
2026-09-22T16:27:43.0613909Z ok 115 - a restrictive prefix with an invalid tail stops the runtime intent in its accepted transaction
2026-09-22T16:27:43.0614732Z   ---
2026-09-22T16:27:43.0615096Z   duration_ms: 891.126045
2026-09-22T16:27:43.0615507Z   type: 'test'
2026-09-22T16:27:43.0615834Z   ...
2026-09-22T16:27:43.0618773Z # Subtest: stop retirement and removal of the corresponding intent share a private commit
2026-09-22T16:27:43.0619682Z ok 116 - stop retirement and removal of the corresponding intent share a private commit
2026-09-22T16:27:43.0620114Z   ---
2026-09-22T16:27:43.0620335Z   duration_ms: 1349.685401
2026-09-22T16:27:43.0620579Z   type: 'test'
2026-09-22T16:27:43.0620774Z   ...
2026-09-22T16:27:44.1963343Z # Subtest: runtime stop cancels its existing transport queue
2026-09-22T16:27:44.1964702Z ok 117 - runtime stop cancels its existing transport queue
2026-09-22T16:27:44.1965454Z   ---
2026-09-22T16:27:44.1966083Z   duration_ms: 1294.92017
2026-09-22T16:27:44.1966764Z   type: 'test'
2026-09-22T16:27:44.1967305Z   ...
2026-09-22T16:27:45.5742974Z # Subtest: runtime negative control delivers its existing transport queue
2026-09-22T16:27:45.5744256Z ok 118 - runtime negative control delivers its existing transport queue
2026-09-22T16:27:45.5745073Z   ---
2026-09-22T16:27:45.5745499Z   duration_ms: 1212.952199
2026-09-22T16:27:45.5745930Z   type: 'test'
2026-09-22T16:27:45.5746339Z   ...
2026-09-22T16:27:47.5921667Z # Subtest: real TCP cache request checks active author authority even after delivery completed
2026-09-22T16:27:47.5923478Z ok 119 - real TCP cache request checks active author authority even after delivery completed
2026-09-22T16:27:47.5924497Z   ---
2026-09-22T16:27:47.5925005Z   duration_ms: 1863.307171
2026-09-22T16:27:47.5925564Z   type: 'test'
2026-09-22T16:27:47.5926009Z   ...
2026-09-22T16:27:49.2648778Z # Subtest: real TCP cache request checks closed author authority even after delivery completed
2026-09-22T16:27:49.2649860Z ok 120 - real TCP cache request checks closed author authority even after delivery completed
2026-09-22T16:27:49.2650437Z   ---
2026-09-22T16:27:49.2650728Z   duration_ms: 1826.727945
2026-09-22T16:27:49.2651291Z   type: 'test'
2026-09-22T16:27:49.2651574Z   ...
2026-09-22T16:27:49.8573070Z # Subtest: real TCP cache request checks locked author authority even after delivery completed
2026-09-22T16:27:49.8574236Z ok 121 - real TCP cache request checks locked author authority even after delivery completed
2026-09-22T16:27:49.8574736Z   ---
2026-09-22T16:27:49.8575026Z   duration_ms: 1439.49233
2026-09-22T16:27:49.8575448Z   type: 'test'
2026-09-22T16:27:49.8575790Z   ...
2026-09-22T16:27:50.5172824Z # (node:6422) ExperimentalWarning: SQLite is an experimental feature and might change at any time
2026-09-22T16:27:50.5173980Z # (Use `node --trace-warnings ...` to show where the warning was created)
2026-09-22T16:27:50.5197304Z # Subtest: repeated authority reads share verified checkpoint work only inside an unchanged transaction
2026-09-22T16:27:50.5200382Z ok 122 - repeated authority reads share verified checkpoint work only inside an unchanged transaction
2026-09-22T16:27:50.5202374Z   ---
2026-09-22T16:27:50.5203265Z   duration_ms: 75.083358
2026-09-22T16:27:50.5204223Z   type: 'test'
2026-09-22T16:27:50.5205058Z   ...
2026-09-22T16:27:50.5206870Z # Subtest: a write after a cached read revalidates corruption and aborts the outer transaction
2026-09-22T16:27:50.5209191Z ok 123 - a write after a cached read revalidates corruption and aborts the outer transaction
2026-09-22T16:27:50.5210250Z   ---
2026-09-22T16:27:50.5210888Z   duration_ms: 44.724931
2026-09-22T16:27:50.5211935Z   type: 'test'
2026-09-22T16:27:50.5212512Z   ...
2026-09-22T16:27:50.5213567Z # Subtest: a closure in the same authority scope invalidates an earlier active view
2026-09-22T16:27:50.5214461Z ok 124 - a closure in the same authority scope invalidates an earlier active view
2026-09-22T16:27:50.5215589Z   ---
2026-09-22T16:27:50.5215956Z   duration_ms: 90.767313
2026-09-22T16:27:50.5216335Z   type: 'test'
2026-09-22T16:27:50.5216653Z   ...
2026-09-22T16:27:50.5217233Z # Subtest: a cached checkpoint cannot hide deletion of its referenced epoch: proof
2026-09-22T16:27:50.5218022Z ok 125 - a cached checkpoint cannot hide deletion of its referenced epoch: proof
2026-09-22T16:27:50.5218540Z   ---
2026-09-22T16:27:50.5218875Z   duration_ms: 41.097347
2026-09-22T16:27:50.5219231Z   type: 'test'
2026-09-22T16:27:50.5219537Z   ...
2026-09-22T16:27:50.5220111Z # Subtest: a cached checkpoint cannot hide deletion of its referenced snapshot: proof
2026-09-22T16:27:50.5220888Z ok 126 - a cached checkpoint cannot hide deletion of its referenced snapshot: proof
2026-09-22T16:27:50.5221733Z   ---
2026-09-22T16:27:50.5222243Z   duration_ms: 45.18937
2026-09-22T16:27:50.5222654Z   type: 'test'
2026-09-22T16:27:50.5222977Z   ...
2026-09-22T16:27:50.5223571Z # Subtest: the scoped checkpoint work cache evicts old groups instead of retaining every read
2026-09-22T16:27:50.5224313Z ok 127 - the scoped checkpoint work cache evicts old groups instead of retaining every read
2026-09-22T16:27:50.5224920Z   ---
2026-09-22T16:27:50.5225263Z   duration_ms: 181.216701
2026-09-22T16:27:50.5225662Z   type: 'test'
2026-09-22T16:27:50.5225996Z   ...
2026-09-22T16:27:55.3380789Z # (node:6441) ExperimentalWarning: SQLite is an experimental feature and might change at any time
2026-09-22T16:27:55.3412152Z # (Use `node --trace-warnings ...` to show where the warning was created)
2026-09-22T16:27:55.3472458Z # Subtest: creator state is encrypted, permanent and idempotent while its operation is retained
2026-09-22T16:27:55.3502349Z ok 128 - creator state is encrypted, permanent and idempotent while its operation is retained
2026-09-22T16:27:55.3503560Z   ---
2026-09-22T16:27:55.3522002Z   duration_ms: 92.736312
2026-09-22T16:27:55.3522738Z   type: 'test'
2026-09-22T16:27:55.3523253Z   ...
2026-09-22T16:27:55.3524357Z # Subtest: explicit invitation needs complete ancestry and fresh consent before local membership
2026-09-22T16:27:55.3526035Z ok 129 - explicit invitation needs complete ancestry and fresh consent before local membership
2026-09-22T16:27:55.3527072Z   ---
2026-09-22T16:27:55.3527612Z   duration_ms: 468.783182
2026-09-22T16:27:55.3528188Z   type: 'test'
2026-09-22T16:27:55.3528705Z   ...
2026-09-22T16:27:55.3529877Z # Subtest: unknown groups, invalid signer and signed orphan hints cannot allocate, advance or freeze authority
2026-09-22T16:27:55.3532001Z ok 130 - unknown groups, invalid signer and signed orphan hints cannot allocate, advance or freeze authority
2026-09-22T16:27:55.3550380Z   ---
2026-09-22T16:27:55.3561626Z   duration_ms: 114.724476
2026-09-22T16:27:55.3564461Z   type: 'test'
2026-09-22T16:27:55.3565160Z   ...
2026-09-22T16:27:55.3566077Z # Subtest: an incumbent cannot skip an invalid intermediate membership snapshot
2026-09-22T16:27:55.3567370Z ok 131 - an incumbent cannot skip an invalid intermediate membership snapshot
2026-09-22T16:27:55.3568201Z   ---
2026-09-22T16:27:55.3568683Z   duration_ms: 205.907452
2026-09-22T16:27:55.3569222Z   type: 'test'
2026-09-22T16:27:55.3569679Z   ...
2026-09-22T16:27:55.3570662Z # Subtest: creator equivocation freezes durably; stale hints do not choose or erase a branch
2026-09-22T16:27:55.3572409Z ok 132 - creator equivocation freezes durably; stale hints do not choose or erase a branch
2026-09-22T16:27:55.3573401Z   ---
2026-09-22T16:27:55.3573969Z   duration_ms: 190.986164
2026-09-22T16:27:55.3574568Z   type: 'test'
2026-09-22T16:27:55.3575055Z   ...
2026-09-22T16:27:55.3576160Z # Subtest: local leave survives restart and old consent replay; reentry requires a new committed nonce
2026-09-22T16:27:55.3577792Z ok 133 - local leave survives restart and old consent replay; reentry requires a new committed nonce
2026-09-22T16:27:55.3578805Z   ---
2026-09-22T16:27:55.3579324Z   duration_ms: 913.39748
2026-09-22T16:27:55.3579892Z   type: 'test'
2026-09-22T16:27:55.3580370Z   ...
2026-09-22T16:27:55.3583666Z # Subtest: a late join response cannot restore membership across a subsequent removal
2026-09-22T16:27:55.3584882Z ok 134 - a late join response cannot restore membership across a subsequent removal
2026-09-22T16:27:55.3585580Z   ---
2026-09-22T16:27:55.3585954Z   duration_ms: 329.263695
2026-09-22T16:27:55.3586367Z   type: 'test'
2026-09-22T16:27:55.3586691Z   ...
2026-09-22T16:27:55.3587528Z # Subtest: storage pressure persists a stop checkpoint instead of using an obsolete roster
2026-09-22T16:27:55.3588781Z ok 135 - storage pressure persists a stop checkpoint instead of using an obsolete roster
2026-09-22T16:27:55.3589505Z   ---
2026-09-22T16:27:55.3589868Z   duration_ms: 97.357524
2026-09-22T16:27:55.3590271Z   type: 'test'
2026-09-22T16:27:55.3590593Z   ...
2026-09-22T16:27:55.3591829Z # Subtest: closure and a stale expected parent cannot create a successor or bypass idempotency
2026-09-22T16:27:55.3593168Z ok 136 - closure and a stale expected parent cannot create a successor or bypass idempotency
2026-09-22T16:27:55.3593923Z   ---
2026-09-22T16:27:55.3594284Z   duration_ms: 196.24452
2026-09-22T16:27:55.3594689Z   type: 'test'
2026-09-22T16:27:55.3595014Z   ...
2026-09-22T16:27:55.3595782Z # Subtest: 64 remembered groups are retained; capacity is not reset by closing them
2026-09-22T16:27:55.3596948Z ok 137 - 64 remembered groups are retained; capacity is not reset by closing them
2026-09-22T16:27:55.3597624Z   ---
2026-09-22T16:27:55.3597989Z   duration_ms: 1971.320478
2026-09-22T16:27:55.3598425Z   type: 'test'
2026-09-22T16:27:55.3598752Z   ...
2026-09-22T16:27:55.7517721Z # Subtest: two real creator processes use compare-and-set and cannot commit siblings in one registry
2026-09-22T16:27:55.7519275Z ok 138 - two real creator processes use compare-and-set and cannot commit siblings in one registry
2026-09-22T16:27:55.7519804Z   ---
2026-09-22T16:27:55.7520059Z   duration_ms: 417.820214
2026-09-22T16:27:55.7520330Z   type: 'test'
2026-09-22T16:27:55.7520540Z   ...
2026-09-22T16:28:07.0980610Z # Subtest: real process crashes preserve atomic authority and the original operation after a lost response
2026-09-22T16:28:07.0982521Z ok 139 - real process crashes preserve atomic authority and the original operation after a lost response
2026-09-22T16:28:07.0983243Z   ---
2026-09-22T16:28:07.0983554Z   duration_ms: 495.379025
2026-09-22T16:28:07.0983899Z   type: 'test'
2026-09-22T16:28:07.0984171Z   ...
2026-09-22T16:28:07.0992960Z # Subtest: later snapshots wait for a missing intermediate state and activate after its verified arrival
2026-09-22T16:28:07.0994857Z ok 140 - later snapshots wait for a missing intermediate state and activate after its verified arrival
2026-09-22T16:28:07.0995968Z   ---
2026-09-22T16:28:07.0996450Z   duration_ms: 737.613067
2026-09-22T16:28:07.0996809Z   type: 'test'
2026-09-22T16:28:07.0997094Z   ...
2026-09-22T16:28:07.0997943Z # Subtest: capacity recovery adopts the exact stopped header and still needs its private state
2026-09-22T16:28:07.0999496Z ok 141 - capacity recovery adopts the exact stopped header and still needs its private state
2026-09-22T16:28:07.1000160Z   ---
2026-09-22T16:28:07.1000458Z   duration_ms: 189.387819
2026-09-22T16:28:07.1000794Z   type: 'test'
2026-09-22T16:28:07.1001217Z   ...
2026-09-22T16:28:07.1001984Z # Subtest: snapshot capacity stops survive restart; freeing space alone cannot reactivate membership
2026-09-22T16:28:07.1003134Z ok 142 - snapshot capacity stops survive restart; freeing space alone cannot reactivate membership
2026-09-22T16:28:07.1003788Z   ---
2026-09-22T16:28:07.1004097Z   duration_ms: 179.347397
2026-09-22T16:28:07.1004438Z   type: 'test'
2026-09-22T16:28:07.1004711Z   ...
2026-09-22T16:28:07.1005894Z # Subtest: a real sibling proof during capacity suspension freezes permanently and is retrievable
2026-09-22T16:28:07.1007189Z ok 143 - a real sibling proof during capacity suspension freezes permanently and is retrievable
2026-09-22T16:28:07.1008236Z   ---
2026-09-22T16:28:07.1008722Z   duration_ms: 124.578477
2026-09-22T16:28:07.1009803Z   type: 'test'
2026-09-22T16:28:07.1010242Z   ...
2026-09-22T16:28:07.1010869Z # Subtest: finite operation retention follows authenticated revisions and leaves group proofs intact
2026-09-22T16:28:07.1012156Z ok 144 - finite operation retention follows authenticated revisions and leaves group proofs intact
2026-09-22T16:28:07.1012965Z   ---
2026-09-22T16:28:07.1013350Z   duration_ms: 4375.940603
2026-09-22T16:28:07.1013772Z   type: 'test'
2026-09-22T16:28:07.1014101Z   ...
2026-09-22T16:28:07.1015026Z # Subtest: authenticated but malformed authority records fail closed instead of trusting falsy fields or cursors
2026-09-22T16:28:07.1016564Z ok 145 - authenticated but malformed authority records fail closed instead of trusting falsy fields or cursors
2026-09-22T16:28:07.1017479Z   ---
2026-09-22T16:28:07.1017863Z   duration_ms: 70.291245
2026-09-22T16:28:07.1018534Z   type: 'test'
2026-09-22T16:28:07.1019050Z   ...
2026-09-22T16:28:07.1033201Z # Subtest: corrupt retained operation cannot fabricate a successful response
2026-09-22T16:28:07.1034316Z ok 146 - corrupt retained operation cannot fabricate a successful response
2026-09-22T16:28:07.1034941Z   ---
2026-09-22T16:28:07.1035299Z   duration_ms: 14.17213
2026-09-22T16:28:07.1035720Z   type: 'test'
2026-09-22T16:28:07.1036064Z   ...
2026-09-22T16:28:07.1036909Z # Subtest: local leave and creator closure remain durable under full ordinary metadata capacity
2026-09-22T16:28:07.1038264Z ok 147 - local leave and creator closure remain durable under full ordinary metadata capacity
2026-09-22T16:28:07.1039010Z   ---
2026-09-22T16:28:07.1039403Z   duration_ms: 422.006353
2026-09-22T16:28:07.1039839Z   type: 'test'
2026-09-22T16:28:07.1040171Z   ...
2026-09-22T16:28:07.1041563Z # Subtest: a malformed trailing proof cannot roll back an already verified removal in the same page
2026-09-22T16:28:07.1043124Z ok 148 - a malformed trailing proof cannot roll back an already verified removal in the same page
2026-09-22T16:28:07.1062138Z   ---
2026-09-22T16:28:07.1092165Z   duration_ms: 423.6128
2026-09-22T16:28:07.1092598Z   type: 'test'
2026-09-22T16:28:07.1092938Z   ...
2026-09-22T16:28:07.1093484Z # Subtest: the declared maximum checkpoints and stop receipts fit the reserved SQLite budget
2026-09-22T16:28:07.1094252Z ok 149 - the declared maximum checkpoints and stop receipts fit the reserved SQLite budget
2026-09-22T16:28:07.1094692Z   ---
2026-09-22T16:28:07.1094914Z   duration_ms: 204.113644
2026-09-22T16:28:07.1095164Z   type: 'test'
2026-09-22T16:28:07.1095357Z   ...
2026-09-22T16:28:07.1095893Z # Subtest: retirement rechecks every operation signature after caching a group in the same transaction
2026-09-22T16:28:07.1096702Z ok 150 - retirement rechecks every operation signature after caching a group in the same transaction
2026-09-22T16:28:07.1097170Z   ---
2026-09-22T16:28:07.1097393Z   duration_ms: 4136.285749
2026-09-22T16:28:07.1097654Z   type: 'test'
2026-09-22T16:28:07.1097853Z   ...
2026-09-22T16:28:07.4875203Z # (node:6517) ExperimentalWarning: SQLite is an experimental feature and might change at any time
2026-09-22T16:28:07.4876754Z # (Use `node --trace-warnings ...` to show where the warning was created)
2026-09-22T16:28:11.2376127Z # Subtest: authenticated Node group management persists membership and restrictive proofs
2026-09-22T16:28:11.2378029Z ok 151 - authenticated Node group management persists membership and restrictive proofs
2026-09-22T16:28:11.2378721Z   ---
2026-09-22T16:28:11.2379054Z   duration_ms: 3642.358133
2026-09-22T16:28:11.2379439Z   type: 'test'
2026-09-22T16:28:11.2379727Z   ...
2026-09-22T16:28:11.3814664Z # Subtest: group API recovers a committed command whose response was lost without creating a second group
2026-09-22T16:28:11.3816161Z ok 152 - group API recovers a committed command whose response was lost without creating a second group
2026-09-22T16:28:11.3816924Z   ---
2026-09-22T16:28:11.3817260Z   duration_ms: 256.363191
2026-09-22T16:28:11.3817670Z   type: 'test'
2026-09-22T16:28:11.3817952Z   ...
2026-09-22T16:28:12.5723097Z # (node:6562) ExperimentalWarning: SQLite is an experimental feature and might change at any time
2026-09-22T16:28:12.5724651Z # (Use `node --trace-warnings ...` to show where the warning was created)
2026-09-22T16:28:14.1692508Z # Subtest: group send intent rollback has no transport side effect
2026-09-22T16:28:14.1693770Z ok 153 - group send intent rollback has no transport side effect
2026-09-22T16:28:14.1694837Z   ---
2026-09-22T16:28:14.1695265Z   duration_ms: 1710.001593
2026-09-22T16:28:14.1695774Z   type: 'test'
2026-09-22T16:28:14.1696172Z   ...
2026-09-22T16:28:16.2663046Z # Subtest: group send intent lost response has no transport side effect
2026-09-22T16:28:16.2664470Z ok 154 - group send intent lost response has no transport side effect
2026-09-22T16:28:16.2665344Z   ---
2026-09-22T16:28:16.2665943Z   duration_ms: 2099.467056
2026-09-22T16:28:16.2666503Z   type: 'test'
2026-09-22T16:28:16.2666895Z   ...
2026-09-22T16:28:18.7650925Z # Subtest: group send recovers original stored bytes after ready rollback
2026-09-22T16:28:18.7652588Z ok 155 - group send recovers original stored bytes after ready rollback
2026-09-22T16:28:18.7653255Z   ---
2026-09-22T16:28:18.7653645Z   duration_ms: 2502.488914
2026-09-22T16:28:18.7654100Z   type: 'test'
2026-09-22T16:28:18.7654454Z   ...
2026-09-22T16:28:21.2098142Z # Subtest: group send recovers original stored bytes after lost ready response
2026-09-22T16:28:21.2099715Z ok 156 - group send recovers original stored bytes after lost ready response
2026-09-22T16:28:21.2100730Z   ---
2026-09-22T16:28:21.2101566Z   duration_ms: 2457.419817
2026-09-22T16:28:21.2102166Z   type: 'test'
2026-09-22T16:28:21.2102733Z   ...
2026-09-22T16:28:22.6506505Z # Subtest: a reported content-store failure cannot leak the new group packet or silently create another ID
2026-09-22T16:28:22.6508427Z ok 157 - a reported content-store failure cannot leak the new group packet or silently create another ID
2026-09-22T16:28:22.6509528Z   ---
2026-09-22T16:28:22.6510028Z   duration_ms: 2128.095991
2026-09-22T16:28:22.6510675Z   type: 'test'
2026-09-22T16:28:22.6511404Z   ...
2026-09-22T16:28:28.2523051Z # Subtest: actual group send APIs create durable encrypted text, attachment and reply over TCP without global contacts
2026-09-22T16:28:28.2525157Z ok 158 - actual group send APIs create durable encrypted text, attachment and reply over TCP without global contacts
2026-09-22T16:28:28.2526506Z   ---
2026-09-22T16:28:28.2527163Z   duration_ms: 5415.16327
2026-09-22T16:28:28.2527805Z   type: 'test'
2026-09-22T16:28:28.2528358Z   ...
2026-09-22T16:28:32.0758704Z # Subtest: new group sends require current head and exact snapshot audience; retained operation remains immutable
2026-09-22T16:28:32.0760224Z ok 159 - new group sends require current head and exact snapshot audience; retained operation remains immutable
2026-09-22T16:28:32.0760951Z   ---
2026-09-22T16:28:32.0762877Z   duration_ms: 3826.070114
2026-09-22T16:28:32.0763232Z   type: 'test'
2026-09-22T16:28:32.0763522Z   ...
2026-09-22T16:28:32.4102614Z # (node:6634) ExperimentalWarning: SQLite is an experimental feature and might change at any time
2026-09-22T16:28:32.4104458Z # (Use `node --trace-warnings ...` to show where the warning was created)
2026-09-22T16:28:32.4141427Z # Subtest: encrypted metadata survives close/reopen; uncommitted work and transaction handles cannot escape
2026-09-22T16:28:32.4143500Z ok 160 - encrypted metadata survives close/reopen; uncommitted work and transaction handles cannot escape
2026-09-22T16:28:32.4144796Z   ---
2026-09-22T16:28:32.4145655Z   duration_ms: 24.752944
2026-09-22T16:28:32.4146468Z   type: 'test'
2026-09-22T16:28:32.4147114Z   ...
2026-09-22T16:28:32.4148410Z # Subtest: absence, truncation, wrong identity, wrong signing authority and extra SQL schema fail closed
2026-09-22T16:28:32.4150267Z ok 161 - absence, truncation, wrong identity, wrong signing authority and extra SQL schema fail closed
2026-09-22T16:28:32.4156375Z   ---
2026-09-22T16:28:32.4157083Z   duration_ms: 9.937256
2026-09-22T16:28:32.4158488Z   type: 'test'
2026-09-22T16:28:32.4159166Z   ...
2026-09-22T16:28:32.4160191Z # Subtest: unknown schema cannot hide behind a similar SQLite prefix
2026-09-22T16:28:32.4161724Z ok 162 - unknown schema cannot hide behind a similar SQLite prefix
2026-09-22T16:28:32.4162572Z   ---
2026-09-22T16:28:32.4163161Z   duration_ms: 5.823001
2026-09-22T16:28:32.4163865Z   type: 'test'
2026-09-22T16:28:32.4164504Z   ...
2026-09-22T16:28:32.4165643Z # Subtest: valid encryption with only the reading key cannot forge a locally signed fence
2026-09-22T16:28:32.4167403Z ok 163 - valid encryption with only the reading key cannot forge a locally signed fence
2026-09-22T16:28:32.4168473Z   ---
2026-09-22T16:28:32.4169227Z   duration_ms: 10.077408
2026-09-22T16:28:32.4169948Z   type: 'test'
2026-09-22T16:28:32.4170587Z   ...
2026-09-22T16:28:32.4206085Z # Subtest: checkpoint corruption, deletion, wrong SQL type and oversize are rejected before trusting state
2026-09-22T16:28:32.4208127Z ok 164 - checkpoint corruption, deletion, wrong SQL type and oversize are rejected before trusting state
2026-09-22T16:28:32.4209248Z   ---
2026-09-22T16:28:32.4209820Z   duration_ms: 30.05824
2026-09-22T16:28:32.4210435Z   type: 'test'
2026-09-22T16:28:32.4210964Z   ...
2026-09-22T16:28:32.4212568Z # Subtest: complete valid backup rollback is an explicit limitation; a pinned different registry is rejected
2026-09-22T16:28:32.4214318Z ok 165 - complete valid backup rollback is an explicit limitation; a pinned different registry is rejected
2026-09-22T16:28:32.4215438Z   ---
2026-09-22T16:28:32.4216002Z   duration_ms: 15.041113
2026-09-22T16:28:32.4216596Z   type: 'test'
2026-09-22T16:28:32.4217080Z   ...
2026-09-22T16:28:32.4218331Z # Subtest: ciphertext substitution, swallowed integrity errors and stale index replay cannot change a committed record
2026-09-22T16:28:32.4220233Z ok 166 - ciphertext substitution, swallowed integrity errors and stale index replay cannot change a committed record
2026-09-22T16:28:32.4221545Z   ---
2026-09-22T16:28:32.4222132Z   duration_ms: 14.626166
2026-09-22T16:28:32.4222738Z   type: 'test'
2026-09-22T16:28:32.4223296Z   ...
2026-09-22T16:28:32.4224339Z # Subtest: a replacement callback error cannot erase an observed integrity failure
2026-09-22T16:28:32.4225755Z ok 167 - a replacement callback error cannot erase an observed integrity failure
2026-09-22T16:28:32.4226619Z   ---
2026-09-22T16:28:32.4227164Z   duration_ms: 7.678431
2026-09-22T16:28:32.4227735Z   type: 'test'
2026-09-22T16:28:32.4228226Z   ...
2026-09-22T16:28:32.4229205Z # Subtest: record AAD binds logical key and revision even beneath a freshly signed index
2026-09-22T16:28:32.4230575Z ok 168 - record AAD binds logical key and revision even beneath a freshly signed index
2026-09-22T16:28:32.4231645Z   ---
2026-09-22T16:28:32.4232173Z   duration_ms: 10.082749
2026-09-22T16:28:32.4232741Z   type: 'test'
2026-09-22T16:28:32.4233247Z   ...
2026-09-22T16:28:32.4234305Z # Subtest: ordinary metadata cannot consume the checkpoint reserve; capacity failure is atomic
2026-09-22T16:28:32.4235866Z ok 169 - ordinary metadata cannot consume the checkpoint reserve; capacity failure is atomic
2026-09-22T16:28:32.4236791Z   ---
2026-09-22T16:28:32.4237315Z   duration_ms: 14.446631
2026-09-22T16:28:32.4237876Z   type: 'test'
2026-09-22T16:28:32.4238363Z   ...
2026-09-22T16:28:32.5996965Z # Subtest: abrupt writer process death rolls back staged SQL and preserves the last authenticated checkpoint
2026-09-22T16:28:32.5998921Z ok 170 - abrupt writer process death rolls back staged SQL and preserves the last authenticated checkpoint
2026-09-22T16:28:32.6000062Z   ---
2026-09-22T16:28:32.6000643Z   duration_ms: 191.334131
2026-09-22T16:28:32.6001536Z   type: 'test'
2026-09-22T16:28:32.6002090Z   ...
2026-09-22T16:28:32.8680666Z # Subtest: two actual writer processes serialize read-modify-write without losing updates
2026-09-22T16:28:32.8682875Z ok 171 - two actual writer processes serialize read-modify-write without losing updates
2026-09-22T16:28:32.8683347Z   ---
2026-09-22T16:28:32.8684340Z   duration_ms: 277.775435
2026-09-22T16:28:32.8684811Z   type: 'test'
2026-09-22T16:28:32.8685152Z   ...
2026-09-22T16:28:35.6890938Z # (node:6707) ExperimentalWarning: SQLite is an experimental feature and might change at any time
2026-09-22T16:28:35.6893014Z # (Use `node --trace-warnings ...` to show where the warning was created)
2026-09-22T16:28:35.6911725Z # Subtest: control store failures still consume the bounded publication budget
2026-09-22T16:28:35.6913391Z ok 172 - control store failures still consume the bounded publication budget
2026-09-22T16:28:35.6914384Z   ---
2026-09-22T16:28:35.6914861Z   duration_ms: 536.016035
2026-09-22T16:28:35.6915473Z   type: 'test'
2026-09-22T16:28:35.6915948Z   ...
2026-09-22T16:28:35.6920579Z # Subtest: control transport failures still consume the bounded publication budget
2026-09-22T16:28:35.6922112Z ok 173 - control transport failures still consume the bounded publication budget
2026-09-22T16:28:35.6922847Z   ---
2026-09-22T16:28:35.6923297Z   duration_ms: 489.313902
2026-09-22T16:28:35.6923787Z   type: 'test'
2026-09-22T16:28:35.6924128Z   ...
2026-09-22T16:28:35.6924978Z # Subtest: network responses obey the producer cache quota without evicting pinned controls
2026-09-22T16:28:35.6927470Z ok 174 - network responses obey the producer cache quota without evicting pinned controls
2026-09-22T16:28:35.6928243Z   ---
2026-09-22T16:28:35.6928631Z   duration_ms: 1624.852718
2026-09-22T16:28:35.6928904Z   type: 'test'
2026-09-22T16:28:35.6929112Z   ...
2026-09-22T16:28:39.3664317Z # Subtest: real wire delivers newest snapshot before missing predecessors and projects the verified newest title
2026-09-22T16:28:39.3666368Z ok 175 - real wire delivers newest snapshot before missing predecessors and projects the verified newest title
2026-09-22T16:28:39.3667681Z   ---
2026-09-22T16:28:39.3668334Z   duration_ms: 3420.09907
2026-09-22T16:28:39.3669115Z   type: 'test'
2026-09-22T16:28:39.3669517Z   ...
2026-09-22T16:28:43.8708855Z # Subtest: available encrypted controls replay before a locked member can retry or sign after removal
2026-09-22T16:28:43.8710504Z ok 176 - available encrypted controls replay before a locked member can retry or sign after removal
2026-09-22T16:28:43.8711619Z   ---
2026-09-22T16:28:43.8712123Z   duration_ms: 4264.449717
2026-09-22T16:28:43.8712678Z   type: 'test'
2026-09-22T16:28:43.8713108Z   ...
2026-09-22T16:28:57.7156405Z # Subtest: Node control requests recover lost responses and revalidate authority on identical retries
2026-09-22T16:28:57.7158067Z ok 177 - Node control requests recover lost responses and revalidate authority on identical retries
2026-09-22T16:28:57.7158975Z   ---
2026-09-22T16:28:57.7159395Z   duration_ms: 13604.88614
2026-09-22T16:28:57.7159883Z   type: 'test'
2026-09-22T16:28:57.7160268Z   ...
2026-09-22T16:29:07.7879710Z # Subtest: real Node control proofs heal a partition from another member after creator stops
2026-09-22T16:29:07.7881841Z ok 178 - real Node control proofs heal a partition from another member after creator stops
2026-09-22T16:29:07.7882884Z   ---
2026-09-22T16:29:07.7883277Z   duration_ms: 9894.884041
2026-09-22T16:29:07.7883878Z   type: 'test'
2026-09-22T16:29:07.7884313Z   ...
2026-09-22T16:29:18.2879281Z # Subtest: Node control proofs traverse TCP and serial PTYs, with partition, relay-off and offline opaque seeder controls
2026-09-22T16:29:18.2881525Z ok 179 - Node control proofs traverse TCP and serial PTYs, with partition, relay-off and offline opaque seeder controls
2026-09-22T16:29:18.2882658Z   ---
2026-09-22T16:29:18.2882979Z   duration_ms: 10308.362176
2026-09-22T16:29:18.2883317Z   type: 'test'
2026-09-22T16:29:18.2883579Z   ...
2026-09-22T16:29:21.6384795Z # Subtest: real Node peers synchronise epoch snapshots and closure without HTTP proof transfer after setup
2026-09-22T16:29:21.6386434Z ok 180 - real Node peers synchronise epoch snapshots and closure without HTTP proof transfer after setup
2026-09-22T16:29:21.6387277Z   ---
2026-09-22T16:29:21.6387641Z   duration_ms: 3171.106986
2026-09-22T16:29:21.6388648Z   type: 'test'
2026-09-22T16:29:21.6388985Z   ...
2026-09-22T16:29:29.9443939Z # Subtest: remembered invitation fetches paginated public ancestry automatically but no pre-join private snapshot
2026-09-22T16:29:29.9445173Z ok 181 - remembered invitation fetches paginated public ancestry automatically but no pre-join private snapshot
2026-09-22T16:29:29.9446085Z   ---
2026-09-22T16:29:29.9446656Z   duration_ms: 8308.496433
2026-09-22T16:29:29.9447104Z   type: 'test'
2026-09-22T16:29:29.9447439Z   ...
2026-09-22T16:29:30.4644109Z # (node:6994) ExperimentalWarning: SQLite is an experimental feature and might change at any time
2026-09-22T16:29:30.4645286Z # (Use `node --trace-warnings ...` to show where the warning was created)
2026-09-22T16:29:30.4672513Z # Subtest: group and private document share one commit; callback rollback and expired scopes cannot leak writes
2026-09-22T16:29:30.4676402Z ok 182 - group and private document share one commit; callback rollback and expired scopes cannot leak writes
2026-09-22T16:29:30.4677323Z   ---
2026-09-22T16:29:30.4677836Z   duration_ms: 89.329618
2026-09-22T16:29:30.4678369Z   type: 'test'
2026-09-22T16:29:30.4678654Z   ...
2026-09-22T16:29:30.4679741Z # Subtest: swallowing a scoped operation failure cannot commit earlier group or private writes
2026-09-22T16:29:30.4684303Z ok 183 - swallowing a scoped operation failure cannot commit earlier group or private writes
2026-09-22T16:29:30.4685008Z   ---
2026-09-22T16:29:30.4685421Z   duration_ms: 34.995327
2026-09-22T16:29:30.4685975Z   type: 'test'
2026-09-22T16:29:30.4686329Z   ...
2026-09-22T16:29:30.4710768Z # Subtest: a verified closure and private decision commit despite a rejected proof tail
2026-09-22T16:29:30.4712426Z ok 184 - a verified closure and private decision commit despite a rejected proof tail
2026-09-22T16:29:30.4713235Z   ---
2026-09-22T16:29:30.4713663Z   duration_ms: 82.083926
2026-09-22T16:29:30.4714132Z   type: 'test'
2026-09-22T16:29:30.4714501Z   ...
2026-09-22T16:29:30.4715484Z # Subtest: even swallowing the entire authority scope error cannot commit the outer transaction
2026-09-22T16:29:30.4716908Z ok 185 - even swallowing the entire authority scope error cannot commit the outer transaction
2026-09-22T16:29:30.4717680Z   ---
2026-09-22T16:29:30.4718041Z   duration_ms: 25.71276
2026-09-22T16:29:30.4718444Z   type: 'test'
2026-09-22T16:29:30.4718785Z   ...
2026-09-22T16:29:30.4719831Z # Subtest: minimal authority fence commits at full ordinary quota without growing the private document
2026-09-22T16:29:30.4721700Z ok 186 - minimal authority fence commits at full ordinary quota without growing the private document
2026-09-22T16:29:30.4722611Z   ---
2026-09-22T16:29:30.4723029Z   duration_ms: 115.053209
2026-09-22T16:29:30.4723519Z   type: 'test'
2026-09-22T16:29:30.4723893Z   ...
2026-09-22T16:29:40.3533996Z # Subtest: three processes TCP → serial PTY, partition/heal, relay control and publisher-offline seeder takeover
2026-09-22T16:29:40.3536075Z ok 187 - three processes TCP → serial PTY, partition/heal, relay control and publisher-offline seeder takeover
2026-09-22T16:29:40.3537098Z   ---
2026-09-22T16:29:40.3537538Z   duration_ms: 9692.211595
2026-09-22T16:29:40.3538026Z   type: 'test'
2026-09-22T16:29:40.3538420Z   ...
2026-09-22T16:29:47.5078249Z # Subtest: a delayed fixture client submits a non-idempotent operation once after the server closes idle HTTP sockets
2026-09-22T16:29:47.5079752Z ok 188 - a delayed fixture client submits a non-idempotent operation once after the server closes idle HTTP sockets
2026-09-22T16:29:47.5080516Z   ---
2026-09-22T16:29:47.5080818Z   duration_ms: 6981.087609
2026-09-22T16:29:47.5081509Z   type: 'test'
2026-09-22T16:29:47.5083853Z   ...
2026-09-22T16:29:48.7405829Z # Subtest: language variants resolve to supported choices and invalid selection preserves the current language
2026-09-22T16:29:48.7407962Z ok 189 - language variants resolve to supported choices and invalid selection preserves the current language
2026-09-22T16:29:48.7409827Z   ---
2026-09-22T16:29:48.7410773Z   duration_ms: 1.080301
2026-09-22T16:29:48.7411720Z   type: 'test'
2026-09-22T16:29:48.7412331Z   ...
2026-09-22T16:29:48.7413568Z # Subtest: context and interpolation preserve raw names without recursively translating parameters
2026-09-22T16:29:48.7415340Z ok 190 - context and interpolation preserve raw names without recursively translating parameters
2026-09-22T16:29:48.7416436Z   ---
2026-09-22T16:29:48.7417037Z   duration_ms: 0.274664
2026-09-22T16:29:48.7417727Z   type: 'test'
2026-09-22T16:29:48.7418316Z   ...
2026-09-22T16:29:48.7419572Z # Subtest: every catalog entry is unique, nonempty and retains all named parameters in both languages
2026-09-22T16:29:48.7421559Z ok 191 - every catalog entry is unique, nonempty and retains all named parameters in both languages
2026-09-22T16:29:48.7422671Z   ---
2026-09-22T16:29:48.7423306Z   duration_ms: 8.353356
2026-09-22T16:29:48.7423986Z   type: 'test'
2026-09-22T16:29:48.7424540Z   ...
2026-09-22T16:29:48.7425502Z # Subtest: literal UI lookups and state-label maps all have catalog entries
2026-09-22T16:29:48.7426856Z ok 192 - literal UI lookups and state-label maps all have catalog entries
2026-09-22T16:29:48.7427778Z   ---
2026-09-22T16:29:48.7428368Z   duration_ms: 288.983453
2026-09-22T16:29:48.7429031Z   type: 'test'
2026-09-22T16:29:48.7429504Z   ...
2026-09-22T16:29:50.6615191Z # Subtest: real processes: private conversation, receipt, unauthorized edit, social and restart recovery
2026-09-22T16:29:50.6616950Z ok 193 - real processes: private conversation, receipt, unauthorized edit, social and restart recovery
2026-09-22T16:29:50.6617894Z   ---
2026-09-22T16:29:50.6618331Z   duration_ms: 1710.954679
2026-09-22T16:29:50.6618825Z   type: 'test'
2026-09-22T16:29:50.6619212Z   ...
2026-09-22T16:29:51.4959012Z # Subtest: offline control rejects a live origin and proves socket refusal after normal and signal termination
2026-09-22T16:29:51.4962998Z ok 194 - offline control rejects a live origin and proves socket refusal after normal and signal termination
2026-09-22T16:29:51.4963630Z   ---
2026-09-22T16:29:51.4963896Z   duration_ms: 657.894831
2026-09-22T16:29:51.4964164Z   type: 'test'
2026-09-22T16:29:51.4964371Z   ...
2026-09-22T16:29:59.6898424Z # (node:7189) ExperimentalWarning: SQLite is an experimental feature and might change at any time
2026-09-22T16:29:59.6900124Z # (Use `node --trace-warnings ...` to show where the warning was created)
2026-09-22T16:29:59.6905360Z # (node:7189) ExperimentalWarning: The MockTimers API is an experimental feature and might change at any time
2026-09-22T16:29:59.6937641Z # Subtest: offline send is encrypted, pinned, idempotent and recovers the same operation after restart
2026-09-22T16:29:59.6939279Z ok 195 - offline send is encrypted, pinned, idempotent and recovers the same operation after restart
2026-09-22T16:29:59.6951141Z   ---
2026-09-22T16:29:59.6962402Z   duration_ms: 225.335421
2026-09-22T16:29:59.6963031Z   type: 'test'
2026-09-22T16:29:59.6963548Z   ...
2026-09-22T16:29:59.6964665Z # Subtest: preparing journal reconciles surviving exact bytes and never regenerates missing content
2026-09-22T16:29:59.6966365Z ok 196 - preparing journal reconciles surviving exact bytes and never regenerates missing content
2026-09-22T16:29:59.6967379Z   ---
2026-09-22T16:29:59.6967930Z   duration_ms: 121.735516
2026-09-22T16:29:59.6968526Z   type: 'test'
2026-09-22T16:29:59.6968973Z   ...
2026-09-22T16:29:59.6969987Z # Subtest: transport rejection after local acceptance stays pending and cannot crash periodic sync
2026-09-22T16:29:59.6971917Z ok 197 - transport rejection after local acceptance stays pending and cannot crash periodic sync
2026-09-22T16:29:59.6972796Z   ---
2026-09-22T16:29:59.7008920Z   duration_ms: 132.680841
2026-09-22T16:29:59.7009499Z   type: 'test'
2026-09-22T16:29:59.7009862Z   ...
2026-09-22T16:29:59.7010899Z # Subtest: per-reader signed delivery/read confirmations survive paging, replay, eviction and restart
2026-09-22T16:29:59.7013014Z ok 198 - per-reader signed delivery/read confirmations survive paging, replay, eviction and restart
2026-09-22T16:29:59.7014169Z   ---
2026-09-22T16:29:59.7014899Z   duration_ms: 927.094589
2026-09-22T16:29:59.7015519Z   type: 'test'
2026-09-22T16:29:59.7016028Z   ...
2026-09-22T16:29:59.7017102Z # Subtest: public, foreign-author and wrong-reader confirmations cannot advance a durable send
2026-09-22T16:29:59.7018693Z ok 199 - public, foreign-author and wrong-reader confirmations cannot advance a durable send
2026-09-22T16:29:59.7023292Z   ---
2026-09-22T16:29:59.7023901Z   duration_ms: 138.385063
2026-09-22T16:29:59.7024517Z   type: 'test'
2026-09-22T16:29:59.7025027Z   ...
2026-09-22T16:29:59.7026055Z # Subtest: expiry remains visible after payload removal and explicit user pin is preserved
2026-09-22T16:29:59.7027486Z ok 200 - expiry remains visible after payload removal and explicit user pin is preserved
2026-09-22T16:29:59.7028395Z   ---
2026-09-22T16:29:59.7028940Z   duration_ms: 208.443409
2026-09-22T16:29:59.7029602Z   type: 'test'
2026-09-22T16:29:59.7030003Z   ...
2026-09-22T16:29:59.7031272Z # Subtest: corrupted reserved bytes become unavailable without a new signed publication
2026-09-22T16:29:59.7033047Z ok 201 - corrupted reserved bytes become unavailable without a new signed publication
2026-09-22T16:29:59.7033714Z   ---
2026-09-22T16:29:59.7034282Z   duration_ms: 112.466384
2026-09-22T16:29:59.7034705Z   type: 'test'
2026-09-22T16:29:59.7035075Z   ...
2026-09-22T16:29:59.7036091Z # Subtest: blocked incomplete sends retain bounded reservation; blocked group readers do not break viewing
2026-09-22T16:29:59.7037666Z ok 202 - blocked incomplete sends retain bounded reservation; blocked group readers do not break viewing
2026-09-22T16:29:59.7038562Z   ---
2026-09-22T16:29:59.7038979Z   duration_ms: 248.856003
2026-09-22T16:29:59.7039439Z   type: 'test'
2026-09-22T16:29:59.7039808Z   ...
2026-09-22T16:29:59.7040680Z # Subtest: pending count/byte reservations and restored metadata ownership are bounded
2026-09-22T16:29:59.7042308Z ok 203 - pending count/byte reservations and restored metadata ownership are bounded
2026-09-22T16:29:59.7042992Z   ---
2026-09-22T16:29:59.7043227Z   duration_ms: 142.269501
2026-09-22T16:29:59.7043486Z   type: 'test'
2026-09-22T16:29:59.7043687Z   ...
2026-09-22T16:29:59.7044483Z # Subtest: a content-file directory flush error preserves the recorded operation instead of signing a replacement
2026-09-22T16:29:59.7045538Z ok 204 - a content-file directory flush error preserves the recorded operation instead of signing a replacement
2026-09-22T16:29:59.7046051Z   ---
2026-09-22T16:29:59.7046372Z   duration_ms: 104.734068
2026-09-22T16:29:59.7046651Z   type: 'test'
2026-09-22T16:29:59.7046843Z   ...
2026-09-22T16:29:59.7047358Z # Subtest: incoming read confirmation is journalled before its admission evicts the original
2026-09-22T16:29:59.7048194Z ok 205 - incoming read confirmation is journalled before its admission evicts the original
2026-09-22T16:29:59.7048726Z   ---
2026-09-22T16:29:59.7048958Z   duration_ms: 126.069101
2026-09-22T16:29:59.7049216Z   type: 'test'
2026-09-22T16:29:59.7049409Z   ...
2026-09-22T16:29:59.7050108Z # Subtest: read confirmation uses the signed roster when contact learning fails and can be reissued after eviction
2026-09-22T16:29:59.7051401Z ok 206 - read confirmation uses the signed roster when contact learning fails and can be reissued after eviction
2026-09-22T16:29:59.7052557Z   ---
2026-09-22T16:29:59.7052974Z   duration_ms: 120.111652
2026-09-22T16:29:59.7053446Z   type: 'test'
2026-09-22T16:29:59.7053789Z   ...
2026-09-22T16:29:59.7054787Z # Subtest: saved peer connection remains idempotent at capacity without opening another connection
2026-09-22T16:29:59.7056295Z ok 207 - saved peer connection remains idempotent at capacity without opening another connection
2026-09-22T16:29:59.7057146Z   ---
2026-09-22T16:29:59.7057552Z   duration_ms: 95.017159
2026-09-22T16:29:59.7058003Z   type: 'test'
2026-09-22T16:29:59.7058357Z   ...
2026-09-22T16:29:59.7059676Z # Subtest: snapshot crossing expiry during journal persistence keeps state and reservation consistent
2026-09-22T16:29:59.7061665Z ok 208 - snapshot crossing expiry during journal persistence keeps state and reservation consistent
2026-09-22T16:29:59.7062566Z   ---
2026-09-22T16:29:59.7062992Z   duration_ms: 1626.682585
2026-09-22T16:29:59.7063458Z   type: 'test'
2026-09-22T16:29:59.7063819Z   ...
2026-09-22T16:29:59.7064785Z # Subtest: snapshot crossing expiry during journal persistence keeps send and reservation consistent
2026-09-22T16:29:59.7066270Z ok 209 - snapshot crossing expiry during journal persistence keeps send and reservation consistent
2026-09-22T16:29:59.7067143Z   ---
2026-09-22T16:29:59.7067552Z   duration_ms: 1632.252036
2026-09-22T16:29:59.7068006Z   type: 'test'
2026-09-22T16:29:59.7068349Z   ...
2026-09-22T16:29:59.7069320Z # Subtest: snapshot crossing expiry during journal persistence keeps retry and reservation consistent
2026-09-22T16:29:59.7070845Z ok 210 - snapshot crossing expiry during journal persistence keeps retry and reservation consistent
2026-09-22T16:29:59.7071960Z   ---
2026-09-22T16:29:59.7072372Z   duration_ms: 1625.716783
2026-09-22T16:29:59.7072831Z   type: 'test'
2026-09-22T16:29:59.7073178Z   ...
2026-09-22T16:29:59.7073991Z # Subtest: an uncertain SQL completion at write 1 recovers the same outbox operation
2026-09-22T16:29:59.7075191Z ok 211 - an uncertain SQL completion at write 1 recovers the same outbox operation
2026-09-22T16:29:59.7075905Z   ---
2026-09-22T16:29:59.7076244Z   duration_ms: 104.376688
2026-09-22T16:29:59.7076493Z   type: 'test'
2026-09-22T16:29:59.7076687Z   ...
2026-09-22T16:29:59.7077295Z # Subtest: an uncertain SQL completion at write 2 recovers the same outbox operation
2026-09-22T16:29:59.7077967Z ok 212 - an uncertain SQL completion at write 2 recovers the same outbox operation
2026-09-22T16:29:59.7078502Z   ---
2026-09-22T16:29:59.7078719Z   duration_ms: 108.668765
2026-09-22T16:29:59.7078965Z   type: 'test'
2026-09-22T16:29:59.7079163Z   ...
2026-09-22T16:29:59.7079778Z # Subtest: outbox preview preserves full astral characters within its UTF-16 budget
2026-09-22T16:29:59.7080509Z ok 213 - outbox preview preserves full astral characters within its UTF-16 budget
2026-09-22T16:29:59.7080953Z   ---
2026-09-22T16:29:59.7081319Z   duration_ms: 0.238106
2026-09-22T16:29:59.7081640Z   type: 'test'
2026-09-22T16:29:59.7081938Z   ...
2026-09-22T16:29:59.9670414Z # (node:7212) ExperimentalWarning: SQLite is an experimental feature and might change at any time
2026-09-22T16:29:59.9672349Z # (Use `node --trace-warnings ...` to show where the warning was created)
2026-09-22T16:29:59.9688639Z # Subtest: legacy semantic failures are rejected before creating a signed migration intent
2026-09-22T16:29:59.9693087Z ok 214 - legacy semantic failures are rejected before creating a signed migration intent
2026-09-22T16:29:59.9693922Z   ---
2026-09-22T16:29:59.9694520Z   duration_ms: 14.935491
2026-09-22T16:29:59.9695181Z   type: 'test'
2026-09-22T16:29:59.9695736Z   ...
2026-09-22T16:30:00.1752009Z # (node:7230) ExperimentalWarning: SQLite is an experimental feature and might change at any time
2026-09-22T16:30:00.1753369Z # (Use `node --trace-warnings ...` to show where the warning was created)
2026-09-22T16:30:00.1771383Z # Subtest: signed initialization binds owner, random store ID and legacy ciphertext across phases
2026-09-22T16:30:00.1775321Z ok 215 - signed initialization binds owner, random store ID and legacy ciphertext across phases
2026-09-22T16:30:00.1776179Z   ---
2026-09-22T16:30:00.1776497Z   duration_ms: 12.351196
2026-09-22T16:30:00.1776848Z   type: 'test'
2026-09-22T16:30:00.1777126Z   ...
2026-09-22T16:30:00.1779629Z # Subtest: a signed intent can pin the exact new store before creation without allowing resets
2026-09-22T16:30:00.1781448Z ok 216 - a signed intent can pin the exact new store before creation without allowing resets
2026-09-22T16:30:00.1782435Z   ---
2026-09-22T16:30:00.1782985Z   duration_ms: 10.362436
2026-09-22T16:30:00.1783588Z   type: 'test'
2026-09-22T16:30:00.1784363Z   ...
2026-09-22T16:30:00.5186826Z # (node:7249) ExperimentalWarning: SQLite is an experimental feature and might change at any time
2026-09-22T16:30:00.5188716Z # (Use `node --trace-warnings ...` to show where the warning was created)
2026-09-22T16:30:00.5215796Z # Subtest: staged import binds the actual legacy ciphertext and committed reopen never falls back
2026-09-22T16:30:00.5233944Z ok 217 - staged import binds the actual legacy ciphertext and committed reopen never falls back
2026-09-22T16:30:00.5235020Z   ---
2026-09-22T16:30:00.5235686Z   duration_ms: 34.615934
2026-09-22T16:30:00.5236175Z   type: 'test'
2026-09-22T16:30:00.5236551Z   ...
2026-09-22T16:30:00.5237494Z # Subtest: existing unbound, missing initialized and wrong-store databases fail without reset
2026-09-22T16:30:00.5238908Z ok 218 - existing unbound, missing initialized and wrong-store databases fail without reset
2026-09-22T16:30:00.5239757Z   ---
2026-09-22T16:30:00.5240179Z   duration_ms: 38.654573
2026-09-22T16:30:00.5240690Z   type: 'test'
2026-09-22T16:30:00.5241364Z   ...
2026-09-22T16:30:00.5242149Z # Subtest: changed legacy source cannot complete a signed preparation
2026-09-22T16:30:00.5243145Z ok 219 - changed legacy source cannot complete a signed preparation
2026-09-22T16:30:00.5243769Z   ---
2026-09-22T16:30:00.5244185Z   duration_ms: 7.494741
2026-09-22T16:30:00.5244612Z   type: 'test'
2026-09-22T16:30:00.5244962Z   ...
2026-09-22T16:30:00.5245866Z # Subtest: transaction wrapper cannot erase initialization or the current private document
2026-09-22T16:30:00.5247090Z ok 220 - transaction wrapper cannot erase initialization or the current private document
2026-09-22T16:30:00.5247811Z   ---
2026-09-22T16:30:00.5248169Z   duration_ms: 17.237038
2026-09-22T16:30:00.5248570Z   type: 'test'
2026-09-22T16:30:00.5248886Z   ...
2026-09-22T16:30:00.7372531Z # Subtest: real process death after prepared initialization boundary preserves resumable private bytes
2026-09-22T16:30:00.7373589Z ok 221 - real process death after prepared initialization boundary preserves resumable private bytes
2026-09-22T16:30:00.7374141Z   ---
2026-09-22T16:30:00.7374385Z   duration_ms: 219.949921
2026-09-22T16:30:00.7374648Z   type: 'test'
2026-09-22T16:30:00.7374852Z   ...
2026-09-22T16:30:00.9498067Z # Subtest: real process death after imported initialization boundary preserves resumable private bytes
2026-09-22T16:30:00.9499219Z ok 222 - real process death after imported initialization boundary preserves resumable private bytes
2026-09-22T16:30:00.9499766Z   ---
2026-09-22T16:30:00.9500022Z   duration_ms: 212.840245
2026-09-22T16:30:00.9500304Z   type: 'test'
2026-09-22T16:30:00.9500530Z   ...
2026-09-22T16:30:01.1854933Z # Subtest: real process death after committed initialization boundary preserves resumable private bytes
2026-09-22T16:30:01.1857854Z ok 223 - real process death after committed initialization boundary preserves resumable private bytes
2026-09-22T16:30:01.1859560Z   ---
2026-09-22T16:30:01.1860034Z   duration_ms: 213.670917
2026-09-22T16:30:01.1860560Z   type: 'test'
2026-09-22T16:30:01.1860974Z   ...
2026-09-22T16:30:01.1862168Z # Subtest: replay of the complete earlier initialization state is an explicit rollback limitation
2026-09-22T16:30:01.1863430Z ok 224 - replay of the complete earlier initialization state is an explicit rollback limitation
2026-09-22T16:30:01.1864200Z   ---
2026-09-22T16:30:01.1864615Z   duration_ms: 25.850482
2026-09-22T16:30:01.1865075Z   type: 'test'
2026-09-22T16:30:01.1865464Z   ...
2026-09-22T16:30:01.3723212Z # (node:7323) ExperimentalWarning: SQLite is an experimental feature and might change at any time
2026-09-22T16:30:01.3724587Z # (Use `node --trace-warnings ...` to show where the warning was created)
2026-09-22T16:30:01.3741412Z # Subtest: one running owner per profile, another profile remains independent, close permits restart
2026-09-22T16:30:01.3743759Z ok 225 - one running owner per profile, another profile remains independent, close permits restart
2026-09-22T16:30:01.3744691Z   ---
2026-09-22T16:30:01.3745482Z   duration_ms: 6.539815
2026-09-22T16:30:01.3746217Z   type: 'test'
2026-09-22T16:30:01.3746590Z   ...
2026-09-22T16:30:01.3750084Z # Subtest: empty initialization can recover but foreign or malformed metadata is refused
2026-09-22T16:30:01.3752316Z ok 226 - empty initialization can recover but foreign or malformed metadata is refused
2026-09-22T16:30:01.3753137Z   ---
2026-09-22T16:30:01.3753566Z   duration_ms: 5.106383
2026-09-22T16:30:01.3754017Z   type: 'test'
2026-09-22T16:30:01.3754369Z   ...
2026-09-22T16:30:01.8473229Z # (node:7341) ExperimentalWarning: SQLite is an experimental feature and might change at any time
2026-09-22T16:30:01.8474885Z # (Use `node --trace-warnings ...` to show where the warning was created)
2026-09-22T16:30:01.9751411Z # Subtest: runtime owns the profile through transport shutdown and rejects stale writes after recovery
2026-09-22T16:30:01.9753898Z ok 227 - runtime owns the profile through transport shutdown and rejects stale writes after recovery
2026-09-22T16:30:01.9754784Z   ---
2026-09-22T16:30:01.9755209Z   duration_ms: 231.956104
2026-09-22T16:30:01.9755603Z   type: 'test'
2026-09-22T16:30:01.9755817Z   ...
2026-09-22T16:30:01.9760557Z # Subtest: constructor failure releases ownership without resetting the existing profile
2026-09-22T16:30:01.9762142Z ok 228 - constructor failure releases ownership without resetting the existing profile
2026-09-22T16:30:01.9762627Z   ---
2026-09-22T16:30:01.9762860Z   duration_ms: 3.983933
2026-09-22T16:30:01.9763107Z   type: 'test'
2026-09-22T16:30:01.9763317Z   ...
2026-09-22T16:30:02.6178846Z # (node:7360) ExperimentalWarning: SQLite is an experimental feature and might change at any time
2026-09-22T16:30:02.6179915Z # (Use `node --trace-warnings ...` to show where the warning was created)
2026-09-22T16:30:02.6202425Z # Subtest: chunked private state is encrypted, persists exactly and shrinks atomically
2026-09-22T16:30:02.6204715Z ok 229 - chunked private state is encrypted, persists exactly and shrinks atomically
2026-09-22T16:30:02.6205497Z   ---
2026-09-22T16:30:02.6206037Z   duration_ms: 98.539248
2026-09-22T16:30:02.6206609Z   type: 'test'
2026-09-22T16:30:02.6206899Z   ...
2026-09-22T16:30:02.6210739Z # Subtest: private state and an authority fence commit together or both roll back, with digest CAS
2026-09-22T16:30:02.6213853Z ok 230 - private state and an authority fence commit together or both roll back, with digest CAS
2026-09-22T16:30:02.6214482Z   ---
2026-09-22T16:30:02.6214884Z   duration_ms: 15.804479
2026-09-22T16:30:02.6215362Z   type: 'test'
2026-09-22T16:30:02.6215780Z   ...
2026-09-22T16:30:02.6216864Z # Subtest: missing, orphan and hash-mismatched chunks fail closed rather than yielding partial state
2026-09-22T16:30:02.6218613Z ok 231 - missing, orphan and hash-mismatched chunks fail closed rather than yielding partial state
2026-09-22T16:30:02.6219706Z   ---
2026-09-22T16:30:02.6220126Z   duration_ms: 25.195303
2026-09-22T16:30:02.6220597Z   type: 'test'
2026-09-22T16:30:02.6220979Z   ...
2026-09-22T16:30:02.6222322Z # Subtest: the full declared private-state byte bound fits while oversize input makes no writes
2026-09-22T16:30:02.6223695Z ok 232 - the full declared private-state byte bound fits while oversize input makes no writes
2026-09-22T16:30:02.6224468Z   ---
2026-09-22T16:30:02.6224839Z   duration_ms: 311.779408
2026-09-22T16:30:02.6225453Z   type: 'test'
2026-09-22T16:30:02.6235056Z   ...
2026-09-22T16:30:03.2364000Z # Subtest: UI runtime selection rejects an ambiguous alias and launches the actual requested engine
2026-09-22T16:30:03.2365848Z ok 233 - UI runtime selection rejects an ambiguous alias and launches the actual requested engine
2026-09-22T16:30:03.2366707Z   ---
2026-09-22T16:30:03.2366976Z   duration_ms: 410.991074
2026-09-22T16:30:03.2367260Z   type: 'test'
2026-09-22T16:30:03.2367470Z   ...
2026-09-22T16:30:03.3992424Z # Subtest: scenario timeout trace preserves the active operation without recording request secrets
2026-09-22T16:30:03.3995597Z ok 234 - scenario timeout trace preserves the active operation without recording request secrets
2026-09-22T16:30:03.3996995Z   ---
2026-09-22T16:30:03.3997503Z   duration_ms: 3.513273
2026-09-22T16:30:03.3998050Z   type: 'test'
2026-09-22T16:30:03.3998465Z   ...
2026-09-22T16:30:03.9549541Z # (node:7440) ExperimentalWarning: SQLite is an experimental feature and might change at any time
2026-09-22T16:30:03.9550870Z # (Use `node --trace-warnings ...` to show where the warning was created)
2026-09-22T16:30:03.9648340Z # Subtest: inbound semantic ACL: forged public receipt/message and private wrong-reader mutation are hidden
2026-09-22T16:30:03.9650258Z ok 235 - inbound semantic ACL: forged public receipt/message and private wrong-reader mutation are hidden
2026-09-22T16:30:03.9651539Z   ---
2026-09-22T16:30:03.9652123Z   duration_ms: 172.473672
2026-09-22T16:30:03.9652649Z   type: 'test'
2026-09-22T16:30:03.9653017Z   ...
2026-09-22T16:30:04.3890384Z # Subtest: malformed unauthenticated HTTP paths return 400; service survives and auth boundary holds
2026-09-22T16:30:04.3892204Z ok 236 - malformed unauthenticated HTTP paths return 400; service survives and auth boundary holds
2026-09-22T16:30:04.3893105Z   ---
2026-09-22T16:30:04.3893499Z   duration_ms: 45.08645
2026-09-22T16:30:04.3893907Z   type: 'test'
2026-09-22T16:30:04.3894246Z   ...
2026-09-22T16:30:04.3898522Z # Subtest: private site draft and local deletion survive cache removal/restart without plaintext on disk
2026-09-22T16:30:04.3899547Z ok 237 - private site draft and local deletion survive cache removal/restart without plaintext on disk
2026-09-22T16:30:04.3900061Z   ---
2026-09-22T16:30:04.3900303Z   duration_ms: 292.527361
2026-09-22T16:30:04.3900563Z   type: 'test'
2026-09-22T16:30:04.3900770Z   ...
2026-09-22T16:30:05.3476829Z # Subtest: relay consent: no application-level cached serving while paused, positive control after enabling
2026-09-22T16:30:05.3478660Z ok 238 - relay consent: no application-level cached serving while paused, positive control after enabling
2026-09-22T16:30:05.3479613Z   ---
2026-09-22T16:30:05.3480281Z   duration_ms: 947.648141
2026-09-22T16:30:05.3480995Z   type: 'test'
2026-09-22T16:30:05.3481807Z   ...
2026-09-22T16:30:05.3482759Z # Subtest: deletion journal survives when publication itself evicts its unpinned original
2026-09-22T16:30:05.3483784Z ok 239 - deletion journal survives when publication itself evicts its unpinned original
2026-09-22T16:30:05.3484561Z   ---
2026-09-22T16:30:05.3485111Z   duration_ms: 112.82311
2026-09-22T16:30:05.3485662Z   type: 'test'
2026-09-22T16:30:05.3486126Z   ...
2026-09-22T16:30:05.6192033Z # Subtest: identity proof rejects small-order signing keys even when the underlying verifier accepts the equation
2026-09-22T16:30:05.6193872Z ok 240 - identity proof rejects small-order signing keys even when the underlying verifier accepts the equation
2026-09-22T16:30:05.6194861Z   ---
2026-09-22T16:30:05.6195282Z   duration_ms: 23.460911
2026-09-22T16:30:05.6195739Z   type: 'test'
2026-09-22T16:30:05.6196119Z   ...
2026-09-22T16:30:05.6199523Z # Subtest: the signing-key profile rejects all reference torsion points and noncanonical aliases without changing its input
2026-09-22T16:30:05.6201708Z ok 241 - the signing-key profile rejects all reference torsion points and noncanonical aliases without changing its input
2026-09-22T16:30:05.6202752Z   ---
2026-09-22T16:30:05.6203173Z   duration_ms: 20.251737
2026-09-22T16:30:05.6203599Z   type: 'test'
2026-09-22T16:30:05.6203926Z   ...
2026-09-22T16:30:06.0852120Z # Subtest: seeded virtual time is reproducible with independently generated secure fixtures
2026-09-22T16:30:06.0861456Z ok 242 - seeded virtual time is reproducible with independently generated secure fixtures
2026-09-22T16:30:06.0862324Z   ---
2026-09-22T16:30:06.0862740Z   duration_ms: 58.806162
2026-09-22T16:30:06.0863207Z   type: 'test'
2026-09-22T16:30:06.0863572Z   ...
2026-09-22T16:30:06.0864505Z # Subtest: loss, MTU fragmentation, partition/heal, low-power transition and SOS-before-bulk
2026-09-22T16:30:06.0866408Z ok 243 - loss, MTU fragmentation, partition/heal, low-power transition and SOS-before-bulk
2026-09-22T16:30:06.0867491Z   ---
2026-09-22T16:30:06.0867900Z   duration_ms: 14.461855
2026-09-22T16:30:06.0868352Z   type: 'test'
2026-09-22T16:30:06.0868719Z   ...
2026-09-22T16:30:06.0887499Z # Subtest: directed bandwidth, latency and MTU produce measurable asymmetric arrival times
2026-09-22T16:30:06.0891992Z ok 244 - directed bandwidth, latency and MTU produce measurable asymmetric arrival times
2026-09-22T16:30:06.0892839Z   ---
2026-09-22T16:30:06.0893261Z   duration_ms: 7.488139
2026-09-22T16:30:06.0893722Z   type: 'test'
2026-09-22T16:30:06.0894076Z   ...
2026-09-22T16:30:06.0894825Z # Subtest: congested bounded queues preserve SOS while bulk is deferred
2026-09-22T16:30:06.0895841Z ok 245 - congested bounded queues preserve SOS while bulk is deferred
2026-09-22T16:30:06.0896462Z   ---
2026-09-22T16:30:06.0896825Z   duration_ms: 12.640829
2026-09-22T16:30:06.0897252Z   type: 'test'
2026-09-22T16:30:06.0897629Z   ...
2026-09-22T16:30:06.0898476Z # Subtest: bounded cache distinguishes pinned exhaustion from unpinned eviction
2026-09-22T16:30:06.0899691Z ok 246 - bounded cache distinguishes pinned exhaustion from unpinned eviction
2026-09-22T16:30:06.0900466Z   ---
2026-09-22T16:30:06.0900889Z   duration_ms: 12.398936
2026-09-22T16:30:06.0901649Z   type: 'test'
2026-09-22T16:30:06.0902038Z   ...
2026-09-22T16:30:06.0902922Z # Subtest: TTL rejects in-flight expiration and retained replay respects the hop limit
2026-09-22T16:30:06.0904220Z ok 247 - TTL rejects in-flight expiration and retained replay respects the hop limit
2026-09-22T16:30:06.0905005Z   ---
2026-09-22T16:30:06.0905410Z   duration_ms: 6.692149
2026-09-22T16:30:06.0905842Z   type: 'test'
2026-09-22T16:30:06.0906200Z   ...
2026-09-22T16:30:06.0907027Z # Subtest: every-fourth-fragment fairness lets bulk advance during SOS pressure
2026-09-22T16:30:06.0908272Z ok 248 - every-fourth-fragment fairness lets bulk advance during SOS pressure
2026-09-22T16:30:06.0909038Z   ---
2026-09-22T16:30:06.0909493Z   duration_ms: 17.832041
2026-09-22T16:30:06.0909934Z   type: 'test'
2026-09-22T16:30:06.0910291Z   ...
2026-09-22T16:30:06.0943082Z # Subtest: real signature/chunk checks pass honest control and detect deliberately broken controls
2026-09-22T16:30:06.0944549Z ok 249 - real signature/chunk checks pass honest control and detect deliberately broken controls
2026-09-22T16:30:06.0945269Z   ---
2026-09-22T16:30:06.0945604Z   duration_ms: 25.165209
2026-09-22T16:30:06.0946011Z   type: 'test'
2026-09-22T16:30:06.0946323Z   ...
2026-09-22T16:30:06.0947124Z # Subtest: simulation rejects invalid transport bounds and complete report gates pass
2026-09-22T16:30:06.0948230Z ok 250 - simulation rejects invalid transport bounds and complete report gates pass
2026-09-22T16:30:06.0948668Z   ---
2026-09-22T16:30:06.0948951Z   duration_ms: 64.02617
2026-09-22T16:30:06.0949304Z   type: 'test'
2026-09-22T16:30:06.0949510Z   ...
2026-09-22T16:30:06.5138651Z # (node:7498) ExperimentalWarning: SQLite is an experimental feature and might change at any time
2026-09-22T16:30:06.5139622Z # (Use `node --trace-warnings ...` to show where the warning was created)
2026-09-22T16:30:07.2613021Z # Subtest: failed application profile commit cannot publish and a failed public copy remains recoverable
2026-09-22T16:30:07.2615119Z ok 251 - failed application profile commit cannot publish and a failed public copy remains recoverable
2026-09-22T16:30:07.2616230Z   ---
2026-09-22T16:30:07.2616804Z   duration_ms: 748.380184
2026-09-22T16:30:07.2617408Z   type: 'test'
2026-09-22T16:30:07.2617909Z   ...
2026-09-22T16:30:10.9872660Z # Subtest: the real application recovers its exact publication after process exit between authorization and public storage
2026-09-22T16:30:10.9884619Z ok 252 - the real application recovers its exact publication after process exit between authorization and public storage
2026-09-22T16:30:10.9886018Z   ---
2026-09-22T16:30:10.9886604Z   duration_ms: 3727.859741
2026-09-22T16:30:10.9887215Z   type: 'test'
2026-09-22T16:30:10.9888532Z   ...
2026-09-22T16:30:11.4387025Z # Subtest: a known newer head without bytes never falls back to an older site, including after profile unlock
2026-09-22T16:30:11.4394707Z ok 253 - a known newer head without bytes never falls back to an older site, including after profile unlock
2026-09-22T16:30:11.4395457Z   ---
2026-09-22T16:30:11.4395790Z   duration_ms: 449.67809
2026-09-22T16:30:11.4396148Z   type: 'test'
2026-09-22T16:30:11.4396428Z   ...
2026-09-22T16:30:11.7431464Z # Subtest: blocking a private-site reader pauses a committed copy and clears the publication error after resumption
2026-09-22T16:30:11.7434174Z ok 254 - blocking a private-site reader pauses a committed copy and clears the publication error after resumption
2026-09-22T16:30:11.7435430Z   ---
2026-09-22T16:30:11.7435929Z   duration_ms: 309.003072
2026-09-22T16:30:11.7436475Z   type: 'test'
2026-09-22T16:30:11.7436902Z   ...
2026-09-22T16:30:14.0237670Z # Subtest: real application APIs preserve revision identity, resolve updates and serve a new reader after the author exits
2026-09-22T16:30:14.0240131Z ok 255 - real application APIs preserve revision identity, resolve updates and serve a new reader after the author exits
2026-09-22T16:30:14.0241845Z   ---
2026-09-22T16:30:14.0242520Z   duration_ms: 1999.503629
2026-09-22T16:30:14.0243152Z   type: 'test'
2026-09-22T16:30:14.0243501Z   ...
2026-09-22T16:30:15.7069655Z # Subtest: private site APIs preserve reading scope and generic publication cannot bypass version authority
2026-09-22T16:30:15.7070680Z ok 256 - private site APIs preserve reading scope and generic publication cannot bypass version authority
2026-09-22T16:30:15.7071456Z   ---
2026-09-22T16:30:15.7071698Z   duration_ms: 1682.618994
2026-09-22T16:30:15.7071962Z   type: 'test'
2026-09-22T16:30:15.7072171Z   ...
2026-09-22T16:30:16.4736799Z # Subtest: a valid outer signature cannot smuggle another owner snapshot into application storage through TCP
2026-09-22T16:30:16.4740514Z ok 257 - a valid outer signature cannot smuggle another owner snapshot into application storage through TCP
2026-09-22T16:30:16.4741453Z   ---
2026-09-22T16:30:16.4741730Z   duration_ms: 766.85929
2026-09-22T16:30:16.4741999Z   type: 'test'
2026-09-22T16:30:16.4742285Z   ...
2026-09-22T16:30:18.0427397Z # Subtest: two installations with the same owner preserve a fork until the owner explicitly confirms all known heads
2026-09-22T16:30:18.0429057Z ok 258 - two installations with the same owner preserve a fork until the owner explicitly confirms all known heads
2026-09-22T16:30:18.0429668Z   ---
2026-09-22T16:30:18.0429920Z   duration_ms: 1571.5575
2026-09-22T16:30:18.0430195Z   type: 'test'
2026-09-22T16:30:18.0430419Z   ...
2026-09-22T16:30:19.7357717Z # (node:7644) ExperimentalWarning: SQLite is an experimental feature and might change at any time
2026-09-22T16:30:19.7359229Z # (Use `node --trace-warnings ...` to show where the warning was created)
2026-09-22T16:30:19.7381717Z # Subtest: actual process interruption at site prepare-before preserves the publication boundary
2026-09-22T16:30:19.7394834Z ok 259 - actual process interruption at site prepare-before preserves the publication boundary
2026-09-22T16:30:19.7395816Z   ---
2026-09-22T16:30:19.7396225Z   duration_ms: 316.325028
2026-09-22T16:30:19.7396671Z   type: 'test'
2026-09-22T16:30:19.7397024Z   ...
2026-09-22T16:30:19.7398076Z # Subtest: actual process interruption at site prepare-after preserves the publication boundary
2026-09-22T16:30:19.7399777Z ok 260 - actual process interruption at site prepare-after preserves the publication boundary
2026-09-22T16:30:19.7400836Z   ---
2026-09-22T16:30:19.7401752Z   duration_ms: 281.207474
2026-09-22T16:30:19.7402366Z   type: 'test'
2026-09-22T16:30:19.7402866Z   ...
2026-09-22T16:30:19.7403950Z # Subtest: actual process interruption at site commit-before preserves the publication boundary
2026-09-22T16:30:19.7405572Z ok 261 - actual process interruption at site commit-before preserves the publication boundary
2026-09-22T16:30:19.7406541Z   ---
2026-09-22T16:30:19.7407584Z   duration_ms: 302.921382
2026-09-22T16:30:19.7408214Z   type: 'test'
2026-09-22T16:30:19.7408557Z   ...
2026-09-22T16:30:19.7409442Z # Subtest: actual process interruption at site commit-after preserves the publication boundary
2026-09-22T16:30:19.7410747Z ok 262 - actual process interruption at site commit-after preserves the publication boundary
2026-09-22T16:30:19.7411711Z   ---
2026-09-22T16:30:19.7412088Z   duration_ms: 289.753958
2026-09-22T16:30:19.7412394Z   type: 'test'
2026-09-22T16:30:19.7412588Z   ...
2026-09-22T16:30:19.7413051Z # Subtest: actual process interruption at site copy preserves the publication boundary
2026-09-22T16:30:19.7413783Z ok 263 - actual process interruption at site copy preserves the publication boundary
2026-09-22T16:30:19.7414200Z   ---
2026-09-22T16:30:19.7414424Z   duration_ms: 308.624565
2026-09-22T16:30:19.7414664Z   type: 'test'
2026-09-22T16:30:19.7414858Z   ...
2026-09-22T16:30:20.0545963Z # (node:7752) ExperimentalWarning: SQLite is an experimental feature and might change at any time
2026-09-22T16:30:20.0547519Z # (Use `node --trace-warnings ...` to show where the warning was created)
2026-09-22T16:30:20.0564249Z # Subtest: site transactions share the real bound application profile without changing its existing private state
2026-09-22T16:30:20.0566698Z ok 264 - site transactions share the real bound application profile without changing its existing private state
2026-09-22T16:30:20.0567661Z   ---
2026-09-22T16:30:20.0568081Z   duration_ms: 89.294027
2026-09-22T16:30:20.0568545Z   type: 'test'
2026-09-22T16:30:20.0568909Z   ...
2026-09-22T16:30:20.8752975Z # (node:7770) ExperimentalWarning: SQLite is an experimental feature and might change at any time
2026-09-22T16:30:20.8754348Z # (Use `node --trace-warnings ...` to show where the warning was created)
2026-09-22T16:30:20.8776904Z # Subtest: catalog atomically persists preparation, authorization and exact public-copy recovery across database restart
2026-09-22T16:30:20.8778851Z ok 265 - catalog atomically persists preparation, authorization and exact public-copy recovery across database restart
2026-09-22T16:30:20.8779865Z   ---
2026-09-22T16:30:20.8780288Z   duration_ms: 168.0251
2026-09-22T16:30:20.8780737Z   type: 'test'
2026-09-22T16:30:20.8781503Z   ...
2026-09-22T16:30:20.8782720Z # Subtest: another signed head appearing before authorization supersedes a private preparation without publishing it
2026-09-22T16:30:20.8787715Z ok 266 - another signed head appearing before authorization supersedes a private preparation without publishing it
2026-09-22T16:30:20.8788702Z   ---
2026-09-22T16:30:20.8789105Z   duration_ms: 76.765795
2026-09-22T16:30:20.8789519Z   type: 'test'
2026-09-22T16:30:20.8789862Z   ...
2026-09-22T16:30:20.8790518Z # Subtest: staging capacity failure cannot leave a catalog entry, partial bundle or changed prior operation
2026-09-22T16:30:20.8798337Z ok 267 - staging capacity failure cannot leave a catalog entry, partial bundle or changed prior operation
2026-09-22T16:30:20.8799378Z   ---
2026-09-22T16:30:20.8799819Z   duration_ms: 71.101546
2026-09-22T16:30:20.8800300Z   type: 'test'
2026-09-22T16:30:20.8800708Z   ...
2026-09-22T16:30:20.8802353Z # Subtest: expired preparations remain recoverable as terminal outcomes without treating the profile as corrupt
2026-09-22T16:30:20.8804123Z ok 268 - expired preparations remain recoverable as terminal outcomes without treating the profile as corrupt
2026-09-22T16:30:20.8804994Z   ---
2026-09-22T16:30:20.8805381Z   duration_ms: 137.791449
2026-09-22T16:30:20.8805794Z   type: 'test'
2026-09-22T16:30:20.8806176Z   ...
2026-09-22T16:30:20.8807241Z # Subtest: public retries recover the exact first envelope; private retries cannot silently change a reading envelope
2026-09-22T16:30:20.8808830Z ok 269 - public retries recover the exact first envelope; private retries cannot silently change a reading envelope
2026-09-22T16:30:20.8809882Z   ---
2026-09-22T16:30:20.8810339Z   duration_ms: 90.053235
2026-09-22T16:30:20.8811441Z   type: 'test'
2026-09-22T16:30:20.8811958Z   ...
2026-09-22T16:30:20.8812470Z # Subtest: repeated verified observations do not rewrite the encrypted catalog
2026-09-22T16:30:20.8813199Z ok 270 - repeated verified observations do not rewrite the encrypted catalog
2026-09-22T16:30:20.8813639Z   ---
2026-09-22T16:30:20.8813872Z   duration_ms: 54.269066
2026-09-22T16:30:20.8814138Z   type: 'test'
2026-09-22T16:30:20.8814349Z   ...
2026-09-22T16:30:21.2437818Z # Subtest: complete declarative snapshots bind a signed revision to the payload and envelope signing owner
2026-09-22T16:30:21.2439537Z ok 271 - complete declarative snapshots bind a signed revision to the payload and envelope signing owner
2026-09-22T16:30:21.2440475Z   ---
2026-09-22T16:30:21.2440906Z   duration_ms: 99.279379
2026-09-22T16:30:21.2441624Z   type: 'test'
2026-09-22T16:30:21.2441999Z   ...
2026-09-22T16:30:21.2443123Z # Subtest: snapshots reject unsigned additions, malformed declarative documents and changed signed payloads
2026-09-22T16:30:21.2446059Z ok 272 - snapshots reject unsigned additions, malformed declarative documents and changed signed payloads
2026-09-22T16:30:21.2447023Z   ---
2026-09-22T16:30:21.2447432Z   duration_ms: 6.119408
2026-09-22T16:30:21.2447866Z   type: 'test'
2026-09-22T16:30:21.2448212Z   ...
2026-09-22T16:30:23.4529638Z # (node:7807) ExperimentalWarning: SQLite is an experimental feature and might change at any time
2026-09-22T16:30:23.4530995Z # (Use `node --trace-warnings ...` to show where the warning was created)
2026-09-22T16:30:23.4558158Z # Subtest: intent commits without a visitor signature; later signing survives reopen with private consent and no public store
2026-09-22T16:30:23.4560485Z ok 273 - intent commits without a visitor signature; later signing survives reopen with private consent and no public store
2026-09-22T16:30:23.4562117Z   ---
2026-09-22T16:30:23.4562774Z   duration_ms: 134.88144
2026-09-22T16:30:23.4563315Z   type: 'test'
2026-09-22T16:30:23.4563718Z   ...
2026-09-22T16:30:23.4564949Z # Subtest: failed transactions and changed policy retain a prepared intent without handing out a signature
2026-09-22T16:30:23.4566663Z ok 274 - failed transactions and changed policy retain a prepared intent without handing out a signature
2026-09-22T16:30:23.4567612Z   ---
2026-09-22T16:30:23.4568030Z   duration_ms: 77.196706
2026-09-22T16:30:23.4568500Z   type: 'test'
2026-09-22T16:30:23.4568881Z   ...
2026-09-22T16:30:23.4569837Z # Subtest: expiry and cancellation keep retired sequence outcomes and never renew a signature
2026-09-22T16:30:23.4571647Z ok 275 - expiry and cancellation keep retired sequence outcomes and never renew a signature
2026-09-22T16:30:23.4572521Z   ---
2026-09-22T16:30:23.4572940Z   duration_ms: 779.6392
2026-09-22T16:30:23.4573385Z   type: 'test'
2026-09-22T16:30:23.4573779Z   ...
2026-09-22T16:30:23.4574710Z # Subtest: private contribution storage refuses missing-stage without resetting an intent
2026-09-22T16:30:23.4576122Z ok 276 - private contribution storage refuses missing-stage without resetting an intent
2026-09-22T16:30:23.4576993Z   ---
2026-09-22T16:30:23.4577397Z   duration_ms: 17.42464
2026-09-22T16:30:23.4577847Z   type: 'test'
2026-09-22T16:30:23.4578221Z   ...
2026-09-22T16:30:23.4579119Z # Subtest: private contribution storage refuses wrong-source without resetting an intent
2026-09-22T16:30:23.4580491Z ok 277 - private contribution storage refuses wrong-source without resetting an intent
2026-09-22T16:30:23.4581559Z   ---
2026-09-22T16:30:23.4581978Z   duration_ms: 21.334797
2026-09-22T16:30:23.4582456Z   type: 'test'
2026-09-22T16:30:23.4582847Z   ...
2026-09-22T16:30:23.4583735Z # Subtest: private contribution storage refuses read-key without resetting an intent
2026-09-22T16:30:23.4585067Z ok 278 - private contribution storage refuses read-key without resetting an intent
2026-09-22T16:30:23.4585876Z   ---
2026-09-22T16:30:23.4586291Z   duration_ms: 19.627893
2026-09-22T16:30:23.4586759Z   type: 'test'
2026-09-22T16:30:23.4587147Z   ...
2026-09-22T16:30:23.4588621Z # Subtest: real abrupt process exit before-intent-commit preserves the intent and fixed certificate identity
2026-09-22T16:30:23.4590549Z ok 279 - real abrupt process exit before-intent-commit preserves the intent and fixed certificate identity
2026-09-22T16:30:23.4591710Z   ---
2026-09-22T16:30:23.4592147Z   duration_ms: 263.990453
2026-09-22T16:30:23.4592604Z   type: 'test'
2026-09-22T16:30:23.4592972Z   ...
2026-09-22T16:30:23.4593990Z # Subtest: real abrupt process exit after-intent preserves the intent and fixed certificate identity
2026-09-22T16:30:23.4595477Z ok 280 - real abrupt process exit after-intent preserves the intent and fixed certificate identity
2026-09-22T16:30:23.4596324Z   ---
2026-09-22T16:30:23.4596681Z   duration_ms: 271.37
2026-09-22T16:30:23.4597067Z   type: 'test'
2026-09-22T16:30:23.4597369Z   ...
2026-09-22T16:30:23.4598288Z # Subtest: real abrupt process exit after-signature preserves the intent and fixed certificate identity
2026-09-22T16:30:23.4599689Z ok 281 - real abrupt process exit after-signature preserves the intent and fixed certificate identity
2026-09-22T16:30:23.4600497Z   ---
2026-09-22T16:30:23.4600847Z   duration_ms: 278.546222
2026-09-22T16:30:23.4604227Z   type: 'test'
2026-09-22T16:30:23.4604596Z   ...
2026-09-22T16:30:23.4605429Z # Subtest: preparation quota failure rolls back stage and sequence before any signature exists
2026-09-22T16:30:23.4606232Z ok 282 - preparation quota failure rolls back stage and sequence before any signature exists
2026-09-22T16:30:23.4606678Z   ---
2026-09-22T16:30:23.4606905Z   duration_ms: 84.497354
2026-09-22T16:30:23.4607156Z   type: 'test'
2026-09-22T16:30:23.4607357Z   ...
2026-09-22T16:30:23.4607832Z # Subtest: a proposal expiring during the policy check cannot commit a new signature
2026-09-22T16:30:23.4608505Z ok 283 - a proposal expiring during the policy check cannot commit a new signature
2026-09-22T16:30:23.4608910Z   ---
2026-09-22T16:30:23.4609129Z   duration_ms: 29.819065
2026-09-22T16:30:23.4609383Z   type: 'test'
2026-09-22T16:30:23.4609600Z   ...
2026-09-22T16:30:23.8171677Z # Subtest: form query is a copied closed locator, never executable input or caller-supplied permission
2026-09-22T16:30:23.8177717Z ok 284 - form query is a copied closed locator, never executable input or caller-supplied permission
2026-09-22T16:30:23.8180645Z   ---
2026-09-22T16:30:23.8181519Z   duration_ms: 1.265498
2026-09-22T16:30:23.8182147Z   type: 'test'
2026-09-22T16:30:23.8182738Z   ...
2026-09-22T16:30:23.8184053Z # Subtest: real snapshot lookup authenticates author, reader access and visitor policy without returning table rows
2026-09-22T16:30:23.8185923Z ok 285 - real snapshot lookup authenticates author, reader access and visitor policy without returning table rows
2026-09-22T16:30:23.8187007Z   ---
2026-09-22T16:30:23.8187585Z   duration_ms: 99.750871
2026-09-22T16:30:23.8188215Z   type: 'test'
2026-09-22T16:30:23.8188739Z   ...
2026-09-22T16:30:24.1730283Z # Subtest: private proposal envelope binds actual author, exactly two logical readers and the original certificate deadline
2026-09-22T16:30:24.1733140Z ok 286 - private proposal envelope binds actual author, exactly two logical readers and the original certificate deadline
2026-09-22T16:30:24.1734062Z   ---
2026-09-22T16:30:24.1734316Z   duration_ms: 114.761292
2026-09-22T16:30:24.1734598Z   type: 'test'
2026-09-22T16:30:24.1734804Z   ...
2026-09-22T16:30:29.2164159Z # Subtest: Node, portable crypto and Go agree on visitor proposals, schemas and negative authorization vectors
2026-09-22T16:30:29.2167506Z ok 287 - Node, portable crypto and Go agree on visitor proposals, schemas and negative authorization vectors
2026-09-22T16:30:29.2168462Z   ---
2026-09-22T16:30:29.2168887Z   duration_ms: 4789.095182
2026-09-22T16:30:29.2169323Z   type: 'test'
2026-09-22T16:30:29.2169580Z   ...
2026-09-22T16:30:30.8016056Z # Subtest: Node, portable and Go contribution journals agree on canonical requests, retained transitions and rejected corruption
2026-09-22T16:30:30.8020463Z ok 288 - Node, portable and Go contribution journals agree on canonical requests, retained transitions and rejected corruption
2026-09-22T16:30:30.8021867Z   ---
2026-09-22T16:30:30.8022223Z   duration_ms: 1319.511478
2026-09-22T16:30:30.8022612Z   type: 'test'
2026-09-22T16:30:30.8022934Z   ...
2026-09-22T16:30:33.8110060Z # (node:8180) ExperimentalWarning: SQLite is an experimental feature and might change at any time
2026-09-22T16:30:33.8111350Z # (Use `node --trace-warnings ...` to show where the warning was created)
2026-09-22T16:30:33.8136123Z # Subtest: queued source and envelope survive restart while a second preparation uses its own slot
2026-09-22T16:30:33.8140189Z ok 289 - queued source and envelope survive restart while a second preparation uses its own slot
2026-09-22T16:30:33.8141214Z   ---
2026-09-22T16:30:33.8141832Z   duration_ms: 246.115572
2026-09-22T16:30:33.8142614Z   type: 'test'
2026-09-22T16:30:33.8144767Z   ...
2026-09-22T16:30:33.8148826Z # Subtest: queue transaction rollback retains the signed envelope and never frees a preparation early
2026-09-22T16:30:33.8150739Z ok 290 - queue transaction rollback retains the signed envelope and never frees a preparation early
2026-09-22T16:30:33.8152209Z   ---
2026-09-22T16:30:33.8152876Z   duration_ms: 126.193129
2026-09-22T16:30:33.8153454Z   type: 'test'
2026-09-22T16:30:33.8153911Z   ...
2026-09-22T16:30:33.8155039Z # Subtest: queued expiry retires private payload but retains packet identity for cancellation
2026-09-22T16:30:33.8156730Z ok 291 - queued expiry retires private payload but retains packet identity for cancellation
2026-09-22T16:30:33.8157734Z   ---
2026-09-22T16:30:33.8158240Z   duration_ms: 96.787567
2026-09-22T16:30:33.8158779Z   type: 'test'
2026-09-22T16:30:33.8159198Z   ...
2026-09-22T16:30:33.8160505Z # Subtest: 32 pending queues apply backpressure without losing old payloads or the current prepared envelope
2026-09-22T16:30:33.8162137Z ok 292 - 32 pending queues apply backpressure without losing old payloads or the current prepared envelope
2026-09-22T16:30:33.8162689Z   ---
2026-09-22T16:30:33.8162935Z   duration_ms: 2210.419969
2026-09-22T16:30:33.8163198Z   type: 'test'
2026-09-22T16:30:33.8163403Z   ...
2026-09-22T16:30:33.8164016Z # Subtest: missing queued payload is corruption, not an excuse to create new bytes or cancel a different stage
2026-09-22T16:30:33.8164936Z ok 293 - missing queued payload is corruption, not an excuse to create new bytes or cancel a different stage
2026-09-22T16:30:33.8165437Z   ---
2026-09-22T16:30:33.8165662Z   duration_ms: 99.633452
2026-09-22T16:30:33.8165911Z   type: 'test'
2026-09-22T16:30:33.8166111Z   ...
2026-09-22T16:30:34.3077665Z # Subtest: declarative form binds all typed columns, preserves zero/false and never executes values
2026-09-22T16:30:34.3079580Z ok 294 - declarative form binds all typed columns, preserves zero/false and never executes values
2026-09-22T16:30:34.3080834Z   ---
2026-09-22T16:30:34.3081906Z   duration_ms: 7.345412
2026-09-22T16:30:34.3082328Z   type: 'test'
2026-09-22T16:30:34.3082747Z   ...
2026-09-22T16:30:34.3084107Z # Subtest: form and value parsing reject active accessors, sparse lists, unknown fields and oversized inputs
2026-09-22T16:30:34.3086110Z ok 295 - form and value parsing reject active accessors, sparse lists, unknown fields and oversized inputs
2026-09-22T16:30:34.3087230Z   ---
2026-09-22T16:30:34.3087724Z   duration_ms: 1.012874
2026-09-22T16:30:34.3088260Z   type: 'test'
2026-09-22T16:30:34.3088702Z   ...
2026-09-22T16:30:34.3089989Z # Subtest: Node visitor signatures verify across adapters but cannot become owner revisions
2026-09-22T16:30:34.3091645Z ok 296 - Node visitor signatures verify across adapters but cannot become owner revisions
2026-09-22T16:30:34.3092487Z   ---
2026-09-22T16:30:34.3092903Z   duration_ms: 88.491911
2026-09-22T16:30:34.3093353Z   type: 'test'
2026-09-22T16:30:34.3093719Z   ...
2026-09-22T16:30:34.3094686Z # Subtest: portable visitor signatures verify across adapters but cannot become owner revisions
2026-09-22T16:30:34.3096478Z ok 297 - portable visitor signatures verify across adapters but cannot become owner revisions
2026-09-22T16:30:34.3097571Z   ---
2026-09-22T16:30:34.3097994Z   duration_ms: 64.700501
2026-09-22T16:30:34.3098461Z   type: 'test'
2026-09-22T16:30:34.3098829Z   ...
2026-09-22T16:30:34.3099837Z # Subtest: site/form/schema/base and the visitor's maximum publication audience are bound independently
2026-09-22T16:30:34.3101557Z ok 298 - site/form/schema/base and the visitor's maximum publication audience are bound independently
2026-09-22T16:30:34.3102417Z   ---
2026-09-22T16:30:34.3102820Z   duration_ms: 20.872599
2026-09-22T16:30:34.3103286Z   type: 'test'
2026-09-22T16:30:34.3103644Z   ...
2026-09-22T16:30:34.3104604Z # Subtest: expiry and clock checks apply to admission, while historical signatures stay verifiable
2026-09-22T16:30:34.3105988Z ok 299 - expiry and clock checks apply to admission, while historical signatures stay verifiable
2026-09-22T16:30:34.3106756Z   ---
2026-09-22T16:30:34.3112218Z   duration_ms: 36.354291
2026-09-22T16:30:34.3112962Z   type: 'test'
2026-09-22T16:30:34.3113340Z   ...
2026-09-22T16:30:34.3114413Z # Subtest: private submission remains encrypted even when the visitor consents to later public adoption
2026-09-22T16:30:34.3116051Z ok 300 - private submission remains encrypted even when the visitor consents to later public adoption
2026-09-22T16:30:34.3116967Z   ---
2026-09-22T16:30:34.3117372Z   duration_ms: 12.285183
2026-09-22T16:30:34.3117826Z   type: 'test'
2026-09-22T16:30:34.3118179Z   ...
2026-09-22T16:30:34.8949262Z # Subtest: Node and a real Go process agree on bounded declarative table vectors
2026-09-22T16:30:34.8952161Z ok 301 - Node and a real Go process agree on bounded declarative table vectors
2026-09-22T16:30:34.8953178Z   ---
2026-09-22T16:30:34.8953744Z   duration_ms: 399.097428
2026-09-22T16:30:34.8954419Z   type: 'test'
2026-09-22T16:30:34.8954934Z   ...
2026-09-22T16:30:35.0974082Z # Subtest: signed table projection sorts numeric values, keeps null last, and leaves source bytes unchanged
2026-09-22T16:30:35.0976138Z ok 302 - signed table projection sorts numeric values, keeps null last, and leaves source bytes unchanged
2026-09-22T16:30:35.0977282Z   ---
2026-09-22T16:30:35.0977775Z   duration_ms: 3.52263
2026-09-22T16:30:35.0978309Z   type: 'test'
2026-09-22T16:30:35.0978761Z   ...
2026-09-22T16:30:35.0980298Z # Subtest: literal search never evaluates code or patterns and pagination stays finite on empty and boundary queries
2026-09-22T16:30:35.0982527Z ok 303 - literal search never evaluates code or patterns and pagination stays finite on empty and boundary queries
2026-09-22T16:30:35.0983764Z   ---
2026-09-22T16:30:35.0984193Z   duration_ms: 1.480941
2026-09-22T16:30:35.0984605Z   type: 'test'
2026-09-22T16:30:35.0984938Z   ...
2026-09-22T16:30:35.0985795Z # Subtest: table shape, dates, links, column types and finite limits reject negative controls
2026-09-22T16:30:35.0987067Z ok 304 - table shape, dates, links, column types and finite limits reject negative controls
2026-09-22T16:30:35.0987829Z   ---
2026-09-22T16:30:35.0988208Z   duration_ms: 2.123723
2026-09-22T16:30:35.0988612Z   type: 'test'
2026-09-22T16:30:35.0988955Z   ...
2026-09-22T16:30:35.0990572Z # Subtest: nested getters and noncanonical arrays are rejected before executing accessors
2026-09-22T16:30:35.0992225Z ok 305 - nested getters and noncanonical arrays are rejected before executing accessors
2026-09-22T16:30:35.0992981Z   ---
2026-09-22T16:30:35.0993354Z   duration_ms: 1.176601
2026-09-22T16:30:35.0993765Z   type: 'test'
2026-09-22T16:30:35.0994096Z   ...
2026-09-22T16:30:35.0995764Z # Subtest: table byte quota counts UTF-8 bytes and canonical field names, with both sides of the boundary
2026-09-22T16:30:35.0998333Z ok 306 - table byte quota counts UTF-8 bytes and canonical field names, with both sides of the boundary
2026-09-22T16:30:35.0998813Z   ---
2026-09-22T16:30:35.0999113Z   duration_ms: 2.926425
2026-09-22T16:30:35.1002261Z   type: 'test'
2026-09-22T16:30:35.1002547Z   ...
2026-09-22T16:30:35.1003502Z # Subtest: CSV handles quoted commas, quotes and newlines as literal text without guessing numeric identities
2026-09-22T16:30:35.1004597Z ok 307 - CSV handles quoted commas, quotes and newlines as literal text without guessing numeric identities
2026-09-22T16:30:35.1005101Z   ---
2026-09-22T16:30:35.1005339Z   duration_ms: 1.292207
2026-09-22T16:30:35.1006630Z   type: 'test'
2026-09-22T16:30:35.1006829Z   ...
2026-09-22T16:30:35.1009287Z # Subtest: CSV export neutralises spreadsheet formulas without changing signed table values
2026-09-22T16:30:35.1010088Z ok 308 - CSV export neutralises spreadsheet formulas without changing signed table values
2026-09-22T16:30:35.1010618Z   ---
2026-09-22T16:30:35.1012351Z   duration_ms: 0.391263
2026-09-22T16:30:35.1012600Z   type: 'test'
2026-09-22T16:30:35.1012803Z   ...
2026-09-22T16:30:35.1013323Z # Subtest: typed editing preserves incomplete numbers for validation rather than erasing them
2026-09-22T16:30:35.1014466Z ok 309 - typed editing preserves incomplete numbers for validation rather than erasing them
2026-09-22T16:30:35.1015017Z   ---
2026-09-22T16:30:35.1015439Z   duration_ms: 0.357538
2026-09-22T16:30:35.1015864Z   type: 'test'
2026-09-22T16:30:35.1016193Z   ...
2026-09-22T16:30:35.4063197Z # Subtest: site schema: multipage with nested media and local navigation
2026-09-22T16:30:35.4122619Z ok 310 - site schema: multipage with nested media and local navigation
2026-09-22T16:30:35.4171902Z   ---
2026-09-22T16:30:35.4209429Z   duration_ms: 3.202482
2026-09-22T16:30:35.4209853Z   type: 'test'
2026-09-22T16:30:35.4210151Z   ...
2026-09-22T16:30:35.4210629Z # Subtest: site schema: literal HTML is data, never a block program
2026-09-22T16:30:35.4211749Z ok 311 - site schema: literal HTML is data, never a block program
2026-09-22T16:30:35.4212242Z   ---
2026-09-22T16:30:35.4212549Z   duration_ms: 0.574314
2026-09-22T16:30:35.4212872Z   type: 'test'
2026-09-22T16:30:35.4213146Z   ...
2026-09-22T16:30:35.4213527Z # Subtest: site schema: exact UTF-16 title boundary
2026-09-22T16:30:35.4214050Z ok 312 - site schema: exact UTF-16 title boundary
2026-09-22T16:30:35.4214427Z   ---
2026-09-22T16:30:35.4214710Z   duration_ms: 1.29331
2026-09-22T16:30:35.4215019Z   type: 'test'
2026-09-22T16:30:35.4215290Z   ...
2026-09-22T16:30:35.4215627Z # Subtest: site schema: unknown version
2026-09-22T16:30:35.4216049Z ok 313 - site schema: unknown version
2026-09-22T16:30:35.4216387Z   ---
2026-09-22T16:30:35.4216664Z   duration_ms: 0.27256
2026-09-22T16:30:35.4216972Z   type: 'test'
2026-09-22T16:30:35.4217233Z   ...
2026-09-22T16:30:35.4217568Z # Subtest: site schema: script property
2026-09-22T16:30:35.4217990Z ok 314 - site schema: script property
2026-09-22T16:30:35.4218317Z   ---
2026-09-22T16:30:35.4218594Z   duration_ms: 0.132287
2026-09-22T16:30:35.4218902Z   type: 'test'
2026-09-22T16:30:35.4219166Z   ...
2026-09-22T16:30:35.4219485Z # Subtest: site schema: arbitrary CSS
2026-09-22T16:30:35.4219890Z ok 315 - site schema: arbitrary CSS
2026-09-22T16:30:35.4220211Z   ---
2026-09-22T16:30:35.4220491Z   duration_ms: 0.133289
2026-09-22T16:30:35.4220804Z   type: 'test'
2026-09-22T16:30:35.4221065Z   ...
2026-09-22T16:30:35.4221931Z # Subtest: site schema: CSS URL injection
2026-09-22T16:30:35.4222551Z ok 316 - site schema: CSS URL injection
2026-09-22T16:30:35.4222978Z   ---
2026-09-22T16:30:35.4223331Z   duration_ms: 0.202559
2026-09-22T16:30:35.4223732Z   type: 'test'
2026-09-22T16:30:35.4224053Z   ...
2026-09-22T16:30:35.4224487Z # Subtest: site schema: duplicate pages
2026-09-22T16:30:35.4225065Z ok 317 - site schema: duplicate pages
2026-09-22T16:30:35.4225496Z   ---
2026-09-22T16:30:35.4225838Z   duration_ms: 0.141895
2026-09-22T16:30:35.4226290Z   type: 'test'
2026-09-22T16:30:35.4226603Z   ...
2026-09-22T16:30:35.4227027Z # Subtest: site schema: duplicate slugs
2026-09-22T16:30:35.4227589Z ok 318 - site schema: duplicate slugs
2026-09-22T16:30:35.4228013Z   ---
2026-09-22T16:30:35.4228352Z   duration_ms: 0.328394
2026-09-22T16:30:35.4228732Z   type: 'test'
2026-09-22T16:30:35.4229059Z   ...
2026-09-22T16:30:35.4230200Z # Subtest: site schema: duplicate nested node IDs
2026-09-22T16:30:35.4230934Z ok 319 - site schema: duplicate nested node IDs
2026-09-22T16:30:35.4231659Z   ---
2026-09-22T16:30:35.4232005Z   duration_ms: 0.44347
2026-09-22T16:30:35.4232308Z   type: 'test'
2026-09-22T16:30:35.4232504Z   ...
2026-09-22T16:30:35.4232780Z # Subtest: site schema: path traversal
2026-09-22T16:30:35.4233124Z ok 320 - site schema: path traversal
2026-09-22T16:30:35.4233380Z   ---
2026-09-22T16:30:35.4233599Z   duration_ms: 0.148738
2026-09-22T16:30:35.4233831Z   type: 'test'
2026-09-22T16:30:35.4234020Z   ...
2026-09-22T16:30:35.4234266Z # Subtest: site schema: missing home
2026-09-22T16:30:35.4234594Z ok 321 - site schema: missing home
2026-09-22T16:30:35.4234839Z   ---
2026-09-22T16:30:35.4235044Z   duration_ms: 0.120105
2026-09-22T16:30:35.4235277Z   type: 'test'
2026-09-22T16:30:35.4235464Z   ...
2026-09-22T16:30:35.4235744Z # Subtest: site schema: missing internal target
2026-09-22T16:30:35.4236146Z ok 322 - site schema: missing internal target
2026-09-22T16:30:35.4236440Z   ---
2026-09-22T16:30:35.4236649Z   duration_ms: 0.194474
2026-09-22T16:30:35.4236882Z   type: 'test'
2026-09-22T16:30:35.4237072Z   ...
2026-09-22T16:30:35.4237332Z # Subtest: site schema: javascript URL
2026-09-22T16:30:35.4237667Z ok 323 - site schema: javascript URL
2026-09-22T16:30:35.4237935Z   ---
2026-09-22T16:30:35.4238152Z   duration_ms: 0.163496
2026-09-22T16:30:35.4238392Z   type: 'test'
2026-09-22T16:30:35.4238590Z   ...
2026-09-22T16:30:35.4238862Z # Subtest: site schema: credentials in URL
2026-09-22T16:30:35.4239249Z ok 324 - site schema: credentials in URL
2026-09-22T16:30:35.4239520Z   ---
2026-09-22T16:30:35.4239731Z   duration_ms: 0.155992
2026-09-22T16:30:35.4239960Z   type: 'test'
2026-09-22T16:30:35.4240159Z   ...
2026-09-22T16:30:35.4240413Z # Subtest: site schema: HTTP URL
2026-09-22T16:30:35.4244005Z ok 325 - site schema: HTTP URL
2026-09-22T16:30:35.4244307Z   ---
2026-09-22T16:30:35.4244538Z   duration_ms: 0.149961
2026-09-22T16:30:35.4244792Z   type: 'test'
2026-09-22T16:30:35.4244989Z   ...
2026-09-22T16:30:35.4245272Z # Subtest: site schema: invalid high port
2026-09-22T16:30:35.4256513Z ok 326 - site schema: invalid high port
2026-09-22T16:30:35.4256881Z   ---
2026-09-22T16:30:35.4257120Z   duration_ms: 0.21355
2026-09-22T16:30:35.4257449Z   type: 'test'
2026-09-22T16:30:35.4257760Z   ...
2026-09-22T16:30:35.4258030Z # Subtest: site schema: query URL
2026-09-22T16:30:35.4258361Z ok 327 - site schema: query URL
2026-09-22T16:30:35.4258649Z   ---
2026-09-22T16:30:35.4259039Z   duration_ms: 0.628737
2026-09-22T16:30:35.4259341Z   type: 'test'
2026-09-22T16:30:35.4259549Z   ...
2026-09-22T16:30:35.4259815Z # Subtest: site schema: 13 pages
2026-09-22T16:30:35.4260131Z ok 328 - site schema: 13 pages
2026-09-22T16:30:35.4260376Z   ---
2026-09-22T16:30:35.4260589Z   duration_ms: 0.113002
2026-09-22T16:30:35.4260829Z   type: 'test'
2026-09-22T16:30:35.4261022Z   ...
2026-09-22T16:30:35.4261602Z # Subtest: site schema: 25 siblings
2026-09-22T16:30:35.4261959Z ok 329 - site schema: 25 siblings
2026-09-22T16:30:35.4262205Z   ---
2026-09-22T16:30:35.4262425Z   duration_ms: 0.170459
2026-09-22T16:30:35.4262798Z   type: 'test'
2026-09-22T16:30:35.4263145Z   ...
2026-09-22T16:30:35.4263589Z # Subtest: site schema: four levels
2026-09-22T16:30:35.4264141Z ok 330 - site schema: four levels
2026-09-22T16:30:35.4264411Z   ---
2026-09-22T16:30:35.4264622Z   duration_ms: 0.191128
2026-09-22T16:30:35.4264862Z   type: 'test'
2026-09-22T16:30:35.4265055Z   ...
2026-09-22T16:30:35.4265314Z # Subtest: site schema: 144 total nodes
2026-09-22T16:30:35.4265658Z ok 331 - site schema: 144 total nodes
2026-09-22T16:30:35.4265922Z   ---
2026-09-22T16:30:35.4266245Z   duration_ms: 0.517298
2026-09-22T16:30:35.4266485Z   type: 'test'
2026-09-22T16:30:35.4266678Z   ...
2026-09-22T16:30:35.4266943Z # Subtest: site schema: children on text
2026-09-22T16:30:35.4267290Z ok 332 - site schema: children on text
2026-09-22T16:30:35.4267553Z   ---
2026-09-22T16:30:35.4268146Z   duration_ms: 0.137727
2026-09-22T16:30:35.4268387Z   type: 'test'
2026-09-22T16:30:35.4268583Z   ...
2026-09-22T16:30:35.4268831Z # Subtest: site schema: body limit
2026-09-22T16:30:35.4269155Z ok 333 - site schema: body limit
2026-09-22T16:30:35.4269399Z   ---
2026-09-22T16:30:35.4269925Z   duration_ms: 0.140603
2026-09-22T16:30:35.4270325Z   type: 'test'
2026-09-22T16:30:35.4270642Z   ...
2026-09-22T16:30:35.4271335Z # Subtest: site schema: UTF-16 title overflow
2026-09-22T16:30:35.4271997Z ok 334 - site schema: UTF-16 title overflow
2026-09-22T16:30:35.4272476Z   ---
2026-09-22T16:30:35.4272837Z   duration_ms: 0.150602
2026-09-22T16:30:35.4273220Z   type: 'test'
2026-09-22T16:30:35.4273545Z   ...
2026-09-22T16:30:35.4274024Z # Subtest: site schema: fractional columns
2026-09-22T16:30:35.4274411Z ok 335 - site schema: fractional columns
2026-09-22T16:30:35.4274702Z   ---
2026-09-22T16:30:35.4274921Z   duration_ms: 0.147967
2026-09-22T16:30:35.4275159Z   type: 'test'
2026-09-22T16:30:35.4275366Z   ...
2026-09-22T16:30:35.4275622Z # Subtest: site schema: bad alignment
2026-09-22T16:30:35.4275955Z ok 336 - site schema: bad alignment
2026-09-22T16:30:35.4276213Z   ---
2026-09-22T16:30:35.4276430Z   duration_ms: 0.152355
2026-09-22T16:30:35.4276670Z   type: 'test'
2026-09-22T16:30:35.4276864Z   ...
2026-09-22T16:30:35.4277128Z # Subtest: site schema: missing media
2026-09-22T16:30:35.4277463Z ok 337 - site schema: missing media
2026-09-22T16:30:35.4277712Z   ---
2026-09-22T16:30:35.4277971Z   duration_ms: 0.178463
2026-09-22T16:30:35.4278351Z   type: 'test'
2026-09-22T16:30:35.4278556Z   ...
2026-09-22T16:30:35.4278830Z # Subtest: site schema: out of bounds media
2026-09-22T16:30:35.4279207Z ok 338 - site schema: out of bounds media
2026-09-22T16:30:35.4279479Z   ---
2026-09-22T16:30:35.4279777Z   duration_ms: 0.167253
2026-09-22T16:30:35.4280162Z   type: 'test'
2026-09-22T16:30:35.4280675Z   ...
2026-09-22T16:30:35.4281306Z # Subtest: site schema: SVG media
2026-09-22T16:30:35.4281852Z ok 339 - site schema: SVG media
2026-09-22T16:30:35.4282237Z   ---
2026-09-22T16:30:35.4282797Z   duration_ms: 0.095208
2026-09-22T16:30:35.4283188Z   type: 'test'
2026-09-22T16:30:35.4283515Z   ...
2026-09-22T16:30:35.4284331Z # Subtest: site schema: remote media field
2026-09-22T16:30:35.4284945Z ok 340 - site schema: remote media field
2026-09-22T16:30:35.4285405Z   ---
2026-09-22T16:30:35.4285747Z   duration_ms: 0.19795
2026-09-22T16:30:35.4286133Z   type: 'test'
2026-09-22T16:30:35.4286453Z   ...
2026-09-22T16:30:35.4286968Z # Subtest: site schema: fractional posts limit
2026-09-22T16:30:35.4287626Z ok 341 - site schema: fractional posts limit
2026-09-22T16:30:35.4288161Z   ---
2026-09-22T16:30:35.4288635Z   duration_ms: 0.179877
2026-09-22T16:30:35.4289092Z   type: 'test'
2026-09-22T16:30:35.4289475Z   ...
2026-09-22T16:30:35.4290028Z # Subtest: site schema: large document
2026-09-22T16:30:35.4290748Z ok 342 - site schema: large document
2026-09-22T16:30:35.4291586Z   ---
2026-09-22T16:30:35.4292106Z   duration_ms: 1.957131
2026-09-22T16:30:35.4292600Z   type: 'test'
2026-09-22T16:30:35.4292994Z   ...
2026-09-22T16:30:35.4293576Z # Subtest: site schema: empty composition at third level
2026-09-22T16:30:35.4294374Z ok 343 - site schema: empty composition at third level
2026-09-22T16:30:35.4294900Z   ---
2026-09-22T16:30:35.4295260Z   duration_ms: 0.25167
2026-09-22T16:30:35.4295652Z   type: 'test'
2026-09-22T16:30:35.4295982Z   ...
2026-09-22T16:30:35.4296556Z # Subtest: site schema: unreferenced executable attachment
2026-09-22T16:30:35.4297365Z ok 344 - site schema: unreferenced executable attachment
2026-09-22T16:30:35.4297901Z   ---
2026-09-22T16:30:35.4298256Z   duration_ms: 0.160521
2026-09-22T16:30:35.4298672Z   type: 'test'
2026-09-22T16:30:35.4299003Z   ...
2026-09-22T16:30:35.4299516Z # Subtest: site schema: invalid image base64 length
2026-09-22T16:30:35.4300245Z ok 345 - site schema: invalid image base64 length
2026-09-22T16:30:35.4300761Z   ---
2026-09-22T16:30:35.4301296Z   duration_ms: 0.108904
2026-09-22T16:30:35.4302203Z   type: 'test'
2026-09-22T16:30:35.4302593Z   ...
2026-09-22T16:30:35.4303144Z # Subtest: site schema: valid HTTPS escaped path
2026-09-22T16:30:35.4303866Z ok 346 - site schema: valid HTTPS escaped path
2026-09-22T16:30:35.4304368Z   ---
2026-09-22T16:30:35.4304725Z   duration_ms: 0.312334
2026-09-22T16:30:35.4305122Z   type: 'test'
2026-09-22T16:30:35.4305450Z   ...
2026-09-22T16:30:35.4305950Z # Subtest: site schema: valid HTTPS local IPv4
2026-09-22T16:30:35.4306610Z ok 347 - site schema: valid HTTPS local IPv4
2026-09-22T16:30:35.4307090Z   ---
2026-09-22T16:30:35.4307465Z   duration_ms: 0.334896
2026-09-22T16:30:35.4307863Z   type: 'test'
2026-09-22T16:30:35.4308194Z   ...
2026-09-22T16:30:35.4308739Z # Subtest: site schema: valid HTTPS international path
2026-09-22T16:30:35.4309492Z ok 348 - site schema: valid HTTPS international path
2026-09-22T16:30:35.4310008Z   ---
2026-09-22T16:30:35.4310357Z   duration_ms: 0.23553
2026-09-22T16:30:35.4310758Z   type: 'test'
2026-09-22T16:30:35.4311274Z   ...
2026-09-22T16:30:35.4311808Z # Subtest: site schema: invalid HTTPS percent escape
2026-09-22T16:30:35.4312526Z ok 349 - site schema: invalid HTTPS percent escape
2026-09-22T16:30:35.4313062Z   ---
2026-09-22T16:30:35.4313413Z   duration_ms: 0.178243
2026-09-22T16:30:35.4313802Z   type: 'test'
2026-09-22T16:30:35.4314132Z   ...
2026-09-22T16:30:35.4314662Z # Subtest: site schema: invalid HTTPS dangling percent
2026-09-22T16:30:35.4315399Z ok 350 - site schema: invalid HTTPS dangling percent
2026-09-22T16:30:35.4315914Z   ---
2026-09-22T16:30:35.4316279Z   duration_ms: 0.147526
2026-09-22T16:30:35.4316679Z   type: 'test'
2026-09-22T16:30:35.4317006Z   ...
2026-09-22T16:30:35.4317568Z # Subtest: site schema: invalid HTTPS Unicode whitespace
2026-09-22T16:30:35.4318315Z ok 351 - site schema: invalid HTTPS Unicode whitespace
2026-09-22T16:30:35.4318823Z   ---
2026-09-22T16:30:35.4319168Z   duration_ms: 0.139481
2026-09-22T16:30:35.4319547Z   type: 'test'
2026-09-22T16:30:35.4319863Z   ...
2026-09-22T16:30:35.4320412Z # Subtest: site schema: invalid HTTPS control character
2026-09-22T16:30:35.4321453Z ok 352 - site schema: invalid HTTPS control character
2026-09-22T16:30:35.4322725Z   ---
2026-09-22T16:30:35.4323090Z   duration_ms: 0.171281
2026-09-22T16:30:35.4323493Z   type: 'test'
2026-09-22T16:30:35.4323815Z   ...
2026-09-22T16:30:35.4324311Z # Subtest: site schema: invalid HTTPS IPv4 range
2026-09-22T16:30:35.4324996Z ok 353 - site schema: invalid HTTPS IPv4 range
2026-09-22T16:30:35.4325477Z   ---
2026-09-22T16:30:35.4325822Z   duration_ms: 0.15479
2026-09-22T16:30:35.4326208Z   type: 'test'
2026-09-22T16:30:35.4326530Z   ...
2026-09-22T16:30:35.4327067Z # Subtest: site schema: invalid HTTPS abbreviated IPv4
2026-09-22T16:30:35.4327821Z ok 354 - site schema: invalid HTTPS abbreviated IPv4
2026-09-22T16:30:35.4328334Z   ---
2026-09-22T16:30:35.4328684Z   duration_ms: 0.145201
2026-09-22T16:30:35.4329071Z   type: 'test'
2026-09-22T16:30:35.4329397Z   ...
2026-09-22T16:30:35.4332145Z # Subtest: site schema: invalid HTTPS numeric final DNS label
2026-09-22T16:30:35.4332998Z ok 355 - site schema: invalid HTTPS numeric final DNS label
2026-09-22T16:30:35.4333548Z   ---
2026-09-22T16:30:35.4333902Z   duration_ms: 0.198291
2026-09-22T16:30:35.4334291Z   type: 'test'
2026-09-22T16:30:35.4334614Z   ...
2026-09-22T16:30:35.4335182Z # Subtest: site schema: invalid HTTPS hexadecimal IP alias
2026-09-22T16:30:35.4335971Z ok 356 - site schema: invalid HTTPS hexadecimal IP alias
2026-09-22T16:30:35.4336495Z   ---
2026-09-22T16:30:35.4336845Z   duration_ms: 0.158596
2026-09-22T16:30:35.4337228Z   type: 'test'
2026-09-22T16:30:35.4337545Z   ...
2026-09-22T16:30:35.4338059Z # Subtest: site schema: invalid HTTPS octal IP alias
2026-09-22T16:30:35.4338761Z ok 357 - site schema: invalid HTTPS octal IP alias
2026-09-22T16:30:35.4339254Z   ---
2026-09-22T16:30:35.4339599Z   duration_ms: 1.081673
2026-09-22T16:30:35.4339990Z   type: 'test'
2026-09-22T16:30:35.4340303Z   ...
2026-09-22T16:30:35.4341000Z # Subtest: site schema: valid HTTPS local hostname
2026-09-22T16:30:35.4342084Z ok 358 - site schema: valid HTTPS local hostname
2026-09-22T16:30:35.4342583Z   ---
2026-09-22T16:30:35.4342929Z   duration_ms: 0.215573
2026-09-22T16:30:35.4343321Z   type: 'test'
2026-09-22T16:30:35.4343637Z   ...
2026-09-22T16:30:35.4344151Z # Subtest: site schema: invalid HTTPS hostname label
2026-09-22T16:30:35.4344868Z ok 359 - site schema: invalid HTTPS hostname label
2026-09-22T16:30:35.4345398Z   ---
2026-09-22T16:30:35.4345743Z   duration_ms: 0.145782
2026-09-22T16:30:35.4346126Z   type: 'test'
2026-09-22T16:30:35.4346457Z   ...
2026-09-22T16:30:35.4347154Z # Subtest: site schema: valid HTTPS IDN ASCII hostname
2026-09-22T16:30:35.4347884Z ok 360 - site schema: valid HTTPS IDN ASCII hostname
2026-09-22T16:30:35.4348390Z   ---
2026-09-22T16:30:35.4348738Z   duration_ms: 0.226594
2026-09-22T16:30:35.4349121Z   type: 'test'
2026-09-22T16:30:35.4349442Z   ...
2026-09-22T16:30:35.4349908Z # Subtest: site schema: version 2 typed table
2026-09-22T16:30:35.4350560Z ok 361 - site schema: version 2 typed table
2026-09-22T16:30:35.4351020Z   ---
2026-09-22T16:30:35.4351604Z   duration_ms: 0.650857
2026-09-22T16:30:35.4351986Z   type: 'test'
2026-09-22T16:30:35.4352299Z   ...
2026-09-22T16:30:35.4352808Z # Subtest: site schema: table rejected in version 1
2026-09-22T16:30:35.4353807Z ok 362 - site schema: table rejected in version 1
2026-09-22T16:30:35.4354305Z   ---
2026-09-22T16:30:35.4354649Z   duration_ms: 0.160761
2026-09-22T16:30:35.4355033Z   type: 'test'
2026-09-22T16:30:35.4355344Z   ...
2026-09-22T16:30:35.4355794Z # Subtest: site schema: table missing data
2026-09-22T16:30:35.4356401Z ok 363 - site schema: table missing data
2026-09-22T16:30:35.4356842Z   ---
2026-09-22T16:30:35.4357191Z   duration_ms: 0.160861
2026-09-22T16:30:35.4357582Z   type: 'test'
2026-09-22T16:30:35.4357900Z   ...
2026-09-22T16:30:35.4358445Z # Subtest: site schema: data on non-table block
2026-09-22T16:30:35.4359108Z ok 364 - site schema: data on non-table block
2026-09-22T16:30:35.4359593Z   ---
2026-09-22T16:30:35.4359939Z   duration_ms: 0.147667
2026-09-22T16:30:35.4360326Z   type: 'test'
2026-09-22T16:30:35.4360642Z   ...
2026-09-22T16:30:35.4361266Z # Subtest: site schema: table unknown field
2026-09-22T16:30:35.4361894Z ok 365 - site schema: table unknown field
2026-09-22T16:30:35.4362342Z   ---
2026-09-22T16:30:35.4362683Z   duration_ms: 0.143579
2026-09-22T16:30:35.4363066Z   type: 'test'
2026-09-22T16:30:35.4363386Z   ...
2026-09-22T16:30:35.4363901Z # Subtest: site schema: table repeated row identifier
2026-09-22T16:30:35.4364652Z ok 366 - site schema: table repeated row identifier
2026-09-22T16:30:35.4365169Z   ---
2026-09-22T16:30:35.4365519Z   duration_ms: 0.188713
2026-09-22T16:30:35.4365905Z   type: 'test'
2026-09-22T16:30:35.4366237Z   ...
2026-09-22T16:30:35.4366722Z # Subtest: site schema: table wrong typed number
2026-09-22T16:30:35.4367395Z ok 367 - site schema: table wrong typed number
2026-09-22T16:30:35.4367875Z   ---
2026-09-22T16:30:35.4368239Z   duration_ms: 0.192009
2026-09-22T16:30:35.4368635Z   type: 'test'
2026-09-22T16:30:35.4368951Z   ...
2026-09-22T16:30:35.4369759Z # Subtest: templates satisfy the same wire contract and produce unique block identities
2026-09-22T16:30:35.4370962Z ok 368 - templates satisfy the same wire contract and produce unique block identities
2026-09-22T16:30:35.4371854Z   ---
2026-09-22T16:30:35.4372205Z   duration_ms: 1.980354
2026-09-22T16:30:35.4372591Z   type: 'test'
2026-09-22T16:30:35.4372908Z   ...
2026-09-22T16:30:35.4373485Z # Subtest: site input rejects getters without invoking them
2026-09-22T16:30:35.4374291Z ok 369 - site input rejects getters without invoking them
2026-09-22T16:30:35.4374818Z   ---
2026-09-22T16:30:35.4375161Z   duration_ms: 0.298809
2026-09-22T16:30:35.4375546Z   type: 'test'
2026-09-22T16:30:35.4375868Z   ...
2026-09-22T16:30:35.4376478Z # Subtest: site total image budget is enforced outside the editor
2026-09-22T16:30:35.4377349Z ok 370 - site total image budget is enforced outside the editor
2026-09-22T16:30:35.4378302Z   ---
2026-09-22T16:30:35.4378655Z   duration_ms: 8.524518
2026-09-22T16:30:35.4379041Z   type: 'test'
2026-09-22T16:30:35.4379363Z   ...
2026-09-22T16:30:35.4380128Z # Subtest: image limit counts decoded bytes, including padding at the exact boundary
2026-09-22T16:30:35.4381488Z ok 371 - image limit counts decoded bytes, including padding at the exact boundary
2026-09-22T16:30:35.4382172Z   ---
2026-09-22T16:30:35.4382527Z   duration_ms: 12.364061
2026-09-22T16:30:35.4382932Z   type: 'test'
2026-09-22T16:30:35.4383271Z   ...
2026-09-22T16:30:35.4384051Z # Subtest: individually valid tables also consume the global 128 KiB document budget
2026-09-22T16:30:35.4385205Z ok 372 - individually valid tables also consume the global 128 KiB document budget
2026-09-22T16:30:35.4385905Z   ---
2026-09-22T16:30:35.4386257Z   duration_ms: 12.583541
2026-09-22T16:30:35.4386736Z   type: 'test'
2026-09-22T16:30:35.4387102Z   ...
2026-09-22T16:30:35.6061012Z # Subtest: draft context retains original base and exact pending request across serialisation without transferring ownership
2026-09-22T16:30:35.6064603Z ok 373 - draft context retains original base and exact pending request across serialisation without transferring ownership
2026-09-22T16:30:35.6065606Z   ---
2026-09-22T16:30:35.6065921Z   duration_ms: 2.281498
2026-09-22T16:30:35.6066260Z   type: 'test'
2026-09-22T16:30:35.6066540Z   ...
2026-09-22T16:30:35.6067919Z # Subtest: malformed or ambiguous draft context cannot replace valid private editing metadata
2026-09-22T16:30:35.6070559Z ok 374 - malformed or ambiguous draft context cannot replace valid private editing metadata
2026-09-22T16:30:35.6071615Z   ---
2026-09-22T16:30:35.6072108Z   duration_ms: 1.060835
2026-09-22T16:30:35.6072656Z   type: 'test'
2026-09-22T16:30:35.6073111Z   ...
2026-09-22T16:30:36.3558233Z # Subtest: v4 binds nested and cross-page forms to typed local tables; Node and Go agree on positive/negative document vectors
2026-09-22T16:30:36.3560275Z ok 375 - v4 binds nested and cross-page forms to typed local tables; Node and Go agree on positive/negative document vectors
2026-09-22T16:30:36.3561006Z   ---
2026-09-22T16:30:36.3561580Z   duration_ms: 406.613912
2026-09-22T16:30:36.3561904Z   type: 'test'
2026-09-22T16:30:36.3562153Z   ...
2026-09-22T16:30:36.3566491Z # Subtest: copying a page or a composition rebinds local tables while foreign-page references remain independent
2026-09-22T16:30:36.3568484Z ok 376 - copying a page or a composition rebinds local tables while foreign-page references remain independent
2026-09-22T16:30:36.3569111Z   ---
2026-09-22T16:30:36.3569517Z   duration_ms: 7.548331
2026-09-22T16:30:36.3569975Z   type: 'test'
2026-09-22T16:30:36.3570329Z   ...
2026-09-22T16:30:36.3572506Z # Subtest: v4 schemas remain covered by owner snapshots; unversioned or counterfeit envelopes cannot supply form authority
2026-09-22T16:30:36.3575179Z ok 377 - v4 schemas remain covered by owner snapshots; unversioned or counterfeit envelopes cannot supply form authority
2026-09-22T16:30:36.3576139Z   ---
2026-09-22T16:30:36.3576444Z   duration_ms: 63.476992
2026-09-22T16:30:36.3576705Z   type: 'test'
2026-09-22T16:30:36.3576911Z   ...
2026-09-22T16:30:43.9786927Z # Subtest: versioned sites cross TCP and serial PTY, survive partition/heal and reach a new reader from a consenting offline-author seeder
2026-09-22T16:30:43.9788402Z ok 378 - versioned sites cross TCP and serial PTY, survive partition/heal and reach a new reader from a consenting offline-author seeder
2026-09-22T16:30:43.9789101Z   ---
2026-09-22T16:30:43.9789360Z   duration_ms: 7424.884915
2026-09-22T16:30:43.9789633Z   type: 'test'
2026-09-22T16:30:43.9789837Z   ...
2026-09-22T16:30:44.2049105Z # Subtest: page duplication preserves the source, shared assets and external links while remapping nested self-links
2026-09-22T16:30:44.2053459Z ok 379 - page duplication preserves the source, shared assets and external links while remapping nested self-links
2026-09-22T16:30:44.2054908Z   ---
2026-09-22T16:30:44.2056569Z   duration_ms: 5.033897
2026-09-22T16:30:44.2057639Z   type: 'test'
2026-09-22T16:30:44.2058376Z   ...
2026-09-22T16:30:44.2059322Z # Subtest: duplicate names/slugs remain bounded and unique with Unicode and the exact page cap
2026-09-22T16:30:44.2060664Z ok 380 - duplicate names/slugs remain bounded and unique with Unicode and the exact page cap
2026-09-22T16:30:44.2061702Z   ---
2026-09-22T16:30:44.2062078Z   duration_ms: 6.726744
2026-09-22T16:30:44.2062486Z   type: 'test'
2026-09-22T16:30:44.2062827Z   ...
2026-09-22T16:30:44.2072629Z # Subtest: page copying accepts exactly 128 nodes and refuses the next node without changing the draft
2026-09-22T16:30:44.2074134Z ok 381 - page copying accepts exactly 128 nodes and refuses the next node without changing the draft
2026-09-22T16:30:44.2075024Z   ---
2026-09-22T16:30:44.2075443Z   duration_ms: 6.049658
2026-09-22T16:30:44.2075726Z   type: 'test'
2026-09-22T16:30:44.2075944Z   ...
2026-09-22T16:30:44.2076541Z # Subtest: reordering preserves page identities, home and links and has no history-changing boundary step
2026-09-22T16:30:44.2077412Z ok 382 - reordering preserves page identities, home and links and has no history-changing boundary step
2026-09-22T16:30:44.2077898Z   ---
2026-09-22T16:30:44.2078117Z   duration_ms: 1.23485
2026-09-22T16:30:44.2078351Z   type: 'test'
2026-09-22T16:30:44.2078542Z   ...
2026-09-22T16:30:44.2079156Z # Subtest: copying is explicit authored content creation in the selected language and never mutates an invalid source
2026-09-22T16:30:44.2080059Z ok 383 - copying is explicit authored content creation in the selected language and never mutates an invalid source
2026-09-22T16:30:44.2080570Z   ---
2026-09-22T16:30:44.2080782Z   duration_ms: 1.634207
2026-09-22T16:30:44.2081015Z   type: 'test'
2026-09-22T16:30:44.2081496Z   ...
2026-09-22T16:30:44.6850990Z # (node:8506) ExperimentalWarning: SQLite is an experimental feature and might change at any time
2026-09-22T16:30:44.6852663Z # (Use `node --trace-warnings ...` to show where the warning was created)
2026-09-22T16:30:44.6877189Z # Subtest: private site staging survives SQLite restart and does not expose signatures to the reading secret
2026-09-22T16:30:44.6878906Z ok 384 - private site staging survives SQLite restart and does not expose signatures to the reading secret
2026-09-22T16:30:44.6879858Z   ---
2026-09-22T16:30:44.6880267Z   duration_ms: 101.459658
2026-09-22T16:30:44.6880747Z   type: 'test'
2026-09-22T16:30:44.6881370Z   ...
2026-09-22T16:30:44.6883122Z # Subtest: private resource staging survives SQLite restart and does not expose signatures to the reading secret
2026-09-22T16:30:44.6885048Z ok 385 - private resource staging survives SQLite restart and does not expose signatures to the reading secret
2026-09-22T16:30:44.6886114Z   ---
2026-09-22T16:30:44.6886557Z   duration_ms: 80.327376
2026-09-22T16:30:44.6887039Z   type: 'test'
2026-09-22T16:30:44.6887402Z   ...
2026-09-22T16:30:44.6889989Z # Subtest: private contribution staging survives SQLite restart and does not expose signatures to the reading secret
2026-09-22T16:30:44.6892147Z ok 386 - private contribution staging survives SQLite restart and does not expose signatures to the reading secret
2026-09-22T16:30:44.6893181Z   ---
2026-09-22T16:30:44.6893584Z   duration_ms: 77.848026
2026-09-22T16:30:44.6894017Z   type: 'test'
2026-09-22T16:30:44.6894354Z   ...
2026-09-22T16:30:44.6895243Z # Subtest: private staging quota failure aborts all record changes even when its error is caught
2026-09-22T16:30:44.6896579Z ok 387 - private staging quota failure aborts all record changes even when its error is caught
2026-09-22T16:30:44.6897334Z   ---
2026-09-22T16:30:44.6897698Z   duration_ms: 15.599734
2026-09-22T16:30:44.6898103Z   type: 'test'
2026-09-22T16:30:44.6898427Z   ...
2026-09-22T16:30:44.6899187Z # Subtest: private record handles expire at the synchronous transaction boundary
2026-09-22T16:30:44.6900671Z ok 388 - private record handles expire at the synchronous transaction boundary
2026-09-22T16:30:44.6901650Z   ---
2026-09-22T16:30:44.6902437Z   duration_ms: 5.982151
2026-09-22T16:30:44.6902697Z   type: 'test'
2026-09-22T16:30:44.6902904Z   ...
2026-09-22T16:30:44.6905200Z # Subtest: missing and transposed ciphertext are rejected even inside an otherwise authentic outer database
2026-09-22T16:30:44.6906751Z ok 389 - missing and transposed ciphertext are rejected even inside an otherwise authentic outer database
2026-09-22T16:30:44.6907445Z   ---
2026-09-22T16:30:44.6907941Z   duration_ms: 19.733006
2026-09-22T16:30:44.6908470Z   type: 'test'
2026-09-22T16:30:44.6908880Z   ...
2026-09-22T16:30:47.0198731Z # Subtest: node editor keeps one publication after a lost response and process restart; private version recovery preserves readers
2026-09-22T16:30:47.0200253Z ok 390 - node editor keeps one publication after a lost response and process restart; private version recovery preserves readers
2026-09-22T16:30:47.0200995Z   ---
2026-09-22T16:30:47.0201826Z   duration_ms: 2053.266661
2026-09-22T16:30:47.0202301Z   type: 'test'
2026-09-22T16:30:47.0202688Z   ...
2026-09-22T16:30:49.3238682Z # Subtest: node editor rejects stale and changed review bases, and can close a consumed competing attempt without claiming cancellation
2026-09-22T16:30:49.3241706Z ok 391 - node editor rejects stale and changed review bases, and can close a consumed competing attempt without claiming cancellation
2026-09-22T16:30:49.3243121Z   ---
2026-09-22T16:30:49.3243751Z   duration_ms: 2303.903393
2026-09-22T16:30:49.3244128Z   type: 'test'
2026-09-22T16:30:49.3244385Z   ...
2026-09-22T16:30:50.3348243Z # Subtest: node editor never sends before durable draft acknowledgement, keeps unknown submissions frozen, and fences a locked session
2026-09-22T16:30:50.3349764Z ok 392 - node editor never sends before durable draft acknowledgement, keeps unknown submissions frozen, and fences a locked session
2026-09-22T16:30:50.3350443Z   ---
2026-09-22T16:30:50.3350690Z   duration_ms: 1010.985504
2026-09-22T16:30:50.3350964Z   type: 'test'
2026-09-22T16:30:50.3351541Z   ...
2026-09-22T16:30:51.5404158Z # Subtest: native editor keeps one publication after a lost response and process restart; private version recovery preserves readers
2026-09-22T16:30:51.5414207Z ok 393 - native editor keeps one publication after a lost response and process restart; private version recovery preserves readers
2026-09-22T16:30:51.5414994Z   ---
2026-09-22T16:30:51.5415273Z   duration_ms: 1205.611653
2026-09-22T16:30:51.5415533Z   type: 'test'
2026-09-22T16:30:51.5415861Z   ...
2026-09-22T16:30:53.4256600Z # Subtest: native editor rejects stale and changed review bases, and can close a consumed competing attempt without claiming cancellation
2026-09-22T16:30:53.4258599Z ok 394 - native editor rejects stale and changed review bases, and can close a consumed competing attempt without claiming cancellation
2026-09-22T16:30:53.4259644Z   ---
2026-09-22T16:30:53.4260031Z   duration_ms: 1884.872048
2026-09-22T16:30:53.4260494Z   type: 'test'
2026-09-22T16:30:53.4260862Z   ...
2026-09-22T16:30:54.0476855Z # Subtest: native editor never sends before durable draft acknowledgement, keeps unknown submissions frozen, and fences a locked session
2026-09-22T16:30:54.0478946Z ok 395 - native editor never sends before durable draft acknowledgement, keeps unknown submissions frozen, and fences a locked session
2026-09-22T16:30:54.0480038Z   ---
2026-09-22T16:30:54.0480491Z   duration_ms: 620.318489
2026-09-22T16:30:54.0480907Z   type: 'test'
2026-09-22T16:30:54.0481492Z   ...
2026-09-22T16:30:55.7123748Z # Subtest: node editor can close an unadmitted request after a late fork changes only its base
2026-09-22T16:30:55.7125752Z ok 396 - node editor can close an unadmitted request after a late fork changes only its base
2026-09-22T16:30:55.7126658Z   ---
2026-09-22T16:30:55.7127105Z   duration_ms: 1666.209374
2026-09-22T16:30:55.7127591Z   type: 'test'
2026-09-22T16:30:55.7127857Z   ...
2026-09-22T16:30:57.3764607Z # Subtest: native editor can close an unadmitted request after a late fork changes only its base
2026-09-22T16:30:57.3766548Z ok 397 - native editor can close an unadmitted request after a late fork changes only its base
2026-09-22T16:30:57.3767337Z   ---
2026-09-22T16:30:57.3767703Z   duration_ms: 1664.093582
2026-09-22T16:30:57.3768110Z   type: 'test'
2026-09-22T16:30:57.3768428Z   ...
2026-09-22T16:31:04.8512193Z # Subtest: node editor can resume an earlier authorized copy without replacing the current draft
2026-09-22T16:31:04.8513848Z ok 398 - node editor can resume an earlier authorized copy without replacing the current draft
2026-09-22T16:31:04.8514837Z   ---
2026-09-22T16:31:04.8515241Z   duration_ms: 7474.239619
2026-09-22T16:31:04.8515674Z   type: 'test'
2026-09-22T16:31:04.8515998Z   ...
2026-09-22T16:31:10.6918498Z # Subtest: native editor can resume an earlier authorized copy without replacing the current draft
2026-09-22T16:31:10.6920070Z ok 399 - native editor can resume an earlier authorized copy without replacing the current draft
2026-09-22T16:31:10.6920955Z   ---
2026-09-22T16:31:10.6921680Z   duration_ms: 5843.764987
2026-09-22T16:31:10.6922190Z   type: 'test'
2026-09-22T16:31:10.6922564Z   ...
2026-09-22T16:31:12.9846228Z # Subtest: site sequence reservation is not publication; replay is stable and stale bases do not mutate state
2026-09-22T16:31:12.9848164Z ok 400 - site sequence reservation is not publication; replay is stable and stale bases do not mutate state
2026-09-22T16:31:12.9849112Z   ---
2026-09-22T16:31:12.9849543Z   duration_ms: 29.408578
2026-09-22T16:31:12.9850006Z   type: 'test'
2026-09-22T16:31:12.9850365Z   ...
2026-09-22T16:31:12.9854098Z # Subtest: a newer signed observation supersedes an unfinished publication and cannot roll back to older headers
2026-09-22T16:31:12.9855876Z ok 401 - a newer signed observation supersedes an unfinished publication and cannot roll back to older headers
2026-09-22T16:31:12.9856814Z   ---
2026-09-22T16:31:12.9857219Z   duration_ms: 15.025731
2026-09-22T16:31:12.9857676Z   type: 'test'
2026-09-22T16:31:12.9858035Z   ...
2026-09-22T16:31:12.9858897Z # Subtest: retired site operation sequences cannot be replayed as new writes
2026-09-22T16:31:12.9860061Z ok 402 - retired site operation sequences cannot be replayed as new writes
2026-09-22T16:31:12.9860760Z   ---
2026-09-22T16:31:12.9861421Z   duration_ms: 949.539677
2026-09-22T16:31:12.9861889Z   type: 'test'
2026-09-22T16:31:12.9862256Z   ...
2026-09-22T16:31:12.9863220Z # Subtest: a full site history can advance while the latest known header is retained without payloads
2026-09-22T16:31:12.9864684Z ok 403 - a full site history can advance while the latest known header is retained without payloads
2026-09-22T16:31:12.9865539Z   ---
2026-09-22T16:31:12.9866009Z   duration_ms: 903.254889
2026-09-22T16:31:12.9866472Z   type: 'test'
2026-09-22T16:31:12.9866853Z   ...
2026-09-22T16:31:12.9867925Z # Subtest: registry shape and single pending operation limits reject malformed state without invoking getters
2026-09-22T16:31:12.9869556Z ok 404 - registry shape and single pending operation limits reject malformed state without invoking getters
2026-09-22T16:31:12.9870492Z   ---
2026-09-22T16:31:12.9870894Z   duration_ms: 6.149385
2026-09-22T16:31:12.9871573Z   type: 'test'
2026-09-22T16:31:12.9871934Z   ...
2026-09-22T16:31:12.9872853Z # Subtest: equal-sequence signed concurrency changes the base before durable authorization
2026-09-22T16:31:12.9874205Z ok 405 - equal-sequence signed concurrency changes the base before durable authorization
2026-09-22T16:31:12.9875015Z   ---
2026-09-22T16:31:12.9875422Z   duration_ms: 7.518997
2026-09-22T16:31:12.9875848Z   type: 'test'
2026-09-22T16:31:12.9876216Z   ...
2026-09-22T16:31:12.9877165Z # Subtest: committed publication recovery is irreversible and never rolls back a newer signed head
2026-09-22T16:31:12.9878679Z ok 406 - committed publication recovery is irreversible and never rolls back a newer signed head
2026-09-22T16:31:12.9879541Z   ---
2026-09-22T16:31:12.9879914Z   duration_ms: 18.243651
2026-09-22T16:31:12.9880319Z   type: 'test'
2026-09-22T16:31:12.9880640Z   ...
2026-09-22T16:31:12.9882734Z # Subtest: cryptographic memoization is confined to one transition and cannot hide subsequent mutations
2026-09-22T16:31:12.9884290Z ok 407 - cryptographic memoization is confined to one transition and cannot hide subsequent mutations
2026-09-22T16:31:12.9885215Z   ---
2026-09-22T16:31:12.9885645Z   duration_ms: 185.305604
2026-09-22T16:31:12.9886124Z   type: 'test'
2026-09-22T16:31:12.9886519Z   ...
2026-09-22T16:31:13.4997222Z # (node:8685) ExperimentalWarning: SQLite is an experimental feature and might change at any time
2026-09-22T16:31:13.4998388Z # (Use `node --trace-warnings ...` to show where the warning was created)
2026-09-22T16:31:13.5014782Z # Subtest: logical site publication replays the same public or private result before and after staging retirement
2026-09-22T16:31:13.5017484Z ok 408 - logical site publication replays the same public or private result before and after staging retirement
2026-09-22T16:31:13.5018399Z   ---
2026-09-22T16:31:13.5018792Z   duration_ms: 216.491787
2026-09-22T16:31:13.5019197Z   type: 'test'
2026-09-22T16:31:13.5019505Z   ...
2026-09-22T16:31:13.5024426Z # Subtest: request fingerprints bind exact reading cards, base, lifetime and document consistently across crypto runtimes
2026-09-22T16:31:13.5027153Z ok 409 - request fingerprints bind exact reading cards, base, lifetime and document consistently across crypto runtimes
2026-09-22T16:31:13.5028164Z   ---
2026-09-22T16:31:13.5028568Z   duration_ms: 33.343489
2026-09-22T16:31:13.5028990Z   type: 'test'
2026-09-22T16:31:13.5029326Z   ...
2026-09-22T16:31:13.9108831Z # (node:8703) ExperimentalWarning: SQLite is an experimental feature and might change at any time
2026-09-22T16:31:13.9110218Z # (Use `node --trace-warnings ...` to show where the warning was created)
2026-09-22T16:31:13.9137490Z # Subtest: resource preparation is encrypted, survives reopen and returns the same reference after a lost response
2026-09-22T16:31:13.9139798Z ok 410 - resource preparation is encrypted, survives reopen and returns the same reference after a lost response
2026-09-22T16:31:13.9141368Z   ---
2026-09-22T16:31:13.9142017Z   duration_ms: 60.215041
2026-09-22T16:31:13.9142873Z   type: 'test'
2026-09-22T16:31:13.9143444Z   ...
2026-09-22T16:31:13.9144839Z # Subtest: resource quota failure rolls back counter and signatures, even when caught by an outer caller
2026-09-22T16:31:13.9146831Z ok 411 - resource quota failure rolls back counter and signatures, even when caught by an outer caller
2026-09-22T16:31:13.9147817Z   ---
2026-09-22T16:31:13.9148286Z   duration_ms: 103.596249
2026-09-22T16:31:13.9148796Z   type: 'test'
2026-09-22T16:31:13.9149188Z   ...
2026-09-22T16:31:13.9150110Z # Subtest: a different copy cannot finish an operation or consume its pending signature
2026-09-22T16:31:13.9151481Z ok 412 - a different copy cannot finish an operation or consume its pending signature
2026-09-22T16:31:13.9152915Z   ---
2026-09-22T16:31:13.9153275Z   duration_ms: 24.9731
2026-09-22T16:31:13.9153631Z   type: 'test'
2026-09-22T16:31:13.9153982Z   ...
2026-09-22T16:31:15.9485401Z # Subtest: expired preparation authenticates before disposal and never silently recreates the requested resource
2026-09-22T16:31:15.9487875Z ok 413 - expired preparation authenticates before disposal and never silently recreates the requested resource
2026-09-22T16:31:15.9489281Z   ---
2026-09-22T16:31:15.9489858Z   duration_ms: 1118.601399
2026-09-22T16:31:15.9490496Z   type: 'test'
2026-09-22T16:31:15.9491006Z   ...
2026-09-22T16:31:15.9492472Z # Subtest: a missing stage is corruption and is never interpreted as a fresh catalogue
2026-09-22T16:31:15.9493815Z ok 414 - a missing stage is corruption and is never interpreted as a fresh catalogue
2026-09-22T16:31:15.9494618Z   ---
2026-09-22T16:31:15.9495039Z   duration_ms: 14.847788
2026-09-22T16:31:15.9495505Z   type: 'test'
2026-09-22T16:31:15.9495884Z   ...
2026-09-22T16:31:15.9496924Z # Subtest: real process exit before-commit cannot duplicate or lose the resource creation identity
2026-09-22T16:31:15.9499085Z ok 415 - real process exit before-commit cannot duplicate or lose the resource creation identity
2026-09-22T16:31:15.9499638Z   ---
2026-09-22T16:31:15.9499884Z   duration_ms: 222.922672
2026-09-22T16:31:15.9500146Z   type: 'test'
2026-09-22T16:31:15.9500356Z   ...
2026-09-22T16:31:15.9501049Z # Subtest: real process exit after-commit cannot duplicate or lose the resource creation identity
2026-09-22T16:31:15.9502758Z ok 416 - real process exit after-commit cannot duplicate or lose the resource creation identity
2026-09-22T16:31:15.9503556Z   ---
2026-09-22T16:31:15.9503947Z   duration_ms: 235.349091
2026-09-22T16:31:15.9504423Z   type: 'test'
2026-09-22T16:31:15.9504766Z   ...
2026-09-22T16:31:15.9505702Z # Subtest: real process exit after-copy cannot duplicate or lose the resource creation identity
2026-09-22T16:31:15.9507058Z ok 417 - real process exit after-copy cannot duplicate or lose the resource creation identity
2026-09-22T16:31:15.9507831Z   ---
2026-09-22T16:31:15.9508230Z   duration_ms: 230.509252
2026-09-22T16:31:15.9508665Z   type: 'test'
2026-09-22T16:31:15.9509003Z   ...
2026-09-22T16:31:15.9509900Z # Subtest: real process exit after-ready cannot duplicate or lose the resource creation identity
2026-09-22T16:31:15.9512241Z ok 418 - real process exit after-ready cannot duplicate or lose the resource creation identity
2026-09-22T16:31:15.9513046Z   ---
2026-09-22T16:31:15.9513423Z   duration_ms: 224.72734
2026-09-22T16:31:15.9513868Z   type: 'test'
2026-09-22T16:31:15.9514211Z   ...
2026-09-22T16:31:16.5907247Z # Subtest: v3 accepts bounded optional references and duplicates a page without transferring resource authorship
2026-09-22T16:31:16.5910265Z ok 419 - v3 accepts bounded optional references and duplicates a page without transferring resource authorship
2026-09-22T16:31:16.5910949Z   ---
2026-09-22T16:31:16.5911469Z   duration_ms: 9.353007
2026-09-22T16:31:16.5911850Z   type: 'test'
2026-09-22T16:31:16.5912207Z   ...
2026-09-22T16:31:16.5930458Z # Subtest: Node and Go agree on v3 reference vectors, legacy compatibility and exact resource limits
2026-09-22T16:31:16.5932127Z ok 420 - Node and Go agree on v3 reference vectors, legacy compatibility and exact resource limits
2026-09-22T16:31:16.5932912Z   ---
2026-09-22T16:31:16.5933297Z   duration_ms: 420.948741
2026-09-22T16:31:16.5933722Z   type: 'test'
2026-09-22T16:31:16.5934058Z   ...
2026-09-22T16:31:16.5934601Z # Subtest: reference descriptors reject getters without executing them
2026-09-22T16:31:16.5935198Z ok 421 - reference descriptors reject getters without executing them
2026-09-22T16:31:16.5935571Z   ---
2026-09-22T16:31:16.5935853Z   duration_ms: 0.421969
2026-09-22T16:31:16.5936336Z   type: 'test'
2026-09-22T16:31:16.5946179Z   ...
2026-09-22T16:31:16.5947098Z # Subtest: resource insertion preserves the original filename while bounding a Unicode heading
2026-09-22T16:31:16.5948003Z ok 422 - resource insertion preserves the original filename while bounding a Unicode heading
2026-09-22T16:31:16.5948563Z   ---
2026-09-22T16:31:16.5948990Z   duration_ms: 0.406291
2026-09-22T16:31:16.5949450Z   type: 'test'
2026-09-22T16:31:16.5949671Z   ...
2026-09-22T16:31:16.8117547Z # Subtest: automatic resource checks bound concurrency and retain each authenticated target
2026-09-22T16:31:16.8119275Z ok 423 - automatic resource checks bound concurrency and retain each authenticated target
2026-09-22T16:31:16.8120263Z   ---
2026-09-22T16:31:16.8120783Z   duration_ms: 10.78671
2026-09-22T16:31:16.8121543Z   type: 'test'
2026-09-22T16:31:16.8122019Z   ...
2026-09-22T16:31:16.8155012Z # Subtest: aborting an active view cannot release its real request slot early
2026-09-22T16:31:16.8156297Z ok 424 - aborting an active view cannot release its real request slot early
2026-09-22T16:31:16.8157275Z   ---
2026-09-22T16:31:16.8157863Z   duration_ms: 3.733064
2026-09-22T16:31:16.8158439Z   type: 'test'
2026-09-22T16:31:16.8158931Z   ...
2026-09-22T16:31:16.8176858Z # Subtest: queued cancellation never reaches the runtime and a failed request advances the queue
2026-09-22T16:31:16.8179109Z ok 425 - queued cancellation never reaches the runtime and a failed request advances the queue
2026-09-22T16:31:16.8180135Z   ---
2026-09-22T16:31:16.8180863Z   duration_ms: 2.150152
2026-09-22T16:31:16.8181614Z   type: 'test'
2026-09-22T16:31:16.8181979Z   ...
2026-09-22T16:31:16.8222415Z # Subtest: queue exhaustion preserves admitted checks and already-aborted work never starts
2026-09-22T16:31:16.8229634Z ok 426 - queue exhaustion preserves admitted checks and already-aborted work never starts
2026-09-22T16:31:16.8230674Z   ---
2026-09-22T16:31:16.8231500Z   duration_ms: 3.795511
2026-09-22T16:31:16.8232087Z   type: 'test'
2026-09-22T16:31:16.8232579Z   ...
2026-09-22T16:31:16.8233681Z # Subtest: identical reference checks coalesce only in flight and return independent result objects
2026-09-22T16:31:16.8235240Z ok 427 - identical reference checks coalesce only in flight and return independent result objects
2026-09-22T16:31:16.8236186Z   ---
2026-09-22T16:31:16.8236711Z   duration_ms: 1.150643
2026-09-22T16:31:16.8237268Z   type: 'test'
2026-09-22T16:31:16.8237748Z   ...
2026-09-22T16:31:16.8244003Z # Subtest: reference coalescing separates snapshots, pages and descriptor changes
2026-09-22T16:31:16.8248982Z ok 428 - reference coalescing separates snapshots, pages and descriptor changes
2026-09-22T16:31:16.8249967Z   ---
2026-09-22T16:31:16.8250617Z   duration_ms: 1.400751
2026-09-22T16:31:16.8251394Z   type: 'test'
2026-09-22T16:31:16.8251905Z   ...
2026-09-22T16:31:16.8259200Z # Subtest: one cancelled consumer does not cancel its live sibling; abandoned views cannot be revived
2026-09-22T16:31:16.8260773Z ok 429 - one cancelled consumer does not cancel its live sibling; abandoned views cannot be revived
2026-09-22T16:31:16.8261958Z   ---
2026-09-22T16:31:16.8262574Z   duration_ms: 1.671347
2026-09-22T16:31:16.8263080Z   type: 'test'
2026-09-22T16:31:16.8263466Z   ...
2026-09-22T16:31:16.8274231Z # Subtest: shared-request failures reject every caller and do not become cached success
2026-09-22T16:31:16.8275632Z ok 430 - shared-request failures reject every caller and do not become cached success
2026-09-22T16:31:16.8276597Z   ---
2026-09-22T16:31:16.8277189Z   duration_ms: 1.371546
2026-09-22T16:31:16.8277694Z   type: 'test'
2026-09-22T16:31:16.8278081Z   ...
2026-09-22T16:31:16.8285099Z # Subtest: coalesced observers remain bounded even when they share one runtime request
2026-09-22T16:31:16.8286492Z ok 431 - coalesced observers remain bounded even when they share one runtime request
2026-09-22T16:31:16.8287442Z   ---
2026-09-22T16:31:16.8288041Z   duration_ms: 1.068128
2026-09-22T16:31:16.8288526Z   type: 'test'
2026-09-22T16:31:16.8288897Z   ...
2026-09-22T16:31:18.3135334Z # Subtest: TypeScript and a real Go process agree on resource identity, canonical hashes, boundaries and reading scope
2026-09-22T16:31:18.3138877Z ok 432 - TypeScript and a real Go process agree on resource identity, canonical hashes, boundaries and reading scope
2026-09-22T16:31:18.3139722Z   ---
2026-09-22T16:31:18.3140303Z   duration_ms: 1302.368511
2026-09-22T16:31:18.3140896Z   type: 'test'
2026-09-22T16:31:18.3141945Z   ...
2026-09-22T16:31:20.0388957Z # Subtest: Node and Go agree on creation fingerprints, exact outcomes, retirement and malformed records
2026-09-22T16:31:20.0392675Z ok 433 - Node and Go agree on creation fingerprints, exact outcomes, retirement and malformed records
2026-09-22T16:31:20.0393550Z   ---
2026-09-22T16:31:20.0393918Z   duration_ms: 1517.04778
2026-09-22T16:31:20.0394356Z   type: 'test'
2026-09-22T16:31:20.0394673Z   ...
2026-09-22T16:31:21.2110218Z # Subtest: resource creation retries retain one signed identity and reject UUID reuse with a different request
2026-09-22T16:31:21.2112293Z ok 434 - resource creation retries retain one signed identity and reject UUID reuse with a different request
2026-09-22T16:31:21.2113253Z   ---
2026-09-22T16:31:21.2113666Z   duration_ms: 7.204388
2026-09-22T16:31:21.2114131Z   type: 'test'
2026-09-22T16:31:21.2114512Z   ...
2026-09-22T16:31:21.2116165Z # Subtest: a pending copy holds the slot; only its exact ciphertext may complete it
2026-09-22T16:31:21.2117514Z ok 435 - a pending copy holds the slot; only its exact ciphertext may complete it
2026-09-22T16:31:21.2118278Z   ---
2026-09-22T16:31:21.2118704Z   duration_ms: 4.064604
2026-09-22T16:31:21.2119148Z   type: 'test'
2026-09-22T16:31:21.2119580Z   ...
2026-09-22T16:31:21.2122350Z # Subtest: expired pending work remains a terminal outcome instead of silently signing a replacement
2026-09-22T16:31:21.2123909Z ok 436 - expired pending work remains a terminal outcome instead of silently signing a replacement
2026-09-22T16:31:21.2124799Z   ---
2026-09-22T16:31:21.2125203Z   duration_ms: 2.927307
2026-09-22T16:31:21.2125646Z   type: 'test'
2026-09-22T16:31:21.2126013Z   ...
2026-09-22T16:31:21.2127070Z # Subtest: retirement is bounded by committed sequence and cannot turn an old uncertain retry into new work
2026-09-22T16:31:21.2128701Z ok 437 - retirement is bounded by committed sequence and cannot turn an old uncertain retry into new work
2026-09-22T16:31:21.2129619Z   ---
2026-09-22T16:31:21.2130013Z   duration_ms: 942.331128
2026-09-22T16:31:21.2130412Z   type: 'test'
2026-09-22T16:31:21.2130778Z   ...
2026-09-22T16:31:21.2132073Z # Subtest: staging cannot change creator, size, scope or lifespan; private reader scope must include the owner
2026-09-22T16:31:21.2133708Z ok 438 - staging cannot change creator, size, scope or lifespan; private reader scope must include the owner
2026-09-22T16:31:21.2134614Z   ---
2026-09-22T16:31:21.2134998Z   duration_ms: 1.577952
2026-09-22T16:31:21.2135425Z   type: 'test'
2026-09-22T16:31:21.2135794Z   ...
2026-09-22T16:31:21.2136611Z # Subtest: untrusted local record and request getters are refused without execution
2026-09-22T16:31:21.2137850Z ok 439 - untrusted local record and request getters are refused without execution
2026-09-22T16:31:21.2138595Z   ---
2026-09-22T16:31:21.2138977Z   duration_ms: 0.285314
2026-09-22T16:31:21.2139372Z   type: 'test'
2026-09-22T16:31:21.2139721Z   ...
2026-09-22T16:31:22.6539735Z # (node:9062) ExperimentalWarning: SQLite is an experimental feature and might change at any time
2026-09-22T16:31:22.6541375Z # (Use `node --trace-warnings ...` to show where the warning was created)
2026-09-22T16:31:22.6562202Z # Subtest: resource UI controller recovers a lost committed reply without creating another signature
2026-09-22T16:31:22.6566816Z ok 440 - resource UI controller recovers a lost committed reply without creating another signature
2026-09-22T16:31:22.6567874Z   ---
2026-09-22T16:31:22.6568426Z   duration_ms: 150.207408
2026-09-22T16:31:22.6569031Z   type: 'test'
2026-09-22T16:31:22.6569480Z   ...
2026-09-22T16:31:22.6570707Z # Subtest: resource UI retries an unconfirmed request only on explicit action and with the same UUID and payload
2026-09-22T16:31:22.6573436Z ok 441 - resource UI retries an unconfirmed request only on explicit action and with the same UUID and payload
2026-09-22T16:31:22.6574404Z   ---
2026-09-22T16:31:22.6574863Z   duration_ms: 125.753888
2026-09-22T16:31:22.6575351Z   type: 'test'
2026-09-22T16:31:22.6575735Z   ...
2026-09-22T16:31:22.6577058Z # Subtest: closing a resource UI session fences an in-flight result while the durable library remains recoverable
2026-09-22T16:31:22.6579206Z ok 442 - closing a resource UI session fences an in-flight result while the durable library remains recoverable
2026-09-22T16:31:22.6580146Z   ---
2026-09-22T16:31:22.6580582Z   duration_ms: 123.822736
2026-09-22T16:31:22.6581052Z   type: 'test'
2026-09-22T16:31:22.6581656Z   ...
2026-09-22T16:31:22.6582744Z # Subtest: resource library walks real history beyond the operation journal and retains third-party creators
2026-09-22T16:31:22.6584405Z ok 443 - resource library walks real history beyond the operation journal and retains third-party creators
2026-09-22T16:31:22.6585353Z   ---
2026-09-22T16:31:22.6585755Z   duration_ms: 635.670391
2026-09-22T16:31:22.6586199Z   type: 'test'
2026-09-22T16:31:22.6586566Z   ...
2026-09-22T16:31:22.6588201Z # Subtest: resource sizes never round a nonempty small file down to zero
2026-09-22T16:31:22.6589307Z ok 444 - resource sizes never round a nonempty small file down to zero
2026-09-22T16:31:22.6589929Z   ---
2026-09-22T16:31:22.6590297Z   duration_ms: 13.233146
2026-09-22T16:31:22.6590702Z   type: 'test'
2026-09-22T16:31:22.6591040Z   ...
2026-09-22T16:31:22.9693019Z # Subtest: a table descriptor pins its complete canonical payload and returns owned data
2026-09-22T16:31:22.9694578Z ok 445 - a table descriptor pins its complete canonical payload and returns owned data
2026-09-22T16:31:22.9695417Z   ---
2026-09-22T16:31:22.9695846Z   duration_ms: 10.704476
2026-09-22T16:31:22.9696315Z   type: 'test'
2026-09-22T16:31:22.9696710Z   ...
2026-09-22T16:31:22.9700236Z # Subtest: verification of real encrypted envelopes precedes descriptor matching; a reader's valid signature cannot replace the referenced author
2026-09-22T16:31:22.9702713Z ok 446 - verification of real encrypted envelopes precedes descriptor matching; a reader's valid signature cannot replace the referenced author
2026-09-22T16:31:22.9703627Z   ---
2026-09-22T16:31:22.9704057Z   duration_ms: 16.817903
2026-09-22T16:31:22.9704385Z   type: 'test'
2026-09-22T16:31:22.9704591Z   ...
2026-09-22T16:31:22.9706744Z # Subtest: files have canonical base64, exact decoded boundaries and no executable rendering type
2026-09-22T16:31:22.9708282Z ok 447 - files have canonical base64, exact decoded boundaries and no executable rendering type
2026-09-22T16:31:22.9709146Z   ---
2026-09-22T16:31:22.9709558Z   duration_ms: 74.33241
2026-09-22T16:31:22.9710023Z   type: 'test'
2026-09-22T16:31:22.9710405Z   ...
2026-09-22T16:31:22.9711855Z # Subtest: a private resource never becomes public by reference and reader sets cannot silently expand
2026-09-22T16:31:22.9713596Z ok 448 - a private resource never becomes public by reference and reader sets cannot silently expand
2026-09-22T16:31:22.9714503Z   ---
2026-09-22T16:31:22.9714914Z   duration_ms: 0.653663
2026-09-22T16:31:22.9715393Z   type: 'test'
2026-09-22T16:31:22.9715747Z   ...
2026-09-22T16:31:22.9716695Z # Subtest: descriptor and nested data getters are refused without access, including reader arrays
2026-09-22T16:31:22.9718138Z ok 449 - descriptor and nested data getters are refused without access, including reader arrays
2026-09-22T16:31:22.9718977Z   ---
2026-09-22T16:31:22.9719390Z   duration_ms: 0.762928
2026-09-22T16:31:22.9719794Z   type: 'test'
2026-09-22T16:31:22.9720122Z   ...
2026-09-22T16:31:23.6158319Z # Subtest: site addresses are stable under display/read-card changes and reject ambiguous input
2026-09-22T16:31:23.6160104Z ok 450 - site addresses are stable under display/read-card changes and reject ambiguous input
2026-09-22T16:31:23.6161343Z   ---
2026-09-22T16:31:23.6161836Z   duration_ms: 44.450446
2026-09-22T16:31:23.6162372Z   type: 'test'
2026-09-22T16:31:23.6162785Z   ...
2026-09-22T16:31:23.6165010Z # Subtest: node signed snapshots bind the exact content and retain ownership when another reader can decrypt
2026-09-22T16:31:23.6167117Z ok 451 - node signed snapshots bind the exact content and retain ownership when another reader can decrypt
2026-09-22T16:31:23.6168231Z   ---
2026-09-22T16:31:23.6168777Z   duration_ms: 12.526544
2026-09-22T16:31:23.6169356Z   type: 'test'
2026-09-22T16:31:23.6169826Z   ...
2026-09-22T16:31:23.6171550Z # Subtest: node orders revisions by signed sequence, reports forks and does not let replay replace a known head
2026-09-22T16:31:23.6186535Z ok 452 - node orders revisions by signed sequence, reports forks and does not let replay replace a known head
2026-09-22T16:31:23.6187513Z   ---
2026-09-22T16:31:23.6187927Z   duration_ms: 18.085284
2026-09-22T16:31:23.6188378Z   type: 'test'
2026-09-22T16:31:23.6188748Z   ...
2026-09-22T16:31:23.6189822Z # Subtest: node rejects malformed certificates without invoking getters and enforces finite history/signature bounds
2026-09-22T16:31:23.6192258Z ok 453 - node rejects malformed certificates without invoking getters and enforces finite history/signature bounds
2026-09-22T16:31:23.6193483Z   ---
2026-09-22T16:31:23.6193904Z   duration_ms: 28.569778
2026-09-22T16:31:23.6194371Z   type: 'test'
2026-09-22T16:31:23.6194744Z   ...
2026-09-22T16:31:23.6195897Z # Subtest: portable signed snapshots bind the exact content and retain ownership when another reader can decrypt
2026-09-22T16:31:23.6197632Z ok 454 - portable signed snapshots bind the exact content and retain ownership when another reader can decrypt
2026-09-22T16:31:23.6198586Z   ---
2026-09-22T16:31:23.6199003Z   duration_ms: 95.816261
2026-09-22T16:31:23.6199460Z   type: 'test'
2026-09-22T16:31:23.6199808Z   ...
2026-09-22T16:31:23.6200962Z # Subtest: portable orders revisions by signed sequence, reports forks and does not let replay replace a known head
2026-09-22T16:31:23.6202940Z ok 455 - portable orders revisions by signed sequence, reports forks and does not let replay replace a known head
2026-09-22T16:31:23.6203821Z   ---
2026-09-22T16:31:23.6204231Z   duration_ms: 123.705045
2026-09-22T16:31:23.6204688Z   type: 'test'
2026-09-22T16:31:23.6205022Z   ...
2026-09-22T16:31:23.6206226Z # Subtest: portable rejects malformed certificates without invoking getters and enforces finite history/signature bounds
2026-09-22T16:31:23.6208095Z ok 456 - portable rejects malformed certificates without invoking getters and enforces finite history/signature bounds
2026-09-22T16:31:23.6209090Z   ---
2026-09-22T16:31:23.6209492Z   duration_ms: 54.032984
2026-09-22T16:31:23.6209945Z   type: 'test'
2026-09-22T16:31:23.6210292Z   ...
2026-09-22T16:31:23.6211571Z # Subtest: Node and portable crypto produce identical snapshot bytes/signatures and verify each other
2026-09-22T16:31:23.6213135Z ok 457 - Node and portable crypto produce identical snapshot bytes/signatures and verify each other
2026-09-22T16:31:23.6214034Z   ---
2026-09-22T16:31:23.6214465Z   duration_ms: 12.941681
2026-09-22T16:31:23.6214927Z   type: 'test'
2026-09-22T16:31:23.6215304Z   ...
2026-09-22T16:31:28.0219914Z # (node:9120) ExperimentalWarning: SQLite is an experimental feature and might change at any time
2026-09-22T16:31:28.0221575Z # (Use `node --trace-warnings ...` to show where the warning was created)
2026-09-22T16:31:28.0242578Z # Subtest: large valid cache produces bounded pages and exact authorized attachments on demand
2026-09-22T16:31:28.0246248Z ok 458 - large valid cache produces bounded pages and exact authorized attachments on demand
2026-09-22T16:31:28.0247133Z   ---
2026-09-22T16:31:28.0247533Z   duration_ms: 3418.55074
2026-09-22T16:31:28.0247980Z   type: 'test'
2026-09-22T16:31:28.0248337Z   ...
2026-09-22T16:31:28.0266489Z # Subtest: received author deletion persists before evicting its original, and denied attachments stay unavailable
2026-09-22T16:31:28.0268209Z ok 459 - received author deletion persists before evicting its original, and denied attachments stay unavailable
2026-09-22T16:31:28.0269101Z   ---
2026-09-22T16:31:28.0269475Z   duration_ms: 119.571845
2026-09-22T16:31:28.0269879Z   type: 'test'
2026-09-22T16:31:28.0270130Z   ...
2026-09-22T16:31:28.0270595Z # Subtest: request tracking is bounded even when transport rejects every broadcast
2026-09-22T16:31:28.0271539Z ok 460 - request tracking is bounded even when transport rejects every broadcast
2026-09-22T16:31:28.0271958Z   ---
2026-09-22T16:31:28.0272186Z   duration_ms: 132.944591
2026-09-22T16:31:28.0272440Z   type: 'test'
2026-09-22T16:31:28.0272639Z   ...
2026-09-22T16:31:28.0273058Z # Subtest: unknown post extension data does not crash or inflate summaries
2026-09-22T16:31:28.0273646Z ok 461 - unknown post extension data does not crash or inflate summaries
2026-09-22T16:31:28.0274021Z   ---
2026-09-22T16:31:28.0274251Z   duration_ms: 250.223523
2026-09-22T16:31:28.0274496Z   type: 'test'
2026-09-22T16:31:28.0274692Z   ...
2026-09-22T16:31:28.0275133Z # Subtest: summary reuse remains bound to verified disk bytes and unlocked identity
2026-09-22T16:31:28.0275795Z ok 462 - summary reuse remains bound to verified disk bytes and unlocked identity
2026-09-22T16:31:28.0276621Z   ---
2026-09-22T16:31:28.0276849Z   duration_ms: 101.471882
2026-09-22T16:31:28.0277089Z   type: 'test'
2026-09-22T16:31:28.0277282Z   ...
2026-09-22T16:31:30.1479931Z # Subtest: collections and following integrate with encrypted persistence and hashed peer retrieval respects read ACL
2026-09-22T16:31:30.1482211Z ok 463 - collections and following integrate with encrypted persistence and hashed peer retrieval respects read ACL
2026-09-22T16:31:30.1483313Z   ---
2026-09-22T16:31:30.1483758Z   duration_ms: 1914.318018
2026-09-22T16:31:30.1484260Z   type: 'test'
2026-09-22T16:31:30.1484644Z   ...
2026-09-22T16:31:30.3489883Z # Subtest: collection create, rename, add, remove and delete are immutable local transitions
2026-09-22T16:31:30.3493793Z ok 464 - collection create, rename, add, remove and delete are immutable local transitions
2026-09-22T16:31:30.3495118Z   ---
2026-09-22T16:31:30.3495947Z   duration_ms: 2.479198
2026-09-22T16:31:30.3496684Z   type: 'test'
2026-09-22T16:31:30.3497405Z   ...
2026-09-22T16:31:30.3498715Z # Subtest: collection identity, title and timestamp rules reject ambiguous metadata
2026-09-22T16:31:30.3500515Z ok 465 - collection identity, title and timestamp rules reject ambiguous metadata
2026-09-22T16:31:30.3501979Z   ---
2026-09-22T16:31:30.3502805Z   duration_ms: 1.504535
2026-09-22T16:31:30.3503536Z   type: 'test'
2026-09-22T16:31:30.3504060Z   ...
2026-09-22T16:31:30.3505122Z # Subtest: prototype, accessor, unknown field and sparse-array inputs fail without executing metadata
2026-09-22T16:31:30.3506913Z ok 466 - prototype, accessor, unknown field and sparse-array inputs fail without executing metadata
2026-09-22T16:31:30.3508012Z   ---
2026-09-22T16:31:30.3508620Z   duration_ms: 0.63626
2026-09-22T16:31:30.3509276Z   type: 'test'
2026-09-22T16:31:30.3509793Z   ...
2026-09-22T16:31:30.3510828Z # Subtest: collection ownership cannot be transferred by a command or mixed across identity vaults
2026-09-22T16:31:30.3512849Z ok 467 - collection ownership cannot be transferred by a command or mixed across identity vaults
2026-09-22T16:31:30.3514138Z   ---
2026-09-22T16:31:30.3514901Z   duration_ms: 0.428172
2026-09-22T16:31:30.3515402Z   type: 'test'
2026-09-22T16:31:30.3515842Z   ...
2026-09-22T16:31:30.3516876Z # Subtest: collection and membership quotas reject atomically while allowing idempotent operations
2026-09-22T16:31:30.3518430Z ok 468 - collection and membership quotas reject atomically while allowing idempotent operations
2026-09-22T16:31:30.3519306Z   ---
2026-09-22T16:31:30.3519731Z   duration_ms: 8.574571
2026-09-22T16:31:30.3520183Z   type: 'test'
2026-09-22T16:31:30.3520548Z   ...
2026-09-22T16:31:30.3521933Z # Subtest: recovered collections reject duplicate identifiers, titles, members and excessive total memberships
2026-09-22T16:31:30.3523724Z ok 469 - recovered collections reject duplicate identifiers, titles, members and excessive total memberships
2026-09-22T16:31:30.3524687Z   ---
2026-09-22T16:31:30.3525116Z   duration_ms: 4.077719
2026-09-22T16:31:30.3525562Z   type: 'test'
2026-09-22T16:31:30.3525922Z   ...
2026-09-22T16:31:30.3526917Z # Subtest: content references remain canonical hashes and convey neither reader access nor authorship
2026-09-22T16:31:30.3528497Z ok 470 - content references remain canonical hashes and convey neither reader access nor authorship
2026-09-22T16:31:30.3529386Z   ---
2026-09-22T16:31:30.3529762Z   duration_ms: 11.097
2026-09-22T16:31:30.3530221Z   type: 'test'
2026-09-22T16:31:30.3530544Z   ...
2026-09-22T16:31:30.3531821Z # Subtest: followed feed selects posts and alerts from followed authors without changing caller order or access
2026-09-22T16:31:30.3533493Z ok 471 - followed feed selects posts and alerts from followed authors without changing caller order or access
2026-09-22T16:31:30.3534414Z   ---
2026-09-22T16:31:30.3534844Z   duration_ms: 0.928416
2026-09-22T16:31:30.3535303Z   type: 'test'
2026-09-22T16:31:30.3535676Z   ...
2026-09-22T16:31:30.5474363Z # Subtest: authenticated historical decoding does not make expired content admissible or decryptable by another identity
2026-09-22T16:31:30.5476539Z ok 472 - authenticated historical decoding does not make expired content admissible or decryptable by another identity
2026-09-22T16:31:30.5477572Z   ---
2026-09-22T16:31:30.5477980Z   duration_ms: 19.162008
2026-09-22T16:31:30.5478442Z   type: 'test'
2026-09-22T16:31:30.5478808Z   ...
2026-09-22T16:31:30.5479616Z # Subtest: historical time extraction rejects accessors without invoking them
2026-09-22T16:31:30.5482383Z ok 473 - historical time extraction rejects accessors without invoking them
2026-09-22T16:31:30.5482928Z   ---
2026-09-22T16:31:30.5483229Z   duration_ms: 0.231884
2026-09-22T16:31:30.5483538Z   type: 'test'
2026-09-22T16:31:30.5483792Z   ...
2026-09-22T16:31:30.8233073Z # Subtest: new small-message arrivals cannot repeatedly take the bulk fairness turn
2026-09-22T16:31:30.8234857Z ok 474 - new small-message arrivals cannot repeatedly take the bulk fairness turn
2026-09-22T16:31:30.8235894Z   ---
2026-09-22T16:31:30.8236604Z   duration_ms: 47.012851
2026-09-22T16:31:30.8237331Z   type: 'test'
2026-09-22T16:31:30.8237933Z   ...
2026-09-22T16:31:31.7420809Z # Subtest: local cancellation removes an actual queued TCP transfer and its reconnect copy
2026-09-22T16:31:31.7422890Z ok 475 - local cancellation removes an actual queued TCP transfer and its reconnect copy
2026-09-22T16:31:31.7423860Z   ---
2026-09-22T16:31:31.7424377Z   duration_ms: 676.034537
2026-09-22T16:31:31.7424638Z   type: 'test'
2026-09-22T16:31:31.7424841Z   ...
2026-09-22T16:31:32.4092325Z # Subtest: local cancellation negative control delivers an actual queued TCP transfer and its reconnect copy
2026-09-22T16:31:32.4094144Z ok 476 - local cancellation negative control delivers an actual queued TCP transfer and its reconnect copy
2026-09-22T16:31:32.4094755Z   ---
2026-09-22T16:31:32.4094999Z   duration_ms: 666.674904
2026-09-22T16:31:32.4095265Z   type: 'test'
2026-09-22T16:31:32.4095463Z   ...
2026-09-22T16:31:32.8923920Z # Subtest: local cancellation leaves another origin's retained relay packet intact
2026-09-22T16:31:32.8925297Z ok 477 - local cancellation leaves another origin's retained relay packet intact
2026-09-22T16:31:32.8926157Z   ---
2026-09-22T16:31:32.8926627Z   duration_ms: 484.148477
2026-09-22T16:31:32.8927093Z   type: 'test'
2026-09-22T16:31:32.8927498Z   ...
2026-09-22T16:31:33.2186413Z # Subtest: TCP parser handles split/coalesced frames, rejects tamper and replays only once
2026-09-22T16:31:33.2187764Z ok 478 - TCP parser handles split/coalesced frames, rejects tamper and replays only once
2026-09-22T16:31:33.2188545Z   ---
2026-09-22T16:31:33.2189100Z   duration_ms: 87.359499
2026-09-22T16:31:33.2189735Z   type: 'test'
2026-09-22T16:31:33.2190270Z   ...
2026-09-22T16:31:33.2971651Z # Subtest: non-reading TCP duplicate flood coalesces and bounds control output
2026-09-22T16:31:33.2973422Z ok 479 - non-reading TCP duplicate flood coalesces and bounds control output
2026-09-22T16:31:33.2974535Z   ---
2026-09-22T16:31:33.2975254Z   duration_ms: 80.268796
2026-09-22T16:31:33.2975654Z   type: 'test'
2026-09-22T16:31:33.2975889Z   ...
2026-09-22T16:31:33.3200064Z # Subtest: TCP malformed frame and unfinished-line floods disconnect and release state
2026-09-22T16:31:33.3202000Z ok 480 - TCP malformed frame and unfinished-line floods disconnect and release state
2026-09-22T16:31:33.3202924Z   ---
2026-09-22T16:31:33.3203434Z   duration_ms: 23.141573
2026-09-22T16:31:33.3204032Z   type: 'test'
2026-09-22T16:31:33.3204479Z   ...
2026-09-22T16:31:33.5050933Z # Subtest: distinct TCP packets cannot grow the ACK queue or exceed its output rate
2026-09-22T16:31:33.5052771Z ok 481 - distinct TCP packets cannot grow the ACK queue or exceed its output rate
2026-09-22T16:31:33.5053623Z   ---
2026-09-22T16:31:33.5054111Z   duration_ms: 184.695142
2026-09-22T16:31:33.5054689Z   type: 'test'
2026-09-22T16:31:33.5055156Z   ...
2026-09-22T16:31:35.8668123Z # Subtest: TCP incomplete assemblies have count and aggregate memory bounds
2026-09-22T16:31:35.8671030Z ok 482 - TCP incomplete assemblies have count and aggregate memory bounds
2026-09-22T16:31:35.8674753Z   ---
2026-09-22T16:31:35.8675565Z   duration_ms: 2361.276624
2026-09-22T16:31:35.8676493Z   type: 'test'
2026-09-22T16:31:35.8677169Z   ...
2026-09-22T16:31:36.0021373Z # Subtest: expired packets, invalid TTLs and exhausted hop limits never relay
2026-09-22T16:31:36.0022644Z ok 483 - expired packets, invalid TTLs and exhausted hop limits never relay
2026-09-22T16:31:36.0023417Z   ---
2026-09-22T16:31:36.0023826Z   duration_ms: 135.457195
2026-09-22T16:31:36.0024271Z   type: 'test'
2026-09-22T16:31:36.0024629Z   ...
2026-09-22T16:31:36.4794086Z # Subtest: queued expiry and stopped sockets release bounded output under backpressure
2026-09-22T16:31:36.4797601Z ok 484 - queued expiry and stopped sockets release bounded output under backpressure
2026-09-22T16:31:36.4798289Z   ---
2026-09-22T16:31:36.4798807Z   duration_ms: 477.571338
2026-09-22T16:31:36.4799411Z   type: 'test'
2026-09-22T16:31:36.4799946Z   ...
2026-09-22T16:31:40.8900040Z # Subtest: partial TCP loss retries exact bytes and missing ACK retries without duplicate delivery
2026-09-22T16:31:40.8902475Z ok 485 - partial TCP loss retries exact bytes and missing ACK retries without duplicate delivery
2026-09-22T16:31:40.8903545Z   ---
2026-09-22T16:31:40.8904044Z   duration_ms: 4410.054698
2026-09-22T16:31:40.8904407Z   type: 'test'
2026-09-22T16:31:40.8904685Z   ...
2026-09-22T16:31:42.0045253Z # Subtest: TCP reconnect delivers a partial transfer and packets created during the partition
2026-09-22T16:31:42.0046975Z ok 486 - TCP reconnect delivers a partial transfer and packets created during the partition
2026-09-22T16:31:42.0048050Z   ---
2026-09-22T16:31:42.0048512Z   duration_ms: 1114.30679
2026-09-22T16:31:42.0049004Z   type: 'test'
2026-09-22T16:31:42.0049406Z   ...
2026-09-22T16:31:42.1442916Z # Subtest: turning relay off cancels queued forwarded fragments and keeps local SOS available
2026-09-22T16:31:42.1444253Z ok 487 - turning relay off cancels queued forwarded fragments and keeps local SOS available
2026-09-22T16:31:42.1444958Z   ---
2026-09-22T16:31:42.1445268Z   duration_ms: 139.925485
2026-09-22T16:31:42.1445568Z   type: 'test'
2026-09-22T16:31:42.1445824Z   ...
2026-09-22T16:31:42.2768379Z # Subtest: relay pause cancels queued local seeding and prevents retained offline replay
2026-09-22T16:31:42.2770075Z ok 488 - relay pause cancels queued local seeding and prevents retained offline replay
2026-09-22T16:31:42.2770933Z   ---
2026-09-22T16:31:42.2771671Z   duration_ms: 132.707902
2026-09-22T16:31:42.2772166Z   type: 'test'
2026-09-22T16:31:42.2772574Z   ...
2026-09-22T16:31:42.3964827Z # Subtest: real TCP fragments preempt bulk for SOS while preserving bulk fairness
2026-09-22T16:31:42.3966317Z ok 489 - real TCP fragments preempt bulk for SOS while preserving bulk fairness
2026-09-22T16:31:42.3967145Z   ---
2026-09-22T16:31:42.3967586Z   duration_ms: 119.56829
2026-09-22T16:31:42.3968109Z   type: 'test'
2026-09-22T16:31:42.3968577Z   ...
2026-09-22T16:31:42.4829113Z # Subtest: many in-progress SOS transfers leave admission capacity for bulk fairness
2026-09-22T16:31:42.4830069Z ok 490 - many in-progress SOS transfers leave admission capacity for bulk fairness
2026-09-22T16:31:42.4830515Z   ---
2026-09-22T16:31:42.4830750Z   duration_ms: 81.975722
2026-09-22T16:31:42.4831023Z   type: 'test'
2026-09-22T16:31:42.4831420Z   ...
2026-09-22T16:31:42.6331710Z # Subtest: real serialport PTY fragments preempt bulk for SOS with the same fairness
2026-09-22T16:31:42.6332820Z ok 491 - real serialport PTY fragments preempt bulk for SOS with the same fairness
2026-09-22T16:31:42.6333434Z   ---
2026-09-22T16:31:42.6333936Z   duration_ms: 154.916779
2026-09-22T16:31:42.6334418Z   type: 'test'
2026-09-22T16:31:42.6334836Z   ...
2026-09-22T16:31:42.8634763Z # Subtest: POSIX poller regression: read rearm must preserve an outstanding write watch
2026-09-22T16:31:42.8636906Z ok 492 - POSIX poller regression: read rearm must preserve an outstanding write watch
2026-09-22T16:31:42.8638290Z   ---
2026-09-22T16:31:42.8638947Z   duration_ms: 1.062337
2026-09-22T16:31:42.8639631Z   type: 'test'
2026-09-22T16:31:42.8640233Z   ...
2026-09-22T16:31:42.8641731Z # Subtest: serial write deadline covers one frame at configured baud while bounding a stalled writer
2026-09-22T16:31:42.8643500Z ok 493 - serial write deadline covers one frame at configured baud while bounding a stalled writer
2026-09-22T16:31:42.8644573Z   ---
2026-09-22T16:31:42.8645183Z   duration_ms: 0.145743
2026-09-22T16:31:42.8645836Z   type: 'test'
2026-09-22T16:31:42.8646410Z   ...
2026-09-22T16:31:49.0332924Z # Subtest: real serial PTY recovers an injected stuck write through bounded reconnect and exact replay
2026-09-22T16:31:49.0334404Z ok 494 - real serial PTY recovers an injected stuck write through bounded reconnect and exact replay
2026-09-22T16:31:49.0334953Z   ---
2026-09-22T16:31:49.0335211Z   duration_ms: 6176.627481
2026-09-22T16:31:49.0335487Z   type: 'test'
2026-09-22T16:31:49.0335729Z   ...
2026-09-22T16:31:50.1542376Z # Subtest: real TCP transfer, two-hop forwarding and relay-off negative control
2026-09-22T16:31:50.1543971Z ok 495 - real TCP transfer, two-hop forwarding and relay-off negative control
2026-09-22T16:31:50.1544895Z   ---
2026-09-22T16:31:50.1545491Z   duration_ms: 912.903177
2026-09-22T16:31:50.1545837Z   type: 'test'
2026-09-22T16:31:50.1546090Z   ...
2026-09-22T16:31:50.6873344Z # Subtest: validation rejection prevents display and relay; positive valid control
2026-09-22T16:31:50.6875139Z ok 496 - validation rejection prevents display and relay; positive valid control
2026-09-22T16:31:50.6876101Z   ---
2026-09-22T16:31:50.6876614Z   duration_ms: 533.756304
2026-09-22T16:31:50.6877049Z   type: 'test'
2026-09-22T16:31:50.6877385Z   ...
2026-09-22T16:31:50.8602890Z # Subtest: interface preference schema rejects unrelated authority fields and does not invoke getters
2026-09-22T16:31:50.8603870Z ok 497 - interface preference schema rejects unrelated authority fields and does not invoke getters
2026-09-22T16:31:50.8604384Z   ---
2026-09-22T16:31:50.8604621Z   duration_ms: 1.417231
2026-09-22T16:31:50.8604870Z   type: 'test'
2026-09-22T16:31:50.8605080Z   ...
2026-09-22T16:31:50.8605615Z # Subtest: bounded preference file preserves prior values on invalid patches or corrupted storage
2026-09-22T16:31:50.8606415Z ok 498 - bounded preference file preserves prior values on invalid patches or corrupted storage
2026-09-22T16:31:50.8606884Z   ---
2026-09-22T16:31:50.8607103Z   duration_ms: 4.229355
2026-09-22T16:31:50.8607340Z   type: 'test'
2026-09-22T16:31:50.8607538Z   ...
2026-09-22T16:31:50.8613298Z # Subtest: preferences do not read through a symbolic link
2026-09-22T16:31:50.8614453Z ok 499 - preferences do not read through a symbolic link
2026-09-22T16:31:50.8615347Z   ---
2026-09-22T16:31:50.8616000Z   duration_ms: 0.680303
2026-09-22T16:31:50.8616467Z   type: 'test'
2026-09-22T16:31:50.8616830Z   ...
2026-09-22T16:31:51.7274915Z # Subtest: Node web-peer API separates keys, relay consent and control authority, and enforces explicit revocation
2026-09-22T16:31:51.7276342Z ok 500 - Node web-peer API separates keys, relay consent and control authority, and enforces explicit revocation
2026-09-22T16:31:51.7277083Z   ---
2026-09-22T16:31:51.7277588Z   duration_ms: 603.067288
2026-09-22T16:31:51.7278077Z   type: 'test'
2026-09-22T16:31:51.7278501Z   ...
2026-09-22T16:31:52.1032782Z # Subtest: websocket invitations require exact origin/capability, preserve eight slots, and carry no control API
2026-09-22T16:31:52.1033811Z ok 501 - websocket invitations require exact origin/capability, preserve eight slots, and carry no control API
2026-09-22T16:31:52.1034342Z   ---
2026-09-22T16:31:52.1034572Z   duration_ms: 75.398612
2026-09-22T16:31:52.1034825Z   type: 'test'
2026-09-22T16:31:52.1035021Z   ...
2026-09-22T16:31:53.1020284Z # Subtest: websocket expiry closes active connections and non-loopback cleartext listeners are refused
2026-09-22T16:31:53.1022916Z ok 502 - websocket expiry closes active connections and non-loopback cleartext listeners are refused
2026-09-22T16:31:53.1023761Z   ---
2026-09-22T16:31:53.1024089Z   duration_ms: 1002.850525
2026-09-22T16:31:53.1024412Z   type: 'test'
2026-09-22T16:31:53.1024670Z   ...
2026-09-22T16:31:53.1161484Z 1..502
2026-09-22T16:31:53.1161944Z # tests 505
2026-09-22T16:31:53.1162313Z # suites 0
2026-09-22T16:31:53.1162683Z # pass 505
2026-09-22T16:31:53.1163034Z # fail 0
2026-09-22T16:31:53.1163396Z # cancelled 0
2026-09-22T16:31:53.1163801Z # skipped 0
2026-09-22T16:31:53.1164156Z # todo 0
2026-09-22T16:31:53.1164564Z # duration_ms 540878.37704
2026-09-22T16:31:53.1356432Z ##[group]Run google-chrome --version
2026-09-22T16:31:53.1356789Z [36;1mgoogle-chrome --version[0m
2026-09-22T16:31:53.1393132Z shell: /usr/bin/bash -e {0}
2026-09-22T16:31:53.1393401Z ##[endgroup]
2026-09-22T16:31:53.3250825Z Google Chrome 152.0.7977.82 
2026-09-22T16:31:53.3358945Z ##[group]Run npm run test:e2e
2026-09-22T16:31:53.3359268Z [36;1mnpm run test:e2e[0m
2026-09-22T16:31:53.3395218Z shell: /usr/bin/bash -e {0}
2026-09-22T16:31:53.3395480Z env:
2026-09-22T16:31:53.3395690Z   RELAYLOOM_BROWSER_CHANNEL: chrome
2026-09-22T16:31:53.3395967Z ##[endgroup]
2026-09-22T16:31:53.4372959Z 
2026-09-22T16:31:53.4373522Z > relayloom@0.1.0 test:e2e
2026-09-22T16:31:53.4374079Z > node scripts/e2e.mjs
2026-09-22T16:31:53.4374297Z 
2026-09-22T16:31:55.8205182Z (node:9419) ExperimentalWarning: SQLite is an experimental feature and might change at any time
2026-09-22T16:31:55.8206155Z (Use `node --trace-warnings ...` to show where the warning was created)
2026-09-22T16:31:56.2511716Z 
2026-09-22T16:31:56.2512627Z Running 34 tests using 1 worker
2026-09-22T16:31:56.2540721Z 
2026-09-22T16:32:01.0049013Z   ✓   1 tests/e2e/device-preferences.spec.ts:6:1 › native profile keeps language and appearance across an actual process restart on a different HTTP port (3.7s)
2026-09-22T16:32:02.2283755Z   ✓   2 tests/e2e/device-preferences.spec.ts:122:1 › a late native preference read cannot overwrite a newer language choice (1.2s)
2026-09-22T16:32:03.6588954Z   ✓   3 tests/e2e/device-preferences.spec.ts:169:1 › a lost preference response can be retried without replacing a newer choice (1.4s)
2026-09-22T16:32:12.0636475Z   ✓   4 tests/e2e/dynamic-groups.spec.ts:8:1 › a new group version preserves the draft, requires audience review, and lock removes the group dialog (8.3s)
2026-09-22T16:32:28.5422343Z   ✓   5 tests/e2e/dynamic-groups.spec.ts:79:1 › Liquid Glass groups create, invite, consent, approve, message and leave through two real clients (16.5s)
2026-09-22T16:32:56.7359162Z   ✓   6 tests/e2e/flows.spec.ts:59:1 › two live clients: identities, connection, message, attachment, reaction, group, social, safe site and offline recovery (28.2s)
2026-09-22T16:33:08.8329622Z   ✓   7 tests/e2e/group-language.spec.ts:5:1 › group approval uses verified group state with an English creator and Spanish member (12.1s)
2026-09-22T16:33:12.5204970Z   ✓   8 tests/e2e/group-operation-recovery.spec.ts:23:1 › a committed group operation with a lost response survives dialog closure and recovers without a second mutation (3.7s)
2026-09-22T16:33:17.0475641Z   ✓   9 tests/e2e/group-operation-recovery.spec.ts:83:1 › a late recovered group state cannot restore the pre-lock conversation draft (4.5s)
2026-09-22T16:33:17.1807098Z (node:9433) ExperimentalWarning: SQLite is an experimental feature and might change at any time
2026-09-22T16:33:17.1831987Z (Use `node --trace-warnings ...` to show where the warning was created)
2026-09-22T16:33:26.0433388Z   ✓  10 tests/e2e/group-outbox.spec.ts:9:1 › real runtime group outbox shows proof pause and terminal stop with accessible recovery guidance (8.8s)
2026-09-22T16:33:34.2179907Z   ✓  11 tests/e2e/liquid-glass.spec.ts:40:1 › command search uses real authorised peer messages, preserves drafts and forgets private queries on lock (8.1s)
2026-09-22T16:33:51.8804637Z   ✓  12 tests/e2e/liquid-glass.spec.ts:187:1 › glass respects device effects, low power, contrast and keyboard access across responsive screens (17.6s)
2026-09-22T16:33:55.7373453Z   ✓  13 tests/e2e/long-dialog.spec.ts:6:1 › a cached site dialog is visible and reachable after scrolling a long mobile contact list (3.8s)
2026-09-22T16:34:21.4214077Z   ✓  14 tests/e2e/notifications.spec.ts:166:1 › notification stubs verify explicit opt-in, private filtering, coalescing, privacy and persistence (25.7s)
2026-09-22T16:34:31.3550378Z   ✓  15 tests/e2e/notifications.spec.ts:303:1 › lock, identity switch and cancelled permission close notices and invalidate pending work (9.9s)
2026-09-22T16:34:35.0460961Z   ✓  16 tests/e2e/notifications.spec.ts:406:1 › denied, unavailable and failed notification APIs remain honest inactive states (3.7s)
2026-09-22T16:34:37.8352491Z   ✓  17 tests/e2e/onboarding-layout.spec.ts:8:1 › onboarding fits the native minimum window and intermediate widths with keyboard access (2.8s)
2026-09-22T16:34:51.8006471Z   ✓  18 tests/e2e/outbox.spec.ts:64:1 › durable composer retries a lost response once, survives restart, and shows distinct real received/read states (13.9s)
2026-09-22T16:34:58.6577809Z   ✓  19 tests/e2e/outbox.spec.ts:204:1 › expired pending sends remain visible without delivery, and locking clears the outbox UI (6.8s)
2026-09-22T16:35:00.8000189Z   ✓  20 tests/e2e/outbox.spec.ts:253:1 › an absent record after an uncertain response requires an explicit new-send choice (2.1s)
2026-09-22T16:35:06.3914303Z   ✓  21 tests/e2e/outbox.spec.ts:291:1 › legacy group read labels count unique recipients without retained outbox metadata (5.6s)
2026-09-22T16:35:11.5164042Z   ✓  22 tests/e2e/privacy-history.spec.ts:6:1 › an earlier delayed state cannot restore private UI after identity lock (5.1s)
2026-09-22T16:35:15.6477860Z   ✓  23 tests/e2e/privacy-history.spec.ts:70:1 › history page loads older verified posts without inflating the periodic snapshot (4.1s)
2026-09-22T16:35:25.5722554Z   ✓  24 tests/e2e/site-pages.spec.ts:6:1 › copied and reordered pages preserve home and source through native persistence and author-offline viewing (9.9s)
2026-09-22T16:35:37.8485423Z   ✓  25 tests/e2e/site-publication.spec.ts:52:1 › native-backed UI publishes private versions, resolves the current head and preserves cached history with the author offline (12.3s)
2026-09-22T16:35:51.3557132Z   ✓  26 tests/e2e/site-resources.spec.ts:50:1 › shared resource UI creates a private file and table, enforces reader scope and retrieves exact bytes through independent native peers (13.5s)
2026-09-22T16:35:56.3846769Z   ✓  27 tests/e2e/site-studio.spec.ts:9:3 › v1 native site studio restores full draft, renders edited posts and publishes verified pages to another process (5.0s)
2026-09-22T16:36:02.4420223Z   ✓  28 tests/e2e/site-studio.spec.ts:9:3 › v2 native site studio restores full draft, renders edited posts and publishes verified pages to another process (6.0s)
2026-09-22T16:36:06.6955279Z   ✓  29 tests/e2e/social.spec.ts:6:1 › named private collections, followed feed, sharing reference and UI persistence (4.2s)
2026-09-22T16:36:15.0453186Z   ✓  30 tests/e2e/web-invitation.spec.ts:15:1 › native invitation UI connects an autonomous browser, preserves identity authority and revokes the actual socket (8.3s)
2026-09-22T16:36:17.7668226Z   ✓  31 tests/e2e/web-invitation.spec.ts:155:1 › late invitation response after closing and locking cannot disclose its capability on unlock (2.7s)
2026-09-22T16:36:28.4325867Z   ✓  32 tests/e2e/media.spec.ts:207:1 › synthetic image, audio, video and fake-microphone voice arrive at a real peer (9.8s)
2026-09-22T16:36:33.4808567Z   ✓  33 tests/e2e/media.spec.ts:381:1 › microphone denial and unsupported recording are explicit and do not add attachments (5.0s)
2026-09-22T16:36:40.4254576Z   ✓  34 tests/e2e/media.spec.ts:434:1 › late permission, recording error, byte cap and virtual duration cap release synthetic tracks (6.9s)
2026-09-22T16:36:40.5073691Z 
2026-09-22T16:36:40.5079460Z   34 passed (4.8m)
2026-09-22T16:36:40.5421411Z Node 20 is being deprecated. This workflow is running with Node 24 by default. If you need to temporarily use Node 20, you can set the ACTIONS_ALLOW_USE_UNSECURE_NODE_VERSION=true environment variable. For more information see: https://github.blog/changelog/2025-09-19-deprecation-of-node-20-on-github-actions-runners/
2026-09-22T16:36:40.5422933Z ##[group]Run actions/upload-artifact@v4
2026-09-22T16:36:40.5423222Z with:
2026-09-22T16:36:40.5423427Z   name: evidence-ubuntu-latest
2026-09-22T16:36:40.5423881Z   path: docs/evidence
test-results
.cache/fixture-http-failures/*.json
.cache/web-invitation

2026-09-22T16:36:40.5424350Z   retention-days: 7
2026-09-22T16:36:40.5424573Z   if-no-files-found: warn
2026-09-22T16:36:40.5424806Z   compression-level: 6
2026-09-22T16:36:40.5425030Z   overwrite: false
2026-09-22T16:36:40.5425248Z   include-hidden-files: false
2026-09-22T16:36:40.5425484Z ##[endgroup]
2026-09-22T16:36:40.7086298Z (node:12510) [DEP0040] DeprecationWarning: The `punycode` module is deprecated. Please use a userland alternative instead.
2026-09-22T16:36:40.7087837Z (Use `node --trace-deprecation ...` to show where the warning was created)
2026-09-22T16:36:41.3833167Z Multiple search paths detected. Calculating the least common ancestor of all paths
2026-09-22T16:36:41.3835831Z The least common ancestor is /home/runner/work/relayloom/relayloom. This will be the root directory of the artifact
2026-09-22T16:36:41.3837156Z With the provided path, there will be 4021 files uploaded
2026-09-22T16:36:41.3844689Z Artifact name is valid!
2026-09-22T16:36:41.3845265Z Root directory input is valid!
2026-09-22T16:36:41.6379478Z Beginning upload of artifact content to blob storage
2026-09-22T16:36:42.1715086Z (node:12510) [DEP0169] DeprecationWarning: `url.parse()` behavior is not standardized and prone to errors that have security implications. Use the WHATWG URL API instead. CVEs are not issued for `url.parse()` vulnerabilities.
2026-09-22T16:36:42.3969901Z Uploaded bytes 8388608
2026-09-22T16:36:42.6212969Z Uploaded bytes 16777216
2026-09-22T16:36:42.9883721Z Uploaded bytes 25165824
2026-09-22T16:36:43.3164205Z Uploaded bytes 33554432
2026-09-22T16:36:43.6625444Z Uploaded bytes 41943040
2026-09-22T16:36:44.0362219Z Uploaded bytes 50331648
2026-09-22T16:36:44.5198537Z Uploaded bytes 58720256
2026-09-22T16:36:44.8404319Z Uploaded bytes 67108864
2026-09-22T16:36:45.2925164Z Uploaded bytes 75497472
2026-09-22T16:36:45.7162019Z Uploaded bytes 83886080
2026-09-22T16:36:46.0416527Z Uploaded bytes 92274688
2026-09-22T16:36:46.5997221Z Uploaded bytes 100663296
2026-09-22T16:36:46.9952245Z Uploaded bytes 109051904
2026-09-22T16:36:47.3712294Z Uploaded bytes 117440512
2026-09-22T16:36:47.6794106Z Uploaded bytes 125829120
2026-09-22T16:36:48.1972022Z Uploaded bytes 134217728
2026-09-22T16:36:48.6384188Z Uploaded bytes 142606336
2026-09-22T16:36:48.8494350Z Uploaded bytes 147348293
2026-09-22T16:36:48.8691608Z Finished uploading artifact content to blob storage!
2026-09-22T16:36:48.8694826Z SHA256 digest of uploaded artifact zip is ba9ee97088316011f357f3706205832b4da11b6ebd193678f3be626ca9e83338
2026-09-22T16:36:48.8696656Z Finalizing artifact upload
2026-09-22T16:36:49.1380094Z Artifact evidence-ubuntu-latest.zip successfully finalized. Artifact ID 10707079519
2026-09-22T16:36:49.1382386Z Artifact evidence-ubuntu-latest has been successfully uploaded! Final size is 147348293 bytes. Artifact ID is 10707079519
2026-09-22T16:36:49.1391730Z Artifact download URL: https://github.com/JohnnyPBelo/relayloom/actions/runs/35753597485/artifacts/10707079519
2026-09-22T16:36:49.1866017Z Node 20 is being deprecated. This workflow is running with Node 24 by default. If you need to temporarily use Node 20, you can set the ACTIONS_ALLOW_USE_UNSECURE_NODE_VERSION=true environment variable. For more information see: https://github.blog/changelog/2025-09-19-deprecation-of-node-20-on-github-actions-runners/
2026-09-22T16:36:49.1868347Z Post job cleanup.
2026-09-22T16:36:49.3332242Z (node:12526) [DEP0040] DeprecationWarning: The `punycode` module is deprecated. Please use a userland alternative instead.
2026-09-22T16:36:49.3334190Z (Use `node --trace-deprecation ...` to show where the warning was created)
2026-09-22T16:36:49.3650459Z Node 20 is being deprecated. This workflow is running with Node 24 by default. If you need to temporarily use Node 20, you can set the ACTIONS_ALLOW_USE_UNSECURE_NODE_VERSION=true environment variable. For more information see: https://github.blog/changelog/2025-09-19-deprecation-of-node-20-on-github-actions-runners/
2026-09-22T16:36:49.3652178Z Post job cleanup.
2026-09-22T16:36:49.5096232Z (node:12534) [DEP0040] DeprecationWarning: The `punycode` module is deprecated. Please use a userland alternative instead.
2026-09-22T16:36:49.5097876Z (Use `node --trace-deprecation ...` to show where the warning was created)
2026-09-22T16:36:49.5104068Z Cache hit occurred on the primary key node-cache-Linux-x64-npm-88240ea3fcc36a07b38e92f18a1559354497a7dfa2763e229b5dd5d5943af76a, not saving cache.
2026-09-22T16:36:49.5314420Z Node 20 is being deprecated. This workflow is running with Node 24 by default. If you need to temporarily use Node 20, you can set the ACTIONS_ALLOW_USE_UNSECURE_NODE_VERSION=true environment variable. For more information see: https://github.blog/changelog/2025-09-19-deprecation-of-node-20-on-github-actions-runners/
2026-09-22T16:36:49.5316696Z Post job cleanup.
2026-09-22T16:36:49.6462254Z [command]/usr/bin/git version
2026-09-22T16:36:49.6508393Z git version 2.55.0
2026-09-22T16:36:49.6553469Z Temporarily overriding HOME='/home/runner/work/_temp/8684278d-2bd5-493e-bb7d-3107a6205e6c' before making global git config changes
2026-09-22T16:36:49.6560388Z Adding repository directory to the temporary git global config as a safe directory
2026-09-22T16:36:49.6562066Z [command]/usr/bin/git config --global --add safe.directory /home/runner/work/relayloom/relayloom
2026-09-22T16:36:49.6616842Z [command]/usr/bin/git config --local --name-only --get-regexp core\.sshCommand
2026-09-22T16:36:49.6669453Z [command]/usr/bin/git submodule foreach --recursive sh -c "git config --local --name-only --get-regexp 'core\.sshCommand' && git config --local --unset-all 'core.sshCommand' || :"
2026-09-22T16:36:49.7044125Z [command]/usr/bin/git config --local --name-only --get-regexp http\.https\:\/\/github\.com\/\.extraheader
2026-09-22T16:36:49.7092192Z http.https://github.com/.extraheader
2026-09-22T16:36:49.7182439Z [command]/usr/bin/git config --local --unset-all http.https://github.com/.extraheader
2026-09-22T16:36:49.7216257Z [command]/usr/bin/git submodule foreach --recursive sh -c "git config --local --name-only --get-regexp 'http\.https\:\/\/github\.com\/\.extraheader' && git config --local --unset-all 'http.https://github.com/.extraheader' || :"
2026-09-22T16:36:49.7552312Z [command]/usr/bin/git config --local --name-only --get-regexp ^includeIf\.gitdir:
2026-09-22T16:36:49.7624932Z [command]/usr/bin/git submodule foreach --recursive git config --local --show-origin --name-only --get-regexp remote.origin.url
2026-09-22T16:36:49.8056190Z Cleaning up orphan processes
2026-09-22T16:36:49.8389514Z ##[warning]Node.js 20 is deprecated. The following actions target Node.js 20 but are being forced to run on Node.js 24: actions/checkout@v4, actions/setup-go@v5, actions/setup-node@v4, actions/upload-artifact@v4. For more information see: https://github.blog/changelog/2025-09-19-deprecation-of-node-20-on-github-actions-runners/
