{"Time":"2026-09-13T19:39:25.876311+01:00","Action":"start","Package":"github.com/JohnnyPBelo/relayloom/native/core"}
{"Time":"2026-09-13T19:39:25.883953469+01:00","Action":"run","Package":"github.com/JohnnyPBelo/relayloom/native/core","Test":"TestCanonicalJavaScriptVectors"}
{"Time":"2026-09-13T19:39:25.884009434+01:00","Action":"output","Package":"github.com/JohnnyPBelo/relayloom/native/core","Test":"TestCanonicalJavaScriptVectors","Output":"=== RUN   TestCanonicalJavaScriptVectors\n"}
{"Time":"2026-09-13T19:39:25.884121814+01:00","Action":"output","Package":"github.com/JohnnyPBelo/relayloom/native/core","Test":"TestCanonicalJavaScriptVectors","Output":"--- PASS: TestCanonicalJavaScriptVectors (0.00s)\n"}
{"Time":"2026-09-13T19:39:25.884139488+01:00","Action":"pass","Package":"github.com/JohnnyPBelo/relayloom/native/core","Test":"TestCanonicalJavaScriptVectors","Elapsed":0}
{"Time":"2026-09-13T19:39:25.884152542+01:00","Action":"run","Package":"github.com/JohnnyPBelo/relayloom/native/core","Test":"TestParserBoundsAndMalformedData"}
{"Time":"2026-09-13T19:39:25.884156189+01:00","Action":"output","Package":"github.com/JohnnyPBelo/relayloom/native/core","Test":"TestParserBoundsAndMalformedData","Output":"=== RUN   TestParserBoundsAndMalformedData\n"}
{"Time":"2026-09-13T19:39:25.884234626+01:00","Action":"output","Package":"github.com/JohnnyPBelo/relayloom/native/core","Test":"TestParserBoundsAndMalformedData","Output":"--- PASS: TestParserBoundsAndMalformedData (0.00s)\n"}
{"Time":"2026-09-13T19:39:25.884243943+01:00","Action":"pass","Package":"github.com/JohnnyPBelo/relayloom/native/core","Test":"TestParserBoundsAndMalformedData","Elapsed":0}
{"Time":"2026-09-13T19:39:25.884254844+01:00","Action":"run","Package":"github.com/JohnnyPBelo/relayloom/native/core","Test":"TestIdentityAuthorityAndVaultRecovery"}
{"Time":"2026-09-13T19:39:25.884257559+01:00","Action":"output","Package":"github.com/JohnnyPBelo/relayloom/native/core","Test":"TestIdentityAuthorityAndVaultRecovery","Output":"=== RUN   TestIdentityAuthorityAndVaultRecovery\n"}
{"Time":"2026-09-13T19:39:27.423991973+01:00","Action":"output","Package":"github.com/JohnnyPBelo/relayloom/native/core","Test":"TestIdentityAuthorityAndVaultRecovery","Output":"--- PASS: TestIdentityAuthorityAndVaultRecovery (1.54s)\n"}
{"Time":"2026-09-13T19:39:27.424058628+01:00","Action":"pass","Package":"github.com/JohnnyPBelo/relayloom/native/core","Test":"TestIdentityAuthorityAndVaultRecovery","Elapsed":1.54}
{"Time":"2026-09-13T19:39:27.424068677+01:00","Action":"run","Package":"github.com/JohnnyPBelo/relayloom/native/core","Test":"TestBundleReaderDoesNotBecomeAuthor"}
{"Time":"2026-09-13T19:39:27.424072394+01:00","Action":"output","Package":"github.com/JohnnyPBelo/relayloom/native/core","Test":"TestBundleReaderDoesNotBecomeAuthor","Output":"=== RUN   TestBundleReaderDoesNotBecomeAuthor\n"}
{"Time":"2026-09-13T19:39:27.445012824+01:00","Action":"output","Package":"github.com/JohnnyPBelo/relayloom/native/core","Test":"TestBundleReaderDoesNotBecomeAuthor","Output":"--- PASS: TestBundleReaderDoesNotBecomeAuthor (0.02s)\n"}
{"Time":"2026-09-13T19:39:27.44502108+01:00","Action":"pass","Package":"github.com/JohnnyPBelo/relayloom/native/core","Test":"TestBundleReaderDoesNotBecomeAuthor","Elapsed":0.02}
{"Time":"2026-09-13T19:39:27.445051687+01:00","Action":"run","Package":"github.com/JohnnyPBelo/relayloom/native/core","Test":"TestManifestBoundsExpiryAndKeySeparation"}
{"Time":"2026-09-13T19:39:27.445054072+01:00","Action":"output","Package":"github.com/JohnnyPBelo/relayloom/native/core","Test":"TestManifestBoundsExpiryAndKeySeparation","Output":"=== RUN   TestManifestBoundsExpiryAndKeySeparation\n"}
{"Time":"2026-09-13T19:39:27.871383562+01:00","Action":"output","Package":"github.com/JohnnyPBelo/relayloom/native/core","Test":"TestManifestBoundsExpiryAndKeySeparation","Output":"--- PASS: TestManifestBoundsExpiryAndKeySeparation (0.43s)\n"}
{"Time":"2026-09-13T19:39:27.871441841+01:00","Action":"pass","Package":"github.com/JohnnyPBelo/relayloom/native/core","Test":"TestManifestBoundsExpiryAndKeySeparation","Elapsed":0.43}
{"Time":"2026-09-13T19:39:27.871466347+01:00","Action":"run","Package":"github.com/JohnnyPBelo/relayloom/native/core","Test":"TestStoreRestartDedupCountPinsAndDiskVerification"}
{"Time":"2026-09-13T19:39:27.871469944+01:00","Action":"output","Package":"github.com/JohnnyPBelo/relayloom/native/core","Test":"TestStoreRestartDedupCountPinsAndDiskVerification","Output":"=== RUN   TestStoreRestartDedupCountPinsAndDiskVerification\n"}
{"Time":"2026-09-13T19:39:28.188937102+01:00","Action":"output","Package":"github.com/JohnnyPBelo/relayloom/native/core","Test":"TestStoreRestartDedupCountPinsAndDiskVerification","Output":"--- PASS: TestStoreRestartDedupCountPinsAndDiskVerification (0.32s)\n"}
{"Time":"2026-09-13T19:39:28.188977808+01:00","Action":"pass","Package":"github.com/JohnnyPBelo/relayloom/native/core","Test":"TestStoreRestartDedupCountPinsAndDiskVerification","Elapsed":0.32}
{"Time":"2026-09-13T19:39:28.18898948+01:00","Action":"run","Package":"github.com/JohnnyPBelo/relayloom/native/core","Test":"TestStoreMetadataReadDoesNotTouchLRU"}
{"Time":"2026-09-13T19:39:28.188993878+01:00","Action":"output","Package":"github.com/JohnnyPBelo/relayloom/native/core","Test":"TestStoreMetadataReadDoesNotTouchLRU","Output":"=== RUN   TestStoreMetadataReadDoesNotTouchLRU\n"}
{"Time":"2026-09-13T19:39:28.257216637+01:00","Action":"output","Package":"github.com/JohnnyPBelo/relayloom/native/core","Test":"TestStoreMetadataReadDoesNotTouchLRU","Output":"--- PASS: TestStoreMetadataReadDoesNotTouchLRU (0.07s)\n"}
{"Time":"2026-09-13T19:39:28.257251883+01:00","Action":"pass","Package":"github.com/JohnnyPBelo/relayloom/native/core","Test":"TestStoreMetadataReadDoesNotTouchLRU","Elapsed":0.07}
{"Time":"2026-09-13T19:39:28.257262472+01:00","Action":"run","Package":"github.com/JohnnyPBelo/relayloom/native/core","Test":"TestQuotaRejectionPreservesObjectsAndMalformedIndexFailsSafely"}
{"Time":"2026-09-13T19:39:28.257265819+01:00","Action":"output","Package":"github.com/JohnnyPBelo/relayloom/native/core","Test":"TestQuotaRejectionPreservesObjectsAndMalformedIndexFailsSafely","Output":"=== RUN   TestQuotaRejectionPreservesObjectsAndMalformedIndexFailsSafely\n"}
{"Time":"2026-09-13T19:39:29.34616606+01:00","Action":"output","Package":"github.com/JohnnyPBelo/relayloom/native/core","Test":"TestQuotaRejectionPreservesObjectsAndMalformedIndexFailsSafely","Output":"--- PASS: TestQuotaRejectionPreservesObjectsAndMalformedIndexFailsSafely (1.09s)\n"}
{"Time":"2026-09-13T19:39:29.346207628+01:00","Action":"pass","Package":"github.com/JohnnyPBelo/relayloom/native/core","Test":"TestQuotaRejectionPreservesObjectsAndMalformedIndexFailsSafely","Elapsed":1.09}
{"Time":"2026-09-13T19:39:29.346216144+01:00","Action":"run","Package":"github.com/JohnnyPBelo/relayloom/native/core","Test":"TestPasswordUnpairedSurrogatesMatchNodeUTF8"}
{"Time":"2026-09-13T19:39:29.346219029+01:00","Action":"output","Package":"github.com/JohnnyPBelo/relayloom/native/core","Test":"TestPasswordUnpairedSurrogatesMatchNodeUTF8","Output":"=== RUN   TestPasswordUnpairedSurrogatesMatchNodeUTF8\n"}
{"Time":"2026-09-13T19:39:30.391894259+01:00","Action":"output","Package":"github.com/JohnnyPBelo/relayloom/native/core","Test":"TestPasswordUnpairedSurrogatesMatchNodeUTF8","Output":"--- PASS: TestPasswordUnpairedSurrogatesMatchNodeUTF8 (1.05s)\n"}
{"Time":"2026-09-13T19:39:30.391945244+01:00","Action":"pass","Package":"github.com/JohnnyPBelo/relayloom/native/core","Test":"TestPasswordUnpairedSurrogatesMatchNodeUTF8","Elapsed":1.05}
{"Time":"2026-09-13T19:39:30.391954291+01:00","Action":"run","Package":"github.com/JohnnyPBelo/relayloom/native/core","Test":"TestStructuralParserBudget"}
{"Time":"2026-09-13T19:39:30.391966785+01:00","Action":"output","Package":"github.com/JohnnyPBelo/relayloom/native/core","Test":"TestStructuralParserBudget","Output":"=== RUN   TestStructuralParserBudget\n"}
{"Time":"2026-09-13T19:39:30.452768039+01:00","Action":"output","Package":"github.com/JohnnyPBelo/relayloom/native/core","Test":"TestStructuralParserBudget","Output":"--- PASS: TestStructuralParserBudget (0.06s)\n"}
{"Time":"2026-09-13T19:39:30.452831067+01:00","Action":"pass","Package":"github.com/JohnnyPBelo/relayloom/native/core","Test":"TestStructuralParserBudget","Elapsed":0.06}
{"Time":"2026-09-13T19:39:30.452838571+01:00","Action":"run","Package":"github.com/JohnnyPBelo/relayloom/native/core","Test":"TestStoredFingerprintChecksBytesDespiteRestoredTimestamp"}
{"Time":"2026-09-13T19:39:30.452841256+01:00","Action":"output","Package":"github.com/JohnnyPBelo/relayloom/native/core","Test":"TestStoredFingerprintChecksBytesDespiteRestoredTimestamp","Output":"=== RUN   TestStoredFingerprintChecksBytesDespiteRestoredTimestamp\n"}
{"Time":"2026-09-13T19:39:30.487836768+01:00","Action":"output","Package":"github.com/JohnnyPBelo/relayloom/native/core","Test":"TestStoredFingerprintChecksBytesDespiteRestoredTimestamp","Output":"--- PASS: TestStoredFingerprintChecksBytesDespiteRestoredTimestamp (0.03s)\n"}
{"Time":"2026-09-13T19:39:30.48785412+01:00","Action":"pass","Package":"github.com/JohnnyPBelo/relayloom/native/core","Test":"TestStoredFingerprintChecksBytesDespiteRestoredTimestamp","Elapsed":0.03}
{"Time":"2026-09-13T19:39:30.48786463+01:00","Action":"run","Package":"github.com/JohnnyPBelo/relayloom/native/core","Test":"TestReservationsSurviveRestartAndPressureWithoutChangingPins"}
{"Time":"2026-09-13T19:39:30.487866924+01:00","Action":"output","Package":"github.com/JohnnyPBelo/relayloom/native/core","Test":"TestReservationsSurviveRestartAndPressureWithoutChangingPins","Output":"=== RUN   TestReservationsSurviveRestartAndPressureWithoutChangingPins\n"}
{"Time":"2026-09-13T19:39:30.579128027+01:00","Action":"output","Package":"github.com/JohnnyPBelo/relayloom/native/core","Test":"TestReservationsSurviveRestartAndPressureWithoutChangingPins","Output":"--- PASS: TestReservationsSurviveRestartAndPressureWithoutChangingPins (0.09s)\n"}
{"Time":"2026-09-13T19:39:30.57914585+01:00","Action":"pass","Package":"github.com/JohnnyPBelo/relayloom/native/core","Test":"TestReservationsSurviveRestartAndPressureWithoutChangingPins","Elapsed":0.09}
{"Time":"2026-09-13T19:39:30.57915132+01:00","Action":"run","Package":"github.com/JohnnyPBelo/relayloom/native/core","Test":"TestReservationByteQuotaRefusalIsAtomic"}
{"Time":"2026-09-13T19:39:30.579153915+01:00","Action":"output","Package":"github.com/JohnnyPBelo/relayloom/native/core","Test":"TestReservationByteQuotaRefusalIsAtomic","Output":"=== RUN   TestReservationByteQuotaRefusalIsAtomic\n"}
{"Time":"2026-09-13T19:39:31.169399255+01:00","Action":"output","Package":"github.com/JohnnyPBelo/relayloom/native/core","Test":"TestReservationByteQuotaRefusalIsAtomic","Output":"--- PASS: TestReservationByteQuotaRefusalIsAtomic (0.59s)\n"}
{"Time":"2026-09-13T19:39:31.169440683+01:00","Action":"pass","Package":"github.com/JohnnyPBelo/relayloom/native/core","Test":"TestReservationByteQuotaRefusalIsAtomic","Elapsed":0.59}
{"Time":"2026-09-13T19:39:31.169448197+01:00","Action":"run","Package":"github.com/JohnnyPBelo/relayloom/native/core","Test":"TestReservationDoesNotExtendSignedExpiry"}
{"Time":"2026-09-13T19:39:31.169451063+01:00","Action":"output","Package":"github.com/JohnnyPBelo/relayloom/native/core","Test":"TestReservationDoesNotExtendSignedExpiry","Output":"=== RUN   TestReservationDoesNotExtendSignedExpiry\n"}
{"Time":"2026-09-13T19:39:32.311061358+01:00","Action":"output","Package":"github.com/JohnnyPBelo/relayloom/native/core","Test":"TestReservationDoesNotExtendSignedExpiry","Output":"--- PASS: TestReservationDoesNotExtendSignedExpiry (1.14s)\n"}
{"Time":"2026-09-13T19:39:32.311108726+01:00","Action":"pass","Package":"github.com/JohnnyPBelo/relayloom/native/core","Test":"TestReservationDoesNotExtendSignedExpiry","Elapsed":1.14}
{"Time":"2026-09-13T19:39:32.311117874+01:00","Action":"run","Package":"github.com/JohnnyPBelo/relayloom/native/core","Test":"TestReservationCorruptionCannotReleaseExistingProtection"}
{"Time":"2026-09-13T19:39:32.311120188+01:00","Action":"output","Package":"github.com/JohnnyPBelo/relayloom/native/core","Test":"TestReservationCorruptionCannotReleaseExistingProtection","Output":"=== RUN   TestReservationCorruptionCannotReleaseExistingProtection\n"}
{"Time":"2026-09-13T19:39:32.363596013+01:00","Action":"output","Package":"github.com/JohnnyPBelo/relayloom/native/core","Test":"TestReservationCorruptionCannotReleaseExistingProtection","Output":"--- PASS: TestReservationCorruptionCannotReleaseExistingProtection (0.05s)\n"}
{"Time":"2026-09-13T19:39:32.363635237+01:00","Action":"pass","Package":"github.com/JohnnyPBelo/relayloom/native/core","Test":"TestReservationCorruptionCannotReleaseExistingProtection","Elapsed":0.05}
{"Time":"2026-09-13T19:39:32.363645045+01:00","Action":"run","Package":"github.com/JohnnyPBelo/relayloom/native/core","Test":"TestReservationWriteFailureProtectsUnionUntilReconciliation"}
{"Time":"2026-09-13T19:39:32.36364769+01:00","Action":"output","Package":"github.com/JohnnyPBelo/relayloom/native/core","Test":"TestReservationWriteFailureProtectsUnionUntilReconciliation","Output":"=== RUN   TestReservationWriteFailureProtectsUnionUntilReconciliation\n"}
{"Time":"2026-09-13T19:39:32.439680872+01:00","Action":"output","Package":"github.com/JohnnyPBelo/relayloom/native/core","Test":"TestReservationWriteFailureProtectsUnionUntilReconciliation","Output":"--- PASS: TestReservationWriteFailureProtectsUnionUntilReconciliation (0.08s)\n"}
{"Time":"2026-09-13T19:39:32.439714805+01:00","Action":"pass","Package":"github.com/JohnnyPBelo/relayloom/native/core","Test":"TestReservationWriteFailureProtectsUnionUntilReconciliation","Elapsed":0.08}
{"Time":"2026-09-13T19:39:32.439720686+01:00","Action":"run","Package":"github.com/JohnnyPBelo/relayloom/native/core","Test":"TestReservationDuplicateAtCountLimitAndMalformedIndex"}
{"Time":"2026-09-13T19:39:32.439723221+01:00","Action":"output","Package":"github.com/JohnnyPBelo/relayloom/native/core","Test":"TestReservationDuplicateAtCountLimitAndMalformedIndex","Output":"=== RUN   TestReservationDuplicateAtCountLimitAndMalformedIndex\n"}
{"Time":"2026-09-13T19:39:32.480809943+01:00","Action":"output","Package":"github.com/JohnnyPBelo/relayloom/native/core","Test":"TestReservationDuplicateAtCountLimitAndMalformedIndex","Output":"--- PASS: TestReservationDuplicateAtCountLimitAndMalformedIndex (0.04s)\n"}
{"Time":"2026-09-13T19:39:32.480827847+01:00","Action":"pass","Package":"github.com/JohnnyPBelo/relayloom/native/core","Test":"TestReservationDuplicateAtCountLimitAndMalformedIndex","Elapsed":0.04}
{"Time":"2026-09-13T19:39:32.480833528+01:00","Action":"run","Package":"github.com/JohnnyPBelo/relayloom/native/core","Test":"TestContentReservationProcessFixture"}
{"Time":"2026-09-13T19:39:32.480836082+01:00","Action":"output","Package":"github.com/JohnnyPBelo/relayloom/native/core","Test":"TestContentReservationProcessFixture","Output":"=== RUN   TestContentReservationProcessFixture\n"}
{"Time":"2026-09-13T19:39:32.4809414+01:00","Action":"output","Package":"github.com/JohnnyPBelo/relayloom/native/core","Test":"TestContentReservationProcessFixture","Output":"    reservations_worker_test.go:12: driven by the real Node/Go reservation process test\n"}
{"Time":"2026-09-13T19:39:32.480947151+01:00","Action":"output","Package":"github.com/JohnnyPBelo/relayloom/native/core","Test":"TestContentReservationProcessFixture","Output":"--- SKIP: TestContentReservationProcessFixture (0.00s)\n"}
{"Time":"2026-09-13T19:39:32.480950266+01:00","Action":"skip","Package":"github.com/JohnnyPBelo/relayloom/native/core","Test":"TestContentReservationProcessFixture","Elapsed":0}
{"Time":"2026-09-13T19:39:32.480975784+01:00","Action":"output","Package":"github.com/JohnnyPBelo/relayloom/native/core","Output":"PASS\n"}
{"Time":"2026-09-13T19:39:33.500606654+01:00","Action":"output","Package":"github.com/JohnnyPBelo/relayloom/native/core","Output":"ok  \tgithub.com/JohnnyPBelo/relayloom/native/core\t7.624s\n"}
{"Time":"2026-09-13T19:39:33.500664242+01:00","Action":"pass","Package":"github.com/JohnnyPBelo/relayloom/native/core","Elapsed":7.624}
{"Time":"2026-09-13T19:39:33.73577858+01:00","Action":"start","Package":"github.com/JohnnyPBelo/relayloom/native/transport"}
{"Time":"2026-09-13T19:39:33.742896094+01:00","Action":"run","Package":"github.com/JohnnyPBelo/relayloom/native/transport","Test":"TestLocalCancellationRemovesQueuedTCPAndReconnectCopy"}
{"Time":"2026-09-13T19:39:33.742913176+01:00","Action":"output","Package":"github.com/JohnnyPBelo/relayloom/native/transport","Test":"TestLocalCancellationRemovesQueuedTCPAndReconnectCopy","Output":"=== RUN   TestLocalCancellationRemovesQueuedTCPAndReconnectCopy\n"}
{"Time":"2026-09-13T19:39:33.742941119+01:00","Action":"run","Package":"github.com/JohnnyPBelo/relayloom/native/transport","Test":"TestLocalCancellationRemovesQueuedTCPAndReconnectCopy/cancel"}
{"Time":"2026-09-13T19:39:33.742943523+01:00","Action":"output","Package":"github.com/JohnnyPBelo/relayloom/native/transport","Test":"TestLocalCancellationRemovesQueuedTCPAndReconnectCopy/cancel","Output":"=== RUN   TestLocalCancellationRemovesQueuedTCPAndReconnectCopy/cancel\n"}
{"Time":"2026-09-13T19:39:35.37311274+01:00","Action":"output","Package":"github.com/JohnnyPBelo/relayloom/native/transport","Test":"TestLocalCancellationRemovesQueuedTCPAndReconnectCopy/cancel","Output":"--- PASS: TestLocalCancellationRemovesQueuedTCPAndReconnectCopy/cancel (1.63s)\n"}
{"Time":"2026-09-13T19:39:35.373179015+01:00","Action":"pass","Package":"github.com/JohnnyPBelo/relayloom/native/transport","Test":"TestLocalCancellationRemovesQueuedTCPAndReconnectCopy/cancel","Elapsed":1.63}
{"Time":"2026-09-13T19:39:35.373186799+01:00","Action":"run","Package":"github.com/JohnnyPBelo/relayloom/native/transport","Test":"TestLocalCancellationRemovesQueuedTCPAndReconnectCopy/negative-control-delivers"}
{"Time":"2026-09-13T19:39:35.373189083+01:00","Action":"output","Package":"github.com/JohnnyPBelo/relayloom/native/transport","Test":"TestLocalCancellationRemovesQueuedTCPAndReconnectCopy/negative-control-delivers","Output":"=== RUN   TestLocalCancellationRemovesQueuedTCPAndReconnectCopy/negative-control-delivers\n"}
{"Time":"2026-09-13T19:39:37.070641678+01:00","Action":"output","Package":"github.com/JohnnyPBelo/relayloom/native/transport","Test":"TestLocalCancellationRemovesQueuedTCPAndReconnectCopy/negative-control-delivers","Output":"--- PASS: TestLocalCancellationRemovesQueuedTCPAndReconnectCopy/negative-control-delivers (1.70s)\n"}
{"Time":"2026-09-13T19:39:37.070684187+01:00","Action":"pass","Package":"github.com/JohnnyPBelo/relayloom/native/transport","Test":"TestLocalCancellationRemovesQueuedTCPAndReconnectCopy/negative-control-delivers","Elapsed":1.7}
{"Time":"2026-09-13T19:39:37.070694917+01:00","Action":"output","Package":"github.com/JohnnyPBelo/relayloom/native/transport","Test":"TestLocalCancellationRemovesQueuedTCPAndReconnectCopy","Output":"--- PASS: TestLocalCancellationRemovesQueuedTCPAndReconnectCopy (3.33s)\n"}
{"Time":"2026-09-13T19:39:37.070698594+01:00","Action":"pass","Package":"github.com/JohnnyPBelo/relayloom/native/transport","Test":"TestLocalCancellationRemovesQueuedTCPAndReconnectCopy","Elapsed":3.33}
{"Time":"2026-09-13T19:39:37.070734672+01:00","Action":"run","Package":"github.com/JohnnyPBelo/relayloom/native/transport","Test":"TestLocalCancellationPreservesForeignOriginRelay"}
{"Time":"2026-09-13T19:39:37.070736986+01:00","Action":"output","Package":"github.com/JohnnyPBelo/relayloom/native/transport","Test":"TestLocalCancellationPreservesForeignOriginRelay","Output":"=== RUN   TestLocalCancellationPreservesForeignOriginRelay\n"}
{"Time":"2026-09-13T19:39:37.08287303+01:00","Action":"output","Package":"github.com/JohnnyPBelo/relayloom/native/transport","Test":"TestLocalCancellationPreservesForeignOriginRelay","Output":"--- PASS: TestLocalCancellationPreservesForeignOriginRelay (0.01s)\n"}
{"Time":"2026-09-13T19:39:37.082891755+01:00","Action":"pass","Package":"github.com/JohnnyPBelo/relayloom/native/transport","Test":"TestLocalCancellationPreservesForeignOriginRelay","Elapsed":0.01}
{"Time":"2026-09-13T19:39:37.082897045+01:00","Action":"run","Package":"github.com/JohnnyPBelo/relayloom/native/transport","Test":"TestNodeGoRealProcessTCPInteroperability"}
{"Time":"2026-09-13T19:39:37.08289963+01:00","Action":"output","Package":"github.com/JohnnyPBelo/relayloom/native/transport","Test":"TestNodeGoRealProcessTCPInteroperability","Output":"=== RUN   TestNodeGoRealProcessTCPInteroperability\n"}
{"Time":"2026-09-13T19:39:37.340702656+01:00","Action":"output","Package":"github.com/JohnnyPBelo/relayloom/native/transport","Test":"TestNodeGoRealProcessTCPInteroperability","Output":"--- PASS: TestNodeGoRealProcessTCPInteroperability (0.26s)\n"}
{"Time":"2026-09-13T19:39:37.340750896+01:00","Action":"pass","Package":"github.com/JohnnyPBelo/relayloom/native/transport","Test":"TestNodeGoRealProcessTCPInteroperability","Elapsed":0.26}
{"Time":"2026-09-13T19:39:37.340760253+01:00","Action":"run","Package":"github.com/JohnnyPBelo/relayloom/native/transport","Test":"TestRetainedReplayAfterSeenEvictionKeepsExactAccounting"}
{"Time":"2026-09-13T19:39:37.340762488+01:00","Action":"output","Package":"github.com/JohnnyPBelo/relayloom/native/transport","Test":"TestRetainedReplayAfterSeenEvictionKeepsExactAccounting","Output":"=== RUN   TestRetainedReplayAfterSeenEvictionKeepsExactAccounting\n"}
{"Time":"2026-09-13T19:39:38.310923799+01:00","Action":"output","Package":"github.com/JohnnyPBelo/relayloom/native/transport","Test":"TestRetainedReplayAfterSeenEvictionKeepsExactAccounting","Output":"--- PASS: TestRetainedReplayAfterSeenEvictionKeepsExactAccounting (0.97s)\n"}
{"Time":"2026-09-13T19:39:38.310966319+01:00","Action":"pass","Package":"github.com/JohnnyPBelo/relayloom/native/transport","Test":"TestRetainedReplayAfterSeenEvictionKeepsExactAccounting","Elapsed":0.97}
{"Time":"2026-09-13T19:39:38.310976668+01:00","Action":"run","Package":"github.com/JohnnyPBelo/relayloom/native/transport","Test":"TestRetainedDuplicatePressurePreservesConsentAndExpiresToZero"}
{"Time":"2026-09-13T19:39:38.310979013+01:00","Action":"output","Package":"github.com/JohnnyPBelo/relayloom/native/transport","Test":"TestRetainedDuplicatePressurePreservesConsentAndExpiresToZero","Output":"=== RUN   TestRetainedDuplicatePressurePreservesConsentAndExpiresToZero\n"}
{"Time":"2026-09-13T19:39:38.394124179+01:00","Action":"output","Package":"github.com/JohnnyPBelo/relayloom/native/transport","Test":"TestRetainedDuplicatePressurePreservesConsentAndExpiresToZero","Output":"--- PASS: TestRetainedDuplicatePressurePreservesConsentAndExpiresToZero (0.08s)\n"}
{"Time":"2026-09-13T19:39:38.394144206+01:00","Action":"pass","Package":"github.com/JohnnyPBelo/relayloom/native/transport","Test":"TestRetainedDuplicatePressurePreservesConsentAndExpiresToZero","Elapsed":0.08}
{"Time":"2026-09-13T19:39:38.394150648+01:00","Action":"run","Package":"github.com/JohnnyPBelo/relayloom/native/transport","Test":"TestTCPAndGenericStreamMultihop"}
{"Time":"2026-09-13T19:39:38.394153133+01:00","Action":"output","Package":"github.com/JohnnyPBelo/relayloom/native/transport","Test":"TestTCPAndGenericStreamMultihop","Output":"=== RUN   TestTCPAndGenericStreamMultihop\n"}
{"Time":"2026-09-13T19:39:38.612075949+01:00","Action":"output","Package":"github.com/JohnnyPBelo/relayloom/native/transport","Test":"TestTCPAndGenericStreamMultihop","Output":"--- PASS: TestTCPAndGenericStreamMultihop (0.22s)\n"}
{"Time":"2026-09-13T19:39:38.612122686+01:00","Action":"pass","Package":"github.com/JohnnyPBelo/relayloom/native/transport","Test":"TestTCPAndGenericStreamMultihop","Elapsed":0.22}
{"Time":"2026-09-13T19:39:38.612138025+01:00","Action":"run","Package":"github.com/JohnnyPBelo/relayloom/native/transport","Test":"TestParserReplayTamperTTLAndBounds"}
{"Time":"2026-09-13T19:39:38.612140941+01:00","Action":"output","Package":"github.com/JohnnyPBelo/relayloom/native/transport","Test":"TestParserReplayTamperTTLAndBounds","Output":"=== RUN   TestParserReplayTamperTTLAndBounds\n"}
{"Time":"2026-09-13T19:39:38.940101282+01:00","Action":"output","Package":"github.com/JohnnyPBelo/relayloom/native/transport","Test":"TestParserReplayTamperTTLAndBounds","Output":"--- PASS: TestParserReplayTamperTTLAndBounds (0.33s)\n"}
{"Time":"2026-09-13T19:39:38.940141096+01:00","Action":"pass","Package":"github.com/JohnnyPBelo/relayloom/native/transport","Test":"TestParserReplayTamperTTLAndBounds","Elapsed":0.33}
{"Time":"2026-09-13T19:39:38.940159531+01:00","Action":"run","Package":"github.com/JohnnyPBelo/relayloom/native/transport","Test":"TestMalformedFloodAndQueuedExpiry"}
{"Time":"2026-09-13T19:39:38.940161986+01:00","Action":"output","Package":"github.com/JohnnyPBelo/relayloom/native/transport","Test":"TestMalformedFloodAndQueuedExpiry","Output":"=== RUN   TestMalformedFloodAndQueuedExpiry\n"}
{"Time":"2026-09-13T19:39:39.148927413+01:00","Action":"output","Package":"github.com/JohnnyPBelo/relayloom/native/transport","Test":"TestMalformedFloodAndQueuedExpiry","Output":"--- PASS: TestMalformedFloodAndQueuedExpiry (0.21s)\n"}
{"Time":"2026-09-13T19:39:39.148974832+01:00","Action":"pass","Package":"github.com/JohnnyPBelo/relayloom/native/transport","Test":"TestMalformedFloodAndQueuedExpiry","Elapsed":0.21}
{"Time":"2026-09-13T19:39:39.148982416+01:00","Action":"run","Package":"github.com/JohnnyPBelo/relayloom/native/transport","Test":"TestFragmentPriorityAndFairness"}
{"Time":"2026-09-13T19:39:39.148985021+01:00","Action":"output","Package":"github.com/JohnnyPBelo/relayloom/native/transport","Test":"TestFragmentPriorityAndFairness","Output":"=== RUN   TestFragmentPriorityAndFairness\n"}
{"Time":"2026-09-13T19:39:39.293652332+01:00","Action":"output","Package":"github.com/JohnnyPBelo/relayloom/native/transport","Test":"TestFragmentPriorityAndFairness","Output":"--- PASS: TestFragmentPriorityAndFairness (0.14s)\n"}
{"Time":"2026-09-13T19:39:39.293692488+01:00","Action":"pass","Package":"github.com/JohnnyPBelo/relayloom/native/transport","Test":"TestFragmentPriorityAndFairness","Elapsed":0.14}
{"Time":"2026-09-13T19:39:39.293699811+01:00","Action":"run","Package":"github.com/JohnnyPBelo/relayloom/native/transport","Test":"TestReconnectAndRelayConsent"}
{"Time":"2026-09-13T19:39:39.293702607+01:00","Action":"output","Package":"github.com/JohnnyPBelo/relayloom/native/transport","Test":"TestReconnectAndRelayConsent","Output":"=== RUN   TestReconnectAndRelayConsent\n"}
{"Time":"2026-09-13T19:39:40.501586706+01:00","Action":"output","Package":"github.com/JohnnyPBelo/relayloom/native/transport","Test":"TestReconnectAndRelayConsent","Output":"--- PASS: TestReconnectAndRelayConsent (1.21s)\n"}
{"Time":"2026-09-13T19:39:40.501640948+01:00","Action":"pass","Package":"github.com/JohnnyPBelo/relayloom/native/transport","Test":"TestReconnectAndRelayConsent","Elapsed":1.21}
{"Time":"2026-09-13T19:39:40.501650235+01:00","Action":"run","Package":"github.com/JohnnyPBelo/relayloom/native/transport","Test":"TestMissingFragmentAndACKRetryOverTCP"}
{"Time":"2026-09-13T19:39:40.50165284+01:00","Action":"output","Package":"github.com/JohnnyPBelo/relayloom/native/transport","Test":"TestMissingFragmentAndACKRetryOverTCP","Output":"=== RUN   TestMissingFragmentAndACKRetryOverTCP\n"}
{"Time":"2026-09-13T19:39:44.911506059+01:00","Action":"output","Package":"github.com/JohnnyPBelo/relayloom/native/transport","Test":"TestMissingFragmentAndACKRetryOverTCP","Output":"--- PASS: TestMissingFragmentAndACKRetryOverTCP (4.41s)\n"}
{"Time":"2026-09-13T19:39:44.911546495+01:00","Action":"pass","Package":"github.com/JohnnyPBelo/relayloom/native/transport","Test":"TestMissingFragmentAndACKRetryOverTCP","Elapsed":4.41}
{"Time":"2026-09-13T19:39:44.911555862+01:00","Action":"run","Package":"github.com/JohnnyPBelo/relayloom/native/transport","Test":"TestDeliveryAndDialQueuesAreBounded"}
{"Time":"2026-09-13T19:39:44.911558597+01:00","Action":"output","Package":"github.com/JohnnyPBelo/relayloom/native/transport","Test":"TestDeliveryAndDialQueuesAreBounded","Output":"=== RUN   TestDeliveryAndDialQueuesAreBounded\n"}
{"Time":"2026-09-13T19:39:44.927913661+01:00","Action":"output","Package":"github.com/JohnnyPBelo/relayloom/native/transport","Test":"TestDeliveryAndDialQueuesAreBounded","Output":"--- PASS: TestDeliveryAndDialQueuesAreBounded (0.02s)\n"}
{"Time":"2026-09-13T19:39:44.927931314+01:00","Action":"pass","Package":"github.com/JohnnyPBelo/relayloom/native/transport","Test":"TestDeliveryAndDialQueuesAreBounded","Elapsed":0.02}
{"Time":"2026-09-13T19:39:44.927945611+01:00","Action":"run","Package":"github.com/JohnnyPBelo/relayloom/native/transport","Test":"TestHopLimitAndValidationBeforeForwarding"}
{"Time":"2026-09-13T19:39:44.927947785+01:00","Action":"output","Package":"github.com/JohnnyPBelo/relayloom/native/transport","Test":"TestHopLimitAndValidationBeforeForwarding","Output":"=== RUN   TestHopLimitAndValidationBeforeForwarding\n"}
{"Time":"2026-09-13T19:39:45.030102151+01:00","Action":"output","Package":"github.com/JohnnyPBelo/relayloom/native/transport","Test":"TestHopLimitAndValidationBeforeForwarding","Output":"--- PASS: TestHopLimitAndValidationBeforeForwarding (0.10s)\n"}
{"Time":"2026-09-13T19:39:45.030120826+01:00","Action":"pass","Package":"github.com/JohnnyPBelo/relayloom/native/transport","Test":"TestHopLimitAndValidationBeforeForwarding","Elapsed":0.1}
{"Time":"2026-09-13T19:39:45.030126246+01:00","Action":"output","Package":"github.com/JohnnyPBelo/relayloom/native/transport","Output":"PASS\n"}
{"Time":"2026-09-13T19:39:46.034720795+01:00","Action":"output","Package":"github.com/JohnnyPBelo/relayloom/native/transport","Output":"ok  \tgithub.com/JohnnyPBelo/relayloom/native/transport\t12.299s\n"}
{"Time":"2026-09-13T19:39:46.034773594+01:00","Action":"pass","Package":"github.com/JohnnyPBelo/relayloom/native/transport","Elapsed":12.299}
{"Time":"2026-09-13T19:39:48.593839296+01:00","Action":"start","Package":"github.com/JohnnyPBelo/relayloom/native/app"}
{"Time":"2026-09-13T19:39:48.603743645+01:00","Action":"run","Package":"github.com/JohnnyPBelo/relayloom/native/app","Test":"TestConnectSavedEndpointAtCapacityIsIdempotent"}
{"Time":"2026-09-13T19:39:48.603805211+01:00","Action":"output","Package":"github.com/JohnnyPBelo/relayloom/native/app","Test":"TestConnectSavedEndpointAtCapacityIsIdempotent","Output":"=== RUN   TestConnectSavedEndpointAtCapacityIsIdempotent\n"}
{"Time":"2026-09-13T19:39:49.27074362+01:00","Action":"output","Package":"github.com/JohnnyPBelo/relayloom/native/app","Test":"TestConnectSavedEndpointAtCapacityIsIdempotent","Output":"--- PASS: TestConnectSavedEndpointAtCapacityIsIdempotent (0.67s)\n"}
{"Time":"2026-09-13T19:39:49.270782553+01:00","Action":"pass","Package":"github.com/JohnnyPBelo/relayloom/native/app","Test":"TestConnectSavedEndpointAtCapacityIsIdempotent","Elapsed":0.67}
{"Time":"2026-09-13T19:39:49.270798904+01:00","Action":"run","Package":"github.com/JohnnyPBelo/relayloom/native/app","Test":"TestApplicationMessagesGroupsReceiptsAndPrivacy"}
{"Time":"2026-09-13T19:39:49.270801619+01:00","Action":"output","Package":"github.com/JohnnyPBelo/relayloom/native/app","Test":"TestApplicationMessagesGroupsReceiptsAndPrivacy","Output":"=== RUN   TestApplicationMessagesGroupsReceiptsAndPrivacy\n"}
{"Time":"2026-09-13T19:39:51.087299818+01:00","Action":"output","Package":"github.com/JohnnyPBelo/relayloom/native/app","Test":"TestApplicationMessagesGroupsReceiptsAndPrivacy","Output":"--- PASS: TestApplicationMessagesGroupsReceiptsAndPrivacy (1.82s)\n"}
{"Time":"2026-09-13T19:39:51.087339542+01:00","Action":"pass","Package":"github.com/JohnnyPBelo/relayloom/native/app","Test":"TestApplicationMessagesGroupsReceiptsAndPrivacy","Elapsed":1.82}
{"Time":"2026-09-13T19:39:51.087347377+01:00","Action":"run","Package":"github.com/JohnnyPBelo/relayloom/native/app","Test":"TestInboundSemanticACLRejectsSignedForgeriesAndViewBypass"}
{"Time":"2026-09-13T19:39:51.087349761+01:00","Action":"output","Package":"github.com/JohnnyPBelo/relayloom/native/app","Test":"TestInboundSemanticACLRejectsSignedForgeriesAndViewBypass","Output":"=== RUN   TestInboundSemanticACLRejectsSignedForgeriesAndViewBypass\n"}
{"Time":"2026-09-13T19:39:52.046540184+01:00","Action":"output","Package":"github.com/JohnnyPBelo/relayloom/native/app","Test":"TestInboundSemanticACLRejectsSignedForgeriesAndViewBypass","Output":"--- PASS: TestInboundSemanticACLRejectsSignedForgeriesAndViewBypass (0.96s)\n"}
{"Time":"2026-09-13T19:39:52.046578536+01:00","Action":"pass","Package":"github.com/JohnnyPBelo/relayloom/native/app","Test":"TestInboundSemanticACLRejectsSignedForgeriesAndViewBypass","Elapsed":0.96}
{"Time":"2026-09-13T19:39:52.046597932+01:00","Action":"run","Package":"github.com/JohnnyPBelo/relayloom/native/app","Test":"TestDeletionSurvivesImmediateOriginalEvictionEventLossAndRestart"}
{"Time":"2026-09-13T19:39:52.046600787+01:00","Action":"output","Package":"github.com/JohnnyPBelo/relayloom/native/app","Test":"TestDeletionSurvivesImmediateOriginalEvictionEventLossAndRestart","Output":"=== RUN   TestDeletionSurvivesImmediateOriginalEvictionEventLossAndRestart\n"}
{"Time":"2026-09-13T19:39:53.455809563+01:00","Action":"output","Package":"github.com/JohnnyPBelo/relayloom/native/app","Test":"TestDeletionSurvivesImmediateOriginalEvictionEventLossAndRestart","Output":"--- PASS: TestDeletionSurvivesImmediateOriginalEvictionEventLossAndRestart (1.41s)\n"}
{"Time":"2026-09-13T19:39:53.455852664+01:00","Action":"pass","Package":"github.com/JohnnyPBelo/relayloom/native/app","Test":"TestDeletionSurvivesImmediateOriginalEvictionEventLossAndRestart","Elapsed":1.41}
{"Time":"2026-09-13T19:39:53.455864536+01:00","Action":"run","Package":"github.com/JohnnyPBelo/relayloom/native/app","Test":"TestJournalEditTieOrderDraftEncryptionAndTamperRejection"}
{"Time":"2026-09-13T19:39:53.455867332+01:00","Action":"output","Package":"github.com/JohnnyPBelo/relayloom/native/app","Test":"TestJournalEditTieOrderDraftEncryptionAndTamperRejection","Output":"=== RUN   TestJournalEditTieOrderDraftEncryptionAndTamperRejection\n"}
{"Time":"2026-09-13T19:39:55.411066706+01:00","Action":"output","Package":"github.com/JohnnyPBelo/relayloom/native/app","Test":"TestJournalEditTieOrderDraftEncryptionAndTamperRejection","Output":"--- PASS: TestJournalEditTieOrderDraftEncryptionAndTamperRejection (1.96s)\n"}
{"Time":"2026-09-13T19:39:55.411110669+01:00","Action":"pass","Package":"github.com/JohnnyPBelo/relayloom/native/app","Test":"TestJournalEditTieOrderDraftEncryptionAndTamperRejection","Elapsed":1.96}
{"Time":"2026-09-13T19:39:55.411124775+01:00","Action":"run","Package":"github.com/JohnnyPBelo/relayloom/native/app","Test":"TestCollectionsFollowingRetrievalAndPrivateMetadata"}
{"Time":"2026-09-13T19:39:55.41112761+01:00","Action":"output","Package":"github.com/JohnnyPBelo/relayloom/native/app","Test":"TestCollectionsFollowingRetrievalAndPrivateMetadata","Output":"=== RUN   TestCollectionsFollowingRetrievalAndPrivateMetadata\n"}
{"Time":"2026-09-13T19:39:56.253789618+01:00","Action":"output","Package":"github.com/JohnnyPBelo/relayloom/native/app","Test":"TestCollectionsFollowingRetrievalAndPrivateMetadata","Output":"--- PASS: TestCollectionsFollowingRetrievalAndPrivateMetadata (0.84s)\n"}
{"Time":"2026-09-13T19:39:56.253828581+01:00","Action":"pass","Package":"github.com/JohnnyPBelo/relayloom/native/app","Test":"TestCollectionsFollowingRetrievalAndPrivateMetadata","Elapsed":0.84}
{"Time":"2026-09-13T19:39:56.25383854+01:00","Action":"run","Package":"github.com/JohnnyPBelo/relayloom/native/app","Test":"TestHTTPAuthenticationOriginPathsAndStateArrays"}
{"Time":"2026-09-13T19:39:56.253842207+01:00","Action":"output","Package":"github.com/JohnnyPBelo/relayloom/native/app","Test":"TestHTTPAuthenticationOriginPathsAndStateArrays","Output":"=== RUN   TestHTTPAuthenticationOriginPathsAndStateArrays\n"}
{"Time":"2026-09-13T19:39:56.293238419+01:00","Action":"output","Package":"github.com/JohnnyPBelo/relayloom/native/app","Test":"TestHTTPAuthenticationOriginPathsAndStateArrays","Output":"--- PASS: TestHTTPAuthenticationOriginPathsAndStateArrays (0.04s)\n"}
{"Time":"2026-09-13T19:39:56.293281881+01:00","Action":"pass","Package":"github.com/JohnnyPBelo/relayloom/native/app","Test":"TestHTTPAuthenticationOriginPathsAndStateArrays","Elapsed":0.04}
{"Time":"2026-09-13T19:39:56.293291048+01:00","Action":"run","Package":"github.com/JohnnyPBelo/relayloom/native/app","Test":"TestApplicationRelayPauseBlocksCachedServing"}
{"Time":"2026-09-13T19:39:56.293293853+01:00","Action":"output","Package":"github.com/JohnnyPBelo/relayloom/native/app","Test":"TestApplicationRelayPauseBlocksCachedServing","Output":"=== RUN   TestApplicationRelayPauseBlocksCachedServing\n"}
{"Time":"2026-09-13T19:39:57.255283674+01:00","Action":"output","Package":"github.com/JohnnyPBelo/relayloom/native/app","Test":"TestApplicationRelayPauseBlocksCachedServing","Output":"--- PASS: TestApplicationRelayPauseBlocksCachedServing (0.96s)\n"}
{"Time":"2026-09-13T19:39:57.255326194+01:00","Action":"pass","Package":"github.com/JohnnyPBelo/relayloom/native/app","Test":"TestApplicationRelayPauseBlocksCachedServing","Elapsed":0.96}
{"Time":"2026-09-13T19:39:57.255333688+01:00","Action":"run","Package":"github.com/JohnnyPBelo/relayloom/native/app","Test":"TestGroupCommandLostResponseRecoversOnlyCommittedResult"}
{"Time":"2026-09-13T19:39:57.255336002+01:00","Action":"output","Package":"github.com/JohnnyPBelo/relayloom/native/app","Test":"TestGroupCommandLostResponseRecoversOnlyCommittedResult","Output":"=== RUN   TestGroupCommandLostResponseRecoversOnlyCommittedResult\n"}
{"Time":"2026-09-13T19:39:57.255339629+01:00","Action":"run","Package":"github.com/JohnnyPBelo/relayloom/native/app","Test":"TestGroupCommandLostResponseRecoversOnlyCommittedResult/before-commit"}
{"Time":"2026-09-13T19:39:57.255341913+01:00","Action":"output","Package":"github.com/JohnnyPBelo/relayloom/native/app","Test":"TestGroupCommandLostResponseRecoversOnlyCommittedResult/before-commit","Output":"=== RUN   TestGroupCommandLostResponseRecoversOnlyCommittedResult/before-commit\n"}
{"Time":"2026-09-13T19:39:58.263342588+01:00","Action":"output","Package":"github.com/JohnnyPBelo/relayloom/native/app","Test":"TestGroupCommandLostResponseRecoversOnlyCommittedResult/before-commit","Output":"--- PASS: TestGroupCommandLostResponseRecoversOnlyCommittedResult/before-commit (1.01s)\n"}
{"Time":"2026-09-13T19:39:58.263381511+01:00","Action":"pass","Package":"github.com/JohnnyPBelo/relayloom/native/app","Test":"TestGroupCommandLostResponseRecoversOnlyCommittedResult/before-commit","Elapsed":1.01}
{"Time":"2026-09-13T19:39:58.263400487+01:00","Action":"run","Package":"github.com/JohnnyPBelo/relayloom/native/app","Test":"TestGroupCommandLostResponseRecoversOnlyCommittedResult/after-commit"}
{"Time":"2026-09-13T19:39:58.263403973+01:00","Action":"output","Package":"github.com/JohnnyPBelo/relayloom/native/app","Test":"TestGroupCommandLostResponseRecoversOnlyCommittedResult/after-commit","Output":"=== RUN   TestGroupCommandLostResponseRecoversOnlyCommittedResult/after-commit\n"}
{"Time":"2026-09-13T19:39:59.324420897+01:00","Action":"output","Package":"github.com/JohnnyPBelo/relayloom/native/app","Test":"TestGroupCommandLostResponseRecoversOnlyCommittedResult/after-commit","Output":"--- PASS: TestGroupCommandLostResponseRecoversOnlyCommittedResult/after-commit (1.06s)\n"}
{"Time":"2026-09-13T19:39:59.324460491+01:00","Action":"pass","Package":"github.com/JohnnyPBelo/relayloom/native/app","Test":"TestGroupCommandLostResponseRecoversOnlyCommittedResult/after-commit","Elapsed":1.06}
{"Time":"2026-09-13T19:39:59.324471231+01:00","Action":"output","Package":"github.com/JohnnyPBelo/relayloom/native/app","Test":"TestGroupCommandLostResponseRecoversOnlyCommittedResult","Output":"--- PASS: TestGroupCommandLostResponseRecoversOnlyCommittedResult (2.07s)\n"}
{"Time":"2026-09-13T19:39:59.324498252+01:00","Action":"pass","Package":"github.com/JohnnyPBelo/relayloom/native/app","Test":"TestGroupCommandLostResponseRecoversOnlyCommittedResult","Elapsed":2.07}
{"Time":"2026-09-13T19:39:59.32455604+01:00","Action":"run","Package":"github.com/JohnnyPBelo/relayloom/native/app","Test":"TestGroupCommandRejectsStalePrivateDigestAndRecovers"}
{"Time":"2026-09-13T19:39:59.324561921+01:00","Action":"output","Package":"github.com/JohnnyPBelo/relayloom/native/app","Test":"TestGroupCommandRejectsStalePrivateDigestAndRecovers","Output":"=== RUN   TestGroupCommandRejectsStalePrivateDigestAndRecovers\n"}
{"Time":"2026-09-13T19:40:00.281051029+01:00","Action":"output","Package":"github.com/JohnnyPBelo/relayloom/native/app","Test":"TestGroupCommandRejectsStalePrivateDigestAndRecovers","Output":"--- PASS: TestGroupCommandRejectsStalePrivateDigestAndRecovers (0.96s)\n"}
{"Time":"2026-09-13T19:40:00.281093939+01:00","Action":"pass","Package":"github.com/JohnnyPBelo/relayloom/native/app","Test":"TestGroupCommandRejectsStalePrivateDigestAndRecovers","Elapsed":0.96}
{"Time":"2026-09-13T19:40:00.281102305+01:00","Action":"run","Package":"github.com/JohnnyPBelo/relayloom/native/app","Test":"TestGroupConfirmationCommitFailure"}
{"Time":"2026-09-13T19:40:00.28110509+01:00","Action":"output","Package":"github.com/JohnnyPBelo/relayloom/native/app","Test":"TestGroupConfirmationCommitFailure","Output":"=== RUN   TestGroupConfirmationCommitFailure\n"}
{"Time":"2026-09-13T19:40:00.281108907+01:00","Action":"run","Package":"github.com/JohnnyPBelo/relayloom/native/app","Test":"TestGroupConfirmationCommitFailure/rollback"}
{"Time":"2026-09-13T19:40:00.281110671+01:00","Action":"output","Package":"github.com/JohnnyPBelo/relayloom/native/app","Test":"TestGroupConfirmationCommitFailure/rollback","Output":"=== RUN   TestGroupConfirmationCommitFailure/rollback\n"}
{"Time":"2026-09-13T19:40:06.582942093+01:00","Action":"output","Package":"github.com/JohnnyPBelo/relayloom/native/app","Test":"TestGroupConfirmationCommitFailure/rollback","Output":"--- PASS: TestGroupConfirmationCommitFailure/rollback (6.30s)\n"}
{"Time":"2026-09-13T19:40:06.582980154+01:00","Action":"pass","Package":"github.com/JohnnyPBelo/relayloom/native/app","Test":"TestGroupConfirmationCommitFailure/rollback","Elapsed":6.3}
{"Time":"2026-09-13T19:40:06.582989472+01:00","Action":"run","Package":"github.com/JohnnyPBelo/relayloom/native/app","Test":"TestGroupConfirmationCommitFailure/lost-response"}
{"Time":"2026-09-13T19:40:06.582992357+01:00","Action":"output","Package":"github.com/JohnnyPBelo/relayloom/native/app","Test":"TestGroupConfirmationCommitFailure/lost-response","Output":"=== RUN   TestGroupConfirmationCommitFailure/lost-response\n"}
{"Time":"2026-09-13T19:40:12.82529936+01:00","Action":"output","Package":"github.com/JohnnyPBelo/relayloom/native/app","Test":"TestGroupConfirmationCommitFailure/lost-response","Output":"--- PASS: TestGroupConfirmationCommitFailure/lost-response (6.24s)\n"}
{"Time":"2026-09-13T19:40:12.82534205+01:00","Action":"pass","Package":"github.com/JohnnyPBelo/relayloom/native/app","Test":"TestGroupConfirmationCommitFailure/lost-response","Elapsed":6.24}
{"Time":"2026-09-13T19:40:12.825349864+01:00","Action":"output","Package":"github.com/JohnnyPBelo/relayloom/native/app","Test":"TestGroupConfirmationCommitFailure","Output":"--- PASS: TestGroupConfirmationCommitFailure (12.54s)\n"}
{"Time":"2026-09-13T19:40:12.825354994+01:00","Action":"pass","Package":"github.com/JohnnyPBelo/relayloom/native/app","Test":"TestGroupConfirmationCommitFailure","Elapsed":12.54}
{"Time":"2026-09-13T19:40:12.825379089+01:00","Action":"run","Package":"github.com/JohnnyPBelo/relayloom/native/app","Test":"TestGroupConfirmationBlockedAndMissingOriginal"}
{"Time":"2026-09-13T19:40:12.825381534+01:00","Action":"output","Package":"github.com/JohnnyPBelo/relayloom/native/app","Test":"TestGroupConfirmationBlockedAndMissingOriginal","Output":"=== RUN   TestGroupConfirmationBlockedAndMissingOriginal\n"}
{"Time":"2026-09-13T19:40:18.108515306+01:00","Action":"output","Package":"github.com/JohnnyPBelo/relayloom/native/app","Test":"TestGroupConfirmationBlockedAndMissingOriginal","Output":"--- PASS: TestGroupConfirmationBlockedAndMissingOriginal (5.28s)\n"}
{"Time":"2026-09-13T19:40:18.108553357+01:00","Action":"pass","Package":"github.com/JohnnyPBelo/relayloom/native/app","Test":"TestGroupConfirmationBlockedAndMissingOriginal","Elapsed":5.28}
{"Time":"2026-09-13T19:40:18.108562715+01:00","Action":"run","Package":"github.com/JohnnyPBelo/relayloom/native/app","Test":"TestGroupConfirmationWrongBindingCannotSuppressValidFact"}
{"Time":"2026-09-13T19:40:18.108564909+01:00","Action":"output","Package":"github.com/JohnnyPBelo/relayloom/native/app","Test":"TestGroupConfirmationWrongBindingCannotSuppressValidFact","Output":"=== RUN   TestGroupConfirmationWrongBindingCannotSuppressValidFact\n"}
{"Time":"2026-09-13T19:40:23.107045474+01:00","Action":"output","Package":"github.com/JohnnyPBelo/relayloom/native/app","Test":"TestGroupConfirmationWrongBindingCannotSuppressValidFact","Output":"--- PASS: TestGroupConfirmationWrongBindingCannotSuppressValidFact (5.00s)\n"}
{"Time":"2026-09-13T19:40:23.107089246+01:00","Action":"pass","Package":"github.com/JohnnyPBelo/relayloom/native/app","Test":"TestGroupConfirmationWrongBindingCannotSuppressValidFact","Elapsed":5}
{"Time":"2026-09-13T19:40:23.107099075+01:00","Action":"run","Package":"github.com/JohnnyPBelo/relayloom/native/app","Test":"TestGroupConfirmationMissingHistoricalProof"}
{"Time":"2026-09-13T19:40:23.10710179+01:00","Action":"output","Package":"github.com/JohnnyPBelo/relayloom/native/app","Test":"TestGroupConfirmationMissingHistoricalProof","Output":"=== RUN   TestGroupConfirmationMissingHistoricalProof\n"}
{"Time":"2026-09-13T19:40:32.249939746+01:00","Action":"output","Package":"github.com/JohnnyPBelo/relayloom/native/app","Test":"TestGroupConfirmationMissingHistoricalProof","Output":"--- PASS: TestGroupConfirmationMissingHistoricalProof (9.14s)\n"}
{"Time":"2026-09-13T19:40:32.249977817+01:00","Action":"pass","Package":"github.com/JohnnyPBelo/relayloom/native/app","Test":"TestGroupConfirmationMissingHistoricalProof","Elapsed":9.14}
{"Time":"2026-09-13T19:40:32.249987866+01:00","Action":"run","Package":"github.com/JohnnyPBelo/relayloom/native/app","Test":"TestGroupAdmissionOuterRollbackCannotDisplay"}
{"Time":"2026-09-13T19:40:32.249990641+01:00","Action":"output","Package":"github.com/JohnnyPBelo/relayloom/native/app","Test":"TestGroupAdmissionOuterRollbackCannotDisplay","Output":"=== RUN   TestGroupAdmissionOuterRollbackCannotDisplay\n"}
{"Time":"2026-09-13T19:40:33.740398815+01:00","Action":"output","Package":"github.com/JohnnyPBelo/relayloom/native/app","Test":"TestGroupAdmissionOuterRollbackCannotDisplay","Output":"--- PASS: TestGroupAdmissionOuterRollbackCannotDisplay (1.49s)\n"}
{"Time":"2026-09-13T19:40:33.740439942+01:00","Action":"pass","Package":"github.com/JohnnyPBelo/relayloom/native/app","Test":"TestGroupAdmissionOuterRollbackCannotDisplay","Elapsed":1.49}
{"Time":"2026-09-13T19:40:33.740453899+01:00","Action":"run","Package":"github.com/JohnnyPBelo/relayloom/native/app","Test":"TestGroupHistoricalDeleteAndAdmissionRecoverAfterLostResponse"}
{"Time":"2026-09-13T19:40:33.740456594+01:00","Action":"output","Package":"github.com/JohnnyPBelo/relayloom/native/app","Test":"TestGroupHistoricalDeleteAndAdmissionRecoverAfterLostResponse","Output":"=== RUN   TestGroupHistoricalDeleteAndAdmissionRecoverAfterLostResponse\n"}
{"Time":"2026-09-13T19:40:36.283615813+01:00","Action":"output","Package":"github.com/JohnnyPBelo/relayloom/native/app","Test":"TestGroupHistoricalDeleteAndAdmissionRecoverAfterLostResponse","Output":"--- PASS: TestGroupHistoricalDeleteAndAdmissionRecoverAfterLostResponse (2.54s)\n"}
{"Time":"2026-09-13T19:40:36.283658093+01:00","Action":"pass","Package":"github.com/JohnnyPBelo/relayloom/native/app","Test":"TestGroupHistoricalDeleteAndAdmissionRecoverAfterLostResponse","Elapsed":2.54}
{"Time":"2026-09-13T19:40:36.283668432+01:00","Action":"run","Package":"github.com/JohnnyPBelo/relayloom/native/app","Test":"TestGroupQuarantineReservationFailureRollsBackAndLocks"}
{"Time":"2026-09-13T19:40:36.283671558+01:00","Action":"output","Package":"github.com/JohnnyPBelo/relayloom/native/app","Test":"TestGroupQuarantineReservationFailureRollsBackAndLocks","Output":"=== RUN   TestGroupQuarantineReservationFailureRollsBackAndLocks\n"}
{"Time":"2026-09-13T19:40:38.547881666+01:00","Action":"output","Package":"github.com/JohnnyPBelo/relayloom/native/app","Test":"TestGroupQuarantineReservationFailureRollsBackAndLocks","Output":"--- PASS: TestGroupQuarantineReservationFailureRollsBackAndLocks (2.26s)\n"}
{"Time":"2026-09-13T19:40:38.547921952+01:00","Action":"pass","Package":"github.com/JohnnyPBelo/relayloom/native/app","Test":"TestGroupQuarantineReservationFailureRollsBackAndLocks","Elapsed":2.26}
{"Time":"2026-09-13T19:40:38.547930678+01:00","Action":"run","Package":"github.com/JohnnyPBelo/relayloom/native/app","Test":"TestGroupCorruptQuarantineDoesNotBlockHealthyAdmission"}
{"Time":"2026-09-13T19:40:38.547944454+01:00","Action":"output","Package":"github.com/JohnnyPBelo/relayloom/native/app","Test":"TestGroupCorruptQuarantineDoesNotBlockHealthyAdmission","Output":"=== RUN   TestGroupCorruptQuarantineDoesNotBlockHealthyAdmission\n"}
{"Time":"2026-09-13T19:40:40.039755828+01:00","Action":"output","Package":"github.com/JohnnyPBelo/relayloom/native/app","Test":"TestGroupCorruptQuarantineDoesNotBlockHealthyAdmission","Output":"--- PASS: TestGroupCorruptQuarantineDoesNotBlockHealthyAdmission (1.49s)\n"}
{"Time":"2026-09-13T19:40:40.039794421+01:00","Action":"pass","Package":"github.com/JohnnyPBelo/relayloom/native/app","Test":"TestGroupCorruptQuarantineDoesNotBlockHealthyAdmission","Elapsed":1.49}
{"Time":"2026-09-13T19:40:40.03980472+01:00","Action":"run","Package":"github.com/JohnnyPBelo/relayloom/native/app","Test":"TestGroupHistoryExpiryMustMatchSignedBundle"}
{"Time":"2026-09-13T19:40:40.039807535+01:00","Action":"output","Package":"github.com/JohnnyPBelo/relayloom/native/app","Test":"TestGroupHistoryExpiryMustMatchSignedBundle","Output":"=== RUN   TestGroupHistoryExpiryMustMatchSignedBundle\n"}
{"Time":"2026-09-13T19:40:41.488678112+01:00","Action":"output","Package":"github.com/JohnnyPBelo/relayloom/native/app","Test":"TestGroupHistoryExpiryMustMatchSignedBundle","Output":"--- PASS: TestGroupHistoryExpiryMustMatchSignedBundle (1.45s)\n"}
{"Time":"2026-09-13T19:40:41.488720672+01:00","Action":"pass","Package":"github.com/JohnnyPBelo/relayloom/native/app","Test":"TestGroupHistoryExpiryMustMatchSignedBundle","Elapsed":1.45}
{"Time":"2026-09-13T19:40:41.488729909+01:00","Action":"run","Package":"github.com/JohnnyPBelo/relayloom/native/app","Test":"TestGroupEventCommitFailures"}
{"Time":"2026-09-13T19:40:41.488732434+01:00","Action":"output","Package":"github.com/JohnnyPBelo/relayloom/native/app","Test":"TestGroupEventCommitFailures","Output":"=== RUN   TestGroupEventCommitFailures\n"}
{"Time":"2026-09-13T19:40:41.488735049+01:00","Action":"run","Package":"github.com/JohnnyPBelo/relayloom/native/app","Test":"TestGroupEventCommitFailures/rollback"}
{"Time":"2026-09-13T19:40:41.488737313+01:00","Action":"output","Package":"github.com/JohnnyPBelo/relayloom/native/app","Test":"TestGroupEventCommitFailures/rollback","Output":"=== RUN   TestGroupEventCommitFailures/rollback\n"}
{"Time":"2026-09-13T19:40:48.62432745+01:00","Action":"output","Package":"github.com/JohnnyPBelo/relayloom/native/app","Test":"TestGroupEventCommitFailures/rollback","Output":"--- PASS: TestGroupEventCommitFailures/rollback (7.14s)\n"}
{"Time":"2026-09-13T19:40:48.624368838+01:00","Action":"pass","Package":"github.com/JohnnyPBelo/relayloom/native/app","Test":"TestGroupEventCommitFailures/rollback","Elapsed":7.14}
{"Time":"2026-09-13T19:40:48.624378236+01:00","Action":"run","Package":"github.com/JohnnyPBelo/relayloom/native/app","Test":"TestGroupEventCommitFailures/lost-response"}
{"Time":"2026-09-13T19:40:48.62438088+01:00","Action":"output","Package":"github.com/JohnnyPBelo/relayloom/native/app","Test":"TestGroupEventCommitFailures/lost-response","Output":"=== RUN   TestGroupEventCommitFailures/lost-response\n"}
{"Time":"2026-09-13T19:40:55.868631962+01:00","Action":"output","Package":"github.com/JohnnyPBelo/relayloom/native/app","Test":"TestGroupEventCommitFailures/lost-response","Output":"--- PASS: TestGroupEventCommitFailures/lost-response (7.24s)\n"}
{"Time":"2026-09-13T19:40:55.868671607+01:00","Action":"pass","Package":"github.com/JohnnyPBelo/relayloom/native/app","Test":"TestGroupEventCommitFailures/lost-response","Elapsed":7.24}
{"Time":"2026-09-13T19:40:55.868680984+01:00","Action":"output","Package":"github.com/JohnnyPBelo/relayloom/native/app","Test":"TestGroupEventCommitFailures","Output":"--- PASS: TestGroupEventCommitFailures (14.38s)\n"}
{"Time":"2026-09-13T19:40:55.86868415+01:00","Action":"pass","Package":"github.com/JohnnyPBelo/relayloom/native/app","Test":"TestGroupEventCommitFailures","Elapsed":14.38}
{"Time":"2026-09-13T19:40:55.868697656+01:00","Action":"run","Package":"github.com/JohnnyPBelo/relayloom/native/app","Test":"TestGroupEventQueuedFences"}
{"Time":"2026-09-13T19:40:55.8686998+01:00","Action":"output","Package":"github.com/JohnnyPBelo/relayloom/native/app","Test":"TestGroupEventQueuedFences","Output":"=== RUN   TestGroupEventQueuedFences\n"}
{"Time":"2026-09-13T19:40:55.868703226+01:00","Action":"run","Package":"github.com/JohnnyPBelo/relayloom/native/app","Test":"TestGroupEventQueuedFences/allowed-control"}
{"Time":"2026-09-13T19:40:55.868704989+01:00","Action":"output","Package":"github.com/JohnnyPBelo/relayloom/native/app","Test":"TestGroupEventQueuedFences/allowed-control","Output":"=== RUN   TestGroupEventQueuedFences/allowed-control\n"}
{"Time":"2026-09-13T19:41:02.285820624+01:00","Action":"output","Package":"github.com/JohnnyPBelo/relayloom/native/app","Test":"TestGroupEventQueuedFences/allowed-control","Output":"--- PASS: TestGroupEventQueuedFences/allowed-control (6.42s)\n"}
{"Time":"2026-09-13T19:41:02.285862122+01:00","Action":"pass","Package":"github.com/JohnnyPBelo/relayloom/native/app","Test":"TestGroupEventQueuedFences/allowed-control","Elapsed":6.42}
{"Time":"2026-09-13T19:41:02.285872862+01:00","Action":"run","Package":"github.com/JohnnyPBelo/relayloom/native/app","Test":"TestGroupEventQueuedFences/close"}
{"Time":"2026-09-13T19:41:02.285875587+01:00","Action":"output","Package":"github.com/JohnnyPBelo/relayloom/native/app","Test":"TestGroupEventQueuedFences/close","Output":"=== RUN   TestGroupEventQueuedFences/close\n"}
{"Time":"2026-09-13T19:41:09.901753138+01:00","Action":"output","Package":"github.com/JohnnyPBelo/relayloom/native/app","Test":"TestGroupEventQueuedFences/close","Output":"--- PASS: TestGroupEventQueuedFences/close (7.62s)\n"}
{"Time":"2026-09-13T19:41:09.901800758+01:00","Action":"pass","Package":"github.com/JohnnyPBelo/relayloom/native/app","Test":"TestGroupEventQueuedFences/close","Elapsed":7.62}
{"Time":"2026-09-13T19:41:09.901808592+01:00","Action":"run","Package":"github.com/JohnnyPBelo/relayloom/native/app","Test":"TestGroupEventQueuedFences/evicted"}
{"Time":"2026-09-13T19:41:09.901811548+01:00","Action":"output","Package":"github.com/JohnnyPBelo/relayloom/native/app","Test":"TestGroupEventQueuedFences/evicted","Output":"=== RUN   TestGroupEventQueuedFences/evicted\n"}
{"Time":"2026-09-13T19:41:17.139473536+01:00","Action":"output","Package":"github.com/JohnnyPBelo/relayloom/native/app","Test":"TestGroupEventQueuedFences/evicted","Output":"--- PASS: TestGroupEventQueuedFences/evicted (7.24s)\n"}
{"Time":"2026-09-13T19:41:17.139519753+01:00","Action":"pass","Package":"github.com/JohnnyPBelo/relayloom/native/app","Test":"TestGroupEventQueuedFences/evicted","Elapsed":7.24}
{"Time":"2026-09-13T19:41:17.139529241+01:00","Action":"run","Package":"github.com/JohnnyPBelo/relayloom/native/app","Test":"TestGroupEventQueuedFences/block"}
{"Time":"2026-09-13T19:41:17.139532517+01:00","Action":"output","Package":"github.com/JohnnyPBelo/relayloom/native/app","Test":"TestGroupEventQueuedFences/block","Output":"=== RUN   TestGroupEventQueuedFences/block\n"}
{"Time":"2026-09-13T19:41:23.632400377+01:00","Action":"output","Package":"github.com/JohnnyPBelo/relayloom/native/app","Test":"TestGroupEventQueuedFences/block","Output":"--- PASS: TestGroupEventQueuedFences/block (6.49s)\n"}
{"Time":"2026-09-13T19:41:23.632441624+01:00","Action":"pass","Package":"github.com/JohnnyPBelo/relayloom/native/app","Test":"TestGroupEventQueuedFences/block","Elapsed":6.49}
{"Time":"2026-09-13T19:41:23.632451513+01:00","Action":"run","Package":"github.com/JohnnyPBelo/relayloom/native/app","Test":"TestGroupEventQueuedFences/lock"}
{"Time":"2026-09-13T19:41:23.632454418+01:00","Action":"output","Package":"github.com/JohnnyPBelo/relayloom/native/app","Test":"TestGroupEventQueuedFences/lock","Output":"=== RUN   TestGroupEventQueuedFences/lock\n"}
{"Time":"2026-09-13T19:41:29.945701874+01:00","Action":"output","Package":"github.com/JohnnyPBelo/relayloom/native/app","Test":"TestGroupEventQueuedFences/lock","Output":"--- PASS: TestGroupEventQueuedFences/lock (6.31s)\n"}
{"Time":"2026-09-13T19:41:29.945762678+01:00","Action":"pass","Package":"github.com/JohnnyPBelo/relayloom/native/app","Test":"TestGroupEventQueuedFences/lock","Elapsed":6.31}
{"Time":"2026-09-13T19:41:29.945771545+01:00","Action":"output","Package":"github.com/JohnnyPBelo/relayloom/native/app","Test":"TestGroupEventQueuedFences","Output":"--- PASS: TestGroupEventQueuedFences (34.08s)\n"}
{"Time":"2026-09-13T19:41:29.945774801+01:00","Action":"pass","Package":"github.com/JohnnyPBelo/relayloom/native/app","Test":"TestGroupEventQueuedFences","Elapsed":34.08}
{"Time":"2026-09-13T19:41:29.946141478+01:00","Action":"run","Package":"github.com/JohnnyPBelo/relayloom/native/app","Test":"TestGroupEventMissingTargetProofBlocksPublicationAndSeed"}
{"Time":"2026-09-13T19:41:29.946146267+01:00","Action":"output","Package":"github.com/JohnnyPBelo/relayloom/native/app","Test":"TestGroupEventMissingTargetProofBlocksPublicationAndSeed","Output":"=== RUN   TestGroupEventMissingTargetProofBlocksPublicationAndSeed\n"}
{"Time":"2026-09-13T19:41:43.518420137+01:00","Action":"output","Package":"github.com/JohnnyPBelo/relayloom/native/app","Test":"TestGroupEventMissingTargetProofBlocksPublicationAndSeed","Output":"--- PASS: TestGroupEventMissingTargetProofBlocksPublicationAndSeed (13.57s)\n"}
{"Time":"2026-09-13T19:41:43.518460032+01:00","Action":"pass","Package":"github.com/JohnnyPBelo/relayloom/native/app","Test":"TestGroupEventMissingTargetProofBlocksPublicationAndSeed","Elapsed":13.57}
{"Time":"2026-09-13T19:41:43.518471613+01:00","Action":"run","Package":"github.com/JohnnyPBelo/relayloom/native/app","Test":"TestGroupEventRealIndexFailureRecoversOriginalBytesAfterRestart"}
{"Time":"2026-09-13T19:41:43.518474459+01:00","Action":"output","Package":"github.com/JohnnyPBelo/relayloom/native/app","Test":"TestGroupEventRealIndexFailureRecoversOriginalBytesAfterRestart","Output":"=== RUN   TestGroupEventRealIndexFailureRecoversOriginalBytesAfterRestart\n"}
{"Time":"2026-09-13T19:41:50.553192755+01:00","Action":"output","Package":"github.com/JohnnyPBelo/relayloom/native/app","Test":"TestGroupEventRealIndexFailureRecoversOriginalBytesAfterRestart","Output":"--- PASS: TestGroupEventRealIndexFailureRecoversOriginalBytesAfterRestart (7.03s)\n"}
{"Time":"2026-09-13T19:41:50.553440048+01:00","Action":"pass","Package":"github.com/JohnnyPBelo/relayloom/native/app","Test":"TestGroupEventRealIndexFailureRecoversOriginalBytesAfterRestart","Elapsed":7.03}
{"Time":"2026-09-13T19:41:50.553556737+01:00","Action":"run","Package":"github.com/JohnnyPBelo/relayloom/native/app","Test":"TestGroupEventCorruptionReconcilesWithoutMessageOutbox"}
{"Time":"2026-09-13T19:41:50.553568489+01:00","Action":"output","Package":"github.com/JohnnyPBelo/relayloom/native/app","Test":"TestGroupEventCorruptionReconcilesWithoutMessageOutbox","Output":"=== RUN   TestGroupEventCorruptionReconcilesWithoutMessageOutbox\n"}
{"Time":"2026-09-13T19:42:00.274875937+01:00","Action":"output","Package":"github.com/JohnnyPBelo/relayloom/native/app","Test":"TestGroupEventCorruptionReconcilesWithoutMessageOutbox","Output":"--- PASS: TestGroupEventCorruptionReconcilesWithoutMessageOutbox (9.72s)\n"}
{"Time":"2026-09-13T19:42:00.2749414+01:00","Action":"pass","Package":"github.com/JohnnyPBelo/relayloom/native/app","Test":"TestGroupEventCorruptionReconcilesWithoutMessageOutbox","Elapsed":9.72}
{"Time":"2026-09-13T19:42:00.274952942+01:00","Action":"run","Package":"github.com/JohnnyPBelo/relayloom/native/app","Test":"TestGroupOutboxProcessExitFixture"}
{"Time":"2026-09-13T19:42:00.274964263+01:00","Action":"output","Package":"github.com/JohnnyPBelo/relayloom/native/app","Test":"TestGroupOutboxProcessExitFixture","Output":"=== RUN   TestGroupOutboxProcessExitFixture\n"}
{"Time":"2026-09-13T19:42:00.274968+01:00","Action":"output","Package":"github.com/JohnnyPBelo/relayloom/native/app","Test":"TestGroupOutboxProcessExitFixture","Output":"    group_outbox_process_test.go:18: requires the cross-runtime process fixture\n"}
{"Time":"2026-09-13T19:42:00.274971657+01:00","Action":"output","Package":"github.com/JohnnyPBelo/relayloom/native/app","Test":"TestGroupOutboxProcessExitFixture","Output":"--- SKIP: TestGroupOutboxProcessExitFixture (0.00s)\n"}
{"Time":"2026-09-13T19:42:00.2750002+01:00","Action":"skip","Package":"github.com/JohnnyPBelo/relayloom/native/app","Test":"TestGroupOutboxProcessExitFixture","Elapsed":0}
{"Time":"2026-09-13T19:42:00.275003847+01:00","Action":"run","Package":"github.com/JohnnyPBelo/relayloom/native/app","Test":"TestGroupOutboxMissingSnapshotPausesWithoutLosingAvailability"}
{"Time":"2026-09-13T19:42:00.275008626+01:00","Action":"output","Package":"github.com/JohnnyPBelo/relayloom/native/app","Test":"TestGroupOutboxMissingSnapshotPausesWithoutLosingAvailability","Output":"=== RUN   TestGroupOutboxMissingSnapshotPausesWithoutLosingAvailability\n"}
{"Time":"2026-09-13T19:42:07.997358659+01:00","Action":"output","Package":"github.com/JohnnyPBelo/relayloom/native/app","Test":"TestGroupOutboxMissingSnapshotPausesWithoutLosingAvailability","Output":"--- PASS: TestGroupOutboxMissingSnapshotPausesWithoutLosingAvailability (7.72s)\n"}
{"Time":"2026-09-13T19:42:07.997416127+01:00","Action":"pass","Package":"github.com/JohnnyPBelo/relayloom/native/app","Test":"TestGroupOutboxMissingSnapshotPausesWithoutLosingAvailability","Elapsed":7.72}
{"Time":"2026-09-13T19:42:07.997428961+01:00","Action":"run","Package":"github.com/JohnnyPBelo/relayloom/native/app","Test":"TestGroupOutboxMinimalStopAndManualPinSurviveReopen"}
{"Time":"2026-09-13T19:42:07.997440973+01:00","Action":"output","Package":"github.com/JohnnyPBelo/relayloom/native/app","Test":"TestGroupOutboxMinimalStopAndManualPinSurviveReopen","Output":"=== RUN   TestGroupOutboxMinimalStopAndManualPinSurviveReopen\n"}
{"Time":"2026-09-13T19:42:15.045716918+01:00","Action":"output","Package":"github.com/JohnnyPBelo/relayloom/native/app","Test":"TestGroupOutboxMinimalStopAndManualPinSurviveReopen","Output":"--- PASS: TestGroupOutboxMinimalStopAndManualPinSurviveReopen (7.05s)\n"}
{"Time":"2026-09-13T19:42:15.045761893+01:00","Action":"pass","Package":"github.com/JohnnyPBelo/relayloom/native/app","Test":"TestGroupOutboxMinimalStopAndManualPinSurviveReopen","Elapsed":7.05}
{"Time":"2026-09-13T19:42:15.045771721+01:00","Action":"run","Package":"github.com/JohnnyPBelo/relayloom/native/app","Test":"TestGroupOutboxStopAndAuthorityShareFailureBoundary"}
{"Time":"2026-09-13T19:42:15.045774657+01:00","Action":"output","Package":"github.com/JohnnyPBelo/relayloom/native/app","Test":"TestGroupOutboxStopAndAuthorityShareFailureBoundary","Output":"=== RUN   TestGroupOutboxStopAndAuthorityShareFailureBoundary\n"}
{"Time":"2026-09-13T19:42:15.045798702+01:00","Action":"run","Package":"github.com/JohnnyPBelo/relayloom/native/app","Test":"TestGroupOutboxStopAndAuthorityShareFailureBoundary/rollback"}
{"Time":"2026-09-13T19:42:15.045800866+01:00","Action":"output","Package":"github.com/JohnnyPBelo/relayloom/native/app","Test":"TestGroupOutboxStopAndAuthorityShareFailureBoundary/rollback","Output":"=== RUN   TestGroupOutboxStopAndAuthorityShareFailureBoundary/rollback\n"}
{"Time":"2026-09-13T19:42:19.680140506+01:00","Action":"output","Package":"github.com/JohnnyPBelo/relayloom/native/app","Test":"TestGroupOutboxStopAndAuthorityShareFailureBoundary/rollback","Output":"--- PASS: TestGroupOutboxStopAndAuthorityShareFailureBoundary/rollback (4.63s)\n"}
{"Time":"2026-09-13T19:42:19.680183457+01:00","Action":"pass","Package":"github.com/JohnnyPBelo/relayloom/native/app","Test":"TestGroupOutboxStopAndAuthorityShareFailureBoundary/rollback","Elapsed":4.63}
{"Time":"2026-09-13T19:42:19.680191402+01:00","Action":"run","Package":"github.com/JohnnyPBelo/relayloom/native/app","Test":"TestGroupOutboxStopAndAuthorityShareFailureBoundary/lost-commit-response"}
{"Time":"2026-09-13T19:42:19.680194057+01:00","Action":"output","Package":"github.com/JohnnyPBelo/relayloom/native/app","Test":"TestGroupOutboxStopAndAuthorityShareFailureBoundary/lost-commit-response","Output":"=== RUN   TestGroupOutboxStopAndAuthorityShareFailureBoundary/lost-commit-response\n"}
{"Time":"2026-09-13T19:42:23.146614838+01:00","Action":"output","Package":"github.com/JohnnyPBelo/relayloom/native/app","Test":"TestGroupOutboxStopAndAuthorityShareFailureBoundary/lost-commit-response","Output":"--- PASS: TestGroupOutboxStopAndAuthorityShareFailureBoundary/lost-commit-response (3.47s)\n"}
{"Time":"2026-09-13T19:42:23.146660824+01:00","Action":"pass","Package":"github.com/JohnnyPBelo/relayloom/native/app","Test":"TestGroupOutboxStopAndAuthorityShareFailureBoundary/lost-commit-response","Elapsed":3.47}
{"Time":"2026-09-13T19:42:23.146676323+01:00","Action":"output","Package":"github.com/JohnnyPBelo/relayloom/native/app","Test":"TestGroupOutboxStopAndAuthorityShareFailureBoundary","Output":"--- PASS: TestGroupOutboxStopAndAuthorityShareFailureBoundary (8.10s)\n"}
{"Time":"2026-09-13T19:42:23.14668016+01:00","Action":"pass","Package":"github.com/JohnnyPBelo/relayloom/native/app","Test":"TestGroupOutboxStopAndAuthorityShareFailureBoundary","Elapsed":8.1}
{"Time":"2026-09-13T19:42:23.14668541+01:00","Action":"run","Package":"github.com/JohnnyPBelo/relayloom/native/app","Test":"TestGroupOutboxStopCommitsWithFullNormalQuota"}
{"Time":"2026-09-13T19:42:23.146688496+01:00","Action":"output","Package":"github.com/JohnnyPBelo/relayloom/native/app","Test":"TestGroupOutboxStopCommitsWithFullNormalQuota","Output":"=== RUN   TestGroupOutboxStopCommitsWithFullNormalQuota\n"}
{"Time":"2026-09-13T19:42:39.634040814+01:00","Action":"output","Package":"github.com/JohnnyPBelo/relayloom/native/app","Test":"TestGroupOutboxStopCommitsWithFullNormalQuota","Output":"--- PASS: TestGroupOutboxStopCommitsWithFullNormalQuota (16.49s)\n"}
{"Time":"2026-09-13T19:42:39.634125993+01:00","Action":"pass","Package":"github.com/JohnnyPBelo/relayloom/native/app","Test":"TestGroupOutboxStopCommitsWithFullNormalQuota","Elapsed":16.49}
{"Time":"2026-09-13T19:42:39.634143205+01:00","Action":"run","Package":"github.com/JohnnyPBelo/relayloom/native/app","Test":"TestGroupOutboxRejectsForgedMirrorBindingAndOrphan"}
{"Time":"2026-09-13T19:42:39.634146852+01:00","Action":"output","Package":"github.com/JohnnyPBelo/relayloom/native/app","Test":"TestGroupOutboxRejectsForgedMirrorBindingAndOrphan","Output":"=== RUN   TestGroupOutboxRejectsForgedMirrorBindingAndOrphan\n"}
{"Time":"2026-09-13T19:42:39.634152473+01:00","Action":"run","Package":"github.com/JohnnyPBelo/relayloom/native/app","Test":"TestGroupOutboxRejectsForgedMirrorBindingAndOrphan/mirror"}
{"Time":"2026-09-13T19:42:39.634155448+01:00","Action":"output","Package":"github.com/JohnnyPBelo/relayloom/native/app","Test":"TestGroupOutboxRejectsForgedMirrorBindingAndOrphan/mirror","Output":"=== RUN   TestGroupOutboxRejectsForgedMirrorBindingAndOrphan/mirror\n"}
{"Time":"2026-09-13T19:42:43.86771461+01:00","Action":"output","Package":"github.com/JohnnyPBelo/relayloom/native/app","Test":"TestGroupOutboxRejectsForgedMirrorBindingAndOrphan/mirror","Output":"--- PASS: TestGroupOutboxRejectsForgedMirrorBindingAndOrphan/mirror (4.23s)\n"}
{"Time":"2026-09-13T19:42:43.86779994+01:00","Action":"pass","Package":"github.com/JohnnyPBelo/relayloom/native/app","Test":"TestGroupOutboxRejectsForgedMirrorBindingAndOrphan/mirror","Elapsed":4.23}
{"Time":"2026-09-13T19:42:43.867819036+01:00","Action":"run","Package":"github.com/JohnnyPBelo/relayloom/native/app","Test":"TestGroupOutboxRejectsForgedMirrorBindingAndOrphan/binding"}
{"Time":"2026-09-13T19:42:43.867824346+01:00","Action":"output","Package":"github.com/JohnnyPBelo/relayloom/native/app","Test":"TestGroupOutboxRejectsForgedMirrorBindingAndOrphan/binding","Output":"=== RUN   TestGroupOutboxRejectsForgedMirrorBindingAndOrphan/binding\n"}
{"Time":"2026-09-13T19:42:48.14633228+01:00","Action":"output","Package":"github.com/JohnnyPBelo/relayloom/native/app","Test":"TestGroupOutboxRejectsForgedMirrorBindingAndOrphan/binding","Output":"--- PASS: TestGroupOutboxRejectsForgedMirrorBindingAndOrphan/binding (4.28s)\n"}
{"Time":"2026-09-13T19:42:48.146386181+01:00","Action":"pass","Package":"github.com/JohnnyPBelo/relayloom/native/app","Test":"TestGroupOutboxRejectsForgedMirrorBindingAndOrphan/binding","Elapsed":4.28}
{"Time":"2026-09-13T19:42:48.146410546+01:00","Action":"run","Package":"github.com/JohnnyPBelo/relayloom/native/app","Test":"TestGroupOutboxRejectsForgedMirrorBindingAndOrphan/orphan"}
{"Time":"2026-09-13T19:42:48.146414103+01:00","Action":"output","Package":"github.com/JohnnyPBelo/relayloom/native/app","Test":"TestGroupOutboxRejectsForgedMirrorBindingAndOrphan/orphan","Output":"=== RUN   TestGroupOutboxRejectsForgedMirrorBindingAndOrphan/orphan\n"}
{"Time":"2026-09-13T19:42:52.204318475+01:00","Action":"output","Package":"github.com/JohnnyPBelo/relayloom/native/app","Test":"TestGroupOutboxRejectsForgedMirrorBindingAndOrphan/orphan","Output":"--- PASS: TestGroupOutboxRejectsForgedMirrorBindingAndOrphan/orphan (4.06s)\n"}
{"Time":"2026-09-13T19:42:52.20437414+01:00","Action":"pass","Package":"github.com/JohnnyPBelo/relayloom/native/app","Test":"TestGroupOutboxRejectsForgedMirrorBindingAndOrphan/orphan","Elapsed":4.06}
{"Time":"2026-09-13T19:42:52.20443854+01:00","Action":"output","Package":"github.com/JohnnyPBelo/relayloom/native/app","Test":"TestGroupOutboxRejectsForgedMirrorBindingAndOrphan","Output":"--- PASS: TestGroupOutboxRejectsForgedMirrorBindingAndOrphan (12.57s)\n"}
{"Time":"2026-09-13T19:42:52.204456534+01:00","Action":"pass","Package":"github.com/JohnnyPBelo/relayloom/native/app","Test":"TestGroupOutboxRejectsForgedMirrorBindingAndOrphan","Elapsed":12.57}
{"Time":"2026-09-13T19:42:52.204482513+01:00","Action":"run","Package":"github.com/JohnnyPBelo/relayloom/native/app","Test":"TestGroupOutboxBoundedMirrorSchema"}
{"Time":"2026-09-13T19:42:52.204485168+01:00","Action":"output","Package":"github.com/JohnnyPBelo/relayloom/native/app","Test":"TestGroupOutboxBoundedMirrorSchema","Output":"=== RUN   TestGroupOutboxBoundedMirrorSchema\n"}
{"Time":"2026-09-13T19:42:55.011588858+01:00","Action":"output","Package":"github.com/JohnnyPBelo/relayloom/native/app","Test":"TestGroupOutboxBoundedMirrorSchema","Output":"--- PASS: TestGroupOutboxBoundedMirrorSchema (2.81s)\n"}
{"Time":"2026-09-13T19:42:55.011640074+01:00","Action":"pass","Package":"github.com/JohnnyPBelo/relayloom/native/app","Test":"TestGroupOutboxBoundedMirrorSchema","Elapsed":2.81}
{"Time":"2026-09-13T19:42:55.011649602+01:00","Action":"run","Package":"github.com/JohnnyPBelo/relayloom/native/app","Test":"TestGroupOutboxRestrictivePrefixWithInvalidTail"}
{"Time":"2026-09-13T19:42:55.011652016+01:00","Action":"output","Package":"github.com/JohnnyPBelo/relayloom/native/app","Test":"TestGroupOutboxRestrictivePrefixWithInvalidTail","Output":"=== RUN   TestGroupOutboxRestrictivePrefixWithInvalidTail\n"}
{"Time":"2026-09-13T19:42:58.389157393+01:00","Action":"output","Package":"github.com/JohnnyPBelo/relayloom/native/app","Test":"TestGroupOutboxRestrictivePrefixWithInvalidTail","Output":"--- PASS: TestGroupOutboxRestrictivePrefixWithInvalidTail (3.38s)\n"}
{"Time":"2026-09-13T19:42:58.389201345+01:00","Action":"pass","Package":"github.com/JohnnyPBelo/relayloom/native/app","Test":"TestGroupOutboxRestrictivePrefixWithInvalidTail","Elapsed":3.38}
{"Time":"2026-09-13T19:42:58.389211143+01:00","Action":"run","Package":"github.com/JohnnyPBelo/relayloom/native/app","Test":"TestGroupOutboxStopCancelsActualLocalTransportQueue"}
{"Time":"2026-09-13T19:42:58.389213919+01:00","Action":"output","Package":"github.com/JohnnyPBelo/relayloom/native/app","Test":"TestGroupOutboxStopCancelsActualLocalTransportQueue","Output":"=== RUN   TestGroupOutboxStopCancelsActualLocalTransportQueue\n"}
{"Time":"2026-09-13T19:42:58.389216964+01:00","Action":"run","Package":"github.com/JohnnyPBelo/relayloom/native/app","Test":"TestGroupOutboxStopCancelsActualLocalTransportQueue/stop"}
{"Time":"2026-09-13T19:42:58.389218928+01:00","Action":"output","Package":"github.com/JohnnyPBelo/relayloom/native/app","Test":"TestGroupOutboxStopCancelsActualLocalTransportQueue/stop","Output":"=== RUN   TestGroupOutboxStopCancelsActualLocalTransportQueue/stop\n"}
{"Time":"2026-09-13T19:43:02.187507225+01:00","Action":"output","Package":"github.com/JohnnyPBelo/relayloom/native/app","Test":"TestGroupOutboxStopCancelsActualLocalTransportQueue/stop","Output":"--- PASS: TestGroupOutboxStopCancelsActualLocalTransportQueue/stop (3.80s)\n"}
{"Time":"2026-09-13T19:43:02.187703453+01:00","Action":"pass","Package":"github.com/JohnnyPBelo/relayloom/native/app","Test":"TestGroupOutboxStopCancelsActualLocalTransportQueue/stop","Elapsed":3.8}
{"Time":"2026-09-13T19:43:02.187731536+01:00","Action":"run","Package":"github.com/JohnnyPBelo/relayloom/native/app","Test":"TestGroupOutboxStopCancelsActualLocalTransportQueue/negative-control-delivers"}
{"Time":"2026-09-13T19:43:02.187734381+01:00","Action":"output","Package":"github.com/JohnnyPBelo/relayloom/native/app","Test":"TestGroupOutboxStopCancelsActualLocalTransportQueue/negative-control-delivers","Output":"=== RUN   TestGroupOutboxStopCancelsActualLocalTransportQueue/negative-control-delivers\n"}
{"Time":"2026-09-13T19:43:05.195922147+01:00","Action":"output","Package":"github.com/JohnnyPBelo/relayloom/native/app","Test":"TestGroupOutboxStopCancelsActualLocalTransportQueue/negative-control-delivers","Output":"--- PASS: TestGroupOutboxStopCancelsActualLocalTransportQueue/negative-control-delivers (3.01s)\n"}
{"Time":"2026-09-13T19:43:05.195962823+01:00","Action":"pass","Package":"github.com/JohnnyPBelo/relayloom/native/app","Test":"TestGroupOutboxStopCancelsActualLocalTransportQueue/negative-control-delivers","Elapsed":3.01}
{"Time":"2026-09-13T19:43:05.195973703+01:00","Action":"output","Package":"github.com/JohnnyPBelo/relayloom/native/app","Test":"TestGroupOutboxStopCancelsActualLocalTransportQueue","Output":"--- PASS: TestGroupOutboxStopCancelsActualLocalTransportQueue (6.81s)\n"}
{"Time":"2026-09-13T19:43:05.19597744+01:00","Action":"pass","Package":"github.com/JohnnyPBelo/relayloom/native/app","Test":"TestGroupOutboxStopCancelsActualLocalTransportQueue","Elapsed":6.81}
{"Time":"2026-09-13T19:43:05.195990054+01:00","Action":"run","Package":"github.com/JohnnyPBelo/relayloom/native/app","Test":"TestGroupOutboxServeChecksCompletedAuthorAuthority"}
{"Time":"2026-09-13T19:43:05.195992198+01:00","Action":"output","Package":"github.com/JohnnyPBelo/relayloom/native/app","Test":"TestGroupOutboxServeChecksCompletedAuthorAuthority","Output":"=== RUN   TestGroupOutboxServeChecksCompletedAuthorAuthority\n"}
{"Time":"2026-09-13T19:43:05.196024659+01:00","Action":"run","Package":"github.com/JohnnyPBelo/relayloom/native/app","Test":"TestGroupOutboxServeChecksCompletedAuthorAuthority/active"}
{"Time":"2026-09-13T19:43:05.196027584+01:00","Action":"output","Package":"github.com/JohnnyPBelo/relayloom/native/app","Test":"TestGroupOutboxServeChecksCompletedAuthorAuthority/active","Output":"=== RUN   TestGroupOutboxServeChecksCompletedAuthorAuthority/active\n"}
{"Time":"2026-09-13T19:43:15.619754534+01:00","Action":"output","Package":"github.com/JohnnyPBelo/relayloom/native/app","Test":"TestGroupOutboxServeChecksCompletedAuthorAuthority/active","Output":"--- PASS: TestGroupOutboxServeChecksCompletedAuthorAuthority/active (10.42s)\n"}
{"Time":"2026-09-13T19:43:15.619802584+01:00","Action":"pass","Package":"github.com/JohnnyPBelo/relayloom/native/app","Test":"TestGroupOutboxServeChecksCompletedAuthorAuthority/active","Elapsed":10.42}
{"Time":"2026-09-13T19:43:15.619814206+01:00","Action":"run","Package":"github.com/JohnnyPBelo/relayloom/native/app","Test":"TestGroupOutboxServeChecksCompletedAuthorAuthority/closed"}
{"Time":"2026-09-13T19:43:15.619818484+01:00","Action":"output","Package":"github.com/JohnnyPBelo/relayloom/native/app","Test":"TestGroupOutboxServeChecksCompletedAuthorAuthority/closed","Output":"=== RUN   TestGroupOutboxServeChecksCompletedAuthorAuthority/closed\n"}
{"Time":"2026-09-13T19:43:26.102999382+01:00","Action":"output","Package":"github.com/JohnnyPBelo/relayloom/native/app","Test":"TestGroupOutboxServeChecksCompletedAuthorAuthority/closed","Output":"--- PASS: TestGroupOutboxServeChecksCompletedAuthorAuthority/closed (10.48s)\n"}
{"Time":"2026-09-13T19:43:26.103041811+01:00","Action":"pass","Package":"github.com/JohnnyPBelo/relayloom/native/app","Test":"TestGroupOutboxServeChecksCompletedAuthorAuthority/closed","Elapsed":10.48}
{"Time":"2026-09-13T19:43:26.103059875+01:00","Action":"run","Package":"github.com/JohnnyPBelo/relayloom/native/app","Test":"TestGroupOutboxServeChecksCompletedAuthorAuthority/locked"}
{"Time":"2026-09-13T19:43:26.10306266+01:00","Action":"output","Package":"github.com/JohnnyPBelo/relayloom/native/app","Test":"TestGroupOutboxServeChecksCompletedAuthorAuthority/locked","Output":"=== RUN   TestGroupOutboxServeChecksCompletedAuthorAuthority/locked\n"}
{"Time":"2026-09-13T19:43:29.491763707+01:00","Action":"output","Package":"github.com/JohnnyPBelo/relayloom/native/app","Test":"TestGroupOutboxServeChecksCompletedAuthorAuthority/locked","Output":"--- PASS: TestGroupOutboxServeChecksCompletedAuthorAuthority/locked (3.39s)\n"}
{"Time":"2026-09-13T19:43:29.491806517+01:00","Action":"pass","Package":"github.com/JohnnyPBelo/relayloom/native/app","Test":"TestGroupOutboxServeChecksCompletedAuthorAuthority/locked","Elapsed":3.39}
{"Time":"2026-09-13T19:43:29.491819281+01:00","Action":"output","Package":"github.com/JohnnyPBelo/relayloom/native/app","Test":"TestGroupOutboxServeChecksCompletedAuthorAuthority","Output":"--- PASS: TestGroupOutboxServeChecksCompletedAuthorAuthority (24.30s)\n"}
{"Time":"2026-09-13T19:43:29.491822216+01:00","Action":"pass","Package":"github.com/JohnnyPBelo/relayloom/native/app","Test":"TestGroupOutboxServeChecksCompletedAuthorAuthority","Elapsed":24.3}
{"Time":"2026-09-13T19:43:29.491825673+01:00","Action":"run","Package":"github.com/JohnnyPBelo/relayloom/native/app","Test":"TestGroupSendProcessExitFixture"}
{"Time":"2026-09-13T19:43:29.491832686+01:00","Action":"output","Package":"github.com/JohnnyPBelo/relayloom/native/app","Test":"TestGroupSendProcessExitFixture","Output":"=== RUN   TestGroupSendProcessExitFixture\n"}
{"Time":"2026-09-13T19:43:29.491881267+01:00","Action":"output","Package":"github.com/JohnnyPBelo/relayloom/native/app","Test":"TestGroupSendProcessExitFixture","Output":"    group_send_process_test.go:24: requires cross-engine group send driver\n"}
{"Time":"2026-09-13T19:43:29.491901936+01:00","Action":"output","Package":"github.com/JohnnyPBelo/relayloom/native/app","Test":"TestGroupSendProcessExitFixture","Output":"--- SKIP: TestGroupSendProcessExitFixture (0.00s)\n"}
{"Time":"2026-09-13T19:43:29.49191991+01:00","Action":"skip","Package":"github.com/JohnnyPBelo/relayloom/native/app","Test":"TestGroupSendProcessExitFixture","Elapsed":0}
{"Time":"2026-09-13T19:43:29.491928676+01:00","Action":"run","Package":"github.com/JohnnyPBelo/relayloom/native/app","Test":"TestGroupSendLegacyPreviewRecovery"}
{"Time":"2026-09-13T19:43:29.49193069+01:00","Action":"output","Package":"github.com/JohnnyPBelo/relayloom/native/app","Test":"TestGroupSendLegacyPreviewRecovery","Output":"=== RUN   TestGroupSendLegacyPreviewRecovery\n"}
{"Time":"2026-09-13T19:43:39.838197913+01:00","Action":"output","Package":"github.com/JohnnyPBelo/relayloom/native/app","Test":"TestGroupSendLegacyPreviewRecovery","Output":"--- PASS: TestGroupSendLegacyPreviewRecovery (10.35s)\n"}
{"Time":"2026-09-13T19:43:39.838258787+01:00","Action":"pass","Package":"github.com/JohnnyPBelo/relayloom/native/app","Test":"TestGroupSendLegacyPreviewRecovery","Elapsed":10.35}
{"Time":"2026-09-13T19:43:39.838266732+01:00","Action":"run","Package":"github.com/JohnnyPBelo/relayloom/native/app","Test":"TestGroupSendCommitFailures"}
{"Time":"2026-09-13T19:43:39.838269618+01:00","Action":"output","Package":"github.com/JohnnyPBelo/relayloom/native/app","Test":"TestGroupSendCommitFailures","Output":"=== RUN   TestGroupSendCommitFailures\n"}
{"Time":"2026-09-13T19:43:39.838279877+01:00","Action":"run","Package":"github.com/JohnnyPBelo/relayloom/native/app","Test":"TestGroupSendCommitFailures/preparing-rollback"}
{"Time":"2026-09-13T19:43:39.838282632+01:00","Action":"output","Package":"github.com/JohnnyPBelo/relayloom/native/app","Test":"TestGroupSendCommitFailures/preparing-rollback","Output":"=== RUN   TestGroupSendCommitFailures/preparing-rollback\n"}
{"Time":"2026-09-13T19:43:47.491917994+01:00","Action":"output","Package":"github.com/JohnnyPBelo/relayloom/native/app","Test":"TestGroupSendCommitFailures/preparing-rollback","Output":"--- PASS: TestGroupSendCommitFailures/preparing-rollback (7.65s)\n"}
{"Time":"2026-09-13T19:43:47.491977576+01:00","Action":"pass","Package":"github.com/JohnnyPBelo/relayloom/native/app","Test":"TestGroupSendCommitFailures/preparing-rollback","Elapsed":7.65}
{"Time":"2026-09-13T19:43:47.491996411+01:00","Action":"run","Package":"github.com/JohnnyPBelo/relayloom/native/app","Test":"TestGroupSendCommitFailures/preparing-lost-response"}
{"Time":"2026-09-13T19:43:47.491999306+01:00","Action":"output","Package":"github.com/JohnnyPBelo/relayloom/native/app","Test":"TestGroupSendCommitFailures/preparing-lost-response","Output":"=== RUN   TestGroupSendCommitFailures/preparing-lost-response\n"}
{"Time":"2026-09-13T19:43:55.12635417+01:00","Action":"output","Package":"github.com/JohnnyPBelo/relayloom/native/app","Test":"TestGroupSendCommitFailures/preparing-lost-response","Output":"--- PASS: TestGroupSendCommitFailures/preparing-lost-response (7.63s)\n"}
{"Time":"2026-09-13T19:43:55.126400146+01:00","Action":"pass","Package":"github.com/JohnnyPBelo/relayloom/native/app","Test":"TestGroupSendCommitFailures/preparing-lost-response","Elapsed":7.63}
{"Time":"2026-09-13T19:43:55.126411578+01:00","Action":"run","Package":"github.com/JohnnyPBelo/relayloom/native/app","Test":"TestGroupSendCommitFailures/ready-rollback"}
{"Time":"2026-09-13T19:43:55.126415355+01:00","Action":"output","Package":"github.com/JohnnyPBelo/relayloom/native/app","Test":"TestGroupSendCommitFailures/ready-rollback","Output":"=== RUN   TestGroupSendCommitFailures/ready-rollback\n"}
{"Time":"2026-09-13T19:44:02.869612614+01:00","Action":"output","Package":"github.com/JohnnyPBelo/relayloom/native/app","Test":"TestGroupSendCommitFailures/ready-rollback","Output":"--- PASS: TestGroupSendCommitFailures/ready-rollback (7.74s)\n"}
{"Time":"2026-09-13T19:44:02.8697122+01:00","Action":"pass","Package":"github.com/JohnnyPBelo/relayloom/native/app","Test":"TestGroupSendCommitFailures/ready-rollback","Elapsed":7.74}
{"Time":"2026-09-13T19:44:02.869725545+01:00","Action":"run","Package":"github.com/JohnnyPBelo/relayloom/native/app","Test":"TestGroupSendCommitFailures/ready-lost-response"}
{"Time":"2026-09-13T19:44:02.869729252+01:00","Action":"output","Package":"github.com/JohnnyPBelo/relayloom/native/app","Test":"TestGroupSendCommitFailures/ready-lost-response","Output":"=== RUN   TestGroupSendCommitFailures/ready-lost-response\n"}
{"Time":"2026-09-13T19:44:10.366301422+01:00","Action":"output","Package":"github.com/JohnnyPBelo/relayloom/native/app","Test":"TestGroupSendCommitFailures/ready-lost-response","Output":"--- PASS: TestGroupSendCommitFailures/ready-lost-response (7.50s)\n"}
{"Time":"2026-09-13T19:44:10.366344763+01:00","Action":"pass","Package":"github.com/JohnnyPBelo/relayloom/native/app","Test":"TestGroupSendCommitFailures/ready-lost-response","Elapsed":7.5}
{"Time":"2026-09-13T19:44:10.366352828+01:00","Action":"output","Package":"github.com/JohnnyPBelo/relayloom/native/app","Test":"TestGroupSendCommitFailures","Output":"--- PASS: TestGroupSendCommitFailures (30.53s)\n"}
{"Time":"2026-09-13T19:44:10.366361214+01:00","Action":"pass","Package":"github.com/JohnnyPBelo/relayloom/native/app","Test":"TestGroupSendCommitFailures","Elapsed":30.53}
{"Time":"2026-09-13T19:44:10.366373998+01:00","Action":"run","Package":"github.com/JohnnyPBelo/relayloom/native/app","Test":"TestGroupSendContentIndexFailure"}
{"Time":"2026-09-13T19:44:10.366377004+01:00","Action":"output","Package":"github.com/JohnnyPBelo/relayloom/native/app","Test":"TestGroupSendContentIndexFailure","Output":"=== RUN   TestGroupSendContentIndexFailure\n"}
{"Time":"2026-09-13T19:44:20.330515377+01:00","Action":"output","Package":"github.com/JohnnyPBelo/relayloom/native/app","Test":"TestGroupSendContentIndexFailure","Output":"--- PASS: TestGroupSendContentIndexFailure (9.96s)\n"}
{"Time":"2026-09-13T19:44:20.330566503+01:00","Action":"pass","Package":"github.com/JohnnyPBelo/relayloom/native/app","Test":"TestGroupSendContentIndexFailure","Elapsed":9.96}
{"Time":"2026-09-13T19:44:20.330590237+01:00","Action":"run","Package":"github.com/JohnnyPBelo/relayloom/native/app","Test":"TestGroupControlResponsesRespectProducerQuota"}
{"Time":"2026-09-13T19:44:20.330592511+01:00","Action":"output","Package":"github.com/JohnnyPBelo/relayloom/native/app","Test":"TestGroupControlResponsesRespectProducerQuota","Output":"=== RUN   TestGroupControlResponsesRespectProducerQuota\n"}
{"Time":"2026-09-13T19:44:48.48625263+01:00","Action":"output","Package":"github.com/JohnnyPBelo/relayloom/native/app","Test":"TestGroupControlResponsesRespectProducerQuota","Output":"--- PASS: TestGroupControlResponsesRespectProducerQuota (28.16s)\n"}
{"Time":"2026-09-13T19:44:48.486294178+01:00","Action":"pass","Package":"github.com/JohnnyPBelo/relayloom/native/app","Test":"TestGroupControlResponsesRespectProducerQuota","Elapsed":28.16}
{"Time":"2026-09-13T19:44:48.486303365+01:00","Action":"run","Package":"github.com/JohnnyPBelo/relayloom/native/app","Test":"TestGroupControlUnknownGroupCannotEnrol"}
{"Time":"2026-09-13T19:44:48.48630603+01:00","Action":"output","Package":"github.com/JohnnyPBelo/relayloom/native/app","Test":"TestGroupControlUnknownGroupCannotEnrol","Output":"=== RUN   TestGroupControlUnknownGroupCannotEnrol\n"}
{"Time":"2026-09-13T19:44:49.438504003+01:00","Action":"output","Package":"github.com/JohnnyPBelo/relayloom/native/app","Test":"TestGroupControlUnknownGroupCannotEnrol","Output":"--- PASS: TestGroupControlUnknownGroupCannotEnrol (0.95s)\n"}
{"Time":"2026-09-13T19:44:49.43856135+01:00","Action":"pass","Package":"github.com/JohnnyPBelo/relayloom/native/app","Test":"TestGroupControlUnknownGroupCannotEnrol","Elapsed":0.95}
{"Time":"2026-09-13T19:44:49.438570728+01:00","Action":"run","Package":"github.com/JohnnyPBelo/relayloom/native/app","Test":"TestGroupControlFailedIndexWritesConsumeOutputBudget"}
{"Time":"2026-09-13T19:44:49.438573042+01:00","Action":"output","Package":"github.com/JohnnyPBelo/relayloom/native/app","Test":"TestGroupControlFailedIndexWritesConsumeOutputBudget","Output":"=== RUN   TestGroupControlFailedIndexWritesConsumeOutputBudget\n"}
{"Time":"2026-09-13T19:44:55.795247418+01:00","Action":"output","Package":"github.com/JohnnyPBelo/relayloom/native/app","Test":"TestGroupControlFailedIndexWritesConsumeOutputBudget","Output":"--- PASS: TestGroupControlFailedIndexWritesConsumeOutputBudget (6.36s)\n"}
{"Time":"2026-09-13T19:44:55.795289296+01:00","Action":"pass","Package":"github.com/JohnnyPBelo/relayloom/native/app","Test":"TestGroupControlFailedIndexWritesConsumeOutputBudget","Elapsed":6.36}
{"Time":"2026-09-13T19:44:55.795300467+01:00","Action":"run","Package":"github.com/JohnnyPBelo/relayloom/native/app","Test":"TestGroupControlInvalidSnapshotStillCommitsVerifiedRemovalHeader"}
{"Time":"2026-09-13T19:44:55.795304004+01:00","Action":"output","Package":"github.com/JohnnyPBelo/relayloom/native/app","Test":"TestGroupControlInvalidSnapshotStillCommitsVerifiedRemovalHeader","Output":"=== RUN   TestGroupControlInvalidSnapshotStillCommitsVerifiedRemovalHeader\n"}
{"Time":"2026-09-13T19:45:00.902630862+01:00","Action":"output","Package":"github.com/JohnnyPBelo/relayloom/native/app","Test":"TestGroupControlInvalidSnapshotStillCommitsVerifiedRemovalHeader","Output":"--- PASS: TestGroupControlInvalidSnapshotStillCommitsVerifiedRemovalHeader (5.11s)\n"}
{"Time":"2026-09-13T19:45:00.902675876+01:00","Action":"pass","Package":"github.com/JohnnyPBelo/relayloom/native/app","Test":"TestGroupControlInvalidSnapshotStillCommitsVerifiedRemovalHeader","Elapsed":5.11}
{"Time":"2026-09-13T19:45:00.902686776+01:00","Action":"run","Package":"github.com/JohnnyPBelo/relayloom/native/app","Test":"TestRequestTrackingBoundSurvivesCapacityErrors"}
{"Time":"2026-09-13T19:45:00.902690213+01:00","Action":"output","Package":"github.com/JohnnyPBelo/relayloom/native/app","Test":"TestRequestTrackingBoundSurvivesCapacityErrors","Output":"=== RUN   TestRequestTrackingBoundSurvivesCapacityErrors\n"}
{"Time":"2026-09-13T19:45:02.685422335+01:00","Action":"output","Package":"github.com/JohnnyPBelo/relayloom/native/app","Test":"TestRequestTrackingBoundSurvivesCapacityErrors","Output":"--- PASS: TestRequestTrackingBoundSurvivesCapacityErrors (1.78s)\n"}
{"Time":"2026-09-13T19:45:02.68546269+01:00","Action":"pass","Package":"github.com/JohnnyPBelo/relayloom/native/app","Test":"TestRequestTrackingBoundSurvivesCapacityErrors","Elapsed":1.78}
{"Time":"2026-09-13T19:45:02.685472579+01:00","Action":"run","Package":"github.com/JohnnyPBelo/relayloom/native/app","Test":"TestIncomingDeletionJournalsBeforeOriginalEvictionAndRestart"}
{"Time":"2026-09-13T19:45:02.685474823+01:00","Action":"output","Package":"github.com/JohnnyPBelo/relayloom/native/app","Test":"TestIncomingDeletionJournalsBeforeOriginalEvictionAndRestart","Output":"=== RUN   TestIncomingDeletionJournalsBeforeOriginalEvictionAndRestart\n"}
{"Time":"2026-09-13T19:45:04.158122849+01:00","Action":"output","Package":"github.com/JohnnyPBelo/relayloom/native/app","Test":"TestIncomingDeletionJournalsBeforeOriginalEvictionAndRestart","Output":"--- PASS: TestIncomingDeletionJournalsBeforeOriginalEvictionAndRestart (1.47s)\n"}
{"Time":"2026-09-13T19:45:04.158162363+01:00","Action":"pass","Package":"github.com/JohnnyPBelo/relayloom/native/app","Test":"TestIncomingDeletionJournalsBeforeOriginalEvictionAndRestart","Elapsed":1.47}
{"Time":"2026-09-13T19:45:04.158172182+01:00","Action":"run","Package":"github.com/JohnnyPBelo/relayloom/native/app","Test":"TestIncomingMutationRequiresAuthorAndMatchingReaderScope"}
{"Time":"2026-09-13T19:45:04.158175107+01:00","Action":"output","Package":"github.com/JohnnyPBelo/relayloom/native/app","Test":"TestIncomingMutationRequiresAuthorAndMatchingReaderScope","Output":"=== RUN   TestIncomingMutationRequiresAuthorAndMatchingReaderScope\n"}
{"Time":"2026-09-13T19:45:04.879538526+01:00","Action":"output","Package":"github.com/JohnnyPBelo/relayloom/native/app","Test":"TestIncomingMutationRequiresAuthorAndMatchingReaderScope","Output":"--- PASS: TestIncomingMutationRequiresAuthorAndMatchingReaderScope (0.72s)\n"}
{"Time":"2026-09-13T19:45:04.879577279+01:00","Action":"pass","Package":"github.com/JohnnyPBelo/relayloom/native/app","Test":"TestIncomingMutationRequiresAuthorAndMatchingReaderScope","Elapsed":0.72}
{"Time":"2026-09-13T19:45:04.879587007+01:00","Action":"run","Package":"github.com/JohnnyPBelo/relayloom/native/app","Test":"TestLockedReceivedDeleteIsDeferredUntilAuthenticatedMaterialization"}
{"Time":"2026-09-13T19:45:04.879589171+01:00","Action":"output","Package":"github.com/JohnnyPBelo/relayloom/native/app","Test":"TestLockedReceivedDeleteIsDeferredUntilAuthenticatedMaterialization","Output":"=== RUN   TestLockedReceivedDeleteIsDeferredUntilAuthenticatedMaterialization\n"}
{"Time":"2026-09-13T19:45:06.145572709+01:00","Action":"output","Package":"github.com/JohnnyPBelo/relayloom/native/app","Test":"TestLockedReceivedDeleteIsDeferredUntilAuthenticatedMaterialization","Output":"--- PASS: TestLockedReceivedDeleteIsDeferredUntilAuthenticatedMaterialization (1.27s)\n"}
{"Time":"2026-09-13T19:45:06.145613005+01:00","Action":"pass","Package":"github.com/JohnnyPBelo/relayloom/native/app","Test":"TestLockedReceivedDeleteIsDeferredUntilAuthenticatedMaterialization","Elapsed":1.27}
{"Time":"2026-09-13T19:45:06.145623244+01:00","Action":"run","Package":"github.com/JohnnyPBelo/relayloom/native/app","Test":"TestHistoryPagesBoundCountAndBytesAndKeepIDCursorStable"}
{"Time":"2026-09-13T19:45:06.145625969+01:00","Action":"output","Package":"github.com/JohnnyPBelo/relayloom/native/app","Test":"TestHistoryPagesBoundCountAndBytesAndKeepIDCursorStable","Output":"=== RUN   TestHistoryPagesBoundCountAndBytesAndKeepIDCursorStable\n"}
{"Time":"2026-09-13T19:45:09.337812888+01:00","Action":"output","Package":"github.com/JohnnyPBelo/relayloom/native/app","Test":"TestHistoryPagesBoundCountAndBytesAndKeepIDCursorStable","Output":"--- PASS: TestHistoryPagesBoundCountAndBytesAndKeepIDCursorStable (3.19s)\n"}
{"Time":"2026-09-13T19:45:09.337867691+01:00","Action":"pass","Package":"github.com/JohnnyPBelo/relayloom/native/app","Test":"TestHistoryPagesBoundCountAndBytesAndKeepIDCursorStable","Elapsed":3.19}
{"Time":"2026-09-13T19:45:09.337889642+01:00","Action":"run","Package":"github.com/JohnnyPBelo/relayloom/native/app","Test":"TestLargeEncryptedStoreServesBoundedHistoryAndExactOnDemandAttachment"}
{"Time":"2026-09-13T19:45:09.337892147+01:00","Action":"output","Package":"github.com/JohnnyPBelo/relayloom/native/app","Test":"TestLargeEncryptedStoreServesBoundedHistoryAndExactOnDemandAttachment","Output":"=== RUN   TestLargeEncryptedStoreServesBoundedHistoryAndExactOnDemandAttachment\n"}
{"Time":"2026-09-13T19:45:38.600565075+01:00","Action":"output","Package":"github.com/JohnnyPBelo/relayloom/native/app","Test":"TestLargeEncryptedStoreServesBoundedHistoryAndExactOnDemandAttachment","Output":"    history_test.go:368: encrypted store=37595070 bytes; authorized aggregate payload=27963260 bytes; state=68566 bytes\n"}
{"Time":"2026-09-13T19:45:38.861414873+01:00","Action":"output","Package":"github.com/JohnnyPBelo/relayloom/native/app","Test":"TestLargeEncryptedStoreServesBoundedHistoryAndExactOnDemandAttachment","Output":"    history_test.go:373: initial state=5.731235422s; repeated state with verified summary cache=260.785127ms\n"}
{"Time":"2026-09-13T19:45:47.31333467+01:00","Action":"output","Package":"github.com/JohnnyPBelo/relayloom/native/app","Test":"TestLargeEncryptedStoreServesBoundedHistoryAndExactOnDemandAttachment","Output":"--- PASS: TestLargeEncryptedStoreServesBoundedHistoryAndExactOnDemandAttachment (37.98s)\n"}
{"Time":"2026-09-13T19:45:47.313377421+01:00","Action":"pass","Package":"github.com/JohnnyPBelo/relayloom/native/app","Test":"TestLargeEncryptedStoreServesBoundedHistoryAndExactOnDemandAttachment","Elapsed":37.98}
{"Time":"2026-09-13T19:45:47.313388551+01:00","Action":"run","Package":"github.com/JohnnyPBelo/relayloom/native/app","Test":"TestAttachmentEndpointRejectsUnauthorizedForgedAndCorruptedObjects"}
{"Time":"2026-09-13T19:45:47.313391717+01:00","Action":"output","Package":"github.com/JohnnyPBelo/relayloom/native/app","Test":"TestAttachmentEndpointRejectsUnauthorizedForgedAndCorruptedObjects","Output":"=== RUN   TestAttachmentEndpointRejectsUnauthorizedForgedAndCorruptedObjects\n"}
{"Time":"2026-09-13T19:45:47.983644821+01:00","Action":"output","Package":"github.com/JohnnyPBelo/relayloom/native/app","Test":"TestAttachmentEndpointRejectsUnauthorizedForgedAndCorruptedObjects","Output":"--- PASS: TestAttachmentEndpointRejectsUnauthorizedForgedAndCorruptedObjects (0.67s)\n"}
{"Time":"2026-09-13T19:45:47.983685087+01:00","Action":"pass","Package":"github.com/JohnnyPBelo/relayloom/native/app","Test":"TestAttachmentEndpointRejectsUnauthorizedForgedAndCorruptedObjects","Elapsed":0.67}
{"Time":"2026-09-13T19:45:47.983696448+01:00","Action":"run","Package":"github.com/JohnnyPBelo/relayloom/native/app","Test":"TestSummaryProjectionDropsNestedExtensionsAndRejectsInvalidTypedFields"}
{"Time":"2026-09-13T19:45:47.983699794+01:00","Action":"output","Package":"github.com/JohnnyPBelo/relayloom/native/app","Test":"TestSummaryProjectionDropsNestedExtensionsAndRejectsInvalidTypedFields","Output":"=== RUN   TestSummaryProjectionDropsNestedExtensionsAndRejectsInvalidTypedFields\n"}
{"Time":"2026-09-13T19:45:52.55205856+01:00","Action":"output","Package":"github.com/JohnnyPBelo/relayloom/native/app","Test":"TestSummaryProjectionDropsNestedExtensionsAndRejectsInvalidTypedFields","Output":"--- PASS: TestSummaryProjectionDropsNestedExtensionsAndRejectsInvalidTypedFields (4.57s)\n"}
{"Time":"2026-09-13T19:45:52.552099156+01:00","Action":"pass","Package":"github.com/JohnnyPBelo/relayloom/native/app","Test":"TestSummaryProjectionDropsNestedExtensionsAndRejectsInvalidTypedFields","Elapsed":4.57}
{"Time":"2026-09-13T19:45:52.552109966+01:00","Action":"run","Package":"github.com/JohnnyPBelo/relayloom/native/app","Test":"TestSummaryCacheReusesMetadataButInvalidatesTamperEvictionAndLock"}
{"Time":"2026-09-13T19:45:52.552115967+01:00","Action":"output","Package":"github.com/JohnnyPBelo/relayloom/native/app","Test":"TestSummaryCacheReusesMetadataButInvalidatesTamperEvictionAndLock","Output":"=== RUN   TestSummaryCacheReusesMetadataButInvalidatesTamperEvictionAndLock\n"}
{"Time":"2026-09-13T19:45:53.738007243+01:00","Action":"output","Package":"github.com/JohnnyPBelo/relayloom/native/app","Test":"TestSummaryCacheReusesMetadataButInvalidatesTamperEvictionAndLock","Output":"--- PASS: TestSummaryCacheReusesMetadataButInvalidatesTamperEvictionAndLock (1.19s)\n"}
{"Time":"2026-09-13T19:45:53.738046998+01:00","Action":"pass","Package":"github.com/JohnnyPBelo/relayloom/native/app","Test":"TestSummaryCacheReusesMetadataButInvalidatesTamperEvictionAndLock","Elapsed":1.19}
{"Time":"2026-09-13T19:45:53.738062347+01:00","Action":"run","Package":"github.com/JohnnyPBelo/relayloom/native/app","Test":"TestSummaryCacheCountAndByteBudgets"}
{"Time":"2026-09-13T19:45:53.738067957+01:00","Action":"output","Package":"github.com/JohnnyPBelo/relayloom/native/app","Test":"TestSummaryCacheCountAndByteBudgets","Output":"=== RUN   TestSummaryCacheCountAndByteBudgets\n"}
{"Time":"2026-09-13T19:45:56.423790725+01:00","Action":"output","Package":"github.com/JohnnyPBelo/relayloom/native/app","Test":"TestSummaryCacheCountAndByteBudgets","Output":"--- PASS: TestSummaryCacheCountAndByteBudgets (2.69s)\n"}
{"Time":"2026-09-13T19:45:56.423829437+01:00","Action":"pass","Package":"github.com/JohnnyPBelo/relayloom/native/app","Test":"TestSummaryCacheCountAndByteBudgets","Elapsed":2.69}
{"Time":"2026-09-13T19:45:56.423838915+01:00","Action":"run","Package":"github.com/JohnnyPBelo/relayloom/native/app","Test":"TestOutboxOfflineRestartRelayDisabledAndRecipientTCP"}
{"Time":"2026-09-13T19:45:56.423841209+01:00","Action":"output","Package":"github.com/JohnnyPBelo/relayloom/native/app","Test":"TestOutboxOfflineRestartRelayDisabledAndRecipientTCP","Output":"=== RUN   TestOutboxOfflineRestartRelayDisabledAndRecipientTCP\n"}
{"Time":"2026-09-13T19:46:01.66612269+01:00","Action":"output","Package":"github.com/JohnnyPBelo/relayloom/native/app","Test":"TestOutboxOfflineRestartRelayDisabledAndRecipientTCP","Output":"--- PASS: TestOutboxOfflineRestartRelayDisabledAndRecipientTCP (5.24s)\n"}
{"Time":"2026-09-13T19:46:01.6662296+01:00","Action":"pass","Package":"github.com/JohnnyPBelo/relayloom/native/app","Test":"TestOutboxOfflineRestartRelayDisabledAndRecipientTCP","Elapsed":5.24}
{"Time":"2026-09-13T19:46:01.666241252+01:00","Action":"run","Package":"github.com/JohnnyPBelo/relayloom/native/app","Test":"TestOutboxIdempotencyAndValidation"}
{"Time":"2026-09-13T19:46:01.666244799+01:00","Action":"output","Package":"github.com/JohnnyPBelo/relayloom/native/app","Test":"TestOutboxIdempotencyAndValidation","Output":"=== RUN   TestOutboxIdempotencyAndValidation\n"}
{"Time":"2026-09-13T19:46:02.337720665+01:00","Action":"output","Package":"github.com/JohnnyPBelo/relayloom/native/app","Test":"TestOutboxIdempotencyAndValidation","Output":"--- PASS: TestOutboxIdempotencyAndValidation (0.67s)\n"}
{"Time":"2026-09-13T19:46:02.337771059+01:00","Action":"pass","Package":"github.com/JohnnyPBelo/relayloom/native/app","Test":"TestOutboxIdempotencyAndValidation","Elapsed":0.67}
{"Time":"2026-09-13T19:46:02.337781098+01:00","Action":"run","Package":"github.com/JohnnyPBelo/relayloom/native/app","Test":"TestOutboxPreparingRecoveryMissingCorruptAndExpired"}
{"Time":"2026-09-13T19:46:02.337783403+01:00","Action":"output","Package":"github.com/JohnnyPBelo/relayloom/native/app","Test":"TestOutboxPreparingRecoveryMissingCorruptAndExpired","Output":"=== RUN   TestOutboxPreparingRecoveryMissingCorruptAndExpired\n"}
{"Time":"2026-09-13T19:46:02.33778747+01:00","Action":"run","Package":"github.com/JohnnyPBelo/relayloom/native/app","Test":"TestOutboxPreparingRecoveryMissingCorruptAndExpired/ready-boundary"}
{"Time":"2026-09-13T19:46:02.337791227+01:00","Action":"output","Package":"github.com/JohnnyPBelo/relayloom/native/app","Test":"TestOutboxPreparingRecoveryMissingCorruptAndExpired/ready-boundary","Output":"=== RUN   TestOutboxPreparingRecoveryMissingCorruptAndExpired/ready-boundary\n"}
{"Time":"2026-09-13T19:46:03.666081252+01:00","Action":"output","Package":"github.com/JohnnyPBelo/relayloom/native/app","Test":"TestOutboxPreparingRecoveryMissingCorruptAndExpired/ready-boundary","Output":"--- PASS: TestOutboxPreparingRecoveryMissingCorruptAndExpired/ready-boundary (1.33s)\n"}
{"Time":"2026-09-13T19:46:03.666125114+01:00","Action":"pass","Package":"github.com/JohnnyPBelo/relayloom/native/app","Test":"TestOutboxPreparingRecoveryMissingCorruptAndExpired/ready-boundary","Elapsed":1.33}
{"Time":"2026-09-13T19:46:03.666135493+01:00","Action":"run","Package":"github.com/JohnnyPBelo/relayloom/native/app","Test":"TestOutboxPreparingRecoveryMissingCorruptAndExpired/missing-boundary"}
{"Time":"2026-09-13T19:46:03.666138449+01:00","Action":"output","Package":"github.com/JohnnyPBelo/relayloom/native/app","Test":"TestOutboxPreparingRecoveryMissingCorruptAndExpired/missing-boundary","Output":"=== RUN   TestOutboxPreparingRecoveryMissingCorruptAndExpired/missing-boundary\n"}
{"Time":"2026-09-13T19:46:04.95743757+01:00","Action":"output","Package":"github.com/JohnnyPBelo/relayloom/native/app","Test":"TestOutboxPreparingRecoveryMissingCorruptAndExpired/missing-boundary","Output":"--- PASS: TestOutboxPreparingRecoveryMissingCorruptAndExpired/missing-boundary (1.29s)\n"}
{"Time":"2026-09-13T19:46:04.957477666+01:00","Action":"pass","Package":"github.com/JohnnyPBelo/relayloom/native/app","Test":"TestOutboxPreparingRecoveryMissingCorruptAndExpired/missing-boundary","Elapsed":1.29}
{"Time":"2026-09-13T19:46:04.957488035+01:00","Action":"run","Package":"github.com/JohnnyPBelo/relayloom/native/app","Test":"TestOutboxPreparingRecoveryMissingCorruptAndExpired/corrupt"}
{"Time":"2026-09-13T19:46:04.957496571+01:00","Action":"output","Package":"github.com/JohnnyPBelo/relayloom/native/app","Test":"TestOutboxPreparingRecoveryMissingCorruptAndExpired/corrupt","Output":"=== RUN   TestOutboxPreparingRecoveryMissingCorruptAndExpired/corrupt\n"}
{"Time":"2026-09-13T19:46:06.172693802+01:00","Action":"output","Package":"github.com/JohnnyPBelo/relayloom/native/app","Test":"TestOutboxPreparingRecoveryMissingCorruptAndExpired/corrupt","Output":"--- PASS: TestOutboxPreparingRecoveryMissingCorruptAndExpired/corrupt (1.22s)\n"}
{"Time":"2026-09-13T19:46:06.172733536+01:00","Action":"pass","Package":"github.com/JohnnyPBelo/relayloom/native/app","Test":"TestOutboxPreparingRecoveryMissingCorruptAndExpired/corrupt","Elapsed":1.22}
{"Time":"2026-09-13T19:46:06.17274098+01:00","Action":"run","Package":"github.com/JohnnyPBelo/relayloom/native/app","Test":"TestOutboxPreparingRecoveryMissingCorruptAndExpired/expired"}
{"Time":"2026-09-13T19:46:06.172743916+01:00","Action":"output","Package":"github.com/JohnnyPBelo/relayloom/native/app","Test":"TestOutboxPreparingRecoveryMissingCorruptAndExpired/expired","Output":"=== RUN   TestOutboxPreparingRecoveryMissingCorruptAndExpired/expired\n"}
{"Time":"2026-09-13T19:46:08.510443857+01:00","Action":"output","Package":"github.com/JohnnyPBelo/relayloom/native/app","Test":"TestOutboxPreparingRecoveryMissingCorruptAndExpired/expired","Output":"--- PASS: TestOutboxPreparingRecoveryMissingCorruptAndExpired/expired (2.34s)\n"}
{"Time":"2026-09-13T19:46:08.51048767+01:00","Action":"pass","Package":"github.com/JohnnyPBelo/relayloom/native/app","Test":"TestOutboxPreparingRecoveryMissingCorruptAndExpired/expired","Elapsed":2.34}
{"Time":"2026-09-13T19:46:08.51050367+01:00","Action":"output","Package":"github.com/JohnnyPBelo/relayloom/native/app","Test":"TestOutboxPreparingRecoveryMissingCorruptAndExpired","Output":"--- PASS: TestOutboxPreparingRecoveryMissingCorruptAndExpired (6.17s)\n"}
{"Time":"2026-09-13T19:46:08.510506435+01:00","Action":"pass","Package":"github.com/JohnnyPBelo/relayloom/native/app","Test":"TestOutboxPreparingRecoveryMissingCorruptAndExpired","Elapsed":6.17}
{"Time":"2026-09-13T19:46:08.510508959+01:00","Action":"run","Package":"github.com/JohnnyPBelo/relayloom/native/app","Test":"TestOutboxStorageAndJournalFailureBoundaries"}
{"Time":"2026-09-13T19:46:08.510511214+01:00","Action":"output","Package":"github.com/JohnnyPBelo/relayloom/native/app","Test":"TestOutboxStorageAndJournalFailureBoundaries","Output":"=== RUN   TestOutboxStorageAndJournalFailureBoundaries\n"}
{"Time":"2026-09-13T19:46:11.308371915+01:00","Action":"output","Package":"github.com/JohnnyPBelo/relayloom/native/app","Test":"TestOutboxStorageAndJournalFailureBoundaries","Output":"--- PASS: TestOutboxStorageAndJournalFailureBoundaries (2.80s)\n"}
{"Time":"2026-09-13T19:46:11.308415647+01:00","Action":"pass","Package":"github.com/JohnnyPBelo/relayloom/native/app","Test":"TestOutboxStorageAndJournalFailureBoundaries","Elapsed":2.8}
{"Time":"2026-09-13T19:46:11.308425435+01:00","Action":"run","Package":"github.com/JohnnyPBelo/relayloom/native/app","Test":"TestOutboxConfirmationsPerMemberACLReplayAndHistory"}
{"Time":"2026-09-13T19:46:11.308431586+01:00","Action":"output","Package":"github.com/JohnnyPBelo/relayloom/native/app","Test":"TestOutboxConfirmationsPerMemberACLReplayAndHistory","Output":"=== RUN   TestOutboxConfirmationsPerMemberACLReplayAndHistory\n"}
{"Time":"2026-09-13T19:46:15.37866264+01:00","Action":"output","Package":"github.com/JohnnyPBelo/relayloom/native/app","Test":"TestOutboxConfirmationsPerMemberACLReplayAndHistory","Output":"--- PASS: TestOutboxConfirmationsPerMemberACLReplayAndHistory (4.07s)\n"}
{"Time":"2026-09-13T19:46:15.378696183+01:00","Action":"pass","Package":"github.com/JohnnyPBelo/relayloom/native/app","Test":"TestOutboxConfirmationsPerMemberACLReplayAndHistory","Elapsed":4.07}
{"Time":"2026-09-13T19:46:15.378706201+01:00","Action":"run","Package":"github.com/JohnnyPBelo/relayloom/native/app","Test":"TestOutboxBlockedGroupViewAndManualPin"}
{"Time":"2026-09-13T19:46:15.378709107+01:00","Action":"output","Package":"github.com/JohnnyPBelo/relayloom/native/app","Test":"TestOutboxBlockedGroupViewAndManualPin","Output":"=== RUN   TestOutboxBlockedGroupViewAndManualPin\n"}
{"Time":"2026-09-13T19:46:17.068505286+01:00","Action":"output","Package":"github.com/JohnnyPBelo/relayloom/native/app","Test":"TestOutboxBlockedGroupViewAndManualPin","Output":"--- PASS: TestOutboxBlockedGroupViewAndManualPin (1.69s)\n"}
{"Time":"2026-09-13T19:46:17.068561672+01:00","Action":"pass","Package":"github.com/JohnnyPBelo/relayloom/native/app","Test":"TestOutboxBlockedGroupViewAndManualPin","Elapsed":1.69}
{"Time":"2026-09-13T19:46:17.068574837+01:00","Action":"run","Package":"github.com/JohnnyPBelo/relayloom/native/app","Test":"TestOutboxAttemptFailureAndRetryPolicy"}
{"Time":"2026-09-13T19:46:17.068578283+01:00","Action":"output","Package":"github.com/JohnnyPBelo/relayloom/native/app","Test":"TestOutboxAttemptFailureAndRetryPolicy","Output":"=== RUN   TestOutboxAttemptFailureAndRetryPolicy\n"}
{"Time":"2026-09-13T19:46:17.819767391+01:00","Action":"output","Package":"github.com/JohnnyPBelo/relayloom/native/app","Test":"TestOutboxAttemptFailureAndRetryPolicy","Output":"--- PASS: TestOutboxAttemptFailureAndRetryPolicy (0.75s)\n"}
{"Time":"2026-09-13T19:46:17.819804932+01:00","Action":"pass","Package":"github.com/JohnnyPBelo/relayloom/native/app","Test":"TestOutboxAttemptFailureAndRetryPolicy","Elapsed":0.75}
{"Time":"2026-09-13T19:46:17.819814359+01:00","Action":"run","Package":"github.com/JohnnyPBelo/relayloom/native/app","Test":"TestOutboxAutomaticDeliveryBoundAndEvictionReissue"}
{"Time":"2026-09-13T19:46:17.819816784+01:00","Action":"output","Package":"github.com/JohnnyPBelo/relayloom/native/app","Test":"TestOutboxAutomaticDeliveryBoundAndEvictionReissue","Output":"=== RUN   TestOutboxAutomaticDeliveryBoundAndEvictionReissue\n"}
{"Time":"2026-09-13T19:46:20.211842038+01:00","Action":"output","Package":"github.com/JohnnyPBelo/relayloom/native/app","Test":"TestOutboxAutomaticDeliveryBoundAndEvictionReissue","Output":"--- PASS: TestOutboxAutomaticDeliveryBoundAndEvictionReissue (2.39s)\n"}
{"Time":"2026-09-13T19:46:20.211880941+01:00","Action":"pass","Package":"github.com/JohnnyPBelo/relayloom/native/app","Test":"TestOutboxAutomaticDeliveryBoundAndEvictionReissue","Elapsed":2.39}
{"Time":"2026-09-13T19:46:20.2118911+01:00","Action":"run","Package":"github.com/JohnnyPBelo/relayloom/native/app","Test":"TestOutboxRestoredSchemaBoundsAndPendingAdmission"}
{"Time":"2026-09-13T19:46:20.211902622+01:00","Action":"output","Package":"github.com/JohnnyPBelo/relayloom/native/app","Test":"TestOutboxRestoredSchemaBoundsAndPendingAdmission","Output":"=== RUN   TestOutboxRestoredSchemaBoundsAndPendingAdmission\n"}
{"Time":"2026-09-13T19:46:24.996520423+01:00","Action":"output","Package":"github.com/JohnnyPBelo/relayloom/native/app","Test":"TestOutboxRestoredSchemaBoundsAndPendingAdmission","Output":"--- PASS: TestOutboxRestoredSchemaBoundsAndPendingAdmission (4.78s)\n"}
{"Time":"2026-09-13T19:46:24.996560008+01:00","Action":"pass","Package":"github.com/JohnnyPBelo/relayloom/native/app","Test":"TestOutboxRestoredSchemaBoundsAndPendingAdmission","Elapsed":4.78}
{"Time":"2026-09-13T19:46:24.996570527+01:00","Action":"run","Package":"github.com/JohnnyPBelo/relayloom/native/app","Test":"TestOutboxTerminalMetadataEvictsOldestOnly"}
{"Time":"2026-09-13T19:46:24.996573062+01:00","Action":"output","Package":"github.com/JohnnyPBelo/relayloom/native/app","Test":"TestOutboxTerminalMetadataEvictsOldestOnly","Output":"=== RUN   TestOutboxTerminalMetadataEvictsOldestOnly\n"}
{"Time":"2026-09-13T19:46:26.485843663+01:00","Action":"output","Package":"github.com/JohnnyPBelo/relayloom/native/app","Test":"TestOutboxTerminalMetadataEvictsOldestOnly","Output":"--- PASS: TestOutboxTerminalMetadataEvictsOldestOnly (1.49s)\n"}
{"Time":"2026-09-13T19:46:26.48588446+01:00","Action":"pass","Package":"github.com/JohnnyPBelo/relayloom/native/app","Test":"TestOutboxTerminalMetadataEvictsOldestOnly","Elapsed":1.49}
{"Time":"2026-09-13T19:46:26.485893998+01:00","Action":"run","Package":"github.com/JohnnyPBelo/relayloom/native/app","Test":"TestOutboxReadSurvivesAdmissionEvictingOriginal"}
{"Time":"2026-09-13T19:46:26.485897033+01:00","Action":"output","Package":"github.com/JohnnyPBelo/relayloom/native/app","Test":"TestOutboxReadSurvivesAdmissionEvictingOriginal","Output":"=== RUN   TestOutboxReadSurvivesAdmissionEvictingOriginal\n"}
{"Time":"2026-09-13T19:46:27.285091235+01:00","Action":"output","Package":"github.com/JohnnyPBelo/relayloom/native/app","Test":"TestOutboxReadSurvivesAdmissionEvictingOriginal","Output":"--- PASS: TestOutboxReadSurvivesAdmissionEvictingOriginal (0.80s)\n"}
{"Time":"2026-09-13T19:46:27.285130628+01:00","Action":"pass","Package":"github.com/JohnnyPBelo/relayloom/native/app","Test":"TestOutboxReadSurvivesAdmissionEvictingOriginal","Elapsed":0.8}
{"Time":"2026-09-13T19:46:27.285139806+01:00","Action":"run","Package":"github.com/JohnnyPBelo/relayloom/native/app","Test":"TestOutboxByteReserveRejectsAdmissionWithoutEviction"}
{"Time":"2026-09-13T19:46:27.285141889+01:00","Action":"output","Package":"github.com/JohnnyPBelo/relayloom/native/app","Test":"TestOutboxByteReserveRejectsAdmissionWithoutEviction","Output":"=== RUN   TestOutboxByteReserveRejectsAdmissionWithoutEviction\n"}
{"Time":"2026-09-13T19:47:22.859993066+01:00","Action":"output","Package":"github.com/JohnnyPBelo/relayloom/native/app","Test":"TestOutboxByteReserveRejectsAdmissionWithoutEviction","Output":"--- PASS: TestOutboxByteReserveRejectsAdmissionWithoutEviction (55.57s)\n"}
{"Time":"2026-09-13T19:47:22.860036578+01:00","Action":"pass","Package":"github.com/JohnnyPBelo/relayloom/native/app","Test":"TestOutboxByteReserveRejectsAdmissionWithoutEviction","Elapsed":55.57}
{"Time":"2026-09-13T19:47:22.860046527+01:00","Action":"run","Package":"github.com/JohnnyPBelo/relayloom/native/app","Test":"TestOutboxFlushBoundsPriorityAndLockedSuppression"}
{"Time":"2026-09-13T19:47:22.860052758+01:00","Action":"output","Package":"github.com/JohnnyPBelo/relayloom/native/app","Test":"TestOutboxFlushBoundsPriorityAndLockedSuppression","Output":"=== RUN   TestOutboxFlushBoundsPriorityAndLockedSuppression\n"}
{"Time":"2026-09-13T19:47:24.517520246+01:00","Action":"output","Package":"github.com/JohnnyPBelo/relayloom/native/app","Test":"TestOutboxFlushBoundsPriorityAndLockedSuppression","Output":"--- PASS: TestOutboxFlushBoundsPriorityAndLockedSuppression (1.66s)\n"}
{"Time":"2026-09-13T19:47:24.517565701+01:00","Action":"pass","Package":"github.com/JohnnyPBelo/relayloom/native/app","Test":"TestOutboxFlushBoundsPriorityAndLockedSuppression","Elapsed":1.66}
{"Time":"2026-09-13T19:47:24.517578244+01:00","Action":"run","Package":"github.com/JohnnyPBelo/relayloom/native/app","Test":"TestOutboxHistoricalConfirmationSurvivesContentExpiry"}
{"Time":"2026-09-13T19:47:24.517580459+01:00","Action":"output","Package":"github.com/JohnnyPBelo/relayloom/native/app","Test":"TestOutboxHistoricalConfirmationSurvivesContentExpiry","Output":"=== RUN   TestOutboxHistoricalConfirmationSurvivesContentExpiry\n"}
{"Time":"2026-09-13T19:47:26.906736874+01:00","Action":"output","Package":"github.com/JohnnyPBelo/relayloom/native/app","Test":"TestOutboxHistoricalConfirmationSurvivesContentExpiry","Output":"--- PASS: TestOutboxHistoricalConfirmationSurvivesContentExpiry (2.39s)\n"}
{"Time":"2026-09-13T19:47:26.906779404+01:00","Action":"pass","Package":"github.com/JohnnyPBelo/relayloom/native/app","Test":"TestOutboxHistoricalConfirmationSurvivesContentExpiry","Elapsed":2.39}
{"Time":"2026-09-13T19:47:26.906788541+01:00","Action":"run","Package":"github.com/JohnnyPBelo/relayloom/native/app","Test":"TestOutboxAfterWriteErrorRetainsOperation"}
{"Time":"2026-09-13T19:47:26.906790935+01:00","Action":"output","Package":"github.com/JohnnyPBelo/relayloom/native/app","Test":"TestOutboxAfterWriteErrorRetainsOperation","Output":"=== RUN   TestOutboxAfterWriteErrorRetainsOperation\n"}
{"Time":"2026-09-13T19:47:26.906794833+01:00","Action":"run","Package":"github.com/JohnnyPBelo/relayloom/native/app","Test":"TestOutboxAfterWriteErrorRetainsOperation/1"}
{"Time":"2026-09-13T19:47:26.906796466+01:00","Action":"output","Package":"github.com/JohnnyPBelo/relayloom/native/app","Test":"TestOutboxAfterWriteErrorRetainsOperation/1","Output":"=== RUN   TestOutboxAfterWriteErrorRetainsOperation/1\n"}
{"Time":"2026-09-13T19:47:28.122442478+01:00","Action":"output","Package":"github.com/JohnnyPBelo/relayloom/native/app","Test":"TestOutboxAfterWriteErrorRetainsOperation/1","Output":"--- PASS: TestOutboxAfterWriteErrorRetainsOperation/1 (1.22s)\n"}
{"Time":"2026-09-13T19:47:28.122484477+01:00","Action":"pass","Package":"github.com/JohnnyPBelo/relayloom/native/app","Test":"TestOutboxAfterWriteErrorRetainsOperation/1","Elapsed":1.22}
{"Time":"2026-09-13T19:47:28.122498623+01:00","Action":"run","Package":"github.com/JohnnyPBelo/relayloom/native/app","Test":"TestOutboxAfterWriteErrorRetainsOperation/2"}
{"Time":"2026-09-13T19:47:28.122501438+01:00","Action":"output","Package":"github.com/JohnnyPBelo/relayloom/native/app","Test":"TestOutboxAfterWriteErrorRetainsOperation/2","Output":"=== RUN   TestOutboxAfterWriteErrorRetainsOperation/2\n"}
{"Time":"2026-09-13T19:47:29.423298277+01:00","Action":"output","Package":"github.com/JohnnyPBelo/relayloom/native/app","Test":"TestOutboxAfterWriteErrorRetainsOperation/2","Output":"--- PASS: TestOutboxAfterWriteErrorRetainsOperation/2 (1.30s)\n"}
{"Time":"2026-09-13T19:47:29.423340275+01:00","Action":"pass","Package":"github.com/JohnnyPBelo/relayloom/native/app","Test":"TestOutboxAfterWriteErrorRetainsOperation/2","Elapsed":1.3}
{"Time":"2026-09-13T19:47:29.423349833+01:00","Action":"output","Package":"github.com/JohnnyPBelo/relayloom/native/app","Test":"TestOutboxAfterWriteErrorRetainsOperation","Output":"--- PASS: TestOutboxAfterWriteErrorRetainsOperation (2.52s)\n"}
{"Time":"2026-09-13T19:47:29.423352578+01:00","Action":"pass","Package":"github.com/JohnnyPBelo/relayloom/native/app","Test":"TestOutboxAfterWriteErrorRetainsOperation","Elapsed":2.52}
{"Time":"2026-09-13T19:47:29.423356105+01:00","Action":"run","Package":"github.com/JohnnyPBelo/relayloom/native/app","Test":"TestOutboxUnreadableUncertainWriteLocksUntilRecovery"}
{"Time":"2026-09-13T19:47:29.423357898+01:00","Action":"output","Package":"github.com/JohnnyPBelo/relayloom/native/app","Test":"TestOutboxUnreadableUncertainWriteLocksUntilRecovery","Output":"=== RUN   TestOutboxUnreadableUncertainWriteLocksUntilRecovery\n"}
{"Time":"2026-09-13T19:47:30.62568532+01:00","Action":"output","Package":"github.com/JohnnyPBelo/relayloom/native/app","Test":"TestOutboxUnreadableUncertainWriteLocksUntilRecovery","Output":"--- PASS: TestOutboxUnreadableUncertainWriteLocksUntilRecovery (1.20s)\n"}
{"Time":"2026-09-13T19:47:30.625726407+01:00","Action":"pass","Package":"github.com/JohnnyPBelo/relayloom/native/app","Test":"TestOutboxUnreadableUncertainWriteLocksUntilRecovery","Elapsed":1.2}
{"Time":"2026-09-13T19:47:30.625735574+01:00","Action":"run","Package":"github.com/JohnnyPBelo/relayloom/native/app","Test":"TestOutboxWarmStateDoesNotRehydrateReservedAttachment"}
{"Time":"2026-09-13T19:47:30.62573858+01:00","Action":"output","Package":"github.com/JohnnyPBelo/relayloom/native/app","Test":"TestOutboxWarmStateDoesNotRehydrateReservedAttachment","Output":"=== RUN   TestOutboxWarmStateDoesNotRehydrateReservedAttachment\n"}
{"Time":"2026-09-13T19:47:36.491795995+01:00","Action":"output","Package":"github.com/JohnnyPBelo/relayloom/native/app","Test":"TestOutboxWarmStateDoesNotRehydrateReservedAttachment","Output":"--- PASS: TestOutboxWarmStateDoesNotRehydrateReservedAttachment (5.87s)\n"}
{"Time":"2026-09-13T19:47:36.491831782+01:00","Action":"pass","Package":"github.com/JohnnyPBelo/relayloom/native/app","Test":"TestOutboxWarmStateDoesNotRehydrateReservedAttachment","Elapsed":5.87}
{"Time":"2026-09-13T19:47:36.491839967+01:00","Action":"run","Package":"github.com/JohnnyPBelo/relayloom/native/app","Test":"TestOutboxManualRetryCooldownAndOfflineDueCheckpoint"}
{"Time":"2026-09-13T19:47:36.491842682+01:00","Action":"output","Package":"github.com/JohnnyPBelo/relayloom/native/app","Test":"TestOutboxManualRetryCooldownAndOfflineDueCheckpoint","Output":"=== RUN   TestOutboxManualRetryCooldownAndOfflineDueCheckpoint\n"}
{"Time":"2026-09-13T19:47:37.827459253+01:00","Action":"output","Package":"github.com/JohnnyPBelo/relayloom/native/app","Test":"TestOutboxManualRetryCooldownAndOfflineDueCheckpoint","Output":"--- PASS: TestOutboxManualRetryCooldownAndOfflineDueCheckpoint (1.34s)\n"}
{"Time":"2026-09-13T19:47:37.827499939+01:00","Action":"pass","Package":"github.com/JohnnyPBelo/relayloom/native/app","Test":"TestOutboxManualRetryCooldownAndOfflineDueCheckpoint","Elapsed":1.34}
{"Time":"2026-09-13T19:47:37.827515548+01:00","Action":"run","Package":"github.com/JohnnyPBelo/relayloom/native/app","Test":"TestOutboxSnapshotExpiryDuringJournalWriteKeepsReservationConsistent"}
{"Time":"2026-09-13T19:47:37.827518915+01:00","Action":"output","Package":"github.com/JohnnyPBelo/relayloom/native/app","Test":"TestOutboxSnapshotExpiryDuringJournalWriteKeepsReservationConsistent","Output":"=== RUN   TestOutboxSnapshotExpiryDuringJournalWriteKeepsReservationConsistent\n"}
{"Time":"2026-09-13T19:47:37.827523834+01:00","Action":"run","Package":"github.com/JohnnyPBelo/relayloom/native/app","Test":"TestOutboxSnapshotExpiryDuringJournalWriteKeepsReservationConsistent/state"}
{"Time":"2026-09-13T19:47:37.827525978+01:00","Action":"output","Package":"github.com/JohnnyPBelo/relayloom/native/app","Test":"TestOutboxSnapshotExpiryDuringJournalWriteKeepsReservationConsistent/state","Output":"=== RUN   TestOutboxSnapshotExpiryDuringJournalWriteKeepsReservationConsistent/state\n"}
{"Time":"2026-09-13T19:47:41.532478463+01:00","Action":"output","Package":"github.com/JohnnyPBelo/relayloom/native/app","Test":"TestOutboxSnapshotExpiryDuringJournalWriteKeepsReservationConsistent/state","Output":"--- PASS: TestOutboxSnapshotExpiryDuringJournalWriteKeepsReservationConsistent/state (3.70s)\n"}
{"Time":"2026-09-13T19:47:41.532527735+01:00","Action":"pass","Package":"github.com/JohnnyPBelo/relayloom/native/app","Test":"TestOutboxSnapshotExpiryDuringJournalWriteKeepsReservationConsistent/state","Elapsed":3.7}
{"Time":"2026-09-13T19:47:41.532535941+01:00","Action":"run","Package":"github.com/JohnnyPBelo/relayloom/native/app","Test":"TestOutboxSnapshotExpiryDuringJournalWriteKeepsReservationConsistent/send"}
{"Time":"2026-09-13T19:47:41.532538706+01:00","Action":"output","Package":"github.com/JohnnyPBelo/relayloom/native/app","Test":"TestOutboxSnapshotExpiryDuringJournalWriteKeepsReservationConsistent/send","Output":"=== RUN   TestOutboxSnapshotExpiryDuringJournalWriteKeepsReservationConsistent/send\n"}
{"Time":"2026-09-13T19:47:45.219006996+01:00","Action":"output","Package":"github.com/JohnnyPBelo/relayloom/native/app","Test":"TestOutboxSnapshotExpiryDuringJournalWriteKeepsReservationConsistent/send","Output":"--- PASS: TestOutboxSnapshotExpiryDuringJournalWriteKeepsReservationConsistent/send (3.69s)\n"}
{"Time":"2026-09-13T19:47:45.219046841+01:00","Action":"pass","Package":"github.com/JohnnyPBelo/relayloom/native/app","Test":"TestOutboxSnapshotExpiryDuringJournalWriteKeepsReservationConsistent/send","Elapsed":3.69}
{"Time":"2026-09-13T19:47:45.219056659+01:00","Action":"run","Package":"github.com/JohnnyPBelo/relayloom/native/app","Test":"TestOutboxSnapshotExpiryDuringJournalWriteKeepsReservationConsistent/retry"}
{"Time":"2026-09-13T19:47:45.219059394+01:00","Action":"output","Package":"github.com/JohnnyPBelo/relayloom/native/app","Test":"TestOutboxSnapshotExpiryDuringJournalWriteKeepsReservationConsistent/retry","Output":"=== RUN   TestOutboxSnapshotExpiryDuringJournalWriteKeepsReservationConsistent/retry\n"}
{"Time":"2026-09-13T19:47:48.882784193+01:00","Action":"output","Package":"github.com/JohnnyPBelo/relayloom/native/app","Test":"TestOutboxSnapshotExpiryDuringJournalWriteKeepsReservationConsistent/retry","Output":"--- PASS: TestOutboxSnapshotExpiryDuringJournalWriteKeepsReservationConsistent/retry (3.66s)\n"}
{"Time":"2026-09-13T19:47:48.882822946+01:00","Action":"pass","Package":"github.com/JohnnyPBelo/relayloom/native/app","Test":"TestOutboxSnapshotExpiryDuringJournalWriteKeepsReservationConsistent/retry","Elapsed":3.66}
{"Time":"2026-09-13T19:47:48.882831151+01:00","Action":"output","Package":"github.com/JohnnyPBelo/relayloom/native/app","Test":"TestOutboxSnapshotExpiryDuringJournalWriteKeepsReservationConsistent","Output":"--- PASS: TestOutboxSnapshotExpiryDuringJournalWriteKeepsReservationConsistent (11.06s)\n"}
{"Time":"2026-09-13T19:47:48.882834016+01:00","Action":"pass","Package":"github.com/JohnnyPBelo/relayloom/native/app","Test":"TestOutboxSnapshotExpiryDuringJournalWriteKeepsReservationConsistent","Elapsed":11.06}
{"Time":"2026-09-13T19:47:48.88285182+01:00","Action":"run","Package":"github.com/JohnnyPBelo/relayloom/native/app","Test":"TestProfileOwnershipAndStaleNodeAfterClose"}
{"Time":"2026-09-13T19:47:48.882854244+01:00","Action":"output","Package":"github.com/JohnnyPBelo/relayloom/native/app","Test":"TestProfileOwnershipAndStaleNodeAfterClose","Output":"=== RUN   TestProfileOwnershipAndStaleNodeAfterClose\n"}
{"Time":"2026-09-13T19:47:49.995224288+01:00","Action":"output","Package":"github.com/JohnnyPBelo/relayloom/native/app","Test":"TestProfileOwnershipAndStaleNodeAfterClose","Output":"--- PASS: TestProfileOwnershipAndStaleNodeAfterClose (1.11s)\n"}
{"Time":"2026-09-13T19:47:49.995264523+01:00","Action":"pass","Package":"github.com/JohnnyPBelo/relayloom/native/app","Test":"TestProfileOwnershipAndStaleNodeAfterClose","Elapsed":1.11}
{"Time":"2026-09-13T19:47:49.99527347+01:00","Action":"run","Package":"github.com/JohnnyPBelo/relayloom/native/app","Test":"TestProfileConstructorFailureReleasesOwnership"}
{"Time":"2026-09-13T19:47:49.995276095+01:00","Action":"output","Package":"github.com/JohnnyPBelo/relayloom/native/app","Test":"TestProfileConstructorFailureReleasesOwnership","Output":"=== RUN   TestProfileConstructorFailureReleasesOwnership\n"}
{"Time":"2026-09-13T19:47:50.020098734+01:00","Action":"output","Package":"github.com/JohnnyPBelo/relayloom/native/app","Test":"TestProfileConstructorFailureReleasesOwnership","Output":"--- PASS: TestProfileConstructorFailureReleasesOwnership (0.02s)\n"}
{"Time":"2026-09-13T19:47:50.020114664+01:00","Action":"pass","Package":"github.com/JohnnyPBelo/relayloom/native/app","Test":"TestProfileConstructorFailureReleasesOwnership","Elapsed":0.02}
{"Time":"2026-09-13T19:47:50.020120044+01:00","Action":"output","Package":"github.com/JohnnyPBelo/relayloom/native/app","Output":"PASS\n"}
{"Time":"2026-09-13T19:47:51.048172744+01:00","Action":"output","Package":"github.com/JohnnyPBelo/relayloom/native/app","Output":"ok  \tgithub.com/JohnnyPBelo/relayloom/native/app\t482.454s\n"}
{"Time":"2026-09-13T19:47:51.048226765+01:00","Action":"pass","Package":"github.com/JohnnyPBelo/relayloom/native/app","Elapsed":482.454}
{"Time":"2026-09-13T19:47:51.271931642+01:00","Action":"start","Package":"github.com/JohnnyPBelo/relayloom/native/groups"}
{"Time":"2026-09-13T19:47:51.279239623+01:00","Action":"run","Package":"github.com/JohnnyPBelo/relayloom/native/groups","Test":"TestNewcomerValidatesJoinWithoutPreviousPrivateSnapshot"}
{"Time":"2026-09-13T19:47:51.279316467+01:00","Action":"output","Package":"github.com/JohnnyPBelo/relayloom/native/groups","Test":"TestNewcomerValidatesJoinWithoutPreviousPrivateSnapshot","Output":"=== RUN   TestNewcomerValidatesJoinWithoutPreviousPrivateSnapshot\n"}
{"Time":"2026-09-13T19:47:51.408055165+01:00","Action":"output","Package":"github.com/JohnnyPBelo/relayloom/native/groups","Test":"TestNewcomerValidatesJoinWithoutPreviousPrivateSnapshot","Output":"--- PASS: TestNewcomerValidatesJoinWithoutPreviousPrivateSnapshot (0.13s)\n"}
{"Time":"2026-09-13T19:47:51.408092074+01:00","Action":"pass","Package":"github.com/JohnnyPBelo/relayloom/native/groups","Test":"TestNewcomerValidatesJoinWithoutPreviousPrivateSnapshot","Elapsed":0.13}
{"Time":"2026-09-13T19:47:51.408099378+01:00","Action":"run","Package":"github.com/JohnnyPBelo/relayloom/native/groups","Test":"TestAnchorSignatureAndPermanentAuthority"}
{"Time":"2026-09-13T19:47:51.408101772+01:00","Action":"output","Package":"github.com/JohnnyPBelo/relayloom/native/groups","Test":"TestAnchorSignatureAndPermanentAuthority","Output":"=== RUN   TestAnchorSignatureAndPermanentAuthority\n"}
{"Time":"2026-09-13T19:47:51.437261884+01:00","Action":"output","Package":"github.com/JohnnyPBelo/relayloom/native/groups","Test":"TestAnchorSignatureAndPermanentAuthority","Output":"--- PASS: TestAnchorSignatureAndPermanentAuthority (0.03s)\n"}
{"Time":"2026-09-13T19:47:51.437298182+01:00","Action":"pass","Package":"github.com/JohnnyPBelo/relayloom/native/groups","Test":"TestAnchorSignatureAndPermanentAuthority","Elapsed":0.03}
{"Time":"2026-09-13T19:47:51.437307429+01:00","Action":"run","Package":"github.com/JohnnyPBelo/relayloom/native/groups","Test":"TestInvitationConsentAndExactParent"}
{"Time":"2026-09-13T19:47:51.437310044+01:00","Action":"output","Package":"github.com/JohnnyPBelo/relayloom/native/groups","Test":"TestInvitationConsentAndExactParent","Output":"=== RUN   TestInvitationConsentAndExactParent\n"}
{"Time":"2026-09-13T19:47:51.543222385+01:00","Action":"output","Package":"github.com/JohnnyPBelo/relayloom/native/groups","Test":"TestInvitationConsentAndExactParent","Output":"--- PASS: TestInvitationConsentAndExactParent (0.11s)\n"}
{"Time":"2026-09-13T19:47:51.543276577+01:00","Action":"pass","Package":"github.com/JohnnyPBelo/relayloom/native/groups","Test":"TestInvitationConsentAndExactParent","Elapsed":0.11}
{"Time":"2026-09-13T19:47:51.543283971+01:00","Action":"run","Package":"github.com/JohnnyPBelo/relayloom/native/groups","Test":"TestRealReaderEnvelopesRemovalAndRejoinPath"}
{"Time":"2026-09-13T19:47:51.543286766+01:00","Action":"output","Package":"github.com/JohnnyPBelo/relayloom/native/groups","Test":"TestRealReaderEnvelopesRemovalAndRejoinPath","Output":"=== RUN   TestRealReaderEnvelopesRemovalAndRejoinPath\n"}
{"Time":"2026-09-13T19:47:51.747597922+01:00","Action":"output","Package":"github.com/JohnnyPBelo/relayloom/native/groups","Test":"TestRealReaderEnvelopesRemovalAndRejoinPath","Output":"--- PASS: TestRealReaderEnvelopesRemovalAndRejoinPath (0.20s)\n"}
{"Time":"2026-09-13T19:47:51.747644449+01:00","Action":"pass","Package":"github.com/JohnnyPBelo/relayloom/native/groups","Test":"TestRealReaderEnvelopesRemovalAndRejoinPath","Elapsed":0.2}
{"Time":"2026-09-13T19:47:51.747654277+01:00","Action":"run","Package":"github.com/JohnnyPBelo/relayloom/native/groups","Test":"TestCreatorRekeyKeepsSigningAuthority"}
{"Time":"2026-09-13T19:47:51.747656872+01:00","Action":"output","Package":"github.com/JohnnyPBelo/relayloom/native/groups","Test":"TestCreatorRekeyKeepsSigningAuthority","Output":"=== RUN   TestCreatorRekeyKeepsSigningAuthority\n"}
{"Time":"2026-09-13T19:47:51.862046617+01:00","Action":"output","Package":"github.com/JohnnyPBelo/relayloom/native/groups","Test":"TestCreatorRekeyKeepsSigningAuthority","Output":"--- PASS: TestCreatorRekeyKeepsSigningAuthority (0.11s)\n"}
{"Time":"2026-09-13T19:47:51.86207472+01:00","Action":"pass","Package":"github.com/JohnnyPBelo/relayloom/native/groups","Test":"TestCreatorRekeyKeepsSigningAuthority","Elapsed":0.11}
{"Time":"2026-09-13T19:47:51.86208549+01:00","Action":"run","Package":"github.com/JohnnyPBelo/relayloom/native/groups","Test":"TestExactSchemaAndSignedMalformedInputs"}
{"Time":"2026-09-13T19:47:51.862089598+01:00","Action":"output","Package":"github.com/JohnnyPBelo/relayloom/native/groups","Test":"TestExactSchemaAndSignedMalformedInputs","Output":"=== RUN   TestExactSchemaAndSignedMalformedInputs\n"}
{"Time":"2026-09-13T19:47:51.933026545+01:00","Action":"output","Package":"github.com/JohnnyPBelo/relayloom/native/groups","Test":"TestExactSchemaAndSignedMalformedInputs","Output":"--- PASS: TestExactSchemaAndSignedMalformedInputs (0.07s)\n"}
{"Time":"2026-09-13T19:47:51.933044659+01:00","Action":"pass","Package":"github.com/JohnnyPBelo/relayloom/native/groups","Test":"TestExactSchemaAndSignedMalformedInputs","Elapsed":0.07}
{"Time":"2026-09-13T19:47:51.933050771+01:00","Action":"run","Package":"github.com/JohnnyPBelo/relayloom/native/groups","Test":"TestClosureLeaveAndForkBoundaries"}
{"Time":"2026-09-13T19:47:51.933052845+01:00","Action":"output","Package":"github.com/JohnnyPBelo/relayloom/native/groups","Test":"TestClosureLeaveAndForkBoundaries","Output":"=== RUN   TestClosureLeaveAndForkBoundaries\n"}
{"Time":"2026-09-13T19:47:52.087766121+01:00","Action":"output","Package":"github.com/JohnnyPBelo/relayloom/native/groups","Test":"TestClosureLeaveAndForkBoundaries","Output":"--- PASS: TestClosureLeaveAndForkBoundaries (0.15s)\n"}
{"Time":"2026-09-13T19:47:52.087785057+01:00","Action":"pass","Package":"github.com/JohnnyPBelo/relayloom/native/groups","Test":"TestClosureLeaveAndForkBoundaries","Elapsed":0.15}
{"Time":"2026-09-13T19:47:52.087790597+01:00","Action":"run","Package":"github.com/JohnnyPBelo/relayloom/native/groups","Test":"TestRosterBoundsAndUTF16Titles"}
{"Time":"2026-09-13T19:47:52.087793032+01:00","Action":"output","Package":"github.com/JohnnyPBelo/relayloom/native/groups","Test":"TestRosterBoundsAndUTF16Titles","Output":"=== RUN   TestRosterBoundsAndUTF16Titles\n"}
{"Time":"2026-09-13T19:47:53.8808444+01:00","Action":"output","Package":"github.com/JohnnyPBelo/relayloom/native/groups","Test":"TestRosterBoundsAndUTF16Titles","Output":"--- PASS: TestRosterBoundsAndUTF16Titles (1.79s)\n"}
{"Time":"2026-09-13T19:47:53.880894524+01:00","Action":"pass","Package":"github.com/JohnnyPBelo/relayloom/native/groups","Test":"TestRosterBoundsAndUTF16Titles","Elapsed":1.79}
{"Time":"2026-09-13T19:47:53.880903752+01:00","Action":"run","Package":"github.com/JohnnyPBelo/relayloom/native/groups","Test":"TestSnapshotNeedsExactConsentSetAndPinnedCards"}
{"Time":"2026-09-13T19:47:53.880906797+01:00","Action":"output","Package":"github.com/JohnnyPBelo/relayloom/native/groups","Test":"TestSnapshotNeedsExactConsentSetAndPinnedCards","Output":"=== RUN   TestSnapshotNeedsExactConsentSetAndPinnedCards\n"}
{"Time":"2026-09-13T19:47:54.00433572+01:00","Action":"output","Package":"github.com/JohnnyPBelo/relayloom/native/groups","Test":"TestSnapshotNeedsExactConsentSetAndPinnedCards","Output":"--- PASS: TestSnapshotNeedsExactConsentSetAndPinnedCards (0.12s)\n"}
{"Time":"2026-09-13T19:47:54.00437814+01:00","Action":"pass","Package":"github.com/JohnnyPBelo/relayloom/native/groups","Test":"TestSnapshotNeedsExactConsentSetAndPinnedCards","Elapsed":0.12}
{"Time":"2026-09-13T19:47:54.004387387+01:00","Action":"run","Package":"github.com/JohnnyPBelo/relayloom/native/groups","Test":"TestGroupCertificateInteropFixture"}
{"Time":"2026-09-13T19:47:54.004401654+01:00","Action":"output","Package":"github.com/JohnnyPBelo/relayloom/native/groups","Test":"TestGroupCertificateInteropFixture","Output":"=== RUN   TestGroupCertificateInteropFixture\n"}
{"Time":"2026-09-13T19:47:54.004467878+01:00","Action":"output","Package":"github.com/JohnnyPBelo/relayloom/native/groups","Test":"TestGroupCertificateInteropFixture","Output":"    interop_test.go:16: driven by the Node/Go vector test\n"}
{"Time":"2026-09-13T19:47:54.00447458+01:00","Action":"output","Package":"github.com/JohnnyPBelo/relayloom/native/groups","Test":"TestGroupCertificateInteropFixture","Output":"--- SKIP: TestGroupCertificateInteropFixture (0.00s)\n"}
{"Time":"2026-09-13T19:47:54.004486473+01:00","Action":"skip","Package":"github.com/JohnnyPBelo/relayloom/native/groups","Test":"TestGroupCertificateInteropFixture","Elapsed":0}
{"Time":"2026-09-13T19:47:54.004522801+01:00","Action":"output","Package":"github.com/JohnnyPBelo/relayloom/native/groups","Output":"PASS\n"}
{"Time":"2026-09-13T19:47:55.008871358+01:00","Action":"output","Package":"github.com/JohnnyPBelo/relayloom/native/groups","Output":"ok  \tgithub.com/JohnnyPBelo/relayloom/native/groups\t3.737s\n"}
{"Time":"2026-09-13T19:47:55.008925179+01:00","Action":"pass","Package":"github.com/JohnnyPBelo/relayloom/native/groups","Elapsed":3.737}
{"Time":"2026-09-13T19:47:55.373790302+01:00","Action":"start","Package":"github.com/JohnnyPBelo/relayloom/native/groupstore"}
{"Time":"2026-09-13T19:47:55.382674909+01:00","Action":"run","Package":"github.com/JohnnyPBelo/relayloom/native/groupstore","Test":"TestUnknownSchemaCannotHideBehindSQLitePrefix"}
{"Time":"2026-09-13T19:47:55.382736365+01:00","Action":"output","Package":"github.com/JohnnyPBelo/relayloom/native/groupstore","Test":"TestUnknownSchemaCannotHideBehindSQLitePrefix","Output":"=== RUN   TestUnknownSchemaCannotHideBehindSQLitePrefix\n"}
{"Time":"2026-09-13T19:47:55.417842284+01:00","Action":"output","Package":"github.com/JohnnyPBelo/relayloom/native/groupstore","Test":"TestUnknownSchemaCannotHideBehindSQLitePrefix","Output":"--- PASS: TestUnknownSchemaCannotHideBehindSQLitePrefix (0.04s)\n"}
{"Time":"2026-09-13T19:47:55.417874444+01:00","Action":"pass","Package":"github.com/JohnnyPBelo/relayloom/native/groupstore","Test":"TestUnknownSchemaCannotHideBehindSQLitePrefix","Elapsed":0.04}
{"Time":"2026-09-13T19:47:55.417881397+01:00","Action":"run","Package":"github.com/JohnnyPBelo/relayloom/native/groupstore","Test":"TestIntegrityFailureStillPoisonsHandleAfterCallbackPanic"}
{"Time":"2026-09-13T19:47:55.417883972+01:00","Action":"output","Package":"github.com/JohnnyPBelo/relayloom/native/groupstore","Test":"TestIntegrityFailureStillPoisonsHandleAfterCallbackPanic","Output":"=== RUN   TestIntegrityFailureStillPoisonsHandleAfterCallbackPanic\n"}
{"Time":"2026-09-13T19:47:55.454173911+01:00","Action":"output","Package":"github.com/JohnnyPBelo/relayloom/native/groupstore","Test":"TestIntegrityFailureStillPoisonsHandleAfterCallbackPanic","Output":"--- PASS: TestIntegrityFailureStillPoisonsHandleAfterCallbackPanic (0.04s)\n"}
{"Time":"2026-09-13T19:47:55.454208776+01:00","Action":"pass","Package":"github.com/JohnnyPBelo/relayloom/native/groupstore","Test":"TestIntegrityFailureStillPoisonsHandleAfterCallbackPanic","Elapsed":0.04}
{"Time":"2026-09-13T19:47:55.454215829+01:00","Action":"run","Package":"github.com/JohnnyPBelo/relayloom/native/groupstore","Test":"TestPersistentEncryptedRecordsAndRollback"}
{"Time":"2026-09-13T19:47:55.454218404+01:00","Action":"output","Package":"github.com/JohnnyPBelo/relayloom/native/groupstore","Test":"TestPersistentEncryptedRecordsAndRollback","Output":"=== RUN   TestPersistentEncryptedRecordsAndRollback\n"}
{"Time":"2026-09-13T19:47:55.50911614+01:00","Action":"output","Package":"github.com/JohnnyPBelo/relayloom/native/groupstore","Test":"TestPersistentEncryptedRecordsAndRollback","Output":"--- PASS: TestPersistentEncryptedRecordsAndRollback (0.05s)\n"}
{"Time":"2026-09-13T19:47:55.509166123+01:00","Action":"pass","Package":"github.com/JohnnyPBelo/relayloom/native/groupstore","Test":"TestPersistentEncryptedRecordsAndRollback","Elapsed":0.05}
{"Time":"2026-09-13T19:47:55.509185319+01:00","Action":"run","Package":"github.com/JohnnyPBelo/relayloom/native/groupstore","Test":"TestMissingDamagedStateAndWrongIdentityFailClosed"}
{"Time":"2026-09-13T19:47:55.509187433+01:00","Action":"output","Package":"github.com/JohnnyPBelo/relayloom/native/groupstore","Test":"TestMissingDamagedStateAndWrongIdentityFailClosed","Output":"=== RUN   TestMissingDamagedStateAndWrongIdentityFailClosed\n"}
{"Time":"2026-09-13T19:47:55.541347048+01:00","Action":"output","Package":"github.com/JohnnyPBelo/relayloom/native/groupstore","Test":"TestMissingDamagedStateAndWrongIdentityFailClosed","Output":"--- PASS: TestMissingDamagedStateAndWrongIdentityFailClosed (0.03s)\n"}
{"Time":"2026-09-13T19:47:55.541383066+01:00","Action":"pass","Package":"github.com/JohnnyPBelo/relayloom/native/groupstore","Test":"TestMissingDamagedStateAndWrongIdentityFailClosed","Elapsed":0.03}
{"Time":"2026-09-13T19:47:55.54139616+01:00","Action":"run","Package":"github.com/JohnnyPBelo/relayloom/native/groupstore","Test":"TestReadingKeyCannotForgeLocalSigningFence"}
{"Time":"2026-09-13T19:47:55.541398745+01:00","Action":"output","Package":"github.com/JohnnyPBelo/relayloom/native/groupstore","Test":"TestReadingKeyCannotForgeLocalSigningFence","Output":"=== RUN   TestReadingKeyCannotForgeLocalSigningFence\n"}
{"Time":"2026-09-13T19:47:55.59242344+01:00","Action":"output","Package":"github.com/JohnnyPBelo/relayloom/native/groupstore","Test":"TestReadingKeyCannotForgeLocalSigningFence","Output":"--- PASS: TestReadingKeyCannotForgeLocalSigningFence (0.05s)\n"}
{"Time":"2026-09-13T19:47:55.59246109+01:00","Action":"pass","Package":"github.com/JohnnyPBelo/relayloom/native/groupstore","Test":"TestReadingKeyCannotForgeLocalSigningFence","Elapsed":0.05}
{"Time":"2026-09-13T19:47:55.592470137+01:00","Action":"run","Package":"github.com/JohnnyPBelo/relayloom/native/groupstore","Test":"TestSwallowedRowTamperingStillAbortsAndPoisonsHandle"}
{"Time":"2026-09-13T19:47:55.592475648+01:00","Action":"output","Package":"github.com/JohnnyPBelo/relayloom/native/groupstore","Test":"TestSwallowedRowTamperingStillAbortsAndPoisonsHandle","Output":"=== RUN   TestSwallowedRowTamperingStillAbortsAndPoisonsHandle\n"}
{"Time":"2026-09-13T19:47:55.628599074+01:00","Action":"output","Package":"github.com/JohnnyPBelo/relayloom/native/groupstore","Test":"TestSwallowedRowTamperingStillAbortsAndPoisonsHandle","Output":"--- PASS: TestSwallowedRowTamperingStillAbortsAndPoisonsHandle (0.04s)\n"}
{"Time":"2026-09-13T19:47:55.628631495+01:00","Action":"pass","Package":"github.com/JohnnyPBelo/relayloom/native/groupstore","Test":"TestSwallowedRowTamperingStillAbortsAndPoisonsHandle","Elapsed":0.04}
{"Time":"2026-09-13T19:47:55.628640291+01:00","Action":"run","Package":"github.com/JohnnyPBelo/relayloom/native/groupstore","Test":"TestAADBindsStoreRecordAndRevision"}
{"Time":"2026-09-13T19:47:55.628642816+01:00","Action":"output","Package":"github.com/JohnnyPBelo/relayloom/native/groupstore","Test":"TestAADBindsStoreRecordAndRevision","Output":"=== RUN   TestAADBindsStoreRecordAndRevision\n"}
{"Time":"2026-09-13T19:47:55.631283767+01:00","Action":"output","Package":"github.com/JohnnyPBelo/relayloom/native/groupstore","Test":"TestAADBindsStoreRecordAndRevision","Output":"--- PASS: TestAADBindsStoreRecordAndRevision (0.00s)\n"}
{"Time":"2026-09-13T19:47:55.631289598+01:00","Action":"pass","Package":"github.com/JohnnyPBelo/relayloom/native/groupstore","Test":"TestAADBindsStoreRecordAndRevision","Elapsed":0}
{"Time":"2026-09-13T19:47:55.631293125+01:00","Action":"run","Package":"github.com/JohnnyPBelo/relayloom/native/groupstore","Test":"TestQuotaRefusalCanAtomicallySaveCheckpointReserve"}
{"Time":"2026-09-13T19:47:55.631295029+01:00","Action":"output","Package":"github.com/JohnnyPBelo/relayloom/native/groupstore","Test":"TestQuotaRefusalCanAtomicallySaveCheckpointReserve","Output":"=== RUN   TestQuotaRefusalCanAtomicallySaveCheckpointReserve\n"}
{"Time":"2026-09-13T19:47:55.691649836+01:00","Action":"output","Package":"github.com/JohnnyPBelo/relayloom/native/groupstore","Test":"TestQuotaRefusalCanAtomicallySaveCheckpointReserve","Output":"--- PASS: TestQuotaRefusalCanAtomicallySaveCheckpointReserve (0.06s)\n"}
{"Time":"2026-09-13T19:47:55.691675694+01:00","Action":"pass","Package":"github.com/JohnnyPBelo/relayloom/native/groupstore","Test":"TestQuotaRefusalCanAtomicallySaveCheckpointReserve","Elapsed":0.06}
{"Time":"2026-09-13T19:47:55.691684781+01:00","Action":"run","Package":"github.com/JohnnyPBelo/relayloom/native/groupstore","Test":"TestPartialIndexReplayFailsWhileFullValidBackupRemainsLimitation"}
{"Time":"2026-09-13T19:47:55.691687366+01:00","Action":"output","Package":"github.com/JohnnyPBelo/relayloom/native/groupstore","Test":"TestPartialIndexReplayFailsWhileFullValidBackupRemainsLimitation","Output":"=== RUN   TestPartialIndexReplayFailsWhileFullValidBackupRemainsLimitation\n"}
{"Time":"2026-09-13T19:47:55.745961954+01:00","Action":"output","Package":"github.com/JohnnyPBelo/relayloom/native/groupstore","Test":"TestPartialIndexReplayFailsWhileFullValidBackupRemainsLimitation","Output":"--- PASS: TestPartialIndexReplayFailsWhileFullValidBackupRemainsLimitation (0.05s)\n"}
{"Time":"2026-09-13T19:47:55.745979797+01:00","Action":"pass","Package":"github.com/JohnnyPBelo/relayloom/native/groupstore","Test":"TestPartialIndexReplayFailsWhileFullValidBackupRemainsLimitation","Elapsed":0.05}
{"Time":"2026-09-13T19:47:55.745985909+01:00","Action":"run","Package":"github.com/JohnnyPBelo/relayloom/native/groupstore","Test":"TestPanicRollsBackAndReleasesTransaction"}
{"Time":"2026-09-13T19:47:55.745988353+01:00","Action":"output","Package":"github.com/JohnnyPBelo/relayloom/native/groupstore","Test":"TestPanicRollsBackAndReleasesTransaction","Output":"=== RUN   TestPanicRollsBackAndReleasesTransaction\n"}
{"Time":"2026-09-13T19:47:55.76821772+01:00","Action":"output","Package":"github.com/JohnnyPBelo/relayloom/native/groupstore","Test":"TestPanicRollsBackAndReleasesTransaction","Output":"--- PASS: TestPanicRollsBackAndReleasesTransaction (0.02s)\n"}
{"Time":"2026-09-13T19:47:55.76823349+01:00","Action":"pass","Package":"github.com/JohnnyPBelo/relayloom/native/groupstore","Test":"TestPanicRollsBackAndReleasesTransaction","Elapsed":0.02}
{"Time":"2026-09-13T19:47:55.768238559+01:00","Action":"run","Package":"github.com/JohnnyPBelo/relayloom/native/groupstore","Test":"TestAuthenticatedMetadataReadAccessorsRespectTransactionLifetime"}
{"Time":"2026-09-13T19:47:55.768241044+01:00","Action":"output","Package":"github.com/JohnnyPBelo/relayloom/native/groupstore","Test":"TestAuthenticatedMetadataReadAccessorsRespectTransactionLifetime","Output":"=== RUN   TestAuthenticatedMetadataReadAccessorsRespectTransactionLifetime\n"}
{"Time":"2026-09-13T19:47:55.798377165+01:00","Action":"output","Package":"github.com/JohnnyPBelo/relayloom/native/groupstore","Test":"TestAuthenticatedMetadataReadAccessorsRespectTransactionLifetime","Output":"--- PASS: TestAuthenticatedMetadataReadAccessorsRespectTransactionLifetime (0.03s)\n"}
{"Time":"2026-09-13T19:47:55.798417481+01:00","Action":"pass","Package":"github.com/JohnnyPBelo/relayloom/native/groupstore","Test":"TestAuthenticatedMetadataReadAccessorsRespectTransactionLifetime","Elapsed":0.03}
{"Time":"2026-09-13T19:47:55.79842764+01:00","Action":"run","Package":"github.com/JohnnyPBelo/relayloom/native/groupstore","Test":"TestStoreProcessWorker"}
{"Time":"2026-09-13T19:47:55.798430245+01:00","Action":"output","Package":"github.com/JohnnyPBelo/relayloom/native/groupstore","Test":"TestStoreProcessWorker","Output":"=== RUN   TestStoreProcessWorker\n"}
{"Time":"2026-09-13T19:47:55.798467865+01:00","Action":"output","Package":"github.com/JohnnyPBelo/relayloom/native/groupstore","Test":"TestStoreProcessWorker","Output":"    worker_test.go:20: executed by the Node cross-runtime process test\n"}
{"Time":"2026-09-13T19:47:55.798477884+01:00","Action":"output","Package":"github.com/JohnnyPBelo/relayloom/native/groupstore","Test":"TestStoreProcessWorker","Output":"--- SKIP: TestStoreProcessWorker (0.00s)\n"}
{"Time":"2026-09-13T19:47:55.798506848+01:00","Action":"skip","Package":"github.com/JohnnyPBelo/relayloom/native/groupstore","Test":"TestStoreProcessWorker","Elapsed":0}
{"Time":"2026-09-13T19:47:55.798552283+01:00","Action":"output","Package":"github.com/JohnnyPBelo/relayloom/native/groupstore","Output":"PASS\n"}
{"Time":"2026-09-13T19:47:56.802623521+01:00","Action":"output","Package":"github.com/JohnnyPBelo/relayloom/native/groupstore","Output":"ok  \tgithub.com/JohnnyPBelo/relayloom/native/groupstore\t1.428s\n"}
{"Time":"2026-09-13T19:47:56.802729099+01:00","Action":"pass","Package":"github.com/JohnnyPBelo/relayloom/native/groupstore","Elapsed":1.429}
{"Time":"2026-09-13T19:47:57.603706534+01:00","Action":"start","Package":"github.com/JohnnyPBelo/relayloom/native/groupauthority"}
{"Time":"2026-09-13T19:47:57.61316134+01:00","Action":"run","Package":"github.com/JohnnyPBelo/relayloom/native/groupauthority","Test":"TestGroupProfileTransactionFixture"}
{"Time":"2026-09-13T19:47:57.613181959+01:00","Action":"output","Package":"github.com/JohnnyPBelo/relayloom/native/groupauthority","Test":"TestGroupProfileTransactionFixture","Output":"=== RUN   TestGroupProfileTransactionFixture\n"}
{"Time":"2026-09-13T19:47:57.613285553+01:00","Action":"output","Package":"github.com/JohnnyPBelo/relayloom/native/groupauthority","Test":"TestGroupProfileTransactionFixture","Output":"    profile_worker_test.go:20: driven by the real Node/Go group/private transaction test\n"}
{"Time":"2026-09-13T19:47:57.61332118+01:00","Action":"output","Package":"github.com/JohnnyPBelo/relayloom/native/groupauthority","Test":"TestGroupProfileTransactionFixture","Output":"--- SKIP: TestGroupProfileTransactionFixture (0.00s)\n"}
{"Time":"2026-09-13T19:47:57.61333722+01:00","Action":"skip","Package":"github.com/JohnnyPBelo/relayloom/native/groupauthority","Test":"TestGroupProfileTransactionFixture","Elapsed":0}
{"Time":"2026-09-13T19:47:57.613346377+01:00","Action":"run","Package":"github.com/JohnnyPBelo/relayloom/native/groupauthority","Test":"TestCreationPersistenceAndFiniteIdempotence"}
{"Time":"2026-09-13T19:47:57.613348341+01:00","Action":"output","Package":"github.com/JohnnyPBelo/relayloom/native/groupauthority","Test":"TestCreationPersistenceAndFiniteIdempotence","Output":"=== RUN   TestCreationPersistenceAndFiniteIdempotence\n"}
{"Time":"2026-09-13T19:47:57.76087826+01:00","Action":"output","Package":"github.com/JohnnyPBelo/relayloom/native/groupauthority","Test":"TestCreationPersistenceAndFiniteIdempotence","Output":"--- PASS: TestCreationPersistenceAndFiniteIdempotence (0.15s)\n"}
{"Time":"2026-09-13T19:47:57.760924035+01:00","Action":"pass","Package":"github.com/JohnnyPBelo/relayloom/native/groupauthority","Test":"TestCreationPersistenceAndFiniteIdempotence","Elapsed":0.15}
{"Time":"2026-09-13T19:47:57.760934164+01:00","Action":"run","Package":"github.com/JohnnyPBelo/relayloom/native/groupauthority","Test":"TestInvitationFreshConsentAndLeaveReentry"}
{"Time":"2026-09-13T19:47:57.760941067+01:00","Action":"output","Package":"github.com/JohnnyPBelo/relayloom/native/groupauthority","Test":"TestInvitationFreshConsentAndLeaveReentry","Output":"=== RUN   TestInvitationFreshConsentAndLeaveReentry\n"}
{"Time":"2026-09-13T19:48:00.436952166+01:00","Action":"output","Package":"github.com/JohnnyPBelo/relayloom/native/groupauthority","Test":"TestInvitationFreshConsentAndLeaveReentry","Output":"--- PASS: TestInvitationFreshConsentAndLeaveReentry (2.68s)\n"}
{"Time":"2026-09-13T19:48:00.43699663+01:00","Action":"pass","Package":"github.com/JohnnyPBelo/relayloom/native/groupauthority","Test":"TestInvitationFreshConsentAndLeaveReentry","Elapsed":2.68}
{"Time":"2026-09-13T19:48:00.437006258+01:00","Action":"run","Package":"github.com/JohnnyPBelo/relayloom/native/groupauthority","Test":"TestCursorWaitsForIntermediateSnapshot"}
{"Time":"2026-09-13T19:48:00.437008803+01:00","Action":"output","Package":"github.com/JohnnyPBelo/relayloom/native/groupauthority","Test":"TestCursorWaitsForIntermediateSnapshot","Output":"=== RUN   TestCursorWaitsForIntermediateSnapshot\n"}
{"Time":"2026-09-13T19:48:02.641910656+01:00","Action":"output","Package":"github.com/JohnnyPBelo/relayloom/native/groupauthority","Test":"TestCursorWaitsForIntermediateSnapshot","Output":"--- PASS: TestCursorWaitsForIntermediateSnapshot (2.20s)\n"}
{"Time":"2026-09-13T19:48:02.64195029+01:00","Action":"pass","Package":"github.com/JohnnyPBelo/relayloom/native/groupauthority","Test":"TestCursorWaitsForIntermediateSnapshot","Elapsed":2.2}
{"Time":"2026-09-13T19:48:02.64196068+01:00","Action":"run","Package":"github.com/JohnnyPBelo/relayloom/native/groupauthority","Test":"TestCapacityRecoveryAndDurableStops"}
{"Time":"2026-09-13T19:48:02.641963585+01:00","Action":"output","Package":"github.com/JohnnyPBelo/relayloom/native/groupauthority","Test":"TestCapacityRecoveryAndDurableStops","Output":"=== RUN   TestCapacityRecoveryAndDurableStops\n"}
{"Time":"2026-09-13T19:48:04.724904738+01:00","Action":"output","Package":"github.com/JohnnyPBelo/relayloom/native/groupauthority","Test":"TestCapacityRecoveryAndDurableStops","Output":"--- PASS: TestCapacityRecoveryAndDurableStops (2.08s)\n"}
{"Time":"2026-09-13T19:48:04.724947228+01:00","Action":"pass","Package":"github.com/JohnnyPBelo/relayloom/native/groupauthority","Test":"TestCapacityRecoveryAndDurableStops","Elapsed":2.08}
{"Time":"2026-09-13T19:48:04.724956606+01:00","Action":"run","Package":"github.com/JohnnyPBelo/relayloom/native/groupauthority","Test":"TestConcurrentHandlesCommitOnlyOneSuccessor"}
{"Time":"2026-09-13T19:48:04.72495874+01:00","Action":"output","Package":"github.com/JohnnyPBelo/relayloom/native/groupauthority","Test":"TestConcurrentHandlesCommitOnlyOneSuccessor","Output":"=== RUN   TestConcurrentHandlesCommitOnlyOneSuccessor\n"}
{"Time":"2026-09-13T19:48:05.019254114+01:00","Action":"output","Package":"github.com/JohnnyPBelo/relayloom/native/groupauthority","Test":"TestConcurrentHandlesCommitOnlyOneSuccessor","Output":"--- PASS: TestConcurrentHandlesCommitOnlyOneSuccessor (0.29s)\n"}
{"Time":"2026-09-13T19:48:05.019297154+01:00","Action":"pass","Package":"github.com/JohnnyPBelo/relayloom/native/groupauthority","Test":"TestConcurrentHandlesCommitOnlyOneSuccessor","Elapsed":0.29}
{"Time":"2026-09-13T19:48:05.019306261+01:00","Action":"run","Package":"github.com/JohnnyPBelo/relayloom/native/groupauthority","Test":"TestMalformedCheckpointPoisonsHandle"}
{"Time":"2026-09-13T19:48:05.019308676+01:00","Action":"output","Package":"github.com/JohnnyPBelo/relayloom/native/groupauthority","Test":"TestMalformedCheckpointPoisonsHandle","Output":"=== RUN   TestMalformedCheckpointPoisonsHandle\n"}
{"Time":"2026-09-13T19:48:05.08798747+01:00","Action":"output","Package":"github.com/JohnnyPBelo/relayloom/native/groupauthority","Test":"TestMalformedCheckpointPoisonsHandle","Output":"--- PASS: TestMalformedCheckpointPoisonsHandle (0.07s)\n"}
{"Time":"2026-09-13T19:48:05.088026362+01:00","Action":"pass","Package":"github.com/JohnnyPBelo/relayloom/native/groupauthority","Test":"TestMalformedCheckpointPoisonsHandle","Elapsed":0.07}
{"Time":"2026-09-13T19:48:05.08803557+01:00","Action":"run","Package":"github.com/JohnnyPBelo/relayloom/native/groupauthority","Test":"TestValidRemovalSurvivesInvalidTrailingProof"}
{"Time":"2026-09-13T19:48:05.088037904+01:00","Action":"output","Package":"github.com/JohnnyPBelo/relayloom/native/groupauthority","Test":"TestValidRemovalSurvivesInvalidTrailingProof","Output":"=== RUN   TestValidRemovalSurvivesInvalidTrailingProof\n"}
{"Time":"2026-09-13T19:48:06.247146907+01:00","Action":"output","Package":"github.com/JohnnyPBelo/relayloom/native/groupauthority","Test":"TestValidRemovalSurvivesInvalidTrailingProof","Output":"--- PASS: TestValidRemovalSurvivesInvalidTrailingProof (1.16s)\n"}
{"Time":"2026-09-13T19:48:06.24719657+01:00","Action":"pass","Package":"github.com/JohnnyPBelo/relayloom/native/groupauthority","Test":"TestValidRemovalSurvivesInvalidTrailingProof","Elapsed":1.16}
{"Time":"2026-09-13T19:48:06.247209464+01:00","Action":"run","Package":"github.com/JohnnyPBelo/relayloom/native/groupauthority","Test":"TestInvalidIntermediateConsentCannotBeSkipped"}
{"Time":"2026-09-13T19:48:06.247231856+01:00","Action":"output","Package":"github.com/JohnnyPBelo/relayloom/native/groupauthority","Test":"TestInvalidIntermediateConsentCannotBeSkipped","Output":"=== RUN   TestInvalidIntermediateConsentCannotBeSkipped\n"}
{"Time":"2026-09-13T19:48:06.834839842+01:00","Action":"output","Package":"github.com/JohnnyPBelo/relayloom/native/groupauthority","Test":"TestInvalidIntermediateConsentCannotBeSkipped","Output":"--- PASS: TestInvalidIntermediateConsentCannotBeSkipped (0.59s)\n"}
{"Time":"2026-09-13T19:48:06.834883574+01:00","Action":"pass","Package":"github.com/JohnnyPBelo/relayloom/native/groupauthority","Test":"TestInvalidIntermediateConsentCannotBeSkipped","Elapsed":0.59}
{"Time":"2026-09-13T19:48:06.834891378+01:00","Action":"run","Package":"github.com/JohnnyPBelo/relayloom/native/groupauthority","Test":"TestSignedOrphansCannotFreezeAndAnchoredForkCannotRecover"}
{"Time":"2026-09-13T19:48:06.834893823+01:00","Action":"output","Package":"github.com/JohnnyPBelo/relayloom/native/groupauthority","Test":"TestSignedOrphansCannotFreezeAndAnchoredForkCannotRecover","Output":"=== RUN   TestSignedOrphansCannotFreezeAndAnchoredForkCannotRecover\n"}
{"Time":"2026-09-13T19:48:07.542750819+01:00","Action":"output","Package":"github.com/JohnnyPBelo/relayloom/native/groupauthority","Test":"TestSignedOrphansCannotFreezeAndAnchoredForkCannotRecover","Output":"--- PASS: TestSignedOrphansCannotFreezeAndAnchoredForkCannotRecover (0.71s)\n"}
{"Time":"2026-09-13T19:48:07.542791345+01:00","Action":"pass","Package":"github.com/JohnnyPBelo/relayloom/native/groupauthority","Test":"TestSignedOrphansCannotFreezeAndAnchoredForkCannotRecover","Elapsed":0.71}
{"Time":"2026-09-13T19:48:07.542810501+01:00","Action":"run","Package":"github.com/JohnnyPBelo/relayloom/native/groupauthority","Test":"TestFiniteRetentionAndRememberedGroupLimit"}
{"Time":"2026-09-13T19:48:07.542813116+01:00","Action":"output","Package":"github.com/JohnnyPBelo/relayloom/native/groupauthority","Test":"TestFiniteRetentionAndRememberedGroupLimit","Output":"=== RUN   TestFiniteRetentionAndRememberedGroupLimit\n"}
{"Time":"2026-09-13T19:50:20.843305179+01:00","Action":"output","Package":"github.com/JohnnyPBelo/relayloom/native/groupauthority","Test":"TestFiniteRetentionAndRememberedGroupLimit","Output":"--- PASS: TestFiniteRetentionAndRememberedGroupLimit (133.30s)\n"}
{"Time":"2026-09-13T19:50:20.843531293+01:00","Action":"pass","Package":"github.com/JohnnyPBelo/relayloom/native/groupauthority","Test":"TestFiniteRetentionAndRememberedGroupLimit","Elapsed":133.3}
{"Time":"2026-09-13T19:50:20.843550589+01:00","Action":"run","Package":"github.com/JohnnyPBelo/relayloom/native/groupauthority","Test":"TestMalformedRetainedResultCannotClaimSuccess"}
{"Time":"2026-09-13T19:50:20.843571107+01:00","Action":"output","Package":"github.com/JohnnyPBelo/relayloom/native/groupauthority","Test":"TestMalformedRetainedResultCannotClaimSuccess","Output":"=== RUN   TestMalformedRetainedResultCannotClaimSuccess\n"}
{"Time":"2026-09-13T19:50:20.920666471+01:00","Action":"output","Package":"github.com/JohnnyPBelo/relayloom/native/groupauthority","Test":"TestMalformedRetainedResultCannotClaimSuccess","Output":"--- PASS: TestMalformedRetainedResultCannotClaimSuccess (0.08s)\n"}
{"Time":"2026-09-13T19:50:20.920698731+01:00","Action":"pass","Package":"github.com/JohnnyPBelo/relayloom/native/groupauthority","Test":"TestMalformedRetainedResultCannotClaimSuccess","Elapsed":0.08}
{"Time":"2026-09-13T19:50:20.920709481+01:00","Action":"run","Package":"github.com/JohnnyPBelo/relayloom/native/groupauthority","Test":"TestRetirementStillChecksEachSignatureAfterCachingAGroup"}
{"Time":"2026-09-13T19:50:20.920712888+01:00","Action":"output","Package":"github.com/JohnnyPBelo/relayloom/native/groupauthority","Test":"TestRetirementStillChecksEachSignatureAfterCachingAGroup","Output":"=== RUN   TestRetirementStillChecksEachSignatureAfterCachingAGroup\n"}
{"Time":"2026-09-13T19:50:48.41699439+01:00","Action":"output","Package":"github.com/JohnnyPBelo/relayloom/native/groupauthority","Test":"TestRetirementStillChecksEachSignatureAfterCachingAGroup","Output":"--- PASS: TestRetirementStillChecksEachSignatureAfterCachingAGroup (27.50s)\n"}
{"Time":"2026-09-13T19:50:48.417050185+01:00","Action":"pass","Package":"github.com/JohnnyPBelo/relayloom/native/groupauthority","Test":"TestRetirementStillChecksEachSignatureAfterCachingAGroup","Elapsed":27.5}
{"Time":"2026-09-13T19:50:48.417068369+01:00","Action":"run","Package":"github.com/JohnnyPBelo/relayloom/native/groupauthority","Test":"TestScopedGroupAndPrivateCommitRollbackAndExpiry"}
{"Time":"2026-09-13T19:50:48.417072266+01:00","Action":"output","Package":"github.com/JohnnyPBelo/relayloom/native/groupauthority","Test":"TestScopedGroupAndPrivateCommitRollbackAndExpiry","Output":"=== RUN   TestScopedGroupAndPrivateCommitRollbackAndExpiry\n"}
{"Time":"2026-09-13T19:50:48.542468327+01:00","Action":"output","Package":"github.com/JohnnyPBelo/relayloom/native/groupauthority","Test":"TestScopedGroupAndPrivateCommitRollbackAndExpiry","Output":"--- PASS: TestScopedGroupAndPrivateCommitRollbackAndExpiry (0.13s)\n"}
{"Time":"2026-09-13T19:50:48.542510396+01:00","Action":"pass","Package":"github.com/JohnnyPBelo/relayloom/native/groupauthority","Test":"TestScopedGroupAndPrivateCommitRollbackAndExpiry","Elapsed":0.13}
{"Time":"2026-09-13T19:50:48.542520134+01:00","Action":"run","Package":"github.com/JohnnyPBelo/relayloom/native/groupauthority","Test":"TestScopedSwallowedOperationFailureRollsBackEverything"}
{"Time":"2026-09-13T19:50:48.542525214+01:00","Action":"output","Package":"github.com/JohnnyPBelo/relayloom/native/groupauthority","Test":"TestScopedSwallowedOperationFailureRollsBackEverything","Output":"=== RUN   TestScopedSwallowedOperationFailureRollsBackEverything\n"}
{"Time":"2026-09-13T19:50:48.604400952+01:00","Action":"output","Package":"github.com/JohnnyPBelo/relayloom/native/groupauthority","Test":"TestScopedSwallowedOperationFailureRollsBackEverything","Output":"--- PASS: TestScopedSwallowedOperationFailureRollsBackEverything (0.06s)\n"}
{"Time":"2026-09-13T19:50:48.604440266+01:00","Action":"pass","Package":"github.com/JohnnyPBelo/relayloom/native/groupauthority","Test":"TestScopedSwallowedOperationFailureRollsBackEverything","Elapsed":0.06}
{"Time":"2026-09-13T19:50:48.604456136+01:00","Action":"run","Package":"github.com/JohnnyPBelo/relayloom/native/groupauthority","Test":"TestScopedRestrictivePrefixAndPrivateDecisionCommitBeforeRejection"}
{"Time":"2026-09-13T19:50:48.60445863+01:00","Action":"output","Package":"github.com/JohnnyPBelo/relayloom/native/groupauthority","Test":"TestScopedRestrictivePrefixAndPrivateDecisionCommitBeforeRejection","Output":"=== RUN   TestScopedRestrictivePrefixAndPrivateDecisionCommitBeforeRejection\n"}
{"Time":"2026-09-13T19:50:48.784966688+01:00","Action":"output","Package":"github.com/JohnnyPBelo/relayloom/native/groupauthority","Test":"TestScopedRestrictivePrefixAndPrivateDecisionCommitBeforeRejection","Output":"--- PASS: TestScopedRestrictivePrefixAndPrivateDecisionCommitBeforeRejection (0.18s)\n"}
{"Time":"2026-09-13T19:50:48.785003087+01:00","Action":"pass","Package":"github.com/JohnnyPBelo/relayloom/native/groupauthority","Test":"TestScopedRestrictivePrefixAndPrivateDecisionCommitBeforeRejection","Elapsed":0.18}
{"Time":"2026-09-13T19:50:48.785012855+01:00","Action":"run","Package":"github.com/JohnnyPBelo/relayloom/native/groupauthority","Test":"TestScopedRawProofTailRetainsExactRestrictivePrefix"}
{"Time":"2026-09-13T19:50:48.78501571+01:00","Action":"output","Package":"github.com/JohnnyPBelo/relayloom/native/groupauthority","Test":"TestScopedRawProofTailRetainsExactRestrictivePrefix","Output":"=== RUN   TestScopedRawProofTailRetainsExactRestrictivePrefix\n"}
{"Time":"2026-09-13T19:50:48.785018756+01:00","Action":"run","Package":"github.com/JohnnyPBelo/relayloom/native/groupauthority","Test":"TestScopedRawProofTailRetainsExactRestrictivePrefix/null"}
{"Time":"2026-09-13T19:50:48.785021371+01:00","Action":"output","Package":"github.com/JohnnyPBelo/relayloom/native/groupauthority","Test":"TestScopedRawProofTailRetainsExactRestrictivePrefix/null","Output":"=== RUN   TestScopedRawProofTailRetainsExactRestrictivePrefix/null\n"}
{"Time":"2026-09-13T19:50:48.958849305+01:00","Action":"output","Package":"github.com/JohnnyPBelo/relayloom/native/groupauthority","Test":"TestScopedRawProofTailRetainsExactRestrictivePrefix/null","Output":"--- PASS: TestScopedRawProofTailRetainsExactRestrictivePrefix/null (0.17s)\n"}
{"Time":"2026-09-13T19:50:48.958886986+01:00","Action":"pass","Package":"github.com/JohnnyPBelo/relayloom/native/groupauthority","Test":"TestScopedRawProofTailRetainsExactRestrictivePrefix/null","Elapsed":0.17}
{"Time":"2026-09-13T19:50:48.958896483+01:00","Action":"run","Package":"github.com/JohnnyPBelo/relayloom/native/groupauthority","Test":"TestScopedRawProofTailRetainsExactRestrictivePrefix/unknown-field"}
{"Time":"2026-09-13T19:50:48.958899659+01:00","Action":"output","Package":"github.com/JohnnyPBelo/relayloom/native/groupauthority","Test":"TestScopedRawProofTailRetainsExactRestrictivePrefix/unknown-field","Output":"=== RUN   TestScopedRawProofTailRetainsExactRestrictivePrefix/unknown-field\n"}
{"Time":"2026-09-13T19:50:49.131793412+01:00","Action":"output","Package":"github.com/JohnnyPBelo/relayloom/native/groupauthority","Test":"TestScopedRawProofTailRetainsExactRestrictivePrefix/unknown-field","Output":"--- PASS: TestScopedRawProofTailRetainsExactRestrictivePrefix/unknown-field (0.17s)\n"}
{"Time":"2026-09-13T19:50:49.131832866+01:00","Action":"pass","Package":"github.com/JohnnyPBelo/relayloom/native/groupauthority","Test":"TestScopedRawProofTailRetainsExactRestrictivePrefix/unknown-field","Elapsed":0.17}
{"Time":"2026-09-13T19:50:49.131842774+01:00","Action":"run","Package":"github.com/JohnnyPBelo/relayloom/native/groupauthority","Test":"TestScopedRawProofTailRetainsExactRestrictivePrefix/missing-field"}
{"Time":"2026-09-13T19:50:49.13184557+01:00","Action":"output","Package":"github.com/JohnnyPBelo/relayloom/native/groupauthority","Test":"TestScopedRawProofTailRetainsExactRestrictivePrefix/missing-field","Output":"=== RUN   TestScopedRawProofTailRetainsExactRestrictivePrefix/missing-field\n"}
{"Time":"2026-09-13T19:50:49.306977658+01:00","Action":"output","Package":"github.com/JohnnyPBelo/relayloom/native/groupauthority","Test":"TestScopedRawProofTailRetainsExactRestrictivePrefix/missing-field","Output":"--- PASS: TestScopedRawProofTailRetainsExactRestrictivePrefix/missing-field (0.18s)\n"}
{"Time":"2026-09-13T19:50:49.30701572+01:00","Action":"pass","Package":"github.com/JohnnyPBelo/relayloom/native/groupauthority","Test":"TestScopedRawProofTailRetainsExactRestrictivePrefix/missing-field","Elapsed":0.18}
{"Time":"2026-09-13T19:50:49.307025228+01:00","Action":"run","Package":"github.com/JohnnyPBelo/relayloom/native/groupauthority","Test":"TestScopedRawProofTailRetainsExactRestrictivePrefix/wrong-type"}
{"Time":"2026-09-13T19:50:49.307028424+01:00","Action":"output","Package":"github.com/JohnnyPBelo/relayloom/native/groupauthority","Test":"TestScopedRawProofTailRetainsExactRestrictivePrefix/wrong-type","Output":"=== RUN   TestScopedRawProofTailRetainsExactRestrictivePrefix/wrong-type\n"}
{"Time":"2026-09-13T19:50:49.487099142+01:00","Action":"output","Package":"github.com/JohnnyPBelo/relayloom/native/groupauthority","Test":"TestScopedRawProofTailRetainsExactRestrictivePrefix/wrong-type","Output":"--- PASS: TestScopedRawProofTailRetainsExactRestrictivePrefix/wrong-type (0.18s)\n"}
{"Time":"2026-09-13T19:50:49.487139067+01:00","Action":"pass","Package":"github.com/JohnnyPBelo/relayloom/native/groupauthority","Test":"TestScopedRawProofTailRetainsExactRestrictivePrefix/wrong-type","Elapsed":0.18}
{"Time":"2026-09-13T19:50:49.487152191+01:00","Action":"run","Package":"github.com/JohnnyPBelo/relayloom/native/groupauthority","Test":"TestScopedRawProofTailRetainsExactRestrictivePrefix/signature"}
{"Time":"2026-09-13T19:50:49.487155227+01:00","Action":"output","Package":"github.com/JohnnyPBelo/relayloom/native/groupauthority","Test":"TestScopedRawProofTailRetainsExactRestrictivePrefix/signature","Output":"=== RUN   TestScopedRawProofTailRetainsExactRestrictivePrefix/signature\n"}
{"Time":"2026-09-13T19:50:49.665970051+01:00","Action":"output","Package":"github.com/JohnnyPBelo/relayloom/native/groupauthority","Test":"TestScopedRawProofTailRetainsExactRestrictivePrefix/signature","Output":"--- PASS: TestScopedRawProofTailRetainsExactRestrictivePrefix/signature (0.18s)\n"}
{"Time":"2026-09-13T19:50:49.666009214+01:00","Action":"pass","Package":"github.com/JohnnyPBelo/relayloom/native/groupauthority","Test":"TestScopedRawProofTailRetainsExactRestrictivePrefix/signature","Elapsed":0.18}
{"Time":"2026-09-13T19:50:49.666019714+01:00","Action":"output","Package":"github.com/JohnnyPBelo/relayloom/native/groupauthority","Test":"TestScopedRawProofTailRetainsExactRestrictivePrefix","Output":"--- PASS: TestScopedRawProofTailRetainsExactRestrictivePrefix (0.88s)\n"}
{"Time":"2026-09-13T19:50:49.66602312+01:00","Action":"pass","Package":"github.com/JohnnyPBelo/relayloom/native/groupauthority","Test":"TestScopedRawProofTailRetainsExactRestrictivePrefix","Elapsed":0.88}
{"Time":"2026-09-13T19:50:49.666026356+01:00","Action":"run","Package":"github.com/JohnnyPBelo/relayloom/native/groupauthority","Test":"TestSwallowedEntireScopeErrorStillAbortsOuterTransaction"}
{"Time":"2026-09-13T19:50:49.66602819+01:00","Action":"output","Package":"github.com/JohnnyPBelo/relayloom/native/groupauthority","Test":"TestSwallowedEntireScopeErrorStillAbortsOuterTransaction","Output":"=== RUN   TestSwallowedEntireScopeErrorStillAbortsOuterTransaction\n"}
{"Time":"2026-09-13T19:50:49.708167585+01:00","Action":"output","Package":"github.com/JohnnyPBelo/relayloom/native/groupauthority","Test":"TestSwallowedEntireScopeErrorStillAbortsOuterTransaction","Output":"--- PASS: TestSwallowedEntireScopeErrorStillAbortsOuterTransaction (0.04s)\n"}
{"Time":"2026-09-13T19:50:49.708186621+01:00","Action":"pass","Package":"github.com/JohnnyPBelo/relayloom/native/groupauthority","Test":"TestSwallowedEntireScopeErrorStillAbortsOuterTransaction","Elapsed":0.04}
{"Time":"2026-09-13T19:50:49.708192332+01:00","Action":"run","Package":"github.com/JohnnyPBelo/relayloom/native/groupauthority","Test":"TestScopedFenceSurvivesFullOrdinaryQuotaWithoutPrivateGrowth"}
{"Time":"2026-09-13T19:50:49.708194616+01:00","Action":"output","Package":"github.com/JohnnyPBelo/relayloom/native/groupauthority","Test":"TestScopedFenceSurvivesFullOrdinaryQuotaWithoutPrivateGrowth","Output":"=== RUN   TestScopedFenceSurvivesFullOrdinaryQuotaWithoutPrivateGrowth\n"}
{"Time":"2026-09-13T19:50:49.994076195+01:00","Action":"output","Package":"github.com/JohnnyPBelo/relayloom/native/groupauthority","Test":"TestScopedFenceSurvivesFullOrdinaryQuotaWithoutPrivateGrowth","Output":"--- PASS: TestScopedFenceSurvivesFullOrdinaryQuotaWithoutPrivateGrowth (0.29s)\n"}
{"Time":"2026-09-13T19:50:49.994113485+01:00","Action":"pass","Package":"github.com/JohnnyPBelo/relayloom/native/groupauthority","Test":"TestScopedFenceSurvivesFullOrdinaryQuotaWithoutPrivateGrowth","Elapsed":0.29}
{"Time":"2026-09-13T19:50:49.994123073+01:00","Action":"run","Package":"github.com/JohnnyPBelo/relayloom/native/groupauthority","Test":"TestGroupAuthorityInteropFixture"}
{"Time":"2026-09-13T19:50:49.994127762+01:00","Action":"output","Package":"github.com/JohnnyPBelo/relayloom/native/groupauthority","Test":"TestGroupAuthorityInteropFixture","Output":"=== RUN   TestGroupAuthorityInteropFixture\n"}
{"Time":"2026-09-13T19:50:49.994136018+01:00","Action":"output","Package":"github.com/JohnnyPBelo/relayloom/native/groupauthority","Test":"TestGroupAuthorityInteropFixture","Output":"    worker_test.go:50: driven by the Node/Go authority process test\n"}
{"Time":"2026-09-13T19:50:49.994164581+01:00","Action":"output","Package":"github.com/JohnnyPBelo/relayloom/native/groupauthority","Test":"TestGroupAuthorityInteropFixture","Output":"--- SKIP: TestGroupAuthorityInteropFixture (0.00s)\n"}
{"Time":"2026-09-13T19:50:49.994167617+01:00","Action":"skip","Package":"github.com/JohnnyPBelo/relayloom/native/groupauthority","Test":"TestGroupAuthorityInteropFixture","Elapsed":0}
{"Time":"2026-09-13T19:50:49.99419603+01:00","Action":"output","Package":"github.com/JohnnyPBelo/relayloom/native/groupauthority","Output":"PASS\n"}
{"Time":"2026-09-13T19:50:51.000235959+01:00","Action":"output","Package":"github.com/JohnnyPBelo/relayloom/native/groupauthority","Output":"ok  \tgithub.com/JohnnyPBelo/relayloom/native/groupauthority\t173.396s\n"}
{"Time":"2026-09-13T19:50:51.000299218+01:00","Action":"pass","Package":"github.com/JohnnyPBelo/relayloom/native/groupauthority","Elapsed":173.397}
{"Time":"2026-09-13T19:50:51.527849453+01:00","Action":"start","Package":"github.com/JohnnyPBelo/relayloom/native/groupaccess"}
{"Time":"2026-09-13T19:50:51.537758722+01:00","Action":"run","Package":"github.com/JohnnyPBelo/relayloom/native/groupaccess","Test":"TestScopeLifetimeAndMutationInvalidation"}
{"Time":"2026-09-13T19:50:51.537794268+01:00","Action":"output","Package":"github.com/JohnnyPBelo/relayloom/native/groupaccess","Test":"TestScopeLifetimeAndMutationInvalidation","Output":"=== RUN   TestScopeLifetimeAndMutationInvalidation\n"}
{"Time":"2026-09-13T19:50:51.838047543+01:00","Action":"output","Package":"github.com/JohnnyPBelo/relayloom/native/groupaccess","Test":"TestScopeLifetimeAndMutationInvalidation","Output":"--- PASS: TestScopeLifetimeAndMutationInvalidation (0.30s)\n"}
{"Time":"2026-09-13T19:50:51.838087327+01:00","Action":"pass","Package":"github.com/JohnnyPBelo/relayloom/native/groupaccess","Test":"TestScopeLifetimeAndMutationInvalidation","Elapsed":0.3}
{"Time":"2026-09-13T19:50:51.838102846+01:00","Action":"run","Package":"github.com/JohnnyPBelo/relayloom/native/groupaccess","Test":"TestBindingPresenceAndStrictHistoricalPayload"}
{"Time":"2026-09-13T19:50:51.838105201+01:00","Action":"output","Package":"github.com/JohnnyPBelo/relayloom/native/groupaccess","Test":"TestBindingPresenceAndStrictHistoricalPayload","Output":"=== RUN   TestBindingPresenceAndStrictHistoricalPayload\n"}
{"Time":"2026-09-13T19:50:51.838200409+01:00","Action":"output","Package":"github.com/JohnnyPBelo/relayloom/native/groupaccess","Test":"TestBindingPresenceAndStrictHistoricalPayload","Output":"--- PASS: TestBindingPresenceAndStrictHistoricalPayload (0.00s)\n"}
{"Time":"2026-09-13T19:50:51.838207492+01:00","Action":"pass","Package":"github.com/JohnnyPBelo/relayloom/native/groupaccess","Test":"TestBindingPresenceAndStrictHistoricalPayload","Elapsed":0}
{"Time":"2026-09-13T19:50:51.838219555+01:00","Action":"run","Package":"github.com/JohnnyPBelo/relayloom/native/groupaccess","Test":"TestGroupAccessProcessFixture"}
{"Time":"2026-09-13T19:50:51.83822198+01:00","Action":"output","Package":"github.com/JohnnyPBelo/relayloom/native/groupaccess","Test":"TestGroupAccessProcessFixture","Output":"=== RUN   TestGroupAccessProcessFixture\n"}
{"Time":"2026-09-13T19:50:51.838295558+01:00","Action":"output","Package":"github.com/JohnnyPBelo/relayloom/native/groupaccess","Test":"TestGroupAccessProcessFixture","Output":"    worker_test.go:16: driven by the Node/Go signed group-access test\n"}
{"Time":"2026-09-13T19:50:51.83830216+01:00","Action":"output","Package":"github.com/JohnnyPBelo/relayloom/native/groupaccess","Test":"TestGroupAccessProcessFixture","Output":"--- SKIP: TestGroupAccessProcessFixture (0.00s)\n"}
{"Time":"2026-09-13T19:50:51.838306468+01:00","Action":"skip","Package":"github.com/JohnnyPBelo/relayloom/native/groupaccess","Test":"TestGroupAccessProcessFixture","Elapsed":0}
{"Time":"2026-09-13T19:50:51.838332056+01:00","Action":"output","Package":"github.com/JohnnyPBelo/relayloom/native/groupaccess","Output":"PASS\n"}
{"Time":"2026-09-13T19:50:52.842285483+01:00","Action":"output","Package":"github.com/JohnnyPBelo/relayloom/native/groupaccess","Output":"ok  \tgithub.com/JohnnyPBelo/relayloom/native/groupaccess\t1.314s\n"}
{"Time":"2026-09-13T19:50:52.842344063+01:00","Action":"pass","Package":"github.com/JohnnyPBelo/relayloom/native/groupaccess","Elapsed":1.315}
{"Time":"2026-09-13T19:50:53.207694235+01:00","Action":"start","Package":"github.com/JohnnyPBelo/relayloom/native/groupcontrol"}
{"Time":"2026-09-13T19:50:53.217136809+01:00","Action":"run","Package":"github.com/JohnnyPBelo/relayloom/native/groupcontrol","Test":"TestExpiredEnvelopeCannotReplayAuthority"}
{"Time":"2026-09-13T19:50:53.217188946+01:00","Action":"output","Package":"github.com/JohnnyPBelo/relayloom/native/groupcontrol","Test":"TestExpiredEnvelopeCannotReplayAuthority","Output":"=== RUN   TestExpiredEnvelopeCannotReplayAuthority\n"}
{"Time":"2026-09-13T19:50:54.328397262+01:00","Action":"output","Package":"github.com/JohnnyPBelo/relayloom/native/groupcontrol","Test":"TestExpiredEnvelopeCannotReplayAuthority","Output":"--- PASS: TestExpiredEnvelopeCannotReplayAuthority (1.11s)\n"}
{"Time":"2026-09-13T19:50:54.328438088+01:00","Action":"pass","Package":"github.com/JohnnyPBelo/relayloom/native/groupcontrol","Test":"TestExpiredEnvelopeCannotReplayAuthority","Elapsed":1.11}
{"Time":"2026-09-13T19:50:54.328448167+01:00","Action":"run","Package":"github.com/JohnnyPBelo/relayloom/native/groupcontrol","Test":"TestPrivateCarrierKeepsCreatorProofAndRestrictsRecipient"}
{"Time":"2026-09-13T19:50:54.328450502+01:00","Action":"output","Package":"github.com/JohnnyPBelo/relayloom/native/groupcontrol","Test":"TestPrivateCarrierKeepsCreatorProofAndRestrictsRecipient","Output":"=== RUN   TestPrivateCarrierKeepsCreatorProofAndRestrictsRecipient\n"}
{"Time":"2026-09-13T19:50:56.697169249+01:00","Action":"output","Package":"github.com/JohnnyPBelo/relayloom/native/groupcontrol","Test":"TestPrivateCarrierKeepsCreatorProofAndRestrictsRecipient","Output":"--- PASS: TestPrivateCarrierKeepsCreatorProofAndRestrictsRecipient (2.37s)\n"}
{"Time":"2026-09-13T19:50:56.697209735+01:00","Action":"pass","Package":"github.com/JohnnyPBelo/relayloom/native/groupcontrol","Test":"TestPrivateCarrierKeepsCreatorProofAndRestrictsRecipient","Elapsed":2.37}
{"Time":"2026-09-13T19:50:56.697226897+01:00","Action":"run","Package":"github.com/JohnnyPBelo/relayloom/native/groupcontrol","Test":"TestOldMembershipStopsAtRemovalAndCannotReadFutureSnapshot"}
{"Time":"2026-09-13T19:50:56.697229362+01:00","Action":"output","Package":"github.com/JohnnyPBelo/relayloom/native/groupcontrol","Test":"TestOldMembershipStopsAtRemovalAndCannotReadFutureSnapshot","Output":"=== RUN   TestOldMembershipStopsAtRemovalAndCannotReadFutureSnapshot\n"}
{"Time":"2026-09-13T19:50:59.324583726+01:00","Action":"output","Package":"github.com/JohnnyPBelo/relayloom/native/groupcontrol","Test":"TestOldMembershipStopsAtRemovalAndCannotReadFutureSnapshot","Output":"--- PASS: TestOldMembershipStopsAtRemovalAndCannotReadFutureSnapshot (2.63s)\n"}
{"Time":"2026-09-13T19:50:59.324626927+01:00","Action":"pass","Package":"github.com/JohnnyPBelo/relayloom/native/groupcontrol","Test":"TestOldMembershipStopsAtRemovalAndCannotReadFutureSnapshot","Elapsed":2.63}
{"Time":"2026-09-13T19:50:59.324634381+01:00","Action":"run","Package":"github.com/JohnnyPBelo/relayloom/native/groupcontrol","Test":"TestShapePreservesBadCertificateTailForAuthorityBoundary"}
{"Time":"2026-09-13T19:50:59.324637187+01:00","Action":"output","Package":"github.com/JohnnyPBelo/relayloom/native/groupcontrol","Test":"TestShapePreservesBadCertificateTailForAuthorityBoundary","Output":"=== RUN   TestShapePreservesBadCertificateTailForAuthorityBoundary\n"}
{"Time":"2026-09-13T19:50:59.399717021+01:00","Action":"output","Package":"github.com/JohnnyPBelo/relayloom/native/groupcontrol","Test":"TestShapePreservesBadCertificateTailForAuthorityBoundary","Output":"--- PASS: TestShapePreservesBadCertificateTailForAuthorityBoundary (0.08s)\n"}
{"Time":"2026-09-13T19:50:59.399758669+01:00","Action":"pass","Package":"github.com/JohnnyPBelo/relayloom/native/groupcontrol","Test":"TestShapePreservesBadCertificateTailForAuthorityBoundary","Elapsed":0.08}
{"Time":"2026-09-13T19:50:59.399766524+01:00","Action":"run","Package":"github.com/JohnnyPBelo/relayloom/native/groupcontrol","Test":"TestControlInteropFixture"}
{"Time":"2026-09-13T19:50:59.399769409+01:00","Action":"output","Package":"github.com/JohnnyPBelo/relayloom/native/groupcontrol","Test":"TestControlInteropFixture","Output":"=== RUN   TestControlInteropFixture\n"}
{"Time":"2026-09-13T19:50:59.399806699+01:00","Action":"output","Package":"github.com/JohnnyPBelo/relayloom/native/groupcontrol","Test":"TestControlInteropFixture","Output":"    interop_test.go:18: driven by tests/native/group-carriers.test.ts\n"}
{"Time":"2026-09-13T19:50:59.399824422+01:00","Action":"output","Package":"github.com/JohnnyPBelo/relayloom/native/groupcontrol","Test":"TestControlInteropFixture","Output":"--- SKIP: TestControlInteropFixture (0.00s)\n"}
{"Time":"2026-09-13T19:50:59.399831846+01:00","Action":"skip","Package":"github.com/JohnnyPBelo/relayloom/native/groupcontrol","Test":"TestControlInteropFixture","Elapsed":0}
{"Time":"2026-09-13T19:50:59.399857965+01:00","Action":"output","Package":"github.com/JohnnyPBelo/relayloom/native/groupcontrol","Output":"PASS\n"}
{"Time":"2026-09-13T19:51:00.404620139+01:00","Action":"output","Package":"github.com/JohnnyPBelo/relayloom/native/groupcontrol","Output":"ok  \tgithub.com/JohnnyPBelo/relayloom/native/groupcontrol\t7.197s\n"}
{"Time":"2026-09-13T19:51:00.404681073+01:00","Action":"pass","Package":"github.com/JohnnyPBelo/relayloom/native/groupcontrol","Elapsed":7.197}
{"Time":"2026-09-13T19:51:00.972770083+01:00","Action":"start","Package":"github.com/JohnnyPBelo/relayloom/native/groupledger"}
{"Time":"2026-09-13T19:51:00.98208118+01:00","Action":"run","Package":"github.com/JohnnyPBelo/relayloom/native/groupledger","Test":"TestStopSnapshotInvalidatesOnMutationAndScopeExit"}
{"Time":"2026-09-13T19:51:00.982107169+01:00","Action":"output","Package":"github.com/JohnnyPBelo/relayloom/native/groupledger","Test":"TestStopSnapshotInvalidatesOnMutationAndScopeExit","Output":"=== RUN   TestStopSnapshotInvalidatesOnMutationAndScopeExit\n"}
{"Time":"2026-09-13T19:51:01.252104097+01:00","Action":"output","Package":"github.com/JohnnyPBelo/relayloom/native/groupledger","Test":"TestStopSnapshotInvalidatesOnMutationAndScopeExit","Output":"--- PASS: TestStopSnapshotInvalidatesOnMutationAndScopeExit (0.27s)\n"}
{"Time":"2026-09-13T19:51:01.252142669+01:00","Action":"pass","Package":"github.com/JohnnyPBelo/relayloom/native/groupledger","Test":"TestStopSnapshotInvalidatesOnMutationAndScopeExit","Elapsed":0.27}
{"Time":"2026-09-13T19:51:01.252153118+01:00","Action":"run","Package":"github.com/JohnnyPBelo/relayloom/native/groupledger","Test":"TestClosureStopsAndRetirementStayAtomic"}
{"Time":"2026-09-13T19:51:01.252155673+01:00","Action":"output","Package":"github.com/JohnnyPBelo/relayloom/native/groupledger","Test":"TestClosureStopsAndRetirementStayAtomic","Output":"=== RUN   TestClosureStopsAndRetirementStayAtomic\n"}
{"Time":"2026-09-13T19:51:01.702631565+01:00","Action":"output","Package":"github.com/JohnnyPBelo/relayloom/native/groupledger","Test":"TestClosureStopsAndRetirementStayAtomic","Output":"--- PASS: TestClosureStopsAndRetirementStayAtomic (0.45s)\n"}
{"Time":"2026-09-13T19:51:01.702670598+01:00","Action":"pass","Package":"github.com/JohnnyPBelo/relayloom/native/groupledger","Test":"TestClosureStopsAndRetirementStayAtomic","Elapsed":0.45}
{"Time":"2026-09-13T19:51:01.702680156+01:00","Action":"run","Package":"github.com/JohnnyPBelo/relayloom/native/groupledger","Test":"TestMalformedCountersFailClosedAndUTF16Bounds"}
{"Time":"2026-09-13T19:51:01.70268232+01:00","Action":"output","Package":"github.com/JohnnyPBelo/relayloom/native/groupledger","Test":"TestMalformedCountersFailClosedAndUTF16Bounds","Output":"=== RUN   TestMalformedCountersFailClosedAndUTF16Bounds\n"}
{"Time":"2026-09-13T19:51:01.737713208+01:00","Action":"output","Package":"github.com/JohnnyPBelo/relayloom/native/groupledger","Test":"TestMalformedCountersFailClosedAndUTF16Bounds","Output":"--- PASS: TestMalformedCountersFailClosedAndUTF16Bounds (0.03s)\n"}
{"Time":"2026-09-13T19:51:01.737752412+01:00","Action":"pass","Package":"github.com/JohnnyPBelo/relayloom/native/groupledger","Test":"TestMalformedCountersFailClosedAndUTF16Bounds","Elapsed":0.03}
{"Time":"2026-09-13T19:51:01.737759976+01:00","Action":"run","Package":"github.com/JohnnyPBelo/relayloom/native/groupledger","Test":"TestGroupLedgerProcessFixture"}
{"Time":"2026-09-13T19:51:01.737770926+01:00","Action":"output","Package":"github.com/JohnnyPBelo/relayloom/native/groupledger","Test":"TestGroupLedgerProcessFixture","Output":"=== RUN   TestGroupLedgerProcessFixture\n"}
{"Time":"2026-09-13T19:51:01.737819517+01:00","Action":"output","Package":"github.com/JohnnyPBelo/relayloom/native/groupledger","Test":"TestGroupLedgerProcessFixture","Output":"    worker_test.go:18: driven by real Node/Go ledger processes\n"}
{"Time":"2026-09-13T19:51:01.737823074+01:00","Action":"output","Package":"github.com/JohnnyPBelo/relayloom/native/groupledger","Test":"TestGroupLedgerProcessFixture","Output":"--- SKIP: TestGroupLedgerProcessFixture (0.00s)\n"}
{"Time":"2026-09-13T19:51:01.737838443+01:00","Action":"skip","Package":"github.com/JohnnyPBelo/relayloom/native/groupledger","Test":"TestGroupLedgerProcessFixture","Elapsed":0}
{"Time":"2026-09-13T19:51:01.737860294+01:00","Action":"output","Package":"github.com/JohnnyPBelo/relayloom/native/groupledger","Output":"PASS\n"}
{"Time":"2026-09-13T19:51:02.741814652+01:00","Action":"output","Package":"github.com/JohnnyPBelo/relayloom/native/groupledger","Output":"ok  \tgithub.com/JohnnyPBelo/relayloom/native/groupledger\t1.769s\n"}
{"Time":"2026-09-13T19:51:02.741879123+01:00","Action":"pass","Package":"github.com/JohnnyPBelo/relayloom/native/groupledger","Elapsed":1.7690000000000001}
{"Time":"2026-09-13T19:51:03.0808618+01:00","Action":"start","Package":"github.com/JohnnyPBelo/relayloom/native/profilelock"}
{"Time":"2026-09-13T19:51:03.088724822+01:00","Action":"run","Package":"github.com/JohnnyPBelo/relayloom/native/profilelock","Test":"TestExclusiveOwnershipIndependentProfilesAndRestart"}
{"Time":"2026-09-13T19:51:03.08875041+01:00","Action":"output","Package":"github.com/JohnnyPBelo/relayloom/native/profilelock","Test":"TestExclusiveOwnershipIndependentProfilesAndRestart","Output":"=== RUN   TestExclusiveOwnershipIndependentProfilesAndRestart\n"}
{"Time":"2026-09-13T19:51:03.122948307+01:00","Action":"output","Package":"github.com/JohnnyPBelo/relayloom/native/profilelock","Test":"TestExclusiveOwnershipIndependentProfilesAndRestart","Output":"--- PASS: TestExclusiveOwnershipIndependentProfilesAndRestart (0.03s)\n"}
{"Time":"2026-09-13T19:51:03.122983863+01:00","Action":"pass","Package":"github.com/JohnnyPBelo/relayloom/native/profilelock","Test":"TestExclusiveOwnershipIndependentProfilesAndRestart","Elapsed":0.03}
{"Time":"2026-09-13T19:51:03.122994173+01:00","Action":"run","Package":"github.com/JohnnyPBelo/relayloom/native/profilelock","Test":"TestEmptyInitializationAndForeignFile"}
{"Time":"2026-09-13T19:51:03.122996727+01:00","Action":"output","Package":"github.com/JohnnyPBelo/relayloom/native/profilelock","Test":"TestEmptyInitializationAndForeignFile","Output":"=== RUN   TestEmptyInitializationAndForeignFile\n"}
{"Time":"2026-09-13T19:51:03.137263265+01:00","Action":"output","Package":"github.com/JohnnyPBelo/relayloom/native/profilelock","Test":"TestEmptyInitializationAndForeignFile","Output":"--- PASS: TestEmptyInitializationAndForeignFile (0.01s)\n"}
{"Time":"2026-09-13T19:51:03.13728163+01:00","Action":"pass","Package":"github.com/JohnnyPBelo/relayloom/native/profilelock","Test":"TestEmptyInitializationAndForeignFile","Elapsed":0.01}
{"Time":"2026-09-13T19:51:03.137296608+01:00","Action":"run","Package":"github.com/JohnnyPBelo/relayloom/native/profilelock","Test":"TestProfileOwnershipInteropFixture"}
{"Time":"2026-09-13T19:51:03.137298742+01:00","Action":"output","Package":"github.com/JohnnyPBelo/relayloom/native/profilelock","Test":"TestProfileOwnershipInteropFixture","Output":"=== RUN   TestProfileOwnershipInteropFixture\n"}
{"Time":"2026-09-13T19:51:03.137355368+01:00","Action":"output","Package":"github.com/JohnnyPBelo/relayloom/native/profilelock","Test":"TestProfileOwnershipInteropFixture","Output":"    worker_test.go:14: driven by real Node/Go profile ownership processes\n"}
{"Time":"2026-09-13T19:51:03.137372851+01:00","Action":"output","Package":"github.com/JohnnyPBelo/relayloom/native/profilelock","Test":"TestProfileOwnershipInteropFixture","Output":"--- SKIP: TestProfileOwnershipInteropFixture (0.00s)\n"}
{"Time":"2026-09-13T19:51:03.137382909+01:00","Action":"skip","Package":"github.com/JohnnyPBelo/relayloom/native/profilelock","Test":"TestProfileOwnershipInteropFixture","Elapsed":0}
{"Time":"2026-09-13T19:51:03.137406243+01:00","Action":"output","Package":"github.com/JohnnyPBelo/relayloom/native/profilelock","Output":"PASS\n"}
{"Time":"2026-09-13T19:51:04.140129935+01:00","Action":"output","Package":"github.com/JohnnyPBelo/relayloom/native/profilelock","Output":"ok  \tgithub.com/JohnnyPBelo/relayloom/native/profilelock\t1.059s\n"}
{"Time":"2026-09-13T19:51:04.140178826+01:00","Action":"pass","Package":"github.com/JohnnyPBelo/relayloom/native/profilelock","Elapsed":1.059}
{"Time":"2026-09-13T19:51:04.515388854+01:00","Action":"start","Package":"github.com/JohnnyPBelo/relayloom/native/profilestate"}
{"Time":"2026-09-13T19:51:04.524808495+01:00","Action":"run","Package":"github.com/JohnnyPBelo/relayloom/native/profilestate","Test":"TestPersistedPrivateBytesAndAtomicShrink"}
{"Time":"2026-09-13T19:51:04.524851335+01:00","Action":"output","Package":"github.com/JohnnyPBelo/relayloom/native/profilestate","Test":"TestPersistedPrivateBytesAndAtomicShrink","Output":"=== RUN   TestPersistedPrivateBytesAndAtomicShrink\n"}
{"Time":"2026-09-13T19:51:05.242545315+01:00","Action":"output","Package":"github.com/JohnnyPBelo/relayloom/native/profilestate","Test":"TestPersistedPrivateBytesAndAtomicShrink","Output":"--- PASS: TestPersistedPrivateBytesAndAtomicShrink (0.72s)\n"}
{"Time":"2026-09-13T19:51:05.242587233+01:00","Action":"pass","Package":"github.com/JohnnyPBelo/relayloom/native/profilestate","Test":"TestPersistedPrivateBytesAndAtomicShrink","Elapsed":0.72}
{"Time":"2026-09-13T19:51:05.242597763+01:00","Action":"run","Package":"github.com/JohnnyPBelo/relayloom/native/profilestate","Test":"TestPrivateStateAndFenceCommitOrRollbackWithCAS"}
{"Time":"2026-09-13T19:51:05.242600047+01:00","Action":"output","Package":"github.com/JohnnyPBelo/relayloom/native/profilestate","Test":"TestPrivateStateAndFenceCommitOrRollbackWithCAS","Output":"=== RUN   TestPrivateStateAndFenceCommitOrRollbackWithCAS\n"}
{"Time":"2026-09-13T19:51:05.307477714+01:00","Action":"output","Package":"github.com/JohnnyPBelo/relayloom/native/profilestate","Test":"TestPrivateStateAndFenceCommitOrRollbackWithCAS","Output":"--- PASS: TestPrivateStateAndFenceCommitOrRollbackWithCAS (0.06s)\n"}
{"Time":"2026-09-13T19:51:05.307520534+01:00","Action":"pass","Package":"github.com/JohnnyPBelo/relayloom/native/profilestate","Test":"TestPrivateStateAndFenceCommitOrRollbackWithCAS","Elapsed":0.06}
{"Time":"2026-09-13T19:51:05.307527046+01:00","Action":"run","Package":"github.com/JohnnyPBelo/relayloom/native/profilestate","Test":"TestBrokenAndOrphanChunksFailClosed"}
{"Time":"2026-09-13T19:51:05.307529451+01:00","Action":"output","Package":"github.com/JohnnyPBelo/relayloom/native/profilestate","Test":"TestBrokenAndOrphanChunksFailClosed","Output":"=== RUN   TestBrokenAndOrphanChunksFailClosed\n"}
{"Time":"2026-09-13T19:51:05.307532116+01:00","Action":"run","Package":"github.com/JohnnyPBelo/relayloom/native/profilestate","Test":"TestBrokenAndOrphanChunksFailClosed/missing"}
{"Time":"2026-09-13T19:51:05.30753422+01:00","Action":"output","Package":"github.com/JohnnyPBelo/relayloom/native/profilestate","Test":"TestBrokenAndOrphanChunksFailClosed/missing","Output":"=== RUN   TestBrokenAndOrphanChunksFailClosed/missing\n"}
{"Time":"2026-09-13T19:51:05.346964486+01:00","Action":"output","Package":"github.com/JohnnyPBelo/relayloom/native/profilestate","Test":"TestBrokenAndOrphanChunksFailClosed/missing","Output":"--- PASS: TestBrokenAndOrphanChunksFailClosed/missing (0.04s)\n"}
{"Time":"2026-09-13T19:51:05.346980717+01:00","Action":"pass","Package":"github.com/JohnnyPBelo/relayloom/native/profilestate","Test":"TestBrokenAndOrphanChunksFailClosed/missing","Elapsed":0.04}
{"Time":"2026-09-13T19:51:05.346985706+01:00","Action":"run","Package":"github.com/JohnnyPBelo/relayloom/native/profilestate","Test":"TestBrokenAndOrphanChunksFailClosed/orphan"}
{"Time":"2026-09-13T19:51:05.346995725+01:00","Action":"output","Package":"github.com/JohnnyPBelo/relayloom/native/profilestate","Test":"TestBrokenAndOrphanChunksFailClosed/orphan","Output":"=== RUN   TestBrokenAndOrphanChunksFailClosed/orphan\n"}
{"Time":"2026-09-13T19:51:05.385819064+01:00","Action":"output","Package":"github.com/JohnnyPBelo/relayloom/native/profilestate","Test":"TestBrokenAndOrphanChunksFailClosed/orphan","Output":"--- PASS: TestBrokenAndOrphanChunksFailClosed/orphan (0.04s)\n"}
{"Time":"2026-09-13T19:51:05.385837458+01:00","Action":"pass","Package":"github.com/JohnnyPBelo/relayloom/native/profilestate","Test":"TestBrokenAndOrphanChunksFailClosed/orphan","Elapsed":0.04}
{"Time":"2026-09-13T19:51:05.385842457+01:00","Action":"run","Package":"github.com/JohnnyPBelo/relayloom/native/profilestate","Test":"TestBrokenAndOrphanChunksFailClosed/hash"}
{"Time":"2026-09-13T19:51:05.385845152+01:00","Action":"output","Package":"github.com/JohnnyPBelo/relayloom/native/profilestate","Test":"TestBrokenAndOrphanChunksFailClosed/hash","Output":"=== RUN   TestBrokenAndOrphanChunksFailClosed/hash\n"}
{"Time":"2026-09-13T19:51:05.426623045+01:00","Action":"output","Package":"github.com/JohnnyPBelo/relayloom/native/profilestate","Test":"TestBrokenAndOrphanChunksFailClosed/hash","Output":"--- PASS: TestBrokenAndOrphanChunksFailClosed/hash (0.04s)\n"}
{"Time":"2026-09-13T19:51:05.426639596+01:00","Action":"pass","Package":"github.com/JohnnyPBelo/relayloom/native/profilestate","Test":"TestBrokenAndOrphanChunksFailClosed/hash","Elapsed":0.04}
{"Time":"2026-09-13T19:51:05.426675323+01:00","Action":"output","Package":"github.com/JohnnyPBelo/relayloom/native/profilestate","Test":"TestBrokenAndOrphanChunksFailClosed","Output":"--- PASS: TestBrokenAndOrphanChunksFailClosed (0.12s)\n"}
{"Time":"2026-09-13T19:51:05.426678149+01:00","Action":"pass","Package":"github.com/JohnnyPBelo/relayloom/native/profilestate","Test":"TestBrokenAndOrphanChunksFailClosed","Elapsed":0.12}
{"Time":"2026-09-13T19:51:05.426681054+01:00","Action":"run","Package":"github.com/JohnnyPBelo/relayloom/native/profilestate","Test":"TestPrivateStateByteBounds"}
{"Time":"2026-09-13T19:51:05.426682978+01:00","Action":"output","Package":"github.com/JohnnyPBelo/relayloom/native/profilestate","Test":"TestPrivateStateByteBounds","Output":"=== RUN   TestPrivateStateByteBounds\n"}
{"Time":"2026-09-13T19:51:10.956879409+01:00","Action":"output","Package":"github.com/JohnnyPBelo/relayloom/native/profilestate","Test":"TestPrivateStateByteBounds","Output":"--- PASS: TestPrivateStateByteBounds (5.53s)\n"}
{"Time":"2026-09-13T19:51:10.956921969+01:00","Action":"pass","Package":"github.com/JohnnyPBelo/relayloom/native/profilestate","Test":"TestPrivateStateByteBounds","Elapsed":5.53}
{"Time":"2026-09-13T19:51:10.956930565+01:00","Action":"output","Package":"github.com/JohnnyPBelo/relayloom/native/profilestate","Output":"PASS\n"}
{"Time":"2026-09-13T19:51:11.975988511+01:00","Action":"output","Package":"github.com/JohnnyPBelo/relayloom/native/profilestate","Output":"ok  \tgithub.com/JohnnyPBelo/relayloom/native/profilestate\t7.461s\n"}
{"Time":"2026-09-13T19:51:11.976047281+01:00","Action":"pass","Package":"github.com/JohnnyPBelo/relayloom/native/profilestate","Elapsed":7.461}
{"Time":"2026-09-13T19:51:12.341875369+01:00","Action":"start","Package":"github.com/JohnnyPBelo/relayloom/native/profilebinding"}
{"Time":"2026-09-13T19:51:12.352977234+01:00","Action":"run","Package":"github.com/JohnnyPBelo/relayloom/native/profilebinding","Test":"TestBindingOwnerStoreSourceAndPhases"}
{"Time":"2026-09-13T19:51:12.353037767+01:00","Action":"output","Package":"github.com/JohnnyPBelo/relayloom/native/profilebinding","Test":"TestBindingOwnerStoreSourceAndPhases","Output":"=== RUN   TestBindingOwnerStoreSourceAndPhases\n"}
{"Time":"2026-09-13T19:51:12.370015158+01:00","Action":"output","Package":"github.com/JohnnyPBelo/relayloom/native/profilebinding","Test":"TestBindingOwnerStoreSourceAndPhases","Output":"--- PASS: TestBindingOwnerStoreSourceAndPhases (0.02s)\n"}
{"Time":"2026-09-13T19:51:12.370043711+01:00","Action":"pass","Package":"github.com/JohnnyPBelo/relayloom/native/profilebinding","Test":"TestBindingOwnerStoreSourceAndPhases","Elapsed":0.02}
{"Time":"2026-09-13T19:51:12.370053149+01:00","Action":"run","Package":"github.com/JohnnyPBelo/relayloom/native/profilebinding","Test":"TestPreassignedStoreIDDoesNotPermitReset"}
{"Time":"2026-09-13T19:51:12.370055383+01:00","Action":"output","Package":"github.com/JohnnyPBelo/relayloom/native/profilebinding","Test":"TestPreassignedStoreIDDoesNotPermitReset","Output":"=== RUN   TestPreassignedStoreIDDoesNotPermitReset\n"}
{"Time":"2026-09-13T19:51:12.403446537+01:00","Action":"output","Package":"github.com/JohnnyPBelo/relayloom/native/profilebinding","Test":"TestPreassignedStoreIDDoesNotPermitReset","Output":"--- PASS: TestPreassignedStoreIDDoesNotPermitReset (0.03s)\n"}
{"Time":"2026-09-13T19:51:12.403468438+01:00","Action":"pass","Package":"github.com/JohnnyPBelo/relayloom/native/profilebinding","Test":"TestPreassignedStoreIDDoesNotPermitReset","Elapsed":0.03}
{"Time":"2026-09-13T19:51:12.403475601+01:00","Action":"output","Package":"github.com/JohnnyPBelo/relayloom/native/profilebinding","Output":"PASS\n"}
{"Time":"2026-09-13T19:51:13.405955917+01:00","Action":"output","Package":"github.com/JohnnyPBelo/relayloom/native/profilebinding","Output":"ok  \tgithub.com/JohnnyPBelo/relayloom/native/profilebinding\t1.064s\n"}
{"Time":"2026-09-13T19:51:13.406008906+01:00","Action":"pass","Package":"github.com/JohnnyPBelo/relayloom/native/profilebinding","Elapsed":1.064}
{"Time":"2026-09-13T19:51:13.768251883+01:00","Action":"start","Package":"github.com/JohnnyPBelo/relayloom/native/profiledb"}
{"Time":"2026-09-13T19:51:13.776871684+01:00","Action":"run","Package":"github.com/JohnnyPBelo/relayloom/native/profiledb","Test":"TestMigrationBindingAndCommittedNoFallback"}
{"Time":"2026-09-13T19:51:13.776882043+01:00","Action":"output","Package":"github.com/JohnnyPBelo/relayloom/native/profiledb","Test":"TestMigrationBindingAndCommittedNoFallback","Output":"=== RUN   TestMigrationBindingAndCommittedNoFallback\n"}
{"Time":"2026-09-13T19:51:13.8849306+01:00","Action":"output","Package":"github.com/JohnnyPBelo/relayloom/native/profiledb","Test":"TestMigrationBindingAndCommittedNoFallback","Output":"--- PASS: TestMigrationBindingAndCommittedNoFallback (0.11s)\n"}
{"Time":"2026-09-13T19:51:13.884971847+01:00","Action":"pass","Package":"github.com/JohnnyPBelo/relayloom/native/profiledb","Test":"TestMigrationBindingAndCommittedNoFallback","Elapsed":0.11}
{"Time":"2026-09-13T19:51:13.884982216+01:00","Action":"run","Package":"github.com/JohnnyPBelo/relayloom/native/profiledb","Test":"TestMissingSwappedOrUnboundDatabaseIsNotReset"}
{"Time":"2026-09-13T19:51:13.884984671+01:00","Action":"output","Package":"github.com/JohnnyPBelo/relayloom/native/profiledb","Test":"TestMissingSwappedOrUnboundDatabaseIsNotReset","Output":"=== RUN   TestMissingSwappedOrUnboundDatabaseIsNotReset\n"}
{"Time":"2026-09-13T19:51:13.884987105+01:00","Action":"run","Package":"github.com/JohnnyPBelo/relayloom/native/profiledb","Test":"TestMissingSwappedOrUnboundDatabaseIsNotReset/missing"}
{"Time":"2026-09-13T19:51:13.884988819+01:00","Action":"output","Package":"github.com/JohnnyPBelo/relayloom/native/profiledb","Test":"TestMissingSwappedOrUnboundDatabaseIsNotReset/missing","Output":"=== RUN   TestMissingSwappedOrUnboundDatabaseIsNotReset/missing\n"}
{"Time":"2026-09-13T19:51:13.950404825+01:00","Action":"output","Package":"github.com/JohnnyPBelo/relayloom/native/profiledb","Test":"TestMissingSwappedOrUnboundDatabaseIsNotReset/missing","Output":"--- PASS: TestMissingSwappedOrUnboundDatabaseIsNotReset/missing (0.07s)\n"}
{"Time":"2026-09-13T19:51:13.950456091+01:00","Action":"pass","Package":"github.com/JohnnyPBelo/relayloom/native/profiledb","Test":"TestMissingSwappedOrUnboundDatabaseIsNotReset/missing","Elapsed":0.07}
{"Time":"2026-09-13T19:51:13.950463124+01:00","Action":"run","Package":"github.com/JohnnyPBelo/relayloom/native/profiledb","Test":"TestMissingSwappedOrUnboundDatabaseIsNotReset/swapped"}
{"Time":"2026-09-13T19:51:13.9504714+01:00","Action":"output","Package":"github.com/JohnnyPBelo/relayloom/native/profiledb","Test":"TestMissingSwappedOrUnboundDatabaseIsNotReset/swapped","Output":"=== RUN   TestMissingSwappedOrUnboundDatabaseIsNotReset/swapped\n"}
{"Time":"2026-09-13T19:51:14.037422481+01:00","Action":"output","Package":"github.com/JohnnyPBelo/relayloom/native/profiledb","Test":"TestMissingSwappedOrUnboundDatabaseIsNotReset/swapped","Output":"--- PASS: TestMissingSwappedOrUnboundDatabaseIsNotReset/swapped (0.09s)\n"}
{"Time":"2026-09-13T19:51:14.037461855+01:00","Action":"pass","Package":"github.com/JohnnyPBelo/relayloom/native/profiledb","Test":"TestMissingSwappedOrUnboundDatabaseIsNotReset/swapped","Elapsed":0.09}
{"Time":"2026-09-13T19:51:14.037472194+01:00","Action":"run","Package":"github.com/JohnnyPBelo/relayloom/native/profiledb","Test":"TestMissingSwappedOrUnboundDatabaseIsNotReset/unbound"}
{"Time":"2026-09-13T19:51:14.037474799+01:00","Action":"output","Package":"github.com/JohnnyPBelo/relayloom/native/profiledb","Test":"TestMissingSwappedOrUnboundDatabaseIsNotReset/unbound","Output":"=== RUN   TestMissingSwappedOrUnboundDatabaseIsNotReset/unbound\n"}
{"Time":"2026-09-13T19:51:14.066443331+01:00","Action":"output","Package":"github.com/JohnnyPBelo/relayloom/native/profiledb","Test":"TestMissingSwappedOrUnboundDatabaseIsNotReset/unbound","Output":"--- PASS: TestMissingSwappedOrUnboundDatabaseIsNotReset/unbound (0.03s)\n"}
{"Time":"2026-09-13T19:51:14.066451276+01:00","Action":"pass","Package":"github.com/JohnnyPBelo/relayloom/native/profiledb","Test":"TestMissingSwappedOrUnboundDatabaseIsNotReset/unbound","Elapsed":0.03}
{"Time":"2026-09-13T19:51:14.066507311+01:00","Action":"output","Package":"github.com/JohnnyPBelo/relayloom/native/profiledb","Test":"TestMissingSwappedOrUnboundDatabaseIsNotReset","Output":"--- PASS: TestMissingSwappedOrUnboundDatabaseIsNotReset (0.18s)\n"}
{"Time":"2026-09-13T19:51:14.066514084+01:00","Action":"pass","Package":"github.com/JohnnyPBelo/relayloom/native/profiledb","Test":"TestMissingSwappedOrUnboundDatabaseIsNotReset","Elapsed":0.18}
{"Time":"2026-09-13T19:51:14.066534893+01:00","Action":"run","Package":"github.com/JohnnyPBelo/relayloom/native/profiledb","Test":"TestPreparedResumeAndChangedSourceRefusal"}
{"Time":"2026-09-13T19:51:14.066537919+01:00","Action":"output","Package":"github.com/JohnnyPBelo/relayloom/native/profiledb","Test":"TestPreparedResumeAndChangedSourceRefusal","Output":"=== RUN   TestPreparedResumeAndChangedSourceRefusal\n"}
{"Time":"2026-09-13T19:51:14.066569718+01:00","Action":"run","Package":"github.com/JohnnyPBelo/relayloom/native/profiledb","Test":"TestPreparedResumeAndChangedSourceRefusal/no-db"}
{"Time":"2026-09-13T19:51:14.066572093+01:00","Action":"output","Package":"github.com/JohnnyPBelo/relayloom/native/profiledb","Test":"TestPreparedResumeAndChangedSourceRefusal/no-db","Output":"=== RUN   TestPreparedResumeAndChangedSourceRefusal/no-db\n"}
{"Time":"2026-09-13T19:51:14.133270233+01:00","Action":"output","Package":"github.com/JohnnyPBelo/relayloom/native/profiledb","Test":"TestPreparedResumeAndChangedSourceRefusal/no-db","Output":"--- PASS: TestPreparedResumeAndChangedSourceRefusal/no-db (0.07s)\n"}
{"Time":"2026-09-13T19:51:14.133281273+01:00","Action":"pass","Package":"github.com/JohnnyPBelo/relayloom/native/profiledb","Test":"TestPreparedResumeAndChangedSourceRefusal/no-db","Elapsed":0.07}
{"Time":"2026-09-13T19:51:14.133303726+01:00","Action":"run","Package":"github.com/JohnnyPBelo/relayloom/native/profiledb","Test":"TestPreparedResumeAndChangedSourceRefusal/empty-db"}
{"Time":"2026-09-13T19:51:14.13330619+01:00","Action":"output","Package":"github.com/JohnnyPBelo/relayloom/native/profiledb","Test":"TestPreparedResumeAndChangedSourceRefusal/empty-db","Output":"=== RUN   TestPreparedResumeAndChangedSourceRefusal/empty-db\n"}
{"Time":"2026-09-13T19:51:14.209166778+01:00","Action":"output","Package":"github.com/JohnnyPBelo/relayloom/native/profiledb","Test":"TestPreparedResumeAndChangedSourceRefusal/empty-db","Output":"--- PASS: TestPreparedResumeAndChangedSourceRefusal/empty-db (0.08s)\n"}
{"Time":"2026-09-13T19:51:14.209184231+01:00","Action":"pass","Package":"github.com/JohnnyPBelo/relayloom/native/profiledb","Test":"TestPreparedResumeAndChangedSourceRefusal/empty-db","Elapsed":0.08}
{"Time":"2026-09-13T19:51:14.209218225+01:00","Action":"output","Package":"github.com/JohnnyPBelo/relayloom/native/profiledb","Test":"TestPreparedResumeAndChangedSourceRefusal","Output":"--- PASS: TestPreparedResumeAndChangedSourceRefusal (0.14s)\n"}
{"Time":"2026-09-13T19:51:14.20923165+01:00","Action":"pass","Package":"github.com/JohnnyPBelo/relayloom/native/profiledb","Test":"TestPreparedResumeAndChangedSourceRefusal","Elapsed":0.14}
{"Time":"2026-09-13T19:51:14.209249493+01:00","Action":"run","Package":"github.com/JohnnyPBelo/relayloom/native/profiledb","Test":"TestInitializationMarkerCannotBeDeletedThroughTransaction"}
{"Time":"2026-09-13T19:51:14.209251557+01:00","Action":"output","Package":"github.com/JohnnyPBelo/relayloom/native/profiledb","Test":"TestInitializationMarkerCannotBeDeletedThroughTransaction","Output":"=== RUN   TestInitializationMarkerCannotBeDeletedThroughTransaction\n"}
{"Time":"2026-09-13T19:51:14.292136536+01:00","Action":"output","Package":"github.com/JohnnyPBelo/relayloom/native/profiledb","Test":"TestInitializationMarkerCannotBeDeletedThroughTransaction","Output":"--- PASS: TestInitializationMarkerCannotBeDeletedThroughTransaction (0.08s)\n"}
{"Time":"2026-09-13T19:51:14.292180578+01:00","Action":"pass","Package":"github.com/JohnnyPBelo/relayloom/native/profiledb","Test":"TestInitializationMarkerCannotBeDeletedThroughTransaction","Elapsed":0.08}
{"Time":"2026-09-13T19:51:14.29219203+01:00","Action":"run","Package":"github.com/JohnnyPBelo/relayloom/native/profiledb","Test":"TestProfileDatabaseInteropFixture"}
{"Time":"2026-09-13T19:51:14.292194865+01:00","Action":"output","Package":"github.com/JohnnyPBelo/relayloom/native/profiledb","Test":"TestProfileDatabaseInteropFixture","Output":"=== RUN   TestProfileDatabaseInteropFixture\n"}
{"Time":"2026-09-13T19:51:14.29219781+01:00","Action":"output","Package":"github.com/JohnnyPBelo/relayloom/native/profiledb","Test":"TestProfileDatabaseInteropFixture","Output":"    worker_test.go:18: driven by the Node/Go private-state process test\n"}
{"Time":"2026-09-13T19:51:14.292230943+01:00","Action":"output","Package":"github.com/JohnnyPBelo/relayloom/native/profiledb","Test":"TestProfileDatabaseInteropFixture","Output":"--- SKIP: TestProfileDatabaseInteropFixture (0.00s)\n"}
{"Time":"2026-09-13T19:51:14.292233267+01:00","Action":"skip","Package":"github.com/JohnnyPBelo/relayloom/native/profiledb","Test":"TestProfileDatabaseInteropFixture","Elapsed":0}
{"Time":"2026-09-13T19:51:14.292253104+01:00","Action":"output","Package":"github.com/JohnnyPBelo/relayloom/native/profiledb","Output":"PASS\n"}
{"Time":"2026-09-13T19:51:15.2963231+01:00","Action":"output","Package":"github.com/JohnnyPBelo/relayloom/native/profiledb","Output":"ok  \tgithub.com/JohnnyPBelo/relayloom/native/profiledb\t1.528s\n"}
{"Time":"2026-09-13T19:51:15.296379816+01:00","Action":"pass","Package":"github.com/JohnnyPBelo/relayloom/native/profiledb","Elapsed":1.528}
{"Time":"2026-09-13T19:51:15.624962244+01:00","Action":"start","Package":"github.com/JohnnyPBelo/relayloom/native/sqlitedriver"}
{"Time":"2026-09-13T19:51:15.632660497+01:00","Action":"run","Package":"github.com/JohnnyPBelo/relayloom/native/sqlitedriver","Test":"TestSelectedDriverPreservesTransactionalBlobAndNoExtensionLoading"}
{"Time":"2026-09-13T19:51:15.632689642+01:00","Action":"output","Package":"github.com/JohnnyPBelo/relayloom/native/sqlitedriver","Test":"TestSelectedDriverPreservesTransactionalBlobAndNoExtensionLoading","Output":"=== RUN   TestSelectedDriverPreservesTransactionalBlobAndNoExtensionLoading\n"}
{"Time":"2026-09-13T19:51:15.645913685+01:00","Action":"output","Package":"github.com/JohnnyPBelo/relayloom/native/sqlitedriver","Test":"TestSelectedDriverPreservesTransactionalBlobAndNoExtensionLoading","Output":"--- PASS: TestSelectedDriverPreservesTransactionalBlobAndNoExtensionLoading (0.01s)\n"}
{"Time":"2026-09-13T19:51:15.645937459+01:00","Action":"pass","Package":"github.com/JohnnyPBelo/relayloom/native/sqlitedriver","Test":"TestSelectedDriverPreservesTransactionalBlobAndNoExtensionLoading","Elapsed":0.01}
{"Time":"2026-09-13T19:51:15.645944432+01:00","Action":"output","Package":"github.com/JohnnyPBelo/relayloom/native/sqlitedriver","Output":"PASS\n"}
{"Time":"2026-09-13T19:51:16.648194556+01:00","Action":"output","Package":"github.com/JohnnyPBelo/relayloom/native/sqlitedriver","Output":"ok  \tgithub.com/JohnnyPBelo/relayloom/native/sqlitedriver\t1.023s\n"}
{"Time":"2026-09-13T19:51:16.648236365+01:00","Action":"pass","Package":"github.com/JohnnyPBelo/relayloom/native/sqlitedriver","Elapsed":1.023}
