2026-09-23T11:34:39.3521235Z Current runner version: '2.337.0'
2026-09-23T11:34:39.3548087Z ##[group]Runner Image Provisioner
2026-09-23T11:34:39.3548880Z Hosted Compute Agent
2026-09-23T11:34:39.3549456Z Version: 20260828.587
2026-09-23T11:34:39.3550046Z Commit: abac92662cab4cc7352de4f9f9d2e2419aad9c29
2026-09-23T11:34:39.3550710Z Build Date: 2026-08-28T16:44:25Z
2026-09-23T11:34:39.3551365Z Worker ID: {643639f8-ee8c-494a-bfa5-11e6ff53fb23}
2026-09-23T11:34:39.3552030Z Azure Region: westus3
2026-09-23T11:34:39.3552594Z ##[endgroup]
2026-09-23T11:34:39.3553955Z ##[group]Operating System
2026-09-23T11:34:39.3555175Z Microsoft Windows Server 2025
2026-09-23T11:34:39.3555805Z 10.0.26100
2026-09-23T11:34:39.3556274Z Datacenter
2026-09-23T11:34:39.3556741Z ##[endgroup]
2026-09-23T11:34:39.3557246Z ##[group]Runner Image
2026-09-23T11:34:39.3557786Z Image: windows-2025-vs2026
2026-09-23T11:34:39.3558341Z Version: 20260907.229.1
2026-09-23T11:34:39.3559727Z Included Software: https://github.com/actions/runner-images/blob/win25-vs2026/20260907.229/images/windows/Windows2025-VS2026-Readme.md
2026-09-23T11:34:39.3561313Z Image Release: https://github.com/actions/runner-images/releases/tag/win25-vs2026%2F20260907.229
2026-09-23T11:34:39.3562253Z ##[endgroup]
2026-09-23T11:34:39.3563291Z ##[group]GITHUB_TOKEN Permissions
2026-09-23T11:34:39.3565279Z Contents: read
2026-09-23T11:34:39.3565916Z Metadata: read
2026-09-23T11:34:39.3566433Z ##[endgroup]
2026-09-23T11:34:39.3568457Z Secret source: Actions
2026-09-23T11:34:39.3569318Z Cache mode: write
2026-09-23T11:34:39.3570163Z Prepare workflow directory
2026-09-23T11:34:39.4020414Z Prepare all required actions
2026-09-23T11:34:39.4074942Z Getting action download info
2026-09-23T11:34:39.7017821Z Download action repository 'actions/checkout@v4' (SHA:11d5960a326750d5838078e36cf38b85af677262)
2026-09-23T11:34:39.8373843Z Download action repository 'actions/setup-node@v4' (SHA:49933ea5288caeca8642d1e84afbd3f7d6820020)
2026-09-23T11:34:40.0127535Z Download action repository 'actions/setup-go@v5' (SHA:40f1582b2485089dde7abd97c1529aa768e1baff)
2026-09-23T11:34:40.6563420Z Download action repository 'actions/upload-artifact@v4' (SHA:ea165f8d65b6e75b540449e92b4886f43607fa02)
2026-09-23T11:34:40.9971418Z Complete job name: native-node (windows-latest)
2026-09-23T11:34:41.1341323Z Node 20 is being deprecated. This workflow is running with Node 24 by default. If you need to temporarily use Node 20, you can set the ACTIONS_ALLOW_USE_UNSECURE_NODE_VERSION=true environment variable. For more information see: https://github.blog/changelog/2025-09-19-deprecation-of-node-20-on-github-actions-runners/
2026-09-23T11:34:41.1353172Z ##[group]Run actions/checkout@v4
2026-09-23T11:34:41.1354095Z with:
2026-09-23T11:34:41.1354508Z   repository: JohnnyPBelo/relayloom
2026-09-23T11:34:41.1358395Z   token: ***
2026-09-23T11:34:41.1358790Z   ssh-strict: true
2026-09-23T11:34:41.1359187Z   ssh-user: git
2026-09-23T11:34:41.1359587Z   persist-credentials: true
2026-09-23T11:34:41.1360039Z   clean: true
2026-09-23T11:34:41.1360472Z   sparse-checkout-cone-mode: true
2026-09-23T11:34:41.1360965Z   fetch-depth: 1
2026-09-23T11:34:41.1361357Z   fetch-tags: false
2026-09-23T11:34:41.1361763Z   show-progress: true
2026-09-23T11:34:41.1362178Z   lfs: false
2026-09-23T11:34:41.1362582Z   submodules: false
2026-09-23T11:34:41.1362992Z   set-safe-directory: true
2026-09-23T11:34:41.1363454Z   allow-unsafe-pr-checkout: false
2026-09-23T11:34:41.1364145Z ##[endgroup]
2026-09-23T11:34:41.2793359Z Syncing repository: JohnnyPBelo/relayloom
2026-09-23T11:34:41.2795670Z ##[group]Getting Git version info
2026-09-23T11:34:41.2796330Z Working directory is 'D:\a\relayloom\relayloom'
2026-09-23T11:34:41.3730652Z [command]"C:\Program Files\Git\bin\git.exe" version
2026-09-23T11:34:41.7265032Z git version 2.55.0.windows.5
2026-09-23T11:34:41.7317632Z ##[endgroup]
2026-09-23T11:34:41.7336181Z Temporarily overriding HOME='D:\a\_temp\d2214501-0e31-47a9-90ef-938921b3b47e' before making global git config changes
2026-09-23T11:34:41.7339279Z Adding repository directory to the temporary git global config as a safe directory
2026-09-23T11:34:41.7346628Z [command]"C:\Program Files\Git\bin\git.exe" config --global --add safe.directory D:\a\relayloom\relayloom
2026-09-23T11:34:41.7985441Z Deleting the contents of 'D:\a\relayloom\relayloom'
2026-09-23T11:34:41.7991757Z ##[group]Initializing the repository
2026-09-23T11:34:41.8000134Z [command]"C:\Program Files\Git\bin\git.exe" init D:\a\relayloom\relayloom
2026-09-23T11:34:41.8797707Z Initialized empty Git repository in D:/a/relayloom/relayloom/.git/
2026-09-23T11:34:41.8840528Z [command]"C:\Program Files\Git\bin\git.exe" remote add origin https://github.com/JohnnyPBelo/relayloom
2026-09-23T11:34:41.9434217Z ##[endgroup]
2026-09-23T11:34:41.9435458Z ##[group]Disabling automatic garbage collection
2026-09-23T11:34:41.9444061Z [command]"C:\Program Files\Git\bin\git.exe" config --local gc.auto 0
2026-09-23T11:34:41.9821769Z ##[endgroup]
2026-09-23T11:34:41.9823152Z ##[group]Setting up auth
2026-09-23T11:34:41.9838691Z [command]"C:\Program Files\Git\bin\git.exe" config --local --name-only --get-regexp core\.sshCommand
2026-09-23T11:34:42.0203520Z [command]"C:\Program Files\Git\bin\git.exe" submodule foreach --recursive "sh -c \"git config --local --name-only --get-regexp 'core\.sshCommand' && git config --local --unset-all 'core.sshCommand' || :\""
2026-09-23T11:34:43.4915750Z [command]"C:\Program Files\Git\bin\git.exe" config --local --name-only --get-regexp http\.https\:\/\/github\.com\/\.extraheader
2026-09-23T11:34:43.5212372Z [command]"C:\Program Files\Git\bin\git.exe" submodule foreach --recursive "sh -c \"git config --local --name-only --get-regexp 'http\.https\:\/\/github\.com\/\.extraheader' && git config --local --unset-all 'http.https://github.com/.extraheader' || :\""
2026-09-23T11:34:44.0470805Z [command]"C:\Program Files\Git\bin\git.exe" config --local --name-only --get-regexp ^includeIf\.gitdir:
2026-09-23T11:34:44.0761004Z [command]"C:\Program Files\Git\bin\git.exe" submodule foreach --recursive "git config --local --show-origin --name-only --get-regexp remote.origin.url"
2026-09-23T11:34:44.5861056Z [command]"C:\Program Files\Git\bin\git.exe" config --local http.https://github.com/.extraheader "AUTHORIZATION: basic ***"
2026-09-23T11:34:44.6151403Z ##[endgroup]
2026-09-23T11:34:44.6152239Z ##[group]Fetching the repository
2026-09-23T11:34:44.6164987Z [command]"C:\Program Files\Git\bin\git.exe" -c protocol.version=2 fetch --no-tags --prune --no-recurse-submodules --depth=1 origin +9a56c5f0b54c74b83c38e45840d8629791312c3c:refs/remotes/origin/codex/site-optional-resources
2026-09-23T11:34:53.5445653Z From https://github.com/JohnnyPBelo/relayloom
2026-09-23T11:34:53.5449479Z  * [new ref]         9a56c5f0b54c74b83c38e45840d8629791312c3c -> origin/codex/site-optional-resources
2026-09-23T11:34:53.5493079Z ##[endgroup]
2026-09-23T11:34:53.5493748Z ##[group]Determining the checkout info
2026-09-23T11:34:53.5494851Z ##[endgroup]
2026-09-23T11:34:53.5506791Z [command]"C:\Program Files\Git\bin\git.exe" sparse-checkout disable
2026-09-23T11:34:53.5967037Z [command]"C:\Program Files\Git\bin\git.exe" config --local --unset-all extensions.worktreeConfig
2026-09-23T11:34:53.6278499Z ##[group]Checking out the ref
2026-09-23T11:34:53.6288773Z [command]"C:\Program Files\Git\bin\git.exe" checkout --progress --force -B codex/site-optional-resources refs/remotes/origin/codex/site-optional-resources
2026-09-23T11:34:54.7291571Z Updating files:  39% (2170/5439)
2026-09-23T11:34:54.7425063Z Updating files:  40% (2176/5439)
2026-09-23T11:34:54.7754821Z Updating files:  41% (2230/5439)
2026-09-23T11:34:54.7942095Z Updating files:  42% (2285/5439)
2026-09-23T11:34:54.8122316Z Updating files:  43% (2339/5439)
2026-09-23T11:34:54.8288590Z Updating files:  44% (2394/5439)
2026-09-23T11:34:54.8453646Z Updating files:  45% (2448/5439)
2026-09-23T11:34:54.8667440Z Updating files:  46% (2502/5439)
2026-09-23T11:34:54.8872139Z Updating files:  47% (2557/5439)
2026-09-23T11:34:54.8998201Z Updating files:  48% (2611/5439)
2026-09-23T11:34:54.9347388Z Updating files:  49% (2666/5439)
2026-09-23T11:34:54.9665761Z Updating files:  50% (2720/5439)
2026-09-23T11:34:54.9894638Z Updating files:  51% (2774/5439)
2026-09-23T11:34:55.0261090Z Updating files:  52% (2829/5439)
2026-09-23T11:34:55.0572575Z Updating files:  53% (2883/5439)
2026-09-23T11:34:55.0730562Z Updating files:  54% (2938/5439)
2026-09-23T11:34:55.0879066Z Updating files:  55% (2992/5439)
2026-09-23T11:34:55.1065242Z Updating files:  56% (3046/5439)
2026-09-23T11:34:55.1179814Z Updating files:  57% (3101/5439)
2026-09-23T11:34:55.1306495Z Updating files:  58% (3155/5439)
2026-09-23T11:34:55.1593499Z Updating files:  59% (3210/5439)
2026-09-23T11:34:55.1712884Z Updating files:  60% (3264/5439)
2026-09-23T11:34:55.1912432Z Updating files:  61% (3318/5439)
2026-09-23T11:34:55.2042862Z Updating files:  62% (3373/5439)
2026-09-23T11:34:55.2219816Z Updating files:  63% (3427/5439)
2026-09-23T11:34:55.2364847Z Updating files:  64% (3481/5439)
2026-09-23T11:34:55.2520812Z Updating files:  65% (3536/5439)
2026-09-23T11:34:55.2670857Z Updating files:  66% (3590/5439)
2026-09-23T11:34:55.2816279Z Updating files:  67% (3645/5439)
2026-09-23T11:34:55.2954871Z Updating files:  68% (3699/5439)
2026-09-23T11:34:55.3149396Z Updating files:  69% (3753/5439)
2026-09-23T11:34:55.3328189Z Updating files:  70% (3808/5439)
2026-09-23T11:34:55.3529723Z Updating files:  71% (3862/5439)
2026-09-23T11:34:55.3820189Z Updating files:  72% (3917/5439)
2026-09-23T11:34:55.4151935Z Updating files:  73% (3971/5439)
2026-09-23T11:34:55.4523863Z Updating files:  74% (4025/5439)
2026-09-23T11:34:55.4754196Z Updating files:  75% (4080/5439)
2026-09-23T11:34:55.5137592Z Updating files:  76% (4134/5439)
2026-09-23T11:34:55.5832601Z Updating files:  77% (4189/5439)
2026-09-23T11:34:55.6064544Z Updating files:  78% (4243/5439)
2026-09-23T11:34:55.6396205Z Updating files:  79% (4297/5439)
2026-09-23T11:34:55.6681504Z Updating files:  80% (4352/5439)
2026-09-23T11:34:55.6849475Z Updating files:  81% (4406/5439)
2026-09-23T11:34:55.6913064Z Updating files:  82% (4460/5439)
2026-09-23T11:34:55.6970469Z Updating files:  82% (4491/5439)
2026-09-23T11:34:55.7294941Z Updating files:  83% (4515/5439)
2026-09-23T11:34:55.7530626Z Updating files:  84% (4569/5439)
2026-09-23T11:34:55.7768062Z Updating files:  85% (4624/5439)
2026-09-23T11:34:55.8039339Z Updating files:  86% (4678/5439)
2026-09-23T11:34:55.8303019Z Updating files:  87% (4732/5439)
2026-09-23T11:34:55.8455045Z Updating files:  88% (4787/5439)
2026-09-23T11:34:55.8601110Z Updating files:  89% (4841/5439)
2026-09-23T11:34:55.8745028Z Updating files:  90% (4896/5439)
2026-09-23T11:34:55.8892615Z Updating files:  91% (4950/5439)
2026-09-23T11:34:55.9128641Z Updating files:  92% (5004/5439)
2026-09-23T11:34:55.9261727Z Updating files:  93% (5059/5439)
2026-09-23T11:34:55.9408801Z Updating files:  94% (5113/5439)
2026-09-23T11:34:55.9549928Z Updating files:  95% (5168/5439)
2026-09-23T11:34:55.9682232Z Updating files:  96% (5222/5439)
2026-09-23T11:34:55.9820019Z Updating files:  97% (5276/5439)
2026-09-23T11:34:55.9954910Z Updating files:  98% (5331/5439)
2026-09-23T11:34:56.0111695Z Updating files:  99% (5385/5439)
2026-09-23T11:34:56.0112221Z Updating files: 100% (5439/5439)
2026-09-23T11:34:56.0112687Z Updating files: 100% (5439/5439), done.
2026-09-23T11:34:56.0629990Z Switched to a new branch 'codex/site-optional-resources'
2026-09-23T11:34:56.0705321Z branch 'codex/site-optional-resources' set up to track 'origin/codex/site-optional-resources'.
2026-09-23T11:34:56.1102804Z ##[endgroup]
2026-09-23T11:34:56.1596330Z [command]"C:\Program Files\Git\bin\git.exe" log -1 --format=%H
2026-09-23T11:34:56.1852269Z 9a56c5f0b54c74b83c38e45840d8629791312c3c
2026-09-23T11:34:56.2325461Z Node 20 is being deprecated. This workflow is running with Node 24 by default. If you need to temporarily use Node 20, you can set the ACTIONS_ALLOW_USE_UNSECURE_NODE_VERSION=true environment variable. For more information see: https://github.blog/changelog/2025-09-19-deprecation-of-node-20-on-github-actions-runners/
2026-09-23T11:34:56.2327746Z ##[group]Run actions/setup-node@v4
2026-09-23T11:34:56.2327985Z with:
2026-09-23T11:34:56.2328161Z   node-version: 22
2026-09-23T11:34:56.2328336Z   cache: npm
2026-09-23T11:34:56.2328499Z   always-auth: false
2026-09-23T11:34:56.2328694Z   check-latest: false
2026-09-23T11:34:56.2331132Z   token: ***
2026-09-23T11:34:56.2331310Z ##[endgroup]
2026-09-23T11:34:56.4368806Z Found in cache @ C:\hostedtoolcache\windows\node\22.23.2\x64
2026-09-23T11:34:56.4375446Z (node:5252) [DEP0040] DeprecationWarning: The `punycode` module is deprecated. Please use a userland alternative instead.
2026-09-23T11:34:56.4376282Z (Use `node --trace-deprecation ...` to show where the warning was created)
2026-09-23T11:34:56.4378653Z ##[group]Environment details
2026-09-23T11:35:01.3980016Z node: v22.23.2
2026-09-23T11:35:01.3980353Z npm: 10.9.8
2026-09-23T11:35:01.3980586Z yarn: 1.22.22
2026-09-23T11:35:01.3981061Z ##[endgroup]
2026-09-23T11:35:01.4808967Z [command]C:\Windows\system32\cmd.exe /D /S /C "C:\hostedtoolcache\windows\node\22.23.2\x64\npm.cmd config get cache"
2026-09-23T11:35:02.0501326Z D:\a\relayloom\relayloom\.cache\npm
2026-09-23T11:35:02.4444046Z Cache hit for: node-cache-Windows-x64-npm-defb3edfa5beda8040000c78dc5755eb17cbe55e41bbeb1c2628ea520d87e918
2026-09-23T11:35:02.4562477Z (node:5252) [DEP0169] DeprecationWarning: `url.parse()` behavior is not standardized and prone to errors that have security implications. Use the WHATWG URL API instead. CVEs are not issued for `url.parse()` vulnerabilities.
2026-09-23T11:35:03.6584608Z Received 53055777 of 53055777 (100.0%), 51.4 MBs/sec
2026-09-23T11:35:03.6587969Z Cache Size: ~51 MB (53055777 B)
2026-09-23T11:35:03.6622447Z [command]"C:\Program Files\Git\usr\bin\tar.exe" -xf D:/a/_temp/944f3840-46aa-40d9-9a83-fc8bad71d56a/cache.tzst -P -C D:/a/relayloom/relayloom --force-local --use-compress-program "zstd -d"
2026-09-23T11:35:04.4000263Z Cache restored successfully
2026-09-23T11:35:04.4044510Z Cache restored from key: node-cache-Windows-x64-npm-defb3edfa5beda8040000c78dc5755eb17cbe55e41bbeb1c2628ea520d87e918
2026-09-23T11:35:04.4417555Z Node 20 is being deprecated. This workflow is running with Node 24 by default. If you need to temporarily use Node 20, you can set the ACTIONS_ALLOW_USE_UNSECURE_NODE_VERSION=true environment variable. For more information see: https://github.blog/changelog/2025-09-19-deprecation-of-node-20-on-github-actions-runners/
2026-09-23T11:35:04.4418901Z ##[group]Run actions/setup-go@v5
2026-09-23T11:35:04.4419136Z with:
2026-09-23T11:35:04.4419303Z   go-version: 1.26.8
2026-09-23T11:35:04.4419500Z   cache: false
2026-09-23T11:35:04.4419675Z   check-latest: false
2026-09-23T11:35:04.4422084Z   token: ***
2026-09-23T11:35:04.4422265Z ##[endgroup]
2026-09-23T11:35:04.6073308Z Setup go version spec 1.26.8
2026-09-23T11:35:04.6168217Z Found in cache @ C:\hostedtoolcache\windows\go\1.26.8\x64
2026-09-23T11:35:04.6171800Z (node:3396) [DEP0040] DeprecationWarning: The `punycode` module is deprecated. Please use a userland alternative instead.
2026-09-23T11:35:04.6173064Z (Use `node --trace-deprecation ...` to show where the warning was created)
2026-09-23T11:35:04.6178930Z Added go to the path
2026-09-23T11:35:04.6183208Z Successfully set up Go version 1.26.8
2026-09-23T11:35:06.1749116Z go version go1.26.8 windows/amd64
2026-09-23T11:35:06.1749338Z 
2026-09-23T11:35:06.1753745Z ##[group]go env
2026-09-23T11:35:09.1860040Z set AR=ar
2026-09-23T11:35:09.1860501Z set CC=gcc
2026-09-23T11:35:09.1860784Z set CGO_CFLAGS=-O2 -g
2026-09-23T11:35:09.1861059Z set CGO_CPPFLAGS=
2026-09-23T11:35:09.1861305Z set CGO_CXXFLAGS=-O2 -g
2026-09-23T11:35:09.1861606Z set CGO_ENABLED=1
2026-09-23T11:35:09.1861832Z set CGO_FFLAGS=-O2 -g
2026-09-23T11:35:09.1862055Z set CGO_LDFLAGS=-O2 -g
2026-09-23T11:35:09.1862254Z set CXX=g++
2026-09-23T11:35:09.1862430Z set GCCGO=gccgo
2026-09-23T11:35:09.1862906Z set GO111MODULE=
2026-09-23T11:35:09.1863099Z set GOAMD64=v1
2026-09-23T11:35:09.1863301Z set GOARCH=amd64
2026-09-23T11:35:09.1863488Z set GOAUTH=netrc
2026-09-23T11:35:09.1863689Z set GOBIN=
2026-09-23T11:35:09.1863996Z set GOCACHE=C:\Users\runneradmin\AppData\Local\go-build
2026-09-23T11:35:09.1864368Z set GOCACHEPROG=
2026-09-23T11:35:09.1864556Z set GODEBUG=
2026-09-23T11:35:09.1864859Z set GOENV=C:\Users\runneradmin\AppData\Roaming\go\env
2026-09-23T11:35:09.1865154Z set GOEXE=.exe
2026-09-23T11:35:09.1865348Z set GOEXPERIMENT=
2026-09-23T11:35:09.1865555Z set GOFIPS140=off
2026-09-23T11:35:09.1865734Z set GOFLAGS=
2026-09-23T11:35:09.1866840Z set GOGCCFLAGS=-m64 -mthreads -Wl,--no-gc-sections -fmessage-length=0 -ffile-prefix-map=C:\Users\RUNNER~1\AppData\Local\Temp\go-build1913784466=/tmp/go-build -gno-record-gcc-switches
2026-09-23T11:35:09.1867624Z set GOHOSTARCH=amd64
2026-09-23T11:35:09.1867840Z set GOHOSTOS=windows
2026-09-23T11:35:09.1868034Z set GOINSECURE=
2026-09-23T11:35:09.1868224Z set GOMOD=NUL
2026-09-23T11:35:09.1868549Z set GOMODCACHE=C:\Users\runneradmin\go\pkg\mod
2026-09-23T11:35:09.1868834Z set GONOPROXY=
2026-09-23T11:35:09.1869007Z set GONOSUMDB=
2026-09-23T11:35:09.1869195Z set GOOS=windows
2026-09-23T11:35:09.1869433Z set GOPATH=C:\Users\runneradmin\go
2026-09-23T11:35:09.1869699Z set GOPRIVATE=
2026-09-23T11:35:09.1870030Z set GOPROXY=https://proxy.golang.org,direct
2026-09-23T11:35:09.1870413Z set GOROOT=C:\hostedtoolcache\windows\go\1.26.8\x64
2026-09-23T11:35:09.1870739Z set GOSUMDB=sum.golang.org
2026-09-23T11:35:09.1870984Z set GOTELEMETRY=local
2026-09-23T11:35:09.1871363Z set GOTELEMETRYDIR=C:\Users\runneradmin\AppData\Roaming\go\telemetry
2026-09-23T11:35:09.1871719Z set GOTMPDIR=
2026-09-23T11:35:09.1871928Z set GOTOOLCHAIN=auto
2026-09-23T11:35:09.1872331Z set GOTOOLDIR=C:\hostedtoolcache\windows\go\1.26.8\x64\pkg\tool\windows_amd64
2026-09-23T11:35:09.1872708Z set GOVCS=
2026-09-23T11:35:09.1872914Z set GOVERSION=go1.26.8
2026-09-23T11:35:09.1873124Z set GOWORK=
2026-09-23T11:35:09.1873330Z set PKG_CONFIG=pkg-config
2026-09-23T11:35:09.1873479Z 
2026-09-23T11:35:09.1873782Z ##[endgroup]
2026-09-23T11:35:09.2147906Z ##[group]Run npm ci --ignore-scripts
2026-09-23T11:35:09.2148296Z [36;1mnpm ci --ignore-scripts[0m
2026-09-23T11:35:09.2885072Z shell: C:\Program Files\PowerShell\7\pwsh.EXE -command ". '{0}'"
2026-09-23T11:35:09.2885484Z ##[endgroup]
2026-09-23T11:35:15.8852385Z npm warn deprecated inflight@1.0.6: This module is not supported, and leaks memory. Do not use it. Check out lru-cache if you want a good and tested way to coalesce async requests by a key value, which is much more comprehensive and powerful.
2026-09-23T11:35:16.0205689Z npm warn deprecated rimraf@2.6.3: Rimraf versions prior to v4 are no longer supported
2026-09-23T11:35:16.1685983Z npm warn deprecated glob@7.2.3: Old versions of glob are not supported, and contain widely publicized security vulnerabilities, which have been fixed in the current version. Please update. Support for old versions may be purchased (at exorbitant rates) by contacting i@izs.me
2026-09-23T11:35:16.9188763Z npm warn deprecated boolean@3.2.0: Package no longer supported. Contact Support at https://www.npmjs.com/support for more info.
2026-09-23T11:35:24.3280151Z 
2026-09-23T11:35:24.3281696Z added 462 packages in 14s
2026-09-23T11:35:25.5651675Z ##[group]Run npm run build
2026-09-23T11:35:25.5652011Z [36;1mnpm run build[0m
2026-09-23T11:35:25.5723341Z shell: C:\Program Files\PowerShell\7\pwsh.EXE -command ". '{0}'"
2026-09-23T11:35:25.5723710Z ##[endgroup]
2026-09-23T11:35:26.2989969Z 
2026-09-23T11:35:26.2990514Z > relayloom@0.1.0 build
2026-09-23T11:35:26.2991154Z > tsc --noEmit && vite build
2026-09-23T11:35:26.2991400Z 
2026-09-23T11:35:38.9398330Z [36mvite v7.3.6 [32mbuilding client environment for production...[36m[39m
2026-09-23T11:35:39.0422739Z transforming...
2026-09-23T11:35:43.7218143Z [32m✓[39m 1846 modules transformed.
2026-09-23T11:35:43.8972831Z rendering chunks...
2026-09-23T11:35:44.0536643Z computing gzip size...
2026-09-23T11:35:44.0727594Z [2m../../dist/web/[22m[32massets/manifest-WszF6o4j.webmanifest       [39m[1m[2m  0.32 kB[22m[1m[22m
2026-09-23T11:35:44.0729254Z [2m../../dist/web/[22m[32mindex.html                                 [39m[1m[2m  0.82 kB[22m[1m[22m[2m │ gzip:   0.41 kB[22m
2026-09-23T11:35:44.0730494Z [2m../../dist/web/[22m[32mbrowser/index.html                         [39m[1m[2m  1.19 kB[22m[1m[22m[2m │ gzip:   0.58 kB[22m
2026-09-23T11:35:44.0732202Z [2m../../dist/web/[22m[32mbrowser/worker-CC1NR2B-.js                 [39m[1m[2m242.28 kB[22m[1m[22m
2026-09-23T11:35:44.0733787Z [2m../../dist/web/[22m[35massets/editor-TdZUp6iQ.css                 [39m[1m[2m  2.66 kB[22m[1m[22m[2m │ gzip:   0.85 kB[22m
2026-09-23T11:35:44.0735718Z [2m../../dist/web/[22m[35massets/main-DEi_Xkk3.css                   [39m[1m[2m 13.87 kB[22m[1m[22m[2m │ gzip:   3.10 kB[22m
2026-09-23T11:35:44.0737694Z [2m../../dist/web/[22m[35massets/history-DpTwHcHw.css                [39m[1m[2m 25.68 kB[22m[1m[22m[2m │ gzip:   5.44 kB[22m
2026-09-23T11:35:44.0739516Z [2m../../dist/web/[22m[35massets/peers-CBwbv1q3.css                  [39m[1m[2m 61.71 kB[22m[1m[22m[2m │ gzip:  12.98 kB[22m
2026-09-23T11:35:44.0741405Z [2m../../dist/web/[22m[36massets/modulepreload-polyfill-B5Qt9EMX.js  [39m[1m[2m  0.71 kB[22m[1m[22m[2m │ gzip:   0.40 kB[22m
2026-09-23T11:35:44.0743329Z [2m../../dist/web/[22m[36massets/visit-DRYAygji.js                   [39m[1m[2m  3.59 kB[22m[1m[22m[2m │ gzip:   1.62 kB[22m
2026-09-23T11:35:44.0745114Z [2m../../dist/web/[22m[36massets/editor-Da0xb7_n.js                  [39m[1m[2m 62.39 kB[22m[1m[22m[2m │ gzip:  19.12 kB[22m
2026-09-23T11:35:44.0746903Z [2m../../dist/web/[22m[36massets/browser-Bv9WpUiw.js                 [39m[1m[2m 74.03 kB[22m[1m[22m[2m │ gzip:  24.62 kB[22m
2026-09-23T11:35:44.0749075Z [2m../../dist/web/[22m[36massets/history-DuAfTwGr.js                 [39m[1m[2m143.89 kB[22m[1m[22m[2m │ gzip:  45.68 kB[22m
2026-09-23T11:35:44.0750862Z [2m../../dist/web/[22m[36massets/main-CNAA77oL.js                    [39m[1m[2m149.20 kB[22m[1m[22m[2m │ gzip:  45.75 kB[22m
2026-09-23T11:35:44.0752592Z [2m../../dist/web/[22m[36massets/peers-D1H6wmgT.js                   [39m[1m[2m412.67 kB[22m[1m[22m[2m │ gzip: 132.80 kB[22m
2026-09-23T11:35:44.0753665Z [32m✓ built in 5.10s[39m
2026-09-23T11:35:44.2493868Z ##[group]Run npm run native:build
2026-09-23T11:35:44.2494393Z [36;1mnpm run native:build[0m
2026-09-23T11:35:44.2586055Z shell: C:\Program Files\PowerShell\7\pwsh.EXE -command ". '{0}'"
2026-09-23T11:35:44.2586651Z ##[endgroup]
2026-09-23T11:35:44.9391792Z 
2026-09-23T11:35:44.9392382Z > relayloom@0.1.0 native:build
2026-09-23T11:35:44.9393139Z > node scripts/native-build.mjs
2026-09-23T11:35:44.9393359Z 
2026-09-23T11:35:45.8067132Z go: downloading golang.org/x/text v0.42.0
2026-09-23T11:35:47.3487249Z go: downloading golang.org/x/crypto v0.57.0
2026-09-23T11:35:48.3018938Z go: downloading github.com/coder/websocket v1.8.15
2026-09-23T11:35:49.5424255Z go: downloading modernc.org/sqlite v1.58.0
2026-09-23T11:35:51.5059145Z go: downloading modernc.org/libc v1.75.6
2026-09-23T11:35:53.7879434Z go: downloading golang.org/x/sys v0.48.0
2026-09-23T11:35:53.7880243Z go: downloading github.com/dustin/go-humanize v1.0.1
2026-09-23T11:35:53.7881437Z go: downloading github.com/mattn/go-isatty v0.0.24
2026-09-23T11:35:53.7882357Z go: downloading github.com/ncruces/go-strftime v1.0.0
2026-09-23T11:35:53.8261269Z go: downloading modernc.org/mathutil v1.7.1
2026-09-23T11:35:53.8271120Z go: downloading modernc.org/memory v1.12.1
2026-09-23T11:35:53.8853488Z go: downloading github.com/remyoudompheng/bigfft v0.0.0-20230129092748-24d4a6f8daec
2026-09-23T11:36:26.1465274Z Native app CLI built in project cache.
2026-09-23T11:36:26.2017917Z ##[group]Run npm test
2026-09-23T11:36:26.2018421Z [36;1mnpm test[0m
2026-09-23T11:36:26.2087933Z shell: C:\Program Files\PowerShell\7\pwsh.EXE -command ". '{0}'"
2026-09-23T11:36:26.2088297Z ##[endgroup]
2026-09-23T11:36:26.9035050Z 
2026-09-23T11:36:26.9035577Z > relayloom@0.1.0 test
2026-09-23T11:36:26.9036384Z > tsx --test --test-concurrency=1 tests/*.test.ts
2026-09-23T11:36:26.9036661Z 
2026-09-23T11:36:27.1147913Z TAP version 13
2026-09-23T11:36:27.3222520Z # Subtest: browser CI partition rejects omitted, duplicated and empty coverage with a complete positive control
2026-09-23T11:36:27.3231867Z ok 1 - browser CI partition rejects omitted, duplicated and empty coverage with a complete positive control
2026-09-23T11:36:27.3232808Z   ---
2026-09-23T11:36:27.3233208Z   duration_ms: 2.566
2026-09-23T11:36:27.3233562Z   type: 'test'
2026-09-23T11:36:27.3233826Z   ...
2026-09-23T11:36:27.5951471Z # Subtest: Node bundle creation derives expiry from one clock observation even when the clock advances between reads
2026-09-23T11:36:27.5955778Z ok 2 - Node bundle creation derives expiry from one clock observation even when the clock advances between reads
2026-09-23T11:36:27.5956863Z   ---
2026-09-23T11:36:27.5957242Z   duration_ms: 12.2662
2026-09-23T11:36:27.5957662Z   type: 'test'
2026-09-23T11:36:27.5957979Z   ...
2026-09-23T11:36:27.9637011Z # Subtest: automatic reservations survive restart and count pressure without becoming manual pins
2026-09-23T11:36:27.9641479Z ok 3 - automatic reservations survive restart and count pressure without becoming manual pins
2026-09-23T11:36:27.9642458Z   ---
2026-09-23T11:36:27.9643145Z   duration_ms: 30.9497
2026-09-23T11:36:27.9655878Z   type: 'test'
2026-09-23T11:36:27.9656380Z   ...
2026-09-23T11:36:27.9657462Z # Subtest: byte quota refusal is atomic with a reserved payload and preserves unrelated stored bytes
2026-09-23T11:36:27.9658962Z ok 4 - byte quota refusal is atomic with a reserved payload and preserves unrelated stored bytes
2026-09-23T11:36:27.9659867Z   ---
2026-09-23T11:36:27.9660318Z   duration_ms: 47.5871
2026-09-23T11:36:27.9660827Z   type: 'test'
2026-09-23T11:36:27.9661256Z   ...
2026-09-23T11:36:27.9661856Z # Subtest: reservation does not extend signed expiry
2026-09-23T11:36:27.9662667Z ok 5 - reservation does not extend signed expiry
2026-09-23T11:36:27.9663293Z   ---
2026-09-23T11:36:27.9664130Z   duration_ms: 9.7671
2026-09-23T11:36:27.9664654Z   type: 'test'
2026-09-23T11:36:27.9665079Z   ...
2026-09-23T11:36:27.9665995Z # Subtest: unknown or corrupt reservation input cannot partially release a valid reservation
2026-09-23T11:36:27.9667382Z ok 6 - unknown or corrupt reservation input cannot partially release a valid reservation
2026-09-23T11:36:27.9668217Z   ---
2026-09-23T11:36:27.9668663Z   duration_ms: 11.647
2026-09-23T11:36:27.9669146Z   type: 'test'
2026-09-23T11:36:27.9669570Z   ...
2026-09-23T11:36:27.9670515Z # Subtest: failed reservation index write protects the union until explicit reconciliation
2026-09-23T11:36:27.9671838Z ok 7 - failed reservation index write protects the union until explicit reconciliation
2026-09-23T11:36:27.9677982Z   ---
2026-09-23T11:36:27.9678550Z   duration_ms: 18.7912
2026-09-23T11:36:27.9679126Z   type: 'test'
2026-09-23T11:36:27.9679643Z   ...
2026-09-23T11:36:27.9680806Z # Subtest: duplicate reserved insertion at the count limit preserves a manual pin and verifies stored bytes
2026-09-23T11:36:27.9682549Z ok 8 - duplicate reserved insertion at the count limit preserves a manual pin and verifies stored bytes
2026-09-23T11:36:27.9684095Z   ---
2026-09-23T11:36:27.9684749Z   duration_ms: 12.4065
2026-09-23T11:36:27.9685333Z   type: 'test'
2026-09-23T11:36:27.9685831Z   ...
2026-09-23T11:36:28.2233485Z # Subtest: contact rows use the established Node/Go DM reader-address wire format before the first send
2026-09-23T11:36:28.2236520Z ok 9 - contact rows use the established Node/Go DM reader-address wire format before the first send
2026-09-23T11:36:28.2240191Z   ---
2026-09-23T11:36:28.2240921Z   duration_ms: 2.39
2026-09-23T11:36:28.2241309Z   type: 'test'
2026-09-23T11:36:28.2241994Z   ...
2026-09-23T11:36:28.2242642Z # Subtest: a repeated own reader remains one reader in the DM address
2026-09-23T11:36:28.2244652Z ok 10 - a repeated own reader remains one reader in the DM address
2026-09-23T11:36:28.2245240Z   ---
2026-09-23T11:36:28.2245550Z   duration_ms: 0.2782
2026-09-23T11:36:28.2245877Z   type: 'test'
2026-09-23T11:36:28.2246163Z   ...
2026-09-23T11:36:28.8270729Z # Subtest: fixed envelope time preserves the saved deadline while nonce identity still requires durable retention
2026-09-23T11:36:28.8272406Z ok 11 - fixed envelope time preserves the saved deadline while nonce identity still requires durable retention
2026-09-23T11:36:28.8274441Z   ---
2026-09-23T11:36:28.8274761Z   duration_ms: 277.824
2026-09-23T11:36:28.8275118Z   type: 'test'
2026-09-23T11:36:28.8275402Z   ...
2026-09-23T11:36:28.8410178Z # Subtest: Node and portable fixed clocks reject invalid/overflowing dates and unrelated secrets before producing a bundle
2026-09-23T11:36:28.8411916Z ok 12 - Node and portable fixed clocks reject invalid/overflowing dates and unrelated secrets before producing a bundle
2026-09-23T11:36:28.8412846Z   ---
2026-09-23T11:36:28.8413163Z   duration_ms: 13.1212
2026-09-23T11:36:28.8413519Z   type: 'test'
2026-09-23T11:36:28.8413812Z   ...
2026-09-23T11:36:39.0031761Z # Subtest: Node and portable fixed envelopes verify in a real Go process; Go ciphertext decrypts in both adapters
2026-09-23T11:36:39.0033889Z ok 13 - Node and portable fixed envelopes verify in a real Go process; Go ciphertext decrypts in both adapters
2026-09-23T11:36:39.0035068Z   ---
2026-09-23T11:36:39.0035415Z   duration_ms: 10164.4172
2026-09-23T11:36:39.0035806Z   type: 'test'
2026-09-23T11:36:39.0036598Z   ...
2026-09-23T11:36:39.2744883Z # Subtest: historical storage reads authenticate expired bytes without priming the live manifest cache
2026-09-23T11:36:39.2749215Z ok 14 - historical storage reads authenticate expired bytes without priming the live manifest cache
2026-09-23T11:36:39.2750026Z   ---
2026-09-23T11:36:39.2750245Z   duration_ms: 25.5263
2026-09-23T11:36:39.2750478Z   type: 'test'
2026-09-23T11:36:39.2750667Z   ...
2026-09-23T11:36:40.3288609Z # (node:4908) ExperimentalWarning: The MockTimers API is an experimental feature and might change at any time
2026-09-23T11:36:40.3290167Z # (Use `node --trace-warnings ...` to show where the warning was created)
2026-09-23T11:36:40.3324897Z # Subtest: identity proof binds signing address, name and decryption key
2026-09-23T11:36:40.3326108Z ok 15 - identity proof binds signing address, name and decryption key
2026-09-23T11:36:40.3326736Z   ---
2026-09-23T11:36:40.3327057Z   duration_ms: 3.7173
2026-09-23T11:36:40.3327429Z   type: 'test'
2026-09-23T11:36:40.3327706Z   ...
2026-09-23T11:36:40.3328365Z # Subtest: vault encrypts private keys; recovery and wrong-password controls
2026-09-23T11:36:40.3334152Z ok 16 - vault encrypts private keys; recovery and wrong-password controls
2026-09-23T11:36:40.3335212Z   ---
2026-09-23T11:36:40.3335779Z   duration_ms: 502.7498
2026-09-23T11:36:40.3336498Z   type: 'test'
2026-09-23T11:36:40.3337010Z   ...
2026-09-23T11:36:40.3338039Z # Subtest: reader decrypts and seeds but cannot become author; unauthorized reader fails
2026-09-23T11:36:40.3339509Z ok 17 - reader decrypts and seeds but cannot become author; unauthorized reader fails
2026-09-23T11:36:40.3340662Z   ---
2026-09-23T11:36:40.3341146Z   duration_ms: 7.7682
2026-09-23T11:36:40.3341701Z   type: 'test'
2026-09-23T11:36:40.3342213Z   ...
2026-09-23T11:36:40.3343144Z # Subtest: ciphertext, manifest, expiry, depth and address negative controls
2026-09-23T11:36:40.3345185Z ok 18 - ciphertext, manifest, expiry, depth and address negative controls
2026-09-23T11:36:40.3352303Z   ---
2026-09-23T11:36:40.3352896Z   duration_ms: 16.6394
2026-09-23T11:36:40.3354761Z   type: 'test'
2026-09-23T11:36:40.3355392Z   ...
2026-09-23T11:36:40.3363169Z # Subtest: encrypted persistent seed takeover, deduplication, pin/quota, disk corruption
2026-09-23T11:36:40.3364716Z ok 19 - encrypted persistent seed takeover, deduplication, pin/quota, disk corruption
2026-09-23T11:36:40.3365730Z   ---
2026-09-23T11:36:40.3366291Z   duration_ms: 17.8255
2026-09-23T11:36:40.3366888Z   type: 'test'
2026-09-23T11:36:40.3367398Z   ...
2026-09-23T11:36:40.3368577Z # Subtest: object-count cap bounds small-object floods, survives restart and preserves pinned content
2026-09-23T11:36:40.3370231Z ok 20 - object-count cap bounds small-object floods, survives restart and preserves pinned content
2026-09-23T11:36:40.3371560Z   ---
2026-09-23T11:36:40.3372091Z   duration_ms: 58.1715
2026-09-23T11:36:40.3372667Z   type: 'test'
2026-09-23T11:36:40.3373155Z   ...
2026-09-23T11:36:40.3374059Z # Subtest: metadata listing does not replace real viewing order in LRU eviction
2026-09-23T11:36:40.3375352Z ok 21 - metadata listing does not replace real viewing order in LRU eviction
2026-09-23T11:36:40.3376191Z   ---
2026-09-23T11:36:40.3376635Z   duration_ms: 12.3341
2026-09-23T11:36:40.3377115Z   type: 'test'
2026-09-23T11:36:40.3377531Z   ...
2026-09-23T11:36:40.3378675Z # Subtest: cached manifest metadata is isolated, invalidated by disk changes, and never bypasses get verification
2026-09-23T11:36:40.3385350Z ok 22 - cached manifest metadata is isolated, invalidated by disk changes, and never bypasses get verification
2026-09-23T11:36:40.3386246Z   ---
2026-09-23T11:36:40.3386584Z   duration_ms: 11.9834
2026-09-23T11:36:40.3386944Z   type: 'test'
2026-09-23T11:36:40.3387239Z   ...
2026-09-23T11:36:40.3388226Z # Subtest: rejected quota decrease preserves existing files and policy; feasible decrease evicts only unpinned content
2026-09-23T11:36:40.3390083Z ok 23 - rejected quota decrease preserves existing files and policy; feasible decrease evicts only unpinned content
2026-09-23T11:36:40.3390798Z   ---
2026-09-23T11:36:40.3391019Z   duration_ms: 125.9705
2026-09-23T11:36:40.3391255Z   type: 'test'
2026-09-23T11:36:40.3391435Z   ...
2026-09-23T11:36:40.3391841Z # Subtest: invalid persisted index fails safely without deleting verified objects
2026-09-23T11:36:40.3392462Z ok 24 - invalid persisted index fails safely without deleting verified objects
2026-09-23T11:36:40.3392838Z   ---
2026-09-23T11:36:40.3393034Z   duration_ms: 9.2818
2026-09-23T11:36:40.3393254Z   type: 'test'
2026-09-23T11:36:40.3393426Z   ...
2026-09-23T11:36:40.3393903Z # Subtest: strict wire fields and every recipient envelope are validated before accepting signatures
2026-09-23T11:36:40.3394652Z ok 25 - strict wire fields and every recipient envelope are validated before accepting signatures
2026-09-23T11:36:40.3395082Z   ---
2026-09-23T11:36:40.3395371Z   duration_ms: 5.4466
2026-09-23T11:36:40.3395589Z   type: 'test'
2026-09-23T11:36:40.3395769Z   ...
2026-09-23T11:36:40.5825518Z # Subtest: desktop accepts only the owned daemon loopback bootstrap capability
2026-09-23T11:36:40.5828186Z ok 26 - desktop accepts only the owned daemon loopback bootstrap capability
2026-09-23T11:36:40.5828909Z   ---
2026-09-23T11:36:40.5829268Z   duration_ms: 1.8278
2026-09-23T11:36:40.5829647Z   type: 'test'
2026-09-23T11:36:40.5829966Z   ...
2026-09-23T11:36:40.5831763Z # Subtest: desktop request policy blocks other hosts, ports, schemes, subframes and WebSockets
2026-09-23T11:36:40.5833093Z ok 27 - desktop request policy blocks other hosts, ports, schemes, subframes and WebSockets
2026-09-23T11:36:40.5833893Z   ---
2026-09-23T11:36:40.5834506Z   duration_ms: 0.3661
2026-09-23T11:36:40.5834905Z   type: 'test'
2026-09-23T11:36:40.5835235Z   ...
2026-09-23T11:36:40.5837892Z # Subtest: desktop navigation stays on its exact local app and rejects insecure runtime overrides
2026-09-23T11:36:40.5839920Z ok 28 - desktop navigation stays on its exact local app and rejects insecure runtime overrides
2026-09-23T11:36:40.5840721Z   ---
2026-09-23T11:36:40.5841423Z   duration_ms: 1.4501
2026-09-23T11:36:40.5843016Z   type: 'test'
2026-09-23T11:36:40.5843336Z   ...
2026-09-23T11:36:40.5844425Z # Subtest: desktop microphone eligibility excludes cameras, remote documents and subframes
2026-09-23T11:36:40.5845742Z ok 29 - desktop microphone eligibility excludes cameras, remote documents and subframes
2026-09-23T11:36:40.5846545Z   ---
2026-09-23T11:36:40.5846877Z   duration_ms: 0.2756
2026-09-23T11:36:40.5847337Z   type: 'test'
2026-09-23T11:36:40.5847717Z   ...
2026-09-23T11:36:40.5849430Z # Subtest: desktop download defaults cannot contain paths, device names or control bytes
2026-09-23T11:36:40.5850753Z ok 30 - desktop download defaults cannot contain paths, device names or control bytes
2026-09-23T11:36:40.5851506Z   ---
2026-09-23T11:36:40.5851849Z   duration_ms: 0.5246
2026-09-23T11:36:40.5852221Z   type: 'test'
2026-09-23T11:36:40.5852534Z   ...
2026-09-23T11:36:41.6877867Z # Subtest: fixture stop is idempotent after process termination by signal
2026-09-23T11:36:41.6881253Z ok 31 - fixture stop is idempotent after process termination by signal
2026-09-23T11:36:41.6881907Z   ---
2026-09-23T11:36:41.6882242Z   duration_ms: 830.606
2026-09-23T11:36:41.6882516Z   type: 'test'
2026-09-23T11:36:41.6882726Z   ...
2026-09-23T11:36:47.3891369Z # (node:6688) ExperimentalWarning: SQLite is an experimental feature and might change at any time
2026-09-23T11:36:47.3892696Z # (Use `node --trace-warnings ...` to show where the warning was created)
2026-09-23T11:36:47.3922637Z # Subtest: current and additions-only delayed messages preserve exact old readers without granting newcomer history
2026-09-23T11:36:47.3926239Z ok 32 - current and additions-only delayed messages preserve exact old readers without granting newcomer history
2026-09-23T11:36:47.3927242Z   ---
2026-09-23T11:36:47.3927625Z   duration_ms: 1491.8149
2026-09-23T11:36:47.3928036Z   type: 'test'
2026-09-23T11:36:47.3928359Z   ...
2026-09-23T11:36:47.3930902Z # Subtest: removal and rejoin quarantine unseen old content while retaining only exact accepted history
2026-09-23T11:36:47.3933687Z ok 33 - removal and rejoin quarantine unseen old content while retaining only exact accepted history
2026-09-23T11:36:47.3934848Z   ---
2026-09-23T11:36:47.3935399Z   duration_ms: 1317.2512
2026-09-23T11:36:47.3935961Z   type: 'test'
2026-09-23T11:36:47.3936417Z   ...
2026-09-23T11:36:47.3938317Z # Subtest: historical receipts from a removed original reader are minimal and cannot admit an unknown target
2026-09-23T11:36:47.4038491Z ok 34 - historical receipts from a removed original reader are minimal and cannot admit an unknown target
2026-09-23T11:36:47.4039968Z   ---
2026-09-23T11:36:47.4040449Z   duration_ms: 840.8357
2026-09-23T11:36:47.4040967Z   type: 'test'
2026-09-23T11:36:47.4041409Z   ...
2026-09-23T11:36:47.4042409Z # Subtest: group tags cannot hide as falsy legacy fields and cached policy cannot escape its transaction
2026-09-23T11:36:47.4044434Z ok 35 - group tags cannot hide as falsy legacy fields and cached policy cannot escape its transaction
2026-09-23T11:36:47.4045319Z   ---
2026-09-23T11:36:47.4045661Z   duration_ms: 44.4439
2026-09-23T11:36:47.4046049Z   type: 'test'
2026-09-23T11:36:47.4046369Z   ...
2026-09-23T11:36:47.4047118Z # Subtest: a closure within the same transaction invalidates earlier cached permission
2026-09-23T11:36:47.4048264Z ok 36 - a closure within the same transaction invalidates earlier cached permission
2026-09-23T11:36:47.4049748Z   ---
2026-09-23T11:36:47.4050109Z   duration_ms: 80.5122
2026-09-23T11:36:47.4050516Z   type: 'test'
2026-09-23T11:36:47.4051273Z   ...
2026-09-23T11:36:47.4053119Z # Subtest: a new edit to old content uses only the original/current reader intersection
2026-09-23T11:36:47.4055373Z ok 37 - a new edit to old content uses only the original/current reader intersection
2026-09-23T11:36:47.4056725Z   ---
2026-09-23T11:36:47.4057083Z   duration_ms: 1603.6586
2026-09-23T11:36:47.4057394Z   type: 'test'
2026-09-23T11:36:47.4057909Z   ...
2026-09-23T11:36:48.2817689Z # (node:8392) ExperimentalWarning: SQLite is an experimental feature and might change at any time
2026-09-23T11:36:48.2819598Z # (Use `node --trace-warnings ...` to show where the warning was created)
2026-09-23T11:36:49.0618761Z # Subtest: an API observation cannot display an admission whose outer transaction rolled back
2026-09-23T11:36:49.0620377Z ok 38 - an API observation cannot display an admission whose outer transaction rolled back
2026-09-23T11:36:49.0621376Z   ---
2026-09-23T11:36:49.0621744Z   duration_ms: 505.9513
2026-09-23T11:36:49.0622135Z   type: 'test'
2026-09-23T11:36:49.0622356Z   ...
2026-09-23T11:36:49.6749128Z # Subtest: a historical delete and its accepted context recover together after lost commit response and real cache removal
2026-09-23T11:36:49.6751468Z ok 39 - a historical delete and its accepted context recover together after lost commit response and real cache removal
2026-09-23T11:36:49.6756479Z   ---
2026-09-23T11:36:49.6757268Z   duration_ms: 633.856
2026-09-23T11:36:49.6758996Z   type: 'test'
2026-09-23T11:36:49.6759506Z   ...
2026-09-23T11:36:50.2532215Z # Subtest: failure to reserve quarantine bytes aborts the hold and locks until authenticated reconciliation succeeds
2026-09-23T11:36:50.2533895Z ok 40 - failure to reserve quarantine bytes aborts the hold and locks until authenticated reconciliation succeeds
2026-09-23T11:36:50.2534827Z   ---
2026-09-23T11:36:50.2535281Z   duration_ms: 586.5803
2026-09-23T11:36:50.2535786Z   type: 'test'
2026-09-23T11:36:50.2536127Z   ...
2026-09-23T11:36:50.6257487Z # Subtest: an unavailable quarantined blob cannot block admission of another valid group object
2026-09-23T11:36:50.6259095Z ok 41 - an unavailable quarantined blob cannot block admission of another valid group object
2026-09-23T11:36:50.6260161Z   ---
2026-09-23T11:36:50.6260516Z   duration_ms: 369.493
2026-09-23T11:36:50.6260773Z   type: 'test'
2026-09-23T11:36:50.6260961Z   ...
2026-09-23T11:36:50.7288400Z # Subtest: authenticated history with an expiry inconsistent with its signed bundle is rejected
2026-09-23T11:36:50.7290208Z ok 42 - authenticated history with an expiry inconsistent with its signed bundle is rejected
2026-09-23T11:36:50.7290996Z   ---
2026-09-23T11:36:50.7291291Z   duration_ms: 363.7293
2026-09-23T11:36:50.7291531Z   type: 'test'
2026-09-23T11:36:50.7291712Z   ...
2026-09-23T11:37:07.2278357Z # (node:9380) ExperimentalWarning: SQLite is an experimental feature and might change at any time
2026-09-23T11:37:07.2279595Z # (Use `node --trace-warnings ...` to show where the warning was created)
2026-09-23T11:37:07.2298285Z # Subtest: an unchanged group snapshot walks its authority chain once, and a later closure still invalidates new admission
2026-09-23T11:37:07.2302338Z ok 43 - an unchanged group snapshot walks its authority chain once, and a later closure still invalidates new admission
2026-09-23T11:37:07.2303347Z   ---
2026-09-23T11:37:07.2303950Z   duration_ms: 15941.9723
2026-09-23T11:37:07.2304363Z   type: 'test'
2026-09-23T11:37:07.2304700Z   ...
2026-09-23T11:37:07.2305542Z # {"retainedObjects":32,"epochs":32,"visitedHeaders":32,"elapsedMs":190.92119999999886}
2026-09-23T11:37:15.0089672Z # Subtest: real Node receivers hold epoch content until its snapshot arrives and keep only accepted history after closure
2026-09-23T11:37:15.0091514Z ok 44 - real Node receivers hold epoch content until its snapshot arrives and keep only accepted history after closure
2026-09-23T11:37:15.0092480Z   ---
2026-09-23T11:37:15.0092836Z   duration_ms: 7404.424
2026-09-23T11:37:15.0093217Z   type: 'test'
2026-09-23T11:37:15.0093536Z   ...
2026-09-23T11:37:18.2640839Z # (node:5020) ExperimentalWarning: SQLite is an experimental feature and might change at any time
2026-09-23T11:37:18.2642315Z # (Use `node --trace-warnings ...` to show where the warning was created)
2026-09-23T11:37:18.2670607Z # Subtest: control expiry rejects replay while the signed authority checkpoint survives
2026-09-23T11:37:18.2671923Z ok 45 - control expiry rejects replay while the signed authority checkpoint survives
2026-09-23T11:37:18.2672960Z   ---
2026-09-23T11:37:18.2673309Z   duration_ms: 75.3254
2026-09-23T11:37:18.2673687Z   type: 'test'
2026-09-23T11:37:18.2674003Z   ...
2026-09-23T11:37:18.2675094Z # Subtest: a reader may seal a creator snapshot for its exact original roster without gaining authority
2026-09-23T11:37:18.2677373Z ok 46 - a reader may seal a creator snapshot for its exact original roster without gaining authority
2026-09-23T11:37:18.2678219Z   ---
2026-09-23T11:37:18.2678558Z   duration_ms: 623.7046
2026-09-23T11:37:18.2678936Z   type: 'test'
2026-09-23T11:37:18.2679246Z   ...
2026-09-23T11:37:18.2682973Z # Subtest: removed readers receive their removal boundary but cannot enumerate future membership or request future snapshots
2026-09-23T11:37:18.2684756Z ok 47 - removed readers receive their removal boundary but cannot enumerate future membership or request future snapshots
2026-09-23T11:37:18.2685711Z   ---
2026-09-23T11:37:18.2686069Z   duration_ms: 1075.6208
2026-09-23T11:37:18.2686451Z   type: 'test'
2026-09-23T11:37:18.2686760Z   ...
2026-09-23T11:37:18.2687652Z # Subtest: invitation authorizes bounded public ancestry, never a private snapshot before membership
2026-09-23T11:37:18.2690164Z ok 48 - invitation authorizes bounded public ancestry, never a private snapshot before membership
2026-09-23T11:37:18.2691005Z   ---
2026-09-23T11:37:18.2691345Z   duration_ms: 75.6473
2026-09-23T11:37:18.2691719Z   type: 'test'
2026-09-23T11:37:18.2692029Z   ...
2026-09-23T11:37:18.2692992Z # Subtest: carrier schema keeps malformed proof tails for the transactional verifier while bounding inputs
2026-09-23T11:37:18.2694465Z ok 49 - carrier schema keeps malformed proof tails for the transactional verifier while bounding inputs
2026-09-23T11:37:18.2695322Z   ---
2026-09-23T11:37:18.2695639Z   duration_ms: 499.7892
2026-09-23T11:37:18.2696000Z   type: 'test'
2026-09-23T11:37:18.2696323Z   ...
2026-09-23T11:37:18.2698488Z # Subtest: fork proofs are served together and private snapshots at the fork are not re-encrypted
2026-09-23T11:37:18.2699811Z ok 50 - fork proofs are served together and private snapshots at the fork are not re-encrypted
2026-09-23T11:37:18.2700553Z   ---
2026-09-23T11:37:18.2700863Z   duration_ms: 650.0204
2026-09-23T11:37:18.2701206Z   type: 'test'
2026-09-23T11:37:18.2701494Z   ...
2026-09-23T11:37:20.2379271Z # Subtest: newcomer validates exact join consent from signed parent header without old snapshot keys
2026-09-23T11:37:20.2380918Z ok 51 - newcomer validates exact join consent from signed parent header without old snapshot keys
2026-09-23T11:37:20.2381915Z   ---
2026-09-23T11:37:20.2390193Z   duration_ms: 107.3241
2026-09-23T11:37:20.2390804Z   type: 'test'
2026-09-23T11:37:20.2392539Z   ...
2026-09-23T11:37:20.2395134Z # Subtest: permanent group anchor has real creator signature, exact schema and separate carrier identity
2026-09-23T11:37:20.2396864Z ok 52 - permanent group anchor has real creator signature, exact schema and separate carrier identity
2026-09-23T11:37:20.2397951Z   ---
2026-09-23T11:37:20.2398501Z   duration_ms: 13.7817
2026-09-23T11:37:20.2399091Z   type: 'test'
2026-09-23T11:37:20.2399603Z   ...
2026-09-23T11:37:20.2400747Z # Subtest: invitation and signed consent do not alter roster until the creator commits the exact parent
2026-09-23T11:37:20.2402372Z ok 53 - invitation and signed consent do not alter roster until the creator commits the exact parent
2026-09-23T11:37:20.2403398Z   ---
2026-09-23T11:37:20.2403947Z   duration_ms: 54.7163
2026-09-23T11:37:20.2404530Z   type: 'test'
2026-09-23T11:37:20.2405039Z   ...
2026-09-23T11:37:20.2406342Z # Subtest: newcomer reads real new ciphertext without obtaining historical keys; removed reader cannot read new content
2026-09-23T11:37:20.2408688Z ok 54 - newcomer reads real new ciphertext without obtaining historical keys; removed reader cannot read new content
2026-09-23T11:37:20.2409881Z   ---
2026-09-23T11:37:20.2410719Z   duration_ms: 92.4582
2026-09-23T11:37:20.2414138Z   type: 'test'
2026-09-23T11:37:20.2417696Z   ...
2026-09-23T11:37:20.2418618Z # Subtest: stale, substituted, missing or extra member consents cannot commit a roster
2026-09-23T11:37:20.2420071Z ok 55 - stale, substituted, missing or extra member consents cannot commit a roster
2026-09-23T11:37:20.2420797Z   ---
2026-09-23T11:37:20.2421136Z   duration_ms: 103.2971
2026-09-23T11:37:20.2455663Z   type: 'test'
2026-09-23T11:37:20.2458040Z   ...
2026-09-23T11:37:20.2463065Z # Subtest: removal and rejoin remain restrictive across the complete path even with identical final cards
2026-09-23T11:37:20.2464946Z ok 56 - removal and rejoin remain restrictive across the complete path even with identical final cards
2026-09-23T11:37:20.2465771Z   ---
2026-09-23T11:37:20.2466106Z   duration_ms: 97.8416
2026-09-23T11:37:20.2466470Z   type: 'test'
2026-09-23T11:37:20.2466766Z   ...
2026-09-23T11:37:20.2467679Z # Subtest: creator reading-card replacement preserves signing authority but requires fresh signed consent
2026-09-23T11:37:20.2469118Z ok 57 - creator reading-card replacement preserves signing authority but requires fresh signed consent
2026-09-23T11:37:20.2469919Z   ---
2026-09-23T11:37:20.2470227Z   duration_ms: 71.1623
2026-09-23T11:37:20.2470575Z   type: 'test'
2026-09-23T11:37:20.2470855Z   ...
2026-09-23T11:37:20.2471761Z # Subtest: signed schema tampering, roster duplication, invalid order and snapshot substitution fail
2026-09-23T11:37:20.2473390Z ok 58 - signed schema tampering, roster duplication, invalid order and snapshot substitution fail
2026-09-23T11:37:20.2474311Z   ---
2026-09-23T11:37:20.2474768Z   duration_ms: 51.9579
2026-09-23T11:37:20.2475262Z   type: 'test'
2026-09-23T11:37:20.2475714Z   ...
2026-09-23T11:37:20.2476613Z # Subtest: closure preserves the committed historical state and reserves the final epoch
2026-09-23T11:37:20.2477918Z ok 59 - closure preserves the committed historical state and reserves the final epoch
2026-09-23T11:37:20.2478927Z   ---
2026-09-23T11:37:20.2479387Z   duration_ms: 73.5238
2026-09-23T11:37:20.2479887Z   type: 'test'
2026-09-23T11:37:20.2480331Z   ...
2026-09-23T11:37:20.2484604Z # Subtest: a valid creator fork cannot masquerade as a contiguous successor or grant reader authority
2026-09-23T11:37:20.2486216Z ok 60 - a valid creator fork cannot masquerade as a contiguous successor or grant reader authority
2026-09-23T11:37:20.2488102Z   ---
2026-09-23T11:37:20.2488569Z   duration_ms: 65.3156
2026-09-23T11:37:20.2489067Z   type: 'test'
2026-09-23T11:37:20.2489555Z   ...
2026-09-23T11:37:20.2490504Z # Subtest: full 64-member roster is bounded; capacity and title failures do not mutate its parent
2026-09-23T11:37:20.2491901Z ok 61 - full 64-member roster is bounded; capacity and title failures do not mutate its parent
2026-09-23T11:37:20.2492778Z   ---
2026-09-23T11:37:20.2493229Z   duration_ms: 896.2426
2026-09-23T11:37:20.2493732Z   type: 'test'
2026-09-23T11:37:20.2494175Z   ...
2026-09-23T11:37:20.2495242Z # Subtest: member leave is a signed request with no direct roster effect and cannot replace creator closure
2026-09-23T11:37:20.2496770Z ok 62 - member leave is a signed request with no direct roster effect and cannot replace creator closure
2026-09-23T11:37:20.2497545Z   ---
2026-09-23T11:37:20.2497846Z   duration_ms: 65.3415
2026-09-23T11:37:20.2498195Z   type: 'test'
2026-09-23T11:37:20.2498471Z   ...
2026-09-23T11:37:20.8013507Z # (node:2204) ExperimentalWarning: SQLite is an experimental feature and might change at any time
2026-09-23T11:37:20.8015179Z # (Use `node --trace-warnings ...` to show where the warning was created)
2026-09-23T11:37:26.4576688Z # Subtest: group confirmation rollback cannot transmit before successful admission
2026-09-23T11:37:26.4578313Z ok 63 - group confirmation rollback cannot transmit before successful admission
2026-09-23T11:37:26.4579206Z   ---
2026-09-23T11:37:26.4579892Z   duration_ms: 5660.3326
2026-09-23T11:37:26.4580757Z   type: 'test'
2026-09-23T11:37:26.4581061Z   ...
2026-09-23T11:37:31.7504250Z # Subtest: group confirmation lost commit response cannot transmit before successful admission
2026-09-23T11:37:31.7505615Z ok 64 - group confirmation lost commit response cannot transmit before successful admission
2026-09-23T11:37:31.7506406Z   ---
2026-09-23T11:37:31.7506765Z   duration_ms: 5292.2356
2026-09-23T11:37:31.7507162Z   type: 'test'
2026-09-23T11:37:31.7507474Z   ...
2026-09-23T11:37:36.6797591Z # Subtest: blocked readers and missing original bytes cannot mint a group read fact
2026-09-23T11:37:36.6798722Z ok 65 - blocked readers and missing original bytes cannot mint a group read fact
2026-09-23T11:37:36.6799155Z   ---
2026-09-23T11:37:36.6799364Z   duration_ms: 4929.0678
2026-09-23T11:37:36.6799591Z   type: 'test'
2026-09-23T11:37:36.6799771Z   ...
2026-09-23T11:37:42.4347938Z # Subtest: missing historical group proof pauses confirmation until verified proof is restored
2026-09-23T11:37:42.4349385Z ok 66 - missing historical group proof pauses confirmation until verified proof is restored
2026-09-23T11:37:42.4349877Z   ---
2026-09-23T11:37:42.4350098Z   duration_ms: 5758.9592
2026-09-23T11:37:42.4350348Z   type: 'test'
2026-09-23T11:37:42.4350546Z   ...
2026-09-23T11:37:50.6112604Z # Subtest: real Node group automatic delivery and historical read after closure retain original audience
2026-09-23T11:37:50.6115159Z ok 67 - real Node group automatic delivery and historical read after closure retain original audience
2026-09-23T11:37:50.6116029Z   ---
2026-09-23T11:37:50.6116376Z   duration_ms: 7921.2346
2026-09-23T11:37:50.6116845Z   type: 'test'
2026-09-23T11:37:50.6117164Z   ...
2026-09-23T11:37:52.5395003Z # Subtest: opaque Node relay rejects public, oversized and excessive-lifetime controls before storage and forwarding
2026-09-23T11:37:52.5398029Z ok 68 - opaque Node relay rejects public, oversized and excessive-lifetime controls before storage and forwarding
2026-09-23T11:37:52.5399043Z   ---
2026-09-23T11:37:52.5399409Z   duration_ms: 1583.2855
2026-09-23T11:37:52.5399814Z   type: 'test'
2026-09-23T11:37:52.5400134Z   ...
2026-09-23T11:37:57.1136865Z # (node:2008) ExperimentalWarning: SQLite is an experimental feature and might change at any time
2026-09-23T11:37:57.1137733Z # (Use `node --trace-warnings ...` to show where the warning was created)
2026-09-23T11:37:57.1157573Z # Subtest: proof no-op optimisation still checks recipient scope, snapshot bytes and local participation
2026-09-23T11:37:57.1160546Z ok 69 - proof no-op optimisation still checks recipient scope, snapshot bytes and local participation
2026-09-23T11:37:57.1161736Z   ---
2026-09-23T11:37:57.1162325Z   duration_ms: 743.5509
2026-09-23T11:37:57.1162936Z   type: 'test'
2026-09-23T11:37:57.1163217Z   ...
2026-09-23T11:37:57.1167964Z # Subtest: verified cached proof replay avoids authority reapplication but still adopts a new safety header before a bad snapshot
2026-09-23T11:37:57.1171946Z ok 70 - verified cached proof replay avoids authority reapplication but still adopts a new safety header before a bad snapshot
2026-09-23T11:37:57.1172980Z   ---
2026-09-23T11:37:57.1173221Z   duration_ms: 3302.4984
2026-09-23T11:37:57.1173452Z   type: 'test'
2026-09-23T11:37:57.1173630Z   ...
2026-09-23T11:37:57.1173957Z # {"replayed":11,"applications":0,"unlockMs":866.3991000000001}
2026-09-23T11:37:57.6660724Z # (node:8716) ExperimentalWarning: SQLite is an experimental feature and might change at any time
2026-09-23T11:37:57.6661968Z # (Use `node --trace-warnings ...` to show where the warning was created)
2026-09-23T11:38:03.3466268Z # Subtest: group event admission rollback cannot release bytes early
2026-09-23T11:38:03.3468353Z ok 71 - group event admission rollback cannot release bytes early
2026-09-23T11:38:03.3469305Z   ---
2026-09-23T11:38:03.3469718Z   duration_ms: 5683.5367
2026-09-23T11:38:03.3470058Z   type: 'test'
2026-09-23T11:38:03.3470542Z   ...
2026-09-23T11:38:08.8253278Z # Subtest: group event admission lost response cannot release bytes early
2026-09-23T11:38:08.8256959Z ok 72 - group event admission lost response cannot release bytes early
2026-09-23T11:38:08.8257847Z   ---
2026-09-23T11:38:08.8258448Z   duration_ms: 5478.1781
2026-09-23T11:38:08.8260868Z   type: 'test'
2026-09-23T11:38:08.8261324Z   ...
2026-09-23T11:38:14.0350892Z # Subtest: group event content-store failure before payload write preserves honest availability
2026-09-23T11:38:14.0352253Z ok 73 - group event content-store failure before payload write preserves honest availability
2026-09-23T11:38:14.0353031Z   ---
2026-09-23T11:38:14.0353364Z   duration_ms: 5209.7132
2026-09-23T11:38:14.0353777Z   type: 'test'
2026-09-23T11:38:14.0354069Z   ...
2026-09-23T11:38:19.3267225Z # Subtest: group event content-store failure after payload write preserves honest availability
2026-09-23T11:38:19.3268441Z ok 74 - group event content-store failure after payload write preserves honest availability
2026-09-23T11:38:19.3268912Z   ---
2026-09-23T11:38:19.3269126Z   duration_ms: 5291.1866
2026-09-23T11:38:19.3269358Z   type: 'test'
2026-09-23T11:38:19.3269539Z   ...
2026-09-23T11:38:24.9153406Z # Subtest: group event close retires retained packets and refuses later serving with a reachable control
2026-09-23T11:38:24.9155072Z ok 75 - group event close retires retained packets and refuses later serving with a reachable control
2026-09-23T11:38:24.9155907Z   ---
2026-09-23T11:38:24.9156330Z   duration_ms: 5587.7215
2026-09-23T11:38:24.9156755Z   type: 'test'
2026-09-23T11:38:24.9157049Z   ...
2026-09-23T11:38:30.1574688Z # Subtest: group event block retires retained packets and refuses later serving with a reachable control
2026-09-23T11:38:30.1575591Z ok 76 - group event block retires retained packets and refuses later serving with a reachable control
2026-09-23T11:38:30.1576053Z   ---
2026-09-23T11:38:30.1576266Z   duration_ms: 5242.8914
2026-09-23T11:38:30.1576513Z   type: 'test'
2026-09-23T11:38:30.1576706Z   ...
2026-09-23T11:38:35.1301062Z # Subtest: group event lock retires retained packets and refuses later serving with a reachable control
2026-09-23T11:38:35.1302498Z ok 77 - group event lock retires retained packets and refuses later serving with a reachable control
2026-09-23T11:38:35.1302981Z   ---
2026-09-23T11:38:35.1303189Z   duration_ms: 4972.6923
2026-09-23T11:38:35.1303419Z   type: 'test'
2026-09-23T11:38:35.1303609Z   ...
2026-09-23T11:38:40.5809454Z # Subtest: group event evicted retires retained packets and refuses later serving with a reachable control
2026-09-23T11:38:40.5810402Z ok 78 - group event evicted retires retained packets and refuses later serving with a reachable control
2026-09-23T11:38:40.5810900Z   ---
2026-09-23T11:38:40.5811158Z   duration_ms: 5450.2892
2026-09-23T11:38:40.5811394Z   type: 'test'
2026-09-23T11:38:40.5811582Z   ...
2026-09-23T11:38:46.7844662Z # Subtest: missing historical target proof pauses new event publication and seeding until exact proof returns
2026-09-23T11:38:46.7845768Z ok 79 - missing historical target proof pauses new event publication and seeding until exact proof returns
2026-09-23T11:38:46.7846334Z   ---
2026-09-23T11:38:46.7846556Z   duration_ms: 6203.5489
2026-09-23T11:38:46.7846803Z   type: 'test'
2026-09-23T11:38:46.7847000Z   ...
2026-09-23T11:38:52.6706964Z # Subtest: corrupt stored event cannot authorise a valid retained packet; exact bytes restore serving
2026-09-23T11:38:52.6708450Z ok 80 - corrupt stored event cannot authorise a valid retained packet; exact bytes restore serving
2026-09-23T11:38:52.6709264Z   ---
2026-09-23T11:38:52.6709613Z   duration_ms: 5890.3733
2026-09-23T11:38:52.6710019Z   type: 'test'
2026-09-23T11:38:52.6710334Z   ...
2026-09-23T11:39:27.1194200Z # Subtest: real Node group newcomer cannot read earlier audiences; peer serves author's edit while author is offline
2026-09-23T11:39:27.1196908Z ok 81 - real Node group newcomer cannot read earlier audiences; peer serves author's edit while author is offline
2026-09-23T11:39:27.1198051Z   ---
2026-09-23T11:39:27.1198395Z   duration_ms: 34181.0291
2026-09-23T11:39:27.1198778Z   type: 'test'
2026-09-23T11:39:27.1199074Z   ...
2026-09-23T11:39:38.7105561Z # Subtest: real Node group reactions/comments/author edits and historical deletion preserve signing ownership
2026-09-23T11:39:38.7110589Z ok 82 - real Node group reactions/comments/author edits and historical deletion preserve signing ownership
2026-09-23T11:39:38.7111521Z   ---
2026-09-23T11:39:38.7111864Z   duration_ms: 11333.691
2026-09-23T11:39:38.7112258Z   type: 'test'
2026-09-23T11:39:38.7112590Z   ...
2026-09-23T11:39:44.5774400Z # (node:4292) ExperimentalWarning: SQLite is an experimental feature and might change at any time
2026-09-23T11:39:44.5775634Z # (Use `node --trace-warnings ...` to show where the warning was created)
2026-09-23T11:39:44.5800223Z # Subtest: an index consuming stop headroom is refused without changing existing data
2026-09-23T11:39:44.5803519Z ok 83 - an index consuming stop headroom is refused without changing existing data
2026-09-23T11:39:44.5804843Z   ---
2026-09-23T11:39:44.5805236Z   duration_ms: 1536.4309
2026-09-23T11:39:44.5805647Z   type: 'test'
2026-09-23T11:39:44.5805961Z   ...
2026-09-23T11:39:44.5810014Z # Subtest: ordinary index growth stops before the protected checkpoint allocation is consumed
2026-09-23T11:39:44.5811352Z ok 84 - ordinary index growth stops before the protected checkpoint allocation is consumed
2026-09-23T11:39:44.5812102Z   ---
2026-09-23T11:39:44.5812438Z   duration_ms: 4088.9958
2026-09-23T11:39:44.5812843Z   type: 'test'
2026-09-23T11:39:44.5813149Z   ...
2026-09-23T11:39:50.4283575Z # (node:612) ExperimentalWarning: SQLite is an experimental feature and might change at any time
2026-09-23T11:39:50.4284813Z # (Use `node --trace-warnings ...` to show where the warning was created)
2026-09-23T11:39:50.4306452Z # Subtest: stop reads share one validated snapshot but invalidate on mutation and scope exit
2026-09-23T11:39:50.4307806Z ok 85 - stop reads share one validated snapshot but invalidate on mutation and scope exit
2026-09-23T11:39:50.4308572Z   ---
2026-09-23T11:39:50.4308924Z   duration_ms: 147.4755
2026-09-23T11:39:50.4309301Z   type: 'test'
2026-09-23T11:39:50.4309607Z   ...
2026-09-23T11:39:50.4313751Z # Subtest: all256 immutable stops fit; retirement preserves retained facts and counts only removed records
2026-09-23T11:39:50.4315257Z ok 86 - all256 immutable stops fit; retirement preserves retained facts and counts only removed records
2026-09-23T11:39:50.4316132Z   ---
2026-09-23T11:39:50.4316472Z   duration_ms: 5406.9838
2026-09-23T11:39:50.4316851Z   type: 'test'
2026-09-23T11:39:50.4317148Z   ...
2026-09-23T11:39:50.4318068Z # Subtest: expired holds have counted removal and malformed counters cannot be used as valid state
2026-09-23T11:39:50.4319734Z ok 87 - expired holds have counted removal and malformed counters cannot be used as valid state
2026-09-23T11:39:50.4320532Z   ---
2026-09-23T11:39:50.4320912Z   duration_ms: 29.8792
2026-09-23T11:39:50.4321281Z   type: 'test'
2026-09-23T11:39:50.4321573Z   ...
2026-09-23T11:40:48.0666738Z # (node:9000) ExperimentalWarning: SQLite is an experimental feature and might change at any time
2026-09-23T11:40:48.0669628Z # (Use `node --trace-warnings ...` to show where the warning was created)
2026-09-23T11:40:48.0689191Z # Subtest: accepted history is authenticated and unknown old content stays separately held after removal
2026-09-23T11:40:48.0690979Z ok 88 - accepted history is authenticated and unknown old content stays separately held after removal
2026-09-23T11:40:48.0691856Z   ---
2026-09-23T11:40:48.0692213Z   duration_ms: 987.251
2026-09-23T11:40:48.0692575Z   type: 'test'
2026-09-23T11:40:48.0693227Z   ...
2026-09-23T11:40:48.0695614Z # Subtest: group closure and immutable outbox stop commit together and callback failure rolls both back
2026-09-23T11:40:48.0698195Z ok 89 - group closure and immutable outbox stop commit together and callback failure rolls both back
2026-09-23T11:40:48.0699289Z   ---
2026-09-23T11:40:48.0699929Z   duration_ms: 185.8151
2026-09-23T11:40:48.0700498Z   type: 'test'
2026-09-23T11:40:48.0700795Z   ...
2026-09-23T11:40:48.0701722Z # Subtest: historical receipt uses only a locally persisted accepted target, never an ID supplied by its sender
2026-09-23T11:40:48.0703168Z ok 90 - historical receipt uses only a locally persisted accepted target, never an ID supplied by its sender
2026-09-23T11:40:48.0704248Z   ---
2026-09-23T11:40:48.0704808Z   duration_ms: 691.456
2026-09-23T11:40:48.0705181Z   type: 'test'
2026-09-23T11:40:48.0705370Z   ...
2026-09-23T11:40:48.0706543Z # Subtest: missing observation clock or malformed authenticated context cannot grant historical access
2026-09-23T11:40:48.0707779Z ok 91 - missing observation clock or malformed authenticated context cannot grant historical access
2026-09-23T11:40:48.0708358Z   ---
2026-09-23T11:40:48.0717080Z   duration_ms: 65.1006
2026-09-23T11:40:48.0717542Z   type: 'test'
2026-09-23T11:40:48.0717955Z   ...
2026-09-23T11:40:48.0718800Z # Subtest: quarantine byte quota uses actual signed ciphertext sizes and refuses overflow
2026-09-23T11:40:48.0720321Z ok 92 - quarantine byte quota uses actual signed ciphertext sizes and refuses overflow
2026-09-23T11:40:48.0741122Z   ---
2026-09-23T11:40:48.0741514Z   duration_ms: 910.7779
2026-09-23T11:40:48.0741897Z   type: 'test'
2026-09-23T11:40:48.0742245Z   ...
2026-09-23T11:40:48.0745137Z # Subtest: minimal outbox stop survives exhausted ordinary space without rewriting private content
2026-09-23T11:40:48.0746507Z ok 93 - minimal outbox stop survives exhausted ordinary space without rewriting private content
2026-09-23T11:40:48.0747292Z   ---
2026-09-23T11:40:48.0747615Z   duration_ms: 104.7645
2026-09-23T11:40:48.0747974Z   type: 'test'
2026-09-23T11:40:48.0748272Z   ...
2026-09-23T11:40:48.0749070Z # Subtest: ledger readers cannot escape the borrowed scope, even when every collection is empty
2026-09-23T11:40:48.0751240Z ok 94 - ledger readers cannot escape the borrowed scope, even when every collection is empty
2026-09-23T11:40:48.0752054Z   ---
2026-09-23T11:40:48.0752414Z   duration_ms: 9.1727
2026-09-23T11:40:48.0752791Z   type: 'test'
2026-09-23T11:40:48.0753101Z   ...
2026-09-23T11:40:48.0757415Z # Subtest: the authority reserve also accommodates every retained outbox stop
2026-09-23T11:40:48.0759920Z ok 95 - the authority reserve also accommodates every retained outbox stop
2026-09-23T11:40:48.0760887Z   ---
2026-09-23T11:40:48.0761455Z   duration_ms: 244.8032
2026-09-23T11:40:48.0762087Z   type: 'test'
2026-09-23T11:40:48.0763068Z   ...
2026-09-23T11:40:48.0764097Z # Subtest: quarantine count remains bounded and replay does not consume another slot
2026-09-23T11:40:48.0765616Z ok 96 - quarantine count remains bounded and replay does not consume another slot
2026-09-23T11:40:48.0766604Z   ---
2026-09-23T11:40:48.0767220Z   duration_ms: 2138.8298
2026-09-23T11:40:48.0767844Z   type: 'test'
2026-09-23T11:40:48.0768375Z   ...
2026-09-23T11:40:48.0769501Z # Subtest: full4096 history respects protected records and retains the exact accepted count on retirement
2026-09-23T11:40:48.0770803Z ok 97 - full4096 history respects protected records and retains the exact accepted count on retirement
2026-09-23T11:40:48.0771273Z   ---
2026-09-23T11:40:48.0771480Z   duration_ms: 52021.2833
2026-09-23T11:40:48.0771708Z   type: 'test'
2026-09-23T11:40:48.0771891Z   ...
2026-09-23T11:41:16.0245376Z # Subtest: Node invitation API retains exact delivery material, bounds pending notices and preserves closure
2026-09-23T11:41:16.0247042Z ok 98 - Node invitation API retains exact delivery material, bounds pending notices and preserves closure
2026-09-23T11:41:16.0247934Z   ---
2026-09-23T11:41:16.0248308Z   duration_ms: 27665.8992
2026-09-23T11:41:16.0248710Z   type: 'test'
2026-09-23T11:41:16.0249018Z   ...
2026-09-23T11:41:20.9730576Z # Subtest: real Node notices deliver invitation, explicit consent and leave without automatic group admission
2026-09-23T11:41:20.9733113Z ok 99 - real Node notices deliver invitation, explicit consent and leave without automatic group admission
2026-09-23T11:41:20.9733666Z   ---
2026-09-23T11:41:20.9733903Z   duration_ms: 4692.2612
2026-09-23T11:41:20.9734157Z   type: 'test'
2026-09-23T11:41:20.9734355Z   ...
2026-09-23T11:41:21.3478879Z # (node:6516) ExperimentalWarning: SQLite is an experimental feature and might change at any time
2026-09-23T11:41:21.3480087Z # (Use `node --trace-warnings ...` to show where the warning was created)
2026-09-23T11:41:29.5814434Z # Subtest: Node replays notice safety headers before sending, blocked source=false
2026-09-23T11:41:29.5816455Z ok 100 - Node replays notice safety headers before sending, blocked source=false
2026-09-23T11:41:29.5817199Z   ---
2026-09-23T11:41:29.5817563Z   duration_ms: 8235.9434
2026-09-23T11:41:29.5817949Z   type: 'test'
2026-09-23T11:41:29.5818314Z   ...
2026-09-23T11:41:37.1231447Z # Subtest: Node replays notice safety headers before sending, blocked source=true
2026-09-23T11:41:37.1232786Z ok 101 - Node replays notice safety headers before sending, blocked source=true
2026-09-23T11:41:37.1233519Z   ---
2026-09-23T11:41:37.1233901Z   duration_ms: 7545.7157
2026-09-23T11:41:37.1234298Z   type: 'test'
2026-09-23T11:41:37.1234958Z   ...
2026-09-23T11:41:37.4118918Z # (node:8036) ExperimentalWarning: SQLite is an experimental feature and might change at any time
2026-09-23T11:41:37.4120338Z # (Use `node --trace-warnings ...` to show where the warning was created)
2026-09-23T11:41:43.5622520Z # Subtest: opaque Node seeder delivers invitation and consent after each original author stops
2026-09-23T11:41:43.5624097Z ok 102 - opaque Node seeder delivers invitation and consent after each original author stops
2026-09-23T11:41:43.5624859Z   ---
2026-09-23T11:41:43.5625219Z   duration_ms: 6157.113
2026-09-23T11:41:43.5625588Z   type: 'test'
2026-09-23T11:41:43.5625866Z   ...
2026-09-23T11:41:55.2799334Z # (node:4952) ExperimentalWarning: SQLite is an experimental feature and might change at any time
2026-09-23T11:41:55.2800533Z # (Use `node --trace-warnings ...` to show where the warning was created)
2026-09-23T11:41:55.2836262Z # Subtest: private notices bind invitation, consent and leave without conferring signing ownership or local admission
2026-09-23T11:41:55.2840134Z ok 103 - private notices bind invitation, consent and leave without conferring signing ownership or local admission
2026-09-23T11:41:55.2841127Z   ---
2026-09-23T11:41:55.2841386Z   duration_ms: 683.1263
2026-09-23T11:41:55.2841631Z   type: 'test'
2026-09-23T11:41:55.2841814Z   ...
2026-09-23T11:41:55.2844257Z # Subtest: invitation result and exact delivery card commit together and survive reopening encrypted SQLite
2026-09-23T11:41:55.2846102Z ok 104 - invitation result and exact delivery card commit together and survive reopening encrypted SQLite
2026-09-23T11:41:55.2846728Z   ---
2026-09-23T11:41:55.2846949Z   duration_ms: 123.6371
2026-09-23T11:41:55.2847185Z   type: 'test'
2026-09-23T11:41:55.2847365Z   ...
2026-09-23T11:41:55.2852025Z # Subtest: issuer quota, duplicate reads and dismissal replay memory stay bounded without changing group state
2026-09-23T11:41:55.2854466Z ok 105 - issuer quota, duplicate reads and dismissal replay memory stay bounded without changing group state
2026-09-23T11:41:55.2855378Z   ---
2026-09-23T11:41:55.2855729Z   duration_ms: 663.2895
2026-09-23T11:41:55.2856148Z   type: 'test'
2026-09-23T11:41:55.2856473Z   ...
2026-09-23T11:41:55.2857313Z # Subtest: finite notice history retires oldest entries without making a replay local consent
2026-09-23T11:41:55.2858827Z ok 106 - finite notice history retires oldest entries without making a replay local consent
2026-09-23T11:41:55.2859629Z   ---
2026-09-23T11:41:55.2859989Z   duration_ms: 9851.8178
2026-09-23T11:41:55.2860408Z   type: 'test'
2026-09-23T11:41:55.2861077Z   ...
2026-09-23T11:41:55.2862079Z # Subtest: authenticated malformed notice metadata aborts the outer transaction even if its error is caught
2026-09-23T11:41:55.2863960Z ok 107 - authenticated malformed notice metadata aborts the outer transaction even if its error is caught
2026-09-23T11:41:55.2864986Z   ---
2026-09-23T11:41:55.2865334Z   duration_ms: 63.4092
2026-09-23T11:41:55.2865797Z   type: 'test'
2026-09-23T11:41:55.2866114Z   ...
2026-09-23T11:41:55.2866949Z # Subtest: failed dismissal cannot lose an invitation when the caller swallows the write error
2026-09-23T11:41:55.2868169Z ok 108 - failed dismissal cannot lose an invitation when the caller swallows the write error
2026-09-23T11:41:55.2868625Z   ---
2026-09-23T11:41:55.2868818Z   duration_ms: 68.0336
2026-09-23T11:41:55.2869044Z   type: 'test'
2026-09-23T11:41:55.2869219Z   ...
2026-09-23T11:42:15.4432297Z # (node:4468) ExperimentalWarning: SQLite is an experimental feature and might change at any time
2026-09-23T11:42:15.4433160Z # (Use `node --trace-warnings ...` to show where the warning was created)
2026-09-23T11:42:15.4534786Z # Subtest: missing private proof pauses a valid reserved send without losing availability, then releases its obsolete hold
2026-09-23T11:42:15.4537229Z ok 109 - missing private proof pauses a valid reserved send without losing availability, then releases its obsolete hold
2026-09-23T11:42:15.4538627Z   ---
2026-09-23T11:42:15.4539923Z   duration_ms: 2342.4508
2026-09-23T11:42:15.4540325Z   type: 'test'
2026-09-23T11:42:15.4540583Z   ...
2026-09-23T11:42:15.4541336Z # Subtest: runtime closure persists the minimal stop without rewriting the private document and releases only automatic protection
2026-09-23T11:42:15.4543304Z ok 110 - runtime closure persists the minimal stop without rewriting the private document and releases only automatic protection
2026-09-23T11:42:15.4543930Z   ---
2026-09-23T11:42:15.4544191Z   duration_ms: 2118.8285
2026-09-23T11:42:15.4544516Z   type: 'test'
2026-09-23T11:42:15.4544928Z   ...
2026-09-23T11:42:15.4546160Z # Subtest: runtime group stop and closure recover together after rollback
2026-09-23T11:42:15.4548155Z ok 111 - runtime group stop and closure recover together after rollback
2026-09-23T11:42:15.4548609Z   ---
2026-09-23T11:42:15.4548880Z   duration_ms: 1335.3625
2026-09-23T11:42:15.4549198Z   type: 'test'
2026-09-23T11:42:15.4549438Z   ...
2026-09-23T11:42:15.4550893Z # Subtest: runtime group stop and closure recover together after lost commit response
2026-09-23T11:42:15.4553124Z ok 112 - runtime group stop and closure recover together after lost commit response
2026-09-23T11:42:15.4553952Z   ---
2026-09-23T11:42:15.4554625Z   duration_ms: 1090.5615
2026-09-23T11:42:15.4555149Z   type: 'test'
2026-09-23T11:42:15.4555515Z   ...
2026-09-23T11:42:15.4556551Z # Subtest: full normal database quota still commits a group stop while the ordinary growth control fails
2026-09-23T11:42:15.4558150Z ok 113 - full normal database quota still commits a group stop while the ordinary growth control fails
2026-09-23T11:42:15.4559319Z   ---
2026-09-23T11:42:15.4559583Z   duration_ms: 3790.5863
2026-09-23T11:42:15.4559811Z   type: 'test'
2026-09-23T11:42:15.4559990Z   ...
2026-09-23T11:42:15.4564849Z # Subtest: forged stop mirror, mismatched binding and orphan stop all fail authenticated reopening
2026-09-23T11:42:15.4566669Z     # Subtest: mirror
2026-09-23T11:42:15.4568174Z     ok 1 - mirror
2026-09-23T11:42:15.4569065Z       ---
2026-09-23T11:42:15.4569622Z       duration_ms: 1099.0017
2026-09-23T11:42:15.4570199Z       type: 'test'
2026-09-23T11:42:15.4570815Z       ...
2026-09-23T11:42:15.4588516Z     # Subtest: binding
2026-09-23T11:42:15.4589348Z     ok 2 - binding
2026-09-23T11:42:15.4589987Z       ---
2026-09-23T11:42:15.4590948Z       duration_ms: 1310.2173
2026-09-23T11:42:15.4591864Z       type: 'test'
2026-09-23T11:42:15.4593264Z       ...
2026-09-23T11:42:15.4593742Z     # Subtest: orphan
2026-09-23T11:42:15.4594323Z     ok 3 - orphan
2026-09-23T11:42:15.4594626Z       ---
2026-09-23T11:42:15.4595100Z       duration_ms: 1261.907
2026-09-23T11:42:15.4595419Z       type: 'test'
2026-09-23T11:42:15.4595681Z       ...
2026-09-23T11:42:15.4595957Z     1..3
2026-09-23T11:42:15.4596503Z ok 114 - forged stop mirror, mismatched binding and orphan stop all fail authenticated reopening
2026-09-23T11:42:15.4597027Z   ---
2026-09-23T11:42:15.4597293Z   duration_ms: 3672.1915
2026-09-23T11:42:15.4597611Z   type: 'test'
2026-09-23T11:42:15.4597853Z   ...
2026-09-23T11:42:15.4598462Z # Subtest: bounded stopped entries coexist with 128 new pending operations; half bindings and extra fields fail
2026-09-23T11:42:15.4599410Z ok 115 - bounded stopped entries coexist with 128 new pending operations; half bindings and extra fields fail
2026-09-23T11:42:15.4599948Z   ---
2026-09-23T11:42:15.4600204Z   duration_ms: 1124.3858
2026-09-23T11:42:15.4600513Z   type: 'test'
2026-09-23T11:42:15.4600756Z   ...
2026-09-23T11:42:15.4601316Z # Subtest: a restrictive prefix with an invalid tail stops the runtime intent in its accepted transaction
2026-09-23T11:42:15.4602194Z ok 116 - a restrictive prefix with an invalid tail stops the runtime intent in its accepted transaction
2026-09-23T11:42:15.4602708Z   ---
2026-09-23T11:42:15.4602955Z   duration_ms: 1184.7541
2026-09-23T11:42:15.4603263Z   type: 'test'
2026-09-23T11:42:15.4603497Z   ...
2026-09-23T11:42:15.4603992Z # Subtest: stop retirement and removal of the corresponding intent share a private commit
2026-09-23T11:42:15.4604764Z ok 117 - stop retirement and removal of the corresponding intent share a private commit
2026-09-23T11:42:15.4605232Z   ---
2026-09-23T11:42:15.4605483Z   duration_ms: 1831.3511
2026-09-23T11:42:15.4605740Z   type: 'test'
2026-09-23T11:42:15.4606003Z   ...
2026-09-23T11:42:16.9093671Z # Subtest: runtime stop cancels its existing transport queue
2026-09-23T11:42:16.9094996Z ok 118 - runtime stop cancels its existing transport queue
2026-09-23T11:42:16.9096620Z   ---
2026-09-23T11:42:16.9097094Z   duration_ms: 1620.9153
2026-09-23T11:42:16.9097558Z   type: 'test'
2026-09-23T11:42:16.9097899Z   ...
2026-09-23T11:42:18.6345669Z # Subtest: runtime negative control delivers its existing transport queue
2026-09-23T11:42:18.6347619Z ok 119 - runtime negative control delivers its existing transport queue
2026-09-23T11:42:18.6352089Z   ---
2026-09-23T11:42:18.6352852Z   duration_ms: 1553.3265
2026-09-23T11:42:18.6353379Z   type: 'test'
2026-09-23T11:42:18.6353787Z   ...
2026-09-23T11:42:21.1546234Z # Subtest: real TCP cache request checks active author authority even after delivery completed
2026-09-23T11:42:21.1547817Z ok 120 - real TCP cache request checks active author authority even after delivery completed
2026-09-23T11:42:21.1548714Z   ---
2026-09-23T11:42:21.1549160Z   duration_ms: 2307.0224
2026-09-23T11:42:21.1549677Z   type: 'test'
2026-09-23T11:42:21.1550084Z   ...
2026-09-23T11:42:23.2413284Z # Subtest: real TCP cache request checks closed author authority even after delivery completed
2026-09-23T11:42:23.2415134Z ok 121 - real TCP cache request checks closed author authority even after delivery completed
2026-09-23T11:42:23.2416135Z   ---
2026-09-23T11:42:23.2416448Z   duration_ms: 2270.5529
2026-09-23T11:42:23.2416766Z   type: 'test'
2026-09-23T11:42:23.2417050Z   ...
2026-09-23T11:42:23.8314468Z # Subtest: real TCP cache request checks locked author authority even after delivery completed
2026-09-23T11:42:23.8316194Z ok 122 - real TCP cache request checks locked author authority even after delivery completed
2026-09-23T11:42:23.8317233Z   ---
2026-09-23T11:42:23.8317842Z   duration_ms: 1764.9928
2026-09-23T11:42:23.8318842Z   type: 'test'
2026-09-23T11:42:23.8319372Z   ...
2026-09-23T11:42:24.7901606Z # (node:5716) ExperimentalWarning: SQLite is an experimental feature and might change at any time
2026-09-23T11:42:24.7902921Z # (Use `node --trace-warnings ...` to show where the warning was created)
2026-09-23T11:42:24.7942851Z # Subtest: repeated authority reads share verified checkpoint work only inside an unchanged transaction
2026-09-23T11:42:24.7946268Z ok 123 - repeated authority reads share verified checkpoint work only inside an unchanged transaction
2026-09-23T11:42:24.7947612Z   ---
2026-09-23T11:42:24.7948359Z   duration_ms: 101.3001
2026-09-23T11:42:24.7949119Z   type: 'test'
2026-09-23T11:42:24.7949819Z   ...
2026-09-23T11:42:24.7951023Z # Subtest: a write after a cached read revalidates corruption and aborts the outer transaction
2026-09-23T11:42:24.7952492Z ok 124 - a write after a cached read revalidates corruption and aborts the outer transaction
2026-09-23T11:42:24.7953408Z   ---
2026-09-23T11:42:24.7953852Z   duration_ms: 67.4036
2026-09-23T11:42:24.7954359Z   type: 'test'
2026-09-23T11:42:24.7954836Z   ...
2026-09-23T11:42:24.7956376Z # Subtest: a closure in the same authority scope invalidates an earlier active view
2026-09-23T11:42:24.7957920Z ok 125 - a closure in the same authority scope invalidates an earlier active view
2026-09-23T11:42:24.7959050Z   ---
2026-09-23T11:42:24.7959714Z   duration_ms: 124.4843
2026-09-23T11:42:24.7960434Z   type: 'test'
2026-09-23T11:42:24.7961104Z   ...
2026-09-23T11:42:24.7962554Z # Subtest: a cached checkpoint cannot hide deletion of its referenced epoch: proof
2026-09-23T11:42:24.7964031Z ok 126 - a cached checkpoint cannot hide deletion of its referenced epoch: proof
2026-09-23T11:42:24.7965243Z   ---
2026-09-23T11:42:24.7965943Z   duration_ms: 51.592
2026-09-23T11:42:24.7966775Z   type: 'test'
2026-09-23T11:42:24.7967470Z   ...
2026-09-23T11:42:24.7968614Z # Subtest: a cached checkpoint cannot hide deletion of its referenced snapshot: proof
2026-09-23T11:42:24.7970322Z ok 127 - a cached checkpoint cannot hide deletion of its referenced snapshot: proof
2026-09-23T11:42:24.7971338Z   ---
2026-09-23T11:42:24.7971854Z   duration_ms: 68.2647
2026-09-23T11:42:24.7972409Z   type: 'test'
2026-09-23T11:42:24.7972816Z   ...
2026-09-23T11:42:24.7973740Z # Subtest: the scoped checkpoint work cache evicts old groups instead of retaining every read
2026-09-23T11:42:24.7975136Z ok 128 - the scoped checkpoint work cache evicts old groups instead of retaining every read
2026-09-23T11:42:24.7975987Z   ---
2026-09-23T11:42:24.7976413Z   duration_ms: 233.3636
2026-09-23T11:42:24.7976880Z   type: 'test'
2026-09-23T11:42:24.7977249Z   ...
2026-09-23T11:42:31.2194611Z # (node:9064) ExperimentalWarning: SQLite is an experimental feature and might change at any time
2026-09-23T11:42:31.2307092Z # (Use `node --trace-warnings ...` to show where the warning was created)
2026-09-23T11:42:31.2368779Z # Subtest: creator state is encrypted, permanent and idempotent while its operation is retained
2026-09-23T11:42:31.2425740Z ok 129 - creator state is encrypted, permanent and idempotent while its operation is retained
2026-09-23T11:42:31.2427815Z   ---
2026-09-23T11:42:31.2429808Z   duration_ms: 116.7449
2026-09-23T11:42:31.2432559Z   type: 'test'
2026-09-23T11:42:31.2440170Z   ...
2026-09-23T11:42:31.2442758Z # Subtest: explicit invitation needs complete ancestry and fresh consent before local membership
2026-09-23T11:42:31.2445379Z ok 130 - explicit invitation needs complete ancestry and fresh consent before local membership
2026-09-23T11:42:31.2510696Z   ---
2026-09-23T11:42:31.2513116Z   duration_ms: 593
2026-09-23T11:42:31.2515657Z   type: 'test'
2026-09-23T11:42:31.2523535Z   ...
2026-09-23T11:42:31.2544581Z # Subtest: unknown groups, invalid signer and signed orphan hints cannot allocate, advance or freeze authority
2026-09-23T11:42:31.2546617Z ok 131 - unknown groups, invalid signer and signed orphan hints cannot allocate, advance or freeze authority
2026-09-23T11:42:31.2548981Z   ---
2026-09-23T11:42:31.2550223Z   duration_ms: 154.2619
2026-09-23T11:42:31.2550787Z   type: 'test'
2026-09-23T11:42:31.2551396Z   ...
2026-09-23T11:42:31.2552344Z # Subtest: an incumbent cannot skip an invalid intermediate membership snapshot
2026-09-23T11:42:31.2553987Z ok 132 - an incumbent cannot skip an invalid intermediate membership snapshot
2026-09-23T11:42:31.2555081Z   ---
2026-09-23T11:42:31.2555640Z   duration_ms: 273.2625
2026-09-23T11:42:31.2556212Z   type: 'test'
2026-09-23T11:42:31.2556768Z   ...
2026-09-23T11:42:31.2557810Z # Subtest: creator equivocation freezes durably; stale hints do not choose or erase a branch
2026-09-23T11:42:31.2559186Z ok 133 - creator equivocation freezes durably; stale hints do not choose or erase a branch
2026-09-23T11:42:31.2560058Z   ---
2026-09-23T11:42:31.2560500Z   duration_ms: 222.9642
2026-09-23T11:42:31.2560971Z   type: 'test'
2026-09-23T11:42:31.2561426Z   ...
2026-09-23T11:42:31.2562322Z # Subtest: local leave survives restart and old consent replay; reentry requires a new committed nonce
2026-09-23T11:42:31.2564081Z ok 134 - local leave survives restart and old consent replay; reentry requires a new committed nonce
2026-09-23T11:42:31.2564985Z   ---
2026-09-23T11:42:31.2565445Z   duration_ms: 1184.6064
2026-09-23T11:42:31.2565976Z   type: 'test'
2026-09-23T11:42:31.2566457Z   ...
2026-09-23T11:42:31.2567214Z # Subtest: a late join response cannot restore membership across a subsequent removal
2026-09-23T11:42:31.2568561Z ok 135 - a late join response cannot restore membership across a subsequent removal
2026-09-23T11:42:31.2569510Z   ---
2026-09-23T11:42:31.2570002Z   duration_ms: 432.1435
2026-09-23T11:42:31.2570552Z   type: 'test'
2026-09-23T11:42:31.2571051Z   ...
2026-09-23T11:42:31.2571870Z # Subtest: storage pressure persists a stop checkpoint instead of using an obsolete roster
2026-09-23T11:42:31.2573095Z ok 136 - storage pressure persists a stop checkpoint instead of using an obsolete roster
2026-09-23T11:42:31.2573889Z   ---
2026-09-23T11:42:31.2574337Z   duration_ms: 137.3626
2026-09-23T11:42:31.2574860Z   type: 'test'
2026-09-23T11:42:31.2575291Z   ...
2026-09-23T11:42:31.2576190Z # Subtest: closure and a stale expected parent cannot create a successor or bypass idempotency
2026-09-23T11:42:31.2577581Z ok 137 - closure and a stale expected parent cannot create a successor or bypass idempotency
2026-09-23T11:42:31.2578444Z   ---
2026-09-23T11:42:31.2578908Z   duration_ms: 252.181
2026-09-23T11:42:31.2579383Z   type: 'test'
2026-09-23T11:42:31.2579796Z   ...
2026-09-23T11:42:31.2580631Z # Subtest: 64 remembered groups are retained; capacity is not reset by closing them
2026-09-23T11:42:31.2581803Z ok 138 - 64 remembered groups are retained; capacity is not reset by closing them
2026-09-23T11:42:31.2582582Z   ---
2026-09-23T11:42:31.2583464Z   duration_ms: 2668.0468
2026-09-23T11:42:31.2583970Z   type: 'test'
2026-09-23T11:42:31.2584394Z   ...
2026-09-23T11:42:31.8433782Z # Subtest: two real creator processes use compare-and-set and cannot commit siblings in one registry
2026-09-23T11:42:31.8435732Z ok 139 - two real creator processes use compare-and-set and cannot commit siblings in one registry
2026-09-23T11:42:31.8436624Z   ---
2026-09-23T11:42:31.8437041Z   duration_ms: 633.5902
2026-09-23T11:42:31.8437556Z   type: 'test'
2026-09-23T11:42:31.8437829Z   ...
2026-09-23T11:42:47.0318409Z # Subtest: real process crashes preserve atomic authority and the original operation after a lost response
2026-09-23T11:42:47.0320330Z ok 140 - real process crashes preserve atomic authority and the original operation after a lost response
2026-09-23T11:42:47.0321507Z   ---
2026-09-23T11:42:47.0322108Z   duration_ms: 702.0597
2026-09-23T11:42:47.0322723Z   type: 'test'
2026-09-23T11:42:47.0323235Z   ...
2026-09-23T11:42:47.0324398Z # Subtest: later snapshots wait for a missing intermediate state and activate after its verified arrival
2026-09-23T11:42:47.0326003Z ok 141 - later snapshots wait for a missing intermediate state and activate after its verified arrival
2026-09-23T11:42:47.0327037Z   ---
2026-09-23T11:42:47.0327606Z   duration_ms: 992.909
2026-09-23T11:42:47.0328166Z   type: 'test'
2026-09-23T11:42:47.0328659Z   ...
2026-09-23T11:42:47.0330045Z # Subtest: capacity recovery adopts the exact stopped header and still needs its private state
2026-09-23T11:42:47.0331776Z ok 142 - capacity recovery adopts the exact stopped header and still needs its private state
2026-09-23T11:42:47.0332692Z   ---
2026-09-23T11:42:47.0333255Z   duration_ms: 260.0822
2026-09-23T11:42:47.0333817Z   type: 'test'
2026-09-23T11:42:47.0334310Z   ...
2026-09-23T11:42:47.0335447Z # Subtest: snapshot capacity stops survive restart; freeing space alone cannot reactivate membership
2026-09-23T11:42:47.0337025Z ok 143 - snapshot capacity stops survive restart; freeing space alone cannot reactivate membership
2026-09-23T11:42:47.0338351Z   ---
2026-09-23T11:42:47.0338921Z   duration_ms: 228.5569
2026-09-23T11:42:47.0339491Z   type: 'test'
2026-09-23T11:42:47.0340022Z   ...
2026-09-23T11:42:47.0341031Z # Subtest: a real sibling proof during capacity suspension freezes permanently and is retrievable
2026-09-23T11:42:47.0342573Z ok 144 - a real sibling proof during capacity suspension freezes permanently and is retrievable
2026-09-23T11:42:47.0343568Z   ---
2026-09-23T11:42:47.0344086Z   duration_ms: 160.5007
2026-09-23T11:42:47.0344551Z   type: 'test'
2026-09-23T11:42:47.0344971Z   ...
2026-09-23T11:42:47.0345993Z # Subtest: finite operation retention follows authenticated revisions and leaves group proofs intact
2026-09-23T11:42:47.0347550Z ok 145 - finite operation retention follows authenticated revisions and leaves group proofs intact
2026-09-23T11:42:47.0348537Z   ---
2026-09-23T11:42:47.0349030Z   duration_ms: 5952.8991
2026-09-23T11:42:47.0349564Z   type: 'test'
2026-09-23T11:42:47.0350064Z   ...
2026-09-23T11:42:47.0351157Z # Subtest: authenticated but malformed authority records fail closed instead of trusting falsy fields or cursors
2026-09-23T11:42:47.0352903Z ok 146 - authenticated but malformed authority records fail closed instead of trusting falsy fields or cursors
2026-09-23T11:42:47.0353982Z   ---
2026-09-23T11:42:47.0354464Z   duration_ms: 94.9372
2026-09-23T11:42:47.0355058Z   type: 'test'
2026-09-23T11:42:47.0395660Z   ...
2026-09-23T11:42:47.0396913Z # Subtest: corrupt retained operation cannot fabricate a successful response
2026-09-23T11:42:47.0427480Z ok 147 - corrupt retained operation cannot fabricate a successful response
2026-09-23T11:42:47.0429478Z   ---
2026-09-23T11:42:47.0435270Z   duration_ms: 17.4338
2026-09-23T11:42:47.0435811Z   type: 'test'
2026-09-23T11:42:47.0436349Z   ...
2026-09-23T11:42:47.0437349Z # Subtest: local leave and creator closure remain durable under full ordinary metadata capacity
2026-09-23T11:42:47.0440005Z ok 148 - local leave and creator closure remain durable under full ordinary metadata capacity
2026-09-23T11:42:47.0440976Z   ---
2026-09-23T11:42:47.0441404Z   duration_ms: 558.5527
2026-09-23T11:42:47.0441861Z   type: 'test'
2026-09-23T11:42:47.0442286Z   ...
2026-09-23T11:42:47.0443217Z # Subtest: a malformed trailing proof cannot roll back an already verified removal in the same page
2026-09-23T11:42:47.0444649Z ok 149 - a malformed trailing proof cannot roll back an already verified removal in the same page
2026-09-23T11:42:47.0445425Z   ---
2026-09-23T11:42:47.0445738Z   duration_ms: 515.1701
2026-09-23T11:42:47.0446096Z   type: 'test'
2026-09-23T11:42:47.0446383Z   ...
2026-09-23T11:42:47.0447159Z # Subtest: the declared maximum checkpoints and stop receipts fit the reserved SQLite budget
2026-09-23T11:42:47.0448354Z ok 150 - the declared maximum checkpoints and stop receipts fit the reserved SQLite budget
2026-09-23T11:42:47.0449067Z   ---
2026-09-23T11:42:47.0449380Z   duration_ms: 266.5368
2026-09-23T11:42:47.0449726Z   type: 'test'
2026-09-23T11:42:47.0450012Z   ...
2026-09-23T11:42:47.0450876Z # Subtest: retirement rechecks every operation signature after caching a group in the same transaction
2026-09-23T11:42:47.0452241Z ok 151 - retirement rechecks every operation signature after caching a group in the same transaction
2026-09-23T11:42:47.0453018Z   ---
2026-09-23T11:42:47.0453329Z   duration_ms: 5471.3563
2026-09-23T11:42:47.0454987Z   type: 'test'
2026-09-23T11:42:47.0455509Z   ...
2026-09-23T11:42:47.6968335Z # (node:3464) ExperimentalWarning: SQLite is an experimental feature and might change at any time
2026-09-23T11:42:47.6970558Z # (Use `node --trace-warnings ...` to show where the warning was created)
2026-09-23T11:42:52.9236910Z # Subtest: authenticated Node group management persists membership and restrictive proofs
2026-09-23T11:42:52.9238523Z ok 152 - authenticated Node group management persists membership and restrictive proofs
2026-09-23T11:42:52.9248084Z   ---
2026-09-23T11:42:52.9248458Z   duration_ms: 5024.3453
2026-09-23T11:42:52.9248878Z   type: 'test'
2026-09-23T11:42:52.9249187Z   ...
2026-09-23T11:42:53.1078145Z # Subtest: group API recovers a committed command whose response was lost without creating a second group
2026-09-23T11:42:53.1080058Z ok 153 - group API recovers a committed command whose response was lost without creating a second group
2026-09-23T11:42:53.1080921Z   ---
2026-09-23T11:42:53.1081264Z   duration_ms: 393.5901
2026-09-23T11:42:53.1081672Z   type: 'test'
2026-09-23T11:42:53.1081972Z   ...
2026-09-23T11:42:54.6919650Z # (node:3144) ExperimentalWarning: SQLite is an experimental feature and might change at any time
2026-09-23T11:42:54.6920391Z # (Use `node --trace-warnings ...` to show where the warning was created)
2026-09-23T11:42:56.5508913Z # Subtest: group send intent rollback has no transport side effect
2026-09-23T11:42:56.5511586Z ok 154 - group send intent rollback has no transport side effect
2026-09-23T11:42:56.5512164Z   ---
2026-09-23T11:42:56.5512387Z   duration_ms: 2012.0893
2026-09-23T11:42:56.5512633Z   type: 'test'
2026-09-23T11:42:56.5512814Z   ...
2026-09-23T11:42:58.9173495Z # Subtest: group send intent lost response has no transport side effect
2026-09-23T11:42:58.9174528Z ok 155 - group send intent lost response has no transport side effect
2026-09-23T11:42:58.9174997Z   ---
2026-09-23T11:42:58.9175243Z   duration_ms: 2378.9758
2026-09-23T11:42:58.9175481Z   type: 'test'
2026-09-23T11:42:58.9175686Z   ...
2026-09-23T11:43:01.7959821Z # Subtest: group send recovers original stored bytes after ready rollback
2026-09-23T11:43:01.7962674Z ok 156 - group send recovers original stored bytes after ready rollback
2026-09-23T11:43:01.7963348Z   ---
2026-09-23T11:43:01.7963706Z   duration_ms: 2870.8853
2026-09-23T11:43:01.7964056Z   type: 'test'
2026-09-23T11:43:01.7964276Z   ...
2026-09-23T11:43:04.6427677Z # Subtest: group send recovers original stored bytes after lost ready response
2026-09-23T11:43:04.6429547Z ok 157 - group send recovers original stored bytes after lost ready response
2026-09-23T11:43:04.6429956Z   ---
2026-09-23T11:43:04.6430170Z   duration_ms: 2847.2414
2026-09-23T11:43:04.6430411Z   type: 'test'
2026-09-23T11:43:04.6430608Z   ...
2026-09-23T11:43:06.2826613Z # Subtest: a reported content-store failure cannot leak the new group packet or silently create another ID
2026-09-23T11:43:06.2828306Z ok 158 - a reported content-store failure cannot leak the new group packet or silently create another ID
2026-09-23T11:43:06.2829204Z   ---
2026-09-23T11:43:06.2829564Z   duration_ms: 2524.6818
2026-09-23T11:43:06.2829958Z   type: 'test'
2026-09-23T11:43:06.2830261Z   ...
2026-09-23T11:43:13.7309506Z # Subtest: actual group send APIs create durable encrypted text, attachment and reply over TCP without global contacts
2026-09-23T11:43:13.7311275Z ok 159 - actual group send APIs create durable encrypted text, attachment and reply over TCP without global contacts
2026-09-23T11:43:13.7312526Z   ---
2026-09-23T11:43:13.7312865Z   duration_ms: 7178.2099
2026-09-23T11:43:13.7314301Z   type: 'test'
2026-09-23T11:43:13.7314591Z   ...
2026-09-23T11:43:18.6206524Z # Subtest: new group sends require current head and exact snapshot audience; retained operation remains immutable
2026-09-23T11:43:18.6208157Z ok 160 - new group sends require current head and exact snapshot audience; retained operation remains immutable
2026-09-23T11:43:18.6209472Z   ---
2026-09-23T11:43:18.6210078Z   duration_ms: 4894.0821
2026-09-23T11:43:18.6210494Z   type: 'test'
2026-09-23T11:43:18.6210803Z   ...
2026-09-23T11:43:19.0684080Z # (node:4112) ExperimentalWarning: SQLite is an experimental feature and might change at any time
2026-09-23T11:43:19.0685258Z # (Use `node --trace-warnings ...` to show where the warning was created)
2026-09-23T11:43:19.0744511Z # Subtest: encrypted metadata survives close/reopen; uncommitted work and transaction handles cannot escape
2026-09-23T11:43:19.0746694Z ok 161 - encrypted metadata survives close/reopen; uncommitted work and transaction handles cannot escape
2026-09-23T11:43:19.0747860Z   ---
2026-09-23T11:43:19.0748201Z   duration_ms: 31.3591
2026-09-23T11:43:19.0748561Z   type: 'test'
2026-09-23T11:43:19.0748879Z   ...
2026-09-23T11:43:19.0750833Z # Subtest: absence, truncation, wrong identity, wrong signing authority and extra SQL schema fail closed
2026-09-23T11:43:19.0752549Z ok 162 - absence, truncation, wrong identity, wrong signing authority and extra SQL schema fail closed
2026-09-23T11:43:19.0753760Z   ---
2026-09-23T11:43:19.0754188Z   duration_ms: 13.3734
2026-09-23T11:43:19.0754570Z   type: 'test'
2026-09-23T11:43:19.0754887Z   ...
2026-09-23T11:43:19.0756400Z # Subtest: unknown schema cannot hide behind a similar SQLite prefix
2026-09-23T11:43:19.0758020Z ok 163 - unknown schema cannot hide behind a similar SQLite prefix
2026-09-23T11:43:19.0758932Z   ---
2026-09-23T11:43:19.0759631Z   duration_ms: 7.7975
2026-09-23T11:43:19.0760239Z   type: 'test'
2026-09-23T11:43:19.0760804Z   ...
2026-09-23T11:43:19.0762548Z # Subtest: valid encryption with only the reading key cannot forge a locally signed fence
2026-09-23T11:43:19.0764013Z ok 164 - valid encryption with only the reading key cannot forge a locally signed fence
2026-09-23T11:43:19.0764958Z   ---
2026-09-23T11:43:19.0771327Z   duration_ms: 16.9618
2026-09-23T11:43:19.0772811Z   type: 'test'
2026-09-23T11:43:19.0773490Z   ...
2026-09-23T11:43:19.0774762Z # Subtest: checkpoint corruption, deletion, wrong SQL type and oversize are rejected before trusting state
2026-09-23T11:43:19.0776313Z ok 165 - checkpoint corruption, deletion, wrong SQL type and oversize are rejected before trusting state
2026-09-23T11:43:19.0777363Z   ---
2026-09-23T11:43:19.0777984Z   duration_ms: 30.5666
2026-09-23T11:43:19.0778593Z   type: 'test'
2026-09-23T11:43:19.0778884Z   ...
2026-09-23T11:43:19.0779833Z # Subtest: complete valid backup rollback is an explicit limitation; a pinned different registry is rejected
2026-09-23T11:43:19.0781963Z ok 166 - complete valid backup rollback is an explicit limitation; a pinned different registry is rejected
2026-09-23T11:43:19.0782848Z   ---
2026-09-23T11:43:19.0783205Z   duration_ms: 19.6149
2026-09-23T11:43:19.0783592Z   type: 'test'
2026-09-23T11:43:19.0783909Z   ...
2026-09-23T11:43:19.0785352Z # Subtest: ciphertext substitution, swallowed integrity errors and stale index replay cannot change a committed record
2026-09-23T11:43:19.0787069Z ok 167 - ciphertext substitution, swallowed integrity errors and stale index replay cannot change a committed record
2026-09-23T11:43:19.0788287Z   ---
2026-09-23T11:43:19.0788813Z   duration_ms: 19.2431
2026-09-23T11:43:19.0789203Z   type: 'test'
2026-09-23T11:43:19.0789521Z   ...
2026-09-23T11:43:19.0790245Z # Subtest: a replacement callback error cannot erase an observed integrity failure
2026-09-23T11:43:19.0791399Z ok 168 - a replacement callback error cannot erase an observed integrity failure
2026-09-23T11:43:19.0792393Z   ---
2026-09-23T11:43:19.0792741Z   duration_ms: 9.9054
2026-09-23T11:43:19.0793131Z   type: 'test'
2026-09-23T11:43:19.0793436Z   ...
2026-09-23T11:43:19.0794256Z # Subtest: record AAD binds logical key and revision even beneath a freshly signed index
2026-09-23T11:43:19.0795901Z ok 169 - record AAD binds logical key and revision even beneath a freshly signed index
2026-09-23T11:43:19.0796903Z   ---
2026-09-23T11:43:19.0797636Z   duration_ms: 14.7764
2026-09-23T11:43:19.0798271Z   type: 'test'
2026-09-23T11:43:19.0798592Z   ...
2026-09-23T11:43:19.0799505Z # Subtest: ordinary metadata cannot consume the checkpoint reserve; capacity failure is atomic
2026-09-23T11:43:19.0801283Z ok 170 - ordinary metadata cannot consume the checkpoint reserve; capacity failure is atomic
2026-09-23T11:43:19.0802030Z   ---
2026-09-23T11:43:19.0802243Z   duration_ms: 19.5917
2026-09-23T11:43:19.0802463Z   type: 'test'
2026-09-23T11:43:19.0802797Z   ...
2026-09-23T11:43:19.3234735Z # Subtest: abrupt writer process death rolls back staged SQL and preserves the last authenticated checkpoint
2026-09-23T11:43:19.3236587Z ok 171 - abrupt writer process death rolls back staged SQL and preserves the last authenticated checkpoint
2026-09-23T11:43:19.3237469Z   ---
2026-09-23T11:43:19.3237836Z   duration_ms: 253.6188
2026-09-23T11:43:19.3238244Z   type: 'test'
2026-09-23T11:43:19.3238550Z   ...
2026-09-23T11:43:19.6879592Z # Subtest: two actual writer processes serialize read-modify-write without losing updates
2026-09-23T11:43:19.6881931Z ok 172 - two actual writer processes serialize read-modify-write without losing updates
2026-09-23T11:43:19.6882854Z   ---
2026-09-23T11:43:19.6883084Z   duration_ms: 379.7533
2026-09-23T11:43:19.6883319Z   type: 'test'
2026-09-23T11:43:19.6883519Z   ...
2026-09-23T11:43:22.9822687Z # (node:2844) ExperimentalWarning: SQLite is an experimental feature and might change at any time
2026-09-23T11:43:22.9824194Z # (Use `node --trace-warnings ...` to show where the warning was created)
2026-09-23T11:43:22.9853414Z # Subtest: control store failures still consume the bounded publication budget
2026-09-23T11:43:22.9856082Z ok 173 - control store failures still consume the bounded publication budget
2026-09-23T11:43:22.9856979Z   ---
2026-09-23T11:43:22.9857329Z   duration_ms: 765.9301
2026-09-23T11:43:22.9857697Z   type: 'test'
2026-09-23T11:43:22.9857998Z   ...
2026-09-23T11:43:22.9870725Z # Subtest: control transport failures still consume the bounded publication budget
2026-09-23T11:43:22.9872162Z ok 174 - control transport failures still consume the bounded publication budget
2026-09-23T11:43:22.9874084Z   ---
2026-09-23T11:43:22.9874549Z   duration_ms: 712.1379
2026-09-23T11:43:22.9875039Z   type: 'test'
2026-09-23T11:43:22.9875476Z   ...
2026-09-23T11:43:22.9876377Z # Subtest: network responses obey the producer cache quota without evicting pinned controls
2026-09-23T11:43:22.9877869Z ok 175 - network responses obey the producer cache quota without evicting pinned controls
2026-09-23T11:43:22.9878763Z   ---
2026-09-23T11:43:22.9879221Z   duration_ms: 1563.6222
2026-09-23T11:43:22.9879736Z   type: 'test'
2026-09-23T11:43:22.9880119Z   ...
2026-09-23T11:43:28.1498935Z # Subtest: real wire delivers newest snapshot before missing predecessors and projects the verified newest title
2026-09-23T11:43:28.1500625Z ok 176 - real wire delivers newest snapshot before missing predecessors and projects the verified newest title
2026-09-23T11:43:28.1501583Z   ---
2026-09-23T11:43:28.1501939Z   duration_ms: 4713.0356
2026-09-23T11:43:28.1502330Z   type: 'test'
2026-09-23T11:43:28.1502660Z   ...
2026-09-23T11:43:33.8464557Z # Subtest: available encrypted controls replay before a locked member can retry or sign after removal
2026-09-23T11:43:33.8466099Z ok 177 - available encrypted controls replay before a locked member can retry or sign after removal
2026-09-23T11:43:33.8466755Z   ---
2026-09-23T11:43:33.8467026Z   duration_ms: 5363.1232
2026-09-23T11:43:33.8467309Z   type: 'test'
2026-09-23T11:43:33.8467532Z   ...
2026-09-23T11:43:48.4445462Z # Subtest: Node control requests recover lost responses and revalidate authority on identical retries
2026-09-23T11:43:48.4446575Z ok 178 - Node control requests recover lost responses and revalidate authority on identical retries
2026-09-23T11:43:48.4447266Z   ---
2026-09-23T11:43:48.4447493Z   duration_ms: 14252.4167
2026-09-23T11:43:48.4448042Z   type: 'test'
2026-09-23T11:43:48.4448246Z   ...
2026-09-23T11:44:00.4266729Z # Subtest: real Node control proofs heal a partition from another member after creator stops
2026-09-23T11:44:00.4268409Z ok 179 - real Node control proofs heal a partition from another member after creator stops
2026-09-23T11:44:00.4268939Z   ---
2026-09-23T11:44:00.4269178Z   duration_ms: 11723.5659
2026-09-23T11:44:00.4269452Z   type: 'test'
2026-09-23T11:44:00.4269670Z   ...
2026-09-23T11:44:00.7172347Z # Subtest: Node control proofs traverse TCP and serial PTYs, with partition, relay-off and offline opaque seeder controls
2026-09-23T11:44:00.7176412Z ok 180 - Node control proofs traverse TCP and serial PTYs, with partition, relay-off and offline opaque seeder controls # SKIP
2026-09-23T11:44:00.7177240Z   ---
2026-09-23T11:44:00.7177462Z   duration_ms: 1.0197
2026-09-23T11:44:00.7177699Z   type: 'test'
2026-09-23T11:44:00.7177893Z   ...
2026-09-23T11:44:04.8929712Z # Subtest: real Node peers synchronise epoch snapshots and closure without HTTP proof transfer after setup
2026-09-23T11:44:04.8931722Z ok 181 - real Node peers synchronise epoch snapshots and closure without HTTP proof transfer after setup
2026-09-23T11:44:04.8932818Z   ---
2026-09-23T11:44:04.8933741Z   duration_ms: 3902.5482
2026-09-23T11:44:04.8934254Z   type: 'test'
2026-09-23T11:44:04.8934666Z   ...
2026-09-23T11:44:16.0731205Z # Subtest: remembered invitation fetches paginated public ancestry automatically but no pre-join private snapshot
2026-09-23T11:44:16.0733634Z ok 182 - remembered invitation fetches paginated public ancestry automatically but no pre-join private snapshot
2026-09-23T11:44:16.0734397Z   ---
2026-09-23T11:44:16.0734642Z   duration_ms: 11184.8817
2026-09-23T11:44:16.0734924Z   type: 'test'
2026-09-23T11:44:16.0735140Z   ...
2026-09-23T11:44:16.7825990Z # (node:10116) ExperimentalWarning: SQLite is an experimental feature and might change at any time
2026-09-23T11:44:16.7826833Z # (Use `node --trace-warnings ...` to show where the warning was created)
2026-09-23T11:44:16.7854161Z # Subtest: group and private document share one commit; callback rollback and expired scopes cannot leak writes
2026-09-23T11:44:16.7857528Z ok 183 - group and private document share one commit; callback rollback and expired scopes cannot leak writes
2026-09-23T11:44:16.7858141Z   ---
2026-09-23T11:44:16.7858358Z   duration_ms: 114.2859
2026-09-23T11:44:16.7858600Z   type: 'test'
2026-09-23T11:44:16.7858789Z   ...
2026-09-23T11:44:16.7862596Z # Subtest: swallowing a scoped operation failure cannot commit earlier group or private writes
2026-09-23T11:44:16.7864652Z ok 184 - swallowing a scoped operation failure cannot commit earlier group or private writes
2026-09-23T11:44:16.7865422Z   ---
2026-09-23T11:44:16.7865774Z   duration_ms: 43.3789
2026-09-23T11:44:16.7866160Z   type: 'test'
2026-09-23T11:44:16.7866460Z   ...
2026-09-23T11:44:16.7874511Z # Subtest: a verified closure and private decision commit despite a rejected proof tail
2026-09-23T11:44:16.7876150Z ok 185 - a verified closure and private decision commit despite a rejected proof tail
2026-09-23T11:44:16.7877058Z   ---
2026-09-23T11:44:16.7877506Z   duration_ms: 101.6582
2026-09-23T11:44:16.7877989Z   type: 'test'
2026-09-23T11:44:16.7878372Z   ...
2026-09-23T11:44:16.7879336Z # Subtest: even swallowing the entire authority scope error cannot commit the outer transaction
2026-09-23T11:44:16.7880624Z ok 186 - even swallowing the entire authority scope error cannot commit the outer transaction
2026-09-23T11:44:16.7881693Z   ---
2026-09-23T11:44:16.7882322Z   duration_ms: 36.9609
2026-09-23T11:44:16.7882704Z   type: 'test'
2026-09-23T11:44:16.7883092Z   ...
2026-09-23T11:44:16.7884083Z # Subtest: minimal authority fence commits at full ordinary quota without growing the private document
2026-09-23T11:44:16.7885499Z ok 187 - minimal authority fence commits at full ordinary quota without growing the private document
2026-09-23T11:44:16.7886285Z   ---
2026-09-23T11:44:16.7887011Z   duration_ms: 140.035
2026-09-23T11:44:16.7887607Z   type: 'test'
2026-09-23T11:44:16.7887906Z   ...
2026-09-23T11:44:17.0805220Z # Subtest: three processes TCP → serial PTY, partition/heal, relay control and publisher-offline seeder takeover
2026-09-23T11:44:17.0808694Z ok 188 - three processes TCP → serial PTY, partition/heal, relay control and publisher-offline seeder takeover # SKIP
2026-09-23T11:44:17.0810031Z   ---
2026-09-23T11:44:17.0810465Z   duration_ms: 1.0456
2026-09-23T11:44:17.0810958Z   type: 'test'
2026-09-23T11:44:17.0811354Z   ...
2026-09-23T11:44:24.5745504Z # Subtest: a delayed fixture client submits a non-idempotent operation once after the server closes idle HTTP sockets
2026-09-23T11:44:24.5747697Z ok 189 - a delayed fixture client submits a non-idempotent operation once after the server closes idle HTTP sockets
2026-09-23T11:44:24.5748544Z   ---
2026-09-23T11:44:24.5748866Z   duration_ms: 7218.9944
2026-09-23T11:44:24.5749289Z   type: 'test'
2026-09-23T11:44:24.5749634Z   ...
2026-09-23T11:44:26.0869898Z # Subtest: language variants resolve to supported choices and invalid selection preserves the current language
2026-09-23T11:44:26.0872337Z ok 190 - language variants resolve to supported choices and invalid selection preserves the current language
2026-09-23T11:44:26.0873684Z   ---
2026-09-23T11:44:26.0874033Z   duration_ms: 1.3408
2026-09-23T11:44:26.0874270Z   type: 'test'
2026-09-23T11:44:26.0874468Z   ...
2026-09-23T11:44:26.0880014Z # Subtest: context and interpolation preserve raw names without recursively translating parameters
2026-09-23T11:44:26.0881405Z ok 191 - context and interpolation preserve raw names without recursively translating parameters
2026-09-23T11:44:26.0882229Z   ---
2026-09-23T11:44:26.0882594Z   duration_ms: 0.3145
2026-09-23T11:44:26.0882999Z   type: 'test'
2026-09-23T11:44:26.0883317Z   ...
2026-09-23T11:44:26.0887678Z # Subtest: every catalog entry is unique, nonempty and retains all named parameters in both languages
2026-09-23T11:44:26.0889166Z ok 192 - every catalog entry is unique, nonempty and retains all named parameters in both languages
2026-09-23T11:44:26.0890032Z   ---
2026-09-23T11:44:26.0890269Z   duration_ms: 8.3133
2026-09-23T11:44:26.0890502Z   type: 'test'
2026-09-23T11:44:26.0890691Z   ...
2026-09-23T11:44:26.0893366Z # Subtest: literal UI lookups and state-label maps all have catalog entries
2026-09-23T11:44:26.0895204Z ok 193 - literal UI lookups and state-label maps all have catalog entries
2026-09-23T11:44:26.0895766Z   ---
2026-09-23T11:44:26.0895971Z   duration_ms: 382.3649
2026-09-23T11:44:26.0896198Z   type: 'test'
2026-09-23T11:44:26.0896382Z   ...
2026-09-23T11:44:28.8689394Z # Subtest: real processes: private conversation, receipt, unauthorized edit, social and restart recovery
2026-09-23T11:44:28.8690862Z ok 194 - real processes: private conversation, receipt, unauthorized edit, social and restart recovery
2026-09-23T11:44:28.8691628Z   ---
2026-09-23T11:44:28.8691877Z   duration_ms: 2504.3967
2026-09-23T11:44:28.8692110Z   type: 'test'
2026-09-23T11:44:28.8692307Z   ...
2026-09-23T11:44:30.0563851Z # Subtest: offline control rejects a live origin and proves socket refusal after normal and signal termination
2026-09-23T11:44:30.0568156Z ok 195 - offline control rejects a live origin and proves socket refusal after normal and signal termination
2026-09-23T11:44:30.0569203Z   ---
2026-09-23T11:44:30.0569419Z   duration_ms: 929.5139
2026-09-23T11:44:30.0569644Z   type: 'test'
2026-09-23T11:44:30.0569824Z   ...
2026-09-23T11:44:40.5425410Z # (node:2328) ExperimentalWarning: SQLite is an experimental feature and might change at any time
2026-09-23T11:44:40.5426866Z # (Use `node --trace-warnings ...` to show where the warning was created)
2026-09-23T11:44:40.5436348Z # (node:2328) ExperimentalWarning: The MockTimers API is an experimental feature and might change at any time
2026-09-23T11:44:40.5488165Z # Subtest: offline send is encrypted, pinned, idempotent and recovers the same operation after restart
2026-09-23T11:44:40.5490149Z ok 196 - offline send is encrypted, pinned, idempotent and recovers the same operation after restart
2026-09-23T11:44:40.5490963Z   ---
2026-09-23T11:44:40.5491299Z   duration_ms: 420.6056
2026-09-23T11:44:40.5491674Z   type: 'test'
2026-09-23T11:44:40.5492309Z   ...
2026-09-23T11:44:40.5493240Z # Subtest: preparing journal reconciles surviving exact bytes and never regenerates missing content
2026-09-23T11:44:40.5494627Z ok 197 - preparing journal reconciles surviving exact bytes and never regenerates missing content
2026-09-23T11:44:40.5495462Z   ---
2026-09-23T11:44:40.5495811Z   duration_ms: 223.4504
2026-09-23T11:44:40.5496193Z   type: 'test'
2026-09-23T11:44:40.5496504Z   ...
2026-09-23T11:44:40.5497371Z # Subtest: transport rejection after local acceptance stays pending and cannot crash periodic sync
2026-09-23T11:44:40.5498720Z ok 198 - transport rejection after local acceptance stays pending and cannot crash periodic sync
2026-09-23T11:44:40.5499534Z   ---
2026-09-23T11:44:40.5499870Z   duration_ms: 236.362
2026-09-23T11:44:40.5500245Z   type: 'test'
2026-09-23T11:44:40.5500549Z   ...
2026-09-23T11:44:40.5501450Z # Subtest: per-reader signed delivery/read confirmations survive paging, replay, eviction and restart
2026-09-23T11:44:40.5516598Z ok 199 - per-reader signed delivery/read confirmations survive paging, replay, eviction and restart
2026-09-23T11:44:40.5517494Z   ---
2026-09-23T11:44:40.5517873Z   duration_ms: 1289.0037
2026-09-23T11:44:40.5518302Z   type: 'test'
2026-09-23T11:44:40.5518648Z   ...
2026-09-23T11:44:40.5519706Z # Subtest: public, foreign-author and wrong-reader confirmations cannot advance a durable send
2026-09-23T11:44:40.5521086Z ok 200 - public, foreign-author and wrong-reader confirmations cannot advance a durable send
2026-09-23T11:44:40.5521872Z   ---
2026-09-23T11:44:40.5522234Z   duration_ms: 229.8231
2026-09-23T11:44:40.5522627Z   type: 'test'
2026-09-23T11:44:40.5522934Z   ...
2026-09-23T11:44:40.5523745Z # Subtest: expiry remains visible after payload removal and explicit user pin is preserved
2026-09-23T11:44:40.5524972Z ok 201 - expiry remains visible after payload removal and explicit user pin is preserved
2026-09-23T11:44:40.5525720Z   ---
2026-09-23T11:44:40.5526078Z   duration_ms: 396.208
2026-09-23T11:44:40.5526448Z   type: 'test'
2026-09-23T11:44:40.5526747Z   ...
2026-09-23T11:44:40.5527495Z # Subtest: corrupted reserved bytes become unavailable without a new signed publication
2026-09-23T11:44:40.5528681Z ok 202 - corrupted reserved bytes become unavailable without a new signed publication
2026-09-23T11:44:40.5529399Z   ---
2026-09-23T11:44:40.5530154Z   duration_ms: 206.6713
2026-09-23T11:44:40.5530853Z   type: 'test'
2026-09-23T11:44:40.5531192Z   ...
2026-09-23T11:44:40.5532132Z # Subtest: blocked incomplete sends retain bounded reservation; blocked group readers do not break viewing
2026-09-23T11:44:40.5533616Z ok 203 - blocked incomplete sends retain bounded reservation; blocked group readers do not break viewing
2026-09-23T11:44:40.5534465Z   ---
2026-09-23T11:44:40.5534801Z   duration_ms: 441.4058
2026-09-23T11:44:40.5535192Z   type: 'test'
2026-09-23T11:44:40.5535493Z   ...
2026-09-23T11:44:40.5536236Z # Subtest: pending count/byte reservations and restored metadata ownership are bounded
2026-09-23T11:44:40.5537434Z ok 204 - pending count/byte reservations and restored metadata ownership are bounded
2026-09-23T11:44:40.5538148Z   ---
2026-09-23T11:44:40.5538490Z   duration_ms: 252.0716
2026-09-23T11:44:40.5538886Z   type: 'test'
2026-09-23T11:44:40.5539192Z   ...
2026-09-23T11:44:40.5540179Z # Subtest: a content-file directory flush error preserves the recorded operation instead of signing a replacement
2026-09-23T11:44:40.5542534Z ok 205 - a content-file directory flush error preserves the recorded operation instead of signing a replacement # SKIP Directory fsync is not portable on Node Windows; process recovery is tested separately.
2026-09-23T11:44:40.5544451Z   ---
2026-09-23T11:44:40.5545375Z   duration_ms: 0.2969
2026-09-23T11:44:40.5545782Z   type: 'test'
2026-09-23T11:44:40.5557363Z   ...
2026-09-23T11:44:40.5558229Z # Subtest: incoming read confirmation is journalled before its admission evicts the original
2026-09-23T11:44:40.5560089Z ok 206 - incoming read confirmation is journalled before its admission evicts the original
2026-09-23T11:44:40.5560881Z   ---
2026-09-23T11:44:40.5561251Z   duration_ms: 230.5225
2026-09-23T11:44:40.5561638Z   type: 'test'
2026-09-23T11:44:40.5562433Z   ...
2026-09-23T11:44:40.5563493Z # Subtest: read confirmation uses the signed roster when contact learning fails and can be reissued after eviction
2026-09-23T11:44:40.5565300Z ok 207 - read confirmation uses the signed roster when contact learning fails and can be reissued after eviction
2026-09-23T11:44:40.5566404Z   ---
2026-09-23T11:44:40.5566608Z   duration_ms: 213.8999
2026-09-23T11:44:40.5566832Z   type: 'test'
2026-09-23T11:44:40.5567023Z   ...
2026-09-23T11:44:40.5567526Z # Subtest: saved peer connection remains idempotent at capacity without opening another connection
2026-09-23T11:44:40.5568299Z ok 208 - saved peer connection remains idempotent at capacity without opening another connection
2026-09-23T11:44:40.5568740Z   ---
2026-09-23T11:44:40.5568932Z   duration_ms: 189.5233
2026-09-23T11:44:40.5569145Z   type: 'test'
2026-09-23T11:44:40.5569325Z   ...
2026-09-23T11:44:40.5570521Z # Subtest: snapshot crossing expiry during journal persistence keeps state and reservation consistent
2026-09-23T11:44:40.5571983Z ok 209 - snapshot crossing expiry during journal persistence keeps state and reservation consistent
2026-09-23T11:44:40.5572794Z   ---
2026-09-23T11:44:40.5573001Z   duration_ms: 1718.0323
2026-09-23T11:44:40.5573228Z   type: 'test'
2026-09-23T11:44:40.5573407Z   ...
2026-09-23T11:44:40.5573895Z # Subtest: snapshot crossing expiry during journal persistence keeps send and reservation consistent
2026-09-23T11:44:40.5574667Z ok 210 - snapshot crossing expiry during journal persistence keeps send and reservation consistent
2026-09-23T11:44:40.5575121Z   ---
2026-09-23T11:44:40.5575308Z   duration_ms: 1716.755
2026-09-23T11:44:40.5575527Z   type: 'test'
2026-09-23T11:44:40.5575699Z   ...
2026-09-23T11:44:40.5576204Z # Subtest: snapshot crossing expiry during journal persistence keeps retry and reservation consistent
2026-09-23T11:44:40.5576977Z ok 211 - snapshot crossing expiry during journal persistence keeps retry and reservation consistent
2026-09-23T11:44:40.5577421Z   ---
2026-09-23T11:44:40.5577625Z   duration_ms: 1722.1026
2026-09-23T11:44:40.5577841Z   type: 'test'
2026-09-23T11:44:40.5578013Z   ...
2026-09-23T11:44:40.5578431Z # Subtest: an uncertain SQL completion at write 1 recovers the same outbox operation
2026-09-23T11:44:40.5579051Z ok 212 - an uncertain SQL completion at write 1 recovers the same outbox operation
2026-09-23T11:44:40.5579424Z   ---
2026-09-23T11:44:40.5579615Z   duration_ms: 197.3242
2026-09-23T11:44:40.5579827Z   type: 'test'
2026-09-23T11:44:40.5579998Z   ...
2026-09-23T11:44:40.5580389Z # Subtest: an uncertain SQL completion at write 2 recovers the same outbox operation
2026-09-23T11:44:40.5581087Z ok 213 - an uncertain SQL completion at write 2 recovers the same outbox operation
2026-09-23T11:44:40.5581651Z   ---
2026-09-23T11:44:40.5581851Z   duration_ms: 203.7548
2026-09-23T11:44:40.5582067Z   type: 'test'
2026-09-23T11:44:40.5582236Z   ...
2026-09-23T11:44:40.5582927Z # Subtest: outbox preview preserves full astral characters within its UTF-16 budget
2026-09-23T11:44:40.5584629Z ok 214 - outbox preview preserves full astral characters within its UTF-16 budget
2026-09-23T11:44:40.5585639Z   ---
2026-09-23T11:44:40.5585976Z   duration_ms: 0.3402
2026-09-23T11:44:40.5586375Z   type: 'test'
2026-09-23T11:44:40.5586672Z   ...
2026-09-23T11:44:40.9072648Z # (node:6292) ExperimentalWarning: SQLite is an experimental feature and might change at any time
2026-09-23T11:44:40.9074280Z # (Use `node --trace-warnings ...` to show where the warning was created)
2026-09-23T11:44:40.9093860Z # Subtest: legacy semantic failures are rejected before creating a signed migration intent
2026-09-23T11:44:40.9097359Z ok 215 - legacy semantic failures are rejected before creating a signed migration intent
2026-09-23T11:44:40.9098200Z   ---
2026-09-23T11:44:40.9098556Z   duration_ms: 19.3957
2026-09-23T11:44:40.9098951Z   type: 'test'
2026-09-23T11:44:40.9099250Z   ...
2026-09-23T11:44:41.1824293Z # (node:2212) ExperimentalWarning: SQLite is an experimental feature and might change at any time
2026-09-23T11:44:41.1825595Z # (Use `node --trace-warnings ...` to show where the warning was created)
2026-09-23T11:44:41.1846951Z # Subtest: signed initialization binds owner, random store ID and legacy ciphertext across phases
2026-09-23T11:44:41.1849782Z ok 216 - signed initialization binds owner, random store ID and legacy ciphertext across phases
2026-09-23T11:44:41.1850639Z   ---
2026-09-23T11:44:41.1851023Z   duration_ms: 14.886
2026-09-23T11:44:41.1851414Z   type: 'test'
2026-09-23T11:44:41.1851742Z   ...
2026-09-23T11:44:41.1855662Z # Subtest: a signed intent can pin the exact new store before creation without allowing resets
2026-09-23T11:44:41.1858983Z ok 217 - a signed intent can pin the exact new store before creation without allowing resets
2026-09-23T11:44:41.1859724Z   ---
2026-09-23T11:44:41.1859942Z   duration_ms: 14.7971
2026-09-23T11:44:41.1860167Z   type: 'test'
2026-09-23T11:44:41.1860357Z   ...
2026-09-23T11:44:41.6684628Z # (node:5900) ExperimentalWarning: SQLite is an experimental feature and might change at any time
2026-09-23T11:44:41.6686197Z # (Use `node --trace-warnings ...` to show where the warning was created)
2026-09-23T11:44:41.6732357Z # Subtest: staged import binds the actual legacy ciphertext and committed reopen never falls back
2026-09-23T11:44:41.6733919Z ok 218 - staged import binds the actual legacy ciphertext and committed reopen never falls back
2026-09-23T11:44:41.6734738Z   ---
2026-09-23T11:44:41.6735337Z   duration_ms: 46.724
2026-09-23T11:44:41.6735849Z   type: 'test'
2026-09-23T11:44:41.6736328Z   ...
2026-09-23T11:44:41.6741573Z # Subtest: existing unbound, missing initialized and wrong-store databases fail without reset
2026-09-23T11:44:41.6743726Z ok 219 - existing unbound, missing initialized and wrong-store databases fail without reset
2026-09-23T11:44:41.6744758Z   ---
2026-09-23T11:44:41.6745312Z   duration_ms: 52.0801
2026-09-23T11:44:41.6746347Z   type: 'test'
2026-09-23T11:44:41.6746862Z   ...
2026-09-23T11:44:41.6747720Z # Subtest: changed legacy source cannot complete a signed preparation
2026-09-23T11:44:41.6748879Z ok 220 - changed legacy source cannot complete a signed preparation
2026-09-23T11:44:41.6749458Z   ---
2026-09-23T11:44:41.6749786Z   duration_ms: 11.4648
2026-09-23T11:44:41.6750177Z   type: 'test'
2026-09-23T11:44:41.6750479Z   ...
2026-09-23T11:44:41.6769983Z # Subtest: transaction wrapper cannot erase initialization or the current private document
2026-09-23T11:44:41.6771586Z ok 221 - transaction wrapper cannot erase initialization or the current private document
2026-09-23T11:44:41.6772320Z   ---
2026-09-23T11:44:41.6772642Z   duration_ms: 24.6433
2026-09-23T11:44:41.6772986Z   type: 'test'
2026-09-23T11:44:41.6773264Z   ...
2026-09-23T11:44:41.9672807Z # Subtest: real process death after prepared initialization boundary preserves resumable private bytes
2026-09-23T11:44:41.9675218Z ok 222 - real process death after prepared initialization boundary preserves resumable private bytes
2026-09-23T11:44:41.9676034Z   ---
2026-09-23T11:44:41.9676266Z   duration_ms: 301.3886
2026-09-23T11:44:41.9676490Z   type: 'test'
2026-09-23T11:44:41.9676666Z   ...
2026-09-23T11:44:42.2760185Z # Subtest: real process death after imported initialization boundary preserves resumable private bytes
2026-09-23T11:44:42.2762830Z ok 223 - real process death after imported initialization boundary preserves resumable private bytes
2026-09-23T11:44:42.2763415Z   ---
2026-09-23T11:44:42.2763803Z   duration_ms: 309.0466
2026-09-23T11:44:42.2764043Z   type: 'test'
2026-09-23T11:44:42.2764220Z   ...
2026-09-23T11:44:42.6128579Z # Subtest: real process death after committed initialization boundary preserves resumable private bytes
2026-09-23T11:44:42.6130330Z ok 224 - real process death after committed initialization boundary preserves resumable private bytes
2026-09-23T11:44:42.6132515Z   ---
2026-09-23T11:44:42.6132967Z   duration_ms: 304.1365
2026-09-23T11:44:42.6133691Z   type: 'test'
2026-09-23T11:44:42.6134125Z   ...
2026-09-23T11:44:42.6134911Z # Subtest: replay of the complete earlier initialization state is an explicit rollback limitation
2026-09-23T11:44:42.6135718Z ok 225 - replay of the complete earlier initialization state is an explicit rollback limitation
2026-09-23T11:44:42.6136152Z   ---
2026-09-23T11:44:42.6136347Z   duration_ms: 38.7427
2026-09-23T11:44:42.6136565Z   type: 'test'
2026-09-23T11:44:42.6136761Z   ...
2026-09-23T11:44:42.8839964Z # (node:3580) ExperimentalWarning: SQLite is an experimental feature and might change at any time
2026-09-23T11:44:42.8841269Z # (Use `node --trace-warnings ...` to show where the warning was created)
2026-09-23T11:44:42.8864756Z # Subtest: one running owner per profile, another profile remains independent, close permits restart
2026-09-23T11:44:42.8868245Z ok 226 - one running owner per profile, another profile remains independent, close permits restart
2026-09-23T11:44:42.8868830Z   ---
2026-09-23T11:44:42.8869058Z   duration_ms: 17.0002
2026-09-23T11:44:42.8869301Z   type: 'test'
2026-09-23T11:44:42.8869504Z   ...
2026-09-23T11:44:42.8873967Z # Subtest: empty initialization can recover but foreign or malformed metadata is refused
2026-09-23T11:44:42.8876958Z ok 227 - empty initialization can recover but foreign or malformed metadata is refused
2026-09-23T11:44:42.8877889Z   ---
2026-09-23T11:44:42.8878104Z   duration_ms: 8.715
2026-09-23T11:44:42.8878359Z   type: 'test'
2026-09-23T11:44:42.8878562Z   ...
2026-09-23T11:44:43.6430991Z # (node:3264) ExperimentalWarning: SQLite is an experimental feature and might change at any time
2026-09-23T11:44:43.6432167Z # (Use `node --trace-warnings ...` to show where the warning was created)
2026-09-23T11:44:43.9086772Z # Subtest: runtime owns the profile through transport shutdown and rejects stale writes after recovery
2026-09-23T11:44:43.9089116Z ok 228 - runtime owns the profile through transport shutdown and rejects stale writes after recovery
2026-09-23T11:44:43.9090495Z   ---
2026-09-23T11:44:43.9090850Z   duration_ms: 466.5169
2026-09-23T11:44:43.9091233Z   type: 'test'
2026-09-23T11:44:43.9091574Z   ...
2026-09-23T11:44:43.9097612Z # Subtest: constructor failure releases ownership without resetting the existing profile
2026-09-23T11:44:43.9099702Z ok 229 - constructor failure releases ownership without resetting the existing profile
2026-09-23T11:44:43.9100499Z   ---
2026-09-23T11:44:43.9100868Z   duration_ms: 7.1697
2026-09-23T11:44:43.9101265Z   type: 'test'
2026-09-23T11:44:43.9101582Z   ...
2026-09-23T11:44:44.7462112Z # (node:836) ExperimentalWarning: SQLite is an experimental feature and might change at any time
2026-09-23T11:44:44.7463312Z # (Use `node --trace-warnings ...` to show where the warning was created)
2026-09-23T11:44:44.7488379Z # Subtest: chunked private state is encrypted, persists exactly and shrinks atomically
2026-09-23T11:44:44.7489614Z ok 230 - chunked private state is encrypted, persists exactly and shrinks atomically
2026-09-23T11:44:44.7490321Z   ---
2026-09-23T11:44:44.7490646Z   duration_ms: 105.6963
2026-09-23T11:44:44.7491026Z   type: 'test'
2026-09-23T11:44:44.7491229Z   ...
2026-09-23T11:44:44.7496949Z # Subtest: private state and an authority fence commit together or both roll back, with digest CAS
2026-09-23T11:44:44.7499402Z ok 231 - private state and an authority fence commit together or both roll back, with digest CAS
2026-09-23T11:44:44.7500631Z   ---
2026-09-23T11:44:44.7501006Z   duration_ms: 24.8103
2026-09-23T11:44:44.7501593Z   type: 'test'
2026-09-23T11:44:44.7501902Z   ...
2026-09-23T11:44:44.7504111Z # Subtest: missing, orphan and hash-mismatched chunks fail closed rather than yielding partial state
2026-09-23T11:44:44.7506181Z ok 232 - missing, orphan and hash-mismatched chunks fail closed rather than yielding partial state
2026-09-23T11:44:44.7507303Z   ---
2026-09-23T11:44:44.7507909Z   duration_ms: 35.4434
2026-09-23T11:44:44.7508522Z   type: 'test'
2026-09-23T11:44:44.7509040Z   ...
2026-09-23T11:44:44.7510139Z # Subtest: the full declared private-state byte bound fits while oversize input makes no writes
2026-09-23T11:44:44.7518249Z ok 233 - the full declared private-state byte bound fits while oversize input makes no writes
2026-09-23T11:44:44.7519076Z   ---
2026-09-23T11:44:44.7519424Z   duration_ms: 417.8461
2026-09-23T11:44:44.7519814Z   type: 'test'
2026-09-23T11:44:44.7520130Z   ...
2026-09-23T11:44:45.6007289Z # Subtest: UI runtime selection rejects an ambiguous alias and launches the actual requested engine
2026-09-23T11:44:45.6008765Z ok 234 - UI runtime selection rejects an ambiguous alias and launches the actual requested engine
2026-09-23T11:44:45.6009324Z   ---
2026-09-23T11:44:45.6009575Z   duration_ms: 577.0998
2026-09-23T11:44:45.6009857Z   type: 'test'
2026-09-23T11:44:45.6010075Z   ...
2026-09-23T11:44:45.8352780Z # Subtest: scenario timeout trace preserves the active operation without recording request secrets
2026-09-23T11:44:45.8356855Z ok 235 - scenario timeout trace preserves the active operation without recording request secrets
2026-09-23T11:44:45.8358151Z   ---
2026-09-23T11:44:45.8358503Z   duration_ms: 5.4524
2026-09-23T11:44:45.8358884Z   type: 'test'
2026-09-23T11:44:45.8359185Z   ...
2026-09-23T11:44:46.6731407Z # (node:7692) ExperimentalWarning: SQLite is an experimental feature and might change at any time
2026-09-23T11:44:46.6732189Z # (Use `node --trace-warnings ...` to show where the warning was created)
2026-09-23T11:44:46.6854919Z # Subtest: inbound semantic ACL: forged public receipt/message and private wrong-reader mutation are hidden
2026-09-23T11:44:46.6858673Z ok 236 - inbound semantic ACL: forged public receipt/message and private wrong-reader mutation are hidden
2026-09-23T11:44:46.6859635Z   ---
2026-09-23T11:44:46.6859879Z   duration_ms: 266.255
2026-09-23T11:44:46.6860363Z   type: 'test'
2026-09-23T11:44:46.6860583Z   ...
2026-09-23T11:44:47.4719401Z # Subtest: malformed unauthenticated HTTP paths return 400; service survives and auth boundary holds
2026-09-23T11:44:47.4721442Z ok 237 - malformed unauthenticated HTTP paths return 400; service survives and auth boundary holds
2026-09-23T11:44:47.4722308Z   ---
2026-09-23T11:44:47.4722658Z   duration_ms: 59.6611
2026-09-23T11:44:47.4723044Z   type: 'test'
2026-09-23T11:44:47.4723366Z   ...
2026-09-23T11:44:47.4725436Z # Subtest: private site draft and local deletion survive cache removal/restart without plaintext on disk
2026-09-23T11:44:47.4727795Z ok 238 - private site draft and local deletion survive cache removal/restart without plaintext on disk
2026-09-23T11:44:47.4728619Z   ---
2026-09-23T11:44:47.4728946Z   duration_ms: 558.9377
2026-09-23T11:44:47.4729325Z   type: 'test'
2026-09-23T11:44:47.4729644Z   ...
2026-09-23T11:44:48.5482613Z # Subtest: relay consent: no application-level cached serving while paused, positive control after enabling
2026-09-23T11:44:48.5484630Z ok 239 - relay consent: no application-level cached serving while paused, positive control after enabling
2026-09-23T11:44:48.5485456Z   ---
2026-09-23T11:44:48.5485769Z   duration_ms: 1060.2795
2026-09-23T11:44:48.5486142Z   type: 'test'
2026-09-23T11:44:48.5486424Z   ...
2026-09-23T11:44:48.5487021Z # Subtest: deletion journal survives when publication itself evicts its unpinned original
2026-09-23T11:44:48.5487736Z ok 240 - deletion journal survives when publication itself evicts its unpinned original
2026-09-23T11:44:48.5488432Z   ---
2026-09-23T11:44:48.5489393Z   duration_ms: 206.5903
2026-09-23T11:44:48.5489626Z   type: 'test'
2026-09-23T11:44:48.5489810Z   ...
2026-09-23T11:44:48.9242734Z # Subtest: identity proof rejects small-order signing keys even when the underlying verifier accepts the equation
2026-09-23T11:44:48.9244457Z ok 241 - identity proof rejects small-order signing keys even when the underlying verifier accepts the equation
2026-09-23T11:44:48.9245383Z   ---
2026-09-23T11:44:48.9245752Z   duration_ms: 31.6697
2026-09-23T11:44:48.9246136Z   type: 'test'
2026-09-23T11:44:48.9246442Z   ...
2026-09-23T11:44:48.9249980Z # Subtest: the signing-key profile rejects all reference torsion points and noncanonical aliases without changing its input
2026-09-23T11:44:48.9252871Z ok 242 - the signing-key profile rejects all reference torsion points and noncanonical aliases without changing its input
2026-09-23T11:44:48.9253878Z   ---
2026-09-23T11:44:48.9254220Z   duration_ms: 23.1602
2026-09-23T11:44:48.9254626Z   type: 'test'
2026-09-23T11:44:48.9254944Z   ...
2026-09-23T11:44:49.5374538Z # Subtest: seeded virtual time is reproducible with independently generated secure fixtures
2026-09-23T11:44:49.5376086Z ok 243 - seeded virtual time is reproducible with independently generated secure fixtures
2026-09-23T11:44:49.5377191Z   ---
2026-09-23T11:44:49.5377527Z   duration_ms: 71.8256
2026-09-23T11:44:49.5377881Z   type: 'test'
2026-09-23T11:44:49.5378394Z   ...
2026-09-23T11:44:49.5379191Z # Subtest: loss, MTU fragmentation, partition/heal, low-power transition and SOS-before-bulk
2026-09-23T11:44:49.5380941Z ok 244 - loss, MTU fragmentation, partition/heal, low-power transition and SOS-before-bulk
2026-09-23T11:44:49.5381647Z   ---
2026-09-23T11:44:49.5381950Z   duration_ms: 16.3788
2026-09-23T11:44:49.5382169Z   type: 'test'
2026-09-23T11:44:49.5382693Z   ...
2026-09-23T11:44:49.5385861Z # Subtest: directed bandwidth, latency and MTU produce measurable asymmetric arrival times
2026-09-23T11:44:49.5387221Z ok 245 - directed bandwidth, latency and MTU produce measurable asymmetric arrival times
2026-09-23T11:44:49.5388007Z   ---
2026-09-23T11:44:49.5388358Z   duration_ms: 9.6727
2026-09-23T11:44:49.5388742Z   type: 'test'
2026-09-23T11:44:49.5389053Z   ...
2026-09-23T11:44:49.5389712Z # Subtest: congested bounded queues preserve SOS while bulk is deferred
2026-09-23T11:44:49.5390700Z ok 246 - congested bounded queues preserve SOS while bulk is deferred
2026-09-23T11:44:49.5391344Z   ---
2026-09-23T11:44:49.5391677Z   duration_ms: 13.331
2026-09-23T11:44:49.5392053Z   type: 'test'
2026-09-23T11:44:49.5392355Z   ...
2026-09-23T11:44:49.5394095Z # Subtest: bounded cache distinguishes pinned exhaustion from unpinned eviction
2026-09-23T11:44:49.5395287Z ok 247 - bounded cache distinguishes pinned exhaustion from unpinned eviction
2026-09-23T11:44:49.5395979Z   ---
2026-09-23T11:44:49.5396328Z   duration_ms: 15.3758
2026-09-23T11:44:49.5396711Z   type: 'test'
2026-09-23T11:44:49.5397051Z   ...
2026-09-23T11:44:49.5397879Z # Subtest: TTL rejects in-flight expiration and retained replay respects the hop limit
2026-09-23T11:44:49.5399601Z ok 248 - TTL rejects in-flight expiration and retained replay respects the hop limit
2026-09-23T11:44:49.5400588Z   ---
2026-09-23T11:44:49.5401599Z   duration_ms: 7.3084
2026-09-23T11:44:49.5402233Z   type: 'test'
2026-09-23T11:44:49.5402568Z   ...
2026-09-23T11:44:49.5403673Z # Subtest: every-fourth-fragment fairness lets bulk advance during SOS pressure
2026-09-23T11:44:49.5405038Z ok 249 - every-fourth-fragment fairness lets bulk advance during SOS pressure
2026-09-23T11:44:49.5405946Z   ---
2026-09-23T11:44:49.5406471Z   duration_ms: 21.1084
2026-09-23T11:44:49.5407077Z   type: 'test'
2026-09-23T11:44:49.5407576Z   ...
2026-09-23T11:44:49.5409579Z # Subtest: real signature/chunk checks pass honest control and detect deliberately broken controls
2026-09-23T11:44:49.5419803Z ok 250 - real signature/chunk checks pass honest control and detect deliberately broken controls
2026-09-23T11:44:49.5421328Z   ---
2026-09-23T11:44:49.5421672Z   duration_ms: 29.5644
2026-09-23T11:44:49.5422050Z   type: 'test'
2026-09-23T11:44:49.5422352Z   ...
2026-09-23T11:44:49.5423092Z # Subtest: simulation rejects invalid transport bounds and complete report gates pass
2026-09-23T11:44:49.5424259Z ok 251 - simulation rejects invalid transport bounds and complete report gates pass
2026-09-23T11:44:49.5424977Z   ---
2026-09-23T11:44:49.5425294Z   duration_ms: 72.8287
2026-09-23T11:44:49.5425645Z   type: 'test'
2026-09-23T11:44:49.5425941Z   ...
2026-09-23T11:44:50.1693381Z # (node:2200) ExperimentalWarning: SQLite is an experimental feature and might change at any time
2026-09-23T11:44:50.1694610Z # (Use `node --trace-warnings ...` to show where the warning was created)
2026-09-23T11:44:50.9235694Z # Subtest: failed application profile commit cannot publish and a failed public copy remains recoverable
2026-09-23T11:44:50.9237562Z ok 252 - failed application profile commit cannot publish and a failed public copy remains recoverable
2026-09-23T11:44:50.9238708Z   ---
2026-09-23T11:44:50.9239115Z   duration_ms: 760.4278
2026-09-23T11:44:50.9239520Z   type: 'test'
2026-09-23T11:44:50.9239844Z   ...
2026-09-23T11:44:55.3970048Z # Subtest: the real application recovers its exact publication after process exit between authorization and public storage
2026-09-23T11:44:55.3982683Z ok 253 - the real application recovers its exact publication after process exit between authorization and public storage
2026-09-23T11:44:55.3983627Z   ---
2026-09-23T11:44:55.3983956Z   duration_ms: 4474.6647
2026-09-23T11:44:55.3984327Z   type: 'test'
2026-09-23T11:44:55.3984615Z   ...
2026-09-23T11:44:56.0694845Z # Subtest: a known newer head without bytes never falls back to an older site, including after profile unlock
2026-09-23T11:44:56.0706847Z ok 254 - a known newer head without bytes never falls back to an older site, including after profile unlock
2026-09-23T11:44:56.0707793Z   ---
2026-09-23T11:44:56.0708138Z   duration_ms: 672.135
2026-09-23T11:44:56.0708527Z   type: 'test'
2026-09-23T11:44:56.0708870Z   ...
2026-09-23T11:44:56.5257791Z # Subtest: blocking a private-site reader pauses a committed copy and clears the publication error after resumption
2026-09-23T11:44:56.5259766Z ok 255 - blocking a private-site reader pauses a committed copy and clears the publication error after resumption
2026-09-23T11:44:56.5260598Z   ---
2026-09-23T11:44:56.5260919Z   duration_ms: 461.7206
2026-09-23T11:44:56.5261267Z   type: 'test'
2026-09-23T11:44:56.5262175Z   ...
2026-09-23T11:44:59.5320887Z # Subtest: real application APIs preserve revision identity, resolve updates and serve a new reader after the author exits
2026-09-23T11:44:59.5322949Z ok 256 - real application APIs preserve revision identity, resolve updates and serve a new reader after the author exits
2026-09-23T11:44:59.5323856Z   ---
2026-09-23T11:44:59.5324531Z   duration_ms: 2614.0502
2026-09-23T11:44:59.5324801Z   type: 'test'
2026-09-23T11:44:59.5325094Z   ...
2026-09-23T11:45:02.1115931Z # Subtest: private site APIs preserve reading scope and generic publication cannot bypass version authority
2026-09-23T11:45:02.1117110Z ok 257 - private site APIs preserve reading scope and generic publication cannot bypass version authority
2026-09-23T11:45:02.1117595Z   ---
2026-09-23T11:45:02.1117796Z   duration_ms: 2579.3929
2026-09-23T11:45:02.1118018Z   type: 'test'
2026-09-23T11:45:02.1118195Z   ...
2026-09-23T11:45:03.1166584Z # Subtest: a valid outer signature cannot smuggle another owner snapshot into application storage through TCP
2026-09-23T11:45:03.1171034Z ok 258 - a valid outer signature cannot smuggle another owner snapshot into application storage through TCP
2026-09-23T11:45:03.1171875Z   ---
2026-09-23T11:45:03.1172189Z   duration_ms: 1004.9882
2026-09-23T11:45:03.1172599Z   type: 'test'
2026-09-23T11:45:03.1172883Z   ...
2026-09-23T11:45:05.2938645Z # Subtest: two installations with the same owner preserve a fork until the owner explicitly confirms all known heads
2026-09-23T11:45:05.2940518Z ok 259 - two installations with the same owner preserve a fork until the owner explicitly confirms all known heads
2026-09-23T11:45:05.2941397Z   ---
2026-09-23T11:45:05.2941923Z   duration_ms: 2181.352
2026-09-23T11:45:05.2942289Z   type: 'test'
2026-09-23T11:45:05.2942583Z   ...
2026-09-23T11:45:07.5831295Z # (node:3168) ExperimentalWarning: SQLite is an experimental feature and might change at any time
2026-09-23T11:45:07.5832543Z # (Use `node --trace-warnings ...` to show where the warning was created)
2026-09-23T11:45:07.5859869Z # Subtest: actual process interruption at site prepare-before preserves the publication boundary
2026-09-23T11:45:07.5864805Z ok 260 - actual process interruption at site prepare-before preserves the publication boundary
2026-09-23T11:45:07.5865772Z   ---
2026-09-23T11:45:07.5866114Z   duration_ms: 410.7837
2026-09-23T11:45:07.5866481Z   type: 'test'
2026-09-23T11:45:07.5866800Z   ...
2026-09-23T11:45:07.5870476Z # Subtest: actual process interruption at site prepare-after preserves the publication boundary
2026-09-23T11:45:07.5871952Z ok 261 - actual process interruption at site prepare-after preserves the publication boundary
2026-09-23T11:45:07.5872736Z   ---
2026-09-23T11:45:07.5873059Z   duration_ms: 393.1229
2026-09-23T11:45:07.5873421Z   type: 'test'
2026-09-23T11:45:07.5873714Z   ...
2026-09-23T11:45:07.5878424Z # Subtest: actual process interruption at site commit-before preserves the publication boundary
2026-09-23T11:45:07.5881023Z ok 262 - actual process interruption at site commit-before preserves the publication boundary
2026-09-23T11:45:07.5882197Z   ---
2026-09-23T11:45:07.5882617Z   duration_ms: 394.7306
2026-09-23T11:45:07.5883029Z   type: 'test'
2026-09-23T11:45:07.5883327Z   ...
2026-09-23T11:45:07.5885570Z # Subtest: actual process interruption at site commit-after preserves the publication boundary
2026-09-23T11:45:07.5887045Z ok 263 - actual process interruption at site commit-after preserves the publication boundary
2026-09-23T11:45:07.5887950Z   ---
2026-09-23T11:45:07.5888367Z   duration_ms: 394.3813
2026-09-23T11:45:07.5889287Z   type: 'test'
2026-09-23T11:45:07.5889909Z   ...
2026-09-23T11:45:07.5892891Z # Subtest: actual process interruption at site copy preserves the publication boundary
2026-09-23T11:45:07.5894431Z ok 264 - actual process interruption at site copy preserves the publication boundary
2026-09-23T11:45:07.5894874Z   ---
2026-09-23T11:45:07.5895077Z   duration_ms: 409.3581
2026-09-23T11:45:07.5895306Z   type: 'test'
2026-09-23T11:45:07.5895478Z   ...
2026-09-23T11:45:07.9933509Z # (node:960) ExperimentalWarning: SQLite is an experimental feature and might change at any time
2026-09-23T11:45:07.9934312Z # (Use `node --trace-warnings ...` to show where the warning was created)
2026-09-23T11:45:07.9954313Z # Subtest: site transactions share the real bound application profile without changing its existing private state
2026-09-23T11:45:07.9958020Z ok 265 - site transactions share the real bound application profile without changing its existing private state
2026-09-23T11:45:07.9958655Z   ---
2026-09-23T11:45:07.9958895Z   duration_ms: 100.0949
2026-09-23T11:45:07.9959155Z   type: 'test'
2026-09-23T11:45:07.9959361Z   ...
2026-09-23T11:45:09.0120360Z # (node:8968) ExperimentalWarning: SQLite is an experimental feature and might change at any time
2026-09-23T11:45:09.0121267Z # (Use `node --trace-warnings ...` to show where the warning was created)
2026-09-23T11:45:09.0152136Z # Subtest: catalog atomically persists preparation, authorization and exact public-copy recovery across database restart
2026-09-23T11:45:09.0156310Z ok 266 - catalog atomically persists preparation, authorization and exact public-copy recovery across database restart
2026-09-23T11:45:09.0157437Z   ---
2026-09-23T11:45:09.0157824Z   duration_ms: 202.8133
2026-09-23T11:45:09.0158253Z   type: 'test'
2026-09-23T11:45:09.0159778Z   ...
2026-09-23T11:45:09.0162148Z # Subtest: another signed head appearing before authorization supersedes a private preparation without publishing it
2026-09-23T11:45:09.0164195Z ok 267 - another signed head appearing before authorization supersedes a private preparation without publishing it
2026-09-23T11:45:09.0165484Z   ---
2026-09-23T11:45:09.0165834Z   duration_ms: 95.7871
2026-09-23T11:45:09.0166205Z   type: 'test'
2026-09-23T11:45:09.0166511Z   ...
2026-09-23T11:45:09.0167749Z # Subtest: staging capacity failure cannot leave a catalog entry, partial bundle or changed prior operation
2026-09-23T11:45:09.0169968Z ok 268 - staging capacity failure cannot leave a catalog entry, partial bundle or changed prior operation
2026-09-23T11:45:09.0170895Z   ---
2026-09-23T11:45:09.0171247Z   duration_ms: 81.2113
2026-09-23T11:45:09.0171638Z   type: 'test'
2026-09-23T11:45:09.0172562Z   ...
2026-09-23T11:45:09.0174125Z # Subtest: expired preparations remain recoverable as terminal outcomes without treating the profile as corrupt
2026-09-23T11:45:09.0175753Z ok 269 - expired preparations remain recoverable as terminal outcomes without treating the profile as corrupt
2026-09-23T11:45:09.0177249Z   ---
2026-09-23T11:45:09.0177596Z   duration_ms: 164.0426
2026-09-23T11:45:09.0177970Z   type: 'test'
2026-09-23T11:45:09.0178279Z   ...
2026-09-23T11:45:09.0179241Z # Subtest: public retries recover the exact first envelope; private retries cannot silently change a reading envelope
2026-09-23T11:45:09.0180865Z ok 270 - public retries recover the exact first envelope; private retries cannot silently change a reading envelope
2026-09-23T11:45:09.0181790Z   ---
2026-09-23T11:45:09.0182128Z   duration_ms: 107.9139
2026-09-23T11:45:09.0182502Z   type: 'test'
2026-09-23T11:45:09.0182808Z   ...
2026-09-23T11:45:09.0183485Z # Subtest: repeated verified observations do not rewrite the encrypted catalog
2026-09-23T11:45:09.0184544Z ok 271 - repeated verified observations do not rewrite the encrypted catalog
2026-09-23T11:45:09.0185170Z   ---
2026-09-23T11:45:09.0185477Z   duration_ms: 65.2633
2026-09-23T11:45:09.0185809Z   type: 'test'
2026-09-23T11:45:09.0186081Z   ...
2026-09-23T11:45:09.5330968Z # Subtest: complete declarative snapshots bind a signed revision to the payload and envelope signing owner
2026-09-23T11:45:09.5332547Z ok 272 - complete declarative snapshots bind a signed revision to the payload and envelope signing owner
2026-09-23T11:45:09.5333409Z   ---
2026-09-23T11:45:09.5333756Z   duration_ms: 142.3008
2026-09-23T11:45:09.5334505Z   type: 'test'
2026-09-23T11:45:09.5334826Z   ...
2026-09-23T11:45:09.5340741Z # Subtest: snapshots reject unsigned additions, malformed declarative documents and changed signed payloads
2026-09-23T11:45:09.5342306Z ok 273 - snapshots reject unsigned additions, malformed declarative documents and changed signed payloads
2026-09-23T11:45:09.5343182Z   ---
2026-09-23T11:45:09.5343495Z   duration_ms: 6.7158
2026-09-23T11:45:09.5343835Z   type: 'test'
2026-09-23T11:45:09.5344142Z   ...
2026-09-23T11:45:12.4281523Z # (node:5356) ExperimentalWarning: SQLite is an experimental feature and might change at any time
2026-09-23T11:45:12.4282627Z # (Use `node --trace-warnings ...` to show where the warning was created)
2026-09-23T11:45:12.4317847Z # Subtest: intent commits without a visitor signature; later signing survives reopen with private consent and no public store
2026-09-23T11:45:12.4319966Z ok 274 - intent commits without a visitor signature; later signing survives reopen with private consent and no public store
2026-09-23T11:45:12.4320958Z   ---
2026-09-23T11:45:12.4321304Z   duration_ms: 164.2777
2026-09-23T11:45:12.4321695Z   type: 'test'
2026-09-23T11:45:12.4322002Z   ...
2026-09-23T11:45:12.4324636Z # Subtest: failed transactions and changed policy retain a prepared intent without handing out a signature
2026-09-23T11:45:12.4326415Z ok 275 - failed transactions and changed policy retain a prepared intent without handing out a signature
2026-09-23T11:45:12.4327700Z   ---
2026-09-23T11:45:12.4328280Z   duration_ms: 92.0656
2026-09-23T11:45:12.4328684Z   type: 'test'
2026-09-23T11:45:12.4329002Z   ...
2026-09-23T11:45:12.4329839Z # Subtest: expiry and cancellation keep retired sequence outcomes and never renew a signature
2026-09-23T11:45:12.4331152Z ok 276 - expiry and cancellation keep retired sequence outcomes and never renew a signature
2026-09-23T11:45:12.4331936Z   ---
2026-09-23T11:45:12.4332279Z   duration_ms: 1003.0793
2026-09-23T11:45:12.4332664Z   type: 'test'
2026-09-23T11:45:12.4332993Z   ...
2026-09-23T11:45:12.4333789Z # Subtest: private contribution storage refuses missing-stage without resetting an intent
2026-09-23T11:45:12.4335060Z ok 277 - private contribution storage refuses missing-stage without resetting an intent
2026-09-23T11:45:12.4335836Z   ---
2026-09-23T11:45:12.4336167Z   duration_ms: 22.5837
2026-09-23T11:45:12.4336542Z   type: 'test'
2026-09-23T11:45:12.4336858Z   ...
2026-09-23T11:45:12.4337639Z # Subtest: private contribution storage refuses wrong-source without resetting an intent
2026-09-23T11:45:12.4338902Z ok 278 - private contribution storage refuses wrong-source without resetting an intent
2026-09-23T11:45:12.4339658Z   ---
2026-09-23T11:45:12.4339989Z   duration_ms: 24.8374
2026-09-23T11:45:12.4340365Z   type: 'test'
2026-09-23T11:45:12.4340687Z   ...
2026-09-23T11:45:12.4341433Z # Subtest: private contribution storage refuses read-key without resetting an intent
2026-09-23T11:45:12.4342616Z ok 279 - private contribution storage refuses read-key without resetting an intent
2026-09-23T11:45:12.4343726Z   ---
2026-09-23T11:45:12.4345087Z   duration_ms: 23.9414
2026-09-23T11:45:12.4345481Z   type: 'test'
2026-09-23T11:45:12.4345801Z   ...
2026-09-23T11:45:12.4350958Z # Subtest: real abrupt process exit before-intent-commit preserves the intent and fixed certificate identity
2026-09-23T11:45:12.4352932Z ok 280 - real abrupt process exit before-intent-commit preserves the intent and fixed certificate identity
2026-09-23T11:45:12.4353955Z   ---
2026-09-23T11:45:12.4354706Z   duration_ms: 364.3354
2026-09-23T11:45:12.4355102Z   type: 'test'
2026-09-23T11:45:12.4355714Z   ...
2026-09-23T11:45:12.4356709Z # Subtest: real abrupt process exit after-intent preserves the intent and fixed certificate identity
2026-09-23T11:45:12.4358876Z ok 281 - real abrupt process exit after-intent preserves the intent and fixed certificate identity
2026-09-23T11:45:12.4359637Z   ---
2026-09-23T11:45:12.4359937Z   duration_ms: 369.4726
2026-09-23T11:45:12.4360564Z   type: 'test'
2026-09-23T11:45:12.4360891Z   ...
2026-09-23T11:45:12.4362142Z # Subtest: real abrupt process exit after-signature preserves the intent and fixed certificate identity
2026-09-23T11:45:12.4363592Z ok 282 - real abrupt process exit after-signature preserves the intent and fixed certificate identity
2026-09-23T11:45:12.4366313Z   ---
2026-09-23T11:45:12.4366716Z   duration_ms: 384.1299
2026-09-23T11:45:12.4367120Z   type: 'test'
2026-09-23T11:45:12.4367716Z   ...
2026-09-23T11:45:12.4368619Z # Subtest: preparation quota failure rolls back stage and sequence before any signature exists
2026-09-23T11:45:12.4369881Z ok 283 - preparation quota failure rolls back stage and sequence before any signature exists
2026-09-23T11:45:12.4370614Z   ---
2026-09-23T11:45:12.4370924Z   duration_ms: 87.5723
2026-09-23T11:45:12.4371259Z   type: 'test'
2026-09-23T11:45:12.4371546Z   ...
2026-09-23T11:45:12.4372238Z # Subtest: a proposal expiring during the policy check cannot commit a new signature
2026-09-23T11:45:12.4373179Z ok 284 - a proposal expiring during the policy check cannot commit a new signature
2026-09-23T11:45:12.4373580Z   ---
2026-09-23T11:45:12.4373779Z   duration_ms: 40.4753
2026-09-23T11:45:12.4374013Z   type: 'test'
2026-09-23T11:45:12.4374199Z   ...
2026-09-23T11:45:12.9210483Z # Subtest: form query is a copied closed locator, never executable input or caller-supplied permission
2026-09-23T11:45:12.9212828Z ok 285 - form query is a copied closed locator, never executable input or caller-supplied permission
2026-09-23T11:45:12.9214523Z   ---
2026-09-23T11:45:12.9214908Z   duration_ms: 1.6056
2026-09-23T11:45:12.9215294Z   type: 'test'
2026-09-23T11:45:12.9215615Z   ...
2026-09-23T11:45:12.9218937Z # Subtest: real snapshot lookup authenticates author, reader access and visitor policy without returning table rows
2026-09-23T11:45:12.9221967Z ok 286 - real snapshot lookup authenticates author, reader access and visitor policy without returning table rows
2026-09-23T11:45:12.9222887Z   ---
2026-09-23T11:45:12.9223219Z   duration_ms: 127.0398
2026-09-23T11:45:12.9223587Z   type: 'test'
2026-09-23T11:45:12.9223879Z   ...
2026-09-23T11:45:13.4315152Z # Subtest: private proposal envelope binds actual author, exactly two logical readers and the original certificate deadline
2026-09-23T11:45:13.4318316Z ok 287 - private proposal envelope binds actual author, exactly two logical readers and the original certificate deadline
2026-09-23T11:45:13.4319029Z   ---
2026-09-23T11:45:13.4319408Z   duration_ms: 164.3014
2026-09-23T11:45:13.4319773Z   type: 'test'
2026-09-23T11:45:13.4320068Z   ...
2026-09-23T11:45:20.3602210Z # Subtest: Node, portable and real Go inbox transitions agree on replay, finite retention, conflicts and quotas
2026-09-23T11:45:20.3606494Z ok 288 - Node, portable and real Go inbox transitions agree on replay, finite retention, conflicts and quotas
2026-09-23T11:45:20.3607043Z   ---
2026-09-23T11:45:20.3607274Z   duration_ms: 6566.2026
2026-09-23T11:45:20.3607511Z   type: 'test'
2026-09-23T11:45:20.3607694Z   ...
2026-09-23T11:45:22.2083100Z # (node:5972) ExperimentalWarning: SQLite is an experimental feature and might change at any time
2026-09-23T11:45:22.2083887Z # (Use `node --trace-warnings ...` to show where the warning was created)
2026-09-23T11:45:22.2141426Z # Subtest: private inbox preserves verified source and proposal across reopening, separately from sender staging
2026-09-23T11:45:22.2143759Z ok 289 - private inbox preserves verified source and proposal across reopening, separately from sender staging
2026-09-23T11:45:22.2145057Z   ---
2026-09-23T11:45:22.2145687Z   duration_ms: 182.6516
2026-09-23T11:45:22.2152339Z   type: 'test'
2026-09-23T11:45:22.2153032Z   ...
2026-09-23T11:45:22.2154203Z # Subtest: repackaging is idempotent and a conflicting visitor UUID cannot replace the original candidate
2026-09-23T11:45:22.2156038Z ok 290 - repackaging is idempotent and a conflicting visitor UUID cannot replace the original candidate
2026-09-23T11:45:22.2157505Z   ---
2026-09-23T11:45:22.2158106Z   duration_ms: 116.654
2026-09-23T11:45:22.2158712Z   type: 'test'
2026-09-23T11:45:22.2159023Z   ...
2026-09-23T11:45:22.2160026Z # Subtest: an interrupted admission/source transaction rolls back without losing the earlier proof
2026-09-23T11:45:22.2161739Z ok 291 - an interrupted admission/source transaction rolls back without losing the earlier proof
2026-09-23T11:45:22.2162598Z   ---
2026-09-23T11:45:22.2162934Z   duration_ms: 77.0369
2026-09-23T11:45:22.2163355Z   type: 'test'
2026-09-23T11:45:22.2163662Z   ...
2026-09-23T11:45:22.2171070Z # Subtest: expiry removes private payloads but keeps replay metadata for the bounded retention window
2026-09-23T11:45:22.2172562Z ok 292 - expiry removes private payloads but keeps replay metadata for the bounded retention window
2026-09-23T11:45:22.2173416Z   ---
2026-09-23T11:45:22.2173771Z   duration_ms: 76.0618
2026-09-23T11:45:22.2174163Z   type: 'test'
2026-09-23T11:45:22.2174473Z   ...
2026-09-23T11:45:22.2175402Z # Subtest: unreadable/public proposals, wrong source and revoked policy never become verified candidates
2026-09-23T11:45:22.2177146Z ok 293 - unreadable/public proposals, wrong source and revoked policy never become verified candidates
2026-09-23T11:45:22.2178018Z   ---
2026-09-23T11:45:22.2178360Z   duration_ms: 85.253
2026-09-23T11:45:22.2178744Z   type: 'test'
2026-09-23T11:45:22.2179060Z   ...
2026-09-23T11:45:22.2181260Z # Subtest: tampered retained evidence is an integrity failure, never repaired into a new proposal
2026-09-23T11:45:22.2182913Z ok 294 - tampered retained evidence is an integrity failure, never repaired into a new proposal
2026-09-23T11:45:22.2183720Z   ---
2026-09-23T11:45:22.2184069Z   duration_ms: 54.2563
2026-09-23T11:45:22.2184441Z   type: 'test'
2026-09-23T11:45:22.2184743Z   ...
2026-09-23T11:45:22.2185652Z # Subtest: journal quotas preserve pending entries and conflict floods have bounded descriptors and writes
2026-09-23T11:45:22.2187145Z ok 295 - journal quotas preserve pending entries and conflict floods have bounded descriptors and writes
2026-09-23T11:45:22.2188026Z   ---
2026-09-23T11:45:22.2188370Z   duration_ms: 196.1665
2026-09-23T11:45:22.2188751Z   type: 'test'
2026-09-23T11:45:22.2189053Z   ...
2026-09-23T11:45:22.2189878Z # Subtest: explicit dismissal is atomic, releases only selected proof quota and survives replay/reopen
2026-09-23T11:45:22.2191197Z ok 296 - explicit dismissal is atomic, releases only selected proof quota and survives replay/reopen
2026-09-23T11:45:22.2191812Z   ---
2026-09-23T11:45:22.2192013Z   duration_ms: 137.2218
2026-09-23T11:45:22.2192228Z   type: 'test'
2026-09-23T11:45:22.2192409Z   ...
2026-09-23T11:45:22.2192922Z # Subtest: dismissing unverified proposal frees admission quota without evicting other pending proposals
2026-09-23T11:45:22.2193724Z ok 297 - dismissing unverified proposal frees admission quota without evicting other pending proposals
2026-09-23T11:45:22.2194191Z   ---
2026-09-23T11:45:22.2194374Z   duration_ms: 121.5015
2026-09-23T11:45:22.2194581Z   type: 'test'
2026-09-23T11:45:22.2194751Z   ...
2026-09-23T11:45:22.2195061Z # Subtest: dismissal cannot hide corruption in private proof
2026-09-23T11:45:22.2195521Z ok 298 - dismissal cannot hide corruption in private proof
2026-09-23T11:45:22.2195827Z   ---
2026-09-23T11:45:22.2196018Z   duration_ms: 36.7279
2026-09-23T11:45:22.2196225Z   type: 'test'
2026-09-23T11:45:22.2196399Z   ...
2026-09-23T11:45:22.2197309Z # Subtest: owner receipt intent survives dismiss and resumes one exact private envelope after reopen
2026-09-23T11:45:22.2198077Z ok 299 - owner receipt intent survives dismiss and resumes one exact private envelope after reopen
2026-09-23T11:45:22.2198514Z   ---
2026-09-23T11:45:22.2198704Z   duration_ms: 161.4315
2026-09-23T11:45:22.2198909Z   type: 'test'
2026-09-23T11:45:22.2199074Z   ...
2026-09-23T11:45:22.2199536Z # Subtest: owner receipt intent survives expire and resumes one exact private envelope after reopen
2026-09-23T11:45:22.2200266Z ok 300 - owner receipt intent survives expire and resumes one exact private envelope after reopen
2026-09-23T11:45:22.2200711Z   ---
2026-09-23T11:45:22.2200888Z   duration_ms: 145.6323
2026-09-23T11:45:22.2201096Z   type: 'test'
2026-09-23T11:45:22.2201260Z   ...
2026-09-23T11:45:22.2201647Z # Subtest: legacy verified inbox migrates only from retained authenticated source
2026-09-23T11:45:22.2202260Z ok 301 - legacy verified inbox migrates only from retained authenticated source
2026-09-23T11:45:22.2202631Z   ---
2026-09-23T11:45:22.2202804Z   duration_ms: 62.6023
2026-09-23T11:45:22.2203023Z   type: 'test'
2026-09-23T11:45:22.2203189Z   ...
2026-09-23T11:45:22.2203583Z # Subtest: legacy discarded inbox migrates only from retained authenticated source
2026-09-23T11:45:22.2204214Z ok 302 - legacy discarded inbox migrates only from retained authenticated source
2026-09-23T11:45:22.2204815Z   ---
2026-09-23T11:45:22.2205145Z   duration_ms: 62.9794
2026-09-23T11:45:22.2205515Z   type: 'test'
2026-09-23T11:45:22.2205820Z   ...
2026-09-23T11:45:24.1126771Z # Subtest: Node, portable crypto and Go agree on visitor proposals, schemas and negative authorization vectors
2026-09-23T11:45:24.1131167Z ok 303 - Node, portable crypto and Go agree on visitor proposals, schemas and negative authorization vectors
2026-09-23T11:45:24.1131783Z   ---
2026-09-23T11:45:24.1132015Z   duration_ms: 1521.2334
2026-09-23T11:45:24.1132552Z   type: 'test'
2026-09-23T11:45:24.1132911Z   ...
2026-09-23T11:45:26.8231813Z # Subtest: Node, portable and Go contribution journals agree on canonical requests, retained transitions and rejected corruption
2026-09-23T11:45:26.8236138Z ok 304 - Node, portable and Go contribution journals agree on canonical requests, retained transitions and rejected corruption
2026-09-23T11:45:26.8237176Z   ---
2026-09-23T11:45:26.8237537Z   duration_ms: 2352.9822
2026-09-23T11:45:26.8237954Z   type: 'test'
2026-09-23T11:45:26.8238259Z   ...
2026-09-23T11:45:30.5847244Z # (node:7952) ExperimentalWarning: SQLite is an experimental feature and might change at any time
2026-09-23T11:45:30.5848074Z # (Use `node --trace-warnings ...` to show where the warning was created)
2026-09-23T11:45:30.5880572Z # Subtest: queued source and envelope survive restart while a second preparation uses its own slot
2026-09-23T11:45:30.5883854Z ok 305 - queued source and envelope survive restart while a second preparation uses its own slot
2026-09-23T11:45:30.5884580Z   ---
2026-09-23T11:45:30.5884930Z   duration_ms: 292.3153
2026-09-23T11:45:30.5885333Z   type: 'test'
2026-09-23T11:45:30.5885650Z   ...
2026-09-23T11:45:30.5889083Z # Subtest: queue transaction rollback retains the signed envelope and never frees a preparation early
2026-09-23T11:45:30.5890754Z ok 306 - queue transaction rollback retains the signed envelope and never frees a preparation early
2026-09-23T11:45:30.5891541Z   ---
2026-09-23T11:45:30.5891900Z   duration_ms: 154.6496
2026-09-23T11:45:30.5892287Z   type: 'test'
2026-09-23T11:45:30.5892610Z   ...
2026-09-23T11:45:30.5895186Z # Subtest: queued expiry retires private payload but retains packet identity for cancellation
2026-09-23T11:45:30.5896742Z ok 307 - queued expiry retires private payload but retains packet identity for cancellation
2026-09-23T11:45:30.5897739Z   ---
2026-09-23T11:45:30.5898269Z   duration_ms: 114.8402
2026-09-23T11:45:30.5898860Z   type: 'test'
2026-09-23T11:45:30.5899369Z   ...
2026-09-23T11:45:30.5900560Z # Subtest: 32 pending queues apply backpressure without losing old payloads or the current prepared envelope
2026-09-23T11:45:30.5902316Z ok 308 - 32 pending queues apply backpressure without losing old payloads or the current prepared envelope
2026-09-23T11:45:30.5903352Z   ---
2026-09-23T11:45:30.5903670Z   duration_ms: 2779.5877
2026-09-23T11:45:30.5903984Z   type: 'test'
2026-09-23T11:45:30.5904168Z   ...
2026-09-23T11:45:30.5904701Z # Subtest: missing queued payload is corruption, not an excuse to create new bytes or cancel a different stage
2026-09-23T11:45:30.5905536Z ok 309 - missing queued payload is corruption, not an excuse to create new bytes or cancel a different stage
2026-09-23T11:45:30.5905992Z   ---
2026-09-23T11:45:30.5906181Z   duration_ms: 85.4366
2026-09-23T11:45:30.5906399Z   type: 'test'
2026-09-23T11:45:30.5906923Z   ...
2026-09-23T11:45:32.6249118Z # Subtest: owner reception receipts bind the original proposal and exact private envelope across Node, portable crypto and Go
2026-09-23T11:45:32.6253200Z ok 310 - owner reception receipts bind the original proposal and exact private envelope across Node, portable crypto and Go
2026-09-23T11:45:32.6253850Z   ---
2026-09-23T11:45:32.6254080Z   duration_ms: 1663.1923
2026-09-23T11:45:32.6254331Z   type: 'test'
2026-09-23T11:45:32.6254527Z   ...
2026-09-23T11:45:36.0980187Z # Subtest: receipt admission requires exact copied intent, retains cancellation/expiry and never revives a retired operation
2026-09-23T11:45:36.0989159Z ok 311 - receipt admission requires exact copied intent, retains cancellation/expiry and never revives a retired operation
2026-09-23T11:45:36.0990282Z   ---
2026-09-23T11:45:36.0990855Z   duration_ms: 3096.4436
2026-09-23T11:45:36.0991311Z   type: 'test'
2026-09-23T11:45:36.0991638Z   ...
2026-09-23T11:45:36.8299389Z # Subtest: declarative form binds all typed columns, preserves zero/false and never executes values
2026-09-23T11:45:36.8302455Z ok 312 - declarative form binds all typed columns, preserves zero/false and never executes values
2026-09-23T11:45:36.8303526Z   ---
2026-09-23T11:45:36.8303900Z   duration_ms: 9.2088
2026-09-23T11:45:36.8304317Z   type: 'test'
2026-09-23T11:45:36.8304640Z   ...
2026-09-23T11:45:36.8308376Z # Subtest: form and value parsing reject active accessors, sparse lists, unknown fields and oversized inputs
2026-09-23T11:45:36.8311092Z ok 313 - form and value parsing reject active accessors, sparse lists, unknown fields and oversized inputs
2026-09-23T11:45:36.8312261Z   ---
2026-09-23T11:45:36.8312622Z   duration_ms: 1.2271
2026-09-23T11:45:36.8312991Z   type: 'test'
2026-09-23T11:45:36.8313297Z   ...
2026-09-23T11:45:36.8315524Z # Subtest: Node visitor signatures verify across adapters but cannot become owner revisions
2026-09-23T11:45:36.8317700Z ok 314 - Node visitor signatures verify across adapters but cannot become owner revisions
2026-09-23T11:45:36.8318475Z   ---
2026-09-23T11:45:36.8318852Z   duration_ms: 135.5212
2026-09-23T11:45:36.8319247Z   type: 'test'
2026-09-23T11:45:36.8319559Z   ...
2026-09-23T11:45:36.8320453Z # Subtest: portable visitor signatures verify across adapters but cannot become owner revisions
2026-09-23T11:45:36.8323144Z ok 315 - portable visitor signatures verify across adapters but cannot become owner revisions
2026-09-23T11:45:36.8323955Z   ---
2026-09-23T11:45:36.8324306Z   duration_ms: 114.6903
2026-09-23T11:45:36.8324678Z   type: 'test'
2026-09-23T11:45:36.8324985Z   ...
2026-09-23T11:45:36.8325920Z # Subtest: site/form/schema/base and the visitor's maximum publication audience are bound independently
2026-09-23T11:45:36.8327810Z ok 316 - site/form/schema/base and the visitor's maximum publication audience are bound independently
2026-09-23T11:45:36.8329025Z   ---
2026-09-23T11:45:36.8330245Z   duration_ms: 26.2777
2026-09-23T11:45:36.8331021Z   type: 'test'
2026-09-23T11:45:36.8332085Z   ...
2026-09-23T11:45:36.8333283Z # Subtest: expiry and clock checks apply to admission, while historical signatures stay verifiable
2026-09-23T11:45:36.8334658Z ok 317 - expiry and clock checks apply to admission, while historical signatures stay verifiable
2026-09-23T11:45:36.8335462Z   ---
2026-09-23T11:45:36.8335773Z   duration_ms: 61.5189
2026-09-23T11:45:36.8336145Z   type: 'test'
2026-09-23T11:45:36.8336440Z   ...
2026-09-23T11:45:36.8337325Z # Subtest: private submission remains encrypted even when the visitor consents to later public adoption
2026-09-23T11:45:36.8338795Z ok 318 - private submission remains encrypted even when the visitor consents to later public adoption
2026-09-23T11:45:36.8339671Z   ---
2026-09-23T11:45:36.8339994Z   duration_ms: 16.8308
2026-09-23T11:45:36.8340385Z   type: 'test'
2026-09-23T11:45:36.8340699Z   ...
2026-09-23T11:45:38.1686995Z # Subtest: Node and a real Go process agree on bounded declarative table vectors
2026-09-23T11:45:38.1690662Z ok 319 - Node and a real Go process agree on bounded declarative table vectors
2026-09-23T11:45:38.1691322Z   ---
2026-09-23T11:45:38.1691600Z   duration_ms: 1084.0549
2026-09-23T11:45:38.1691894Z   type: 'test'
2026-09-23T11:45:38.1692128Z   ...
2026-09-23T11:45:38.4504399Z # Subtest: signed table projection sorts numeric values, keeps null last, and leaves source bytes unchanged
2026-09-23T11:45:38.4506069Z ok 320 - signed table projection sorts numeric values, keeps null last, and leaves source bytes unchanged
2026-09-23T11:45:38.4507324Z   ---
2026-09-23T11:45:38.4507668Z   duration_ms: 4.8132
2026-09-23T11:45:38.4508071Z   type: 'test'
2026-09-23T11:45:38.4508413Z   ...
2026-09-23T11:45:38.4510887Z # Subtest: literal search never evaluates code or patterns and pagination stays finite on empty and boundary queries
2026-09-23T11:45:38.4513182Z ok 321 - literal search never evaluates code or patterns and pagination stays finite on empty and boundary queries
2026-09-23T11:45:38.4514033Z   ---
2026-09-23T11:45:38.4514263Z   duration_ms: 1.8921
2026-09-23T11:45:38.4514809Z   type: 'test'
2026-09-23T11:45:38.4515036Z   ...
2026-09-23T11:45:38.4516104Z # Subtest: table shape, dates, links, column types and finite limits reject negative controls
2026-09-23T11:45:38.4517606Z ok 322 - table shape, dates, links, column types and finite limits reject negative controls
2026-09-23T11:45:38.4518344Z   ---
2026-09-23T11:45:38.4518653Z   duration_ms: 2.8028
2026-09-23T11:45:38.4519011Z   type: 'test'
2026-09-23T11:45:38.4519243Z   ...
2026-09-23T11:45:38.4522415Z # Subtest: nested getters and noncanonical arrays are rejected before executing accessors
2026-09-23T11:45:38.4523828Z ok 323 - nested getters and noncanonical arrays are rejected before executing accessors
2026-09-23T11:45:38.4524594Z   ---
2026-09-23T11:45:38.4524931Z   duration_ms: 1.3274
2026-09-23T11:45:38.4525317Z   type: 'test'
2026-09-23T11:45:38.4525644Z   ...
2026-09-23T11:45:38.4526886Z # Subtest: table byte quota counts UTF-8 bytes and canonical field names, with both sides of the boundary
2026-09-23T11:45:38.4528308Z ok 324 - table byte quota counts UTF-8 bytes and canonical field names, with both sides of the boundary
2026-09-23T11:45:38.4529140Z   ---
2026-09-23T11:45:38.4529480Z   duration_ms: 3.1238
2026-09-23T11:45:38.4529856Z   type: 'test'
2026-09-23T11:45:38.4530177Z   ...
2026-09-23T11:45:38.4531113Z # Subtest: CSV handles quoted commas, quotes and newlines as literal text without guessing numeric identities
2026-09-23T11:45:38.4532611Z ok 325 - CSV handles quoted commas, quotes and newlines as literal text without guessing numeric identities
2026-09-23T11:45:38.4533475Z   ---
2026-09-23T11:45:38.4533810Z   duration_ms: 1.5532
2026-09-23T11:45:38.4534183Z   type: 'test'
2026-09-23T11:45:38.4534498Z   ...
2026-09-23T11:45:38.4535298Z # Subtest: CSV export neutralises spreadsheet formulas without changing signed table values
2026-09-23T11:45:38.4536569Z ok 326 - CSV export neutralises spreadsheet formulas without changing signed table values
2026-09-23T11:45:38.4537349Z   ---
2026-09-23T11:45:38.4537693Z   duration_ms: 0.4094
2026-09-23T11:45:38.4538071Z   type: 'test'
2026-09-23T11:45:38.4538390Z   ...
2026-09-23T11:45:38.4540652Z # Subtest: typed editing preserves incomplete numbers for validation rather than erasing them
2026-09-23T11:45:38.4542130Z ok 327 - typed editing preserves incomplete numbers for validation rather than erasing them
2026-09-23T11:45:38.4542923Z   ---
2026-09-23T11:45:38.4543265Z   duration_ms: 0.4537
2026-09-23T11:45:38.4543650Z   type: 'test'
2026-09-23T11:45:38.4543956Z   ...
2026-09-23T11:45:38.8664553Z # Subtest: site schema: multipage with nested media and local navigation
2026-09-23T11:45:38.8666073Z ok 328 - site schema: multipage with nested media and local navigation
2026-09-23T11:45:38.8669706Z   ---
2026-09-23T11:45:38.8674963Z   duration_ms: 4.8148
2026-09-23T11:45:38.8675547Z   type: 'test'
2026-09-23T11:45:38.8676027Z   ...
2026-09-23T11:45:38.8676753Z # Subtest: site schema: literal HTML is data, never a block program
2026-09-23T11:45:38.8678904Z ok 329 - site schema: literal HTML is data, never a block program
2026-09-23T11:45:38.8680343Z   ---
2026-09-23T11:45:38.8680715Z   duration_ms: 0.6125
2026-09-23T11:45:38.8681081Z   type: 'test'
2026-09-23T11:45:38.8681374Z   ...
2026-09-23T11:45:38.8681816Z # Subtest: site schema: exact UTF-16 title boundary
2026-09-23T11:45:38.8682455Z ok 330 - site schema: exact UTF-16 title boundary
2026-09-23T11:45:38.8682932Z   ---
2026-09-23T11:45:38.8683138Z   duration_ms: 0.5083
2026-09-23T11:45:38.8683359Z   type: 'test'
2026-09-23T11:45:38.8683603Z   ...
2026-09-23T11:45:38.8683985Z # Subtest: site schema: unknown version
2026-09-23T11:45:38.8684480Z ok 331 - site schema: unknown version
2026-09-23T11:45:38.8684883Z   ---
2026-09-23T11:45:38.8685110Z   duration_ms: 0.306
2026-09-23T11:45:38.8685321Z   type: 'test'
2026-09-23T11:45:38.8685509Z   ...
2026-09-23T11:45:38.8685760Z # Subtest: site schema: script property
2026-09-23T11:45:38.8686084Z ok 332 - site schema: script property
2026-09-23T11:45:38.8686706Z   ---
2026-09-23T11:45:38.8687061Z   duration_ms: 0.2257
2026-09-23T11:45:38.8687281Z   type: 'test'
2026-09-23T11:45:38.8687452Z   ...
2026-09-23T11:45:38.8687673Z # Subtest: site schema: arbitrary CSS
2026-09-23T11:45:38.8687993Z ok 333 - site schema: arbitrary CSS
2026-09-23T11:45:38.8688411Z   ---
2026-09-23T11:45:38.8688710Z   duration_ms: 0.1842
2026-09-23T11:45:38.8689057Z   type: 'test'
2026-09-23T11:45:38.8689335Z   ...
2026-09-23T11:45:38.8692177Z # Subtest: site schema: CSS URL injection
2026-09-23T11:45:38.8694669Z ok 334 - site schema: CSS URL injection
2026-09-23T11:45:38.8695103Z   ---
2026-09-23T11:45:38.8695421Z   duration_ms: 4.9261
2026-09-23T11:45:38.8695762Z   type: 'test'
2026-09-23T11:45:38.8696047Z   ...
2026-09-23T11:45:38.8696479Z # Subtest: site schema: duplicate pages
2026-09-23T11:45:38.8697285Z ok 335 - site schema: duplicate pages
2026-09-23T11:45:38.8700656Z   ---
2026-09-23T11:45:38.8701988Z   duration_ms: 0.2178
2026-09-23T11:45:38.8702567Z   type: 'test'
2026-09-23T11:45:38.8702869Z   ...
2026-09-23T11:45:38.8703275Z # Subtest: site schema: duplicate slugs
2026-09-23T11:45:38.8707237Z ok 336 - site schema: duplicate slugs
2026-09-23T11:45:38.8707920Z   ---
2026-09-23T11:45:38.8708425Z   duration_ms: 0.4252
2026-09-23T11:45:38.8710774Z   type: 'test'
2026-09-23T11:45:38.8711277Z   ...
2026-09-23T11:45:38.8715955Z # Subtest: site schema: duplicate nested node IDs
2026-09-23T11:45:38.8717235Z ok 337 - site schema: duplicate nested node IDs
2026-09-23T11:45:38.8717893Z   ---
2026-09-23T11:45:38.8718403Z   duration_ms: 0.7928
2026-09-23T11:45:38.8718999Z   type: 'test'
2026-09-23T11:45:38.8719519Z   ...
2026-09-23T11:45:38.8720175Z # Subtest: site schema: path traversal
2026-09-23T11:45:38.8720977Z ok 338 - site schema: path traversal
2026-09-23T11:45:38.8721510Z   ---
2026-09-23T11:45:38.8721885Z   duration_ms: 0.1975
2026-09-23T11:45:38.8722270Z   type: 'test'
2026-09-23T11:45:38.8722582Z   ...
2026-09-23T11:45:38.8723001Z # Subtest: site schema: missing home
2026-09-23T11:45:38.8724036Z ok 339 - site schema: missing home
2026-09-23T11:45:38.8724484Z   ---
2026-09-23T11:45:38.8724823Z   duration_ms: 0.1435
2026-09-23T11:45:38.8725189Z   type: 'test'
2026-09-23T11:45:38.8725494Z   ...
2026-09-23T11:45:38.8726368Z # Subtest: site schema: missing internal target
2026-09-23T11:45:38.8728302Z ok 340 - site schema: missing internal target
2026-09-23T11:45:38.8728809Z   ---
2026-09-23T11:45:38.8729151Z   duration_ms: 0.1874
2026-09-23T11:45:38.8729518Z   type: 'test'
2026-09-23T11:45:38.8729803Z   ...
2026-09-23T11:45:38.8730187Z # Subtest: site schema: javascript URL
2026-09-23T11:45:38.8732688Z ok 341 - site schema: javascript URL
2026-09-23T11:45:38.8733138Z   ---
2026-09-23T11:45:38.8733477Z   duration_ms: 0.5203
2026-09-23T11:45:38.8733843Z   type: 'test'
2026-09-23T11:45:38.8734150Z   ...
2026-09-23T11:45:38.8735303Z # Subtest: site schema: credentials in URL
2026-09-23T11:45:38.8737117Z ok 342 - site schema: credentials in URL
2026-09-23T11:45:38.8737596Z   ---
2026-09-23T11:45:38.8738260Z   duration_ms: 0.2148
2026-09-23T11:45:38.8738639Z   type: 'test'
2026-09-23T11:45:38.8738947Z   ...
2026-09-23T11:45:38.8739743Z # Subtest: site schema: HTTP URL
2026-09-23T11:45:38.8741209Z ok 343 - site schema: HTTP URL
2026-09-23T11:45:38.8741843Z   ---
2026-09-23T11:45:38.8742365Z   duration_ms: 0.1848
2026-09-23T11:45:38.8742946Z   type: 'test'
2026-09-23T11:45:38.8743260Z   ...
2026-09-23T11:45:38.8745386Z # Subtest: site schema: invalid high port
2026-09-23T11:45:38.8884744Z ok 344 - site schema: invalid high port
2026-09-23T11:45:38.8885402Z   ---
2026-09-23T11:45:38.8885808Z   duration_ms: 0.2497
2026-09-23T11:45:38.8886194Z   type: 'test'
2026-09-23T11:45:38.8891071Z   ...
2026-09-23T11:45:38.8896788Z # Subtest: site schema: query URL
2026-09-23T11:45:38.8897681Z ok 345 - site schema: query URL
2026-09-23T11:45:38.8898086Z   ---
2026-09-23T11:45:38.8898423Z   duration_ms: 0.8133
2026-09-23T11:45:38.8899167Z   type: 'test'
2026-09-23T11:45:38.8899737Z   ...
2026-09-23T11:45:38.8900129Z # Subtest: site schema: 13 pages
2026-09-23T11:45:38.8900632Z ok 346 - site schema: 13 pages
2026-09-23T11:45:38.8901009Z   ---
2026-09-23T11:45:38.8901306Z   duration_ms: 0.1849
2026-09-23T11:45:38.8901732Z   type: 'test'
2026-09-23T11:45:38.8902434Z   ...
2026-09-23T11:45:38.8902922Z # Subtest: site schema: 25 siblings
2026-09-23T11:45:38.8903474Z ok 347 - site schema: 25 siblings
2026-09-23T11:45:38.8903896Z   ---
2026-09-23T11:45:38.8904225Z   duration_ms: 0.2409
2026-09-23T11:45:38.8904595Z   type: 'test'
2026-09-23T11:45:38.8904907Z   ...
2026-09-23T11:45:38.8905296Z # Subtest: site schema: four levels
2026-09-23T11:45:38.8905818Z ok 348 - site schema: four levels
2026-09-23T11:45:38.8906217Z   ---
2026-09-23T11:45:38.8906542Z   duration_ms: 0.1956
2026-09-23T11:45:38.8906912Z   type: 'test'
2026-09-23T11:45:38.8907211Z   ...
2026-09-23T11:45:38.8907610Z # Subtest: site schema: 144 total nodes
2026-09-23T11:45:38.8908168Z ok 349 - site schema: 144 total nodes
2026-09-23T11:45:38.8908594Z   ---
2026-09-23T11:45:38.8908961Z   duration_ms: 0.701
2026-09-23T11:45:38.8909407Z   type: 'test'
2026-09-23T11:45:38.8909713Z   ...
2026-09-23T11:45:38.8910114Z # Subtest: site schema: children on text
2026-09-23T11:45:38.8910669Z ok 350 - site schema: children on text
2026-09-23T11:45:38.8911100Z   ---
2026-09-23T11:45:38.8911423Z   duration_ms: 0.2141
2026-09-23T11:45:38.8911800Z   type: 'test'
2026-09-23T11:45:38.8912122Z   ...
2026-09-23T11:45:38.8912508Z # Subtest: site schema: body limit
2026-09-23T11:45:38.8913097Z ok 351 - site schema: body limit
2026-09-23T11:45:38.8913505Z   ---
2026-09-23T11:45:38.8913824Z   duration_ms: 0.1673
2026-09-23T11:45:38.8914165Z   type: 'test'
2026-09-23T11:45:38.8914465Z   ...
2026-09-23T11:45:38.8914888Z # Subtest: site schema: UTF-16 title overflow
2026-09-23T11:45:38.8915536Z ok 352 - site schema: UTF-16 title overflow
2026-09-23T11:45:38.8916010Z   ---
2026-09-23T11:45:38.8916433Z   duration_ms: 0.1204
2026-09-23T11:45:38.8916814Z   type: 'test'
2026-09-23T11:45:38.8917108Z   ...
2026-09-23T11:45:38.8918030Z # Subtest: site schema: fractional columns
2026-09-23T11:45:38.8923293Z ok 353 - site schema: fractional columns
2026-09-23T11:45:38.8923786Z   ---
2026-09-23T11:45:38.8924708Z   duration_ms: 0.1822
2026-09-23T11:45:38.8925110Z   type: 'test'
2026-09-23T11:45:38.8925423Z   ...
2026-09-23T11:45:38.8925822Z # Subtest: site schema: bad alignment
2026-09-23T11:45:38.8926508Z ok 354 - site schema: bad alignment
2026-09-23T11:45:38.8926933Z   ---
2026-09-23T11:45:38.8927256Z   duration_ms: 0.1939
2026-09-23T11:45:38.8927611Z   type: 'test'
2026-09-23T11:45:38.8927913Z   ...
2026-09-23T11:45:38.8928301Z # Subtest: site schema: missing media
2026-09-23T11:45:38.8928825Z ok 355 - site schema: missing media
2026-09-23T11:45:38.8929243Z   ---
2026-09-23T11:45:38.8929573Z   duration_ms: 0.1904
2026-09-23T11:45:38.8929935Z   type: 'test'
2026-09-23T11:45:38.8930224Z   ...
2026-09-23T11:45:38.8930966Z # Subtest: site schema: out of bounds media
2026-09-23T11:45:38.8931917Z ok 356 - site schema: out of bounds media
2026-09-23T11:45:38.8932412Z   ---
2026-09-23T11:45:38.8932715Z   duration_ms: 0.2205
2026-09-23T11:45:38.8933055Z   type: 'test'
2026-09-23T11:45:38.8933342Z   ...
2026-09-23T11:45:38.8933692Z # Subtest: site schema: SVG media
2026-09-23T11:45:38.8934147Z ok 357 - site schema: SVG media
2026-09-23T11:45:38.8934997Z   ---
2026-09-23T11:45:38.8935717Z   duration_ms: 0.1175
2026-09-23T11:45:38.8936092Z   type: 'test'
2026-09-23T11:45:38.8936405Z   ...
2026-09-23T11:45:38.8936821Z # Subtest: site schema: remote media field
2026-09-23T11:45:38.8937407Z ok 358 - site schema: remote media field
2026-09-23T11:45:38.8937853Z   ---
2026-09-23T11:45:38.8938183Z   duration_ms: 0.1813
2026-09-23T11:45:38.8938546Z   type: 'test'
2026-09-23T11:45:38.8938843Z   ...
2026-09-23T11:45:38.8939631Z # Subtest: site schema: fractional posts limit
2026-09-23T11:45:38.8940324Z ok 359 - site schema: fractional posts limit
2026-09-23T11:45:38.8941112Z   ---
2026-09-23T11:45:38.8941437Z   duration_ms: 0.197
2026-09-23T11:45:38.8941797Z   type: 'test'
2026-09-23T11:45:38.8942095Z   ...
2026-09-23T11:45:38.8942493Z # Subtest: site schema: large document
2026-09-23T11:45:38.8943032Z ok 360 - site schema: large document
2026-09-23T11:45:38.8943446Z   ---
2026-09-23T11:45:38.8943756Z   duration_ms: 1.8379
2026-09-23T11:45:38.8944123Z   type: 'test'
2026-09-23T11:45:38.8944441Z   ...
2026-09-23T11:45:38.8944962Z # Subtest: site schema: empty composition at third level
2026-09-23T11:45:38.8945715Z ok 361 - site schema: empty composition at third level
2026-09-23T11:45:38.8946232Z   ---
2026-09-23T11:45:38.8946555Z   duration_ms: 0.281
2026-09-23T11:45:38.8946912Z   type: 'test'
2026-09-23T11:45:38.8947512Z   ...
2026-09-23T11:45:38.8948304Z # Subtest: site schema: unreferenced executable attachment
2026-09-23T11:45:38.8949171Z ok 362 - site schema: unreferenced executable attachment
2026-09-23T11:45:38.8949722Z   ---
2026-09-23T11:45:38.8950062Z   duration_ms: 0.1861
2026-09-23T11:45:38.8950430Z   type: 'test'
2026-09-23T11:45:38.8950733Z   ...
2026-09-23T11:45:38.8951212Z # Subtest: site schema: invalid image base64 length
2026-09-23T11:45:38.8951906Z ok 363 - site schema: invalid image base64 length
2026-09-23T11:45:38.8952393Z   ---
2026-09-23T11:45:38.8952721Z   duration_ms: 0.111
2026-09-23T11:45:38.8953078Z   type: 'test'
2026-09-23T11:45:38.8953368Z   ...
2026-09-23T11:45:38.8953812Z # Subtest: site schema: valid HTTPS escaped path
2026-09-23T11:45:38.8954482Z ok 364 - site schema: valid HTTPS escaped path
2026-09-23T11:45:38.8954961Z   ---
2026-09-23T11:45:38.8955280Z   duration_ms: 1.4958
2026-09-23T11:45:38.8956030Z   type: 'test'
2026-09-23T11:45:38.8956335Z   ...
2026-09-23T11:45:38.8956778Z # Subtest: site schema: valid HTTPS local IPv4
2026-09-23T11:45:38.8957420Z ok 365 - site schema: valid HTTPS local IPv4
2026-09-23T11:45:38.8957893Z   ---
2026-09-23T11:45:38.8958215Z   duration_ms: 0.3493
2026-09-23T11:45:38.8958578Z   type: 'test'
2026-09-23T11:45:38.8958872Z   ...
2026-09-23T11:45:38.8959365Z # Subtest: site schema: valid HTTPS international path
2026-09-23T11:45:38.8960067Z ok 366 - site schema: valid HTTPS international path
2026-09-23T11:45:38.8960536Z   ---
2026-09-23T11:45:38.8960852Z   duration_ms: 0.2504
2026-09-23T11:45:38.8961198Z   type: 'test'
2026-09-23T11:45:38.8961461Z   ...
2026-09-23T11:45:38.8961903Z # Subtest: site schema: invalid HTTPS percent escape
2026-09-23T11:45:38.8962567Z ok 367 - site schema: invalid HTTPS percent escape
2026-09-23T11:45:38.8963052Z   ---
2026-09-23T11:45:38.8963348Z   duration_ms: 0.1811
2026-09-23T11:45:38.8964269Z   type: 'test'
2026-09-23T11:45:38.8964606Z   ...
2026-09-23T11:45:38.8965094Z # Subtest: site schema: invalid HTTPS dangling percent
2026-09-23T11:45:38.8965817Z ok 368 - site schema: invalid HTTPS dangling percent
2026-09-23T11:45:38.8966324Z   ---
2026-09-23T11:45:38.8966654Z   duration_ms: 0.1471
2026-09-23T11:45:38.8967006Z   type: 'test'
2026-09-23T11:45:38.8967285Z   ...
2026-09-23T11:45:38.8967773Z # Subtest: site schema: invalid HTTPS Unicode whitespace
2026-09-23T11:45:38.8968464Z ok 369 - site schema: invalid HTTPS Unicode whitespace
2026-09-23T11:45:38.8968928Z   ---
2026-09-23T11:45:38.8969219Z   duration_ms: 0.1398
2026-09-23T11:45:38.8969559Z   type: 'test'
2026-09-23T11:45:38.8969844Z   ...
2026-09-23T11:45:38.8970346Z # Subtest: site schema: invalid HTTPS control character
2026-09-23T11:45:38.8971063Z ok 370 - site schema: invalid HTTPS control character
2026-09-23T11:45:38.8971570Z   ---
2026-09-23T11:45:38.8971987Z   duration_ms: 0.2092
2026-09-23T11:45:38.8972356Z   type: 'test'
2026-09-23T11:45:38.8972648Z   ...
2026-09-23T11:45:38.8973104Z # Subtest: site schema: invalid HTTPS IPv4 range
2026-09-23T11:45:38.8973773Z ok 371 - site schema: invalid HTTPS IPv4 range
2026-09-23T11:45:38.8974249Z   ---
2026-09-23T11:45:38.8974924Z   duration_ms: 0.2449
2026-09-23T11:45:38.8975503Z   type: 'test'
2026-09-23T11:45:38.8976198Z   ...
2026-09-23T11:45:38.8976717Z # Subtest: site schema: invalid HTTPS abbreviated IPv4
2026-09-23T11:45:38.8977442Z ok 372 - site schema: invalid HTTPS abbreviated IPv4
2026-09-23T11:45:38.8977918Z   ---
2026-09-23T11:45:38.8978226Z   duration_ms: 0.2392
2026-09-23T11:45:38.8978575Z   type: 'test'
2026-09-23T11:45:38.8978853Z   ...
2026-09-23T11:45:38.8979338Z # Subtest: site schema: invalid HTTPS numeric final DNS label
2026-09-23T11:45:38.8980096Z ok 373 - site schema: invalid HTTPS numeric final DNS label
2026-09-23T11:45:38.8980600Z   ---
2026-09-23T11:45:38.8980930Z   duration_ms: 0.2215
2026-09-23T11:45:38.8981291Z   type: 'test'
2026-09-23T11:45:38.8981591Z   ...
2026-09-23T11:45:38.8982123Z # Subtest: site schema: invalid HTTPS hexadecimal IP alias
2026-09-23T11:45:38.8982896Z ok 374 - site schema: invalid HTTPS hexadecimal IP alias
2026-09-23T11:45:38.8983405Z   ---
2026-09-23T11:45:38.8983741Z   duration_ms: 0.1464
2026-09-23T11:45:38.8984084Z   type: 'test'
2026-09-23T11:45:38.8984366Z   ...
2026-09-23T11:45:38.8984814Z # Subtest: site schema: invalid HTTPS octal IP alias
2026-09-23T11:45:38.8985505Z ok 375 - site schema: invalid HTTPS octal IP alias
2026-09-23T11:45:38.8985964Z   ---
2026-09-23T11:45:38.8986251Z   duration_ms: 0.1448
2026-09-23T11:45:38.8986586Z   type: 'test'
2026-09-23T11:45:38.8986894Z   ...
2026-09-23T11:45:38.8987324Z # Subtest: site schema: valid HTTPS local hostname
2026-09-23T11:45:38.8987955Z ok 376 - site schema: valid HTTPS local hostname
2026-09-23T11:45:38.8988412Z   ---
2026-09-23T11:45:38.8988702Z   duration_ms: 0.2591
2026-09-23T11:45:38.8989054Z   type: 'test'
2026-09-23T11:45:38.8989324Z   ...
2026-09-23T11:45:38.8989766Z # Subtest: site schema: invalid HTTPS hostname label
2026-09-23T11:45:38.8990418Z ok 377 - site schema: invalid HTTPS hostname label
2026-09-23T11:45:38.8990880Z   ---
2026-09-23T11:45:38.8991176Z   duration_ms: 0.1578
2026-09-23T11:45:38.8991512Z   type: 'test'
2026-09-23T11:45:38.8991787Z   ...
2026-09-23T11:45:38.8992235Z # Subtest: site schema: valid HTTPS IDN ASCII hostname
2026-09-23T11:45:38.8992894Z ok 378 - site schema: valid HTTPS IDN ASCII hostname
2026-09-23T11:45:38.8993360Z   ---
2026-09-23T11:45:38.8993645Z   duration_ms: 0.2075
2026-09-23T11:45:38.8993985Z   type: 'test'
2026-09-23T11:45:38.8994259Z   ...
2026-09-23T11:45:38.8994662Z # Subtest: site schema: version 2 typed table
2026-09-23T11:45:38.8995241Z ok 379 - site schema: version 2 typed table
2026-09-23T11:45:38.8995663Z   ---
2026-09-23T11:45:38.8996333Z   duration_ms: 0.7829
2026-09-23T11:45:38.8996596Z   type: 'test'
2026-09-23T11:45:38.8996764Z   ...
2026-09-23T11:45:38.8997030Z # Subtest: site schema: table rejected in version 1
2026-09-23T11:45:38.8997409Z ok 380 - site schema: table rejected in version 1
2026-09-23T11:45:38.8997682Z   ---
2026-09-23T11:45:38.8997871Z   duration_ms: 0.1842
2026-09-23T11:45:38.8998084Z   type: 'test'
2026-09-23T11:45:38.8998262Z   ...
2026-09-23T11:45:38.8998494Z # Subtest: site schema: table missing data
2026-09-23T11:45:38.8998839Z ok 381 - site schema: table missing data
2026-09-23T11:45:38.8999081Z   ---
2026-09-23T11:45:38.8999257Z   duration_ms: 0.1721
2026-09-23T11:45:38.8999464Z   type: 'test'
2026-09-23T11:45:38.8999628Z   ...
2026-09-23T11:45:38.8999906Z # Subtest: site schema: data on non-table block
2026-09-23T11:45:38.9000287Z ok 382 - site schema: data on non-table block
2026-09-23T11:45:38.9000544Z   ---
2026-09-23T11:45:38.9000718Z   duration_ms: 0.208
2026-09-23T11:45:38.9000920Z   type: 'test'
2026-09-23T11:45:38.9001083Z   ...
2026-09-23T11:45:38.9001313Z # Subtest: site schema: table unknown field
2026-09-23T11:45:38.9001649Z ok 383 - site schema: table unknown field
2026-09-23T11:45:38.9001896Z   ---
2026-09-23T11:45:38.9002069Z   duration_ms: 0.216
2026-09-23T11:45:38.9002323Z   type: 'test'
2026-09-23T11:45:38.9002493Z   ...
2026-09-23T11:45:38.9003005Z # Subtest: site schema: table repeated row identifier
2026-09-23T11:45:38.9003505Z ok 384 - site schema: table repeated row identifier
2026-09-23T11:45:38.9003792Z   ---
2026-09-23T11:45:38.9003978Z   duration_ms: 0.2622
2026-09-23T11:45:38.9004180Z   type: 'test'
2026-09-23T11:45:38.9004344Z   ...
2026-09-23T11:45:38.9004787Z # Subtest: site schema: table wrong typed number
2026-09-23T11:45:38.9005448Z ok 385 - site schema: table wrong typed number
2026-09-23T11:45:38.9005921Z   ---
2026-09-23T11:45:38.9006238Z   duration_ms: 0.2275
2026-09-23T11:45:38.9006584Z   type: 'test'
2026-09-23T11:45:38.9006874Z   ...
2026-09-23T11:45:38.9007635Z # Subtest: templates satisfy the same wire contract and produce unique block identities
2026-09-23T11:45:38.9008786Z ok 386 - templates satisfy the same wire contract and produce unique block identities
2026-09-23T11:45:38.9009199Z   ---
2026-09-23T11:45:38.9009407Z   duration_ms: 2.4906
2026-09-23T11:45:38.9009625Z   type: 'test'
2026-09-23T11:45:38.9009794Z   ...
2026-09-23T11:45:38.9010100Z # Subtest: site input rejects getters without invoking them
2026-09-23T11:45:38.9010548Z ok 387 - site input rejects getters without invoking them
2026-09-23T11:45:38.9010839Z   ---
2026-09-23T11:45:38.9011022Z   duration_ms: 0.3028
2026-09-23T11:45:38.9011235Z   type: 'test'
2026-09-23T11:45:38.9011404Z   ...
2026-09-23T11:45:38.9011714Z # Subtest: site total image budget is enforced outside the editor
2026-09-23T11:45:38.9012181Z ok 388 - site total image budget is enforced outside the editor
2026-09-23T11:45:38.9023327Z   ---
2026-09-23T11:45:38.9023714Z   duration_ms: 8.0926
2026-09-23T11:45:38.9023974Z   type: 'test'
2026-09-23T11:45:38.9024170Z   ...
2026-09-23T11:45:38.9024599Z # Subtest: image limit counts decoded bytes, including padding at the exact boundary
2026-09-23T11:45:38.9025242Z ok 389 - image limit counts decoded bytes, including padding at the exact boundary
2026-09-23T11:45:38.9025629Z   ---
2026-09-23T11:45:38.9025836Z   duration_ms: 10.9713
2026-09-23T11:45:38.9026056Z   type: 'test'
2026-09-23T11:45:38.9026233Z   ...
2026-09-23T11:45:38.9026891Z # Subtest: individually valid tables also consume the global 128 KiB document budget
2026-09-23T11:45:38.9027676Z ok 390 - individually valid tables also consume the global 128 KiB document budget
2026-09-23T11:45:38.9028062Z   ---
2026-09-23T11:45:38.9028259Z   duration_ms: 14.6921
2026-09-23T11:45:38.9028467Z   type: 'test'
2026-09-23T11:45:38.9028633Z   ...
2026-09-23T11:45:39.1498457Z # Subtest: draft context retains original base and exact pending request across serialisation without transferring ownership
2026-09-23T11:45:39.1499961Z ok 391 - draft context retains original base and exact pending request across serialisation without transferring ownership
2026-09-23T11:45:39.1500630Z   ---
2026-09-23T11:45:39.1500857Z   duration_ms: 2.9085
2026-09-23T11:45:39.1501113Z   type: 'test'
2026-09-23T11:45:39.1501323Z   ...
2026-09-23T11:45:39.1505143Z # Subtest: malformed or ambiguous draft context cannot replace valid private editing metadata
2026-09-23T11:45:39.1509941Z ok 392 - malformed or ambiguous draft context cannot replace valid private editing metadata
2026-09-23T11:45:39.1510775Z   ---
2026-09-23T11:45:39.1511132Z   duration_ms: 1.2663
2026-09-23T11:45:39.1511509Z   type: 'test'
2026-09-23T11:45:39.1511807Z   ...
2026-09-23T11:45:40.7457274Z # Subtest: v4 binds nested and cross-page forms to typed local tables; Node and Go agree on positive/negative document vectors
2026-09-23T11:45:40.7459077Z ok 393 - v4 binds nested and cross-page forms to typed local tables; Node and Go agree on positive/negative document vectors
2026-09-23T11:45:40.7460041Z   ---
2026-09-23T11:45:40.7460420Z   duration_ms: 1110.163
2026-09-23T11:45:40.7460819Z   type: 'test'
2026-09-23T11:45:40.7461136Z   ...
2026-09-23T11:45:40.7464609Z # Subtest: copying a page or a composition rebinds local tables while foreign-page references remain independent
2026-09-23T11:45:40.7466584Z ok 394 - copying a page or a composition rebinds local tables while foreign-page references remain independent
2026-09-23T11:45:40.7468071Z   ---
2026-09-23T11:45:40.7468433Z   duration_ms: 11.0135
2026-09-23T11:45:40.7469145Z   type: 'test'
2026-09-23T11:45:40.7469457Z   ...
2026-09-23T11:45:40.7470555Z # Subtest: v4 schemas remain covered by owner snapshots; unversioned or counterfeit envelopes cannot supply form authority
2026-09-23T11:45:40.7474387Z ok 395 - v4 schemas remain covered by owner snapshots; unversioned or counterfeit envelopes cannot supply form authority
2026-09-23T11:45:40.7474977Z   ---
2026-09-23T11:45:40.7475197Z   duration_ms: 88.8431
2026-09-23T11:45:40.7475424Z   type: 'test'
2026-09-23T11:45:40.7475607Z   ...
2026-09-23T11:45:41.0472525Z # Subtest: versioned sites cross TCP and serial PTY, survive partition/heal and reach a new reader from a consenting offline-author seeder
2026-09-23T11:45:41.0477382Z ok 396 - versioned sites cross TCP and serial PTY, survive partition/heal and reach a new reader from a consenting offline-author seeder # SKIP
2026-09-23T11:45:41.0478979Z   ---
2026-09-23T11:45:41.0479334Z   duration_ms: 1.0784
2026-09-23T11:45:41.0479728Z   type: 'test'
2026-09-23T11:45:41.0480044Z   ...
2026-09-23T11:45:41.3861450Z # Subtest: page duplication preserves the source, shared assets and external links while remapping nested self-links
2026-09-23T11:45:41.3864799Z ok 397 - page duplication preserves the source, shared assets and external links while remapping nested self-links
2026-09-23T11:45:41.3870039Z   ---
2026-09-23T11:45:41.3870691Z   duration_ms: 6.5434
2026-09-23T11:45:41.3871378Z   type: 'test'
2026-09-23T11:45:41.3871920Z   ...
2026-09-23T11:45:41.3873026Z # Subtest: duplicate names/slugs remain bounded and unique with Unicode and the exact page cap
2026-09-23T11:45:41.3874357Z ok 398 - duplicate names/slugs remain bounded and unique with Unicode and the exact page cap
2026-09-23T11:45:41.3875166Z   ---
2026-09-23T11:45:41.3875536Z   duration_ms: 8.1354
2026-09-23T11:45:41.3875931Z   type: 'test'
2026-09-23T11:45:41.3876245Z   ...
2026-09-23T11:45:41.3879085Z # Subtest: page copying accepts exactly 128 nodes and refuses the next node without changing the draft
2026-09-23T11:45:41.3881878Z ok 399 - page copying accepts exactly 128 nodes and refuses the next node without changing the draft
2026-09-23T11:45:41.3883297Z   ---
2026-09-23T11:45:41.3883845Z   duration_ms: 5.7403
2026-09-23T11:45:41.3884452Z   type: 'test'
2026-09-23T11:45:41.3884969Z   ...
2026-09-23T11:45:41.3886131Z # Subtest: reordering preserves page identities, home and links and has no history-changing boundary step
2026-09-23T11:45:41.3887888Z ok 400 - reordering preserves page identities, home and links and has no history-changing boundary step
2026-09-23T11:45:41.3888746Z   ---
2026-09-23T11:45:41.3889083Z   duration_ms: 1.2504
2026-09-23T11:45:41.3889469Z   type: 'test'
2026-09-23T11:45:41.3889784Z   ...
2026-09-23T11:45:41.3892161Z # Subtest: copying is explicit authored content creation in the selected language and never mutates an invalid source
2026-09-23T11:45:41.3893807Z ok 401 - copying is explicit authored content creation in the selected language and never mutates an invalid source
2026-09-23T11:45:41.3894723Z   ---
2026-09-23T11:45:41.3895067Z   duration_ms: 2.0714
2026-09-23T11:45:41.3895442Z   type: 'test'
2026-09-23T11:45:41.3895748Z   ...
2026-09-23T11:45:42.1893125Z # (node:3816) ExperimentalWarning: SQLite is an experimental feature and might change at any time
2026-09-23T11:45:42.1894872Z # (Use `node --trace-warnings ...` to show where the warning was created)
2026-09-23T11:45:42.1935325Z # Subtest: private site staging survives SQLite restart and does not expose signatures to the reading secret
2026-09-23T11:45:42.1937276Z ok 402 - private site staging survives SQLite restart and does not expose signatures to the reading secret
2026-09-23T11:45:42.1938513Z   ---
2026-09-23T11:45:42.1938888Z   duration_ms: 105.0615
2026-09-23T11:45:42.1939632Z   type: 'test'
2026-09-23T11:45:42.1941067Z   ...
2026-09-23T11:45:42.1943608Z # Subtest: private resource staging survives SQLite restart and does not expose signatures to the reading secret
2026-09-23T11:45:42.1945501Z ok 403 - private resource staging survives SQLite restart and does not expose signatures to the reading secret
2026-09-23T11:45:42.1946656Z   ---
2026-09-23T11:45:42.1947202Z   duration_ms: 87.4749
2026-09-23T11:45:42.1947790Z   type: 'test'
2026-09-23T11:45:42.1948320Z   ...
2026-09-23T11:45:42.1949600Z # Subtest: private contribution staging survives SQLite restart and does not expose signatures to the reading secret
2026-09-23T11:45:42.1951568Z ok 404 - private contribution staging survives SQLite restart and does not expose signatures to the reading secret
2026-09-23T11:45:42.1952755Z   ---
2026-09-23T11:45:42.1953648Z   duration_ms: 83.9631
2026-09-23T11:45:42.1954281Z   type: 'test'
2026-09-23T11:45:42.1954805Z   ...
2026-09-23T11:45:42.1956123Z # Subtest: private contribution-inbox staging survives SQLite restart and does not expose signatures to the reading secret
2026-09-23T11:45:42.1957948Z ok 405 - private contribution-inbox staging survives SQLite restart and does not expose signatures to the reading secret
2026-09-23T11:45:42.1959177Z   ---
2026-09-23T11:45:42.1959713Z   duration_ms: 91.5622
2026-09-23T11:45:42.1960288Z   type: 'test'
2026-09-23T11:45:42.1960804Z   ...
2026-09-23T11:45:42.1962169Z # Subtest: private contribution-receipt staging survives SQLite restart and does not expose signatures to the reading secret
2026-09-23T11:45:42.1964218Z ok 406 - private contribution-receipt staging survives SQLite restart and does not expose signatures to the reading secret
2026-09-23T11:45:42.1965467Z   ---
2026-09-23T11:45:42.1966012Z   duration_ms: 104.6002
2026-09-23T11:45:42.1966608Z   type: 'test'
2026-09-23T11:45:42.1967119Z   ...
2026-09-23T11:45:42.1968234Z # Subtest: private staging quota failure aborts all record changes even when its error is caught
2026-09-23T11:45:42.1969825Z ok 407 - private staging quota failure aborts all record changes even when its error is caught
2026-09-23T11:45:42.1970887Z   ---
2026-09-23T11:45:42.1971498Z   duration_ms: 21.7963
2026-09-23T11:45:42.1972114Z   type: 'test'
2026-09-23T11:45:42.1972638Z   ...
2026-09-23T11:45:42.1973891Z # Subtest: private record handles expire at the synchronous transaction boundary
2026-09-23T11:45:42.1975291Z ok 408 - private record handles expire at the synchronous transaction boundary
2026-09-23T11:45:42.1975720Z   ---
2026-09-23T11:45:42.1975922Z   duration_ms: 8.022
2026-09-23T11:45:42.1976145Z   type: 'test'
2026-09-23T11:45:42.1976334Z   ...
2026-09-23T11:45:42.1977320Z # Subtest: missing and transposed ciphertext are rejected even inside an otherwise authentic outer database
2026-09-23T11:45:42.1978205Z ok 409 - missing and transposed ciphertext are rejected even inside an otherwise authentic outer database
2026-09-23T11:45:42.1978678Z   ---
2026-09-23T11:45:42.1978881Z   duration_ms: 33.0563
2026-09-23T11:45:42.1979192Z   type: 'test'
2026-09-23T11:45:42.1979502Z   ...
2026-09-23T11:45:45.2162711Z # Subtest: node editor keeps one publication after a lost response and process restart; private version recovery preserves readers
2026-09-23T11:45:45.2164985Z ok 410 - node editor keeps one publication after a lost response and process restart; private version recovery preserves readers
2026-09-23T11:45:45.2165939Z   ---
2026-09-23T11:45:45.2166265Z   duration_ms: 2649.5774
2026-09-23T11:45:45.2166635Z   type: 'test'
2026-09-23T11:45:45.2167499Z   ...
2026-09-23T11:45:47.9199945Z # Subtest: node editor rejects stale and changed review bases, and can close a consumed competing attempt without claiming cancellation
2026-09-23T11:45:47.9202011Z ok 411 - node editor rejects stale and changed review bases, and can close a consumed competing attempt without claiming cancellation
2026-09-23T11:45:47.9203231Z   ---
2026-09-23T11:45:47.9204300Z   duration_ms: 2704.2154
2026-09-23T11:45:47.9204940Z   type: 'test'
2026-09-23T11:45:47.9205290Z   ...
2026-09-23T11:45:49.2134480Z # Subtest: node editor never sends before durable draft acknowledgement, keeps unknown submissions frozen, and fences a locked session
2026-09-23T11:45:49.2136244Z ok 412 - node editor never sends before durable draft acknowledgement, keeps unknown submissions frozen, and fences a locked session
2026-09-23T11:45:49.2136833Z   ---
2026-09-23T11:45:49.2137051Z   duration_ms: 1293.54
2026-09-23T11:45:49.2137269Z   type: 'test'
2026-09-23T11:45:49.2137444Z   ...
2026-09-23T11:45:50.5686819Z # Subtest: native editor keeps one publication after a lost response and process restart; private version recovery preserves readers
2026-09-23T11:45:50.5688367Z ok 413 - native editor keeps one publication after a lost response and process restart; private version recovery preserves readers
2026-09-23T11:45:50.5688938Z   ---
2026-09-23T11:45:50.5689138Z   duration_ms: 1355.3551
2026-09-23T11:45:50.5689397Z   type: 'test'
2026-09-23T11:45:50.5689586Z   ...
2026-09-23T11:45:52.6112240Z # Subtest: native editor rejects stale and changed review bases, and can close a consumed competing attempt without claiming cancellation
2026-09-23T11:45:52.6114109Z ok 414 - native editor rejects stale and changed review bases, and can close a consumed competing attempt without claiming cancellation
2026-09-23T11:45:52.6115134Z   ---
2026-09-23T11:45:52.6115394Z   duration_ms: 2041.8179
2026-09-23T11:45:52.6115637Z   type: 'test'
2026-09-23T11:45:52.6115818Z   ...
2026-09-23T11:45:53.2908510Z # Subtest: native editor never sends before durable draft acknowledgement, keeps unknown submissions frozen, and fences a locked session
2026-09-23T11:45:53.2910521Z ok 415 - native editor never sends before durable draft acknowledgement, keeps unknown submissions frozen, and fences a locked session
2026-09-23T11:45:53.2911612Z   ---
2026-09-23T11:45:53.2911931Z   duration_ms: 679.2553
2026-09-23T11:45:53.2912329Z   type: 'test'
2026-09-23T11:45:53.2912650Z   ...
2026-09-23T11:45:55.4292524Z # Subtest: node editor can close an unadmitted request after a late fork changes only its base
2026-09-23T11:45:55.4293617Z ok 416 - node editor can close an unadmitted request after a late fork changes only its base
2026-09-23T11:45:55.4294038Z   ---
2026-09-23T11:45:55.4294245Z   duration_ms: 2138.8069
2026-09-23T11:45:55.4294467Z   type: 'test'
2026-09-23T11:45:55.4294643Z   ...
2026-09-23T11:45:57.6797098Z # Subtest: native editor can close an unadmitted request after a late fork changes only its base
2026-09-23T11:45:57.6798419Z ok 417 - native editor can close an unadmitted request after a late fork changes only its base
2026-09-23T11:45:57.6798879Z   ---
2026-09-23T11:45:57.6799089Z   duration_ms: 2250.3679
2026-09-23T11:45:57.6799319Z   type: 'test'
2026-09-23T11:45:57.6799545Z   ...
2026-09-23T11:46:05.7587995Z # Subtest: node editor can resume an earlier authorized copy without replacing the current draft
2026-09-23T11:46:05.7589015Z ok 418 - node editor can resume an earlier authorized copy without replacing the current draft
2026-09-23T11:46:05.7589479Z   ---
2026-09-23T11:46:05.7589687Z   duration_ms: 8078.9056
2026-09-23T11:46:05.7589915Z   type: 'test'
2026-09-23T11:46:05.7590089Z   ...
2026-09-23T11:46:11.4622805Z # Subtest: native editor can resume an earlier authorized copy without replacing the current draft
2026-09-23T11:46:11.4623760Z ok 419 - native editor can resume an earlier authorized copy without replacing the current draft
2026-09-23T11:46:11.4624209Z   ---
2026-09-23T11:46:11.4624418Z   duration_ms: 5707.3625
2026-09-23T11:46:11.4624646Z   type: 'test'
2026-09-23T11:46:11.4624822Z   ...
2026-09-23T11:46:13.2253364Z # Subtest: receipt journals agree across Node/portable/Go on immutable intent, phases, expiry and source binding
2026-09-23T11:46:13.2257239Z ok 420 - receipt journals agree across Node/portable/Go on immutable intent, phases, expiry and source binding
2026-09-23T11:46:13.2258678Z   ---
2026-09-23T11:46:13.2259104Z   duration_ms: 1416.9464
2026-09-23T11:46:13.2259397Z   type: 'test'
2026-09-23T11:46:13.2259618Z   ...
2026-09-23T11:47:16.8783246Z # (node:2128) ExperimentalWarning: SQLite is an experimental feature and might change at any time
2026-09-23T11:47:16.8784451Z # (Use `node --trace-warnings ...` to show where the warning was created)
2026-09-23T11:47:16.8811794Z # Subtest: Node receipt batch rotates fairly and retains every pending original envelope
2026-09-23T11:47:16.8813868Z ok 421 - Node receipt batch rotates fairly and retains every pending original envelope
2026-09-23T11:47:16.8814879Z   ---
2026-09-23T11:47:16.8815191Z   duration_ms: 1797.308
2026-09-23T11:47:16.8815550Z   type: 'test'
2026-09-23T11:47:16.8815839Z   ...
2026-09-23T11:47:16.8823074Z # Subtest: Node receipt batch charges failed copies and retains every pending original envelope
2026-09-23T11:47:16.8824691Z ok 422 - Node receipt batch charges failed copies and retains every pending original envelope
2026-09-23T11:47:16.8825427Z   ---
2026-09-23T11:47:16.8825734Z   duration_ms: 1492.2819
2026-09-23T11:47:16.8826096Z   type: 'test'
2026-09-23T11:47:16.8826340Z   ...
2026-09-23T11:47:16.8847073Z # Subtest: Go receipt runtime applies the same rotating copy budget, including real quota failures
2026-09-23T11:47:16.8853085Z not ok 423 - Go receipt runtime applies the same rotating copy budget, including real quota failures
2026-09-23T11:47:16.8853860Z   ---
2026-09-23T11:47:16.8854172Z   duration_ms: 60013.3646
2026-09-23T11:47:16.8854523Z   type: 'test'
2026-09-23T11:47:16.8854998Z   location: 'D:\\a\\relayloom\\relayloom\\tests\\site-receipt-runtime-budget.test.ts:143:1'
2026-09-23T11:47:16.8855510Z   failureType: 'testCodeFailure'
2026-09-23T11:47:16.8855809Z   error: |-
2026-09-23T11:47:16.8856072Z     Expected values to be strictly equal:
2026-09-23T11:47:16.8856339Z     
2026-09-23T11:47:16.8856527Z     null !== 0
2026-09-23T11:47:16.8856701Z     
2026-09-23T11:47:16.8856900Z   code: 'ERR_ASSERTION'
2026-09-23T11:47:16.8857162Z   name: 'AssertionError'
2026-09-23T11:47:16.8857381Z   expected: 0
2026-09-23T11:47:16.8857561Z   actual: ~
2026-09-23T11:47:16.8857757Z   operator: 'strictEqual'
2026-09-23T11:47:16.8857969Z   stack: |-
2026-09-23T11:47:16.8858731Z     TestContext.<anonymous> (D:\a\relayloom\relayloom\tests\site-receipt-runtime-budget.test.ts:166:12)
2026-09-23T11:47:16.8859354Z     Test.runInAsyncScope (node:async_hooks:214:14)
2026-09-23T11:47:16.8859759Z     Test.run (node:internal/test_runner/test:1047:25)
2026-09-23T11:47:16.8860258Z     Test.processPendingSubtests (node:internal/test_runner/test:744:18)
2026-09-23T11:47:16.8860757Z     Test.postRun (node:internal/test_runner/test:1173:19)
2026-09-23T11:47:16.8861164Z     Test.run (node:internal/test_runner/test:1101:12)
2026-09-23T11:47:16.8862180Z     async Test.processPendingSubtests (node:internal/test_runner/test:744:7)
2026-09-23T11:47:16.8862568Z   ...
2026-09-23T11:47:19.7084647Z # Subtest: site sequence reservation is not publication; replay is stable and stale bases do not mutate state
2026-09-23T11:47:19.7087062Z ok 424 - site sequence reservation is not publication; replay is stable and stale bases do not mutate state
2026-09-23T11:47:19.7087967Z   ---
2026-09-23T11:47:19.7088317Z   duration_ms: 40.5766
2026-09-23T11:47:19.7089135Z   type: 'test'
2026-09-23T11:47:19.7089480Z   ...
2026-09-23T11:47:19.7090872Z # Subtest: a newer signed observation supersedes an unfinished publication and cannot roll back to older headers
2026-09-23T11:47:19.7092703Z ok 425 - a newer signed observation supersedes an unfinished publication and cannot roll back to older headers
2026-09-23T11:47:19.7093598Z   ---
2026-09-23T11:47:19.7093945Z   duration_ms: 18.4161
2026-09-23T11:47:19.7094950Z   type: 'test'
2026-09-23T11:47:19.7095319Z   ...
2026-09-23T11:47:19.7096592Z # Subtest: retired site operation sequences cannot be replayed as new writes
2026-09-23T11:47:19.7098082Z ok 426 - retired site operation sequences cannot be replayed as new writes
2026-09-23T11:47:19.7099761Z   ---
2026-09-23T11:47:19.7100144Z   duration_ms: 1143.3797
2026-09-23T11:47:19.7100557Z   type: 'test'
2026-09-23T11:47:19.7100874Z   ...
2026-09-23T11:47:19.7101787Z # Subtest: a full site history can advance while the latest known header is retained without payloads
2026-09-23T11:47:19.7103612Z ok 427 - a full site history can advance while the latest known header is retained without payloads
2026-09-23T11:47:19.7105242Z   ---
2026-09-23T11:47:19.7105606Z   duration_ms: 1041.7809
2026-09-23T11:47:19.7106023Z   type: 'test'
2026-09-23T11:47:19.7106334Z   ...
2026-09-23T11:47:19.7107619Z # Subtest: registry shape and single pending operation limits reject malformed state without invoking getters
2026-09-23T11:47:19.7109199Z ok 428 - registry shape and single pending operation limits reject malformed state without invoking getters
2026-09-23T11:47:19.7110579Z   ---
2026-09-23T11:47:19.7110940Z   duration_ms: 7.3101
2026-09-23T11:47:19.7111613Z   type: 'test'
2026-09-23T11:47:19.7111947Z   ...
2026-09-23T11:47:19.7113032Z # Subtest: equal-sequence signed concurrency changes the base before durable authorization
2026-09-23T11:47:19.7114350Z ok 429 - equal-sequence signed concurrency changes the base before durable authorization
2026-09-23T11:47:19.7115122Z   ---
2026-09-23T11:47:19.7115465Z   duration_ms: 9.1372
2026-09-23T11:47:19.7115858Z   type: 'test'
2026-09-23T11:47:19.7116169Z   ...
2026-09-23T11:47:19.7117931Z # Subtest: committed publication recovery is irreversible and never rolls back a newer signed head
2026-09-23T11:47:19.7118784Z ok 430 - committed publication recovery is irreversible and never rolls back a newer signed head
2026-09-23T11:47:19.7119232Z   ---
2026-09-23T11:47:19.7119492Z   duration_ms: 20.6325
2026-09-23T11:47:19.7119715Z   type: 'test'
2026-09-23T11:47:19.7119894Z   ...
2026-09-23T11:47:19.7120408Z # Subtest: cryptographic memoization is confined to one transition and cannot hide subsequent mutations
2026-09-23T11:47:19.7121213Z ok 431 - cryptographic memoization is confined to one transition and cannot hide subsequent mutations
2026-09-23T11:47:19.7121661Z   ---
2026-09-23T11:47:19.7121850Z   duration_ms: 210.7587
2026-09-23T11:47:19.7122066Z   type: 'test'
2026-09-23T11:47:19.7122250Z   ...
2026-09-23T11:47:20.3950981Z # (node:9136) ExperimentalWarning: SQLite is an experimental feature and might change at any time
2026-09-23T11:47:20.3951907Z # (Use `node --trace-warnings ...` to show where the warning was created)
2026-09-23T11:47:20.3979201Z # Subtest: logical site publication replays the same public or private result before and after staging retirement
2026-09-23T11:47:20.3982700Z ok 432 - logical site publication replays the same public or private result before and after staging retirement
2026-09-23T11:47:20.3984245Z   ---
2026-09-23T11:47:20.3984680Z   duration_ms: 256.9307
2026-09-23T11:47:20.3985090Z   type: 'test'
2026-09-23T11:47:20.3985342Z   ...
2026-09-23T11:47:20.3988794Z # Subtest: request fingerprints bind exact reading cards, base, lifetime and document consistently across crypto runtimes
2026-09-23T11:47:20.3992550Z ok 433 - request fingerprints bind exact reading cards, base, lifetime and document consistently across crypto runtimes
2026-09-23T11:47:20.3993468Z   ---
2026-09-23T11:47:20.3993684Z   duration_ms: 49.0608
2026-09-23T11:47:20.3993927Z   type: 'test'
2026-09-23T11:47:20.3994107Z   ...
2026-09-23T11:47:20.9139100Z # (node:5920) ExperimentalWarning: SQLite is an experimental feature and might change at any time
2026-09-23T11:47:20.9139867Z # (Use `node --trace-warnings ...` to show where the warning was created)
2026-09-23T11:47:20.9179886Z # Subtest: resource preparation is encrypted, survives reopen and returns the same reference after a lost response
2026-09-23T11:47:20.9182022Z ok 434 - resource preparation is encrypted, survives reopen and returns the same reference after a lost response
2026-09-23T11:47:20.9182811Z   ---
2026-09-23T11:47:20.9183037Z   duration_ms: 70.5632
2026-09-23T11:47:20.9183392Z   type: 'test'
2026-09-23T11:47:20.9183574Z   ...
2026-09-23T11:47:20.9187905Z # Subtest: resource quota failure rolls back counter and signatures, even when caught by an outer caller
2026-09-23T11:47:20.9190528Z ok 435 - resource quota failure rolls back counter and signatures, even when caught by an outer caller
2026-09-23T11:47:20.9191120Z   ---
2026-09-23T11:47:20.9191472Z   duration_ms: 100.7292
2026-09-23T11:47:20.9191802Z   type: 'test'
2026-09-23T11:47:20.9191987Z   ...
2026-09-23T11:47:20.9193654Z # Subtest: a different copy cannot finish an operation or consume its pending signature
2026-09-23T11:47:20.9195778Z ok 436 - a different copy cannot finish an operation or consume its pending signature
2026-09-23T11:47:20.9196609Z   ---
2026-09-23T11:47:20.9196820Z   duration_ms: 33.3952
2026-09-23T11:47:20.9197046Z   type: 'test'
2026-09-23T11:47:20.9197225Z   ...
2026-09-23T11:47:23.3271790Z # Subtest: expired preparation authenticates before disposal and never silently recreates the requested resource
2026-09-23T11:47:23.3273533Z ok 437 - expired preparation authenticates before disposal and never silently recreates the requested resource
2026-09-23T11:47:23.3274462Z   ---
2026-09-23T11:47:23.3274816Z   duration_ms: 1122.7853
2026-09-23T11:47:23.3275210Z   type: 'test'
2026-09-23T11:47:23.3275538Z   ...
2026-09-23T11:47:23.3276282Z # Subtest: a missing stage is corruption and is never interpreted as a fresh catalogue
2026-09-23T11:47:23.3277445Z ok 438 - a missing stage is corruption and is never interpreted as a fresh catalogue
2026-09-23T11:47:23.3278170Z   ---
2026-09-23T11:47:23.3278497Z   duration_ms: 18.4895
2026-09-23T11:47:23.3278870Z   type: 'test'
2026-09-23T11:47:23.3279614Z   ...
2026-09-23T11:47:23.3280496Z # Subtest: real process exit before-commit cannot duplicate or lose the resource creation identity
2026-09-23T11:47:23.3281870Z ok 439 - real process exit before-commit cannot duplicate or lose the resource creation identity
2026-09-23T11:47:23.3282699Z   ---
2026-09-23T11:47:23.3283034Z   duration_ms: 317.017
2026-09-23T11:47:23.3283403Z   type: 'test'
2026-09-23T11:47:23.3283716Z   ...
2026-09-23T11:47:23.3284559Z # Subtest: real process exit after-commit cannot duplicate or lose the resource creation identity
2026-09-23T11:47:23.3285876Z ok 440 - real process exit after-commit cannot duplicate or lose the resource creation identity
2026-09-23T11:47:23.3286632Z   ---
2026-09-23T11:47:23.3286937Z   duration_ms: 320.2702
2026-09-23T11:47:23.3287285Z   type: 'test'
2026-09-23T11:47:23.3287571Z   ...
2026-09-23T11:47:23.3289162Z # Subtest: real process exit after-copy cannot duplicate or lose the resource creation identity
2026-09-23T11:47:23.3290511Z ok 441 - real process exit after-copy cannot duplicate or lose the resource creation identity
2026-09-23T11:47:23.3291267Z   ---
2026-09-23T11:47:23.3291584Z   duration_ms: 327.9103
2026-09-23T11:47:23.3291953Z   type: 'test'
2026-09-23T11:47:23.3292247Z   ...
2026-09-23T11:47:23.3293056Z # Subtest: real process exit after-ready cannot duplicate or lose the resource creation identity
2026-09-23T11:47:23.3294301Z ok 442 - real process exit after-ready cannot duplicate or lose the resource creation identity
2026-09-23T11:47:23.3295058Z   ---
2026-09-23T11:47:23.3295395Z   duration_ms: 318.3178
2026-09-23T11:47:23.3295770Z   type: 'test'
2026-09-23T11:47:23.3296066Z   ...
2026-09-23T11:47:24.7961051Z # Subtest: v3 accepts bounded optional references and duplicates a page without transferring resource authorship
2026-09-23T11:47:24.7963074Z ok 443 - v3 accepts bounded optional references and duplicates a page without transferring resource authorship
2026-09-23T11:47:24.7964023Z   ---
2026-09-23T11:47:24.7964377Z   duration_ms: 12.0636
2026-09-23T11:47:24.7964768Z   type: 'test'
2026-09-23T11:47:24.7965092Z   ...
2026-09-23T11:47:24.7969578Z # Subtest: Node and Go agree on v3 reference vectors, legacy compatibility and exact resource limits
2026-09-23T11:47:24.7971202Z ok 444 - Node and Go agree on v3 reference vectors, legacy compatibility and exact resource limits
2026-09-23T11:47:24.7972009Z   ---
2026-09-23T11:47:24.7972361Z   duration_ms: 1152.5395
2026-09-23T11:47:24.7972750Z   type: 'test'
2026-09-23T11:47:24.7973054Z   ...
2026-09-23T11:47:24.7976038Z # Subtest: reference descriptors reject getters without executing them
2026-09-23T11:47:24.7978034Z ok 445 - reference descriptors reject getters without executing them
2026-09-23T11:47:24.7978682Z   ---
2026-09-23T11:47:24.7979017Z   duration_ms: 0.4312
2026-09-23T11:47:24.7979377Z   type: 'test'
2026-09-23T11:47:24.7979578Z   ...
2026-09-23T11:47:24.7983193Z # Subtest: resource insertion preserves the original filename while bounding a Unicode heading
2026-09-23T11:47:24.7984502Z ok 446 - resource insertion preserves the original filename while bounding a Unicode heading
2026-09-23T11:47:24.7985282Z   ---
2026-09-23T11:47:24.7985642Z   duration_ms: 0.5264
2026-09-23T11:47:24.7986020Z   type: 'test'
2026-09-23T11:47:24.7986334Z   ...
2026-09-23T11:47:25.1189363Z # Subtest: automatic resource checks bound concurrency and retain each authenticated target
2026-09-23T11:47:25.1190723Z ok 447 - automatic resource checks bound concurrency and retain each authenticated target
2026-09-23T11:47:25.1191500Z   ---
2026-09-23T11:47:25.1191839Z   duration_ms: 11.394
2026-09-23T11:47:25.1192225Z   type: 'test'
2026-09-23T11:47:25.1192545Z   ...
2026-09-23T11:47:25.1226813Z # Subtest: aborting an active view cannot release its real request slot early
2026-09-23T11:47:25.1228357Z ok 448 - aborting an active view cannot release its real request slot early
2026-09-23T11:47:25.1229022Z   ---
2026-09-23T11:47:25.1229359Z   duration_ms: 3.622
2026-09-23T11:47:25.1229730Z   type: 'test'
2026-09-23T11:47:25.1230056Z   ...
2026-09-23T11:47:25.1254129Z # Subtest: queued cancellation never reaches the runtime and a failed request advances the queue
2026-09-23T11:47:25.1255598Z ok 449 - queued cancellation never reaches the runtime and a failed request advances the queue
2026-09-23T11:47:25.1256231Z   ---
2026-09-23T11:47:25.1256446Z   duration_ms: 2.5637
2026-09-23T11:47:25.1256685Z   type: 'test'
2026-09-23T11:47:25.1256876Z   ...
2026-09-23T11:47:25.1292927Z # Subtest: queue exhaustion preserves admitted checks and already-aborted work never starts
2026-09-23T11:47:25.1294457Z ok 450 - queue exhaustion preserves admitted checks and already-aborted work never starts
2026-09-23T11:47:25.1295235Z   ---
2026-09-23T11:47:25.1295570Z   duration_ms: 3.9816
2026-09-23T11:47:25.1295940Z   type: 'test'
2026-09-23T11:47:25.1296496Z   ...
2026-09-23T11:47:25.1311473Z # Subtest: identical reference checks coalesce only in flight and return independent result objects
2026-09-23T11:47:25.1313072Z ok 451 - identical reference checks coalesce only in flight and return independent result objects
2026-09-23T11:47:25.1313873Z   ---
2026-09-23T11:47:25.1314215Z   duration_ms: 1.7711
2026-09-23T11:47:25.1314578Z   type: 'test'
2026-09-23T11:47:25.1314881Z   ...
2026-09-23T11:47:25.1327125Z # Subtest: reference coalescing separates snapshots, pages and descriptor changes
2026-09-23T11:47:25.1329812Z ok 452 - reference coalescing separates snapshots, pages and descriptor changes
2026-09-23T11:47:25.1330545Z   ---
2026-09-23T11:47:25.1330907Z   duration_ms: 1.4696
2026-09-23T11:47:25.1331300Z   type: 'test'
2026-09-23T11:47:25.1331629Z   ...
2026-09-23T11:47:25.1344835Z # Subtest: one cancelled consumer does not cancel its live sibling; abandoned views cannot be revived
2026-09-23T11:47:25.1346392Z ok 453 - one cancelled consumer does not cancel its live sibling; abandoned views cannot be revived
2026-09-23T11:47:25.1347183Z   ---
2026-09-23T11:47:25.1347507Z   duration_ms: 1.8494
2026-09-23T11:47:25.1347863Z   type: 'test'
2026-09-23T11:47:25.1348160Z   ...
2026-09-23T11:47:25.1361332Z # Subtest: shared-request failures reject every caller and do not become cached success
2026-09-23T11:47:25.1362668Z ok 454 - shared-request failures reject every caller and do not become cached success
2026-09-23T11:47:25.1363740Z   ---
2026-09-23T11:47:25.1364091Z   duration_ms: 1.3294
2026-09-23T11:47:25.1364460Z   type: 'test'
2026-09-23T11:47:25.1364764Z   ...
2026-09-23T11:47:25.1372089Z # Subtest: coalesced observers remain bounded even when they share one runtime request
2026-09-23T11:47:25.1373330Z ok 455 - coalesced observers remain bounded even when they share one runtime request
2026-09-23T11:47:25.1374083Z   ---
2026-09-23T11:47:25.1374427Z   duration_ms: 1.1115
2026-09-23T11:47:25.1374816Z   type: 'test'
2026-09-23T11:47:25.1375136Z   ...
2026-09-23T11:47:27.4470197Z # Subtest: TypeScript and a real Go process agree on resource identity, canonical hashes, boundaries and reading scope
2026-09-23T11:47:27.4473844Z ok 456 - TypeScript and a real Go process agree on resource identity, canonical hashes, boundaries and reading scope
2026-09-23T11:47:27.4474643Z   ---
2026-09-23T11:47:27.4474913Z   duration_ms: 2048.8512
2026-09-23T11:47:27.4475217Z   type: 'test'
2026-09-23T11:47:27.4475454Z   ...
2026-09-23T11:47:30.3663152Z # Subtest: Node and Go agree on creation fingerprints, exact outcomes, retirement and malformed records
2026-09-23T11:47:30.3667682Z ok 457 - Node and Go agree on creation fingerprints, exact outcomes, retirement and malformed records
2026-09-23T11:47:30.3668614Z   ---
2026-09-23T11:47:30.3669109Z   duration_ms: 2632.6325
2026-09-23T11:47:30.3669540Z   type: 'test'
2026-09-23T11:47:30.3669853Z   ...
2026-09-23T11:47:31.9479920Z # Subtest: resource creation retries retain one signed identity and reject UUID reuse with a different request
2026-09-23T11:47:31.9482205Z ok 458 - resource creation retries retain one signed identity and reject UUID reuse with a different request
2026-09-23T11:47:31.9482817Z   ---
2026-09-23T11:47:31.9483042Z   duration_ms: 8.9515
2026-09-23T11:47:31.9483268Z   type: 'test'
2026-09-23T11:47:31.9483449Z   ...
2026-09-23T11:47:31.9487200Z # Subtest: a pending copy holds the slot; only its exact ciphertext may complete it
2026-09-23T11:47:31.9488643Z ok 459 - a pending copy holds the slot; only its exact ciphertext may complete it
2026-09-23T11:47:31.9489363Z   ---
2026-09-23T11:47:31.9489703Z   duration_ms: 5.3144
2026-09-23T11:47:31.9490102Z   type: 'test'
2026-09-23T11:47:31.9490420Z   ...
2026-09-23T11:47:31.9495515Z # Subtest: expired pending work remains a terminal outcome instead of silently signing a replacement
2026-09-23T11:47:31.9497829Z ok 460 - expired pending work remains a terminal outcome instead of silently signing a replacement
2026-09-23T11:47:31.9499027Z   ---
2026-09-23T11:47:31.9499827Z   duration_ms: 3.9733
2026-09-23T11:47:31.9500239Z   type: 'test'
2026-09-23T11:47:31.9500543Z   ...
2026-09-23T11:47:31.9502594Z # Subtest: retirement is bounded by committed sequence and cannot turn an old uncertain retry into new work
2026-09-23T11:47:31.9504369Z ok 461 - retirement is bounded by committed sequence and cannot turn an old uncertain retry into new work
2026-09-23T11:47:31.9505486Z   ---
2026-09-23T11:47:31.9506146Z   duration_ms: 1247.4237
2026-09-23T11:47:31.9506845Z   type: 'test'
2026-09-23T11:47:31.9507511Z   ...
2026-09-23T11:47:31.9511328Z # Subtest: staging cannot change creator, size, scope or lifespan; private reader scope must include the owner
2026-09-23T11:47:31.9513235Z ok 462 - staging cannot change creator, size, scope or lifespan; private reader scope must include the owner
2026-09-23T11:47:31.9514122Z   ---
2026-09-23T11:47:31.9514686Z   duration_ms: 1.9125
2026-09-23T11:47:31.9515079Z   type: 'test'
2026-09-23T11:47:31.9515590Z   ...
2026-09-23T11:47:31.9516070Z # Subtest: untrusted local record and request getters are refused without execution
2026-09-23T11:47:31.9516724Z ok 463 - untrusted local record and request getters are refused without execution
2026-09-23T11:47:31.9517112Z   ---
2026-09-23T11:47:31.9517308Z   duration_ms: 0.3363
2026-09-23T11:47:31.9517805Z   type: 'test'
2026-09-23T11:47:31.9518141Z   ...
2026-09-23T11:47:34.0779521Z # (node:4276) ExperimentalWarning: SQLite is an experimental feature and might change at any time
2026-09-23T11:47:34.0780388Z # (Use `node --trace-warnings ...` to show where the warning was created)
2026-09-23T11:47:34.0806796Z # Subtest: resource UI controller recovers a lost committed reply without creating another signature
2026-09-23T11:47:34.0811587Z ok 464 - resource UI controller recovers a lost committed reply without creating another signature
2026-09-23T11:47:34.0812322Z   ---
2026-09-23T11:47:34.0812581Z   duration_ms: 261.191
2026-09-23T11:47:34.0812873Z   type: 'test'
2026-09-23T11:47:34.0813103Z   ...
2026-09-23T11:47:34.0817236Z # Subtest: resource UI retries an unconfirmed request only on explicit action and with the same UUID and payload
2026-09-23T11:47:34.0818830Z ok 465 - resource UI retries an unconfirmed request only on explicit action and with the same UUID and payload
2026-09-23T11:47:34.0819400Z   ---
2026-09-23T11:47:34.0819628Z   duration_ms: 225.2118
2026-09-23T11:47:34.0819873Z   type: 'test'
2026-09-23T11:47:34.0820063Z   ...
2026-09-23T11:47:34.0823706Z # Subtest: closing a resource UI session fences an in-flight result while the durable library remains recoverable
2026-09-23T11:47:34.0825367Z ok 466 - closing a resource UI session fences an in-flight result while the durable library remains recoverable
2026-09-23T11:47:34.0826108Z   ---
2026-09-23T11:47:34.0826681Z   duration_ms: 221.1215
2026-09-23T11:47:34.0827022Z   type: 'test'
2026-09-23T11:47:34.0827336Z   ...
2026-09-23T11:47:34.0828173Z # Subtest: resource library walks real history beyond the operation journal and retains third-party creators
2026-09-23T11:47:34.0830198Z ok 467 - resource library walks real history beyond the operation journal and retains third-party creators
2026-09-23T11:47:34.0831014Z   ---
2026-09-23T11:47:34.0831222Z   duration_ms: 791.0079
2026-09-23T11:47:34.0831468Z   type: 'test'
2026-09-23T11:47:34.0831654Z   ...
2026-09-23T11:47:34.0834047Z # Subtest: resource sizes never round a nonempty small file down to zero
2026-09-23T11:47:34.0836086Z ok 468 - resource sizes never round a nonempty small file down to zero
2026-09-23T11:47:34.0836661Z   ---
2026-09-23T11:47:34.0836956Z   duration_ms: 19.3498
2026-09-23T11:47:34.0837312Z   type: 'test'
2026-09-23T11:47:34.0837500Z   ...
2026-09-23T11:47:34.4774970Z # Subtest: a table descriptor pins its complete canonical payload and returns owned data
2026-09-23T11:47:34.4777209Z ok 469 - a table descriptor pins its complete canonical payload and returns owned data
2026-09-23T11:47:34.4777957Z   ---
2026-09-23T11:47:34.4778293Z   duration_ms: 14.9847
2026-09-23T11:47:34.4778979Z   type: 'test'
2026-09-23T11:47:34.4779317Z   ...
2026-09-23T11:47:34.4785516Z # Subtest: verification of real encrypted envelopes precedes descriptor matching; a reader's valid signature cannot replace the referenced author
2026-09-23T11:47:34.4787325Z ok 470 - verification of real encrypted envelopes precedes descriptor matching; a reader's valid signature cannot replace the referenced author
2026-09-23T11:47:34.4788477Z   ---
2026-09-23T11:47:34.4788813Z   duration_ms: 19.4041
2026-09-23T11:47:34.4789180Z   type: 'test'
2026-09-23T11:47:34.4789501Z   ...
2026-09-23T11:47:34.4794175Z # Subtest: files have canonical base64, exact decoded boundaries and no executable rendering type
2026-09-23T11:47:34.4795534Z ok 471 - files have canonical base64, exact decoded boundaries and no executable rendering type
2026-09-23T11:47:34.4796339Z   ---
2026-09-23T11:47:34.4796681Z   duration_ms: 65.0347
2026-09-23T11:47:34.4797067Z   type: 'test'
2026-09-23T11:47:34.4797382Z   ...
2026-09-23T11:47:34.4800070Z # Subtest: a private resource never becomes public by reference and reader sets cannot silently expand
2026-09-23T11:47:34.4806633Z ok 472 - a private resource never becomes public by reference and reader sets cannot silently expand
2026-09-23T11:47:34.4807837Z   ---
2026-09-23T11:47:34.4808375Z   duration_ms: 0.8192
2026-09-23T11:47:34.4808760Z   type: 'test'
2026-09-23T11:47:34.4809041Z   ...
2026-09-23T11:47:34.4810192Z # Subtest: descriptor and nested data getters are refused without access, including reader arrays
2026-09-23T11:47:34.4811518Z ok 473 - descriptor and nested data getters are refused without access, including reader arrays
2026-09-23T11:47:34.4812305Z   ---
2026-09-23T11:47:34.4812645Z   duration_ms: 0.8896
2026-09-23T11:47:34.4813031Z   type: 'test'
2026-09-23T11:47:34.4813341Z   ...
2026-09-23T11:47:35.4493416Z # Subtest: site addresses are stable under display/read-card changes and reject ambiguous input
2026-09-23T11:47:35.4495032Z ok 474 - site addresses are stable under display/read-card changes and reject ambiguous input
2026-09-23T11:47:35.4495650Z   ---
2026-09-23T11:47:35.4495970Z   duration_ms: 71.5477
2026-09-23T11:47:35.4506066Z   type: 'test'
2026-09-23T11:47:35.4506391Z   ...
2026-09-23T11:47:35.4507647Z # Subtest: node signed snapshots bind the exact content and retain ownership when another reader can decrypt
2026-09-23T11:47:35.4509543Z ok 475 - node signed snapshots bind the exact content and retain ownership when another reader can decrypt
2026-09-23T11:47:35.4510473Z   ---
2026-09-23T11:47:35.4510855Z   duration_ms: 14.2244
2026-09-23T11:47:35.4511246Z   type: 'test'
2026-09-23T11:47:35.4511588Z   ...
2026-09-23T11:47:35.4512587Z # Subtest: node orders revisions by signed sequence, reports forks and does not let replay replace a known head
2026-09-23T11:47:35.4514401Z ok 476 - node orders revisions by signed sequence, reports forks and does not let replay replace a known head
2026-09-23T11:47:35.4515292Z   ---
2026-09-23T11:47:35.4515657Z   duration_ms: 20.9427
2026-09-23T11:47:35.4516068Z   type: 'test'
2026-09-23T11:47:35.4516381Z   ...
2026-09-23T11:47:35.4517433Z # Subtest: node rejects malformed certificates without invoking getters and enforces finite history/signature bounds
2026-09-23T11:47:35.4519130Z ok 477 - node rejects malformed certificates without invoking getters and enforces finite history/signature bounds
2026-09-23T11:47:35.4520073Z   ---
2026-09-23T11:47:35.4520435Z   duration_ms: 23.3435
2026-09-23T11:47:35.4520810Z   type: 'test'
2026-09-23T11:47:35.4521116Z   ...
2026-09-23T11:47:35.4522097Z # Subtest: portable signed snapshots bind the exact content and retain ownership when another reader can decrypt
2026-09-23T11:47:35.4524022Z ok 478 - portable signed snapshots bind the exact content and retain ownership when another reader can decrypt
2026-09-23T11:47:35.4524921Z   ---
2026-09-23T11:47:35.4525272Z   duration_ms: 153.3405
2026-09-23T11:47:35.4525663Z   type: 'test'
2026-09-23T11:47:35.4526370Z   ...
2026-09-23T11:47:35.4527889Z # Subtest: portable orders revisions by signed sequence, reports forks and does not let replay replace a known head
2026-09-23T11:47:35.4529573Z ok 479 - portable orders revisions by signed sequence, reports forks and does not let replay replace a known head
2026-09-23T11:47:35.4530916Z   ---
2026-09-23T11:47:35.4531275Z   duration_ms: 226.4953
2026-09-23T11:47:35.4531685Z   type: 'test'
2026-09-23T11:47:35.4531965Z   ...
2026-09-23T11:47:35.4532996Z # Subtest: portable rejects malformed certificates without invoking getters and enforces finite history/signature bounds
2026-09-23T11:47:35.4534719Z ok 480 - portable rejects malformed certificates without invoking getters and enforces finite history/signature bounds
2026-09-23T11:47:35.4535676Z   ---
2026-09-23T11:47:35.4535994Z   duration_ms: 89.1611
2026-09-23T11:47:35.4536379Z   type: 'test'
2026-09-23T11:47:35.4536690Z   ...
2026-09-23T11:47:35.4537549Z # Subtest: Node and portable crypto produce identical snapshot bytes/signatures and verify each other
2026-09-23T11:47:35.4538900Z ok 481 - Node and portable crypto produce identical snapshot bytes/signatures and verify each other
2026-09-23T11:47:35.4539671Z   ---
2026-09-23T11:47:35.4540011Z   duration_ms: 22.4101
2026-09-23T11:47:35.4540758Z   type: 'test'
2026-09-23T11:47:35.4541281Z   ...
2026-09-23T11:47:40.8805526Z # (node:9420) ExperimentalWarning: SQLite is an experimental feature and might change at any time
2026-09-23T11:47:40.8807026Z # (Use `node --trace-warnings ...` to show where the warning was created)
2026-09-23T11:47:40.8837754Z # Subtest: large valid cache produces bounded pages and exact authorized attachments on demand
2026-09-23T11:47:40.8841598Z ok 482 - large valid cache produces bounded pages and exact authorized attachments on demand
2026-09-23T11:47:40.8844479Z   ---
2026-09-23T11:47:40.8849641Z   duration_ms: 3824.1538
2026-09-23T11:47:40.8860659Z   type: 'test'
2026-09-23T11:47:40.8861084Z   ...
2026-09-23T11:47:40.8862259Z # Subtest: received author deletion persists before evicting its original, and denied attachments stay unavailable
2026-09-23T11:47:40.8864018Z ok 483 - received author deletion persists before evicting its original, and denied attachments stay unavailable
2026-09-23T11:47:40.8865060Z   ---
2026-09-23T11:47:40.8865493Z   duration_ms: 225.2677
2026-09-23T11:47:40.8865956Z   type: 'test'
2026-09-23T11:47:40.8866349Z   ...
2026-09-23T11:47:40.8867142Z # Subtest: request tracking is bounded even when transport rejects every broadcast
2026-09-23T11:47:40.8868335Z ok 484 - request tracking is bounded even when transport rejects every broadcast
2026-09-23T11:47:40.8869547Z   ---
2026-09-23T11:47:40.8870009Z   duration_ms: 236.6754
2026-09-23T11:47:40.8870483Z   type: 'test'
2026-09-23T11:47:40.8871045Z   ...
2026-09-23T11:47:40.8872041Z # Subtest: unknown post extension data does not crash or inflate summaries
2026-09-23T11:47:40.8872639Z ok 485 - unknown post extension data does not crash or inflate summaries
2026-09-23T11:47:40.8872997Z   ---
2026-09-23T11:47:40.8873208Z   duration_ms: 359.0425
2026-09-23T11:47:40.8873429Z   type: 'test'
2026-09-23T11:47:40.8873616Z   ...
2026-09-23T11:47:40.8874283Z # Subtest: summary reuse remains bound to verified disk bytes and unlocked identity
2026-09-23T11:47:40.8875424Z ok 486 - summary reuse remains bound to verified disk bytes and unlocked identity
2026-09-23T11:47:40.8876088Z   ---
2026-09-23T11:47:40.8876404Z   duration_ms: 197.7875
2026-09-23T11:47:40.8876773Z   type: 'test'
2026-09-23T11:47:40.8877063Z   ...
2026-09-23T11:47:44.0404761Z # Subtest: collections and following integrate with encrypted persistence and hashed peer retrieval respects read ACL
2026-09-23T11:47:44.0407564Z ok 487 - collections and following integrate with encrypted persistence and hashed peer retrieval respects read ACL
2026-09-23T11:47:44.0411690Z   ---
2026-09-23T11:47:44.0412107Z   duration_ms: 2860.1906
2026-09-23T11:47:44.0412509Z   type: 'test'
2026-09-23T11:47:44.0412838Z   ...
2026-09-23T11:47:44.3303589Z # Subtest: collection create, rename, add, remove and delete are immutable local transitions
2026-09-23T11:47:44.3305316Z ok 488 - collection create, rename, add, remove and delete are immutable local transitions
2026-09-23T11:47:44.3305856Z   ---
2026-09-23T11:47:44.3306086Z   duration_ms: 3.1612
2026-09-23T11:47:44.3306324Z   type: 'test'
2026-09-23T11:47:44.3306510Z   ...
2026-09-23T11:47:44.3309359Z # Subtest: collection identity, title and timestamp rules reject ambiguous metadata
2026-09-23T11:47:44.3310902Z ok 489 - collection identity, title and timestamp rules reject ambiguous metadata
2026-09-23T11:47:44.3311646Z   ---
2026-09-23T11:47:44.3312003Z   duration_ms: 1.9615
2026-09-23T11:47:44.3312416Z   type: 'test'
2026-09-23T11:47:44.3312771Z   ...
2026-09-23T11:47:44.3315501Z # Subtest: prototype, accessor, unknown field and sparse-array inputs fail without executing metadata
2026-09-23T11:47:44.3316874Z ok 490 - prototype, accessor, unknown field and sparse-array inputs fail without executing metadata
2026-09-23T11:47:44.3317677Z   ---
2026-09-23T11:47:44.3317955Z   duration_ms: 0.8229
2026-09-23T11:47:44.3318330Z   type: 'test'
2026-09-23T11:47:44.3318597Z   ...
2026-09-23T11:47:44.3325582Z # Subtest: collection ownership cannot be transferred by a command or mixed across identity vaults
2026-09-23T11:47:44.3327287Z ok 491 - collection ownership cannot be transferred by a command or mixed across identity vaults
2026-09-23T11:47:44.3328112Z   ---
2026-09-23T11:47:44.3328454Z   duration_ms: 0.5063
2026-09-23T11:47:44.3328851Z   type: 'test'
2026-09-23T11:47:44.3329164Z   ...
2026-09-23T11:47:44.3330379Z # Subtest: collection and membership quotas reject atomically while allowing idempotent operations
2026-09-23T11:47:44.3331829Z ok 492 - collection and membership quotas reject atomically while allowing idempotent operations
2026-09-23T11:47:44.3332714Z   ---
2026-09-23T11:47:44.3333091Z   duration_ms: 10.0808
2026-09-23T11:47:44.3333485Z   type: 'test'
2026-09-23T11:47:44.3333799Z   ...
2026-09-23T11:47:44.3334791Z # Subtest: recovered collections reject duplicate identifiers, titles, members and excessive total memberships
2026-09-23T11:47:44.3336435Z ok 493 - recovered collections reject duplicate identifiers, titles, members and excessive total memberships
2026-09-23T11:47:44.3337367Z   ---
2026-09-23T11:47:44.3337679Z   duration_ms: 4.1603
2026-09-23T11:47:44.3337995Z   type: 'test'
2026-09-23T11:47:44.3338181Z   ...
2026-09-23T11:47:44.3338691Z # Subtest: content references remain canonical hashes and convey neither reader access nor authorship
2026-09-23T11:47:44.3339498Z ok 494 - content references remain canonical hashes and convey neither reader access nor authorship
2026-09-23T11:47:44.3339962Z   ---
2026-09-23T11:47:44.3340155Z   duration_ms: 14.5396
2026-09-23T11:47:44.3340380Z   type: 'test'
2026-09-23T11:47:44.3340553Z   ...
2026-09-23T11:47:44.3341081Z # Subtest: followed feed selects posts and alerts from followed authors without changing caller order or access
2026-09-23T11:47:44.3341925Z ok 495 - followed feed selects posts and alerts from followed authors without changing caller order or access
2026-09-23T11:47:44.3342395Z   ---
2026-09-23T11:47:44.3342586Z   duration_ms: 0.567
2026-09-23T11:47:44.3342810Z   type: 'test'
2026-09-23T11:47:44.3342979Z   ...
2026-09-23T11:47:44.6075769Z # Subtest: authenticated historical decoding does not make expired content admissible or decryptable by another identity
2026-09-23T11:47:44.6080077Z ok 496 - authenticated historical decoding does not make expired content admissible or decryptable by another identity
2026-09-23T11:47:44.6081385Z   ---
2026-09-23T11:47:44.6081733Z   duration_ms: 23.8544
2026-09-23T11:47:44.6082137Z   type: 'test'
2026-09-23T11:47:44.6082470Z   ...
2026-09-23T11:47:44.6083170Z # Subtest: historical time extraction rejects accessors without invoking them
2026-09-23T11:47:44.6084270Z ok 497 - historical time extraction rejects accessors without invoking them
2026-09-23T11:47:44.6084954Z   ---
2026-09-23T11:47:44.6085280Z   duration_ms: 0.2764
2026-09-23T11:47:44.6085638Z   type: 'test'
2026-09-23T11:47:44.6085922Z   ...
2026-09-23T11:47:44.9996537Z # Subtest: new small-message arrivals cannot repeatedly take the bulk fairness turn
2026-09-23T11:47:45.0000149Z ok 498 - new small-message arrivals cannot repeatedly take the bulk fairness turn
2026-09-23T11:47:45.0000853Z   ---
2026-09-23T11:47:45.0001214Z   duration_ms: 49.8375
2026-09-23T11:47:45.0001465Z   type: 'test'
2026-09-23T11:47:45.0001652Z   ...
2026-09-23T11:47:46.1032515Z # Subtest: packet-ID cancellation preserves an independent equal payload and a foreign-origin packet
2026-09-23T11:47:46.1036338Z ok 499 - packet-ID cancellation preserves an independent equal payload and a foreign-origin packet
2026-09-23T11:47:46.1037194Z   ---
2026-09-23T11:47:46.1037578Z   duration_ms: 738.4779
2026-09-23T11:47:46.1037975Z   type: 'test'
2026-09-23T11:47:46.1038312Z   ...
2026-09-23T11:47:46.1041078Z # Subtest: absolute local authorization deadline is bound into the Node packet ID
2026-09-23T11:47:46.1045373Z ok 500 - absolute local authorization deadline is bound into the Node packet ID
2026-09-23T11:47:46.1046099Z   ---
2026-09-23T11:47:46.1046787Z   duration_ms: 1.582
2026-09-23T11:47:46.1047242Z   type: 'test'
2026-09-23T11:47:46.1047420Z   ...
2026-09-23T11:47:46.7951070Z # Subtest: local cancellation removes an actual queued TCP transfer and its reconnect copy
2026-09-23T11:47:46.7952854Z ok 501 - local cancellation removes an actual queued TCP transfer and its reconnect copy
2026-09-23T11:47:46.7953614Z   ---
2026-09-23T11:47:46.7953975Z   duration_ms: 692.1892
2026-09-23T11:47:46.7954345Z   type: 'test'
2026-09-23T11:47:46.7954653Z   ...
2026-09-23T11:47:47.4773800Z # Subtest: local cancellation negative control delivers an actual queued TCP transfer and its reconnect copy
2026-09-23T11:47:47.4777026Z ok 502 - local cancellation negative control delivers an actual queued TCP transfer and its reconnect copy
2026-09-23T11:47:47.4777890Z   ---
2026-09-23T11:47:47.4778220Z   duration_ms: 681.6758
2026-09-23T11:47:47.4778578Z   type: 'test'
2026-09-23T11:47:47.4778866Z   ...
2026-09-23T11:47:47.9797763Z # Subtest: local cancellation leaves another origin's retained relay packet intact
2026-09-23T11:47:47.9799047Z ok 503 - local cancellation leaves another origin's retained relay packet intact
2026-09-23T11:47:47.9799765Z   ---
2026-09-23T11:47:47.9800106Z   duration_ms: 504.2937
2026-09-23T11:47:47.9800483Z   type: 'test'
2026-09-23T11:47:47.9800785Z   ...
2026-09-23T11:47:48.4265976Z # Subtest: TCP parser handles split/coalesced frames, rejects tamper and replays only once
2026-09-23T11:47:48.4267431Z ok 504 - TCP parser handles split/coalesced frames, rejects tamper and replays only once
2026-09-23T11:47:48.4268255Z   ---
2026-09-23T11:47:48.4268625Z   duration_ms: 101.3348
2026-09-23T11:47:48.4269253Z   type: 'test'
2026-09-23T11:47:48.4269585Z   ...
2026-09-23T11:47:48.4896774Z # Subtest: non-reading TCP duplicate flood coalesces and bounds control output
2026-09-23T11:47:48.4898875Z ok 505 - non-reading TCP duplicate flood coalesces and bounds control output
2026-09-23T11:47:48.4899548Z   ---
2026-09-23T11:47:48.4899894Z   duration_ms: 63.9466
2026-09-23T11:47:48.4900277Z   type: 'test'
2026-09-23T11:47:48.4900561Z   ...
2026-09-23T11:47:48.5184369Z # Subtest: TCP malformed frame and unfinished-line floods disconnect and release state
2026-09-23T11:47:48.5186243Z ok 506 - TCP malformed frame and unfinished-line floods disconnect and release state
2026-09-23T11:47:48.5186988Z   ---
2026-09-23T11:47:48.5187342Z   duration_ms: 29.6518
2026-09-23T11:47:48.5188092Z   type: 'test'
2026-09-23T11:47:48.5188403Z   ...
2026-09-23T11:47:48.7258013Z # Subtest: distinct TCP packets cannot grow the ACK queue or exceed its output rate
2026-09-23T11:47:48.7259490Z ok 507 - distinct TCP packets cannot grow the ACK queue or exceed its output rate
2026-09-23T11:47:48.7260194Z   ---
2026-09-23T11:47:48.7260527Z   duration_ms: 206.631
2026-09-23T11:47:48.7260887Z   type: 'test'
2026-09-23T11:47:48.7261170Z   ...
2026-09-23T11:47:51.2752023Z # Subtest: TCP incomplete assemblies have count and aggregate memory bounds
2026-09-23T11:47:51.2753427Z ok 508 - TCP incomplete assemblies have count and aggregate memory bounds
2026-09-23T11:47:51.2753993Z   ---
2026-09-23T11:47:51.2754209Z   duration_ms: 2549.4254
2026-09-23T11:47:51.2754445Z   type: 'test'
2026-09-23T11:47:51.2754617Z   ...
2026-09-23T11:47:51.4334146Z # Subtest: expired packets, invalid TTLs and exhausted hop limits never relay
2026-09-23T11:47:51.4335367Z ok 509 - expired packets, invalid TTLs and exhausted hop limits never relay
2026-09-23T11:47:51.4336075Z   ---
2026-09-23T11:47:51.4336417Z   duration_ms: 157.9508
2026-09-23T11:47:51.4336825Z   type: 'test'
2026-09-23T11:47:51.4337145Z   ...
2026-09-23T11:47:51.8848203Z # Subtest: queued expiry and stopped sockets release bounded output under backpressure
2026-09-23T11:47:51.8855684Z ok 510 - queued expiry and stopped sockets release bounded output under backpressure
2026-09-23T11:47:51.8856931Z   ---
2026-09-23T11:47:51.8857305Z   duration_ms: 451.2904
2026-09-23T11:47:51.8858120Z   type: 'test'
2026-09-23T11:47:51.8858463Z   ...
2026-09-23T11:47:56.0277461Z # Subtest: partial TCP loss retries exact bytes and missing ACK retries without duplicate delivery
2026-09-23T11:47:56.0279523Z ok 511 - partial TCP loss retries exact bytes and missing ACK retries without duplicate delivery
2026-09-23T11:47:56.0280559Z   ---
2026-09-23T11:47:56.0281040Z   duration_ms: 4142.9245
2026-09-23T11:47:56.0281647Z   type: 'test'
2026-09-23T11:47:56.0281953Z   ...
2026-09-23T11:47:57.1344135Z # Subtest: TCP reconnect delivers a partial transfer and packets created during the partition
2026-09-23T11:47:57.1348808Z ok 512 - TCP reconnect delivers a partial transfer and packets created during the partition
2026-09-23T11:47:57.1400777Z   ---
2026-09-23T11:47:57.1402173Z   duration_ms: 1105.1131
2026-09-23T11:47:57.1403273Z   type: 'test'
2026-09-23T11:47:57.1403790Z   ...
2026-09-23T11:47:57.3187890Z # Subtest: turning relay off cancels queued forwarded fragments and keeps local SOS available
2026-09-23T11:47:57.3189275Z ok 513 - turning relay off cancels queued forwarded fragments and keeps local SOS available
2026-09-23T11:47:57.3189868Z   ---
2026-09-23T11:47:57.3190073Z   duration_ms: 185.1174
2026-09-23T11:47:57.3190294Z   type: 'test'
2026-09-23T11:47:57.3190475Z   ...
2026-09-23T11:47:57.4817539Z # Subtest: relay pause cancels queued local seeding and prevents retained offline replay
2026-09-23T11:47:57.4825609Z ok 514 - relay pause cancels queued local seeding and prevents retained offline replay
2026-09-23T11:47:57.4826543Z   ---
2026-09-23T11:47:57.4826896Z   duration_ms: 163.6068
2026-09-23T11:47:57.4827340Z   type: 'test'
2026-09-23T11:47:57.4827713Z   ...
2026-09-23T11:47:57.6219679Z # Subtest: real TCP fragments preempt bulk for SOS while preserving bulk fairness
2026-09-23T11:47:57.6221030Z ok 515 - real TCP fragments preempt bulk for SOS while preserving bulk fairness
2026-09-23T11:47:57.6221689Z   ---
2026-09-23T11:47:57.6222005Z   duration_ms: 138.1089
2026-09-23T11:47:57.6222348Z   type: 'test'
2026-09-23T11:47:57.6222559Z   ...
2026-09-23T11:47:57.7064967Z # Subtest: many in-progress SOS transfers leave admission capacity for bulk fairness
2026-09-23T11:47:57.7067272Z ok 516 - many in-progress SOS transfers leave admission capacity for bulk fairness
2026-09-23T11:47:57.7067946Z   ---
2026-09-23T11:47:57.7068156Z   duration_ms: 87.389
2026-09-23T11:47:57.7068373Z   type: 'test'
2026-09-23T11:47:57.7068559Z   ...
2026-09-23T11:47:57.7068980Z # Subtest: real serialport PTY fragments preempt bulk for SOS with the same fairness
2026-09-23T11:47:57.7069735Z ok 517 - real serialport PTY fragments preempt bulk for SOS with the same fairness # SKIP
2026-09-23T11:47:57.7070505Z   ---
2026-09-23T11:47:57.7070843Z   duration_ms: 0.1796
2026-09-23T11:47:57.7071222Z   type: 'test'
2026-09-23T11:47:57.7071527Z   ...
2026-09-23T11:47:58.1022427Z # Subtest: POSIX poller regression: read rearm must preserve an outstanding write watch
2026-09-23T11:47:58.1023793Z ok 518 - POSIX poller regression: read rearm must preserve an outstanding write watch
2026-09-23T11:47:58.1024564Z   ---
2026-09-23T11:47:58.1024907Z   duration_ms: 1.4205
2026-09-23T11:47:58.1025278Z   type: 'test'
2026-09-23T11:47:58.1025581Z   ...
2026-09-23T11:47:58.1043619Z # Subtest: serial write deadline covers one frame at configured baud while bounding a stalled writer
2026-09-23T11:47:58.1048268Z ok 519 - serial write deadline covers one frame at configured baud while bounding a stalled writer
2026-09-23T11:47:58.1049143Z   ---
2026-09-23T11:47:58.1051827Z   duration_ms: 0.1751
2026-09-23T11:47:58.1052488Z   type: 'test'
2026-09-23T11:47:58.1052935Z   ...
2026-09-23T11:47:58.1054001Z # Subtest: real serial PTY recovers an injected stuck write through bounded reconnect and exact replay
2026-09-23T11:47:58.1055562Z ok 520 - real serial PTY recovers an injected stuck write through bounded reconnect and exact replay # SKIP
2026-09-23T11:47:58.1056511Z   ---
2026-09-23T11:47:58.1057280Z   duration_ms: 0.2692
2026-09-23T11:47:58.1057805Z   type: 'test'
2026-09-23T11:47:58.1058449Z   ...
2026-09-23T11:47:59.4485373Z # Subtest: real TCP transfer, two-hop forwarding and relay-off negative control
2026-09-23T11:47:59.4487670Z ok 521 - real TCP transfer, two-hop forwarding and relay-off negative control
2026-09-23T11:47:59.4488363Z   ---
2026-09-23T11:47:59.4488686Z   duration_ms: 930.9943
2026-09-23T11:47:59.4489051Z   type: 'test'
2026-09-23T11:47:59.4489333Z   ...
2026-09-23T11:47:59.9834776Z # Subtest: validation rejection prevents display and relay; positive valid control
2026-09-23T11:47:59.9836062Z ok 522 - validation rejection prevents display and relay; positive valid control
2026-09-23T11:47:59.9836779Z   ---
2026-09-23T11:47:59.9837014Z   duration_ms: 536.3018
2026-09-23T11:47:59.9837274Z   type: 'test'
2026-09-23T11:47:59.9837485Z   ...
2026-09-23T11:48:00.2418989Z # Subtest: interface preference schema rejects unrelated authority fields and does not invoke getters
2026-09-23T11:48:00.2420545Z ok 523 - interface preference schema rejects unrelated authority fields and does not invoke getters
2026-09-23T11:48:00.2421428Z   ---
2026-09-23T11:48:00.2421772Z   duration_ms: 1.7656
2026-09-23T11:48:00.2422153Z   type: 'test'
2026-09-23T11:48:00.2422464Z   ...
2026-09-23T11:48:00.2426248Z # Subtest: bounded preference file preserves prior values on invalid patches or corrupted storage
2026-09-23T11:48:00.2436190Z ok 524 - bounded preference file preserves prior values on invalid patches or corrupted storage
2026-09-23T11:48:00.2437166Z   ---
2026-09-23T11:48:00.2437734Z   duration_ms: 6.2324
2026-09-23T11:48:00.2438181Z   type: 'test'
2026-09-23T11:48:00.2438494Z   ...
2026-09-23T11:48:00.2439529Z # Subtest: preferences do not read through a symbolic link
2026-09-23T11:48:00.2443441Z ok 525 - preferences do not read through a symbolic link # SKIP
2026-09-23T11:48:00.2444054Z   ---
2026-09-23T11:48:00.2444397Z   duration_ms: 0.1053
2026-09-23T11:48:00.2444763Z   type: 'test'
2026-09-23T11:48:00.2445088Z   ...
2026-09-23T11:48:01.5775049Z # Subtest: Node web-peer API separates keys, relay consent and control authority, and enforces explicit revocation
2026-09-23T11:48:01.5776844Z ok 526 - Node web-peer API separates keys, relay consent and control authority, and enforces explicit revocation
2026-09-23T11:48:01.5777420Z   ---
2026-09-23T11:48:01.5777626Z   duration_ms: 973.1026
2026-09-23T11:48:01.5777860Z   type: 'test'
2026-09-23T11:48:01.5778038Z   ...
2026-09-23T11:48:02.1043470Z # Subtest: websocket invitations require exact origin/capability, preserve eight slots, and carry no control API
2026-09-23T11:48:02.1044901Z ok 527 - websocket invitations require exact origin/capability, preserve eight slots, and carry no control API
2026-09-23T11:48:02.1045438Z   ---
2026-09-23T11:48:02.1045639Z   duration_ms: 85.6494
2026-09-23T11:48:02.1045857Z   type: 'test'
2026-09-23T11:48:02.1046042Z   ...
2026-09-23T11:48:03.1067250Z # Subtest: websocket expiry closes active connections and non-loopback cleartext listeners are refused
2026-09-23T11:48:03.1068814Z ok 528 - websocket expiry closes active connections and non-loopback cleartext listeners are refused
2026-09-23T11:48:03.1069670Z   ---
2026-09-23T11:48:03.1070020Z   duration_ms: 1005.4393
2026-09-23T11:48:03.1070409Z   type: 'test'
2026-09-23T11:48:03.1070720Z   ...
2026-09-23T11:48:03.1261565Z 1..528
2026-09-23T11:48:03.1262111Z # tests 531
2026-09-23T11:48:03.1262461Z # suites 0
2026-09-23T11:48:03.1262787Z # pass 523
2026-09-23T11:48:03.1263107Z # fail 1
2026-09-23T11:48:03.1263417Z # cancelled 0
2026-09-23T11:48:03.1263734Z # skipped 7
2026-09-23T11:48:03.1264038Z # todo 0
2026-09-23T11:48:03.1264387Z # duration_ms 696030.1798
2026-09-23T11:48:03.1990266Z ##[error]Process completed with exit code 1.
2026-09-23T11:48:03.2229142Z Node 20 is being deprecated. This workflow is running with Node 24 by default. If you need to temporarily use Node 20, you can set the ACTIONS_ALLOW_USE_UNSECURE_NODE_VERSION=true environment variable. For more information see: https://github.blog/changelog/2025-09-19-deprecation-of-node-20-on-github-actions-runners/
2026-09-23T11:48:03.2230907Z ##[group]Run actions/upload-artifact@v4
2026-09-23T11:48:03.2231164Z with:
2026-09-23T11:48:03.2231389Z   name: evidence-windows-latest
2026-09-23T11:48:03.2231912Z   path: docs/evidence
test-results
.cache/fixture-http-failures/*.json
.cache/web-invitation

2026-09-23T11:48:03.2232368Z   retention-days: 7
2026-09-23T11:48:03.2232565Z   if-no-files-found: warn
2026-09-23T11:48:03.2232781Z   compression-level: 6
2026-09-23T11:48:03.2232985Z   overwrite: false
2026-09-23T11:48:03.2233187Z   include-hidden-files: false
2026-09-23T11:48:03.2233407Z ##[endgroup]
2026-09-23T11:48:03.4281633Z (node:3924) [DEP0040] DeprecationWarning: The `punycode` module is deprecated. Please use a userland alternative instead.
2026-09-23T11:48:03.4283051Z (Use `node --trace-deprecation ...` to show where the warning was created)
2026-09-23T11:48:04.9683198Z Multiple search paths detected. Calculating the least common ancestor of all paths
2026-09-23T11:48:04.9685535Z The least common ancestor is D:\a\relayloom\relayloom. This will be the root directory of the artifact
2026-09-23T11:48:04.9686663Z With the provided path, there will be 4402 files uploaded
2026-09-23T11:48:04.9693376Z Artifact name is valid!
2026-09-23T11:48:04.9695008Z Root directory input is valid!
2026-09-23T11:48:05.4404520Z Beginning upload of artifact content to blob storage
2026-09-23T11:48:06.1158266Z (node:3924) [DEP0169] DeprecationWarning: `url.parse()` behavior is not standardized and prone to errors that have security implications. Use the WHATWG URL API instead. CVEs are not issued for `url.parse()` vulnerabilities.
2026-09-23T11:48:07.1669529Z Uploaded bytes 8388608
2026-09-23T11:48:07.3184960Z Uploaded bytes 16777216
2026-09-23T11:48:07.7102562Z Uploaded bytes 25165824
2026-09-23T11:48:07.9469836Z Uploaded bytes 33554432
2026-09-23T11:48:08.2635270Z Uploaded bytes 41943040
2026-09-23T11:48:08.6931105Z Uploaded bytes 50331648
2026-09-23T11:48:09.0229612Z Uploaded bytes 58720256
2026-09-23T11:48:09.5943351Z Uploaded bytes 67108864
2026-09-23T11:48:10.0897709Z Uploaded bytes 75497472
2026-09-23T11:48:10.6391871Z Uploaded bytes 83886080
2026-09-23T11:48:11.0079151Z Uploaded bytes 92274688
2026-09-23T11:48:11.5423478Z Uploaded bytes 100663296
2026-09-23T11:48:12.3814786Z Uploaded bytes 109051904
2026-09-23T11:48:12.7278163Z Uploaded bytes 117440512
2026-09-23T11:48:13.1573096Z Uploaded bytes 125829120
2026-09-23T11:48:13.5130234Z Uploaded bytes 134217728
2026-09-23T11:48:14.0226147Z Uploaded bytes 142606336
2026-09-23T11:48:14.5469906Z Uploaded bytes 150504327
2026-09-23T11:48:14.6117661Z Finished uploading artifact content to blob storage!
2026-09-23T11:48:14.6123424Z SHA256 digest of uploaded artifact zip is f556b9e2a3462cab7a068467a85cfc985e5f4e4ef67290989471c285f5607609
2026-09-23T11:48:14.6126083Z Finalizing artifact upload
2026-09-23T11:48:14.9675634Z Artifact evidence-windows-latest.zip successfully finalized. Artifact ID 10747791688
2026-09-23T11:48:14.9676777Z Artifact evidence-windows-latest has been successfully uploaded! Final size is 150504327 bytes. Artifact ID is 10747791688
2026-09-23T11:48:14.9691346Z Artifact download URL: https://github.com/JohnnyPBelo/relayloom/actions/runs/35855333712/artifacts/10747791688
2026-09-23T11:48:15.0255794Z Node 20 is being deprecated. This workflow is running with Node 24 by default. If you need to temporarily use Node 20, you can set the ACTIONS_ALLOW_USE_UNSECURE_NODE_VERSION=true environment variable. For more information see: https://github.blog/changelog/2025-09-19-deprecation-of-node-20-on-github-actions-runners/
2026-09-23T11:48:15.0257130Z Post job cleanup.
2026-09-23T11:48:15.2271774Z [command]"C:\Program Files\Git\bin\git.exe" version
2026-09-23T11:48:15.2556374Z git version 2.55.0.windows.5
2026-09-23T11:48:15.2631497Z Temporarily overriding HOME='D:\a\_temp\e7a535ac-6ecf-4198-af8e-f09f8a44da17' before making global git config changes
2026-09-23T11:48:15.2633260Z Adding repository directory to the temporary git global config as a safe directory
2026-09-23T11:48:15.2642189Z [command]"C:\Program Files\Git\bin\git.exe" config --global --add safe.directory D:\a\relayloom\relayloom
2026-09-23T11:48:15.2946719Z [command]"C:\Program Files\Git\bin\git.exe" config --local --name-only --get-regexp core\.sshCommand
2026-09-23T11:48:15.3247187Z [command]"C:\Program Files\Git\bin\git.exe" submodule foreach --recursive "sh -c \"git config --local --name-only --get-regexp 'core\.sshCommand' && git config --local --unset-all 'core.sshCommand' || :\""
2026-09-23T11:48:15.8649267Z [command]"C:\Program Files\Git\bin\git.exe" config --local --name-only --get-regexp http\.https\:\/\/github\.com\/\.extraheader
2026-09-23T11:48:15.8967117Z http.https://github.com/.extraheader
2026-09-23T11:48:15.9011544Z [command]"C:\Program Files\Git\bin\git.exe" config --local --unset-all http.https://github.com/.extraheader
2026-09-23T11:48:15.9338748Z [command]"C:\Program Files\Git\bin\git.exe" submodule foreach --recursive "sh -c \"git config --local --name-only --get-regexp 'http\.https\:\/\/github\.com\/\.extraheader' && git config --local --unset-all 'http.https://github.com/.extraheader' || :\""
2026-09-23T11:48:16.4673824Z [command]"C:\Program Files\Git\bin\git.exe" config --local --name-only --get-regexp ^includeIf\.gitdir:
2026-09-23T11:48:16.4969041Z [command]"C:\Program Files\Git\bin\git.exe" submodule foreach --recursive "git config --local --show-origin --name-only --get-regexp remote.origin.url"
2026-09-23T11:48:17.0559505Z Cleaning up orphan processes
2026-09-23T11:48:17.1076522Z ##[warning]Node.js 20 is deprecated. The following actions target Node.js 20 but are being forced to run on Node.js 24: actions/checkout@v4, actions/setup-go@v5, actions/setup-node@v4, actions/upload-artifact@v4. For more information see: https://github.blog/changelog/2025-09-19-deprecation-of-node-20-on-github-actions-runners/
