TAP version 13
# Subtest: browser CI partition rejects omitted, duplicated and empty coverage with a complete positive control
ok 1 - browser CI partition rejects omitted, duplicated and empty coverage with a complete positive control
  ---
  duration_ms: 1.603356
  type: 'test'
  ...
# Subtest: Node bundle creation derives expiry from one clock observation even when the clock advances between reads
ok 2 - Node bundle creation derives expiry from one clock observation even when the clock advances between reads
  ---
  duration_ms: 10.261629
  type: 'test'
  ...
# Subtest: large ASCII runs retain exact Node canonical bytes around Unicode, escaped text, surrogate keys and numeric boundaries
ok 3 - large ASCII runs retain exact Node canonical bytes around Unicode, escaped text, surrogate keys and numeric boundaries
  ---
  duration_ms: 1724.825228
  type: 'test'
  ...
# Subtest: automatic reservations survive restart and count pressure without becoming manual pins
ok 4 - automatic reservations survive restart and count pressure without becoming manual pins
  ---
  duration_ms: 59.966611
  type: 'test'
  ...
# Subtest: byte quota refusal is atomic with a reserved payload and preserves unrelated stored bytes
ok 5 - byte quota refusal is atomic with a reserved payload and preserves unrelated stored bytes
  ---
  duration_ms: 61.52417
  type: 'test'
  ...
# Subtest: reservation does not extend signed expiry
ok 6 - reservation does not extend signed expiry
  ---
  duration_ms: 21.647917
  type: 'test'
  ...
# Subtest: unknown or corrupt reservation input cannot partially release a valid reservation
ok 7 - unknown or corrupt reservation input cannot partially release a valid reservation
  ---
  duration_ms: 24.37509
  type: 'test'
  ...
# Subtest: failed reservation index write protects the union until explicit reconciliation
ok 8 - failed reservation index write protects the union until explicit reconciliation
  ---
  duration_ms: 36.309165
  type: 'test'
  ...
# Subtest: duplicate reserved insertion at the count limit preserves a manual pin and verifies stored bytes
ok 9 - duplicate reserved insertion at the count limit preserves a manual pin and verifies stored bytes
  ---
  duration_ms: 19.5908
  type: 'test'
  ...
# Subtest: contact rows use the established Node/Go DM reader-address wire format before the first send
ok 10 - contact rows use the established Node/Go DM reader-address wire format before the first send
  ---
  duration_ms: 2.084379
  type: 'test'
  ...
# Subtest: a repeated own reader remains one reader in the DM address
ok 11 - a repeated own reader remains one reader in the DM address
  ---
  duration_ms: 0.313268
  type: 'test'
  ...
# Subtest: fixed envelope time preserves the saved deadline while nonce identity still requires durable retention
ok 12 - fixed envelope time preserves the saved deadline while nonce identity still requires durable retention
  ---
  duration_ms: 150.774344
  type: 'test'
  ...
# Subtest: Node and portable fixed clocks reject invalid/overflowing dates and unrelated secrets before producing a bundle
ok 13 - Node and portable fixed clocks reject invalid/overflowing dates and unrelated secrets before producing a bundle
  ---
  duration_ms: 7.28602
  type: 'test'
  ...
# Subtest: Node and portable fixed envelopes verify in a real Go process; Go ciphertext decrypts in both adapters
ok 14 - Node and portable fixed envelopes verify in a real Go process; Go ciphertext decrypts in both adapters
  ---
  duration_ms: 518.424933
  type: 'test'
  ...
# Subtest: historical storage reads authenticate expired bytes without priming the live manifest cache
ok 15 - historical storage reads authenticate expired bytes without priming the live manifest cache
  ---
  duration_ms: 36.110252
  type: 'test'
  ...
# (node:727992) ExperimentalWarning: The MockTimers API is an experimental feature and might change at any time
# (Use `node --trace-warnings ...` to show where the warning was created)
# Subtest: identity proof binds signing address, name and decryption key
ok 16 - identity proof binds signing address, name and decryption key
  ---
  duration_ms: 2.395191
  type: 'test'
  ...
# Subtest: vault encrypts private keys; recovery and wrong-password controls
ok 17 - vault encrypts private keys; recovery and wrong-password controls
  ---
  duration_ms: 235.301081
  type: 'test'
  ...
# Subtest: reader decrypts and seeds but cannot become author; unauthorized reader fails
ok 18 - reader decrypts and seeds but cannot become author; unauthorized reader fails
  ---
  duration_ms: 6.03828
  type: 'test'
  ...
# Subtest: ciphertext, manifest, expiry, depth and address negative controls
ok 19 - ciphertext, manifest, expiry, depth and address negative controls
  ---
  duration_ms: 15.568028
  type: 'test'
  ...
# Subtest: encrypted persistent seed takeover, deduplication, pin/quota, disk corruption
ok 20 - encrypted persistent seed takeover, deduplication, pin/quota, disk corruption
  ---
  duration_ms: 29.49531
  type: 'test'
  ...
# Subtest: object-count cap bounds small-object floods, survives restart and preserves pinned content
ok 21 - object-count cap bounds small-object floods, survives restart and preserves pinned content
  ---
  duration_ms: 148.39918
  type: 'test'
  ...
# Subtest: metadata listing does not replace real viewing order in LRU eviction
ok 22 - metadata listing does not replace real viewing order in LRU eviction
  ---
  duration_ms: 31.060194
  type: 'test'
  ...
# Subtest: cached manifest metadata is isolated, invalidated by disk changes, and never bypasses get verification
ok 23 - cached manifest metadata is isolated, invalidated by disk changes, and never bypasses get verification
  ---
  duration_ms: 17.007677
  type: 'test'
  ...
# Subtest: rejected quota decrease preserves existing files and policy; feasible decrease evicts only unpinned content
ok 24 - rejected quota decrease preserves existing files and policy; feasible decrease evicts only unpinned content
  ---
  duration_ms: 138.837263
  type: 'test'
  ...
# Subtest: invalid persisted index fails safely without deleting verified objects
ok 25 - invalid persisted index fails safely without deleting verified objects
  ---
  duration_ms: 12.86461
  type: 'test'
  ...
# Subtest: strict wire fields and every recipient envelope are validated before accepting signatures
ok 26 - strict wire fields and every recipient envelope are validated before accepting signatures
  ---
  duration_ms: 3.708012
  type: 'test'
  ...
# Subtest: desktop accepts only the owned daemon loopback bootstrap capability
ok 27 - desktop accepts only the owned daemon loopback bootstrap capability
  ---
  duration_ms: 1.133425
  type: 'test'
  ...
# Subtest: desktop request policy blocks other hosts, ports, schemes, subframes and WebSockets
ok 28 - desktop request policy blocks other hosts, ports, schemes, subframes and WebSockets
  ---
  duration_ms: 0.268003
  type: 'test'
  ...
# Subtest: desktop navigation stays on its exact local app and rejects insecure runtime overrides
ok 29 - desktop navigation stays on its exact local app and rejects insecure runtime overrides
  ---
  duration_ms: 0.95437
  type: 'test'
  ...
# Subtest: desktop microphone eligibility excludes cameras, remote documents and subframes
ok 30 - desktop microphone eligibility excludes cameras, remote documents and subframes
  ---
  duration_ms: 0.246602
  type: 'test'
  ...
# Subtest: desktop download defaults cannot contain paths, device names or control bytes
ok 31 - desktop download defaults cannot contain paths, device names or control bytes
  ---
  duration_ms: 0.353072
  type: 'test'
  ...
# Subtest: fixture stop is idempotent after process termination by signal
ok 32 - fixture stop is idempotent after process termination by signal
  ---
  duration_ms: 270.140351
  type: 'test'
  ...
# (node:728080) ExperimentalWarning: SQLite is an experimental feature and might change at any time
# (Use `node --trace-warnings ...` to show where the warning was created)
# Subtest: current and additions-only delayed messages preserve exact old readers without granting newcomer history
ok 33 - current and additions-only delayed messages preserve exact old readers without granting newcomer history
  ---
  duration_ms: 944.846302
  type: 'test'
  ...
# Subtest: removal and rejoin quarantine unseen old content while retaining only exact accepted history
ok 34 - removal and rejoin quarantine unseen old content while retaining only exact accepted history
  ---
  duration_ms: 857.836118
  type: 'test'
  ...
# Subtest: historical receipts from a removed original reader are minimal and cannot admit an unknown target
ok 35 - historical receipts from a removed original reader are minimal and cannot admit an unknown target
  ---
  duration_ms: 495.526482
  type: 'test'
  ...
# Subtest: group tags cannot hide as falsy legacy fields and cached policy cannot escape its transaction
ok 36 - group tags cannot hide as falsy legacy fields and cached policy cannot escape its transaction
  ---
  duration_ms: 37.3997
  type: 'test'
  ...
# Subtest: a closure within the same transaction invalidates earlier cached permission
ok 37 - a closure within the same transaction invalidates earlier cached permission
  ---
  duration_ms: 60.52656
  type: 'test'
  ...
# Subtest: a new edit to old content uses only the original/current reader intersection
ok 38 - a new edit to old content uses only the original/current reader intersection
  ---
  duration_ms: 1053.43369
  type: 'test'
  ...
# (node:728266) ExperimentalWarning: SQLite is an experimental feature and might change at any time
# (Use `node --trace-warnings ...` to show where the warning was created)
# Subtest: an API observation cannot display an admission whose outer transaction rolled back
ok 39 - an API observation cannot display an admission whose outer transaction rolled back
  ---
  duration_ms: 334.269615
  type: 'test'
  ...
# Subtest: a historical delete and its accepted context recover together after lost commit response and real cache removal
ok 40 - a historical delete and its accepted context recover together after lost commit response and real cache removal
  ---
  duration_ms: 430.200344
  type: 'test'
  ...
# Subtest: failure to reserve quarantine bytes aborts the hold and locks until authenticated reconciliation succeeds
ok 41 - failure to reserve quarantine bytes aborts the hold and locks until authenticated reconciliation succeeds
  ---
  duration_ms: 378.625387
  type: 'test'
  ...
# Subtest: an unavailable quarantined blob cannot block admission of another valid group object
ok 42 - an unavailable quarantined blob cannot block admission of another valid group object
  ---
  duration_ms: 270.247802
  type: 'test'
  ...
# Subtest: authenticated history with an expiry inconsistent with its signed bundle is rejected
ok 43 - authenticated history with an expiry inconsistent with its signed bundle is rejected
  ---
  duration_ms: 255.317769
  type: 'test'
  ...
# (node:728347) ExperimentalWarning: SQLite is an experimental feature and might change at any time
# (Use `node --trace-warnings ...` to show where the warning was created)
# Subtest: an unchanged group snapshot walks its authority chain once, and a later closure still invalidates new admission
ok 44 - an unchanged group snapshot walks its authority chain once, and a later closure still invalidates new admission
  ---
  duration_ms: 9127.474526
  type: 'test'
  ...
# {"retainedObjects":32,"epochs":32,"visitedHeaders":32,"elapsedMs":93.69266299999981}
# Subtest: real Node receivers hold epoch content until its snapshot arrives and keep only accepted history after closure
ok 45 - real Node receivers hold epoch content until its snapshot arrives and keep only accepted history after closure
  ---
  duration_ms: 5537.612902
  type: 'test'
  ...
# (node:729660) ExperimentalWarning: SQLite is an experimental feature and might change at any time
# (Use `node --trace-warnings ...` to show where the warning was created)
# Subtest: control expiry rejects replay while the signed authority checkpoint survives
ok 46 - control expiry rejects replay while the signed authority checkpoint survives
  ---
  duration_ms: 50.502846
  type: 'test'
  ...
# Subtest: a reader may seal a creator snapshot for its exact original roster without gaining authority
ok 47 - a reader may seal a creator snapshot for its exact original roster without gaining authority
  ---
  duration_ms: 413.489743
  type: 'test'
  ...
# Subtest: removed readers receive their removal boundary but cannot enumerate future membership or request future snapshots
ok 48 - removed readers receive their removal boundary but cannot enumerate future membership or request future snapshots
  ---
  duration_ms: 779.607389
  type: 'test'
  ...
# Subtest: invitation authorizes bounded public ancestry, never a private snapshot before membership
ok 49 - invitation authorizes bounded public ancestry, never a private snapshot before membership
  ---
  duration_ms: 76.85858
  type: 'test'
  ...
# Subtest: carrier schema keeps malformed proof tails for the transactional verifier while bounding inputs
ok 50 - carrier schema keeps malformed proof tails for the transactional verifier while bounding inputs
  ---
  duration_ms: 366.954485
  type: 'test'
  ...
# Subtest: fork proofs are served together and private snapshots at the fork are not re-encrypted
ok 51 - fork proofs are served together and private snapshots at the fork are not re-encrypted
  ---
  duration_ms: 450.407078
  type: 'test'
  ...
# Subtest: newcomer validates exact join consent from signed parent header without old snapshot keys
ok 52 - newcomer validates exact join consent from signed parent header without old snapshot keys
  ---
  duration_ms: 56.331715
  type: 'test'
  ...
# Subtest: permanent group anchor has real creator signature, exact schema and separate carrier identity
ok 53 - permanent group anchor has real creator signature, exact schema and separate carrier identity
  ---
  duration_ms: 7.076368
  type: 'test'
  ...
# Subtest: invitation and signed consent do not alter roster until the creator commits the exact parent
ok 54 - invitation and signed consent do not alter roster until the creator commits the exact parent
  ---
  duration_ms: 27.606399
  type: 'test'
  ...
# Subtest: newcomer reads real new ciphertext without obtaining historical keys; removed reader cannot read new content
ok 55 - newcomer reads real new ciphertext without obtaining historical keys; removed reader cannot read new content
  ---
  duration_ms: 48.907536
  type: 'test'
  ...
# Subtest: stale, substituted, missing or extra member consents cannot commit a roster
ok 56 - stale, substituted, missing or extra member consents cannot commit a roster
  ---
  duration_ms: 64.199226
  type: 'test'
  ...
# Subtest: removal and rejoin remain restrictive across the complete path even with identical final cards
ok 57 - removal and rejoin remain restrictive across the complete path even with identical final cards
  ---
  duration_ms: 63.070449
  type: 'test'
  ...
# Subtest: creator reading-card replacement preserves signing authority but requires fresh signed consent
ok 58 - creator reading-card replacement preserves signing authority but requires fresh signed consent
  ---
  duration_ms: 38.69061
  type: 'test'
  ...
# Subtest: signed schema tampering, roster duplication, invalid order and snapshot substitution fail
ok 59 - signed schema tampering, roster duplication, invalid order and snapshot substitution fail
  ---
  duration_ms: 30.24213
  type: 'test'
  ...
# Subtest: closure preserves the committed historical state and reserves the final epoch
ok 60 - closure preserves the committed historical state and reserves the final epoch
  ---
  duration_ms: 42.042524
  type: 'test'
  ...
# Subtest: a valid creator fork cannot masquerade as a contiguous successor or grant reader authority
ok 61 - a valid creator fork cannot masquerade as a contiguous successor or grant reader authority
  ---
  duration_ms: 37.480963
  type: 'test'
  ...
# Subtest: full 64-member roster is bounded; capacity and title failures do not mutate its parent
ok 62 - full 64-member roster is bounded; capacity and title failures do not mutate its parent
  ---
  duration_ms: 526.947672
  type: 'test'
  ...
# Subtest: member leave is a signed request with no direct roster effect and cannot replace creator closure
ok 63 - member leave is a signed request with no direct roster effect and cannot replace creator closure
  ---
  duration_ms: 44.773395
  type: 'test'
  ...
# (node:729905) ExperimentalWarning: SQLite is an experimental feature and might change at any time
# (Use `node --trace-warnings ...` to show where the warning was created)
# Subtest: group confirmation rollback cannot transmit before successful admission
ok 64 - group confirmation rollback cannot transmit before successful admission
  ---
  duration_ms: 4368.728295
  type: 'test'
  ...
# Subtest: group confirmation lost commit response cannot transmit before successful admission
ok 65 - group confirmation lost commit response cannot transmit before successful admission
  ---
  duration_ms: 4329.716132
  type: 'test'
  ...
# Subtest: blocked readers and missing original bytes cannot mint a group read fact
ok 66 - blocked readers and missing original bytes cannot mint a group read fact
  ---
  duration_ms: 4083.05927
  type: 'test'
  ...
# Subtest: missing historical group proof pauses confirmation until verified proof is restored
ok 67 - missing historical group proof pauses confirmation until verified proof is restored
  ---
  duration_ms: 4621.953151
  type: 'test'
  ...
# Subtest: real Node group automatic delivery and historical read after closure retain original audience
ok 68 - real Node group automatic delivery and historical read after closure retain original audience
  ---
  duration_ms: 6316.928184
  type: 'test'
  ...
# Subtest: opaque Node relay rejects public, oversized and excessive-lifetime controls before storage and forwarding
ok 69 - opaque Node relay rejects public, oversized and excessive-lifetime controls before storage and forwarding
  ---
  duration_ms: 1494.785892
  type: 'test'
  ...
# (node:732761) ExperimentalWarning: SQLite is an experimental feature and might change at any time
# (Use `node --trace-warnings ...` to show where the warning was created)
# Subtest: proof no-op optimisation still checks recipient scope, snapshot bytes and local participation
ok 70 - proof no-op optimisation still checks recipient scope, snapshot bytes and local participation
  ---
  duration_ms: 502.498724
  type: 'test'
  ...
# Subtest: verified cached proof replay avoids authority reapplication but still adopts a new safety header before a bad snapshot
ok 71 - verified cached proof replay avoids authority reapplication but still adopts a new safety header before a bad snapshot
  ---
  duration_ms: 2074.765153
  type: 'test'
  ...
# {"replayed":11,"applications":0,"unlockMs":478.1220009999997}
# (node:733271) ExperimentalWarning: SQLite is an experimental feature and might change at any time
# (Use `node --trace-warnings ...` to show where the warning was created)
# Subtest: group event admission rollback cannot release bytes early
ok 72 - group event admission rollback cannot release bytes early
  ---
  duration_ms: 4435.672918
  type: 'test'
  ...
# Subtest: group event admission lost response cannot release bytes early
ok 73 - group event admission lost response cannot release bytes early
  ---
  duration_ms: 4389.289956
  type: 'test'
  ...
# Subtest: group event content-store failure before payload write preserves honest availability
ok 74 - group event content-store failure before payload write preserves honest availability
  ---
  duration_ms: 4229.42581
  type: 'test'
  ...
# Subtest: group event content-store failure after payload write preserves honest availability
ok 75 - group event content-store failure after payload write preserves honest availability
  ---
  duration_ms: 4231.830899
  type: 'test'
  ...
# Subtest: group event close retires retained packets and refuses later serving with a reachable control
ok 76 - group event close retires retained packets and refuses later serving with a reachable control
  ---
  duration_ms: 4477.07355
  type: 'test'
  ...
# Subtest: group event block retires retained packets and refuses later serving with a reachable control
ok 77 - group event block retires retained packets and refuses later serving with a reachable control
  ---
  duration_ms: 4205.493229
  type: 'test'
  ...
# Subtest: group event lock retires retained packets and refuses later serving with a reachable control
ok 78 - group event lock retires retained packets and refuses later serving with a reachable control
  ---
  duration_ms: 4073.568306
  type: 'test'
  ...
# Subtest: group event evicted retires retained packets and refuses later serving with a reachable control
ok 79 - group event evicted retires retained packets and refuses later serving with a reachable control
  ---
  duration_ms: 4374.661289
  type: 'test'
  ...
# Subtest: missing historical target proof pauses new event publication and seeding until exact proof returns
ok 80 - missing historical target proof pauses new event publication and seeding until exact proof returns
  ---
  duration_ms: 4645.159981
  type: 'test'
  ...
# Subtest: corrupt stored event cannot authorise a valid retained packet; exact bytes restore serving
ok 81 - corrupt stored event cannot authorise a valid retained packet; exact bytes restore serving
  ---
  duration_ms: 5001.907198
  type: 'test'
  ...
# Subtest: real Node group newcomer cannot read earlier audiences; peer serves author's edit while author is offline
ok 82 - real Node group newcomer cannot read earlier audiences; peer serves author's edit while author is offline
  ---
  duration_ms: 19945.863813
  type: 'test'
  ...
# Subtest: real Node group reactions/comments/author edits and historical deletion preserve signing ownership
ok 83 - real Node group reactions/comments/author edits and historical deletion preserve signing ownership
  ---
  duration_ms: 7376.150717
  type: 'test'
  ...
# (node:737807) ExperimentalWarning: SQLite is an experimental feature and might change at any time
# (Use `node --trace-warnings ...` to show where the warning was created)
# Subtest: an index consuming stop headroom is refused without changing existing data
ok 84 - an index consuming stop headroom is refused without changing existing data
  ---
  duration_ms: 882.806575
  type: 'test'
  ...
# Subtest: ordinary index growth stops before the protected checkpoint allocation is consumed
ok 85 - ordinary index growth stops before the protected checkpoint allocation is consumed
  ---
  duration_ms: 2858.47863
  type: 'test'
  ...
# (node:738169) ExperimentalWarning: SQLite is an experimental feature and might change at any time
# (Use `node --trace-warnings ...` to show where the warning was created)
# Subtest: stop reads share one validated snapshot but invalidate on mutation and scope exit
ok 86 - stop reads share one validated snapshot but invalidate on mutation and scope exit
  ---
  duration_ms: 114.336167
  type: 'test'
  ...
# Subtest: all256 immutable stops fit; retirement preserves retained facts and counts only removed records
ok 87 - all256 immutable stops fit; retirement preserves retained facts and counts only removed records
  ---
  duration_ms: 3174.519439
  type: 'test'
  ...
# Subtest: expired holds have counted removal and malformed counters cannot be used as valid state
ok 88 - expired holds have counted removal and malformed counters cannot be used as valid state
  ---
  duration_ms: 41.290985
  type: 'test'
  ...
# (node:738403) ExperimentalWarning: SQLite is an experimental feature and might change at any time
# (Use `node --trace-warnings ...` to show where the warning was created)
# Subtest: accepted history is authenticated and unknown old content stays separately held after removal
ok 89 - accepted history is authenticated and unknown old content stays separately held after removal
  ---
  duration_ms: 641.063676
  type: 'test'
  ...
# Subtest: group closure and immutable outbox stop commit together and callback failure rolls both back
ok 90 - group closure and immutable outbox stop commit together and callback failure rolls both back
  ---
  duration_ms: 132.148152
  type: 'test'
  ...
# Subtest: historical receipt uses only a locally persisted accepted target, never an ID supplied by its sender
ok 91 - historical receipt uses only a locally persisted accepted target, never an ID supplied by its sender
  ---
  duration_ms: 467.207888
  type: 'test'
  ...
# Subtest: missing observation clock or malformed authenticated context cannot grant historical access
ok 92 - missing observation clock or malformed authenticated context cannot grant historical access
  ---
  duration_ms: 63.768058
  type: 'test'
  ...
# Subtest: quarantine byte quota uses actual signed ciphertext sizes and refuses overflow
ok 93 - quarantine byte quota uses actual signed ciphertext sizes and refuses overflow
  ---
  duration_ms: 955.00618
  type: 'test'
  ...
# Subtest: minimal outbox stop survives exhausted ordinary space without rewriting private content
ok 94 - minimal outbox stop survives exhausted ordinary space without rewriting private content
  ---
  duration_ms: 82.063709
  type: 'test'
  ...
# Subtest: ledger readers cannot escape the borrowed scope, even when every collection is empty
ok 95 - ledger readers cannot escape the borrowed scope, even when every collection is empty
  ---
  duration_ms: 11.186494
  type: 'test'
  ...
# Subtest: the authority reserve also accommodates every retained outbox stop
ok 96 - the authority reserve also accommodates every retained outbox stop
  ---
  duration_ms: 163.421715
  type: 'test'
  ...
# Subtest: quarantine count remains bounded and replay does not consume another slot
ok 97 - quarantine count remains bounded and replay does not consume another slot
  ---
  duration_ms: 1719.445872
  type: 'test'
  ...
# Subtest: full4096 history respects protected records and retains the exact accepted count on retirement
ok 98 - full4096 history respects protected records and retains the exact accepted count on retirement
  ---
  duration_ms: 38437.957704
  type: 'test'
  ...
# Subtest: Node invitation API retains exact delivery material, bounds pending notices and preserves closure
ok 99 - Node invitation API retains exact delivery material, bounds pending notices and preserves closure
  ---
  duration_ms: 16365.632895
  type: 'test'
  ...
# Subtest: real Node notices deliver invitation, explicit consent and leave without automatic group admission
ok 100 - real Node notices deliver invitation, explicit consent and leave without automatic group admission
  ---
  duration_ms: 3076.008412
  type: 'test'
  ...
# (node:742980) ExperimentalWarning: SQLite is an experimental feature and might change at any time
# (Use `node --trace-warnings ...` to show where the warning was created)
# Subtest: Node replays notice safety headers before sending, blocked source=false
ok 101 - Node replays notice safety headers before sending, blocked source=false
  ---
  duration_ms: 5064.732158
  type: 'test'
  ...
# Subtest: Node replays notice safety headers before sending, blocked source=true
ok 102 - Node replays notice safety headers before sending, blocked source=true
  ---
  duration_ms: 4680.347062
  type: 'test'
  ...
# (node:743646) ExperimentalWarning: SQLite is an experimental feature and might change at any time
# (Use `node --trace-warnings ...` to show where the warning was created)
# Subtest: opaque Node seeder delivers invitation and consent after each original author stops
ok 103 - opaque Node seeder delivers invitation and consent after each original author stops
  ---
  duration_ms: 3798.422211
  type: 'test'
  ...
# (node:743876) ExperimentalWarning: SQLite is an experimental feature and might change at any time
# (Use `node --trace-warnings ...` to show where the warning was created)
# Subtest: private notices bind invitation, consent and leave without conferring signing ownership or local admission
ok 104 - private notices bind invitation, consent and leave without conferring signing ownership or local admission
  ---
  duration_ms: 463.345036
  type: 'test'
  ...
# Subtest: invitation result and exact delivery card commit together and survive reopening encrypted SQLite
ok 105 - invitation result and exact delivery card commit together and survive reopening encrypted SQLite
  ---
  duration_ms: 90.519994
  type: 'test'
  ...
# Subtest: issuer quota, duplicate reads and dismissal replay memory stay bounded without changing group state
ok 106 - issuer quota, duplicate reads and dismissal replay memory stay bounded without changing group state
  ---
  duration_ms: 478.513264
  type: 'test'
  ...
# Subtest: finite notice history retires oldest entries without making a replay local consent
ok 107 - finite notice history retires oldest entries without making a replay local consent
  ---
  duration_ms: 6171.155337
  type: 'test'
  ...
# Subtest: authenticated malformed notice metadata aborts the outer transaction even if its error is caught
ok 108 - authenticated malformed notice metadata aborts the outer transaction even if its error is caught
  ---
  duration_ms: 118.947653
  type: 'test'
  ...
# Subtest: failed dismissal cannot lose an invitation when the caller swallows the write error
ok 109 - failed dismissal cannot lose an invitation when the caller swallows the write error
  ---
  duration_ms: 102.862094
  type: 'test'
  ...
# (node:745008) ExperimentalWarning: SQLite is an experimental feature and might change at any time
# (Use `node --trace-warnings ...` to show where the warning was created)
# Subtest: missing private proof pauses a valid reserved send without losing availability, then releases its obsolete hold
ok 110 - missing private proof pauses a valid reserved send without losing availability, then releases its obsolete hold
  ---
  duration_ms: 1430.416658
  type: 'test'
  ...
# Subtest: runtime closure persists the minimal stop without rewriting the private document and releases only automatic protection
ok 111 - runtime closure persists the minimal stop without rewriting the private document and releases only automatic protection
  ---
  duration_ms: 1304.592222
  type: 'test'
  ...
# Subtest: runtime group stop and closure recover together after rollback
ok 112 - runtime group stop and closure recover together after rollback
  ---
  duration_ms: 875.501328
  type: 'test'
  ...
# Subtest: runtime group stop and closure recover together after lost commit response
ok 113 - runtime group stop and closure recover together after lost commit response
  ---
  duration_ms: 714.520258
  type: 'test'
  ...
# Subtest: full normal database quota still commits a group stop while the ordinary growth control fails
ok 114 - full normal database quota still commits a group stop while the ordinary growth control fails
  ---
  duration_ms: 1788.799702
  type: 'test'
  ...
# Subtest: forged stop mirror, mismatched binding and orphan stop all fail authenticated reopening
    # Subtest: mirror
    ok 1 - mirror
      ---
      duration_ms: 654.257163
      type: 'test'
      ...
    # Subtest: binding
    ok 2 - binding
      ---
      duration_ms: 771.514646
      type: 'test'
      ...
    # Subtest: orphan
    ok 3 - orphan
      ---
      duration_ms: 775.964248
      type: 'test'
      ...
    1..3
ok 115 - forged stop mirror, mismatched binding and orphan stop all fail authenticated reopening
  ---
  duration_ms: 2203.058837
  type: 'test'
  ...
# Subtest: bounded stopped entries coexist with 128 new pending operations; half bindings and extra fields fail
ok 116 - bounded stopped entries coexist with 128 new pending operations; half bindings and extra fields fail
  ---
  duration_ms: 685.061487
  type: 'test'
  ...
# Subtest: a restrictive prefix with an invalid tail stops the runtime intent in its accepted transaction
ok 117 - a restrictive prefix with an invalid tail stops the runtime intent in its accepted transaction
  ---
  duration_ms: 746.408666
  type: 'test'
  ...
# Subtest: stop retirement and removal of the corresponding intent share a private commit
ok 118 - stop retirement and removal of the corresponding intent share a private commit
  ---
  duration_ms: 1054.692961
  type: 'test'
  ...
# Subtest: runtime stop cancels its existing transport queue
ok 119 - runtime stop cancels its existing transport queue
  ---
  duration_ms: 1162.272861
  type: 'test'
  ...
# Subtest: runtime negative control delivers its existing transport queue
ok 120 - runtime negative control delivers its existing transport queue
  ---
  duration_ms: 1082.83306
  type: 'test'
  ...
# Subtest: real TCP cache request checks active author authority even after delivery completed
ok 121 - real TCP cache request checks active author authority even after delivery completed
  ---
  duration_ms: 1604.431253
  type: 'test'
  ...
# Subtest: real TCP cache request checks closed author authority even after delivery completed
ok 122 - real TCP cache request checks closed author authority even after delivery completed
  ---
  duration_ms: 1573.399132
  type: 'test'
  ...
# Subtest: real TCP cache request checks locked author authority even after delivery completed
ok 123 - real TCP cache request checks locked author authority even after delivery completed
  ---
  duration_ms: 1304.485362
  type: 'test'
  ...
# (node:747547) ExperimentalWarning: SQLite is an experimental feature and might change at any time
# (Use `node --trace-warnings ...` to show where the warning was created)
# Subtest: repeated authority reads share verified checkpoint work only inside an unchanged transaction
ok 124 - repeated authority reads share verified checkpoint work only inside an unchanged transaction
  ---
  duration_ms: 69.251247
  type: 'test'
  ...
# Subtest: a write after a cached read revalidates corruption and aborts the outer transaction
ok 125 - a write after a cached read revalidates corruption and aborts the outer transaction
  ---
  duration_ms: 38.911094
  type: 'test'
  ...
# Subtest: a closure in the same authority scope invalidates an earlier active view
ok 126 - a closure in the same authority scope invalidates an earlier active view
  ---
  duration_ms: 70.714481
  type: 'test'
  ...
# Subtest: a cached checkpoint cannot hide deletion of its referenced epoch: proof
ok 127 - a cached checkpoint cannot hide deletion of its referenced epoch: proof
  ---
  duration_ms: 37.539312
  type: 'test'
  ...
# Subtest: a cached checkpoint cannot hide deletion of its referenced snapshot: proof
ok 128 - a cached checkpoint cannot hide deletion of its referenced snapshot: proof
  ---
  duration_ms: 42.031564
  type: 'test'
  ...
# Subtest: the scoped checkpoint work cache evicts old groups instead of retaining every read
ok 129 - the scoped checkpoint work cache evicts old groups instead of retaining every read
  ---
  duration_ms: 176.10718
  type: 'test'
  ...
# (node:747583) ExperimentalWarning: SQLite is an experimental feature and might change at any time
# (Use `node --trace-warnings ...` to show where the warning was created)
# Subtest: creator state is encrypted, permanent and idempotent while its operation is retained
ok 130 - creator state is encrypted, permanent and idempotent while its operation is retained
  ---
  duration_ms: 79.388474
  type: 'test'
  ...
# Subtest: explicit invitation needs complete ancestry and fresh consent before local membership
ok 131 - explicit invitation needs complete ancestry and fresh consent before local membership
  ---
  duration_ms: 351.408298
  type: 'test'
  ...
# Subtest: unknown groups, invalid signer and signed orphan hints cannot allocate, advance or freeze authority
ok 132 - unknown groups, invalid signer and signed orphan hints cannot allocate, advance or freeze authority
  ---
  duration_ms: 97.469815
  type: 'test'
  ...
# Subtest: an incumbent cannot skip an invalid intermediate membership snapshot
ok 133 - an incumbent cannot skip an invalid intermediate membership snapshot
  ---
  duration_ms: 189.164952
  type: 'test'
  ...
# Subtest: creator equivocation freezes durably; stale hints do not choose or erase a branch
ok 134 - creator equivocation freezes durably; stale hints do not choose or erase a branch
  ---
  duration_ms: 152.421352
  type: 'test'
  ...
# Subtest: local leave survives restart and old consent replay; reentry requires a new committed nonce
ok 135 - local leave survives restart and old consent replay; reentry requires a new committed nonce
  ---
  duration_ms: 719.309528
  type: 'test'
  ...
# Subtest: a late join response cannot restore membership across a subsequent removal
ok 136 - a late join response cannot restore membership across a subsequent removal
  ---
  duration_ms: 292.011235
  type: 'test'
  ...
# Subtest: storage pressure persists a stop checkpoint instead of using an obsolete roster
ok 137 - storage pressure persists a stop checkpoint instead of using an obsolete roster
  ---
  duration_ms: 88.413224
  type: 'test'
  ...
# Subtest: closure and a stale expected parent cannot create a successor or bypass idempotency
ok 138 - closure and a stale expected parent cannot create a successor or bypass idempotency
  ---
  duration_ms: 154.023396
  type: 'test'
  ...
# Subtest: 64 remembered groups are retained; capacity is not reset by closing them
ok 139 - 64 remembered groups are retained; capacity is not reset by closing them
  ---
  duration_ms: 1719.032287
  type: 'test'
  ...
# Subtest: two real creator processes use compare-and-set and cannot commit siblings in one registry
ok 140 - two real creator processes use compare-and-set and cannot commit siblings in one registry
  ---
  duration_ms: 252.707676
  type: 'test'
  ...
# Subtest: real process crashes preserve atomic authority and the original operation after a lost response
ok 141 - real process crashes preserve atomic authority and the original operation after a lost response
  ---
  duration_ms: 383.076993
  type: 'test'
  ...
# Subtest: later snapshots wait for a missing intermediate state and activate after its verified arrival
ok 142 - later snapshots wait for a missing intermediate state and activate after its verified arrival
  ---
  duration_ms: 573.707863
  type: 'test'
  ...
# Subtest: capacity recovery adopts the exact stopped header and still needs its private state
ok 143 - capacity recovery adopts the exact stopped header and still needs its private state
  ---
  duration_ms: 167.101806
  type: 'test'
  ...
# Subtest: snapshot capacity stops survive restart; freeing space alone cannot reactivate membership
ok 144 - snapshot capacity stops survive restart; freeing space alone cannot reactivate membership
  ---
  duration_ms: 155.18326
  type: 'test'
  ...
# Subtest: a real sibling proof during capacity suspension freezes permanently and is retrievable
ok 145 - a real sibling proof during capacity suspension freezes permanently and is retrievable
  ---
  duration_ms: 114.824001
  type: 'test'
  ...
# Subtest: finite operation retention follows authenticated revisions and leaves group proofs intact
ok 146 - finite operation retention follows authenticated revisions and leaves group proofs intact
  ---
  duration_ms: 4486.489042
  type: 'test'
  ...
# Subtest: authenticated but malformed authority records fail closed instead of trusting falsy fields or cursors
ok 147 - authenticated but malformed authority records fail closed instead of trusting falsy fields or cursors
  ---
  duration_ms: 125.628247
  type: 'test'
  ...
# Subtest: corrupt retained operation cannot fabricate a successful response
ok 148 - corrupt retained operation cannot fabricate a successful response
  ---
  duration_ms: 25.339318
  type: 'test'
  ...
# Subtest: local leave and creator closure remain durable under full ordinary metadata capacity
ok 149 - local leave and creator closure remain durable under full ordinary metadata capacity
  ---
  duration_ms: 362.764259
  type: 'test'
  ...
# Subtest: a malformed trailing proof cannot roll back an already verified removal in the same page
ok 150 - a malformed trailing proof cannot roll back an already verified removal in the same page
  ---
  duration_ms: 342.012281
  type: 'test'
  ...
# Subtest: the declared maximum checkpoints and stop receipts fit the reserved SQLite budget
ok 151 - the declared maximum checkpoints and stop receipts fit the reserved SQLite budget
  ---
  duration_ms: 171.394273
  type: 'test'
  ...
# Subtest: retirement rechecks every operation signature after caching a group in the same transaction
ok 152 - retirement rechecks every operation signature after caching a group in the same transaction
  ---
  duration_ms: 4308.969475
  type: 'test'
  ...
# (node:748226) ExperimentalWarning: SQLite is an experimental feature and might change at any time
# (Use `node --trace-warnings ...` to show where the warning was created)
# Subtest: authenticated Node group management persists membership and restrictive proofs
ok 153 - authenticated Node group management persists membership and restrictive proofs
  ---
  duration_ms: 2914.799775
  type: 'test'
  ...
# Subtest: group API recovers a committed command whose response was lost without creating a second group
ok 154 - group API recovers a committed command whose response was lost without creating a second group
  ---
  duration_ms: 247.155467
  type: 'test'
  ...
# (node:748390) ExperimentalWarning: SQLite is an experimental feature and might change at any time
# (Use `node --trace-warnings ...` to show where the warning was created)
# Subtest: group send intent rollback has no transport side effect
ok 155 - group send intent rollback has no transport side effect
  ---
  duration_ms: 1405.36542
  type: 'test'
  ...
# Subtest: group send intent lost response has no transport side effect
ok 156 - group send intent lost response has no transport side effect
  ---
  duration_ms: 1706.743767
  type: 'test'
  ...
# Subtest: group send recovers original stored bytes after ready rollback
ok 157 - group send recovers original stored bytes after ready rollback
  ---
  duration_ms: 2067.375769
  type: 'test'
  ...
# Subtest: group send recovers original stored bytes after lost ready response
ok 158 - group send recovers original stored bytes after lost ready response
  ---
  duration_ms: 2009.946906
  type: 'test'
  ...
# Subtest: a reported content-store failure cannot leak the new group packet or silently create another ID
ok 159 - a reported content-store failure cannot leak the new group packet or silently create another ID
  ---
  duration_ms: 1762.782923
  type: 'test'
  ...
# Subtest: actual group send APIs create durable encrypted text, attachment and reply over TCP without global contacts
ok 160 - actual group send APIs create durable encrypted text, attachment and reply over TCP without global contacts
  ---
  duration_ms: 4073.89057
  type: 'test'
  ...
# Subtest: new group sends require current head and exact snapshot audience; retained operation remains immutable
ok 161 - new group sends require current head and exact snapshot audience; retained operation remains immutable
  ---
  duration_ms: 2881.668799
  type: 'test'
  ...
# (node:751038) ExperimentalWarning: SQLite is an experimental feature and might change at any time
# (Use `node --trace-warnings ...` to show where the warning was created)
# Subtest: encrypted metadata survives close/reopen; uncommitted work and transaction handles cannot escape
ok 162 - encrypted metadata survives close/reopen; uncommitted work and transaction handles cannot escape
  ---
  duration_ms: 32.43958
  type: 'test'
  ...
# Subtest: absence, truncation, wrong identity, wrong signing authority and extra SQL schema fail closed
ok 163 - absence, truncation, wrong identity, wrong signing authority and extra SQL schema fail closed
  ---
  duration_ms: 21.65465
  type: 'test'
  ...
# Subtest: unknown schema cannot hide behind a similar SQLite prefix
ok 164 - unknown schema cannot hide behind a similar SQLite prefix
  ---
  duration_ms: 16.036386
  type: 'test'
  ...
# Subtest: valid encryption with only the reading key cannot forge a locally signed fence
ok 165 - valid encryption with only the reading key cannot forge a locally signed fence
  ---
  duration_ms: 27.29285
  type: 'test'
  ...
# Subtest: checkpoint corruption, deletion, wrong SQL type and oversize are rejected before trusting state
ok 166 - checkpoint corruption, deletion, wrong SQL type and oversize are rejected before trusting state
  ---
  duration_ms: 44.967879
  type: 'test'
  ...
# Subtest: complete valid backup rollback is an explicit limitation; a pinned different registry is rejected
ok 167 - complete valid backup rollback is an explicit limitation; a pinned different registry is rejected
  ---
  duration_ms: 29.735821
  type: 'test'
  ...
# Subtest: ciphertext substitution, swallowed integrity errors and stale index replay cannot change a committed record
ok 168 - ciphertext substitution, swallowed integrity errors and stale index replay cannot change a committed record
  ---
  duration_ms: 35.446107
  type: 'test'
  ...
# Subtest: a replacement callback error cannot erase an observed integrity failure
ok 169 - a replacement callback error cannot erase an observed integrity failure
  ---
  duration_ms: 23.390224
  type: 'test'
  ...
# Subtest: record AAD binds logical key and revision even beneath a freshly signed index
ok 170 - record AAD binds logical key and revision even beneath a freshly signed index
  ---
  duration_ms: 26.397091
  type: 'test'
  ...
# Subtest: ordinary metadata cannot consume the checkpoint reserve; capacity failure is atomic
ok 171 - ordinary metadata cannot consume the checkpoint reserve; capacity failure is atomic
  ---
  duration_ms: 24.442557
  type: 'test'
  ...
# Subtest: abrupt writer process death rolls back staged SQL and preserves the last authenticated checkpoint
ok 172 - abrupt writer process death rolls back staged SQL and preserves the last authenticated checkpoint
  ---
  duration_ms: 117.30374
  type: 'test'
  ...
# Subtest: two actual writer processes serialize read-modify-write without losing updates
ok 173 - two actual writer processes serialize read-modify-write without losing updates
  ---
  duration_ms: 271.328718
  type: 'test'
  ...
# (node:751084) ExperimentalWarning: SQLite is an experimental feature and might change at any time
# (Use `node --trace-warnings ...` to show where the warning was created)
# Subtest: control store failures still consume the bounded publication budget
ok 174 - control store failures still consume the bounded publication budget
  ---
  duration_ms: 793.392124
  type: 'test'
  ...
# Subtest: control transport failures still consume the bounded publication budget
ok 175 - control transport failures still consume the bounded publication budget
  ---
  duration_ms: 754.516937
  type: 'test'
  ...
# Subtest: network responses obey the producer cache quota without evicting pinned controls
ok 176 - network responses obey the producer cache quota without evicting pinned controls
  ---
  duration_ms: 1364.429811
  type: 'test'
  ...
# Subtest: real wire delivers newest snapshot before missing predecessors and projects the verified newest title
ok 177 - real wire delivers newest snapshot before missing predecessors and projects the verified newest title
  ---
  duration_ms: 2628.779823
  type: 'test'
  ...
# Subtest: available encrypted controls replay before a locked member can retry or sign after removal
ok 178 - available encrypted controls replay before a locked member can retry or sign after removal
  ---
  duration_ms: 3490.035583
  type: 'test'
  ...
# Subtest: Node control requests recover lost responses and revalidate authority on identical retries
ok 179 - Node control requests recover lost responses and revalidate authority on identical retries
  ---
  duration_ms: 13298.198127
  type: 'test'
  ...
# Subtest: real Node control proofs heal a partition from another member after creator stops
ok 180 - real Node control proofs heal a partition from another member after creator stops
  ---
  duration_ms: 8309.365111
  type: 'test'
  ...
# Subtest: Node control proofs traverse TCP and serial PTYs, with partition, relay-off and offline opaque seeder controls
ok 181 - Node control proofs traverse TCP and serial PTYs, with partition, relay-off and offline opaque seeder controls
  ---
  duration_ms: 10084.07718
  type: 'test'
  ...
# Subtest: real Node peers synchronise epoch snapshots and closure without HTTP proof transfer after setup
ok 182 - real Node peers synchronise epoch snapshots and closure without HTTP proof transfer after setup
  ---
  duration_ms: 2263.06395
  type: 'test'
  ...
# Subtest: remembered invitation fetches paginated public ancestry automatically but no pre-join private snapshot
ok 183 - remembered invitation fetches paginated public ancestry automatically but no pre-join private snapshot
  ---
  duration_ms: 8012.082491
  type: 'test'
  ...
# (node:753821) ExperimentalWarning: SQLite is an experimental feature and might change at any time
# (Use `node --trace-warnings ...` to show where the warning was created)
# Subtest: group and private document share one commit; callback rollback and expired scopes cannot leak writes
ok 184 - group and private document share one commit; callback rollback and expired scopes cannot leak writes
  ---
  duration_ms: 103.033254
  type: 'test'
  ...
# Subtest: swallowing a scoped operation failure cannot commit earlier group or private writes
ok 185 - swallowing a scoped operation failure cannot commit earlier group or private writes
  ---
  duration_ms: 48.293695
  type: 'test'
  ...
# Subtest: a verified closure and private decision commit despite a rejected proof tail
ok 186 - a verified closure and private decision commit despite a rejected proof tail
  ---
  duration_ms: 86.220583
  type: 'test'
  ...
# Subtest: even swallowing the entire authority scope error cannot commit the outer transaction
ok 187 - even swallowing the entire authority scope error cannot commit the outer transaction
  ---
  duration_ms: 39.171081
  type: 'test'
  ...
# Subtest: minimal authority fence commits at full ordinary quota without growing the private document
ok 188 - minimal authority fence commits at full ordinary quota without growing the private document
  ---
  duration_ms: 105.186732
  type: 'test'
  ...
# Subtest: three processes TCP → serial PTY, partition/heal, relay control and publisher-offline seeder takeover
ok 189 - three processes TCP → serial PTY, partition/heal, relay control and publisher-offline seeder takeover
  ---
  duration_ms: 9448.539604
  type: 'test'
  ...
# Subtest: a delayed fixture client submits a non-idempotent operation once after the server closes idle HTTP sockets
ok 190 - a delayed fixture client submits a non-idempotent operation once after the server closes idle HTTP sockets
  ---
  duration_ms: 6922.886021
  type: 'test'
  ...
# Subtest: language variants resolve to supported choices and invalid selection preserves the current language
ok 191 - language variants resolve to supported choices and invalid selection preserves the current language
  ---
  duration_ms: 0.854371
  type: 'test'
  ...
# Subtest: context and interpolation preserve raw names without recursively translating parameters
ok 192 - context and interpolation preserve raw names without recursively translating parameters
  ---
  duration_ms: 0.276188
  type: 'test'
  ...
# Subtest: every catalog entry is unique, nonempty and retains all named parameters in both languages
ok 193 - every catalog entry is unique, nonempty and retains all named parameters in both languages
  ---
  duration_ms: 6.926026
  type: 'test'
  ...
# Subtest: literal UI lookups and state-label maps all have catalog entries
ok 194 - literal UI lookups and state-label maps all have catalog entries
  ---
  duration_ms: 186.549999
  type: 'test'
  ...
# Subtest: real processes: private conversation, receipt, unauthorized edit, social and restart recovery
ok 195 - real processes: private conversation, receipt, unauthorized edit, social and restart recovery
  ---
  duration_ms: 1580.656008
  type: 'test'
  ...
# Subtest: offline control rejects a live origin and proves socket refusal after normal and signal termination
ok 196 - offline control rejects a live origin and proves socket refusal after normal and signal termination
  ---
  duration_ms: 535.127499
  type: 'test'
  ...
# (node:754984) ExperimentalWarning: SQLite is an experimental feature and might change at any time
# (Use `node --trace-warnings ...` to show where the warning was created)
# (node:754984) ExperimentalWarning: The MockTimers API is an experimental feature and might change at any time
# Subtest: offline send is encrypted, pinned, idempotent and recovers the same operation after restart
ok 197 - offline send is encrypted, pinned, idempotent and recovers the same operation after restart
  ---
  duration_ms: 271.154983
  type: 'test'
  ...
# Subtest: preparing journal reconciles surviving exact bytes and never regenerates missing content
ok 198 - preparing journal reconciles surviving exact bytes and never regenerates missing content
  ---
  duration_ms: 172.991969
  type: 'test'
  ...
# Subtest: transport rejection after local acceptance stays pending and cannot crash periodic sync
ok 199 - transport rejection after local acceptance stays pending and cannot crash periodic sync
  ---
  duration_ms: 184.617555
  type: 'test'
  ...
# Subtest: per-reader signed delivery/read confirmations survive paging, replay, eviction and restart
ok 200 - per-reader signed delivery/read confirmations survive paging, replay, eviction and restart
  ---
  duration_ms: 1455.50218
  type: 'test'
  ...
# Subtest: public, foreign-author and wrong-reader confirmations cannot advance a durable send
ok 201 - public, foreign-author and wrong-reader confirmations cannot advance a durable send
  ---
  duration_ms: 224.676932
  type: 'test'
  ...
# Subtest: expiry remains visible after payload removal and explicit user pin is preserved
ok 202 - expiry remains visible after payload removal and explicit user pin is preserved
  ---
  duration_ms: 278.936091
  type: 'test'
  ...
# Subtest: corrupted reserved bytes become unavailable without a new signed publication
ok 203 - corrupted reserved bytes become unavailable without a new signed publication
  ---
  duration_ms: 167.570103
  type: 'test'
  ...
# Subtest: blocked incomplete sends retain bounded reservation; blocked group readers do not break viewing
ok 204 - blocked incomplete sends retain bounded reservation; blocked group readers do not break viewing
  ---
  duration_ms: 355.500961
  type: 'test'
  ...
# Subtest: pending count/byte reservations and restored metadata ownership are bounded
ok 205 - pending count/byte reservations and restored metadata ownership are bounded
  ---
  duration_ms: 176.048911
  type: 'test'
  ...
# Subtest: a content-file directory flush error preserves the recorded operation instead of signing a replacement
ok 206 - a content-file directory flush error preserves the recorded operation instead of signing a replacement
  ---
  duration_ms: 146.678064
  type: 'test'
  ...
# Subtest: incoming read confirmation is journalled before its admission evicts the original
ok 207 - incoming read confirmation is journalled before its admission evicts the original
  ---
  duration_ms: 191.117743
  type: 'test'
  ...
# Subtest: read confirmation uses the signed roster when contact learning fails and can be reissued after eviction
ok 208 - read confirmation uses the signed roster when contact learning fails and can be reissued after eviction
  ---
  duration_ms: 163.872751
  type: 'test'
  ...
# Subtest: saved peer connection remains idempotent at capacity without opening another connection
ok 209 - saved peer connection remains idempotent at capacity without opening another connection
  ---
  duration_ms: 123.030677
  type: 'test'
  ...
# Subtest: snapshot crossing expiry during journal persistence keeps state and reservation consistent
ok 210 - snapshot crossing expiry during journal persistence keeps state and reservation consistent
  ---
  duration_ms: 1666.531474
  type: 'test'
  ...
# Subtest: snapshot crossing expiry during journal persistence keeps send and reservation consistent
ok 211 - snapshot crossing expiry during journal persistence keeps send and reservation consistent
  ---
  duration_ms: 1668.892511
  type: 'test'
  ...
# Subtest: snapshot crossing expiry during journal persistence keeps retry and reservation consistent
ok 212 - snapshot crossing expiry during journal persistence keeps retry and reservation consistent
  ---
  duration_ms: 1667.471247
  type: 'test'
  ...
# Subtest: an uncertain SQL completion at write 1 recovers the same outbox operation
ok 213 - an uncertain SQL completion at write 1 recovers the same outbox operation
  ---
  duration_ms: 149.714105
  type: 'test'
  ...
# Subtest: an uncertain SQL completion at write 2 recovers the same outbox operation
ok 214 - an uncertain SQL completion at write 2 recovers the same outbox operation
  ---
  duration_ms: 157.310378
  type: 'test'
  ...
# Subtest: outbox preview preserves full astral characters within its UTF-16 budget
ok 215 - outbox preview preserves full astral characters within its UTF-16 budget
  ---
  duration_ms: 0.326272
  type: 'test'
  ...
# (node:755387) ExperimentalWarning: SQLite is an experimental feature and might change at any time
# (Use `node --trace-warnings ...` to show where the warning was created)
# Subtest: legacy semantic failures are rejected before creating a signed migration intent
ok 216 - legacy semantic failures are rejected before creating a signed migration intent
  ---
  duration_ms: 30.6684
  type: 'test'
  ...
# (node:755394) ExperimentalWarning: SQLite is an experimental feature and might change at any time
# (Use `node --trace-warnings ...` to show where the warning was created)
# Subtest: signed initialization binds owner, random store ID and legacy ciphertext across phases
ok 217 - signed initialization binds owner, random store ID and legacy ciphertext across phases
  ---
  duration_ms: 9.764458
  type: 'test'
  ...
# Subtest: a signed intent can pin the exact new store before creation without allowing resets
ok 218 - a signed intent can pin the exact new store before creation without allowing resets
  ---
  duration_ms: 15.028426
  type: 'test'
  ...
# (node:755401) ExperimentalWarning: SQLite is an experimental feature and might change at any time
# (Use `node --trace-warnings ...` to show where the warning was created)
# Subtest: staged import binds the actual legacy ciphertext and committed reopen never falls back
ok 219 - staged import binds the actual legacy ciphertext and committed reopen never falls back
  ---
  duration_ms: 56.77167
  type: 'test'
  ...
# Subtest: existing unbound, missing initialized and wrong-store databases fail without reset
ok 220 - existing unbound, missing initialized and wrong-store databases fail without reset
  ---
  duration_ms: 94.348733
  type: 'test'
  ...
# Subtest: changed legacy source cannot complete a signed preparation
ok 221 - changed legacy source cannot complete a signed preparation
  ---
  duration_ms: 19.628932
  type: 'test'
  ...
# Subtest: transaction wrapper cannot erase initialization or the current private document
ok 222 - transaction wrapper cannot erase initialization or the current private document
  ---
  duration_ms: 34.980194
  type: 'test'
  ...
# Subtest: real process death after prepared initialization boundary preserves resumable private bytes
ok 223 - real process death after prepared initialization boundary preserves resumable private bytes
  ---
  duration_ms: 211.733244
  type: 'test'
  ...
# Subtest: real process death after imported initialization boundary preserves resumable private bytes
ok 224 - real process death after imported initialization boundary preserves resumable private bytes
  ---
  duration_ms: 203.887634
  type: 'test'
  ...
# Subtest: real process death after committed initialization boundary preserves resumable private bytes
ok 225 - real process death after committed initialization boundary preserves resumable private bytes
  ---
  duration_ms: 207.812153
  type: 'test'
  ...
# Subtest: replay of the complete earlier initialization state is an explicit rollback limitation
ok 226 - replay of the complete earlier initialization state is an explicit rollback limitation
  ---
  duration_ms: 70.09473
  type: 'test'
  ...
# (node:755539) ExperimentalWarning: SQLite is an experimental feature and might change at any time
# (Use `node --trace-warnings ...` to show where the warning was created)
# Subtest: one running owner per profile, another profile remains independent, close permits restart
ok 227 - one running owner per profile, another profile remains independent, close permits restart
  ---
  duration_ms: 15.44638
  type: 'test'
  ...
# Subtest: empty initialization can recover but foreign or malformed metadata is refused
ok 228 - empty initialization can recover but foreign or malformed metadata is refused
  ---
  duration_ms: 18.900757
  type: 'test'
  ...
# (node:755585) ExperimentalWarning: SQLite is an experimental feature and might change at any time
# (Use `node --trace-warnings ...` to show where the warning was created)
# Subtest: runtime owns the profile through transport shutdown and rejects stale writes after recovery
ok 229 - runtime owns the profile through transport shutdown and rejects stale writes after recovery
  ---
  duration_ms: 274.943917
  type: 'test'
  ...
# Subtest: constructor failure releases ownership without resetting the existing profile
ok 230 - constructor failure releases ownership without resetting the existing profile
  ---
  duration_ms: 11.001116
  type: 'test'
  ...
# (node:755619) ExperimentalWarning: SQLite is an experimental feature and might change at any time
# (Use `node --trace-warnings ...` to show where the warning was created)
# Subtest: chunked private state is encrypted, persists exactly and shrinks atomically
ok 231 - chunked private state is encrypted, persists exactly and shrinks atomically
  ---
  duration_ms: 87.763385
  type: 'test'
  ...
# Subtest: private state and an authority fence commit together or both roll back, with digest CAS
ok 232 - private state and an authority fence commit together or both roll back, with digest CAS
  ---
  duration_ms: 26.175616
  type: 'test'
  ...
# Subtest: missing, orphan and hash-mismatched chunks fail closed rather than yielding partial state
ok 233 - missing, orphan and hash-mismatched chunks fail closed rather than yielding partial state
  ---
  duration_ms: 63.438009
  type: 'test'
  ...
# Subtest: the full declared private-state byte bound fits while oversize input makes no writes
ok 234 - the full declared private-state byte bound fits while oversize input makes no writes
  ---
  duration_ms: 270.73716
  type: 'test'
  ...
# Subtest: UI runtime selection rejects an ambiguous alias and launches the actual requested engine
ok 235 - UI runtime selection rejects an ambiguous alias and launches the actual requested engine
  ---
  duration_ms: 316.899899
  type: 'test'
  ...
# Subtest: scenario timeout trace preserves the active operation without recording request secrets
ok 236 - scenario timeout trace preserves the active operation without recording request secrets
  ---
  duration_ms: 3.420623
  type: 'test'
  ...
# (node:755689) ExperimentalWarning: SQLite is an experimental feature and might change at any time
# (Use `node --trace-warnings ...` to show where the warning was created)
# Subtest: inbound semantic ACL: forged public receipt/message and private wrong-reader mutation are hidden
ok 237 - inbound semantic ACL: forged public receipt/message and private wrong-reader mutation are hidden
  ---
  duration_ms: 228.866958
  type: 'test'
  ...
# Subtest: malformed unauthenticated HTTP paths return 400; service survives and auth boundary holds
ok 238 - malformed unauthenticated HTTP paths return 400; service survives and auth boundary holds
  ---
  duration_ms: 38.16292
  type: 'test'
  ...
# Subtest: private site draft and local deletion survive cache removal/restart without plaintext on disk
ok 239 - private site draft and local deletion survive cache removal/restart without plaintext on disk
  ---
  duration_ms: 345.060016
  type: 'test'
  ...
# Subtest: relay consent: no application-level cached serving while paused, positive control after enabling
ok 240 - relay consent: no application-level cached serving while paused, positive control after enabling
  ---
  duration_ms: 987.443417
  type: 'test'
  ...
# Subtest: deletion journal survives when publication itself evicts its unpinned original
ok 241 - deletion journal survives when publication itself evicts its unpinned original
  ---
  duration_ms: 164.374822
  type: 'test'
  ...
# Subtest: identity proof rejects small-order signing keys even when the underlying verifier accepts the equation
ok 242 - identity proof rejects small-order signing keys even when the underlying verifier accepts the equation
  ---
  duration_ms: 18.318145
  type: 'test'
  ...
# Subtest: the signing-key profile rejects all reference torsion points and noncanonical aliases without changing its input
ok 243 - the signing-key profile rejects all reference torsion points and noncanonical aliases without changing its input
  ---
  duration_ms: 12.345848
  type: 'test'
  ...
# Subtest: seeded virtual time is reproducible with independently generated secure fixtures
ok 244 - seeded virtual time is reproducible with independently generated secure fixtures
  ---
  duration_ms: 41.811912
  type: 'test'
  ...
# Subtest: loss, MTU fragmentation, partition/heal, low-power transition and SOS-before-bulk
ok 245 - loss, MTU fragmentation, partition/heal, low-power transition and SOS-before-bulk
  ---
  duration_ms: 9.798962
  type: 'test'
  ...
# Subtest: directed bandwidth, latency and MTU produce measurable asymmetric arrival times
ok 246 - directed bandwidth, latency and MTU produce measurable asymmetric arrival times
  ---
  duration_ms: 4.973365
  type: 'test'
  ...
# Subtest: congested bounded queues preserve SOS while bulk is deferred
ok 247 - congested bounded queues preserve SOS while bulk is deferred
  ---
  duration_ms: 6.681527
  type: 'test'
  ...
# Subtest: bounded cache distinguishes pinned exhaustion from unpinned eviction
ok 248 - bounded cache distinguishes pinned exhaustion from unpinned eviction
  ---
  duration_ms: 8.164207
  type: 'test'
  ...
# Subtest: TTL rejects in-flight expiration and retained replay respects the hop limit
ok 249 - TTL rejects in-flight expiration and retained replay respects the hop limit
  ---
  duration_ms: 4.524904
  type: 'test'
  ...
# Subtest: every-fourth-fragment fairness lets bulk advance during SOS pressure
ok 250 - every-fourth-fragment fairness lets bulk advance during SOS pressure
  ---
  duration_ms: 10.568985
  type: 'test'
  ...
# Subtest: real signature/chunk checks pass honest control and detect deliberately broken controls
ok 251 - real signature/chunk checks pass honest control and detect deliberately broken controls
  ---
  duration_ms: 15.753125
  type: 'test'
  ...
# Subtest: simulation rejects invalid transport bounds and complete report gates pass
ok 252 - simulation rejects invalid transport bounds and complete report gates pass
  ---
  duration_ms: 42.181525
  type: 'test'
  ...
# (node:755784) ExperimentalWarning: SQLite is an experimental feature and might change at any time
# (Use `node --trace-warnings ...` to show where the warning was created)
# Subtest: failed application profile commit cannot publish and a failed public copy remains recoverable
ok 253 - failed application profile commit cannot publish and a failed public copy remains recoverable
  ---
  duration_ms: 726.406524
  type: 'test'
  ...
# Subtest: the real application recovers its exact publication after process exit between authorization and public storage
ok 254 - the real application recovers its exact publication after process exit between authorization and public storage
  ---
  duration_ms: 3505.105206
  type: 'test'
  ...
# Subtest: a known newer head without bytes never falls back to an older site, including after profile unlock
ok 255 - a known newer head without bytes never falls back to an older site, including after profile unlock
  ---
  duration_ms: 418.094066
  type: 'test'
  ...
# Subtest: blocking a private-site reader pauses a committed copy and clears the publication error after resumption
ok 256 - blocking a private-site reader pauses a committed copy and clears the publication error after resumption
  ---
  duration_ms: 309.718184
  type: 'test'
  ...
# Subtest: real application APIs preserve revision identity, resolve updates and serve a new reader after the author exits
ok 257 - real application APIs preserve revision identity, resolve updates and serve a new reader after the author exits
  ---
  duration_ms: 1756.753489
  type: 'test'
  ...
# Subtest: private site APIs preserve reading scope and generic publication cannot bypass version authority
ok 258 - private site APIs preserve reading scope and generic publication cannot bypass version authority
  ---
  duration_ms: 1549.063446
  type: 'test'
  ...
# Subtest: a valid outer signature cannot smuggle another owner snapshot into application storage through TCP
ok 259 - a valid outer signature cannot smuggle another owner snapshot into application storage through TCP
  ---
  duration_ms: 802.108807
  type: 'test'
  ...
# Subtest: two installations with the same owner preserve a fork until the owner explicitly confirms all known heads
ok 260 - two installations with the same owner preserve a fork until the owner explicitly confirms all known heads
  ---
  duration_ms: 1446.911583
  type: 'test'
  ...
# (node:756417) ExperimentalWarning: SQLite is an experimental feature and might change at any time
# (Use `node --trace-warnings ...` to show where the warning was created)
# Subtest: actual process interruption at site prepare-before preserves the publication boundary
ok 261 - actual process interruption at site prepare-before preserves the publication boundary
  ---
  duration_ms: 280.101316
  type: 'test'
  ...
# Subtest: actual process interruption at site prepare-after preserves the publication boundary
ok 262 - actual process interruption at site prepare-after preserves the publication boundary
  ---
  duration_ms: 275.425609
  type: 'test'
  ...
# Subtest: actual process interruption at site commit-before preserves the publication boundary
ok 263 - actual process interruption at site commit-before preserves the publication boundary
  ---
  duration_ms: 274.380219
  type: 'test'
  ...
# Subtest: actual process interruption at site commit-after preserves the publication boundary
ok 264 - actual process interruption at site commit-after preserves the publication boundary
  ---
  duration_ms: 281.478137
  type: 'test'
  ...
# Subtest: actual process interruption at site copy preserves the publication boundary
ok 265 - actual process interruption at site copy preserves the publication boundary
  ---
  duration_ms: 285.321012
  type: 'test'
  ...
# (node:756679) ExperimentalWarning: SQLite is an experimental feature and might change at any time
# (Use `node --trace-warnings ...` to show where the warning was created)
# Subtest: site transactions share the real bound application profile without changing its existing private state
ok 266 - site transactions share the real bound application profile without changing its existing private state
  ---
  duration_ms: 96.865872
  type: 'test'
  ...
# (node:756686) ExperimentalWarning: SQLite is an experimental feature and might change at any time
# (Use `node --trace-warnings ...` to show where the warning was created)
# Subtest: catalog atomically persists preparation, authorization and exact public-copy recovery across database restart
ok 267 - catalog atomically persists preparation, authorization and exact public-copy recovery across database restart
  ---
  duration_ms: 161.298075
  type: 'test'
  ...
# Subtest: another signed head appearing before authorization supersedes a private preparation without publishing it
ok 268 - another signed head appearing before authorization supersedes a private preparation without publishing it
  ---
  duration_ms: 78.016661
  type: 'test'
  ...
# Subtest: staging capacity failure cannot leave a catalog entry, partial bundle or changed prior operation
ok 269 - staging capacity failure cannot leave a catalog entry, partial bundle or changed prior operation
  ---
  duration_ms: 68.046288
  type: 'test'
  ...
# Subtest: expired preparations remain recoverable as terminal outcomes without treating the profile as corrupt
ok 270 - expired preparations remain recoverable as terminal outcomes without treating the profile as corrupt
  ---
  duration_ms: 136.492026
  type: 'test'
  ...
# Subtest: public retries recover the exact first envelope; private retries cannot silently change a reading envelope
ok 271 - public retries recover the exact first envelope; private retries cannot silently change a reading envelope
  ---
  duration_ms: 89.956297
  type: 'test'
  ...
# Subtest: repeated verified observations do not rewrite the encrypted catalog
ok 272 - repeated verified observations do not rewrite the encrypted catalog
  ---
  duration_ms: 51.573935
  type: 'test'
  ...
# Subtest: complete declarative snapshots bind a signed revision to the payload and envelope signing owner
ok 273 - complete declarative snapshots bind a signed revision to the payload and envelope signing owner
  ---
  duration_ms: 74.327124
  type: 'test'
  ...
# Subtest: snapshots reject unsigned additions, malformed declarative documents and changed signed payloads
ok 274 - snapshots reject unsigned additions, malformed declarative documents and changed signed payloads
  ---
  duration_ms: 3.703113
  type: 'test'
  ...
# (node:756710) ExperimentalWarning: SQLite is an experimental feature and might change at any time
# (Use `node --trace-warnings ...` to show where the warning was created)
# Subtest: intent commits without a visitor signature; later signing survives reopen with private consent and no public store
ok 275 - intent commits without a visitor signature; later signing survives reopen with private consent and no public store
  ---
  duration_ms: 117.573897
  type: 'test'
  ...
# Subtest: failed transactions and changed policy retain a prepared intent without handing out a signature
ok 276 - failed transactions and changed policy retain a prepared intent without handing out a signature
  ---
  duration_ms: 72.690967
  type: 'test'
  ...
# Subtest: expiry and cancellation keep retired sequence outcomes and never renew a signature
ok 277 - expiry and cancellation keep retired sequence outcomes and never renew a signature
  ---
  duration_ms: 664.585116
  type: 'test'
  ...
# Subtest: private contribution storage refuses missing-stage without resetting an intent
ok 278 - private contribution storage refuses missing-stage without resetting an intent
  ---
  duration_ms: 30.422689
  type: 'test'
  ...
# Subtest: private contribution storage refuses wrong-source without resetting an intent
ok 279 - private contribution storage refuses wrong-source without resetting an intent
  ---
  duration_ms: 31.47417
  type: 'test'
  ...
# Subtest: private contribution storage refuses read-key without resetting an intent
ok 280 - private contribution storage refuses read-key without resetting an intent
  ---
  duration_ms: 24.454499
  type: 'test'
  ...
# Subtest: real abrupt process exit before-intent-commit preserves the intent and fixed certificate identity
ok 281 - real abrupt process exit before-intent-commit preserves the intent and fixed certificate identity
  ---
  duration_ms: 246.105227
  type: 'test'
  ...
# Subtest: real abrupt process exit after-intent preserves the intent and fixed certificate identity
ok 282 - real abrupt process exit after-intent preserves the intent and fixed certificate identity
  ---
  duration_ms: 240.542828
  type: 'test'
  ...
# Subtest: real abrupt process exit after-signature preserves the intent and fixed certificate identity
ok 283 - real abrupt process exit after-signature preserves the intent and fixed certificate identity
  ---
  duration_ms: 265.263076
  type: 'test'
  ...
# Subtest: preparation quota failure rolls back stage and sequence before any signature exists
ok 284 - preparation quota failure rolls back stage and sequence before any signature exists
  ---
  duration_ms: 78.324438
  type: 'test'
  ...
# Subtest: a proposal expiring during the policy check cannot commit a new signature
ok 285 - a proposal expiring during the policy check cannot commit a new signature
  ---
  duration_ms: 36.349431
  type: 'test'
  ...
# Subtest: form query is a copied closed locator, never executable input or caller-supplied permission
ok 286 - form query is a copied closed locator, never executable input or caller-supplied permission
  ---
  duration_ms: 1.035421
  type: 'test'
  ...
# Subtest: real snapshot lookup authenticates author, reader access and visitor policy without returning table rows
ok 287 - real snapshot lookup authenticates author, reader access and visitor policy without returning table rows
  ---
  duration_ms: 109.923212
  type: 'test'
  ...
# Subtest: private proposal envelope binds actual author, exactly two logical readers and the original certificate deadline
ok 288 - private proposal envelope binds actual author, exactly two logical readers and the original certificate deadline
  ---
  duration_ms: 87.588148
  type: 'test'
  ...
# Subtest: Node, portable and real Go inbox transitions agree on replay, finite retention, conflicts and quotas
ok 289 - Node, portable and real Go inbox transitions agree on replay, finite retention, conflicts and quotas
  ---
  duration_ms: 1497.052031
  type: 'test'
  ...
# (node:757272) ExperimentalWarning: SQLite is an experimental feature and might change at any time
# (Use `node --trace-warnings ...` to show where the warning was created)
# Subtest: private inbox preserves verified source and proposal across reopening, separately from sender staging
ok 290 - private inbox preserves verified source and proposal across reopening, separately from sender staging
  ---
  duration_ms: 129.202829
  type: 'test'
  ...
# Subtest: repackaging is idempotent and a conflicting visitor UUID cannot replace the original candidate
ok 291 - repackaging is idempotent and a conflicting visitor UUID cannot replace the original candidate
  ---
  duration_ms: 97.675369
  type: 'test'
  ...
# Subtest: an interrupted admission/source transaction rolls back without losing the earlier proof
ok 292 - an interrupted admission/source transaction rolls back without losing the earlier proof
  ---
  duration_ms: 65.291253
  type: 'test'
  ...
# Subtest: expiry removes private payloads but keeps replay metadata for the bounded retention window
ok 293 - expiry removes private payloads but keeps replay metadata for the bounded retention window
  ---
  duration_ms: 77.651237
  type: 'test'
  ...
# Subtest: unreadable/public proposals, wrong source and revoked policy never become verified candidates
ok 294 - unreadable/public proposals, wrong source and revoked policy never become verified candidates
  ---
  duration_ms: 74.534313
  type: 'test'
  ...
# Subtest: tampered retained evidence is an integrity failure, never repaired into a new proposal
ok 295 - tampered retained evidence is an integrity failure, never repaired into a new proposal
  ---
  duration_ms: 52.556197
  type: 'test'
  ...
# Subtest: journal quotas preserve pending entries and conflict floods have bounded descriptors and writes
ok 296 - journal quotas preserve pending entries and conflict floods have bounded descriptors and writes
  ---
  duration_ms: 129.799418
  type: 'test'
  ...
# Subtest: explicit dismissal is atomic, releases only selected proof quota and survives replay/reopen
ok 297 - explicit dismissal is atomic, releases only selected proof quota and survives replay/reopen
  ---
  duration_ms: 130.522995
  type: 'test'
  ...
# Subtest: dismissing unverified proposal frees admission quota without evicting other pending proposals
ok 298 - dismissing unverified proposal frees admission quota without evicting other pending proposals
  ---
  duration_ms: 77.837396
  type: 'test'
  ...
# Subtest: dismissal cannot hide corruption in private proof
ok 299 - dismissal cannot hide corruption in private proof
  ---
  duration_ms: 34.03986
  type: 'test'
  ...
# Subtest: owner receipt intent survives dismiss and resumes one exact private envelope after reopen
ok 300 - owner receipt intent survives dismiss and resumes one exact private envelope after reopen
  ---
  duration_ms: 138.109779
  type: 'test'
  ...
# Subtest: owner receipt intent survives expire and resumes one exact private envelope after reopen
ok 301 - owner receipt intent survives expire and resumes one exact private envelope after reopen
  ---
  duration_ms: 129.589184
  type: 'test'
  ...
# Subtest: legacy verified inbox migrates only from retained authenticated source
ok 302 - legacy verified inbox migrates only from retained authenticated source
  ---
  duration_ms: 69.956751
  type: 'test'
  ...
# Subtest: legacy discarded inbox migrates only from retained authenticated source
ok 303 - legacy discarded inbox migrates only from retained authenticated source
  ---
  duration_ms: 66.269137
  type: 'test'
  ...
# Subtest: owner refusal (missing source) persists exact private result through reopen and enforces CAS
ok 304 - owner refusal (missing source) persists exact private result through reopen and enforces CAS
  ---
  duration_ms: 176.746198
  type: 'test'
  ...
# Subtest: owner refusal (verified source) persists exact private result through reopen and enforces CAS
ok 305 - owner refusal (verified source) persists exact private result through reopen and enforces CAS
  ---
  duration_ms: 213.024916
  type: 'test'
  ...
# Subtest: Node, portable crypto and Go agree on visitor proposals, schemas and negative authorization vectors
ok 306 - Node, portable crypto and Go agree on visitor proposals, schemas and negative authorization vectors
  ---
  duration_ms: 576.41071
  type: 'test'
  ...
# Subtest: Node, portable and Go contribution journals agree on canonical requests, retained transitions and rejected corruption
ok 307 - Node, portable and Go contribution journals agree on canonical requests, retained transitions and rejected corruption
  ---
  duration_ms: 1181.759024
  type: 'test'
  ...
# (node:757908) ExperimentalWarning: SQLite is an experimental feature and might change at any time
# (Use `node --trace-warnings ...` to show where the warning was created)
# Subtest: queued source and envelope survive restart while a second preparation uses its own slot
ok 308 - queued source and envelope survive restart while a second preparation uses its own slot
  ---
  duration_ms: 241.796178
  type: 'test'
  ...
# Subtest: queue transaction rollback retains the signed envelope and never frees a preparation early
ok 309 - queue transaction rollback retains the signed envelope and never frees a preparation early
  ---
  duration_ms: 118.801889
  type: 'test'
  ...
# Subtest: queued expiry retires private payload but retains packet identity for cancellation
ok 310 - queued expiry retires private payload but retains packet identity for cancellation
  ---
  duration_ms: 110.888392
  type: 'test'
  ...
# Subtest: 32 pending queues apply backpressure without losing old payloads or the current prepared envelope
ok 311 - 32 pending queues apply backpressure without losing old payloads or the current prepared envelope
  ---
  duration_ms: 2310.909945
  type: 'test'
  ...
# Subtest: missing queued payload is corruption, not an excuse to create new bytes or cancel a different stage
ok 312 - missing queued payload is corruption, not an excuse to create new bytes or cancel a different stage
  ---
  duration_ms: 87.049437
  type: 'test'
  ...
# Subtest: owner reception receipts bind the original proposal and exact private envelope across Node, portable crypto and Go
ok 313 - owner reception receipts bind the original proposal and exact private envelope across Node, portable crypto and Go
  ---
  duration_ms: 680.528879
  type: 'test'
  ...
# Subtest: receipt admission requires exact copied intent, retains cancellation/expiry and never revives a retired operation
ok 314 - receipt admission requires exact copied intent, retains cancellation/expiry and never revives a retired operation
  ---
  duration_ms: 1520.815394
  type: 'test'
  ...
# Subtest: rejection admission requires exact copied intent, retains cancellation/expiry and never revives a retired operation
ok 315 - rejection admission requires exact copied intent, retains cancellation/expiry and never revives a retired operation
  ---
  duration_ms: 1613.969798
  type: 'test'
  ...
# Subtest: owner refusals bind the original proposal and exact private envelope across Node, portable crypto and Go
ok 316 - owner refusals bind the original proposal and exact private envelope across Node, portable crypto and Go
  ---
  duration_ms: 729.64688
  type: 'test'
  ...
# Subtest: declarative form binds all typed columns, preserves zero/false and never executes values
ok 317 - declarative form binds all typed columns, preserves zero/false and never executes values
  ---
  duration_ms: 5.379997
  type: 'test'
  ...
# Subtest: form and value parsing reject active accessors, sparse lists, unknown fields and oversized inputs
ok 318 - form and value parsing reject active accessors, sparse lists, unknown fields and oversized inputs
  ---
  duration_ms: 0.676879
  type: 'test'
  ...
# Subtest: Node visitor signatures verify across adapters but cannot become owner revisions
ok 319 - Node visitor signatures verify across adapters but cannot become owner revisions
  ---
  duration_ms: 67.528668
  type: 'test'
  ...
# Subtest: portable visitor signatures verify across adapters but cannot become owner revisions
ok 320 - portable visitor signatures verify across adapters but cannot become owner revisions
  ---
  duration_ms: 48.809812
  type: 'test'
  ...
# Subtest: site/form/schema/base and the visitor's maximum publication audience are bound independently
ok 321 - site/form/schema/base and the visitor's maximum publication audience are bound independently
  ---
  duration_ms: 11.810253
  type: 'test'
  ...
# Subtest: expiry and clock checks apply to admission, while historical signatures stay verifiable
ok 322 - expiry and clock checks apply to admission, while historical signatures stay verifiable
  ---
  duration_ms: 29.269457
  type: 'test'
  ...
# Subtest: private submission remains encrypted even when the visitor consents to later public adoption
ok 323 - private submission remains encrypted even when the visitor consents to later public adoption
  ---
  duration_ms: 10.561291
  type: 'test'
  ...
# Subtest: Node and a real Go process agree on bounded declarative table vectors
ok 324 - Node and a real Go process agree on bounded declarative table vectors
  ---
  duration_ms: 393.883895
  type: 'test'
  ...
# Subtest: signed table projection sorts numeric values, keeps null last, and leaves source bytes unchanged
ok 325 - signed table projection sorts numeric values, keeps null last, and leaves source bytes unchanged
  ---
  duration_ms: 3.113207
  type: 'test'
  ...
# Subtest: literal search never evaluates code or patterns and pagination stays finite on empty and boundary queries
ok 326 - literal search never evaluates code or patterns and pagination stays finite on empty and boundary queries
  ---
  duration_ms: 1.829279
  type: 'test'
  ...
# Subtest: table shape, dates, links, column types and finite limits reject negative controls
ok 327 - table shape, dates, links, column types and finite limits reject negative controls
  ---
  duration_ms: 1.554164
  type: 'test'
  ...
# Subtest: nested getters and noncanonical arrays are rejected before executing accessors
ok 328 - nested getters and noncanonical arrays are rejected before executing accessors
  ---
  duration_ms: 0.476794
  type: 'test'
  ...
# Subtest: table byte quota counts UTF-8 bytes and canonical field names, with both sides of the boundary
ok 329 - table byte quota counts UTF-8 bytes and canonical field names, with both sides of the boundary
  ---
  duration_ms: 2.381094
  type: 'test'
  ...
# Subtest: CSV handles quoted commas, quotes and newlines as literal text without guessing numeric identities
ok 330 - CSV handles quoted commas, quotes and newlines as literal text without guessing numeric identities
  ---
  duration_ms: 1.510231
  type: 'test'
  ...
# Subtest: CSV export neutralises spreadsheet formulas without changing signed table values
ok 331 - CSV export neutralises spreadsheet formulas without changing signed table values
  ---
  duration_ms: 0.351929
  type: 'test'
  ...
# Subtest: typed editing preserves incomplete numbers for validation rather than erasing them
ok 332 - typed editing preserves incomplete numbers for validation rather than erasing them
  ---
  duration_ms: 0.35158
  type: 'test'
  ...
# Subtest: site schema: multipage with nested media and local navigation
ok 333 - site schema: multipage with nested media and local navigation
  ---
  duration_ms: 2.808506
  type: 'test'
  ...
# Subtest: site schema: literal HTML is data, never a block program
ok 334 - site schema: literal HTML is data, never a block program
  ---
  duration_ms: 0.519154
  type: 'test'
  ...
# Subtest: site schema: exact UTF-16 title boundary
ok 335 - site schema: exact UTF-16 title boundary
  ---
  duration_ms: 0.393869
  type: 'test'
  ...
# Subtest: site schema: unknown version
ok 336 - site schema: unknown version
  ---
  duration_ms: 0.981801
  type: 'test'
  ...
# Subtest: site schema: script property
ok 337 - site schema: script property
  ---
  duration_ms: 0.114645
  type: 'test'
  ...
# Subtest: site schema: arbitrary CSS
ok 338 - site schema: arbitrary CSS
  ---
  duration_ms: 0.093806
  type: 'test'
  ...
# Subtest: site schema: CSS URL injection
ok 339 - site schema: CSS URL injection
  ---
  duration_ms: 0.07473
  type: 'test'
  ...
# Subtest: site schema: duplicate pages
ok 340 - site schema: duplicate pages
  ---
  duration_ms: 0.084378
  type: 'test'
  ...
# Subtest: site schema: duplicate slugs
ok 341 - site schema: duplicate slugs
  ---
  duration_ms: 0.249548
  type: 'test'
  ...
# Subtest: site schema: duplicate nested node IDs
ok 342 - site schema: duplicate nested node IDs
  ---
  duration_ms: 0.365775
  type: 'test'
  ...
# Subtest: site schema: path traversal
ok 343 - site schema: path traversal
  ---
  duration_ms: 0.156423
  type: 'test'
  ...
# Subtest: site schema: missing home
ok 344 - site schema: missing home
  ---
  duration_ms: 0.078036
  type: 'test'
  ...
# Subtest: site schema: missing internal target
ok 345 - site schema: missing internal target
  ---
  duration_ms: 0.108694
  type: 'test'
  ...
# Subtest: site schema: javascript URL
ok 346 - site schema: javascript URL
  ---
  duration_ms: 0.101571
  type: 'test'
  ...
# Subtest: site schema: credentials in URL
ok 347 - site schema: credentials in URL
  ---
  duration_ms: 0.087033
  type: 'test'
  ...
# Subtest: site schema: HTTP URL
ok 348 - site schema: HTTP URL
  ---
  duration_ms: 0.081653
  type: 'test'
  ...
# Subtest: site schema: invalid high port
ok 349 - site schema: invalid high port
  ---
  duration_ms: 0.162234
  type: 'test'
  ...
# Subtest: site schema: query URL
ok 350 - site schema: query URL
  ---
  duration_ms: 0.516749
  type: 'test'
  ...
# Subtest: site schema: 13 pages
ok 351 - site schema: 13 pages
  ---
  duration_ms: 0.100338
  type: 'test'
  ...
# Subtest: site schema: 25 siblings
ok 352 - site schema: 25 siblings
  ---
  duration_ms: 0.114124
  type: 'test'
  ...
# Subtest: site schema: four levels
ok 353 - site schema: four levels
  ---
  duration_ms: 0.111248
  type: 'test'
  ...
# Subtest: site schema: 144 total nodes
ok 354 - site schema: 144 total nodes
  ---
  duration_ms: 0.409778
  type: 'test'
  ...
# Subtest: site schema: children on text
ok 355 - site schema: children on text
  ---
  duration_ms: 0.081303
  type: 'test'
  ...
# Subtest: site schema: body limit
ok 356 - site schema: body limit
  ---
  duration_ms: 0.074219
  type: 'test'
  ...
# Subtest: site schema: UTF-16 title overflow
ok 357 - site schema: UTF-16 title overflow
  ---
  duration_ms: 0.068518
  type: 'test'
  ...
# Subtest: site schema: fractional columns
ok 358 - site schema: fractional columns
  ---
  duration_ms: 0.08525
  type: 'test'
  ...
# Subtest: site schema: bad alignment
ok 359 - site schema: bad alignment
  ---
  duration_ms: 0.086081
  type: 'test'
  ...
# Subtest: site schema: missing media
ok 360 - site schema: missing media
  ---
  duration_ms: 0.105508
  type: 'test'
  ...
# Subtest: site schema: out of bounds media
ok 361 - site schema: out of bounds media
  ---
  duration_ms: 0.104346
  type: 'test'
  ...
# Subtest: site schema: SVG media
ok 362 - site schema: SVG media
  ---
  duration_ms: 0.048952
  type: 'test'
  ...
# Subtest: site schema: remote media field
ok 363 - site schema: remote media field
  ---
  duration_ms: 0.095348
  type: 'test'
  ...
# Subtest: site schema: fractional posts limit
ok 364 - site schema: fractional posts limit
  ---
  duration_ms: 0.106389
  type: 'test'
  ...
# Subtest: site schema: large document
ok 365 - site schema: large document
  ---
  duration_ms: 1.0291
  type: 'test'
  ...
# Subtest: site schema: empty composition at third level
ok 366 - site schema: empty composition at third level
  ---
  duration_ms: 0.171933
  type: 'test'
  ...
# Subtest: site schema: unreferenced executable attachment
ok 367 - site schema: unreferenced executable attachment
  ---
  duration_ms: 0.118662
  type: 'test'
  ...
# Subtest: site schema: invalid image base64 length
ok 368 - site schema: invalid image base64 length
  ---
  duration_ms: 0.060343
  type: 'test'
  ...
# Subtest: site schema: valid HTTPS escaped path
ok 369 - site schema: valid HTTPS escaped path
  ---
  duration_ms: 0.192842
  type: 'test'
  ...
# Subtest: site schema: valid HTTPS local IPv4
ok 370 - site schema: valid HTTPS local IPv4
  ---
  duration_ms: 0.248677
  type: 'test'
  ...
# Subtest: site schema: valid HTTPS international path
ok 371 - site schema: valid HTTPS international path
  ---
  duration_ms: 0.137948
  type: 'test'
  ...
# Subtest: site schema: invalid HTTPS percent escape
ok 372 - site schema: invalid HTTPS percent escape
  ---
  duration_ms: 0.088196
  type: 'test'
  ...
# Subtest: site schema: invalid HTTPS dangling percent
ok 373 - site schema: invalid HTTPS dangling percent
  ---
  duration_ms: 0.079429
  type: 'test'
  ...
# Subtest: site schema: invalid HTTPS Unicode whitespace
ok 374 - site schema: invalid HTTPS Unicode whitespace
  ---
  duration_ms: 0.090941
  type: 'test'
  ...
# Subtest: site schema: invalid HTTPS control character
ok 375 - site schema: invalid HTTPS control character
  ---
  duration_ms: 0.112281
  type: 'test'
  ...
# Subtest: site schema: invalid HTTPS IPv4 range
ok 376 - site schema: invalid HTTPS IPv4 range
  ---
  duration_ms: 0.090731
  type: 'test'
  ...
# Subtest: site schema: invalid HTTPS abbreviated IPv4
ok 377 - site schema: invalid HTTPS abbreviated IPv4
  ---
  duration_ms: 0.079509
  type: 'test'
  ...
# Subtest: site schema: invalid HTTPS numeric final DNS label
ok 378 - site schema: invalid HTTPS numeric final DNS label
  ---
  duration_ms: 0.078757
  type: 'test'
  ...
# Subtest: site schema: invalid HTTPS hexadecimal IP alias
ok 379 - site schema: invalid HTTPS hexadecimal IP alias
  ---
  duration_ms: 0.08013
  type: 'test'
  ...
# Subtest: site schema: invalid HTTPS octal IP alias
ok 380 - site schema: invalid HTTPS octal IP alias
  ---
  duration_ms: 0.955441
  type: 'test'
  ...
# Subtest: site schema: valid HTTPS local hostname
ok 381 - site schema: valid HTTPS local hostname
  ---
  duration_ms: 0.195967
  type: 'test'
  ...
# Subtest: site schema: invalid HTTPS hostname label
ok 382 - site schema: invalid HTTPS hostname label
  ---
  duration_ms: 0.097973
  type: 'test'
  ...
# Subtest: site schema: valid HTTPS IDN ASCII hostname
ok 383 - site schema: valid HTTPS IDN ASCII hostname
  ---
  duration_ms: 0.13366
  type: 'test'
  ...
# Subtest: site schema: version 2 typed table
ok 384 - site schema: version 2 typed table
  ---
  duration_ms: 0.626024
  type: 'test'
  ...
# Subtest: site schema: table rejected in version 1
ok 385 - site schema: table rejected in version 1
  ---
  duration_ms: 0.125015
  type: 'test'
  ...
# Subtest: site schema: table missing data
ok 386 - site schema: table missing data
  ---
  duration_ms: 0.138189
  type: 'test'
  ...
# Subtest: site schema: data on non-table block
ok 387 - site schema: data on non-table block
  ---
  duration_ms: 0.143999
  type: 'test'
  ...
# Subtest: site schema: table unknown field
ok 388 - site schema: table unknown field
  ---
  duration_ms: 0.109986
  type: 'test'
  ...
# Subtest: site schema: table repeated row identifier
ok 389 - site schema: table repeated row identifier
  ---
  duration_ms: 0.137258
  type: 'test'
  ...
# Subtest: site schema: table wrong typed number
ok 390 - site schema: table wrong typed number
  ---
  duration_ms: 0.13327
  type: 'test'
  ...
# Subtest: templates satisfy the same wire contract and produce unique block identities
ok 391 - templates satisfy the same wire contract and produce unique block identities
  ---
  duration_ms: 1.77639
  type: 'test'
  ...
# Subtest: site input rejects getters without invoking them
ok 392 - site input rejects getters without invoking them
  ---
  duration_ms: 0.263634
  type: 'test'
  ...
# Subtest: site total image budget is enforced outside the editor
ok 393 - site total image budget is enforced outside the editor
  ---
  duration_ms: 5.918677
  type: 'test'
  ...
# Subtest: image limit counts decoded bytes, including padding at the exact boundary
ok 394 - image limit counts decoded bytes, including padding at the exact boundary
  ---
  duration_ms: 8.189525
  type: 'test'
  ...
# Subtest: individually valid tables also consume the global 128 KiB document budget
ok 395 - individually valid tables also consume the global 128 KiB document budget
  ---
  duration_ms: 9.194348
  type: 'test'
  ...
# Subtest: draft context retains original base and exact pending request across serialisation without transferring ownership
ok 396 - draft context retains original base and exact pending request across serialisation without transferring ownership
  ---
  duration_ms: 1.919659
  type: 'test'
  ...
# Subtest: malformed or ambiguous draft context cannot replace valid private editing metadata
ok 397 - malformed or ambiguous draft context cannot replace valid private editing metadata
  ---
  duration_ms: 0.81049
  type: 'test'
  ...
# Subtest: v4 binds nested and cross-page forms to typed local tables; Node and Go agree on positive/negative document vectors
ok 398 - v4 binds nested and cross-page forms to typed local tables; Node and Go agree on positive/negative document vectors
  ---
  duration_ms: 422.727303
  type: 'test'
  ...
# Subtest: copying a page or a composition rebinds local tables while foreign-page references remain independent
ok 399 - copying a page or a composition rebinds local tables while foreign-page references remain independent
  ---
  duration_ms: 7.012718
  type: 'test'
  ...
# Subtest: v4 schemas remain covered by owner snapshots; unversioned or counterfeit envelopes cannot supply form authority
ok 400 - v4 schemas remain covered by owner snapshots; unversioned or counterfeit envelopes cannot supply form authority
  ---
  duration_ms: 46.737407
  type: 'test'
  ...
# Subtest: versioned sites cross TCP and serial PTY, survive partition/heal and reach a new reader from a consenting offline-author seeder
ok 401 - versioned sites cross TCP and serial PTY, survive partition/heal and reach a new reader from a consenting offline-author seeder
  ---
  duration_ms: 7311.168023
  type: 'test'
  ...
# (node:761117) ExperimentalWarning: SQLite is an experimental feature and might change at any time
# (Use `node --trace-warnings ...` to show where the warning was created)
# Subtest: Node combined owner-outcome batch rotates fairly and retains every pending original envelope
ok 402 - Node combined owner-outcome batch rotates fairly and retains every pending original envelope
  ---
  duration_ms: 1156.737312
  type: 'test'
  ...
# Subtest: Node combined owner-outcome batch charges failed copies and retains every pending original envelope
ok 403 - Node combined owner-outcome batch charges failed copies and retains every pending original envelope
  ---
  duration_ms: 1046.790365
  type: 'test'
  ...
# Subtest: Go receipt and refusal runtime share one rotating copy budget, including real quota failures
ok 404 - Go receipt and refusal runtime share one rotating copy budget, including real quota failures
  ---
  duration_ms: 18123.707791
  type: 'test'
  ...
# {"phase":"compile-only","durationMs":1019,"exitCode":0,"signal":null,"error":null}
# {"phase":"execute","durationMs":17095,"exitCode":0,"signal":null,"error":null}
# Subtest: page duplication preserves the source, shared assets and external links while remapping nested self-links
ok 405 - page duplication preserves the source, shared assets and external links while remapping nested self-links
  ---
  duration_ms: 4.105326
  type: 'test'
  ...
# Subtest: duplicate names/slugs remain bounded and unique with Unicode and the exact page cap
ok 406 - duplicate names/slugs remain bounded and unique with Unicode and the exact page cap
  ---
  duration_ms: 5.636758
  type: 'test'
  ...
# Subtest: page copying accepts exactly 128 nodes and refuses the next node without changing the draft
ok 407 - page copying accepts exactly 128 nodes and refuses the next node without changing the draft
  ---
  duration_ms: 5.773755
  type: 'test'
  ...
# Subtest: reordering preserves page identities, home and links and has no history-changing boundary step
ok 408 - reordering preserves page identities, home and links and has no history-changing boundary step
  ---
  duration_ms: 1.160275
  type: 'test'
  ...
# Subtest: copying is explicit authored content creation in the selected language and never mutates an invalid source
ok 409 - copying is explicit authored content creation in the selected language and never mutates an invalid source
  ---
  duration_ms: 1.32766
  type: 'test'
  ...
# (node:762036) ExperimentalWarning: SQLite is an experimental feature and might change at any time
# (Use `node --trace-warnings ...` to show where the warning was created)
# Subtest: private site staging survives SQLite restart and does not expose signatures to the reading secret
ok 410 - private site staging survives SQLite restart and does not expose signatures to the reading secret
  ---
  duration_ms: 93.752184
  type: 'test'
  ...
# Subtest: private resource staging survives SQLite restart and does not expose signatures to the reading secret
ok 411 - private resource staging survives SQLite restart and does not expose signatures to the reading secret
  ---
  duration_ms: 69.005748
  type: 'test'
  ...
# Subtest: private contribution staging survives SQLite restart and does not expose signatures to the reading secret
ok 412 - private contribution staging survives SQLite restart and does not expose signatures to the reading secret
  ---
  duration_ms: 72.1697
  type: 'test'
  ...
# Subtest: private contribution-inbox staging survives SQLite restart and does not expose signatures to the reading secret
ok 413 - private contribution-inbox staging survives SQLite restart and does not expose signatures to the reading secret
  ---
  duration_ms: 60.251494
  type: 'test'
  ...
# Subtest: private contribution-receipt staging survives SQLite restart and does not expose signatures to the reading secret
ok 414 - private contribution-receipt staging survives SQLite restart and does not expose signatures to the reading secret
  ---
  duration_ms: 62.785294
  type: 'test'
  ...
# Subtest: private staging quota failure aborts all record changes even when its error is caught
ok 415 - private staging quota failure aborts all record changes even when its error is caught
  ---
  duration_ms: 27.174308
  type: 'test'
  ...
# Subtest: private record handles expire at the synchronous transaction boundary
ok 416 - private record handles expire at the synchronous transaction boundary
  ---
  duration_ms: 10.293379
  type: 'test'
  ...
# Subtest: missing and transposed ciphertext are rejected even inside an otherwise authentic outer database
ok 417 - missing and transposed ciphertext are rejected even inside an otherwise authentic outer database
  ---
  duration_ms: 44.482189
  type: 'test'
  ...
# Subtest: node editor keeps one publication after a lost response and process restart; private version recovery preserves readers
ok 418 - node editor keeps one publication after a lost response and process restart; private version recovery preserves readers
  ---
  duration_ms: 1890.632256
  type: 'test'
  ...
# Subtest: node editor rejects stale and changed review bases, and can close a consumed competing attempt without claiming cancellation
ok 419 - node editor rejects stale and changed review bases, and can close a consumed competing attempt without claiming cancellation
  ---
  duration_ms: 2200.04148
  type: 'test'
  ...
# Subtest: node editor never sends before durable draft acknowledgement, keeps unknown submissions frozen, and fences a locked session
ok 420 - node editor never sends before durable draft acknowledgement, keeps unknown submissions frozen, and fences a locked session
  ---
  duration_ms: 973.683378
  type: 'test'
  ...
# Subtest: native editor keeps one publication after a lost response and process restart; private version recovery preserves readers
ok 421 - native editor keeps one publication after a lost response and process restart; private version recovery preserves readers
  ---
  duration_ms: 1277.396443
  type: 'test'
  ...
# Subtest: native editor rejects stale and changed review bases, and can close a consumed competing attempt without claiming cancellation
ok 422 - native editor rejects stale and changed review bases, and can close a consumed competing attempt without claiming cancellation
  ---
  duration_ms: 1963.474516
  type: 'test'
  ...
# Subtest: native editor never sends before durable draft acknowledgement, keeps unknown submissions frozen, and fences a locked session
ok 423 - native editor never sends before durable draft acknowledgement, keeps unknown submissions frozen, and fences a locked session
  ---
  duration_ms: 670.841756
  type: 'test'
  ...
# Subtest: node editor can close an unadmitted request after a late fork changes only its base
ok 424 - node editor can close an unadmitted request after a late fork changes only its base
  ---
  duration_ms: 1691.212909
  type: 'test'
  ...
# Subtest: native editor can close an unadmitted request after a late fork changes only its base
ok 425 - native editor can close an unadmitted request after a late fork changes only its base
  ---
  duration_ms: 1676.311721
  type: 'test'
  ...
# Subtest: node editor can resume an earlier authorized copy without replacing the current draft
ok 426 - node editor can resume an earlier authorized copy without replacing the current draft
  ---
  duration_ms: 6282.239256
  type: 'test'
  ...
# Subtest: native editor can resume an earlier authorized copy without replacing the current draft
ok 427 - native editor can resume an earlier authorized copy without replacing the current draft
  ---
  duration_ms: 3744.694107
  type: 'test'
  ...
# Subtest: receipt journals agree across Node/portable/Go on immutable intent, phases, expiry and source binding
ok 428 - receipt journals agree across Node/portable/Go on immutable intent, phases, expiry and source binding
  ---
  duration_ms: 605.865264
  type: 'test'
  ...
# (node:763570) ExperimentalWarning: SQLite is an experimental feature and might change at any time
# (Use `node --trace-warnings ...` to show where the warning was created)
# Subtest: Node receipt batch rotates fairly and retains every pending original envelope
ok 429 - Node receipt batch rotates fairly and retains every pending original envelope
  ---
  duration_ms: 1384.753084
  type: 'test'
  ...
# Subtest: Node receipt batch charges failed copies and retains every pending original envelope
ok 430 - Node receipt batch charges failed copies and retains every pending original envelope
  ---
  duration_ms: 1175.581743
  type: 'test'
  ...
# Subtest: Go receipt runtime applies the same rotating copy budget, including real quota failures
ok 431 - Go receipt runtime applies the same rotating copy budget, including real quota failures
  ---
  duration_ms: 21408.963677
  type: 'test'
  ...
# {"phase":"compile-only","durationMs":974,"exitCode":0,"signal":null,"error":null}
# {"phase":"execute","durationMs":20427,"exitCode":0,"signal":null,"error":null}
# Subtest: site sequence reservation is not publication; replay is stable and stale bases do not mutate state
ok 432 - site sequence reservation is not publication; replay is stable and stale bases do not mutate state
  ---
  duration_ms: 21.657856
  type: 'test'
  ...
# Subtest: a newer signed observation supersedes an unfinished publication and cannot roll back to older headers
ok 433 - a newer signed observation supersedes an unfinished publication and cannot roll back to older headers
  ---
  duration_ms: 10.447788
  type: 'test'
  ...
# Subtest: retired site operation sequences cannot be replayed as new writes
ok 434 - retired site operation sequences cannot be replayed as new writes
  ---
  duration_ms: 630.517735
  type: 'test'
  ...
# Subtest: a full site history can advance while the latest known header is retained without payloads
ok 435 - a full site history can advance while the latest known header is retained without payloads
  ---
  duration_ms: 680.957963
  type: 'test'
  ...
# Subtest: registry shape and single pending operation limits reject malformed state without invoking getters
ok 436 - registry shape and single pending operation limits reject malformed state without invoking getters
  ---
  duration_ms: 4.926637
  type: 'test'
  ...
# Subtest: equal-sequence signed concurrency changes the base before durable authorization
ok 437 - equal-sequence signed concurrency changes the base before durable authorization
  ---
  duration_ms: 5.107997
  type: 'test'
  ...
# Subtest: committed publication recovery is irreversible and never rolls back a newer signed head
ok 438 - committed publication recovery is irreversible and never rolls back a newer signed head
  ---
  duration_ms: 12.442819
  type: 'test'
  ...
# Subtest: cryptographic memoization is confined to one transition and cannot hide subsequent mutations
ok 439 - cryptographic memoization is confined to one transition and cannot hide subsequent mutations
  ---
  duration_ms: 123.312276
  type: 'test'
  ...
# Subtest: explicit refusal journals agree across Node/portable/Go on immutable intent, phases, expiry and source binding
ok 440 - explicit refusal journals agree across Node/portable/Go on immutable intent, phases, expiry and source binding
  ---
  duration_ms: 637.361866
  type: 'test'
  ...
# (node:765117) ExperimentalWarning: SQLite is an experimental feature and might change at any time
# (Use `node --trace-warnings ...` to show where the warning was created)
# Subtest: logical site publication replays the same public or private result before and after staging retirement
ok 441 - logical site publication replays the same public or private result before and after staging retirement
  ---
  duration_ms: 193.492595
  type: 'test'
  ...
# Subtest: request fingerprints bind exact reading cards, base, lifetime and document consistently across crypto runtimes
ok 442 - request fingerprints bind exact reading cards, base, lifetime and document consistently across crypto runtimes
  ---
  duration_ms: 26.006068
  type: 'test'
  ...
# (node:765124) ExperimentalWarning: SQLite is an experimental feature and might change at any time
# (Use `node --trace-warnings ...` to show where the warning was created)
# Subtest: resource preparation is encrypted, survives reopen and returns the same reference after a lost response
ok 443 - resource preparation is encrypted, survives reopen and returns the same reference after a lost response
  ---
  duration_ms: 80.782077
  type: 'test'
  ...
# Subtest: resource quota failure rolls back counter and signatures, even when caught by an outer caller
ok 444 - resource quota failure rolls back counter and signatures, even when caught by an outer caller
  ---
  duration_ms: 85.017808
  type: 'test'
  ...
# Subtest: a different copy cannot finish an operation or consume its pending signature
ok 445 - a different copy cannot finish an operation or consume its pending signature
  ---
  duration_ms: 30.293997
  type: 'test'
  ...
# Subtest: expired preparation authenticates before disposal and never silently recreates the requested resource
ok 446 - expired preparation authenticates before disposal and never silently recreates the requested resource
  ---
  duration_ms: 1133.073004
  type: 'test'
  ...
# Subtest: a missing stage is corruption and is never interpreted as a fresh catalogue
ok 447 - a missing stage is corruption and is never interpreted as a fresh catalogue
  ---
  duration_ms: 30.106636
  type: 'test'
  ...
# Subtest: real process exit before-commit cannot duplicate or lose the resource creation identity
ok 448 - real process exit before-commit cannot duplicate or lose the resource creation identity
  ---
  duration_ms: 220.879533
  type: 'test'
  ...
# Subtest: real process exit after-commit cannot duplicate or lose the resource creation identity
ok 449 - real process exit after-commit cannot duplicate or lose the resource creation identity
  ---
  duration_ms: 214.474574
  type: 'test'
  ...
# Subtest: real process exit after-copy cannot duplicate or lose the resource creation identity
ok 450 - real process exit after-copy cannot duplicate or lose the resource creation identity
  ---
  duration_ms: 252.952114
  type: 'test'
  ...
# Subtest: real process exit after-ready cannot duplicate or lose the resource creation identity
ok 451 - real process exit after-ready cannot duplicate or lose the resource creation identity
  ---
  duration_ms: 239.708094
  type: 'test'
  ...
# Subtest: v3 accepts bounded optional references and duplicates a page without transferring resource authorship
ok 452 - v3 accepts bounded optional references and duplicates a page without transferring resource authorship
  ---
  duration_ms: 8.945271
  type: 'test'
  ...
# Subtest: Node and Go agree on v3 reference vectors, legacy compatibility and exact resource limits
ok 453 - Node and Go agree on v3 reference vectors, legacy compatibility and exact resource limits
  ---
  duration_ms: 416.449873
  type: 'test'
  ...
# Subtest: reference descriptors reject getters without executing them
ok 454 - reference descriptors reject getters without executing them
  ---
  duration_ms: 0.451737
  type: 'test'
  ...
# Subtest: resource insertion preserves the original filename while bounding a Unicode heading
ok 455 - resource insertion preserves the original filename while bounding a Unicode heading
  ---
  duration_ms: 0.534613
  type: 'test'
  ...
# Subtest: automatic resource checks bound concurrency and retain each authenticated target
ok 456 - automatic resource checks bound concurrency and retain each authenticated target
  ---
  duration_ms: 5.220648
  type: 'test'
  ...
# Subtest: aborting an active view cannot release its real request slot early
ok 457 - aborting an active view cannot release its real request slot early
  ---
  duration_ms: 1.060418
  type: 'test'
  ...
# Subtest: queued cancellation never reaches the runtime and a failed request advances the queue
ok 458 - queued cancellation never reaches the runtime and a failed request advances the queue
  ---
  duration_ms: 0.809638
  type: 'test'
  ...
# Subtest: queue exhaustion preserves admitted checks and already-aborted work never starts
ok 459 - queue exhaustion preserves admitted checks and already-aborted work never starts
  ---
  duration_ms: 0.91188
  type: 'test'
  ...
# Subtest: identical reference checks coalesce only in flight and return independent result objects
ok 460 - identical reference checks coalesce only in flight and return independent result objects
  ---
  duration_ms: 1.535869
  type: 'test'
  ...
# Subtest: reference coalescing separates snapshots, pages and descriptor changes
ok 461 - reference coalescing separates snapshots, pages and descriptor changes
  ---
  duration_ms: 0.844072
  type: 'test'
  ...
# Subtest: one cancelled consumer does not cancel its live sibling; abandoned views cannot be revived
ok 462 - one cancelled consumer does not cancel its live sibling; abandoned views cannot be revived
  ---
  duration_ms: 1.047033
  type: 'test'
  ...
# Subtest: shared-request failures reject every caller and do not become cached success
ok 463 - shared-request failures reject every caller and do not become cached success
  ---
  duration_ms: 1.041413
  type: 'test'
  ...
# Subtest: coalesced observers remain bounded even when they share one runtime request
ok 464 - coalesced observers remain bounded even when they share one runtime request
  ---
  duration_ms: 0.711064
  type: 'test'
  ...
# Subtest: TypeScript and a real Go process agree on resource identity, canonical hashes, boundaries and reading scope
ok 465 - TypeScript and a real Go process agree on resource identity, canonical hashes, boundaries and reading scope
  ---
  duration_ms: 1027.036018
  type: 'test'
  ...
# Subtest: Node and Go agree on creation fingerprints, exact outcomes, retirement and malformed records
ok 466 - Node and Go agree on creation fingerprints, exact outcomes, retirement and malformed records
  ---
  duration_ms: 1293.527577
  type: 'test'
  ...
# Subtest: resource creation retries retain one signed identity and reject UUID reuse with a different request
ok 467 - resource creation retries retain one signed identity and reject UUID reuse with a different request
  ---
  duration_ms: 6.146284
  type: 'test'
  ...
# Subtest: a pending copy holds the slot; only its exact ciphertext may complete it
ok 468 - a pending copy holds the slot; only its exact ciphertext may complete it
  ---
  duration_ms: 3.518116
  type: 'test'
  ...
# Subtest: expired pending work remains a terminal outcome instead of silently signing a replacement
ok 469 - expired pending work remains a terminal outcome instead of silently signing a replacement
  ---
  duration_ms: 2.500227
  type: 'test'
  ...
# Subtest: retirement is bounded by committed sequence and cannot turn an old uncertain retry into new work
ok 470 - retirement is bounded by committed sequence and cannot turn an old uncertain retry into new work
  ---
  duration_ms: 776.421977
  type: 'test'
  ...
# Subtest: staging cannot change creator, size, scope or lifespan; private reader scope must include the owner
ok 471 - staging cannot change creator, size, scope or lifespan; private reader scope must include the owner
  ---
  duration_ms: 1.64262
  type: 'test'
  ...
# Subtest: untrusted local record and request getters are refused without execution
ok 472 - untrusted local record and request getters are refused without execution
  ---
  duration_ms: 0.267592
  type: 'test'
  ...
# (node:765840) ExperimentalWarning: SQLite is an experimental feature and might change at any time
# (Use `node --trace-warnings ...` to show where the warning was created)
# Subtest: resource UI controller recovers a lost committed reply without creating another signature
ok 473 - resource UI controller recovers a lost committed reply without creating another signature
  ---
  duration_ms: 185.826993
  type: 'test'
  ...
# Subtest: resource UI retries an unconfirmed request only on explicit action and with the same UUID and payload
ok 474 - resource UI retries an unconfirmed request only on explicit action and with the same UUID and payload
  ---
  duration_ms: 152.920989
  type: 'test'
  ...
# Subtest: closing a resource UI session fences an in-flight result while the durable library remains recoverable
ok 475 - closing a resource UI session fences an in-flight result while the durable library remains recoverable
  ---
  duration_ms: 154.808477
  type: 'test'
  ...
# Subtest: resource library walks real history beyond the operation journal and retains third-party creators
ok 476 - resource library walks real history beyond the operation journal and retains third-party creators
  ---
  duration_ms: 1354.536992
  type: 'test'
  ...
# Subtest: resource sizes never round a nonempty small file down to zero
ok 477 - resource sizes never round a nonempty small file down to zero
  ---
  duration_ms: 15.941859
  type: 'test'
  ...
# Subtest: a table descriptor pins its complete canonical payload and returns owned data
ok 478 - a table descriptor pins its complete canonical payload and returns owned data
  ---
  duration_ms: 14.102591
  type: 'test'
  ...
# Subtest: verification of real encrypted envelopes precedes descriptor matching; a reader's valid signature cannot replace the referenced author
ok 479 - verification of real encrypted envelopes precedes descriptor matching; a reader's valid signature cannot replace the referenced author
  ---
  duration_ms: 13.19574
  type: 'test'
  ...
# Subtest: files have canonical base64, exact decoded boundaries and no executable rendering type
ok 480 - files have canonical base64, exact decoded boundaries and no executable rendering type
  ---
  duration_ms: 52.858533
  type: 'test'
  ...
# Subtest: a private resource never becomes public by reference and reader sets cannot silently expand
ok 481 - a private resource never becomes public by reference and reader sets cannot silently expand
  ---
  duration_ms: 0.64521
  type: 'test'
  ...
# Subtest: descriptor and nested data getters are refused without access, including reader arrays
ok 482 - descriptor and nested data getters are refused without access, including reader arrays
  ---
  duration_ms: 0.705152
  type: 'test'
  ...
# Subtest: site addresses are stable under display/read-card changes and reject ambiguous input
ok 483 - site addresses are stable under display/read-card changes and reject ambiguous input
  ---
  duration_ms: 45.31528
  type: 'test'
  ...
# Subtest: node signed snapshots bind the exact content and retain ownership when another reader can decrypt
ok 484 - node signed snapshots bind the exact content and retain ownership when another reader can decrypt
  ---
  duration_ms: 11.458223
  type: 'test'
  ...
# Subtest: node orders revisions by signed sequence, reports forks and does not let replay replace a known head
ok 485 - node orders revisions by signed sequence, reports forks and does not let replay replace a known head
  ---
  duration_ms: 11.45674
  type: 'test'
  ...
# Subtest: node rejects malformed certificates without invoking getters and enforces finite history/signature bounds
ok 486 - node rejects malformed certificates without invoking getters and enforces finite history/signature bounds
  ---
  duration_ms: 20.455301
  type: 'test'
  ...
# Subtest: portable signed snapshots bind the exact content and retain ownership when another reader can decrypt
ok 487 - portable signed snapshots bind the exact content and retain ownership when another reader can decrypt
  ---
  duration_ms: 73.755693
  type: 'test'
  ...
# Subtest: portable orders revisions by signed sequence, reports forks and does not let replay replace a known head
ok 488 - portable orders revisions by signed sequence, reports forks and does not let replay replace a known head
  ---
  duration_ms: 101.183267
  type: 'test'
  ...
# Subtest: portable rejects malformed certificates without invoking getters and enforces finite history/signature bounds
ok 489 - portable rejects malformed certificates without invoking getters and enforces finite history/signature bounds
  ---
  duration_ms: 44.012187
  type: 'test'
  ...
# Subtest: Node and portable crypto produce identical snapshot bytes/signatures and verify each other
ok 490 - Node and portable crypto produce identical snapshot bytes/signatures and verify each other
  ---
  duration_ms: 11.410093
  type: 'test'
  ...
# (node:765958) ExperimentalWarning: SQLite is an experimental feature and might change at any time
# (Use `node --trace-warnings ...` to show where the warning was created)
# Subtest: large valid cache produces bounded pages and exact authorized attachments on demand
ok 491 - large valid cache produces bounded pages and exact authorized attachments on demand
  ---
  duration_ms: 4289.640706
  type: 'test'
  ...
# Subtest: received author deletion persists before evicting its original, and denied attachments stay unavailable
ok 492 - received author deletion persists before evicting its original, and denied attachments stay unavailable
  ---
  duration_ms: 164.935535
  type: 'test'
  ...
# Subtest: request tracking is bounded even when transport rejects every broadcast
ok 493 - request tracking is bounded even when transport rejects every broadcast
  ---
  duration_ms: 159.303074
  type: 'test'
  ...
# Subtest: unknown post extension data does not crash or inflate summaries
ok 494 - unknown post extension data does not crash or inflate summaries
  ---
  duration_ms: 302.602533
  type: 'test'
  ...
# Subtest: summary reuse remains bound to verified disk bytes and unlocked identity
ok 495 - summary reuse remains bound to verified disk bytes and unlocked identity
  ---
  duration_ms: 137.14488
  type: 'test'
  ...
# Subtest: collections and following integrate with encrypted persistence and hashed peer retrieval respects read ACL
ok 496 - collections and following integrate with encrypted persistence and hashed peer retrieval respects read ACL
  ---
  duration_ms: 1786.054926
  type: 'test'
  ...
# Subtest: collection create, rename, add, remove and delete are immutable local transitions
ok 497 - collection create, rename, add, remove and delete are immutable local transitions
  ---
  duration_ms: 1.992857
  type: 'test'
  ...
# Subtest: collection identity, title and timestamp rules reject ambiguous metadata
ok 498 - collection identity, title and timestamp rules reject ambiguous metadata
  ---
  duration_ms: 1.087068
  type: 'test'
  ...
# Subtest: prototype, accessor, unknown field and sparse-array inputs fail without executing metadata
ok 499 - prototype, accessor, unknown field and sparse-array inputs fail without executing metadata
  ---
  duration_ms: 0.445486
  type: 'test'
  ...
# Subtest: collection ownership cannot be transferred by a command or mixed across identity vaults
ok 500 - collection ownership cannot be transferred by a command or mixed across identity vaults
  ---
  duration_ms: 0.327394
  type: 'test'
  ...
# Subtest: collection and membership quotas reject atomically while allowing idempotent operations
ok 501 - collection and membership quotas reject atomically while allowing idempotent operations
  ---
  duration_ms: 6.676838
  type: 'test'
  ...
# Subtest: recovered collections reject duplicate identifiers, titles, members and excessive total memberships
ok 502 - recovered collections reject duplicate identifiers, titles, members and excessive total memberships
  ---
  duration_ms: 3.042535
  type: 'test'
  ...
# Subtest: content references remain canonical hashes and convey neither reader access nor authorship
ok 503 - content references remain canonical hashes and convey neither reader access nor authorship
  ---
  duration_ms: 8.997399
  type: 'test'
  ...
# Subtest: followed feed selects posts and alerts from followed authors without changing caller order or access
ok 504 - followed feed selects posts and alerts from followed authors without changing caller order or access
  ---
  duration_ms: 0.415359
  type: 'test'
  ...
# Subtest: authenticated historical decoding does not make expired content admissible or decryptable by another identity
ok 505 - authenticated historical decoding does not make expired content admissible or decryptable by another identity
  ---
  duration_ms: 18.205483
  type: 'test'
  ...
# Subtest: historical time extraction rejects accessors without invoking them
ok 506 - historical time extraction rejects accessors without invoking them
  ---
  duration_ms: 0.24558
  type: 'test'
  ...
# Subtest: new small-message arrivals cannot repeatedly take the bulk fairness turn
ok 507 - new small-message arrivals cannot repeatedly take the bulk fairness turn
  ---
  duration_ms: 23.83065
  type: 'test'
  ...
# Subtest: packet-ID cancellation preserves an independent equal payload and a foreign-origin packet
ok 508 - packet-ID cancellation preserves an independent equal payload and a foreign-origin packet
  ---
  duration_ms: 700.018068
  type: 'test'
  ...
# Subtest: absolute local authorization deadline is bound into the Node packet ID
ok 509 - absolute local authorization deadline is bound into the Node packet ID
  ---
  duration_ms: 1.741775
  type: 'test'
  ...
# Subtest: local cancellation removes an actual queued TCP transfer and its reconnect copy
ok 510 - local cancellation removes an actual queued TCP transfer and its reconnect copy
  ---
  duration_ms: 665.623293
  type: 'test'
  ...
# Subtest: local cancellation negative control delivers an actual queued TCP transfer and its reconnect copy
ok 511 - local cancellation negative control delivers an actual queued TCP transfer and its reconnect copy
  ---
  duration_ms: 663.293715
  type: 'test'
  ...
# Subtest: local cancellation leaves another origin's retained relay packet intact
ok 512 - local cancellation leaves another origin's retained relay packet intact
  ---
  duration_ms: 484.599595
  type: 'test'
  ...
# Subtest: TCP parser handles split/coalesced frames, rejects tamper and replays only once
ok 513 - TCP parser handles split/coalesced frames, rejects tamper and replays only once
  ---
  duration_ms: 83.713964
  type: 'test'
  ...
# Subtest: non-reading TCP duplicate flood coalesces and bounds control output
ok 514 - non-reading TCP duplicate flood coalesces and bounds control output
  ---
  duration_ms: 50.350411
  type: 'test'
  ...
# Subtest: TCP malformed frame and unfinished-line floods disconnect and release state
ok 515 - TCP malformed frame and unfinished-line floods disconnect and release state
  ---
  duration_ms: 22.031336
  type: 'test'
  ...
# Subtest: distinct TCP packets cannot grow the ACK queue or exceed its output rate
ok 516 - distinct TCP packets cannot grow the ACK queue or exceed its output rate
  ---
  duration_ms: 159.869115
  type: 'test'
  ...
# Subtest: TCP incomplete assemblies have count and aggregate memory bounds
ok 517 - TCP incomplete assemblies have count and aggregate memory bounds
  ---
  duration_ms: 2267.151434
  type: 'test'
  ...
# Subtest: expired packets, invalid TTLs and exhausted hop limits never relay
ok 518 - expired packets, invalid TTLs and exhausted hop limits never relay
  ---
  duration_ms: 134.945837
  type: 'test'
  ...
# Subtest: queued expiry and stopped sockets release bounded output under backpressure
ok 519 - queued expiry and stopped sockets release bounded output under backpressure
  ---
  duration_ms: 428.602307
  type: 'test'
  ...
# Subtest: partial TCP loss retries exact bytes and missing ACK retries without duplicate delivery
ok 520 - partial TCP loss retries exact bytes and missing ACK retries without duplicate delivery
  ---
  duration_ms: 4402.977178
  type: 'test'
  ...
# Subtest: TCP reconnect delivers a partial transfer and packets created during the partition
ok 521 - TCP reconnect delivers a partial transfer and packets created during the partition
  ---
  duration_ms: 1089.643168
  type: 'test'
  ...
# Subtest: turning relay off cancels queued forwarded fragments and keeps local SOS available
ok 522 - turning relay off cancels queued forwarded fragments and keeps local SOS available
  ---
  duration_ms: 108.541652
  type: 'test'
  ...
# Subtest: relay pause cancels queued local seeding and prevents retained offline replay
ok 523 - relay pause cancels queued local seeding and prevents retained offline replay
  ---
  duration_ms: 131.386123
  type: 'test'
  ...
# Subtest: real TCP fragments preempt bulk for SOS while preserving bulk fairness
ok 524 - real TCP fragments preempt bulk for SOS while preserving bulk fairness
  ---
  duration_ms: 83.675661
  type: 'test'
  ...
# Subtest: many in-progress SOS transfers leave admission capacity for bulk fairness
ok 525 - many in-progress SOS transfers leave admission capacity for bulk fairness
  ---
  duration_ms: 48.201382
  type: 'test'
  ...
# Subtest: real serialport PTY fragments preempt bulk for SOS with the same fairness
ok 526 - real serialport PTY fragments preempt bulk for SOS with the same fairness
  ---
  duration_ms: 143.997408
  type: 'test'
  ...
# Subtest: POSIX poller regression: read rearm must preserve an outstanding write watch
ok 527 - POSIX poller regression: read rearm must preserve an outstanding write watch
  ---
  duration_ms: 0.923451
  type: 'test'
  ...
# Subtest: serial write deadline covers one frame at configured baud while bounding a stalled writer
ok 528 - serial write deadline covers one frame at configured baud while bounding a stalled writer
  ---
  duration_ms: 0.156003
  type: 'test'
  ...
# Subtest: real serial PTY recovers an injected stuck write through bounded reconnect and exact replay
ok 529 - real serial PTY recovers an injected stuck write through bounded reconnect and exact replay
  ---
  duration_ms: 6160.998655
  type: 'test'
  ...
# Subtest: real TCP transfer, two-hop forwarding and relay-off negative control
ok 530 - real TCP transfer, two-hop forwarding and relay-off negative control
  ---
  duration_ms: 913.400876
  type: 'test'
  ...
# Subtest: validation rejection prevents display and relay; positive valid control
ok 531 - validation rejection prevents display and relay; positive valid control
  ---
  duration_ms: 532.489573
  type: 'test'
  ...
# Subtest: interface preference schema rejects unrelated authority fields and does not invoke getters
ok 532 - interface preference schema rejects unrelated authority fields and does not invoke getters
  ---
  duration_ms: 1.078172
  type: 'test'
  ...
# Subtest: bounded preference file preserves prior values on invalid patches or corrupted storage
ok 533 - bounded preference file preserves prior values on invalid patches or corrupted storage
  ---
  duration_ms: 11.774405
  type: 'test'
  ...
# Subtest: preferences do not read through a symbolic link
ok 534 - preferences do not read through a symbolic link
  ---
  duration_ms: 0.558216
  type: 'test'
  ...
# Subtest: Node web-peer API separates keys, relay consent and control authority, and enforces explicit revocation
ok 535 - Node web-peer API separates keys, relay consent and control authority, and enforces explicit revocation
  ---
  duration_ms: 564.590269
  type: 'test'
  ...
# Subtest: websocket invitations require exact origin/capability, preserve eight slots, and carry no control API
ok 536 - websocket invitations require exact origin/capability, preserve eight slots, and carry no control API
  ---
  duration_ms: 51.918972
  type: 'test'
  ...
# Subtest: websocket expiry closes active connections and non-loopback cleartext listeners are refused
ok 537 - websocket expiry closes active connections and non-loopback cleartext listeners are refused
  ---
  duration_ms: 1004.553035
  type: 'test'
  ...
1..537
# tests 540
# suites 0
# pass 540
# fail 0
# cancelled 0
# skipped 0
# todo 0
# duration_ms 511101.42782
