2026-09-23T13:35:29.2115943Z Current runner version: '2.337.0'
2026-09-23T13:35:29.2155064Z ##[group]Runner Image Provisioner
2026-09-23T13:35:29.2156053Z Hosted Compute Agent
2026-09-23T13:35:29.2156915Z Version: 20260828.587
2026-09-23T13:35:29.2158497Z Commit: abac92662cab4cc7352de4f9f9d2e2419aad9c29
2026-09-23T13:35:29.2159260Z Build Date: 2026-08-28T16:44:25Z
2026-09-23T13:35:29.2160027Z Worker ID: {b656fcd4-084d-46ea-8c4a-f3fa42fd4574}
2026-09-23T13:35:29.2160760Z Azure Region: eastus
2026-09-23T13:35:29.2161335Z ##[endgroup]
2026-09-23T13:35:29.2163255Z ##[group]Operating System
2026-09-23T13:35:29.2163911Z Ubuntu
2026-09-23T13:35:29.2164531Z 24.04.5
2026-09-23T13:35:29.2165057Z LTS
2026-09-23T13:35:29.2165563Z ##[endgroup]
2026-09-23T13:35:29.2166164Z ##[group]Runner Image
2026-09-23T13:35:29.2167087Z Image: ubuntu-24.04
2026-09-23T13:35:29.2167693Z Version: 20260907.300.1
2026-09-23T13:35:29.2169029Z Included Software: https://github.com/actions/runner-images/blob/ubuntu24/20260907.300/images/ubuntu/Ubuntu2404-Readme.md
2026-09-23T13:35:29.2170633Z Image Release: https://github.com/actions/runner-images/releases/tag/ubuntu24%2F20260907.300
2026-09-23T13:35:29.2171597Z ##[endgroup]
2026-09-23T13:35:29.2172798Z ##[group]GITHUB_TOKEN Permissions
2026-09-23T13:35:29.2175008Z Contents: read
2026-09-23T13:35:29.2175610Z Metadata: read
2026-09-23T13:35:29.2176322Z ##[endgroup]
2026-09-23T13:35:29.2178977Z Secret source: Actions
2026-09-23T13:35:29.2180006Z Cache mode: write
2026-09-23T13:35:29.2181051Z Prepare workflow directory
2026-09-23T13:35:29.2703362Z Prepare all required actions
2026-09-23T13:35:29.2778989Z Getting action download info
2026-09-23T13:35:29.4960611Z Download action repository 'actions/checkout@v4' (SHA:11d5960a326750d5838078e36cf38b85af677262)
2026-09-23T13:35:29.6098505Z Download action repository 'actions/setup-node@v4' (SHA:49933ea5288caeca8642d1e84afbd3f7d6820020)
2026-09-23T13:35:29.7068634Z Download action repository 'actions/setup-go@v5' (SHA:40f1582b2485089dde7abd97c1529aa768e1baff)
2026-09-23T13:35:29.8970835Z Download action repository 'actions/upload-artifact@v4' (SHA:ea165f8d65b6e75b540449e92b4886f43607fa02)
2026-09-23T13:35:30.1258020Z Complete job name: native-node (ubuntu-latest)
2026-09-23T13:35:30.2124002Z Node 20 is being deprecated. This workflow is running with Node 24 by default. If you need to temporarily use Node 20, you can set the ACTIONS_ALLOW_USE_UNSECURE_NODE_VERSION=true environment variable. For more information see: https://github.blog/changelog/2025-09-19-deprecation-of-node-20-on-github-actions-runners/
2026-09-23T13:35:30.2133747Z ##[group]Run actions/checkout@v4
2026-09-23T13:35:30.2134501Z with:
2026-09-23T13:35:30.2134953Z   repository: JohnnyPBelo/relayloom
2026-09-23T13:35:30.2139196Z   token: ***
2026-09-23T13:35:30.2139629Z   ssh-strict: true
2026-09-23T13:35:30.2140073Z   ssh-user: git
2026-09-23T13:35:30.2140524Z   persist-credentials: true
2026-09-23T13:35:30.2141011Z   clean: true
2026-09-23T13:35:30.2141456Z   sparse-checkout-cone-mode: true
2026-09-23T13:35:30.2141974Z   fetch-depth: 1
2026-09-23T13:35:30.2142438Z   fetch-tags: false
2026-09-23T13:35:30.2142876Z   show-progress: true
2026-09-23T13:35:30.2143314Z   lfs: false
2026-09-23T13:35:30.2143761Z   submodules: false
2026-09-23T13:35:30.2144201Z   set-safe-directory: true
2026-09-23T13:35:30.2144693Z   allow-unsafe-pr-checkout: false
2026-09-23T13:35:30.2145488Z ##[endgroup]
2026-09-23T13:35:30.3337629Z Syncing repository: JohnnyPBelo/relayloom
2026-09-23T13:35:30.3340499Z ##[group]Getting Git version info
2026-09-23T13:35:30.3341646Z Working directory is '/home/runner/work/relayloom/relayloom'
2026-09-23T13:35:30.3343263Z [command]/usr/bin/git version
2026-09-23T13:35:30.3468730Z git version 2.55.0
2026-09-23T13:35:30.3492191Z ##[endgroup]
2026-09-23T13:35:30.3509804Z Temporarily overriding HOME='/home/runner/work/_temp/cc0e14d8-27c3-4d8d-938f-8c44d697e6a8' before making global git config changes
2026-09-23T13:35:30.3512518Z Adding repository directory to the temporary git global config as a safe directory
2026-09-23T13:35:30.3517085Z [command]/usr/bin/git config --global --add safe.directory /home/runner/work/relayloom/relayloom
2026-09-23T13:35:30.3576046Z Deleting the contents of '/home/runner/work/relayloom/relayloom'
2026-09-23T13:35:30.3582972Z ##[group]Initializing the repository
2026-09-23T13:35:30.3588268Z [command]/usr/bin/git init /home/runner/work/relayloom/relayloom
2026-09-23T13:35:30.3732087Z hint: Using 'master' as the name for the initial branch. This default branch name
2026-09-23T13:35:30.3733901Z hint: will change to "main" in Git 3.0. To configure the initial branch name
2026-09-23T13:35:30.3737544Z hint: to use in all of your new repositories, which will suppress this warning,
2026-09-23T13:35:30.3739648Z hint: call:
2026-09-23T13:35:30.3740733Z hint:
2026-09-23T13:35:30.3741744Z hint: 	git config --global init.defaultBranch <name>
2026-09-23T13:35:30.3742905Z hint:
2026-09-23T13:35:30.3743980Z hint: Names commonly chosen instead of 'master' are 'main', 'trunk' and
2026-09-23T13:35:30.3745808Z hint: 'development'. The just-created branch can be renamed via this command:
2026-09-23T13:35:30.3747550Z hint:
2026-09-23T13:35:30.3748303Z hint: 	git branch -m <name>
2026-09-23T13:35:30.3749163Z hint:
2026-09-23T13:35:30.3750283Z hint: Disable this message with "git config set advice.defaultBranchName false"
2026-09-23T13:35:30.3752247Z Initialized empty Git repository in /home/runner/work/relayloom/relayloom/.git/
2026-09-23T13:35:30.3755646Z [command]/usr/bin/git remote add origin https://github.com/JohnnyPBelo/relayloom
2026-09-23T13:35:30.3815603Z ##[endgroup]
2026-09-23T13:35:30.3817217Z ##[group]Disabling automatic garbage collection
2026-09-23T13:35:30.3819795Z [command]/usr/bin/git config --local gc.auto 0
2026-09-23T13:35:30.3858484Z ##[endgroup]
2026-09-23T13:35:30.3859829Z ##[group]Setting up auth
2026-09-23T13:35:30.3868163Z [command]/usr/bin/git config --local --name-only --get-regexp core\.sshCommand
2026-09-23T13:35:30.3906856Z [command]/usr/bin/git submodule foreach --recursive sh -c "git config --local --name-only --get-regexp 'core\.sshCommand' && git config --local --unset-all 'core.sshCommand' || :"
2026-09-23T13:35:30.4313652Z [command]/usr/bin/git config --local --name-only --get-regexp http\.https\:\/\/github\.com\/\.extraheader
2026-09-23T13:35:30.4354351Z [command]/usr/bin/git submodule foreach --recursive sh -c "git config --local --name-only --get-regexp 'http\.https\:\/\/github\.com\/\.extraheader' && git config --local --unset-all 'http.https://github.com/.extraheader' || :"
2026-09-23T13:35:30.4639180Z [command]/usr/bin/git config --local --name-only --get-regexp ^includeIf\.gitdir:
2026-09-23T13:35:30.4677260Z [command]/usr/bin/git submodule foreach --recursive git config --local --show-origin --name-only --get-regexp remote.origin.url
2026-09-23T13:35:30.4912445Z [command]/usr/bin/git config --local http.https://github.com/.extraheader AUTHORIZATION: basic ***
2026-09-23T13:35:30.4953224Z ##[endgroup]
2026-09-23T13:35:30.4954644Z ##[group]Fetching the repository
2026-09-23T13:35:30.4965482Z [command]/usr/bin/git -c protocol.version=2 fetch --no-tags --prune --no-recurse-submodules --depth=1 origin +d6d4ddb9cde7e29e04aadd32a6ce68f049e77fcc:refs/remotes/origin/codex/site-optional-resources
2026-09-23T13:35:35.7827575Z From https://github.com/JohnnyPBelo/relayloom
2026-09-23T13:35:35.7830562Z  * [new ref]         d6d4ddb9cde7e29e04aadd32a6ce68f049e77fcc -> origin/codex/site-optional-resources
2026-09-23T13:35:35.7835097Z ##[endgroup]
2026-09-23T13:35:35.7836362Z ##[group]Determining the checkout info
2026-09-23T13:35:35.7838349Z ##[endgroup]
2026-09-23T13:35:35.7840595Z [command]/usr/bin/git sparse-checkout disable
2026-09-23T13:35:35.7900029Z [command]/usr/bin/git config --local --unset-all extensions.worktreeConfig
2026-09-23T13:35:35.7936905Z ##[group]Checking out the ref
2026-09-23T13:35:35.7940959Z [command]/usr/bin/git checkout --progress --force -B codex/site-optional-resources refs/remotes/origin/codex/site-optional-resources
2026-09-23T13:35:36.6555721Z Switched to a new branch 'codex/site-optional-resources'
2026-09-23T13:35:36.6560935Z branch 'codex/site-optional-resources' set up to track 'origin/codex/site-optional-resources'.
2026-09-23T13:35:36.6598713Z ##[endgroup]
2026-09-23T13:35:36.6651473Z [command]/usr/bin/git log -1 --format=%H
2026-09-23T13:35:36.6680533Z d6d4ddb9cde7e29e04aadd32a6ce68f049e77fcc
2026-09-23T13:35:36.7130317Z Node 20 is being deprecated. This workflow is running with Node 24 by default. If you need to temporarily use Node 20, you can set the ACTIONS_ALLOW_USE_UNSECURE_NODE_VERSION=true environment variable. For more information see: https://github.blog/changelog/2025-09-19-deprecation-of-node-20-on-github-actions-runners/
2026-09-23T13:35:36.7132393Z ##[group]Run actions/setup-node@v4
2026-09-23T13:35:36.7132745Z with:
2026-09-23T13:35:36.7133027Z   node-version: 22
2026-09-23T13:35:36.7133318Z   cache: npm
2026-09-23T13:35:36.7133603Z   always-auth: false
2026-09-23T13:35:36.7133901Z   check-latest: false
2026-09-23T13:35:36.7136913Z   token: ***
2026-09-23T13:35:36.7137243Z ##[endgroup]
2026-09-23T13:35:36.8610873Z Found in cache @ /opt/hostedtoolcache/node/22.23.2/x64
2026-09-23T13:35:36.8617195Z (node:2211) [DEP0040] DeprecationWarning: The `punycode` module is deprecated. Please use a userland alternative instead.
2026-09-23T13:35:36.8619045Z (Use `node --trace-deprecation ...` to show where the warning was created)
2026-09-23T13:35:36.8620645Z ##[group]Environment details
2026-09-23T13:35:37.3270494Z node: v22.23.2
2026-09-23T13:35:37.3271057Z npm: 10.9.8
2026-09-23T13:35:37.3271540Z yarn: 1.22.22
2026-09-23T13:35:37.3273346Z ##[endgroup]
2026-09-23T13:35:37.3323241Z [command]/opt/hostedtoolcache/node/22.23.2/x64/bin/npm config get cache
2026-09-23T13:35:37.4514539Z /home/runner/work/relayloom/relayloom/.cache/npm
2026-09-23T13:35:37.5305178Z Cache hit for: node-cache-Linux-x64-npm-88240ea3fcc36a07b38e92f18a1559354497a7dfa2763e229b5dd5d5943af76a
2026-09-23T13:35:37.5451805Z (node:2211) [DEP0169] DeprecationWarning: `url.parse()` behavior is not standardized and prone to errors that have security implications. Use the WHATWG URL API instead. CVEs are not issued for `url.parse()` vulnerabilities.
2026-09-23T13:35:37.9975752Z Received 53569471 of 53569471 (100.0%), 129.0 MBs/sec
2026-09-23T13:35:37.9976523Z Cache Size: ~51 MB (53569471 B)
2026-09-23T13:35:38.0014597Z [command]/usr/bin/tar -xf /home/runner/work/_temp/5709ac26-e029-4a06-877a-e4a78136470c/cache.tzst -P -C /home/runner/work/relayloom/relayloom --use-compress-program unzstd
2026-09-23T13:35:38.1537106Z Cache restored successfully
2026-09-23T13:35:38.1565911Z Cache restored from key: node-cache-Linux-x64-npm-88240ea3fcc36a07b38e92f18a1559354497a7dfa2763e229b5dd5d5943af76a
2026-09-23T13:35:38.1804004Z Node 20 is being deprecated. This workflow is running with Node 24 by default. If you need to temporarily use Node 20, you can set the ACTIONS_ALLOW_USE_UNSECURE_NODE_VERSION=true environment variable. For more information see: https://github.blog/changelog/2025-09-19-deprecation-of-node-20-on-github-actions-runners/
2026-09-23T13:35:38.1805401Z ##[group]Run actions/setup-go@v5
2026-09-23T13:35:38.1805682Z with:
2026-09-23T13:35:38.1805883Z   go-version: 1.26.8
2026-09-23T13:35:38.1806103Z   cache: false
2026-09-23T13:35:38.1806308Z   check-latest: false
2026-09-23T13:35:38.1809312Z   token: ***
2026-09-23T13:35:38.1809551Z ##[endgroup]
2026-09-23T13:35:38.3175232Z Setup go version spec 1.26.8
2026-09-23T13:35:38.3189443Z Found in cache @ /opt/hostedtoolcache/go/1.26.8/x64
2026-09-23T13:35:38.3191572Z (node:2260) [DEP0040] DeprecationWarning: The `punycode` module is deprecated. Please use a userland alternative instead.
2026-09-23T13:35:38.3192602Z (Use `node --trace-deprecation ...` to show where the warning was created)
2026-09-23T13:35:38.3194773Z Added go to the path
2026-09-23T13:35:38.3199393Z Successfully set up Go version 1.26.8
2026-09-23T13:35:38.3927257Z go version go1.26.8 linux/amd64
2026-09-23T13:35:38.3927721Z 
2026-09-23T13:35:38.3931146Z ##[group]go env
2026-09-23T13:35:38.5538669Z AR='ar'
2026-09-23T13:35:38.5539671Z CC='gcc'
2026-09-23T13:35:38.5540085Z CGO_CFLAGS='-O2 -g'
2026-09-23T13:35:38.5540506Z CGO_CPPFLAGS=''
2026-09-23T13:35:38.5540943Z CGO_CXXFLAGS='-O2 -g'
2026-09-23T13:35:38.5541357Z CGO_ENABLED='1'
2026-09-23T13:35:38.5541730Z CGO_FFLAGS='-O2 -g'
2026-09-23T13:35:38.5542167Z CGO_LDFLAGS='-O2 -g'
2026-09-23T13:35:38.5542547Z CXX='g++'
2026-09-23T13:35:38.5542887Z GCCGO='gccgo'
2026-09-23T13:35:38.5543280Z GO111MODULE=''
2026-09-23T13:35:38.5543680Z GOAMD64='v1'
2026-09-23T13:35:38.5544041Z GOARCH='amd64'
2026-09-23T13:35:38.5544460Z GOAUTH='netrc'
2026-09-23T13:35:38.5544807Z GOBIN=''
2026-09-23T13:35:38.5545268Z GOCACHE='/home/runner/.cache/go-build'
2026-09-23T13:35:38.5545896Z GOCACHEPROG=''
2026-09-23T13:35:38.5546337Z GODEBUG=''
2026-09-23T13:35:38.5547225Z GOENV='/home/runner/.config/go/env'
2026-09-23T13:35:38.5547701Z GOEXE=''
2026-09-23T13:35:38.5548033Z GOEXPERIMENT=''
2026-09-23T13:35:38.5548387Z GOFIPS140='off'
2026-09-23T13:35:38.5548870Z GOFLAGS=''
2026-09-23T13:35:38.5550576Z GOGCCFLAGS='-fPIC -m64 -pthread -Wl,--no-gc-sections -fmessage-length=0 -ffile-prefix-map=/tmp/go-build2060336059=/tmp/go-build -gno-record-gcc-switches'
2026-09-23T13:35:38.5551935Z GOHOSTARCH='amd64'
2026-09-23T13:35:38.5552371Z GOHOSTOS='linux'
2026-09-23T13:35:38.5552841Z GOINSECURE=''
2026-09-23T13:35:38.5553285Z GOMOD='/dev/null'
2026-09-23T13:35:38.5553844Z GOMODCACHE='/home/runner/go/pkg/mod'
2026-09-23T13:35:38.5554460Z GONOPROXY=''
2026-09-23T13:35:38.5554885Z GONOSUMDB=''
2026-09-23T13:35:38.5555276Z GOOS='linux'
2026-09-23T13:35:38.5555744Z GOPATH='/home/runner/go'
2026-09-23T13:35:38.5556233Z GOPRIVATE=''
2026-09-23T13:35:38.5557046Z GOPROXY='https://proxy.golang.org,direct'
2026-09-23T13:35:38.5557852Z GOROOT='/opt/hostedtoolcache/go/1.26.8/x64'
2026-09-23T13:35:38.5558467Z GOSUMDB='sum.golang.org'
2026-09-23T13:35:38.5558981Z GOTELEMETRY='local'
2026-09-23T13:35:38.5559624Z GOTELEMETRYDIR='/home/runner/.config/go/telemetry'
2026-09-23T13:35:38.5560242Z GOTMPDIR=''
2026-09-23T13:35:38.5560667Z GOTOOLCHAIN='auto'
2026-09-23T13:35:38.5561512Z GOTOOLDIR='/opt/hostedtoolcache/go/1.26.8/x64/pkg/tool/linux_amd64'
2026-09-23T13:35:38.5562250Z GOVCS=''
2026-09-23T13:35:38.5562675Z GOVERSION='go1.26.8'
2026-09-23T13:35:38.5563136Z GOWORK=''
2026-09-23T13:35:38.5563578Z PKG_CONFIG='pkg-config'
2026-09-23T13:35:38.5563873Z 
2026-09-23T13:35:38.5564419Z ##[endgroup]
2026-09-23T13:35:38.5677411Z ##[group]Run npm ci --ignore-scripts
2026-09-23T13:35:38.5677976Z [36;1mnpm ci --ignore-scripts[0m
2026-09-23T13:35:38.5727250Z shell: /usr/bin/bash -e {0}
2026-09-23T13:35:38.5727549Z ##[endgroup]
2026-09-23T13:35:40.8561135Z npm warn deprecated inflight@1.0.6: This module is not supported, and leaks memory. Do not use it. Check out lru-cache if you want a good and tested way to coalesce async requests by a key value, which is much more comprehensive and powerful.
2026-09-23T13:35:40.8972511Z npm warn deprecated rimraf@2.6.3: Rimraf versions prior to v4 are no longer supported
2026-09-23T13:35:41.0015419Z npm warn deprecated glob@7.2.3: Old versions of glob are not supported, and contain widely publicized security vulnerabilities, which have been fixed in the current version. Please update. Support for old versions may be purchased (at exorbitant rates) by contacting i@izs.me
2026-09-23T13:35:41.2996472Z npm warn deprecated boolean@3.2.0: Package no longer supported. Contact Support at https://www.npmjs.com/support for more info.
2026-09-23T13:35:44.2165167Z 
2026-09-23T13:35:44.2165957Z added 463 packages in 6s
2026-09-23T13:35:44.2854484Z ##[group]Run npm run build
2026-09-23T13:35:44.2854799Z [36;1mnpm run build[0m
2026-09-23T13:35:44.2897525Z shell: /usr/bin/bash -e {0}
2026-09-23T13:35:44.2897806Z ##[endgroup]
2026-09-23T13:35:44.3919002Z 
2026-09-23T13:35:44.3919831Z > relayloom@0.1.0 build
2026-09-23T13:35:44.3920798Z > tsc --noEmit && vite build
2026-09-23T13:35:44.3921161Z 
2026-09-23T13:35:56.7052355Z [36mvite v7.3.6 [32mbuilding client environment for production...[36m[39m
2026-09-23T13:35:56.7958035Z transforming...
2026-09-23T13:36:00.5088383Z [32m✓[39m 1846 modules transformed.
2026-09-23T13:36:00.6782838Z rendering chunks...
2026-09-23T13:36:00.8153422Z computing gzip size...
2026-09-23T13:36:00.8332619Z [2m../../dist/web/[22m[2massets/[22m[32mmanifest-BWKlX33v.webmanifest       [39m[1m[2m  0.32 kB[22m[1m[22m
2026-09-23T13:36:00.8333981Z [2m../../dist/web/[22m[32mindex.html                                 [39m[1m[2m  0.81 kB[22m[1m[22m[2m │ gzip:   0.40 kB[22m
2026-09-23T13:36:00.8335622Z [2m../../dist/web/[22m[32mbrowser/index.html                         [39m[1m[2m  1.17 kB[22m[1m[22m[2m │ gzip:   0.57 kB[22m
2026-09-23T13:36:00.8337473Z [2m../../dist/web/[22m[32mbrowser/worker-DUvc-plH.js                 [39m[1m[2m256.42 kB[22m[1m[22m
2026-09-23T13:36:00.8339268Z [2m../../dist/web/[22m[2massets/[22m[35meditor-TdZUp6iQ.css                 [39m[1m[2m  2.66 kB[22m[1m[22m[2m │ gzip:   0.85 kB[22m
2026-09-23T13:36:00.8341056Z [2m../../dist/web/[22m[2massets/[22m[35mmain-DEi_Xkk3.css                   [39m[1m[2m 13.87 kB[22m[1m[22m[2m │ gzip:   3.10 kB[22m
2026-09-23T13:36:00.8343103Z [2m../../dist/web/[22m[2massets/[22m[35mhistory-DpTwHcHw.css                [39m[1m[2m 25.68 kB[22m[1m[22m[2m │ gzip:   5.44 kB[22m
2026-09-23T13:36:00.8344993Z [2m../../dist/web/[22m[2massets/[22m[35mpeers-CBwbv1q3.css                  [39m[1m[2m 61.71 kB[22m[1m[22m[2m │ gzip:  12.98 kB[22m
2026-09-23T13:36:00.8346188Z [2m../../dist/web/[22m[2massets/[22m[36mmodulepreload-polyfill-B5Qt9EMX.js  [39m[1m[2m  0.71 kB[22m[1m[22m[2m │ gzip:   0.40 kB[22m
2026-09-23T13:36:00.8347693Z [2m../../dist/web/[22m[2massets/[22m[36mvisit-DRYAygji.js                   [39m[1m[2m  3.59 kB[22m[1m[22m[2m │ gzip:   1.62 kB[22m
2026-09-23T13:36:00.8349666Z [2m../../dist/web/[22m[2massets/[22m[36meditor-Da0xb7_n.js                  [39m[1m[2m 62.39 kB[22m[1m[22m[2m │ gzip:  19.12 kB[22m
2026-09-23T13:36:00.8351451Z [2m../../dist/web/[22m[2massets/[22m[36mbrowser-7xsswI5L.js                 [39m[1m[2m 74.03 kB[22m[1m[22m[2m │ gzip:  24.62 kB[22m
2026-09-23T13:36:00.8353005Z [2m../../dist/web/[22m[2massets/[22m[36mhistory-DuAfTwGr.js                 [39m[1m[2m143.89 kB[22m[1m[22m[2m │ gzip:  45.68 kB[22m
2026-09-23T13:36:00.8354952Z [2m../../dist/web/[22m[2massets/[22m[36mmain-CNAA77oL.js                    [39m[1m[2m149.20 kB[22m[1m[22m[2m │ gzip:  45.75 kB[22m
2026-09-23T13:36:00.8357156Z [2m../../dist/web/[22m[2massets/[22m[36mpeers-D1H6wmgT.js                   [39m[1m[2m412.67 kB[22m[1m[22m[2m │ gzip: 132.80 kB[22m
2026-09-23T13:36:00.8358355Z [32m✓ built in 4.10s[39m
2026-09-23T13:36:00.8940241Z ##[group]Run npm run native:build
2026-09-23T13:36:00.8940606Z [36;1mnpm run native:build[0m
2026-09-23T13:36:00.8978799Z shell: /usr/bin/bash -e {0}
2026-09-23T13:36:00.8979084Z ##[endgroup]
2026-09-23T13:36:01.0014987Z 
2026-09-23T13:36:01.0015639Z > relayloom@0.1.0 native:build
2026-09-23T13:36:01.0016521Z > node scripts/native-build.mjs
2026-09-23T13:36:01.0017065Z 
2026-09-23T13:36:01.1337811Z go: downloading golang.org/x/text v0.42.0
2026-09-23T13:36:01.5867513Z go: downloading golang.org/x/crypto v0.57.0
2026-09-23T13:36:01.7244548Z go: downloading github.com/coder/websocket v1.8.15
2026-09-23T13:36:01.8532015Z go: downloading modernc.org/sqlite v1.58.0
2026-09-23T13:36:03.2941756Z go: downloading golang.org/x/sys v0.48.0
2026-09-23T13:36:03.2943267Z go: downloading modernc.org/libc v1.75.6
2026-09-23T13:36:04.7337812Z go: downloading modernc.org/mathutil v1.7.1
2026-09-23T13:36:04.7338986Z go: downloading github.com/google/uuid v1.6.0
2026-09-23T13:36:04.7339999Z go: downloading github.com/dustin/go-humanize v1.0.1
2026-09-23T13:36:04.7340710Z go: downloading modernc.org/memory v1.12.1
2026-09-23T13:36:04.7600339Z go: downloading github.com/remyoudompheng/bigfft v0.0.0-20230129092748-24d4a6f8daec
2026-09-23T13:36:31.5625166Z Native app CLI built in project cache.
2026-09-23T13:36:31.5755416Z ##[group]Run npm test
2026-09-23T13:36:31.5755694Z [36;1mnpm test[0m
2026-09-23T13:36:31.5795874Z shell: /usr/bin/bash -e {0}
2026-09-23T13:36:31.5796184Z ##[endgroup]
2026-09-23T13:36:31.6898949Z 
2026-09-23T13:36:31.6899711Z > relayloom@0.1.0 test
2026-09-23T13:36:31.6900457Z > tsx --test --test-concurrency=1 tests/*.test.ts
2026-09-23T13:36:31.6900891Z 
2026-09-23T13:36:31.8340023Z TAP version 13
2026-09-23T13:36:32.0127091Z # Subtest: browser CI partition rejects omitted, duplicated and empty coverage with a complete positive control
2026-09-23T13:36:32.0132751Z ok 1 - browser CI partition rejects omitted, duplicated and empty coverage with a complete positive control
2026-09-23T13:36:32.0133906Z   ---
2026-09-23T13:36:32.0134296Z   duration_ms: 2.057753
2026-09-23T13:36:32.0134586Z   type: 'test'
2026-09-23T13:36:32.0134809Z   ...
2026-09-23T13:36:32.2399926Z # Subtest: Node bundle creation derives expiry from one clock observation even when the clock advances between reads
2026-09-23T13:36:32.2404908Z ok 2 - Node bundle creation derives expiry from one clock observation even when the clock advances between reads
2026-09-23T13:36:32.2406026Z   ---
2026-09-23T13:36:32.2407025Z   duration_ms: 10.009746
2026-09-23T13:36:32.2407588Z   type: 'test'
2026-09-23T13:36:32.2407998Z   ...
2026-09-23T13:36:32.5495258Z # Subtest: automatic reservations survive restart and count pressure without becoming manual pins
2026-09-23T13:36:32.5498382Z ok 3 - automatic reservations survive restart and count pressure without becoming manual pins
2026-09-23T13:36:32.5499224Z   ---
2026-09-23T13:36:32.5499634Z   duration_ms: 37.712367
2026-09-23T13:36:32.5500152Z   type: 'test'
2026-09-23T13:36:32.5500509Z   ...
2026-09-23T13:36:32.5501448Z # Subtest: byte quota refusal is atomic with a reserved payload and preserves unrelated stored bytes
2026-09-23T13:36:32.5506157Z ok 4 - byte quota refusal is atomic with a reserved payload and preserves unrelated stored bytes
2026-09-23T13:36:32.5510202Z   ---
2026-09-23T13:36:32.5510524Z   duration_ms: 46.835827
2026-09-23T13:36:32.5510800Z   type: 'test'
2026-09-23T13:36:32.5511139Z   ...
2026-09-23T13:36:32.5511720Z # Subtest: reservation does not extend signed expiry
2026-09-23T13:36:32.5512508Z ok 5 - reservation does not extend signed expiry
2026-09-23T13:36:32.5513039Z   ---
2026-09-23T13:36:32.5513419Z   duration_ms: 8.628075
2026-09-23T13:36:32.5513878Z   type: 'test'
2026-09-23T13:36:32.5514231Z   ...
2026-09-23T13:36:32.5515128Z # Subtest: unknown or corrupt reservation input cannot partially release a valid reservation
2026-09-23T13:36:32.5516446Z ok 6 - unknown or corrupt reservation input cannot partially release a valid reservation
2026-09-23T13:36:32.5517405Z   ---
2026-09-23T13:36:32.5517774Z   duration_ms: 9.931821
2026-09-23T13:36:32.5518201Z   type: 'test'
2026-09-23T13:36:32.5518547Z   ...
2026-09-23T13:36:32.5520944Z # Subtest: failed reservation index write protects the union until explicit reconciliation
2026-09-23T13:36:32.5522252Z ok 7 - failed reservation index write protects the union until explicit reconciliation
2026-09-23T13:36:32.5523002Z   ---
2026-09-23T13:36:32.5523376Z   duration_ms: 15.139537
2026-09-23T13:36:32.5523798Z   type: 'test'
2026-09-23T13:36:32.5524135Z   ...
2026-09-23T13:36:32.5525672Z # Subtest: duplicate reserved insertion at the count limit preserves a manual pin and verifies stored bytes
2026-09-23T13:36:32.5527396Z ok 8 - duplicate reserved insertion at the count limit preserves a manual pin and verifies stored bytes
2026-09-23T13:36:32.5528236Z   ---
2026-09-23T13:36:32.5528639Z   duration_ms: 8.363031
2026-09-23T13:36:32.5529067Z   type: 'test'
2026-09-23T13:36:32.5529404Z   ...
2026-09-23T13:36:32.7578581Z # Subtest: contact rows use the established Node/Go DM reader-address wire format before the first send
2026-09-23T13:36:32.7581328Z ok 9 - contact rows use the established Node/Go DM reader-address wire format before the first send
2026-09-23T13:36:32.7582412Z   ---
2026-09-23T13:36:32.7583483Z   duration_ms: 2.051772
2026-09-23T13:36:32.7584420Z   type: 'test'
2026-09-23T13:36:32.7584837Z   ...
2026-09-23T13:36:32.7585642Z # Subtest: a repeated own reader remains one reader in the DM address
2026-09-23T13:36:32.7587023Z ok 10 - a repeated own reader remains one reader in the DM address
2026-09-23T13:36:32.7587677Z   ---
2026-09-23T13:36:32.7587939Z   duration_ms: 0.268562
2026-09-23T13:36:32.7588210Z   type: 'test'
2026-09-23T13:36:32.7588437Z   ...
2026-09-23T13:36:33.2385679Z # Subtest: fixed envelope time preserves the saved deadline while nonce identity still requires durable retention
2026-09-23T13:36:33.2387159Z ok 11 - fixed envelope time preserves the saved deadline while nonce identity still requires durable retention
2026-09-23T13:36:33.2388066Z   ---
2026-09-23T13:36:33.2388455Z   duration_ms: 226.933183
2026-09-23T13:36:33.2388879Z   type: 'test'
2026-09-23T13:36:33.2389216Z   ...
2026-09-23T13:36:33.2495375Z # Subtest: Node and portable fixed clocks reject invalid/overflowing dates and unrelated secrets before producing a bundle
2026-09-23T13:36:33.2497970Z ok 12 - Node and portable fixed clocks reject invalid/overflowing dates and unrelated secrets before producing a bundle
2026-09-23T13:36:33.2499109Z   ---
2026-09-23T13:36:33.2499569Z   duration_ms: 9.788383
2026-09-23T13:36:33.2500071Z   type: 'test'
2026-09-23T13:36:33.2500480Z   ...
2026-09-23T13:36:38.3413320Z # Subtest: Node and portable fixed envelopes verify in a real Go process; Go ciphertext decrypts in both adapters
2026-09-23T13:36:38.3414891Z ok 13 - Node and portable fixed envelopes verify in a real Go process; Go ciphertext decrypts in both adapters
2026-09-23T13:36:38.3415822Z   ---
2026-09-23T13:36:38.3416229Z   duration_ms: 5094.670768
2026-09-23T13:36:38.3416928Z   type: 'test'
2026-09-23T13:36:38.3417185Z   ...
2026-09-23T13:36:38.5340777Z # Subtest: historical storage reads authenticate expired bytes without priming the live manifest cache
2026-09-23T13:36:38.5344576Z ok 14 - historical storage reads authenticate expired bytes without priming the live manifest cache
2026-09-23T13:36:38.5345423Z   ---
2026-09-23T13:36:38.5345789Z   duration_ms: 26.859974
2026-09-23T13:36:38.5346214Z   type: 'test'
2026-09-23T13:36:38.5346544Z   ...
2026-09-23T13:36:39.2073596Z # (node:5469) ExperimentalWarning: The MockTimers API is an experimental feature and might change at any time
2026-09-23T13:36:39.2075256Z # (Use `node --trace-warnings ...` to show where the warning was created)
2026-09-23T13:36:39.2112142Z # Subtest: identity proof binds signing address, name and decryption key
2026-09-23T13:36:39.2128682Z ok 15 - identity proof binds signing address, name and decryption key
2026-09-23T13:36:39.2153662Z   ---
2026-09-23T13:36:39.2163789Z   duration_ms: 2.898524
2026-09-23T13:36:39.2177885Z   type: 'test'
2026-09-23T13:36:39.2178661Z   ...
2026-09-23T13:36:39.2179498Z # Subtest: vault encrypts private keys; recovery and wrong-password controls
2026-09-23T13:36:39.2180638Z ok 16 - vault encrypts private keys; recovery and wrong-password controls
2026-09-23T13:36:39.2181494Z   ---
2026-09-23T13:36:39.2181921Z   duration_ms: 227.41788
2026-09-23T13:36:39.2182590Z   type: 'test'
2026-09-23T13:36:39.2183120Z   ...
2026-09-23T13:36:39.2184137Z # Subtest: reader decrypts and seeds but cannot become author; unauthorized reader fails
2026-09-23T13:36:39.2185587Z ok 17 - reader decrypts and seeds but cannot become author; unauthorized reader fails
2026-09-23T13:36:39.2186509Z   ---
2026-09-23T13:36:39.2187675Z   duration_ms: 6.391047
2026-09-23T13:36:39.2188166Z   type: 'test'
2026-09-23T13:36:39.2188530Z   ...
2026-09-23T13:36:39.2189347Z # Subtest: ciphertext, manifest, expiry, depth and address negative controls
2026-09-23T13:36:39.2190441Z ok 18 - ciphertext, manifest, expiry, depth and address negative controls
2026-09-23T13:36:39.2190844Z   ---
2026-09-23T13:36:39.2191081Z   duration_ms: 21.23039
2026-09-23T13:36:39.2191327Z   type: 'test'
2026-09-23T13:36:39.2191530Z   ...
2026-09-23T13:36:39.2192304Z # Subtest: encrypted persistent seed takeover, deduplication, pin/quota, disk corruption
2026-09-23T13:36:39.2193194Z ok 19 - encrypted persistent seed takeover, deduplication, pin/quota, disk corruption
2026-09-23T13:36:39.2193626Z   ---
2026-09-23T13:36:39.2193856Z   duration_ms: 16.168704
2026-09-23T13:36:39.2194099Z   type: 'test'
2026-09-23T13:36:39.2194299Z   ...
2026-09-23T13:36:39.2194839Z # Subtest: object-count cap bounds small-object floods, survives restart and preserves pinned content
2026-09-23T13:36:39.2195653Z ok 20 - object-count cap bounds small-object floods, survives restart and preserves pinned content
2026-09-23T13:36:39.2196273Z   ---
2026-09-23T13:36:39.2196518Z   duration_ms: 48.193397
2026-09-23T13:36:39.2197120Z   type: 'test'
2026-09-23T13:36:39.2197341Z   ...
2026-09-23T13:36:39.2197780Z # Subtest: metadata listing does not replace real viewing order in LRU eviction
2026-09-23T13:36:39.2198609Z ok 21 - metadata listing does not replace real viewing order in LRU eviction
2026-09-23T13:36:39.2199000Z   ---
2026-09-23T13:36:39.2199289Z   duration_ms: 10.48779
2026-09-23T13:36:39.2199642Z   type: 'test'
2026-09-23T13:36:39.2199843Z   ...
2026-09-23T13:36:39.2200497Z # Subtest: cached manifest metadata is isolated, invalidated by disk changes, and never bypasses get verification
2026-09-23T13:36:39.2201492Z ok 22 - cached manifest metadata is isolated, invalidated by disk changes, and never bypasses get verification
2026-09-23T13:36:39.2202153Z   ---
2026-09-23T13:36:39.2202365Z   duration_ms: 8.529166
2026-09-23T13:36:39.2202601Z   type: 'test'
2026-09-23T13:36:39.2202892Z   ...
2026-09-23T13:36:39.2203593Z # Subtest: rejected quota decrease preserves existing files and policy; feasible decrease evicts only unpinned content
2026-09-23T13:36:39.2204706Z ok 23 - rejected quota decrease preserves existing files and policy; feasible decrease evicts only unpinned content
2026-09-23T13:36:39.2205351Z   ---
2026-09-23T13:36:39.2205974Z   duration_ms: 118.529238
2026-09-23T13:36:39.2206391Z   type: 'test'
2026-09-23T13:36:39.2206838Z   ...
2026-09-23T13:36:39.2207310Z # Subtest: invalid persisted index fails safely without deleting verified objects
2026-09-23T13:36:39.2208653Z ok 24 - invalid persisted index fails safely without deleting verified objects
2026-09-23T13:36:39.2209294Z   ---
2026-09-23T13:36:39.2209519Z   duration_ms: 4.763064
2026-09-23T13:36:39.2209758Z   type: 'test'
2026-09-23T13:36:39.2209960Z   ...
2026-09-23T13:36:39.2210662Z # Subtest: strict wire fields and every recipient envelope are validated before accepting signatures
2026-09-23T13:36:39.2211621Z ok 25 - strict wire fields and every recipient envelope are validated before accepting signatures
2026-09-23T13:36:39.2212092Z   ---
2026-09-23T13:36:39.2212571Z   duration_ms: 4.584993
2026-09-23T13:36:39.2213099Z   type: 'test'
2026-09-23T13:36:39.2213407Z   ...
2026-09-23T13:36:39.4075041Z # Subtest: desktop accepts only the owned daemon loopback bootstrap capability
2026-09-23T13:36:39.4077004Z ok 26 - desktop accepts only the owned daemon loopback bootstrap capability
2026-09-23T13:36:39.4078060Z   ---
2026-09-23T13:36:39.4078663Z   duration_ms: 1.481216
2026-09-23T13:36:39.4079191Z   type: 'test'
2026-09-23T13:36:39.4079731Z   ...
2026-09-23T13:36:39.4082055Z # Subtest: desktop request policy blocks other hosts, ports, schemes, subframes and WebSockets
2026-09-23T13:36:39.4084128Z ok 27 - desktop request policy blocks other hosts, ports, schemes, subframes and WebSockets
2026-09-23T13:36:39.4085191Z   ---
2026-09-23T13:36:39.4085677Z   duration_ms: 0.308106
2026-09-23T13:36:39.4086143Z   type: 'test'
2026-09-23T13:36:39.4086535Z   ...
2026-09-23T13:36:39.4088850Z # Subtest: desktop navigation stays on its exact local app and rejects insecure runtime overrides
2026-09-23T13:36:39.4090589Z ok 28 - desktop navigation stays on its exact local app and rejects insecure runtime overrides
2026-09-23T13:36:39.4091582Z   ---
2026-09-23T13:36:39.4092020Z   duration_ms: 1.136914
2026-09-23T13:36:39.4092477Z   type: 'test'
2026-09-23T13:36:39.4092844Z   ...
2026-09-23T13:36:39.4094252Z # Subtest: desktop microphone eligibility excludes cameras, remote documents and subframes
2026-09-23T13:36:39.4096075Z ok 29 - desktop microphone eligibility excludes cameras, remote documents and subframes
2026-09-23T13:36:39.4097361Z   ---
2026-09-23T13:36:39.4097825Z   duration_ms: 0.226002
2026-09-23T13:36:39.4098134Z   type: 'test'
2026-09-23T13:36:39.4098349Z   ...
2026-09-23T13:36:39.4098850Z # Subtest: desktop download defaults cannot contain paths, device names or control bytes
2026-09-23T13:36:39.4099701Z ok 30 - desktop download defaults cannot contain paths, device names or control bytes
2026-09-23T13:36:39.4100302Z   ---
2026-09-23T13:36:39.4100527Z   duration_ms: 0.424242
2026-09-23T13:36:39.4100767Z   type: 'test'
2026-09-23T13:36:39.4100964Z   ...
2026-09-23T13:36:40.2202146Z # Subtest: fixture stop is idempotent after process termination by signal
2026-09-23T13:36:40.2203503Z ok 31 - fixture stop is idempotent after process termination by signal
2026-09-23T13:36:40.2204046Z   ---
2026-09-23T13:36:40.2204374Z   duration_ms: 613.105507
2026-09-23T13:36:40.2204771Z   type: 'test'
2026-09-23T13:36:40.2205016Z   ...
2026-09-23T13:36:44.9736006Z # (node:5546) ExperimentalWarning: SQLite is an experimental feature and might change at any time
2026-09-23T13:36:44.9737486Z # (Use `node --trace-warnings ...` to show where the warning was created)
2026-09-23T13:36:44.9759911Z # Subtest: current and additions-only delayed messages preserve exact old readers without granting newcomer history
2026-09-23T13:36:44.9762252Z ok 32 - current and additions-only delayed messages preserve exact old readers without granting newcomer history
2026-09-23T13:36:44.9763691Z   ---
2026-09-23T13:36:44.9764315Z   duration_ms: 1271.394474
2026-09-23T13:36:44.9764865Z   type: 'test'
2026-09-23T13:36:44.9765264Z   ...
2026-09-23T13:36:44.9766865Z # Subtest: removal and rejoin quarantine unseen old content while retaining only exact accepted history
2026-09-23T13:36:44.9769868Z ok 33 - removal and rejoin quarantine unseen old content while retaining only exact accepted history
2026-09-23T13:36:44.9771173Z   ---
2026-09-23T13:36:44.9771710Z   duration_ms: 1108.900798
2026-09-23T13:36:44.9772178Z   type: 'test'
2026-09-23T13:36:44.9772506Z   ...
2026-09-23T13:36:44.9820612Z # Subtest: historical receipts from a removed original reader are minimal and cannot admit an unknown target
2026-09-23T13:36:44.9838369Z ok 34 - historical receipts from a removed original reader are minimal and cannot admit an unknown target
2026-09-23T13:36:44.9859270Z   ---
2026-09-23T13:36:44.9938833Z   duration_ms: 634.360603
2026-09-23T13:36:44.9947970Z   type: 'test'
2026-09-23T13:36:44.9948554Z   ...
2026-09-23T13:36:44.9949515Z # Subtest: group tags cannot hide as falsy legacy fields and cached policy cannot escape its transaction
2026-09-23T13:36:44.9950788Z ok 35 - group tags cannot hide as falsy legacy fields and cached policy cannot escape its transaction
2026-09-23T13:36:44.9951483Z   ---
2026-09-23T13:36:44.9951822Z   duration_ms: 36.327849
2026-09-23T13:36:44.9952252Z   type: 'test'
2026-09-23T13:36:44.9952554Z   ...
2026-09-23T13:36:44.9953263Z # Subtest: a closure within the same transaction invalidates earlier cached permission
2026-09-23T13:36:44.9954263Z ok 36 - a closure within the same transaction invalidates earlier cached permission
2026-09-23T13:36:44.9954704Z   ---
2026-09-23T13:36:44.9954930Z   duration_ms: 66.082913
2026-09-23T13:36:44.9955179Z   type: 'test'
2026-09-23T13:36:44.9955386Z   ...
2026-09-23T13:36:44.9955847Z # Subtest: a new edit to old content uses only the original/current reader intersection
2026-09-23T13:36:44.9956507Z ok 37 - a new edit to old content uses only the original/current reader intersection
2026-09-23T13:36:44.9957296Z   ---
2026-09-23T13:36:44.9957544Z   duration_ms: 1420.36832
2026-09-23T13:36:44.9957803Z   type: 'test'
2026-09-23T13:36:44.9958000Z   ...
2026-09-23T13:36:45.6796484Z # (node:5566) ExperimentalWarning: SQLite is an experimental feature and might change at any time
2026-09-23T13:36:45.6798321Z # (Use `node --trace-warnings ...` to show where the warning was created)
2026-09-23T13:36:46.2467834Z # Subtest: an API observation cannot display an admission whose outer transaction rolled back
2026-09-23T13:36:46.2469541Z ok 38 - an API observation cannot display an admission whose outer transaction rolled back
2026-09-23T13:36:46.2470620Z   ---
2026-09-23T13:36:46.2471469Z   duration_ms: 393.794652
2026-09-23T13:36:46.2471989Z   type: 'test'
2026-09-23T13:36:46.2472268Z   ...
2026-09-23T13:36:46.7418584Z # Subtest: a historical delete and its accepted context recover together after lost commit response and real cache removal
2026-09-23T13:36:46.7420594Z ok 39 - a historical delete and its accepted context recover together after lost commit response and real cache removal
2026-09-23T13:36:46.7421576Z   ---
2026-09-23T13:36:46.7422017Z   duration_ms: 494.194047
2026-09-23T13:36:46.7422473Z   type: 'test'
2026-09-23T13:36:46.7422845Z   ...
2026-09-23T13:36:47.1429112Z # Subtest: failure to reserve quarantine bytes aborts the hold and locks until authenticated reconciliation succeeds
2026-09-23T13:36:47.1469536Z ok 40 - failure to reserve quarantine bytes aborts the hold and locks until authenticated reconciliation succeeds
2026-09-23T13:36:47.1471008Z   ---
2026-09-23T13:36:47.1471790Z   duration_ms: 405.151047
2026-09-23T13:36:47.1472345Z   type: 'test'
2026-09-23T13:36:47.1472752Z   ...
2026-09-23T13:36:47.4246349Z # Subtest: an unavailable quarantined blob cannot block admission of another valid group object
2026-09-23T13:36:47.4248383Z ok 41 - an unavailable quarantined blob cannot block admission of another valid group object
2026-09-23T13:36:47.4249453Z   ---
2026-09-23T13:36:47.4249983Z   duration_ms: 291.910899
2026-09-23T13:36:47.4250610Z   type: 'test'
2026-09-23T13:36:47.4251162Z   ...
2026-09-23T13:36:47.5237839Z # Subtest: authenticated history with an expiry inconsistent with its signed bundle is rejected
2026-09-23T13:36:47.5239392Z ok 42 - authenticated history with an expiry inconsistent with its signed bundle is rejected
2026-09-23T13:36:47.5240064Z   ---
2026-09-23T13:36:47.5240365Z   duration_ms: 266.14146
2026-09-23T13:36:47.5240700Z   type: 'test'
2026-09-23T13:36:47.5240960Z   ...
2026-09-23T13:37:01.0727745Z # (node:5586) ExperimentalWarning: SQLite is an experimental feature and might change at any time
2026-09-23T13:37:01.0729137Z # (Use `node --trace-warnings ...` to show where the warning was created)
2026-09-23T13:37:01.0743122Z # Subtest: an unchanged group snapshot walks its authority chain once, and a later closure still invalidates new admission
2026-09-23T13:37:01.0746879Z ok 43 - an unchanged group snapshot walks its authority chain once, and a later closure still invalidates new admission
2026-09-23T13:37:01.0748000Z   ---
2026-09-23T13:37:01.0748518Z   duration_ms: 13102.854764
2026-09-23T13:37:01.0749116Z   type: 'test'
2026-09-23T13:37:01.0749608Z   ...
2026-09-23T13:37:01.0750872Z # {"retainedObjects":32,"epochs":32,"visitedHeaders":32,"elapsedMs":146.58418899999924}
2026-09-23T13:37:08.1284217Z # Subtest: real Node receivers hold epoch content until its snapshot arrives and keep only accepted history after closure
2026-09-23T13:37:08.1286266Z ok 44 - real Node receivers hold epoch content until its snapshot arrives and keep only accepted history after closure
2026-09-23T13:37:08.1287980Z   ---
2026-09-23T13:37:08.1288679Z   duration_ms: 6779.77967
2026-09-23T13:37:08.1289144Z   type: 'test'
2026-09-23T13:37:08.1289427Z   ...
2026-09-23T13:37:11.1992800Z # (node:5663) ExperimentalWarning: SQLite is an experimental feature and might change at any time
2026-09-23T13:37:11.1993958Z # (Use `node --trace-warnings ...` to show where the warning was created)
2026-09-23T13:37:11.2016459Z # Subtest: control expiry rejects replay while the signed authority checkpoint survives
2026-09-23T13:37:11.2018226Z ok 45 - control expiry rejects replay while the signed authority checkpoint survives
2026-09-23T13:37:11.2019183Z   ---
2026-09-23T13:37:11.2019679Z   duration_ms: 63.591394
2026-09-23T13:37:11.2021087Z   type: 'test'
2026-09-23T13:37:11.2021548Z   ...
2026-09-23T13:37:11.2022928Z # Subtest: a reader may seal a creator snapshot for its exact original roster without gaining authority
2026-09-23T13:37:11.2024898Z ok 46 - a reader may seal a creator snapshot for its exact original roster without gaining authority
2026-09-23T13:37:11.2025963Z   ---
2026-09-23T13:37:11.2026430Z   duration_ms: 582.924081
2026-09-23T13:37:11.2027196Z   type: 'test'
2026-09-23T13:37:11.2027583Z   ...
2026-09-23T13:37:11.2029005Z # Subtest: removed readers receive their removal boundary but cannot enumerate future membership or request future snapshots
2026-09-23T13:37:11.2031206Z ok 47 - removed readers receive their removal boundary but cannot enumerate future membership or request future snapshots
2026-09-23T13:37:11.2032280Z   ---
2026-09-23T13:37:11.2042336Z   duration_ms: 1010.410582
2026-09-23T13:37:11.2042874Z   type: 'test'
2026-09-23T13:37:11.2043221Z   ...
2026-09-23T13:37:11.2044145Z # Subtest: invitation authorizes bounded public ancestry, never a private snapshot before membership
2026-09-23T13:37:11.2045596Z ok 48 - invitation authorizes bounded public ancestry, never a private snapshot before membership
2026-09-23T13:37:11.2046439Z   ---
2026-09-23T13:37:11.2047168Z   duration_ms: 70.269201
2026-09-23T13:37:11.2047669Z   type: 'test'
2026-09-23T13:37:11.2048069Z   ...
2026-09-23T13:37:11.2049099Z # Subtest: carrier schema keeps malformed proof tails for the transactional verifier while bounding inputs
2026-09-23T13:37:11.2050010Z ok 49 - carrier schema keeps malformed proof tails for the transactional verifier while bounding inputs
2026-09-23T13:37:11.2050514Z   ---
2026-09-23T13:37:11.2050770Z   duration_ms: 501.192398
2026-09-23T13:37:11.2051049Z   type: 'test'
2026-09-23T13:37:11.2051288Z   ...
2026-09-23T13:37:11.2051822Z # Subtest: fork proofs are served together and private snapshots at the fork are not re-encrypted
2026-09-23T13:37:11.2052631Z ok 50 - fork proofs are served together and private snapshots at the fork are not re-encrypted
2026-09-23T13:37:11.2053122Z   ---
2026-09-23T13:37:11.2053376Z   duration_ms: 614.621085
2026-09-23T13:37:11.2053646Z   type: 'test'
2026-09-23T13:37:11.2053882Z   ...
2026-09-23T13:37:13.0077719Z # Subtest: newcomer validates exact join consent from signed parent header without old snapshot keys
2026-09-23T13:37:13.0079798Z ok 51 - newcomer validates exact join consent from signed parent header without old snapshot keys
2026-09-23T13:37:13.0080669Z   ---
2026-09-23T13:37:13.0081163Z   duration_ms: 91.36702
2026-09-23T13:37:13.0081670Z   type: 'test'
2026-09-23T13:37:13.0082080Z   ...
2026-09-23T13:37:13.0083252Z # Subtest: permanent group anchor has real creator signature, exact schema and separate carrier identity
2026-09-23T13:37:13.0098208Z ok 52 - permanent group anchor has real creator signature, exact schema and separate carrier identity
2026-09-23T13:37:13.0099136Z   ---
2026-09-23T13:37:13.0099551Z   duration_ms: 11.666752
2026-09-23T13:37:13.0100014Z   type: 'test'
2026-09-23T13:37:13.0100433Z   ...
2026-09-23T13:37:13.0101424Z # Subtest: invitation and signed consent do not alter roster until the creator commits the exact parent
2026-09-23T13:37:13.0102937Z ok 53 - invitation and signed consent do not alter roster until the creator commits the exact parent
2026-09-23T13:37:13.0103792Z   ---
2026-09-23T13:37:13.0104170Z   duration_ms: 53.250879
2026-09-23T13:37:13.0104583Z   type: 'test'
2026-09-23T13:37:13.0104926Z   ...
2026-09-23T13:37:13.0106004Z # Subtest: newcomer reads real new ciphertext without obtaining historical keys; removed reader cannot read new content
2026-09-23T13:37:13.0107965Z ok 54 - newcomer reads real new ciphertext without obtaining historical keys; removed reader cannot read new content
2026-09-23T13:37:13.0108884Z   ---
2026-09-23T13:37:13.0109202Z   duration_ms: 85.128503
2026-09-23T13:37:13.0109569Z   type: 'test'
2026-09-23T13:37:13.0109926Z   ...
2026-09-23T13:37:13.0138583Z # Subtest: stale, substituted, missing or extra member consents cannot commit a roster
2026-09-23T13:37:13.0150801Z ok 55 - stale, substituted, missing or extra member consents cannot commit a roster
2026-09-23T13:37:13.0151790Z   ---
2026-09-23T13:37:13.0152452Z   duration_ms: 98.633066
2026-09-23T13:37:13.0153105Z   type: 'test'
2026-09-23T13:37:13.0153665Z   ...
2026-09-23T13:37:13.0154906Z # Subtest: removal and rejoin remain restrictive across the complete path even with identical final cards
2026-09-23T13:37:13.0156875Z ok 56 - removal and rejoin remain restrictive across the complete path even with identical final cards
2026-09-23T13:37:13.0162591Z   ---
2026-09-23T13:37:13.0165889Z   duration_ms: 92.711571
2026-09-23T13:37:13.0177458Z   type: 'test'
2026-09-23T13:37:13.0179652Z   ...
2026-09-23T13:37:13.0181222Z # Subtest: creator reading-card replacement preserves signing authority but requires fresh signed consent
2026-09-23T13:37:13.0187397Z ok 57 - creator reading-card replacement preserves signing authority but requires fresh signed consent
2026-09-23T13:37:13.0190704Z   ---
2026-09-23T13:37:13.0191334Z   duration_ms: 65.720219
2026-09-23T13:37:13.0191969Z   type: 'test'
2026-09-23T13:37:13.0192507Z   ...
2026-09-23T13:37:13.0193652Z # Subtest: signed schema tampering, roster duplication, invalid order and snapshot substitution fail
2026-09-23T13:37:13.0195271Z ok 58 - signed schema tampering, roster duplication, invalid order and snapshot substitution fail
2026-09-23T13:37:13.0196362Z   ---
2026-09-23T13:37:13.0197238Z   duration_ms: 44.378718
2026-09-23T13:37:13.0197818Z   type: 'test'
2026-09-23T13:37:13.0198298Z   ...
2026-09-23T13:37:13.0199216Z # Subtest: closure preserves the committed historical state and reserves the final epoch
2026-09-23T13:37:13.0200346Z ok 59 - closure preserves the committed historical state and reserves the final epoch
2026-09-23T13:37:13.0201026Z   ---
2026-09-23T13:37:13.0201499Z   duration_ms: 86.285463
2026-09-23T13:37:13.0202043Z   type: 'test'
2026-09-23T13:37:13.0202412Z   ...
2026-09-23T13:37:13.0203329Z # Subtest: a valid creator fork cannot masquerade as a contiguous successor or grant reader authority
2026-09-23T13:37:13.0204504Z ok 60 - a valid creator fork cannot masquerade as a contiguous successor or grant reader authority
2026-09-23T13:37:13.0205126Z   ---
2026-09-23T13:37:13.0205679Z   duration_ms: 60.10259
2026-09-23T13:37:13.0206084Z   type: 'test'
2026-09-23T13:37:13.0206510Z   ...
2026-09-23T13:37:13.0207516Z # Subtest: full 64-member roster is bounded; capacity and title failures do not mutate its parent
2026-09-23T13:37:13.0208629Z ok 61 - full 64-member roster is bounded; capacity and title failures do not mutate its parent
2026-09-23T13:37:13.0209394Z   ---
2026-09-23T13:37:13.0209796Z   duration_ms: 817.006409
2026-09-23T13:37:13.0210203Z   type: 'test'
2026-09-23T13:37:13.0210730Z   ...
2026-09-23T13:37:13.0211565Z # Subtest: member leave is a signed request with no direct roster effect and cannot replace creator closure
2026-09-23T13:37:13.0212715Z ok 62 - member leave is a signed request with no direct roster effect and cannot replace creator closure
2026-09-23T13:37:13.0213540Z   ---
2026-09-23T13:37:13.0213909Z   duration_ms: 54.076931
2026-09-23T13:37:13.0214482Z   type: 'test'
2026-09-23T13:37:13.0214848Z   ...
2026-09-23T13:37:13.4329875Z # (node:5703) ExperimentalWarning: SQLite is an experimental feature and might change at any time
2026-09-23T13:37:13.4331763Z # (Use `node --trace-warnings ...` to show where the warning was created)
2026-09-23T13:37:18.4665271Z # Subtest: group confirmation rollback cannot transmit before successful admission
2026-09-23T13:37:18.4666443Z ok 63 - group confirmation rollback cannot transmit before successful admission
2026-09-23T13:37:18.4667556Z   ---
2026-09-23T13:37:18.4668111Z   duration_ms: 5035.595598
2026-09-23T13:37:18.4668556Z   type: 'test'
2026-09-23T13:37:18.4668900Z   ...
2026-09-23T13:37:23.3223395Z # Subtest: group confirmation lost commit response cannot transmit before successful admission
2026-09-23T13:37:23.3227451Z ok 64 - group confirmation lost commit response cannot transmit before successful admission
2026-09-23T13:37:23.3228545Z   ---
2026-09-23T13:37:23.3229582Z   duration_ms: 4855.912273
2026-09-23T13:37:23.3230025Z   type: 'test'
2026-09-23T13:37:23.3230347Z   ...
2026-09-23T13:37:27.8438583Z # Subtest: blocked readers and missing original bytes cannot mint a group read fact
2026-09-23T13:37:27.8439821Z ok 65 - blocked readers and missing original bytes cannot mint a group read fact
2026-09-23T13:37:27.8440520Z   ---
2026-09-23T13:37:27.8440916Z   duration_ms: 4518.588087
2026-09-23T13:37:27.8441347Z   type: 'test'
2026-09-23T13:37:27.8441711Z   ...
2026-09-23T13:37:33.0529580Z # Subtest: missing historical group proof pauses confirmation until verified proof is restored
2026-09-23T13:37:33.0531277Z ok 66 - missing historical group proof pauses confirmation until verified proof is restored
2026-09-23T13:37:33.0532157Z   ---
2026-09-23T13:37:33.0532768Z   duration_ms: 5214.460893
2026-09-23T13:37:33.0533406Z   type: 'test'
2026-09-23T13:37:33.0534016Z   ...
2026-09-23T13:37:40.4929778Z # Subtest: real Node group automatic delivery and historical read after closure retain original audience
2026-09-23T13:37:40.4931293Z ok 67 - real Node group automatic delivery and historical read after closure retain original audience
2026-09-23T13:37:40.4932183Z   ---
2026-09-23T13:37:40.4932623Z   duration_ms: 7231.450816
2026-09-23T13:37:40.4933084Z   type: 'test'
2026-09-23T13:37:40.4933457Z   ...
2026-09-23T13:37:42.5555628Z # Subtest: opaque Node relay rejects public, oversized and excessive-lifetime controls before storage and forwarding
2026-09-23T13:37:42.5559305Z ok 68 - opaque Node relay rejects public, oversized and excessive-lifetime controls before storage and forwarding
2026-09-23T13:37:42.5560212Z   ---
2026-09-23T13:37:42.5560966Z   duration_ms: 1782.755957
2026-09-23T13:37:42.5561519Z   type: 'test'
2026-09-23T13:37:42.5561800Z   ...
2026-09-23T13:37:46.6110891Z # (node:5855) ExperimentalWarning: SQLite is an experimental feature and might change at any time
2026-09-23T13:37:46.6111944Z # (Use `node --trace-warnings ...` to show where the warning was created)
2026-09-23T13:37:46.6127977Z # Subtest: proof no-op optimisation still checks recipient scope, snapshot bytes and local participation
2026-09-23T13:37:46.6131857Z ok 69 - proof no-op optimisation still checks recipient scope, snapshot bytes and local participation
2026-09-23T13:37:46.6132823Z   ---
2026-09-23T13:37:46.6133934Z   duration_ms: 770.047593
2026-09-23T13:37:46.6134532Z   type: 'test'
2026-09-23T13:37:46.6135006Z   ...
2026-09-23T13:37:46.6139283Z # Subtest: verified cached proof replay avoids authority reapplication but still adopts a new safety header before a bad snapshot
2026-09-23T13:37:46.6141361Z ok 70 - verified cached proof replay avoids authority reapplication but still adopts a new safety header before a bad snapshot
2026-09-23T13:37:46.6142541Z   ---
2026-09-23T13:37:46.6143059Z   duration_ms: 2855.812551
2026-09-23T13:37:46.6153334Z   type: 'test'
2026-09-23T13:37:46.6153684Z   ...
2026-09-23T13:37:46.6154293Z # {"replayed":11,"applications":0,"unlockMs":718.081991}
2026-09-23T13:37:47.0486211Z # (node:5876) ExperimentalWarning: SQLite is an experimental feature and might change at any time
2026-09-23T13:37:47.0488498Z # (Use `node --trace-warnings ...` to show where the warning was created)
2026-09-23T13:37:52.2696554Z # Subtest: group event admission rollback cannot release bytes early
2026-09-23T13:37:52.2697881Z ok 71 - group event admission rollback cannot release bytes early
2026-09-23T13:37:52.2698478Z   ---
2026-09-23T13:37:52.2698856Z   duration_ms: 5225.090974
2026-09-23T13:37:52.2699279Z   type: 'test'
2026-09-23T13:37:52.2699610Z   ...
2026-09-23T13:37:57.3007229Z # Subtest: group event admission lost response cannot release bytes early
2026-09-23T13:37:57.3010070Z ok 72 - group event admission lost response cannot release bytes early
2026-09-23T13:37:57.3010733Z   ---
2026-09-23T13:37:57.3011126Z   duration_ms: 5031.744898
2026-09-23T13:37:57.3011584Z   type: 'test'
2026-09-23T13:37:57.3014147Z   ...
2026-09-23T13:38:02.0113547Z # Subtest: group event content-store failure before payload write preserves honest availability
2026-09-23T13:38:02.0114636Z ok 73 - group event content-store failure before payload write preserves honest availability
2026-09-23T13:38:02.0115382Z   ---
2026-09-23T13:38:02.0115638Z   duration_ms: 4710.743858
2026-09-23T13:38:02.0115900Z   type: 'test'
2026-09-23T13:38:02.0116108Z   ...
2026-09-23T13:38:06.8619329Z # Subtest: group event content-store failure after payload write preserves honest availability
2026-09-23T13:38:06.8620359Z ok 74 - group event content-store failure after payload write preserves honest availability
2026-09-23T13:38:06.8620849Z   ---
2026-09-23T13:38:06.8621094Z   duration_ms: 4850.4235
2026-09-23T13:38:06.8621362Z   type: 'test'
2026-09-23T13:38:06.8621573Z   ...
2026-09-23T13:38:11.8830363Z # Subtest: group event close retires retained packets and refuses later serving with a reachable control
2026-09-23T13:38:11.8831907Z ok 75 - group event close retires retained packets and refuses later serving with a reachable control
2026-09-23T13:38:11.8832732Z   ---
2026-09-23T13:38:11.8833098Z   duration_ms: 5020.759985
2026-09-23T13:38:11.8833507Z   type: 'test'
2026-09-23T13:38:11.8833842Z   ...
2026-09-23T13:38:16.7268919Z # Subtest: group event block retires retained packets and refuses later serving with a reachable control
2026-09-23T13:38:16.7270485Z ok 76 - group event block retires retained packets and refuses later serving with a reachable control
2026-09-23T13:38:16.7271333Z   ---
2026-09-23T13:38:16.7271723Z   duration_ms: 4843.668827
2026-09-23T13:38:16.7272149Z   type: 'test'
2026-09-23T13:38:16.7272482Z   ...
2026-09-23T13:38:21.2338557Z # Subtest: group event lock retires retained packets and refuses later serving with a reachable control
2026-09-23T13:38:21.2339687Z ok 77 - group event lock retires retained packets and refuses later serving with a reachable control
2026-09-23T13:38:21.2340249Z   ---
2026-09-23T13:38:21.2340547Z   duration_ms: 4507.493711
2026-09-23T13:38:21.2340813Z   type: 'test'
2026-09-23T13:38:21.2341016Z   ...
2026-09-23T13:38:26.1095413Z # Subtest: group event evicted retires retained packets and refuses later serving with a reachable control
2026-09-23T13:38:26.1097325Z ok 78 - group event evicted retires retained packets and refuses later serving with a reachable control
2026-09-23T13:38:26.1098567Z   ---
2026-09-23T13:38:26.1099225Z   duration_ms: 4874.728683
2026-09-23T13:38:26.1099998Z   type: 'test'
2026-09-23T13:38:26.1100594Z   ...
2026-09-23T13:38:31.7755123Z # Subtest: missing historical target proof pauses new event publication and seeding until exact proof returns
2026-09-23T13:38:31.7756504Z ok 79 - missing historical target proof pauses new event publication and seeding until exact proof returns
2026-09-23T13:38:31.7758137Z   ---
2026-09-23T13:38:31.7758413Z   duration_ms: 5665.44736
2026-09-23T13:38:31.7758703Z   type: 'test'
2026-09-23T13:38:31.7758939Z   ...
2026-09-23T13:38:37.4501878Z # Subtest: corrupt stored event cannot authorise a valid retained packet; exact bytes restore serving
2026-09-23T13:38:37.4503486Z ok 80 - corrupt stored event cannot authorise a valid retained packet; exact bytes restore serving
2026-09-23T13:38:37.4504390Z   ---
2026-09-23T13:38:37.4504850Z   duration_ms: 5678.169183
2026-09-23T13:38:37.4505337Z   type: 'test'
2026-09-23T13:38:37.4505735Z   ...
2026-09-23T13:39:08.0668703Z # Subtest: real Node group newcomer cannot read earlier audiences; peer serves author's edit while author is offline
2026-09-23T13:39:08.0670775Z ok 81 - real Node group newcomer cannot read earlier audiences; peer serves author's edit while author is offline
2026-09-23T13:39:08.0671966Z   ---
2026-09-23T13:39:08.0672524Z   duration_ms: 30411.101087
2026-09-23T13:39:08.0673191Z   type: 'test'
2026-09-23T13:39:08.0673664Z   ...
2026-09-23T13:39:18.5945854Z # Subtest: real Node group reactions/comments/author edits and historical deletion preserve signing ownership
2026-09-23T13:39:18.5948100Z ok 82 - real Node group reactions/comments/author edits and historical deletion preserve signing ownership
2026-09-23T13:39:18.5951455Z   ---
2026-09-23T13:39:18.5952065Z   duration_ms: 10345.925943
2026-09-23T13:39:18.5952603Z   type: 'test'
2026-09-23T13:39:18.5952988Z   ...
2026-09-23T13:39:23.5697671Z # (node:6244) ExperimentalWarning: SQLite is an experimental feature and might change at any time
2026-09-23T13:39:23.5698991Z # (Use `node --trace-warnings ...` to show where the warning was created)
2026-09-23T13:39:23.5747758Z # Subtest: an index consuming stop headroom is refused without changing existing data
2026-09-23T13:39:23.5748975Z ok 83 - an index consuming stop headroom is refused without changing existing data
2026-09-23T13:39:23.5749661Z   ---
2026-09-23T13:39:23.5750037Z   duration_ms: 1193.550735
2026-09-23T13:39:23.5750447Z   type: 'test'
2026-09-23T13:39:23.5750770Z   ...
2026-09-23T13:39:23.5751564Z # Subtest: ordinary index growth stops before the protected checkpoint allocation is consumed
2026-09-23T13:39:23.5752469Z ok 84 - ordinary index growth stops before the protected checkpoint allocation is consumed
2026-09-23T13:39:23.5753185Z   ---
2026-09-23T13:39:23.5753570Z   duration_ms: 3608.289612
2026-09-23T13:39:23.5753996Z   type: 'test'
2026-09-23T13:39:23.5754308Z   ...
2026-09-23T13:39:28.7268629Z # (node:6268) ExperimentalWarning: SQLite is an experimental feature and might change at any time
2026-09-23T13:39:28.7269598Z # (Use `node --trace-warnings ...` to show where the warning was created)
2026-09-23T13:39:28.7287282Z # Subtest: stop reads share one validated snapshot but invalidate on mutation and scope exit
2026-09-23T13:39:28.7288747Z ok 85 - stop reads share one validated snapshot but invalidate on mutation and scope exit
2026-09-23T13:39:28.7289542Z   ---
2026-09-23T13:39:28.7289800Z   duration_ms: 126.786746
2026-09-23T13:39:28.7290186Z   type: 'test'
2026-09-23T13:39:28.7290518Z   ...
2026-09-23T13:39:28.7295589Z # Subtest: all256 immutable stops fit; retirement preserves retained facts and counts only removed records
2026-09-23T13:39:28.7298965Z ok 86 - all256 immutable stops fit; retirement preserves retained facts and counts only removed records
2026-09-23T13:39:28.7308726Z   ---
2026-09-23T13:39:28.7309238Z   duration_ms: 4791.467674
2026-09-23T13:39:28.7309816Z   type: 'test'
2026-09-23T13:39:28.7310252Z   ...
2026-09-23T13:39:28.7311276Z # Subtest: expired holds have counted removal and malformed counters cannot be used as valid state
2026-09-23T13:39:28.7312438Z ok 87 - expired holds have counted removal and malformed counters cannot be used as valid state
2026-09-23T13:39:28.7313077Z   ---
2026-09-23T13:39:28.7313464Z   duration_ms: 21.168667
2026-09-23T13:39:28.7313806Z   type: 'test'
2026-09-23T13:39:28.7314193Z   ...
2026-09-23T13:40:19.6734239Z # (node:6289) ExperimentalWarning: SQLite is an experimental feature and might change at any time
2026-09-23T13:40:19.6735786Z # (Use `node --trace-warnings ...` to show where the warning was created)
2026-09-23T13:40:19.6765496Z # Subtest: accepted history is authenticated and unknown old content stays separately held after removal
2026-09-23T13:40:19.6768979Z ok 88 - accepted history is authenticated and unknown old content stays separately held after removal
2026-09-23T13:40:19.6770011Z   ---
2026-09-23T13:40:19.6772587Z   duration_ms: 855.446205
2026-09-23T13:40:19.6773344Z   type: 'test'
2026-09-23T13:40:19.6773726Z   ...
2026-09-23T13:40:19.6775017Z # Subtest: group closure and immutable outbox stop commit together and callback failure rolls both back
2026-09-23T13:40:19.6776996Z ok 89 - group closure and immutable outbox stop commit together and callback failure rolls both back
2026-09-23T13:40:19.6778045Z   ---
2026-09-23T13:40:19.6778489Z   duration_ms: 157.978677
2026-09-23T13:40:19.6779105Z   type: 'test'
2026-09-23T13:40:19.6779544Z   ...
2026-09-23T13:40:19.6780674Z # Subtest: historical receipt uses only a locally persisted accepted target, never an ID supplied by its sender
2026-09-23T13:40:19.6782898Z ok 90 - historical receipt uses only a locally persisted accepted target, never an ID supplied by its sender
2026-09-23T13:40:19.6798923Z   ---
2026-09-23T13:40:19.6799599Z   duration_ms: 612.501861
2026-09-23T13:40:19.6800447Z   type: 'test'
2026-09-23T13:40:19.6801049Z   ...
2026-09-23T13:40:19.6802274Z # Subtest: missing observation clock or malformed authenticated context cannot grant historical access
2026-09-23T13:40:19.6804069Z ok 91 - missing observation clock or malformed authenticated context cannot grant historical access
2026-09-23T13:40:19.6821990Z   ---
2026-09-23T13:40:19.6827671Z   duration_ms: 55.789161
2026-09-23T13:40:19.6847416Z   type: 'test'
2026-09-23T13:40:19.6848302Z   ...
2026-09-23T13:40:19.6849294Z # Subtest: quarantine byte quota uses actual signed ciphertext sizes and refuses overflow
2026-09-23T13:40:19.6850465Z ok 92 - quarantine byte quota uses actual signed ciphertext sizes and refuses overflow
2026-09-23T13:40:19.6851101Z   ---
2026-09-23T13:40:19.6851591Z   duration_ms: 916.351332
2026-09-23T13:40:19.6852160Z   type: 'test'
2026-09-23T13:40:19.6852577Z   ...
2026-09-23T13:40:19.6853477Z # Subtest: minimal outbox stop survives exhausted ordinary space without rewriting private content
2026-09-23T13:40:19.6854645Z ok 93 - minimal outbox stop survives exhausted ordinary space without rewriting private content
2026-09-23T13:40:19.6855314Z   ---
2026-09-23T13:40:19.6855806Z   duration_ms: 87.213748
2026-09-23T13:40:19.6856394Z   type: 'test'
2026-09-23T13:40:19.6857014Z   ...
2026-09-23T13:40:19.6857815Z # Subtest: ledger readers cannot escape the borrowed scope, even when every collection is empty
2026-09-23T13:40:19.6858609Z ok 94 - ledger readers cannot escape the borrowed scope, even when every collection is empty
2026-09-23T13:40:19.6859247Z   ---
2026-09-23T13:40:19.6859639Z   duration_ms: 6.343617
2026-09-23T13:40:19.6860101Z   type: 'test'
2026-09-23T13:40:19.6860528Z   ...
2026-09-23T13:40:19.6861299Z # Subtest: the authority reserve also accommodates every retained outbox stop
2026-09-23T13:40:19.6862274Z ok 95 - the authority reserve also accommodates every retained outbox stop
2026-09-23T13:40:19.6862859Z   ---
2026-09-23T13:40:19.6863333Z   duration_ms: 199.387381
2026-09-23T13:40:19.6863882Z   type: 'test'
2026-09-23T13:40:19.6864299Z   ...
2026-09-23T13:40:19.6865114Z # Subtest: quarantine count remains bounded and replay does not consume another slot
2026-09-23T13:40:19.6866133Z ok 96 - quarantine count remains bounded and replay does not consume another slot
2026-09-23T13:40:19.6868184Z   ---
2026-09-23T13:40:19.6869483Z   duration_ms: 1619.715608
2026-09-23T13:40:19.6870098Z   type: 'test'
2026-09-23T13:40:19.6870859Z   ...
2026-09-23T13:40:19.6872344Z # Subtest: full4096 history respects protected records and retains the exact accepted count on retirement
2026-09-23T13:40:19.6873873Z ok 97 - full4096 history respects protected records and retains the exact accepted count on retirement
2026-09-23T13:40:19.6874742Z   ---
2026-09-23T13:40:19.6875150Z   duration_ms: 46235.173993
2026-09-23T13:40:19.6876372Z   type: 'test'
2026-09-23T13:40:19.6877151Z   ...
2026-09-23T13:40:43.5031204Z # Subtest: Node invitation API retains exact delivery material, bounds pending notices and preserves closure
2026-09-23T13:40:43.5032944Z ok 98 - Node invitation API retains exact delivery material, bounds pending notices and preserves closure
2026-09-23T13:40:43.5033868Z   ---
2026-09-23T13:40:43.5034296Z   duration_ms: 23607.084979
2026-09-23T13:40:43.5034771Z   type: 'test'
2026-09-23T13:40:43.5035138Z   ...
2026-09-23T13:40:47.6685054Z # Subtest: real Node notices deliver invitation, explicit consent and leave without automatic group admission
2026-09-23T13:40:47.6687326Z ok 99 - real Node notices deliver invitation, explicit consent and leave without automatic group admission
2026-09-23T13:40:47.6688339Z   ---
2026-09-23T13:40:47.6689023Z   duration_ms: 3974.887701
2026-09-23T13:40:47.6689696Z   type: 'test'
2026-09-23T13:40:47.6690315Z   ...
2026-09-23T13:40:47.9301245Z # (node:6396) ExperimentalWarning: SQLite is an experimental feature and might change at any time
2026-09-23T13:40:47.9303293Z # (Use `node --trace-warnings ...` to show where the warning was created)
2026-09-23T13:40:54.5677248Z # Subtest: Node replays notice safety headers before sending, blocked source=false
2026-09-23T13:40:54.5679276Z ok 100 - Node replays notice safety headers before sending, blocked source=false
2026-09-23T13:40:54.5680349Z   ---
2026-09-23T13:40:54.5680912Z   duration_ms: 6639.917431
2026-09-23T13:40:54.5681307Z   type: 'test'
2026-09-23T13:40:54.5681662Z   ...
2026-09-23T13:41:00.5238489Z # Subtest: Node replays notice safety headers before sending, blocked source=true
2026-09-23T13:41:00.5239716Z ok 101 - Node replays notice safety headers before sending, blocked source=true
2026-09-23T13:41:00.5240396Z   ---
2026-09-23T13:41:00.5240733Z   duration_ms: 5958.684479
2026-09-23T13:41:00.5241088Z   type: 'test'
2026-09-23T13:41:00.5241370Z   ...
2026-09-23T13:41:00.7170507Z # (node:6451) ExperimentalWarning: SQLite is an experimental feature and might change at any time
2026-09-23T13:41:00.7172381Z # (Use `node --trace-warnings ...` to show where the warning was created)
2026-09-23T13:41:05.5758288Z # Subtest: opaque Node seeder delivers invitation and consent after each original author stops
2026-09-23T13:41:05.5760651Z ok 102 - opaque Node seeder delivers invitation and consent after each original author stops
2026-09-23T13:41:05.5761523Z   ---
2026-09-23T13:41:05.5761967Z   duration_ms: 4863.114044
2026-09-23T13:41:05.5762446Z   type: 'test'
2026-09-23T13:41:05.5762840Z   ...
2026-09-23T13:41:15.6598394Z # (node:6511) ExperimentalWarning: SQLite is an experimental feature and might change at any time
2026-09-23T13:41:15.6599756Z # (Use `node --trace-warnings ...` to show where the warning was created)
2026-09-23T13:41:15.6623872Z # Subtest: private notices bind invitation, consent and leave without conferring signing ownership or local admission
2026-09-23T13:41:15.6625748Z ok 103 - private notices bind invitation, consent and leave without conferring signing ownership or local admission
2026-09-23T13:41:15.6627059Z   ---
2026-09-23T13:41:15.6627495Z   duration_ms: 585.336815
2026-09-23T13:41:15.6627974Z   type: 'test'
2026-09-23T13:41:15.6628347Z   ...
2026-09-23T13:41:15.6638413Z # Subtest: invitation result and exact delivery card commit together and survive reopening encrypted SQLite
2026-09-23T13:41:15.6640384Z ok 104 - invitation result and exact delivery card commit together and survive reopening encrypted SQLite
2026-09-23T13:41:15.6641993Z   ---
2026-09-23T13:41:15.6642773Z   duration_ms: 105.861798
2026-09-23T13:41:15.6643512Z   type: 'test'
2026-09-23T13:41:15.6644153Z   ...
2026-09-23T13:41:15.6645503Z # Subtest: issuer quota, duplicate reads and dismissal replay memory stay bounded without changing group state
2026-09-23T13:41:15.6647223Z ok 105 - issuer quota, duplicate reads and dismissal replay memory stay bounded without changing group state
2026-09-23T13:41:15.6647955Z   ---
2026-09-23T13:41:15.6648355Z   duration_ms: 578.375276
2026-09-23T13:41:15.6648773Z   type: 'test'
2026-09-23T13:41:15.6649114Z   ...
2026-09-23T13:41:15.6649751Z # Subtest: finite notice history retires oldest entries without making a replay local consent
2026-09-23T13:41:15.6650636Z ok 106 - finite notice history retires oldest entries without making a replay local consent
2026-09-23T13:41:15.6651206Z   ---
2026-09-23T13:41:15.6651561Z   duration_ms: 8522.516176
2026-09-23T13:41:15.6651943Z   type: 'test'
2026-09-23T13:41:15.6652272Z   ...
2026-09-23T13:41:15.6652978Z # Subtest: authenticated malformed notice metadata aborts the outer transaction even if its error is caught
2026-09-23T13:41:15.6654147Z ok 107 - authenticated malformed notice metadata aborts the outer transaction even if its error is caught
2026-09-23T13:41:15.6655126Z   ---
2026-09-23T13:41:15.6655499Z   duration_ms: 55.92886
2026-09-23T13:41:15.6655889Z   type: 'test'
2026-09-23T13:41:15.6656224Z   ...
2026-09-23T13:41:15.6657783Z # Subtest: failed dismissal cannot lose an invitation when the caller swallows the write error
2026-09-23T13:41:15.6659244Z ok 108 - failed dismissal cannot lose an invitation when the caller swallows the write error
2026-09-23T13:41:15.6659986Z   ---
2026-09-23T13:41:15.6660375Z   duration_ms: 54.099011
2026-09-23T13:41:15.6660966Z   type: 'test'
2026-09-23T13:41:15.6661317Z   ...
2026-09-23T13:41:30.7624161Z # (node:6535) ExperimentalWarning: SQLite is an experimental feature and might change at any time
2026-09-23T13:41:30.7625783Z # (Use `node --trace-warnings ...` to show where the warning was created)
2026-09-23T13:41:30.7704797Z # Subtest: missing private proof pauses a valid reserved send without losing availability, then releases its obsolete hold
2026-09-23T13:41:30.7707191Z ok 109 - missing private proof pauses a valid reserved send without losing availability, then releases its obsolete hold
2026-09-23T13:41:30.7708610Z   ---
2026-09-23T13:41:30.7709356Z   duration_ms: 1868.928547
2026-09-23T13:41:30.7709894Z   type: 'test'
2026-09-23T13:41:30.7710333Z   ...
2026-09-23T13:41:30.7711688Z # Subtest: runtime closure persists the minimal stop without rewriting the private document and releases only automatic protection
2026-09-23T13:41:30.7713801Z ok 110 - runtime closure persists the minimal stop without rewriting the private document and releases only automatic protection
2026-09-23T13:41:30.7714968Z   ---
2026-09-23T13:41:30.7715390Z   duration_ms: 1714.333579
2026-09-23T13:41:30.7715892Z   type: 'test'
2026-09-23T13:41:30.7716283Z   ...
2026-09-23T13:41:30.7717293Z # Subtest: runtime group stop and closure recover together after rollback
2026-09-23T13:41:30.7718486Z ok 111 - runtime group stop and closure recover together after rollback
2026-09-23T13:41:30.7719210Z   ---
2026-09-23T13:41:30.7719624Z   duration_ms: 1099.685793
2026-09-23T13:41:30.7720093Z   type: 'test'
2026-09-23T13:41:30.7720446Z   ...
2026-09-23T13:41:30.7721302Z # Subtest: runtime group stop and closure recover together after lost commit response
2026-09-23T13:41:30.7722624Z ok 112 - runtime group stop and closure recover together after lost commit response
2026-09-23T13:41:30.7723435Z   ---
2026-09-23T13:41:30.7723833Z   duration_ms: 865.254656
2026-09-23T13:41:30.7724284Z   type: 'test'
2026-09-23T13:41:30.7724661Z   ...
2026-09-23T13:41:30.7725686Z # Subtest: full normal database quota still commits a group stop while the ordinary growth control fails
2026-09-23T13:41:30.7727471Z ok 113 - full normal database quota still commits a group stop while the ordinary growth control fails
2026-09-23T13:41:30.7728383Z   ---
2026-09-23T13:41:30.7728802Z   duration_ms: 2559.206706
2026-09-23T13:41:30.7729256Z   type: 'test'
2026-09-23T13:41:30.7729622Z   ...
2026-09-23T13:41:30.7730624Z # Subtest: forged stop mirror, mismatched binding and orphan stop all fail authenticated reopening
2026-09-23T13:41:30.7731601Z     # Subtest: mirror
2026-09-23T13:41:30.7732070Z     ok 1 - mirror
2026-09-23T13:41:30.7732512Z       ---
2026-09-23T13:41:30.7732986Z       duration_ms: 805.118509
2026-09-23T13:41:30.7733519Z       type: 'test'
2026-09-23T13:41:30.7733929Z       ...
2026-09-23T13:41:30.7734345Z     # Subtest: binding
2026-09-23T13:41:30.7734821Z     ok 2 - binding
2026-09-23T13:41:30.7735221Z       ---
2026-09-23T13:41:30.7735669Z       duration_ms: 947.06607
2026-09-23T13:41:30.7736174Z       type: 'test'
2026-09-23T13:41:30.7736563Z       ...
2026-09-23T13:41:30.7737230Z     # Subtest: orphan
2026-09-23T13:41:30.7737717Z     ok 3 - orphan
2026-09-23T13:41:30.7738115Z       ---
2026-09-23T13:41:30.7738569Z       duration_ms: 930.258482
2026-09-23T13:41:30.7739077Z       type: 'test'
2026-09-23T13:41:30.7739488Z       ...
2026-09-23T13:41:30.7739850Z     1..3
2026-09-23T13:41:30.7740816Z ok 114 - forged stop mirror, mismatched binding and orphan stop all fail authenticated reopening
2026-09-23T13:41:30.7741703Z   ---
2026-09-23T13:41:30.7742111Z   duration_ms: 2683.344996
2026-09-23T13:41:30.7742569Z   type: 'test'
2026-09-23T13:41:30.7742940Z   ...
2026-09-23T13:41:30.7744482Z # Subtest: bounded stopped entries coexist with 128 new pending operations; half bindings and extra fields fail
2026-09-23T13:41:30.7746423Z ok 115 - bounded stopped entries coexist with 128 new pending operations; half bindings and extra fields fail
2026-09-23T13:41:30.7747619Z   ---
2026-09-23T13:41:30.7748033Z   duration_ms: 785.426837
2026-09-23T13:41:30.7748492Z   type: 'test'
2026-09-23T13:41:30.7748864Z   ...
2026-09-23T13:41:30.7749892Z # Subtest: a restrictive prefix with an invalid tail stops the runtime intent in its accepted transaction
2026-09-23T13:41:30.7750774Z ok 116 - a restrictive prefix with an invalid tail stops the runtime intent in its accepted transaction
2026-09-23T13:41:30.7751264Z   ---
2026-09-23T13:41:30.7751484Z   duration_ms: 885.395118
2026-09-23T13:41:30.7751726Z   type: 'test'
2026-09-23T13:41:30.7751926Z   ...
2026-09-23T13:41:30.7752395Z # Subtest: stop retirement and removal of the corresponding intent share a private commit
2026-09-23T13:41:30.7753163Z ok 117 - stop retirement and removal of the corresponding intent share a private commit
2026-09-23T13:41:30.7753591Z   ---
2026-09-23T13:41:30.7753800Z   duration_ms: 1397.971917
2026-09-23T13:41:30.7754038Z   type: 'test'
2026-09-23T13:41:30.7754228Z   ...
2026-09-23T13:41:31.9227776Z # Subtest: runtime stop cancels its existing transport queue
2026-09-23T13:41:31.9228911Z ok 118 - runtime stop cancels its existing transport queue
2026-09-23T13:41:31.9229753Z   ---
2026-09-23T13:41:31.9230288Z   duration_ms: 1304.419848
2026-09-23T13:41:31.9230934Z   type: 'test'
2026-09-23T13:41:31.9231451Z   ...
2026-09-23T13:41:33.3048061Z # Subtest: runtime negative control delivers its existing transport queue
2026-09-23T13:41:33.3058264Z ok 119 - runtime negative control delivers its existing transport queue
2026-09-23T13:41:33.3058982Z   ---
2026-09-23T13:41:33.3059344Z   duration_ms: 1225.096004
2026-09-23T13:41:33.3059639Z   type: 'test'
2026-09-23T13:41:33.3059881Z   ...
2026-09-23T13:41:35.3331466Z # Subtest: real TCP cache request checks active author authority even after delivery completed
2026-09-23T13:41:35.3333492Z ok 120 - real TCP cache request checks active author authority even after delivery completed
2026-09-23T13:41:35.3334454Z   ---
2026-09-23T13:41:35.3335110Z   duration_ms: 1874.167842
2026-09-23T13:41:35.3335830Z   type: 'test'
2026-09-23T13:41:35.3336499Z   ...
2026-09-23T13:41:37.0208738Z # Subtest: real TCP cache request checks closed author authority even after delivery completed
2026-09-23T13:41:37.0210285Z ok 121 - real TCP cache request checks closed author authority even after delivery completed
2026-09-23T13:41:37.0211203Z   ---
2026-09-23T13:41:37.0211682Z   duration_ms: 1833.720158
2026-09-23T13:41:37.0212201Z   type: 'test'
2026-09-23T13:41:37.0212609Z   ...
2026-09-23T13:41:37.6115986Z # Subtest: real TCP cache request checks locked author authority even after delivery completed
2026-09-23T13:41:37.6118254Z ok 122 - real TCP cache request checks locked author authority even after delivery completed
2026-09-23T13:41:37.6119022Z   ---
2026-09-23T13:41:37.6119378Z   duration_ms: 1447.395889
2026-09-23T13:41:37.6119845Z   type: 'test'
2026-09-23T13:41:37.6120427Z   ...
2026-09-23T13:41:38.2734218Z # (node:6557) ExperimentalWarning: SQLite is an experimental feature and might change at any time
2026-09-23T13:41:38.2735284Z # (Use `node --trace-warnings ...` to show where the warning was created)
2026-09-23T13:41:38.2764256Z # Subtest: repeated authority reads share verified checkpoint work only inside an unchanged transaction
2026-09-23T13:41:38.2766955Z ok 123 - repeated authority reads share verified checkpoint work only inside an unchanged transaction
2026-09-23T13:41:38.2768421Z   ---
2026-09-23T13:41:38.2769165Z   duration_ms: 74.25852
2026-09-23T13:41:38.2769928Z   type: 'test'
2026-09-23T13:41:38.2770845Z   ...
2026-09-23T13:41:38.2772065Z # Subtest: a write after a cached read revalidates corruption and aborts the outer transaction
2026-09-23T13:41:38.2773515Z ok 124 - a write after a cached read revalidates corruption and aborts the outer transaction
2026-09-23T13:41:38.2774310Z   ---
2026-09-23T13:41:38.2774627Z   duration_ms: 43.826456
2026-09-23T13:41:38.2774975Z   type: 'test'
2026-09-23T13:41:38.2775253Z   ...
2026-09-23T13:41:38.2777392Z # Subtest: a closure in the same authority scope invalidates an earlier active view
2026-09-23T13:41:38.2779291Z ok 125 - a closure in the same authority scope invalidates an earlier active view
2026-09-23T13:41:38.2779984Z   ---
2026-09-23T13:41:38.2780504Z   duration_ms: 91.728222
2026-09-23T13:41:38.2780990Z   type: 'test'
2026-09-23T13:41:38.2781424Z   ...
2026-09-23T13:41:38.2782230Z # Subtest: a cached checkpoint cannot hide deletion of its referenced epoch: proof
2026-09-23T13:41:38.2783327Z ok 126 - a cached checkpoint cannot hide deletion of its referenced epoch: proof
2026-09-23T13:41:38.2783894Z   ---
2026-09-23T13:41:38.2784381Z   duration_ms: 41.095085
2026-09-23T13:41:38.2784885Z   type: 'test'
2026-09-23T13:41:38.2785316Z   ...
2026-09-23T13:41:38.2786129Z # Subtest: a cached checkpoint cannot hide deletion of its referenced snapshot: proof
2026-09-23T13:41:38.2787581Z ok 127 - a cached checkpoint cannot hide deletion of its referenced snapshot: proof
2026-09-23T13:41:38.2788320Z   ---
2026-09-23T13:41:38.2788682Z   duration_ms: 45.783052
2026-09-23T13:41:38.2789088Z   type: 'test'
2026-09-23T13:41:38.2789421Z   ...
2026-09-23T13:41:38.2790365Z # Subtest: the scoped checkpoint work cache evicts old groups instead of retaining every read
2026-09-23T13:41:38.2792072Z ok 128 - the scoped checkpoint work cache evicts old groups instead of retaining every read
2026-09-23T13:41:38.2792740Z   ---
2026-09-23T13:41:38.2793213Z   duration_ms: 183.965782
2026-09-23T13:41:38.2793757Z   type: 'test'
2026-09-23T13:41:38.2794174Z   ...
2026-09-23T13:41:43.0852236Z # (node:6576) ExperimentalWarning: SQLite is an experimental feature and might change at any time
2026-09-23T13:41:43.0854208Z # (Use `node --trace-warnings ...` to show where the warning was created)
2026-09-23T13:41:43.0928099Z # Subtest: creator state is encrypted, permanent and idempotent while its operation is retained
2026-09-23T13:41:43.0944633Z ok 129 - creator state is encrypted, permanent and idempotent while its operation is retained
2026-09-23T13:41:43.0945800Z   ---
2026-09-23T13:41:43.0946459Z   duration_ms: 93.835616
2026-09-23T13:41:43.0947426Z   type: 'test'
2026-09-23T13:41:43.0947959Z   ...
2026-09-23T13:41:43.0949067Z # Subtest: explicit invitation needs complete ancestry and fresh consent before local membership
2026-09-23T13:41:43.0950727Z ok 130 - explicit invitation needs complete ancestry and fresh consent before local membership
2026-09-23T13:41:43.0951749Z   ---
2026-09-23T13:41:43.0952326Z   duration_ms: 461.980166
2026-09-23T13:41:43.0952991Z   type: 'test'
2026-09-23T13:41:43.0953525Z   ...
2026-09-23T13:41:43.0954707Z # Subtest: unknown groups, invalid signer and signed orphan hints cannot allocate, advance or freeze authority
2026-09-23T13:41:43.0956494Z ok 131 - unknown groups, invalid signer and signed orphan hints cannot allocate, advance or freeze authority
2026-09-23T13:41:43.0957927Z   ---
2026-09-23T13:41:43.0958477Z   duration_ms: 114.111576
2026-09-23T13:41:43.0959062Z   type: 'test'
2026-09-23T13:41:43.0959559Z   ...
2026-09-23T13:41:43.0960464Z # Subtest: an incumbent cannot skip an invalid intermediate membership snapshot
2026-09-23T13:41:43.0978241Z ok 132 - an incumbent cannot skip an invalid intermediate membership snapshot
2026-09-23T13:41:43.0979418Z   ---
2026-09-23T13:41:43.0979997Z   duration_ms: 204.139712
2026-09-23T13:41:43.0980622Z   type: 'test'
2026-09-23T13:41:43.0981155Z   ...
2026-09-23T13:41:43.0982224Z # Subtest: creator equivocation freezes durably; stale hints do not choose or erase a branch
2026-09-23T13:41:43.0983752Z ok 133 - creator equivocation freezes durably; stale hints do not choose or erase a branch
2026-09-23T13:41:43.0984719Z   ---
2026-09-23T13:41:43.0985300Z   duration_ms: 189.739974
2026-09-23T13:41:43.0985924Z   type: 'test'
2026-09-23T13:41:43.0995560Z   ...
2026-09-23T13:41:43.0997418Z # Subtest: local leave survives restart and old consent replay; reentry requires a new committed nonce
2026-09-23T13:41:43.0999113Z ok 134 - local leave survives restart and old consent replay; reentry requires a new committed nonce
2026-09-23T13:41:43.1000138Z   ---
2026-09-23T13:41:43.1000749Z   duration_ms: 921.358334
2026-09-23T13:41:43.1001351Z   type: 'test'
2026-09-23T13:41:43.1001876Z   ...
2026-09-23T13:41:43.1002874Z # Subtest: a late join response cannot restore membership across a subsequent removal
2026-09-23T13:41:43.1004253Z ok 135 - a late join response cannot restore membership across a subsequent removal
2026-09-23T13:41:43.1005188Z   ---
2026-09-23T13:41:43.1005839Z   duration_ms: 327.097105
2026-09-23T13:41:43.1007000Z   type: 'test'
2026-09-23T13:41:43.1039640Z   ...
2026-09-23T13:41:43.1057514Z # Subtest: storage pressure persists a stop checkpoint instead of using an obsolete roster
2026-09-23T13:41:43.1061400Z ok 136 - storage pressure persists a stop checkpoint instead of using an obsolete roster
2026-09-23T13:41:43.1062424Z   ---
2026-09-23T13:41:43.1062993Z   duration_ms: 98.223228
2026-09-23T13:41:43.1063614Z   type: 'test'
2026-09-23T13:41:43.1064169Z   ...
2026-09-23T13:41:43.1065256Z # Subtest: closure and a stale expected parent cannot create a successor or bypass idempotency
2026-09-23T13:41:43.1067077Z ok 137 - closure and a stale expected parent cannot create a successor or bypass idempotency
2026-09-23T13:41:43.1068062Z   ---
2026-09-23T13:41:43.1068634Z   duration_ms: 198.444457
2026-09-23T13:41:43.1069242Z   type: 'test'
2026-09-23T13:41:43.1069765Z   ...
2026-09-23T13:41:43.1070734Z # Subtest: 64 remembered groups are retained; capacity is not reset by closing them
2026-09-23T13:41:43.1072086Z ok 138 - 64 remembered groups are retained; capacity is not reset by closing them
2026-09-23T13:41:43.1072963Z   ---
2026-09-23T13:41:43.1073523Z   duration_ms: 1963.614311
2026-09-23T13:41:43.1074159Z   type: 'test'
2026-09-23T13:41:43.1074703Z   ...
2026-09-23T13:41:43.5233547Z # Subtest: two real creator processes use compare-and-set and cannot commit siblings in one registry
2026-09-23T13:41:43.5234790Z ok 139 - two real creator processes use compare-and-set and cannot commit siblings in one registry
2026-09-23T13:41:43.5235511Z   ---
2026-09-23T13:41:43.5236039Z   duration_ms: 444.142978
2026-09-23T13:41:43.5236853Z   type: 'test'
2026-09-23T13:41:43.5237341Z   ...
2026-09-23T13:41:54.8588604Z # Subtest: real process crashes preserve atomic authority and the original operation after a lost response
2026-09-23T13:41:54.8590332Z ok 140 - real process crashes preserve atomic authority and the original operation after a lost response
2026-09-23T13:41:54.8591266Z   ---
2026-09-23T13:41:54.8591686Z   duration_ms: 513.980811
2026-09-23T13:41:54.8592161Z   type: 'test'
2026-09-23T13:41:54.8592609Z   ...
2026-09-23T13:41:54.8594670Z # Subtest: later snapshots wait for a missing intermediate state and activate after its verified arrival
2026-09-23T13:41:54.8596325Z ok 141 - later snapshots wait for a missing intermediate state and activate after its verified arrival
2026-09-23T13:41:54.8597530Z   ---
2026-09-23T13:41:54.8603110Z   duration_ms: 750.133176
2026-09-23T13:41:54.8603650Z   type: 'test'
2026-09-23T13:41:54.8604058Z   ...
2026-09-23T13:41:54.8605025Z # Subtest: capacity recovery adopts the exact stopped header and still needs its private state
2026-09-23T13:41:54.8606590Z ok 142 - capacity recovery adopts the exact stopped header and still needs its private state
2026-09-23T13:41:54.8607870Z   ---
2026-09-23T13:41:54.8645605Z   duration_ms: 185.889583
2026-09-23T13:41:54.8646437Z   type: 'test'
2026-09-23T13:41:54.8652603Z   ...
2026-09-23T13:41:54.8653787Z # Subtest: snapshot capacity stops survive restart; freeing space alone cannot reactivate membership
2026-09-23T13:41:54.8655466Z ok 143 - snapshot capacity stops survive restart; freeing space alone cannot reactivate membership
2026-09-23T13:41:54.8656495Z   ---
2026-09-23T13:41:54.8657814Z   duration_ms: 173.996491
2026-09-23T13:41:54.8658514Z   type: 'test'
2026-09-23T13:41:54.8658866Z   ...
2026-09-23T13:41:54.8659818Z # Subtest: a real sibling proof during capacity suspension freezes permanently and is retrievable
2026-09-23T13:41:54.8661286Z ok 144 - a real sibling proof during capacity suspension freezes permanently and is retrievable
2026-09-23T13:41:54.8661788Z   ---
2026-09-23T13:41:54.8662025Z   duration_ms: 124.100827
2026-09-23T13:41:54.8662282Z   type: 'test'
2026-09-23T13:41:54.8662494Z   ...
2026-09-23T13:41:54.8663044Z # Subtest: finite operation retention follows authenticated revisions and leaves group proofs intact
2026-09-23T13:41:54.8663874Z ok 145 - finite operation retention follows authenticated revisions and leaves group proofs intact
2026-09-23T13:41:54.8664344Z   ---
2026-09-23T13:41:54.8664570Z   duration_ms: 4369.705497
2026-09-23T13:41:54.8664820Z   type: 'test'
2026-09-23T13:41:54.8665017Z   ...
2026-09-23T13:41:54.8665604Z # Subtest: authenticated but malformed authority records fail closed instead of trusting falsy fields or cursors
2026-09-23T13:41:54.8666521Z ok 146 - authenticated but malformed authority records fail closed instead of trusting falsy fields or cursors
2026-09-23T13:41:54.8667659Z   ---
2026-09-23T13:41:54.8668070Z   duration_ms: 71.517992
2026-09-23T13:41:54.8668510Z   type: 'test'
2026-09-23T13:41:54.8668848Z   ...
2026-09-23T13:41:54.8669605Z # Subtest: corrupt retained operation cannot fabricate a successful response
2026-09-23T13:41:54.8670755Z ok 147 - corrupt retained operation cannot fabricate a successful response
2026-09-23T13:41:54.8671636Z   ---
2026-09-23T13:41:54.8672013Z   duration_ms: 14.081283
2026-09-23T13:41:54.8672449Z   type: 'test'
2026-09-23T13:41:54.8672833Z   ...
2026-09-23T13:41:54.8673763Z # Subtest: local leave and creator closure remain durable under full ordinary metadata capacity
2026-09-23T13:41:54.8675167Z ok 148 - local leave and creator closure remain durable under full ordinary metadata capacity
2026-09-23T13:41:54.8675993Z   ---
2026-09-23T13:41:54.8676390Z   duration_ms: 425.022308
2026-09-23T13:41:54.8677101Z   type: 'test'
2026-09-23T13:41:54.8677456Z   ...
2026-09-23T13:41:54.8678389Z # Subtest: a malformed trailing proof cannot roll back an already verified removal in the same page
2026-09-23T13:41:54.8679817Z ok 149 - a malformed trailing proof cannot roll back an already verified removal in the same page
2026-09-23T13:41:54.8680641Z   ---
2026-09-23T13:41:54.8681012Z   duration_ms: 413.193769
2026-09-23T13:41:54.8681431Z   type: 'test'
2026-09-23T13:41:54.8681775Z   ...
2026-09-23T13:41:54.8682655Z # Subtest: the declared maximum checkpoints and stop receipts fit the reserved SQLite budget
2026-09-23T13:41:54.8684001Z ok 150 - the declared maximum checkpoints and stop receipts fit the reserved SQLite budget
2026-09-23T13:41:54.8684775Z   ---
2026-09-23T13:41:54.8685151Z   duration_ms: 209.635589
2026-09-23T13:41:54.8685571Z   type: 'test'
2026-09-23T13:41:54.8685911Z   ...
2026-09-23T13:41:54.8687139Z # Subtest: retirement rechecks every operation signature after caching a group in the same transaction
2026-09-23T13:41:54.8688674Z ok 151 - retirement rechecks every operation signature after caching a group in the same transaction
2026-09-23T13:41:54.8689531Z   ---
2026-09-23T13:41:54.8689912Z   duration_ms: 4110.394405
2026-09-23T13:41:54.8690338Z   type: 'test'
2026-09-23T13:41:54.8690685Z   ...
2026-09-23T13:41:55.2509248Z # (node:6649) ExperimentalWarning: SQLite is an experimental feature and might change at any time
2026-09-23T13:41:55.2510731Z # (Use `node --trace-warnings ...` to show where the warning was created)
2026-09-23T13:41:59.1327899Z # Subtest: authenticated Node group management persists membership and restrictive proofs
2026-09-23T13:41:59.1329624Z ok 152 - authenticated Node group management persists membership and restrictive proofs
2026-09-23T13:41:59.1330277Z   ---
2026-09-23T13:41:59.1330602Z   duration_ms: 3772.475059
2026-09-23T13:41:59.1330971Z   type: 'test'
2026-09-23T13:41:59.1331247Z   ...
2026-09-23T13:41:59.2766346Z # Subtest: group API recovers a committed command whose response was lost without creating a second group
2026-09-23T13:41:59.2769336Z ok 153 - group API recovers a committed command whose response was lost without creating a second group
2026-09-23T13:41:59.2770375Z   ---
2026-09-23T13:41:59.2771041Z   duration_ms: 257.64089
2026-09-23T13:41:59.2771557Z   type: 'test'
2026-09-23T13:41:59.2771952Z   ...
2026-09-23T13:42:00.5005112Z # (node:6694) ExperimentalWarning: SQLite is an experimental feature and might change at any time
2026-09-23T13:42:00.5006509Z # (Use `node --trace-warnings ...` to show where the warning was created)
2026-09-23T13:42:02.1454842Z # Subtest: group send intent rollback has no transport side effect
2026-09-23T13:42:02.1457148Z ok 154 - group send intent rollback has no transport side effect
2026-09-23T13:42:02.1458352Z   ---
2026-09-23T13:42:02.1458877Z   duration_ms: 1740.014023
2026-09-23T13:42:02.1459350Z   type: 'test'
2026-09-23T13:42:02.1459696Z   ...
2026-09-23T13:42:04.3516597Z # Subtest: group send intent lost response has no transport side effect
2026-09-23T13:42:04.3518258Z ok 155 - group send intent lost response has no transport side effect
2026-09-23T13:42:04.3518841Z   ---
2026-09-23T13:42:04.3519249Z   duration_ms: 2141.780151
2026-09-23T13:42:04.3519645Z   type: 'test'
2026-09-23T13:42:06.8696854Z   ...
2026-09-23T13:42:06.8697984Z # Subtest: group send recovers original stored bytes after ready rollback
2026-09-23T13:42:06.8699305Z ok 156 - group send recovers original stored bytes after ready rollback
2026-09-23T13:42:06.8700090Z   ---
2026-09-23T13:42:06.8700640Z   duration_ms: 2617.503275
2026-09-23T13:42:06.8701248Z   type: 'test'
2026-09-23T13:42:06.8701721Z   ...
2026-09-23T13:42:09.3647948Z # Subtest: group send recovers original stored bytes after lost ready response
2026-09-23T13:42:09.3649890Z ok 157 - group send recovers original stored bytes after lost ready response
2026-09-23T13:42:09.3651157Z   ---
2026-09-23T13:42:09.3651582Z   duration_ms: 2500.954898
2026-09-23T13:42:09.3651957Z   type: 'test'
2026-09-23T13:42:09.3652252Z   ...
2026-09-23T13:42:10.8577096Z # Subtest: a reported content-store failure cannot leak the new group packet or silently create another ID
2026-09-23T13:42:10.8578828Z ok 158 - a reported content-store failure cannot leak the new group packet or silently create another ID
2026-09-23T13:42:10.8580286Z   ---
2026-09-23T13:42:10.8580902Z   duration_ms: 2195.156593
2026-09-23T13:42:10.8581671Z   type: 'test'
2026-09-23T13:42:10.8582171Z   ...
2026-09-23T13:42:16.5898618Z # Subtest: actual group send APIs create durable encrypted text, attachment and reply over TCP without global contacts
2026-09-23T13:42:16.5900596Z ok 159 - actual group send APIs create durable encrypted text, attachment and reply over TCP without global contacts
2026-09-23T13:42:16.5901608Z   ---
2026-09-23T13:42:16.5902036Z   duration_ms: 5538.435921
2026-09-23T13:42:16.5902516Z   type: 'test'
2026-09-23T13:42:16.5902894Z   ...
2026-09-23T13:42:20.5895904Z # Subtest: new group sends require current head and exact snapshot audience; retained operation remains immutable
2026-09-23T13:42:20.5898226Z ok 160 - new group sends require current head and exact snapshot audience; retained operation remains immutable
2026-09-23T13:42:20.5899389Z   ---
2026-09-23T13:42:20.5900009Z   duration_ms: 4003.265851
2026-09-23T13:42:20.5900638Z   type: 'test'
2026-09-23T13:42:20.5901173Z   ...
2026-09-23T13:42:20.9144369Z # (node:6768) ExperimentalWarning: SQLite is an experimental feature and might change at any time
2026-09-23T13:42:20.9146381Z # (Use `node --trace-warnings ...` to show where the warning was created)
2026-09-23T13:42:20.9188880Z # Subtest: encrypted metadata survives close/reopen; uncommitted work and transaction handles cannot escape
2026-09-23T13:42:20.9191305Z ok 161 - encrypted metadata survives close/reopen; uncommitted work and transaction handles cannot escape
2026-09-23T13:42:20.9192279Z   ---
2026-09-23T13:42:20.9193065Z   duration_ms: 23.908997
2026-09-23T13:42:20.9193808Z   type: 'test'
2026-09-23T13:42:20.9194202Z   ...
2026-09-23T13:42:20.9195319Z # Subtest: absence, truncation, wrong identity, wrong signing authority and extra SQL schema fail closed
2026-09-23T13:42:20.9197843Z ok 162 - absence, truncation, wrong identity, wrong signing authority and extra SQL schema fail closed
2026-09-23T13:42:20.9198760Z   ---
2026-09-23T13:42:20.9199189Z   duration_ms: 9.603672
2026-09-23T13:42:20.9199651Z   type: 'test'
2026-09-23T13:42:20.9200033Z   ...
2026-09-23T13:42:20.9200831Z # Subtest: unknown schema cannot hide behind a similar SQLite prefix
2026-09-23T13:42:20.9202014Z ok 163 - unknown schema cannot hide behind a similar SQLite prefix
2026-09-23T13:42:20.9202747Z   ---
2026-09-23T13:42:20.9205903Z   duration_ms: 6.005039
2026-09-23T13:42:20.9206364Z   type: 'test'
2026-09-23T13:42:20.9207000Z   ...
2026-09-23T13:42:20.9208100Z # Subtest: valid encryption with only the reading key cannot forge a locally signed fence
2026-09-23T13:42:20.9210204Z ok 164 - valid encryption with only the reading key cannot forge a locally signed fence
2026-09-23T13:42:20.9211347Z   ---
2026-09-23T13:42:20.9212021Z   duration_ms: 9.71537
2026-09-23T13:42:20.9212746Z   type: 'test'
2026-09-23T13:42:20.9213286Z   ...
2026-09-23T13:42:20.9242709Z # Subtest: checkpoint corruption, deletion, wrong SQL type and oversize are rejected before trusting state
2026-09-23T13:42:20.9253431Z ok 165 - checkpoint corruption, deletion, wrong SQL type and oversize are rejected before trusting state
2026-09-23T13:42:20.9254560Z   ---
2026-09-23T13:42:20.9255125Z   duration_ms: 28.334906
2026-09-23T13:42:20.9255739Z   type: 'test'
2026-09-23T13:42:20.9256237Z   ...
2026-09-23T13:42:20.9257674Z # Subtest: complete valid backup rollback is an explicit limitation; a pinned different registry is rejected
2026-09-23T13:42:20.9259462Z ok 166 - complete valid backup rollback is an explicit limitation; a pinned different registry is rejected
2026-09-23T13:42:20.9260540Z   ---
2026-09-23T13:42:20.9261099Z   duration_ms: 15.3077
2026-09-23T13:42:20.9261673Z   type: 'test'
2026-09-23T13:42:20.9262195Z   ...
2026-09-23T13:42:20.9263488Z # Subtest: ciphertext substitution, swallowed integrity errors and stale index replay cannot change a committed record
2026-09-23T13:42:20.9265475Z ok 167 - ciphertext substitution, swallowed integrity errors and stale index replay cannot change a committed record
2026-09-23T13:42:20.9266880Z   ---
2026-09-23T13:42:20.9267497Z   duration_ms: 13.18373
2026-09-23T13:42:20.9268117Z   type: 'test'
2026-09-23T13:42:20.9268637Z   ...
2026-09-23T13:42:20.9269630Z # Subtest: a replacement callback error cannot erase an observed integrity failure
2026-09-23T13:42:20.9271061Z ok 168 - a replacement callback error cannot erase an observed integrity failure
2026-09-23T13:42:20.9271972Z   ---
2026-09-23T13:42:20.9272530Z   duration_ms: 7.059619
2026-09-23T13:42:20.9273112Z   type: 'test'
2026-09-23T13:42:20.9273612Z   ...
2026-09-23T13:42:20.9274614Z # Subtest: record AAD binds logical key and revision even beneath a freshly signed index
2026-09-23T13:42:20.9276038Z ok 169 - record AAD binds logical key and revision even beneath a freshly signed index
2026-09-23T13:42:20.9277333Z   ---
2026-09-23T13:42:20.9277919Z   duration_ms: 9.60782
2026-09-23T13:42:20.9278621Z   type: 'test'
2026-09-23T13:42:20.9279222Z   ...
2026-09-23T13:42:20.9280397Z # Subtest: ordinary metadata cannot consume the checkpoint reserve; capacity failure is atomic
2026-09-23T13:42:20.9282099Z ok 170 - ordinary metadata cannot consume the checkpoint reserve; capacity failure is atomic
2026-09-23T13:42:20.9283204Z   ---
2026-09-23T13:42:20.9283846Z   duration_ms: 14.549432
2026-09-23T13:42:20.9284520Z   type: 'test'
2026-09-23T13:42:20.9285100Z   ...
2026-09-23T13:42:21.1123430Z # Subtest: abrupt writer process death rolls back staged SQL and preserves the last authenticated checkpoint
2026-09-23T13:42:21.1125677Z ok 171 - abrupt writer process death rolls back staged SQL and preserves the last authenticated checkpoint
2026-09-23T13:42:21.1127286Z   ---
2026-09-23T13:42:21.1127873Z   duration_ms: 197.806123
2026-09-23T13:42:21.1128482Z   type: 'test'
2026-09-23T13:42:21.1128997Z   ...
2026-09-23T13:42:21.3832231Z # Subtest: two actual writer processes serialize read-modify-write without losing updates
2026-09-23T13:42:21.3837964Z ok 172 - two actual writer processes serialize read-modify-write without losing updates
2026-09-23T13:42:21.3838989Z   ---
2026-09-23T13:42:21.3839513Z   duration_ms: 280.215587
2026-09-23T13:42:21.3840074Z   type: 'test'
2026-09-23T13:42:21.3840569Z   ...
2026-09-23T13:42:24.3610105Z # (node:6841) ExperimentalWarning: SQLite is an experimental feature and might change at any time
2026-09-23T13:42:24.3612694Z # (Use `node --trace-warnings ...` to show where the warning was created)
2026-09-23T13:42:24.3648497Z # Subtest: control store failures still consume the bounded publication budget
2026-09-23T13:42:24.3650130Z ok 173 - control store failures still consume the bounded publication budget
2026-09-23T13:42:24.3651024Z   ---
2026-09-23T13:42:24.3651629Z   duration_ms: 561.701572
2026-09-23T13:42:24.3652318Z   type: 'test'
2026-09-23T13:42:24.3652949Z   ...
2026-09-23T13:42:24.3656465Z # Subtest: control transport failures still consume the bounded publication budget
2026-09-23T13:42:24.3658416Z ok 174 - control transport failures still consume the bounded publication budget
2026-09-23T13:42:24.3659382Z   ---
2026-09-23T13:42:24.3659808Z   duration_ms: 532.144217
2026-09-23T13:42:24.3660272Z   type: 'test'
2026-09-23T13:42:24.3660741Z   ...
2026-09-23T13:42:24.3663776Z # Subtest: network responses obey the producer cache quota without evicting pinned controls
2026-09-23T13:42:24.3666522Z ok 175 - network responses obey the producer cache quota without evicting pinned controls
2026-09-23T13:42:24.3667865Z   ---
2026-09-23T13:42:24.3668442Z   duration_ms: 1693.537679
2026-09-23T13:42:24.3669101Z   type: 'test'
2026-09-23T13:42:24.3669604Z   ...
2026-09-23T13:42:28.1889806Z # Subtest: real wire delivers newest snapshot before missing predecessors and projects the verified newest title
2026-09-23T13:42:28.1892278Z ok 176 - real wire delivers newest snapshot before missing predecessors and projects the verified newest title
2026-09-23T13:42:28.1893554Z   ---
2026-09-23T13:42:28.1894068Z   duration_ms: 3550.583078
2026-09-23T13:42:28.1894660Z   type: 'test'
2026-09-23T13:42:28.1895107Z   ...
2026-09-23T13:42:32.8452705Z # Subtest: available encrypted controls replay before a locked member can retry or sign after removal
2026-09-23T13:42:32.8454129Z ok 177 - available encrypted controls replay before a locked member can retry or sign after removal
2026-09-23T13:42:32.8454806Z   ---
2026-09-23T13:42:32.8455124Z   duration_ms: 4398.332646
2026-09-23T13:42:32.8455452Z   type: 'test'
2026-09-23T13:42:32.8455706Z   ...
2026-09-23T13:42:46.8530515Z # Subtest: Node control requests recover lost responses and revalidate authority on identical retries
2026-09-23T13:42:46.8532914Z ok 178 - Node control requests recover lost responses and revalidate authority on identical retries
2026-09-23T13:42:46.8534233Z   ---
2026-09-23T13:42:46.8534831Z   duration_ms: 13735.689051
2026-09-23T13:42:46.8535496Z   type: 'test'
2026-09-23T13:42:46.8535915Z   ...
2026-09-23T13:42:56.3631960Z # Subtest: real Node control proofs heal a partition from another member after creator stops
2026-09-23T13:42:56.3633684Z ok 179 - real Node control proofs heal a partition from another member after creator stops
2026-09-23T13:42:56.3634571Z   ---
2026-09-23T13:42:56.3635058Z   duration_ms: 9310.262247
2026-09-23T13:42:56.3635537Z   type: 'test'
2026-09-23T13:42:56.3635953Z   ...
2026-09-23T13:43:09.2894793Z # Subtest: Node control proofs traverse TCP and serial PTYs, with partition, relay-off and offline opaque seeder controls
2026-09-23T13:43:09.2897420Z ok 180 - Node control proofs traverse TCP and serial PTYs, with partition, relay-off and offline opaque seeder controls
2026-09-23T13:43:09.2898609Z   ---
2026-09-23T13:43:09.2899740Z   duration_ms: 12712.415914
2026-09-23T13:43:09.2900631Z   type: 'test'
2026-09-23T13:43:09.2901229Z   ...
2026-09-23T13:43:13.4530424Z # Subtest: real Node peers synchronise epoch snapshots and closure without HTTP proof transfer after setup
2026-09-23T13:43:13.4535739Z ok 181 - real Node peers synchronise epoch snapshots and closure without HTTP proof transfer after setup
2026-09-23T13:43:13.4537178Z   ---
2026-09-23T13:43:13.4537550Z   duration_ms: 3956.570567
2026-09-23T13:43:13.4537887Z   type: 'test'
2026-09-23T13:43:13.4538126Z   ...
2026-09-23T13:43:24.3033378Z # Subtest: remembered invitation fetches paginated public ancestry automatically but no pre-join private snapshot
2026-09-23T13:43:24.3035059Z ok 182 - remembered invitation fetches paginated public ancestry automatically but no pre-join private snapshot
2026-09-23T13:43:24.3035951Z   ---
2026-09-23T13:43:24.3036532Z   duration_ms: 10853.552251
2026-09-23T13:43:24.3037391Z   type: 'test'
2026-09-23T13:43:24.3037731Z   ...
2026-09-23T13:43:24.8857468Z # (node:7125) ExperimentalWarning: SQLite is an experimental feature and might change at any time
2026-09-23T13:43:24.8859442Z # (Use `node --trace-warnings ...` to show where the warning was created)
2026-09-23T13:43:24.8884980Z # Subtest: group and private document share one commit; callback rollback and expired scopes cannot leak writes
2026-09-23T13:43:24.8888062Z ok 183 - group and private document share one commit; callback rollback and expired scopes cannot leak writes
2026-09-23T13:43:24.8889648Z   ---
2026-09-23T13:43:24.8890312Z   duration_ms: 101.496545
2026-09-23T13:43:24.8891046Z   type: 'test'
2026-09-23T13:43:24.8891632Z   ...
2026-09-23T13:43:24.8892696Z # Subtest: swallowing a scoped operation failure cannot commit earlier group or private writes
2026-09-23T13:43:24.8894540Z ok 184 - swallowing a scoped operation failure cannot commit earlier group or private writes
2026-09-23T13:43:24.8895283Z   ---
2026-09-23T13:43:24.8895628Z   duration_ms: 42.220691
2026-09-23T13:43:24.8896072Z   type: 'test'
2026-09-23T13:43:24.8896455Z   ...
2026-09-23T13:43:24.8902382Z # Subtest: a verified closure and private decision commit despite a rejected proof tail
2026-09-23T13:43:24.8905330Z ok 185 - a verified closure and private decision commit despite a rejected proof tail
2026-09-23T13:43:24.8906053Z   ---
2026-09-23T13:43:24.8906305Z   duration_ms: 92.256915
2026-09-23T13:43:24.8906834Z   type: 'test'
2026-09-23T13:43:24.8907162Z   ...
2026-09-23T13:43:24.8914597Z # Subtest: even swallowing the entire authority scope error cannot commit the outer transaction
2026-09-23T13:43:24.8917063Z ok 186 - even swallowing the entire authority scope error cannot commit the outer transaction
2026-09-23T13:43:24.8918248Z   ---
2026-09-23T13:43:24.8919035Z   duration_ms: 25.167728
2026-09-23T13:43:24.8919813Z   type: 'test'
2026-09-23T13:43:24.8920387Z   ...
2026-09-23T13:43:24.8924981Z # Subtest: minimal authority fence commits at full ordinary quota without growing the private document
2026-09-23T13:43:24.8929448Z ok 187 - minimal authority fence commits at full ordinary quota without growing the private document
2026-09-23T13:43:24.8930303Z   ---
2026-09-23T13:43:24.8930679Z   duration_ms: 122.011094
2026-09-23T13:43:24.8931094Z   type: 'test'
2026-09-23T13:43:24.8931456Z   ...
2026-09-23T13:43:34.7714096Z # Subtest: three processes TCP → serial PTY, partition/heal, relay control and publisher-offline seeder takeover
2026-09-23T13:43:34.7717034Z ok 188 - three processes TCP → serial PTY, partition/heal, relay control and publisher-offline seeder takeover
2026-09-23T13:43:34.7718003Z   ---
2026-09-23T13:43:34.7718362Z   duration_ms: 9654.38008
2026-09-23T13:43:34.7718994Z   type: 'test'
2026-09-23T13:43:34.7719545Z   ...
2026-09-23T13:43:41.9621043Z # Subtest: a delayed fixture client submits a non-idempotent operation once after the server closes idle HTTP sockets
2026-09-23T13:43:41.9623229Z ok 189 - a delayed fixture client submits a non-idempotent operation once after the server closes idle HTTP sockets
2026-09-23T13:43:41.9624922Z   ---
2026-09-23T13:43:41.9625830Z   duration_ms: 6995.383772
2026-09-23T13:43:41.9626516Z   type: 'test'
2026-09-23T13:43:41.9627343Z   ...
2026-09-23T13:43:43.3082741Z # Subtest: language variants resolve to supported choices and invalid selection preserves the current language
2026-09-23T13:43:43.3085325Z ok 190 - language variants resolve to supported choices and invalid selection preserves the current language
2026-09-23T13:43:43.3087020Z   ---
2026-09-23T13:43:43.3087739Z   duration_ms: 1.157695
2026-09-23T13:43:43.3088860Z   type: 'test'
2026-09-23T13:43:43.3089432Z   ...
2026-09-23T13:43:43.3090760Z # Subtest: context and interpolation preserve raw names without recursively translating parameters
2026-09-23T13:43:43.3092850Z ok 191 - context and interpolation preserve raw names without recursively translating parameters
2026-09-23T13:43:43.3099553Z   ---
2026-09-23T13:43:43.3100060Z   duration_ms: 0.301724
2026-09-23T13:43:43.3100679Z   type: 'test'
2026-09-23T13:43:43.3101116Z   ...
2026-09-23T13:43:43.3102075Z # Subtest: every catalog entry is unique, nonempty and retains all named parameters in both languages
2026-09-23T13:43:43.3103342Z ok 192 - every catalog entry is unique, nonempty and retains all named parameters in both languages
2026-09-23T13:43:43.3104081Z   ---
2026-09-23T13:43:43.3104569Z   duration_ms: 8.905777
2026-09-23T13:43:43.3105129Z   type: 'test'
2026-09-23T13:43:43.3105549Z   ...
2026-09-23T13:43:43.3106387Z # Subtest: literal UI lookups and state-label maps all have catalog entries
2026-09-23T13:43:43.3107683Z ok 193 - literal UI lookups and state-label maps all have catalog entries
2026-09-23T13:43:43.3108348Z   ---
2026-09-23T13:43:43.3108714Z   duration_ms: 331.788018
2026-09-23T13:43:43.3109006Z   type: 'test'
2026-09-23T13:43:43.3109242Z   ...
2026-09-23T13:43:45.6369227Z # Subtest: real processes: private conversation, receipt, unauthorized edit, social and restart recovery
2026-09-23T13:43:45.6371483Z ok 194 - real processes: private conversation, receipt, unauthorized edit, social and restart recovery
2026-09-23T13:43:45.6372427Z   ---
2026-09-23T13:43:45.6373006Z   duration_ms: 2090.898543
2026-09-23T13:43:45.6373661Z   type: 'test'
2026-09-23T13:43:45.6374019Z   ...
2026-09-23T13:43:46.5614994Z # Subtest: offline control rejects a live origin and proves socket refusal after normal and signal termination
2026-09-23T13:43:46.5617845Z ok 195 - offline control rejects a live origin and proves socket refusal after normal and signal termination
2026-09-23T13:43:46.5618783Z   ---
2026-09-23T13:43:46.5619108Z   duration_ms: 730.133671
2026-09-23T13:43:46.5619467Z   type: 'test'
2026-09-23T13:43:46.5619756Z   ...
2026-09-23T13:43:55.9566292Z # (node:7324) ExperimentalWarning: SQLite is an experimental feature and might change at any time
2026-09-23T13:43:55.9568090Z # (Use `node --trace-warnings ...` to show where the warning was created)
2026-09-23T13:43:55.9574427Z # (node:7324) ExperimentalWarning: The MockTimers API is an experimental feature and might change at any time
2026-09-23T13:43:55.9609678Z # Subtest: offline send is encrypted, pinned, idempotent and recovers the same operation after restart
2026-09-23T13:43:55.9611804Z ok 196 - offline send is encrypted, pinned, idempotent and recovers the same operation after restart
2026-09-23T13:43:55.9613073Z   ---
2026-09-23T13:43:55.9613853Z   duration_ms: 231.726755
2026-09-23T13:43:55.9614442Z   type: 'test'
2026-09-23T13:43:55.9614902Z   ...
2026-09-23T13:43:55.9615968Z # Subtest: preparing journal reconciles surviving exact bytes and never regenerates missing content
2026-09-23T13:43:55.9617884Z ok 197 - preparing journal reconciles surviving exact bytes and never regenerates missing content
2026-09-23T13:43:55.9618776Z   ---
2026-09-23T13:43:55.9619198Z   duration_ms: 130.8462
2026-09-23T13:43:55.9619675Z   type: 'test'
2026-09-23T13:43:55.9620061Z   ...
2026-09-23T13:43:55.9621060Z # Subtest: transport rejection after local acceptance stays pending and cannot crash periodic sync
2026-09-23T13:43:55.9623196Z ok 198 - transport rejection after local acceptance stays pending and cannot crash periodic sync
2026-09-23T13:43:55.9624391Z   ---
2026-09-23T13:43:55.9624832Z   duration_ms: 147.023282
2026-09-23T13:43:55.9625322Z   type: 'test'
2026-09-23T13:43:55.9625712Z   ...
2026-09-23T13:43:55.9627082Z # Subtest: per-reader signed delivery/read confirmations survive paging, replay, eviction and restart
2026-09-23T13:43:55.9628702Z ok 199 - per-reader signed delivery/read confirmations survive paging, replay, eviction and restart
2026-09-23T13:43:55.9629606Z   ---
2026-09-23T13:43:55.9630028Z   duration_ms: 974.657817
2026-09-23T13:43:55.9630490Z   type: 'test'
2026-09-23T13:43:55.9630883Z   ...
2026-09-23T13:43:55.9631847Z # Subtest: public, foreign-author and wrong-reader confirmations cannot advance a durable send
2026-09-23T13:43:55.9633294Z ok 200 - public, foreign-author and wrong-reader confirmations cannot advance a durable send
2026-09-23T13:43:55.9634158Z   ---
2026-09-23T13:43:55.9634584Z   duration_ms: 150.783875
2026-09-23T13:43:55.9635076Z   type: 'test'
2026-09-23T13:43:55.9635457Z   ...
2026-09-23T13:43:55.9636392Z # Subtest: expiry remains visible after payload removal and explicit user pin is preserved
2026-09-23T13:43:55.9638078Z ok 201 - expiry remains visible after payload removal and explicit user pin is preserved
2026-09-23T13:43:55.9638905Z   ---
2026-09-23T13:43:55.9639322Z   duration_ms: 224.523236
2026-09-23T13:43:55.9639790Z   type: 'test'
2026-09-23T13:43:55.9640178Z   ...
2026-09-23T13:43:55.9641070Z # Subtest: corrupted reserved bytes become unavailable without a new signed publication
2026-09-23T13:43:55.9642321Z ok 202 - corrupted reserved bytes become unavailable without a new signed publication
2026-09-23T13:43:55.9643031Z   ---
2026-09-23T13:43:55.9643328Z   duration_ms: 116.03637
2026-09-23T13:43:55.9643587Z   type: 'test'
2026-09-23T13:43:55.9643795Z   ...
2026-09-23T13:43:55.9644365Z # Subtest: blocked incomplete sends retain bounded reservation; blocked group readers do not break viewing
2026-09-23T13:43:55.9645938Z ok 203 - blocked incomplete sends retain bounded reservation; blocked group readers do not break viewing
2026-09-23T13:43:55.9646999Z   ---
2026-09-23T13:43:55.9647393Z   duration_ms: 266.464768
2026-09-23T13:43:55.9647823Z   type: 'test'
2026-09-23T13:43:55.9648174Z   ...
2026-09-23T13:43:55.9649021Z # Subtest: pending count/byte reservations and restored metadata ownership are bounded
2026-09-23T13:43:55.9649809Z ok 204 - pending count/byte reservations and restored metadata ownership are bounded
2026-09-23T13:43:55.9650377Z   ---
2026-09-23T13:43:55.9650846Z   duration_ms: 150.704003
2026-09-23T13:43:55.9651137Z   type: 'test'
2026-09-23T13:43:55.9651338Z   ...
2026-09-23T13:43:55.9651938Z # Subtest: a content-file directory flush error preserves the recorded operation instead of signing a replacement
2026-09-23T13:43:55.9653041Z ok 205 - a content-file directory flush error preserves the recorded operation instead of signing a replacement
2026-09-23T13:43:55.9653872Z   ---
2026-09-23T13:43:55.9654227Z   duration_ms: 115.468857
2026-09-23T13:43:55.9654496Z   type: 'test'
2026-09-23T13:43:55.9654702Z   ...
2026-09-23T13:43:55.9655199Z # Subtest: incoming read confirmation is journalled before its admission evicts the original
2026-09-23T13:43:55.9655927Z ok 206 - incoming read confirmation is journalled before its admission evicts the original
2026-09-23T13:43:55.9656474Z   ---
2026-09-23T13:43:55.9657060Z   duration_ms: 132.927377
2026-09-23T13:43:55.9657360Z   type: 'test'
2026-09-23T13:43:55.9657557Z   ...
2026-09-23T13:43:55.9678331Z # Subtest: read confirmation uses the signed roster when contact learning fails and can be reissued after eviction
2026-09-23T13:43:55.9695195Z ok 207 - read confirmation uses the signed roster when contact learning fails and can be reissued after eviction
2026-09-23T13:43:55.9696065Z   ---
2026-09-23T13:43:55.9696462Z   duration_ms: 728.684705
2026-09-23T13:43:55.9697303Z   type: 'test'
2026-09-23T13:43:55.9697642Z   ...
2026-09-23T13:43:55.9699096Z # Subtest: saved peer connection remains idempotent at capacity without opening another connection
2026-09-23T13:43:55.9700822Z ok 208 - saved peer connection remains idempotent at capacity without opening another connection
2026-09-23T13:43:55.9701626Z   ---
2026-09-23T13:43:55.9701997Z   duration_ms: 119.621572
2026-09-23T13:43:55.9702399Z   type: 'test'
2026-09-23T13:43:55.9702721Z   ...
2026-09-23T13:43:55.9703689Z # Subtest: snapshot crossing expiry during journal persistence keeps state and reservation consistent
2026-09-23T13:43:55.9705165Z ok 209 - snapshot crossing expiry during journal persistence keeps state and reservation consistent
2026-09-23T13:43:55.9706005Z   ---
2026-09-23T13:43:55.9706435Z   duration_ms: 1632.633614
2026-09-23T13:43:55.9707352Z   type: 'test'
2026-09-23T13:43:55.9707755Z   ...
2026-09-23T13:43:55.9708730Z # Subtest: snapshot crossing expiry during journal persistence keeps send and reservation consistent
2026-09-23T13:43:55.9710197Z ok 210 - snapshot crossing expiry during journal persistence keeps send and reservation consistent
2026-09-23T13:43:55.9711087Z   ---
2026-09-23T13:43:55.9711469Z   duration_ms: 1634.612606
2026-09-23T13:43:55.9711909Z   type: 'test'
2026-09-23T13:43:55.9712264Z   ...
2026-09-23T13:43:55.9713212Z # Subtest: snapshot crossing expiry during journal persistence keeps retry and reservation consistent
2026-09-23T13:43:55.9714697Z ok 211 - snapshot crossing expiry during journal persistence keeps retry and reservation consistent
2026-09-23T13:43:55.9715559Z   ---
2026-09-23T13:43:55.9715962Z   duration_ms: 1627.760565
2026-09-23T13:43:55.9716437Z   type: 'test'
2026-09-23T13:43:55.9717176Z   ...
2026-09-23T13:43:55.9717913Z # Subtest: an uncertain SQL completion at write 1 recovers the same outbox operation
2026-09-23T13:43:55.9719021Z ok 212 - an uncertain SQL completion at write 1 recovers the same outbox operation
2026-09-23T13:43:55.9719724Z   ---
2026-09-23T13:43:55.9720106Z   duration_ms: 114.605302
2026-09-23T13:43:55.9720500Z   type: 'test'
2026-09-23T13:43:55.9720880Z   ...
2026-09-23T13:43:55.9721703Z # Subtest: an uncertain SQL completion at write 2 recovers the same outbox operation
2026-09-23T13:43:55.9722910Z ok 213 - an uncertain SQL completion at write 2 recovers the same outbox operation
2026-09-23T13:43:55.9723627Z   ---
2026-09-23T13:43:55.9724019Z   duration_ms: 445.433388
2026-09-23T13:43:55.9724445Z   type: 'test'
2026-09-23T13:43:55.9724784Z   ...
2026-09-23T13:43:55.9725578Z # Subtest: outbox preview preserves full astral characters within its UTF-16 budget
2026-09-23T13:43:55.9727312Z ok 214 - outbox preview preserves full astral characters within its UTF-16 budget
2026-09-23T13:43:55.9728076Z   ---
2026-09-23T13:43:55.9728435Z   duration_ms: 0.290032
2026-09-23T13:43:55.9728842Z   type: 'test'
2026-09-23T13:43:55.9729200Z   ...
2026-09-23T13:43:56.2802198Z # (node:7344) ExperimentalWarning: SQLite is an experimental feature and might change at any time
2026-09-23T13:43:56.2803885Z # (Use `node --trace-warnings ...` to show where the warning was created)
2026-09-23T13:43:56.2821106Z # Subtest: legacy semantic failures are rejected before creating a signed migration intent
2026-09-23T13:43:56.2825040Z ok 215 - legacy semantic failures are rejected before creating a signed migration intent
2026-09-23T13:43:56.2826197Z   ---
2026-09-23T13:43:56.2827140Z   duration_ms: 17.551002
2026-09-23T13:43:56.2827651Z   type: 'test'
2026-09-23T13:43:56.2827978Z   ...
2026-09-23T13:43:56.5029422Z # (node:7362) ExperimentalWarning: SQLite is an experimental feature and might change at any time
2026-09-23T13:43:56.5030938Z # (Use `node --trace-warnings ...` to show where the warning was created)
2026-09-23T13:43:56.5049911Z # Subtest: signed initialization binds owner, random store ID and legacy ciphertext across phases
2026-09-23T13:43:56.5052081Z ok 216 - signed initialization binds owner, random store ID and legacy ciphertext across phases
2026-09-23T13:43:56.5053469Z   ---
2026-09-23T13:43:56.5054156Z   duration_ms: 14.215789
2026-09-23T13:43:56.5055095Z   type: 'test'
2026-09-23T13:43:56.5055871Z   ...
2026-09-23T13:43:56.5058965Z # Subtest: a signed intent can pin the exact new store before creation without allowing resets
2026-09-23T13:43:56.5060577Z ok 217 - a signed intent can pin the exact new store before creation without allowing resets
2026-09-23T13:43:56.5061239Z   ---
2026-09-23T13:43:56.5061570Z   duration_ms: 13.30669
2026-09-23T13:43:56.5061943Z   type: 'test'
2026-09-23T13:43:56.5062242Z   ...
2026-09-23T13:43:56.8857161Z # (node:7380) ExperimentalWarning: SQLite is an experimental feature and might change at any time
2026-09-23T13:43:56.8858955Z # (Use `node --trace-warnings ...` to show where the warning was created)
2026-09-23T13:43:56.8888087Z # Subtest: staged import binds the actual legacy ciphertext and committed reopen never falls back
2026-09-23T13:43:56.8890063Z ok 218 - staged import binds the actual legacy ciphertext and committed reopen never falls back
2026-09-23T13:43:56.8895417Z   ---
2026-09-23T13:43:56.8896147Z   duration_ms: 37.577093
2026-09-23T13:43:56.8897384Z   type: 'test'
2026-09-23T13:43:56.8898033Z   ...
2026-09-23T13:43:56.8899236Z # Subtest: existing unbound, missing initialized and wrong-store databases fail without reset
2026-09-23T13:43:56.8900919Z ok 219 - existing unbound, missing initialized and wrong-store databases fail without reset
2026-09-23T13:43:56.8901410Z   ---
2026-09-23T13:43:56.8901644Z   duration_ms: 41.430422
2026-09-23T13:43:56.8901895Z   type: 'test'
2026-09-23T13:43:56.8902094Z   ...
2026-09-23T13:43:56.8902488Z # Subtest: changed legacy source cannot complete a signed preparation
2026-09-23T13:43:56.8903044Z ok 220 - changed legacy source cannot complete a signed preparation
2026-09-23T13:43:56.8903424Z   ---
2026-09-23T13:43:56.8903641Z   duration_ms: 8.62292
2026-09-23T13:43:56.8903880Z   type: 'test'
2026-09-23T13:43:56.8904081Z   ...
2026-09-23T13:43:56.8905075Z # Subtest: transaction wrapper cannot erase initialization or the current private document
2026-09-23T13:43:56.8906322Z ok 221 - transaction wrapper cannot erase initialization or the current private document
2026-09-23T13:43:56.8907364Z   ---
2026-09-23T13:43:56.8907729Z   duration_ms: 19.758213
2026-09-23T13:43:56.8908082Z   type: 'test'
2026-09-23T13:43:56.8908392Z   ...
2026-09-23T13:43:57.1167487Z # Subtest: real process death after prepared initialization boundary preserves resumable private bytes
2026-09-23T13:43:57.1168970Z ok 222 - real process death after prepared initialization boundary preserves resumable private bytes
2026-09-23T13:43:57.1169713Z   ---
2026-09-23T13:43:57.1179990Z   duration_ms: 232.938742
2026-09-23T13:43:57.1180458Z   type: 'test'
2026-09-23T13:43:57.1180765Z   ...
2026-09-23T13:43:57.3350712Z # Subtest: real process death after imported initialization boundary preserves resumable private bytes
2026-09-23T13:43:57.3352562Z ok 223 - real process death after imported initialization boundary preserves resumable private bytes
2026-09-23T13:43:57.3353572Z   ---
2026-09-23T13:43:57.3354242Z   duration_ms: 218.115695
2026-09-23T13:43:57.3354686Z   type: 'test'
2026-09-23T13:43:57.3354969Z   ...
2026-09-23T13:43:57.5848788Z # Subtest: real process death after committed initialization boundary preserves resumable private bytes
2026-09-23T13:43:57.5850446Z ok 224 - real process death after committed initialization boundary preserves resumable private bytes
2026-09-23T13:43:57.5851410Z   ---
2026-09-23T13:43:57.5851990Z   duration_ms: 225.205604
2026-09-23T13:43:57.5852535Z   type: 'test'
2026-09-23T13:43:57.5852927Z   ...
2026-09-23T13:43:57.5854043Z # Subtest: replay of the complete earlier initialization state is an explicit rollback limitation
2026-09-23T13:43:57.5855711Z ok 225 - replay of the complete earlier initialization state is an explicit rollback limitation
2026-09-23T13:43:57.5856870Z   ---
2026-09-23T13:43:57.5857240Z   duration_ms: 29.37542
2026-09-23T13:43:57.5857642Z   type: 'test'
2026-09-23T13:43:57.5857963Z   ...
2026-09-23T13:43:57.7755687Z # (node:7453) ExperimentalWarning: SQLite is an experimental feature and might change at any time
2026-09-23T13:43:57.7757662Z # (Use `node --trace-warnings ...` to show where the warning was created)
2026-09-23T13:43:57.7777879Z # Subtest: one running owner per profile, another profile remains independent, close permits restart
2026-09-23T13:43:57.7781038Z ok 226 - one running owner per profile, another profile remains independent, close permits restart
2026-09-23T13:43:57.7782396Z   ---
2026-09-23T13:43:57.7782972Z   duration_ms: 7.602033
2026-09-23T13:43:57.7783599Z   type: 'test'
2026-09-23T13:43:57.7784114Z   ...
2026-09-23T13:43:57.7789170Z # Subtest: empty initialization can recover but foreign or malformed metadata is refused
2026-09-23T13:43:57.7790705Z ok 227 - empty initialization can recover but foreign or malformed metadata is refused
2026-09-23T13:43:57.7791437Z   ---
2026-09-23T13:43:57.7791800Z   duration_ms: 5.680762
2026-09-23T13:43:57.7792209Z   type: 'test'
2026-09-23T13:43:57.7792536Z   ...
2026-09-23T13:43:58.2893990Z # (node:7471) ExperimentalWarning: SQLite is an experimental feature and might change at any time
2026-09-23T13:43:58.2895261Z # (Use `node --trace-warnings ...` to show where the warning was created)
2026-09-23T13:43:58.4219358Z # Subtest: runtime owns the profile through transport shutdown and rejects stale writes after recovery
2026-09-23T13:43:58.4222039Z ok 228 - runtime owns the profile through transport shutdown and rejects stale writes after recovery
2026-09-23T13:43:58.4225420Z   ---
2026-09-23T13:43:58.4225988Z   duration_ms: 241.62339
2026-09-23T13:43:58.4226972Z   type: 'test'
2026-09-23T13:43:58.4227521Z   ...
2026-09-23T13:43:58.4229306Z # Subtest: constructor failure releases ownership without resetting the existing profile
2026-09-23T13:43:58.4231306Z ok 229 - constructor failure releases ownership without resetting the existing profile
2026-09-23T13:43:58.4232377Z   ---
2026-09-23T13:43:58.4232807Z   duration_ms: 4.624049
2026-09-23T13:43:58.4233277Z   type: 'test'
2026-09-23T13:43:58.4233617Z   ...
2026-09-23T13:43:59.1072520Z # (node:7490) ExperimentalWarning: SQLite is an experimental feature and might change at any time
2026-09-23T13:43:59.1073770Z # (Use `node --trace-warnings ...` to show where the warning was created)
2026-09-23T13:43:59.1094879Z # Subtest: chunked private state is encrypted, persists exactly and shrinks atomically
2026-09-23T13:43:59.1097258Z ok 230 - chunked private state is encrypted, persists exactly and shrinks atomically
2026-09-23T13:43:59.1098541Z   ---
2026-09-23T13:43:59.1099194Z   duration_ms: 106.677028
2026-09-23T13:43:59.1099922Z   type: 'test'
2026-09-23T13:43:59.1100524Z   ...
2026-09-23T13:43:59.1102848Z # Subtest: private state and an authority fence commit together or both roll back, with digest CAS
2026-09-23T13:43:59.1105272Z ok 231 - private state and an authority fence commit together or both roll back, with digest CAS
2026-09-23T13:43:59.1106067Z   ---
2026-09-23T13:43:59.1106400Z   duration_ms: 17.942521
2026-09-23T13:43:59.1107269Z   type: 'test'
2026-09-23T13:43:59.1107691Z   ...
2026-09-23T13:43:59.1109405Z # Subtest: missing, orphan and hash-mismatched chunks fail closed rather than yielding partial state
2026-09-23T13:43:59.1110927Z ok 232 - missing, orphan and hash-mismatched chunks fail closed rather than yielding partial state
2026-09-23T13:43:59.1113169Z   ---
2026-09-23T13:43:59.1113612Z   duration_ms: 28.066415
2026-09-23T13:43:59.1114034Z   type: 'test'
2026-09-23T13:43:59.1114403Z   ...
2026-09-23T13:43:59.1115310Z # Subtest: the full declared private-state byte bound fits while oversize input makes no writes
2026-09-23T13:43:59.1117191Z ok 233 - the full declared private-state byte bound fits while oversize input makes no writes
2026-09-23T13:43:59.1118161Z   ---
2026-09-23T13:43:59.1118690Z   duration_ms: 333.933568
2026-09-23T13:43:59.1119118Z   type: 'test'
2026-09-23T13:43:59.1119666Z   ...
2026-09-23T13:43:59.7444337Z # Subtest: UI runtime selection rejects an ambiguous alias and launches the actual requested engine
2026-09-23T13:43:59.7446975Z ok 234 - UI runtime selection rejects an ambiguous alias and launches the actual requested engine
2026-09-23T13:43:59.7447958Z   ---
2026-09-23T13:43:59.7448507Z   duration_ms: 421.139461
2026-09-23T13:43:59.7449011Z   type: 'test'
2026-09-23T13:43:59.7449459Z   ...
2026-09-23T13:43:59.9170190Z # Subtest: scenario timeout trace preserves the active operation without recording request secrets
2026-09-23T13:43:59.9172262Z ok 235 - scenario timeout trace preserves the active operation without recording request secrets
2026-09-23T13:43:59.9173324Z   ---
2026-09-23T13:43:59.9173910Z   duration_ms: 3.687449
2026-09-23T13:43:59.9174508Z   type: 'test'
2026-09-23T13:43:59.9175035Z   ...
2026-09-23T13:44:00.5042351Z # (node:7571) ExperimentalWarning: SQLite is an experimental feature and might change at any time
2026-09-23T13:44:00.5043511Z # (Use `node --trace-warnings ...` to show where the warning was created)
2026-09-23T13:44:00.5148495Z # Subtest: inbound semantic ACL: forged public receipt/message and private wrong-reader mutation are hidden
2026-09-23T13:44:00.5151596Z ok 236 - inbound semantic ACL: forged public receipt/message and private wrong-reader mutation are hidden
2026-09-23T13:44:00.5152304Z   ---
2026-09-23T13:44:00.5152765Z   duration_ms: 171.778854
2026-09-23T13:44:00.5153114Z   type: 'test'
2026-09-23T13:44:00.5153415Z   ...
2026-09-23T13:44:01.0266319Z # Subtest: malformed unauthenticated HTTP paths return 400; service survives and auth boundary holds
2026-09-23T13:44:01.0268949Z ok 237 - malformed unauthenticated HTTP paths return 400; service survives and auth boundary holds
2026-09-23T13:44:01.0270301Z   ---
2026-09-23T13:44:01.0270914Z   duration_ms: 48.517647
2026-09-23T13:44:01.0271583Z   type: 'test'
2026-09-23T13:44:01.0272133Z   ...
2026-09-23T13:44:01.0273676Z # Subtest: private site draft and local deletion survive cache removal/restart without plaintext on disk
2026-09-23T13:44:01.0275988Z ok 238 - private site draft and local deletion survive cache removal/restart without plaintext on disk
2026-09-23T13:44:01.0277616Z   ---
2026-09-23T13:44:01.0278196Z   duration_ms: 292.198052
2026-09-23T13:44:01.0278854Z   type: 'test'
2026-09-23T13:44:01.0279378Z   ...
2026-09-23T13:44:01.9840121Z # Subtest: relay consent: no application-level cached serving while paused, positive control after enabling
2026-09-23T13:44:01.9842074Z ok 239 - relay consent: no application-level cached serving while paused, positive control after enabling
2026-09-23T13:44:01.9843190Z   ---
2026-09-23T13:44:01.9843810Z   duration_ms: 1032.519811
2026-09-23T13:44:01.9844352Z   type: 'test'
2026-09-23T13:44:01.9844677Z   ...
2026-09-23T13:44:01.9845492Z # Subtest: deletion journal survives when publication itself evicts its unpinned original
2026-09-23T13:44:01.9847417Z ok 240 - deletion journal survives when publication itself evicts its unpinned original
2026-09-23T13:44:01.9848476Z   ---
2026-09-23T13:44:01.9849193Z   duration_ms: 111.951842
2026-09-23T13:44:01.9849988Z   type: 'test'
2026-09-23T13:44:01.9850672Z   ...
2026-09-23T13:44:02.2632544Z # Subtest: identity proof rejects small-order signing keys even when the underlying verifier accepts the equation
2026-09-23T13:44:02.2634923Z ok 241 - identity proof rejects small-order signing keys even when the underlying verifier accepts the equation
2026-09-23T13:44:02.2636332Z   ---
2026-09-23T13:44:02.2637276Z   duration_ms: 23.602236
2026-09-23T13:44:02.2638143Z   type: 'test'
2026-09-23T13:44:02.2638474Z   ...
2026-09-23T13:44:02.2639486Z # Subtest: the signing-key profile rejects all reference torsion points and noncanonical aliases without changing its input
2026-09-23T13:44:02.2642677Z ok 242 - the signing-key profile rejects all reference torsion points and noncanonical aliases without changing its input
2026-09-23T13:44:02.2643525Z   ---
2026-09-23T13:44:02.2643845Z   duration_ms: 20.469854
2026-09-23T13:44:02.2644202Z   type: 'test'
2026-09-23T13:44:02.2644460Z   ...
2026-09-23T13:44:02.7612560Z # Subtest: seeded virtual time is reproducible with independently generated secure fixtures
2026-09-23T13:44:02.7615190Z ok 243 - seeded virtual time is reproducible with independently generated secure fixtures
2026-09-23T13:44:02.7615925Z   ---
2026-09-23T13:44:02.7616281Z   duration_ms: 63.165262
2026-09-23T13:44:02.7617196Z   type: 'test'
2026-09-23T13:44:02.7617540Z   ...
2026-09-23T13:44:02.7620977Z # Subtest: loss, MTU fragmentation, partition/heal, low-power transition and SOS-before-bulk
2026-09-23T13:44:02.7622799Z ok 244 - loss, MTU fragmentation, partition/heal, low-power transition and SOS-before-bulk
2026-09-23T13:44:02.7627588Z   ---
2026-09-23T13:44:02.7628180Z   duration_ms: 14.488809
2026-09-23T13:44:02.7628893Z   type: 'test'
2026-09-23T13:44:02.7629315Z   ...
2026-09-23T13:44:02.7630521Z # Subtest: directed bandwidth, latency and MTU produce measurable asymmetric arrival times
2026-09-23T13:44:02.7632428Z ok 245 - directed bandwidth, latency and MTU produce measurable asymmetric arrival times
2026-09-23T13:44:02.7633617Z   ---
2026-09-23T13:44:02.7634220Z   duration_ms: 7.302614
2026-09-23T13:44:02.7634852Z   type: 'test'
2026-09-23T13:44:02.7635329Z   ...
2026-09-23T13:44:02.7636384Z # Subtest: congested bounded queues preserve SOS while bulk is deferred
2026-09-23T13:44:02.7638094Z ok 246 - congested bounded queues preserve SOS while bulk is deferred
2026-09-23T13:44:02.7638866Z   ---
2026-09-23T13:44:02.7639480Z   duration_ms: 11.186206
2026-09-23T13:44:02.7639977Z   type: 'test'
2026-09-23T13:44:02.7640385Z   ...
2026-09-23T13:44:02.7641330Z # Subtest: bounded cache distinguishes pinned exhaustion from unpinned eviction
2026-09-23T13:44:02.7642826Z ok 247 - bounded cache distinguishes pinned exhaustion from unpinned eviction
2026-09-23T13:44:02.7643618Z   ---
2026-09-23T13:44:02.7643953Z   duration_ms: 12.762114
2026-09-23T13:44:02.7644341Z   type: 'test'
2026-09-23T13:44:02.7644653Z   ...
2026-09-23T13:44:02.7652555Z # Subtest: TTL rejects in-flight expiration and retained replay respects the hop limit
2026-09-23T13:44:02.7661238Z ok 248 - TTL rejects in-flight expiration and retained replay respects the hop limit
2026-09-23T13:44:02.7662335Z   ---
2026-09-23T13:44:02.7662923Z   duration_ms: 7.054229
2026-09-23T13:44:02.7663335Z   type: 'test'
2026-09-23T13:44:02.7663669Z   ...
2026-09-23T13:44:02.7664236Z # Subtest: every-fourth-fragment fairness lets bulk advance during SOS pressure
2026-09-23T13:44:02.7664939Z ok 249 - every-fourth-fragment fairness lets bulk advance during SOS pressure
2026-09-23T13:44:02.7665351Z   ---
2026-09-23T13:44:02.7665575Z   duration_ms: 18.311502
2026-09-23T13:44:02.7665826Z   type: 'test'
2026-09-23T13:44:02.7666025Z   ...
2026-09-23T13:44:02.7666560Z # Subtest: real signature/chunk checks pass honest control and detect deliberately broken controls
2026-09-23T13:44:02.7667895Z ok 250 - real signature/chunk checks pass honest control and detect deliberately broken controls
2026-09-23T13:44:02.7668360Z   ---
2026-09-23T13:44:02.7668578Z   duration_ms: 26.582244
2026-09-23T13:44:02.7668825Z   type: 'test'
2026-09-23T13:44:02.7669022Z   ...
2026-09-23T13:44:02.7669496Z # Subtest: simulation rejects invalid transport bounds and complete report gates pass
2026-09-23T13:44:02.7670207Z ok 251 - simulation rejects invalid transport bounds and complete report gates pass
2026-09-23T13:44:02.7670628Z   ---
2026-09-23T13:44:02.7670841Z   duration_ms: 69.854791
2026-09-23T13:44:02.7671081Z   type: 'test'
2026-09-23T13:44:02.7671272Z   ...
2026-09-23T13:44:03.2283472Z # (node:7629) ExperimentalWarning: SQLite is an experimental feature and might change at any time
2026-09-23T13:44:03.2284857Z # (Use `node --trace-warnings ...` to show where the warning was created)
2026-09-23T13:44:03.9925087Z # Subtest: failed application profile commit cannot publish and a failed public copy remains recoverable
2026-09-23T13:44:03.9927462Z ok 252 - failed application profile commit cannot publish and a failed public copy remains recoverable
2026-09-23T13:44:03.9928838Z   ---
2026-09-23T13:44:03.9929554Z   duration_ms: 765.413695
2026-09-23T13:44:03.9930176Z   type: 'test'
2026-09-23T13:44:03.9931380Z   ...
2026-09-23T13:44:07.9755797Z # Subtest: the real application recovers its exact publication after process exit between authorization and public storage
2026-09-23T13:44:07.9769902Z ok 253 - the real application recovers its exact publication after process exit between authorization and public storage
2026-09-23T13:44:07.9771453Z   ---
2026-09-23T13:44:07.9772084Z   duration_ms: 3984.489677
2026-09-23T13:44:07.9772725Z   type: 'test'
2026-09-23T13:44:07.9773278Z   ...
2026-09-23T13:44:08.4891675Z # Subtest: a known newer head without bytes never falls back to an older site, including after profile unlock
2026-09-23T13:44:08.4903351Z ok 254 - a known newer head without bytes never falls back to an older site, including after profile unlock
2026-09-23T13:44:08.4904541Z   ---
2026-09-23T13:44:08.4904910Z   duration_ms: 513.04328
2026-09-23T13:44:08.4905316Z   type: 'test'
2026-09-23T13:44:08.4905637Z   ...
2026-09-23T13:44:08.8248773Z # Subtest: blocking a private-site reader pauses a committed copy and clears the publication error after resumption
2026-09-23T13:44:08.8250632Z ok 255 - blocking a private-site reader pauses a committed copy and clears the publication error after resumption
2026-09-23T13:44:08.8251509Z   ---
2026-09-23T13:44:08.8251880Z   duration_ms: 339.485443
2026-09-23T13:44:08.8252278Z   type: 'test'
2026-09-23T13:44:08.8252595Z   ...
2026-09-23T13:44:11.3700447Z # Subtest: real application APIs preserve revision identity, resolve updates and serve a new reader after the author exits
2026-09-23T13:44:11.3702528Z ok 256 - real application APIs preserve revision identity, resolve updates and serve a new reader after the author exits
2026-09-23T13:44:11.3703597Z   ---
2026-09-23T13:44:11.3704011Z   duration_ms: 2239.681048
2026-09-23T13:44:11.3704491Z   type: 'test'
2026-09-23T13:44:11.3704880Z   ...
2026-09-23T13:44:13.3130313Z # Subtest: private site APIs preserve reading scope and generic publication cannot bypass version authority
2026-09-23T13:44:13.3132173Z ok 257 - private site APIs preserve reading scope and generic publication cannot bypass version authority
2026-09-23T13:44:13.3133119Z   ---
2026-09-23T13:44:13.3133748Z   duration_ms: 1942.49199
2026-09-23T13:44:13.3134335Z   type: 'test'
2026-09-23T13:44:13.3134856Z   ...
2026-09-23T13:44:14.1947530Z # Subtest: a valid outer signature cannot smuggle another owner snapshot into application storage through TCP
2026-09-23T13:44:14.1949871Z ok 258 - a valid outer signature cannot smuggle another owner snapshot into application storage through TCP
2026-09-23T13:44:14.1951346Z   ---
2026-09-23T13:44:14.1952049Z   duration_ms: 882.052975
2026-09-23T13:44:14.1952423Z   type: 'test'
2026-09-23T13:44:14.1952681Z   ...
2026-09-23T13:44:15.8223082Z # Subtest: two installations with the same owner preserve a fork until the owner explicitly confirms all known heads
2026-09-23T13:44:15.8224911Z ok 259 - two installations with the same owner preserve a fork until the owner explicitly confirms all known heads
2026-09-23T13:44:15.8225852Z   ---
2026-09-23T13:44:15.8226299Z   duration_ms: 1631.354284
2026-09-23T13:44:15.8227090Z   type: 'test'
2026-09-23T13:44:15.8227617Z   ...
2026-09-23T13:44:17.8054389Z # (node:7782) ExperimentalWarning: SQLite is an experimental feature and might change at any time
2026-09-23T13:44:17.8056265Z # (Use `node --trace-warnings ...` to show where the warning was created)
2026-09-23T13:44:17.8076484Z # Subtest: actual process interruption at site prepare-before preserves the publication boundary
2026-09-23T13:44:17.8081183Z ok 260 - actual process interruption at site prepare-before preserves the publication boundary
2026-09-23T13:44:17.8082655Z   ---
2026-09-23T13:44:17.8083310Z   duration_ms: 348.273341
2026-09-23T13:44:17.8083876Z   type: 'test'
2026-09-23T13:44:17.8084327Z   ...
2026-09-23T13:44:17.8089868Z # Subtest: actual process interruption at site prepare-after preserves the publication boundary
2026-09-23T13:44:17.8091469Z ok 261 - actual process interruption at site prepare-after preserves the publication boundary
2026-09-23T13:44:17.8092151Z   ---
2026-09-23T13:44:17.8092397Z   duration_ms: 359.047859
2026-09-23T13:44:17.8092851Z   type: 'test'
2026-09-23T13:44:17.8093232Z   ...
2026-09-23T13:44:17.8096478Z # Subtest: actual process interruption at site commit-before preserves the publication boundary
2026-09-23T13:44:17.8110606Z ok 262 - actual process interruption at site commit-before preserves the publication boundary
2026-09-23T13:44:17.8111466Z   ---
2026-09-23T13:44:17.8111870Z   duration_ms: 319.78835
2026-09-23T13:44:17.8112363Z   type: 'test'
2026-09-23T13:44:17.8112744Z   ...
2026-09-23T13:44:17.8113585Z # Subtest: actual process interruption at site commit-after preserves the publication boundary
2026-09-23T13:44:17.8114444Z ok 263 - actual process interruption at site commit-after preserves the publication boundary
2026-09-23T13:44:17.8114946Z   ---
2026-09-23T13:44:17.8115197Z   duration_ms: 402.210944
2026-09-23T13:44:17.8115464Z   type: 'test'
2026-09-23T13:44:17.8115676Z   ...
2026-09-23T13:44:17.8116212Z # Subtest: actual process interruption at site copy preserves the publication boundary
2026-09-23T13:44:17.8117158Z ok 264 - actual process interruption at site copy preserves the publication boundary
2026-09-23T13:44:17.8117609Z   ---
2026-09-23T13:44:17.8117836Z   duration_ms: 334.187125
2026-09-23T13:44:17.8118096Z   type: 'test'
2026-09-23T13:44:17.8118298Z   ...
2026-09-23T13:44:18.1307126Z # (node:7890) ExperimentalWarning: SQLite is an experimental feature and might change at any time
2026-09-23T13:44:18.1308842Z # (Use `node --trace-warnings ...` to show where the warning was created)
2026-09-23T13:44:18.1333337Z # Subtest: site transactions share the real bound application profile without changing its existing private state
2026-09-23T13:44:18.1337608Z ok 265 - site transactions share the real bound application profile without changing its existing private state
2026-09-23T13:44:18.1338856Z   ---
2026-09-23T13:44:18.1339205Z   duration_ms: 87.055352
2026-09-23T13:44:18.1339594Z   type: 'test'
2026-09-23T13:44:18.1339938Z   ...
2026-09-23T13:44:19.0362408Z # (node:7908) ExperimentalWarning: SQLite is an experimental feature and might change at any time
2026-09-23T13:44:19.0363557Z # (Use `node --trace-warnings ...` to show where the warning was created)
2026-09-23T13:44:19.0395086Z # Subtest: catalog atomically persists preparation, authorization and exact public-copy recovery across database restart
2026-09-23T13:44:19.0400845Z ok 266 - catalog atomically persists preparation, authorization and exact public-copy recovery across database restart
2026-09-23T13:44:19.0402079Z   ---
2026-09-23T13:44:19.0402596Z   duration_ms: 180.751654
2026-09-23T13:44:19.0403160Z   type: 'test'
2026-09-23T13:44:19.0403586Z   ...
2026-09-23T13:44:19.0404964Z # Subtest: another signed head appearing before authorization supersedes a private preparation without publishing it
2026-09-23T13:44:19.0407565Z ok 267 - another signed head appearing before authorization supersedes a private preparation without publishing it
2026-09-23T13:44:19.0408874Z   ---
2026-09-23T13:44:19.0409319Z   duration_ms: 85.593839
2026-09-23T13:44:19.0409783Z   type: 'test'
2026-09-23T13:44:19.0410098Z   ...
2026-09-23T13:44:19.0413854Z # Subtest: staging capacity failure cannot leave a catalog entry, partial bundle or changed prior operation
2026-09-23T13:44:19.0436397Z ok 268 - staging capacity failure cannot leave a catalog entry, partial bundle or changed prior operation
2026-09-23T13:44:19.0437276Z   ---
2026-09-23T13:44:19.0437559Z   duration_ms: 77.527078
2026-09-23T13:44:19.0437862Z   type: 'test'
2026-09-23T13:44:19.0438114Z   ...
2026-09-23T13:44:19.0438883Z # Subtest: expired preparations remain recoverable as terminal outcomes without treating the profile as corrupt
2026-09-23T13:44:19.0440028Z ok 269 - expired preparations remain recoverable as terminal outcomes without treating the profile as corrupt
2026-09-23T13:44:19.0440669Z   ---
2026-09-23T13:44:19.0440951Z   duration_ms: 150.882084
2026-09-23T13:44:19.0441260Z   type: 'test'
2026-09-23T13:44:19.0442166Z   ...
2026-09-23T13:44:19.0442944Z # Subtest: public retries recover the exact first envelope; private retries cannot silently change a reading envelope
2026-09-23T13:44:19.0444109Z ok 270 - public retries recover the exact first envelope; private retries cannot silently change a reading envelope
2026-09-23T13:44:19.0444980Z   ---
2026-09-23T13:44:19.0445360Z   duration_ms: 96.098354
2026-09-23T13:44:19.0445671Z   type: 'test'
2026-09-23T13:44:19.0445992Z   ...
2026-09-23T13:44:19.0447004Z # Subtest: repeated verified observations do not rewrite the encrypted catalog
2026-09-23T13:44:19.0448125Z ok 271 - repeated verified observations do not rewrite the encrypted catalog
2026-09-23T13:44:19.0448863Z   ---
2026-09-23T13:44:19.0449246Z   duration_ms: 59.641094
2026-09-23T13:44:19.0449632Z   type: 'test'
2026-09-23T13:44:19.0449859Z   ...
2026-09-23T13:44:19.4324030Z # Subtest: complete declarative snapshots bind a signed revision to the payload and envelope signing owner
2026-09-23T13:44:19.4325855Z ok 272 - complete declarative snapshots bind a signed revision to the payload and envelope signing owner
2026-09-23T13:44:19.4327349Z   ---
2026-09-23T13:44:19.4327875Z   duration_ms: 107.183007
2026-09-23T13:44:19.4328316Z   type: 'test'
2026-09-23T13:44:19.4328700Z   ...
2026-09-23T13:44:19.4331715Z # Subtest: snapshots reject unsigned additions, malformed declarative documents and changed signed payloads
2026-09-23T13:44:19.4335161Z ok 273 - snapshots reject unsigned additions, malformed declarative documents and changed signed payloads
2026-09-23T13:44:19.4336017Z   ---
2026-09-23T13:44:19.4336414Z   duration_ms: 6.616224
2026-09-23T13:44:19.4337087Z   type: 'test'
2026-09-23T13:44:19.4337419Z   ...
2026-09-23T13:44:21.8700685Z # (node:7946) ExperimentalWarning: SQLite is an experimental feature and might change at any time
2026-09-23T13:44:21.8702037Z # (Use `node --trace-warnings ...` to show where the warning was created)
2026-09-23T13:44:21.8743095Z # Subtest: intent commits without a visitor signature; later signing survives reopen with private consent and no public store
2026-09-23T13:44:21.8745171Z ok 274 - intent commits without a visitor signature; later signing survives reopen with private consent and no public store
2026-09-23T13:44:21.8746230Z   ---
2026-09-23T13:44:21.8747052Z   duration_ms: 159.560294
2026-09-23T13:44:21.8747557Z   type: 'test'
2026-09-23T13:44:21.8747932Z   ...
2026-09-23T13:44:21.8773604Z # Subtest: failed transactions and changed policy retain a prepared intent without handing out a signature
2026-09-23T13:44:21.8775478Z ok 275 - failed transactions and changed policy retain a prepared intent without handing out a signature
2026-09-23T13:44:21.8776499Z   ---
2026-09-23T13:44:21.8777386Z   duration_ms: 96.567054
2026-09-23T13:44:21.8778133Z   type: 'test'
2026-09-23T13:44:21.8778692Z   ...
2026-09-23T13:44:21.8779887Z # Subtest: expiry and cancellation keep retired sequence outcomes and never renew a signature
2026-09-23T13:44:21.8781427Z ok 276 - expiry and cancellation keep retired sequence outcomes and never renew a signature
2026-09-23T13:44:21.8782311Z   ---
2026-09-23T13:44:21.8782915Z   duration_ms: 869.805381
2026-09-23T13:44:21.8783513Z   type: 'test'
2026-09-23T13:44:21.8784030Z   ...
2026-09-23T13:44:21.8785085Z # Subtest: private contribution storage refuses missing-stage without resetting an intent
2026-09-23T13:44:21.8786416Z ok 277 - private contribution storage refuses missing-stage without resetting an intent
2026-09-23T13:44:21.8787759Z   ---
2026-09-23T13:44:21.8788425Z   duration_ms: 20.113062
2026-09-23T13:44:21.8788959Z   type: 'test'
2026-09-23T13:44:21.8789395Z   ...
2026-09-23T13:44:21.8790535Z # Subtest: private contribution storage refuses wrong-source without resetting an intent
2026-09-23T13:44:21.8792253Z ok 278 - private contribution storage refuses wrong-source without resetting an intent
2026-09-23T13:44:21.8793065Z   ---
2026-09-23T13:44:21.8793443Z   duration_ms: 23.25588
2026-09-23T13:44:21.8793838Z   type: 'test'
2026-09-23T13:44:21.8794962Z   ...
2026-09-23T13:44:21.8795760Z # Subtest: private contribution storage refuses read-key without resetting an intent
2026-09-23T13:44:21.8797190Z ok 279 - private contribution storage refuses read-key without resetting an intent
2026-09-23T13:44:21.8797898Z   ---
2026-09-23T13:44:21.8798255Z   duration_ms: 24.252181
2026-09-23T13:44:21.8798664Z   type: 'test'
2026-09-23T13:44:21.8798985Z   ...
2026-09-23T13:44:21.8799972Z # Subtest: real abrupt process exit before-intent-commit preserves the intent and fixed certificate identity
2026-09-23T13:44:21.8801508Z ok 280 - real abrupt process exit before-intent-commit preserves the intent and fixed certificate identity
2026-09-23T13:44:21.8802350Z   ---
2026-09-23T13:44:21.8802708Z   duration_ms: 285.166169
2026-09-23T13:44:21.8803116Z   type: 'test'
2026-09-23T13:44:21.8803436Z   ...
2026-09-23T13:44:21.8804100Z # Subtest: real abrupt process exit after-intent preserves the intent and fixed certificate identity
2026-09-23T13:44:21.8804909Z ok 281 - real abrupt process exit after-intent preserves the intent and fixed certificate identity
2026-09-23T13:44:21.8805389Z   ---
2026-09-23T13:44:21.8805607Z   duration_ms: 276.660124
2026-09-23T13:44:21.8805860Z   type: 'test'
2026-09-23T13:44:21.8806058Z   ...
2026-09-23T13:44:21.8806885Z # Subtest: real abrupt process exit after-signature preserves the intent and fixed certificate identity
2026-09-23T13:44:21.8807891Z ok 282 - real abrupt process exit after-signature preserves the intent and fixed certificate identity
2026-09-23T13:44:21.8808367Z   ---
2026-09-23T13:44:21.8808591Z   duration_ms: 295.855833
2026-09-23T13:44:21.8808829Z   type: 'test'
2026-09-23T13:44:21.8809031Z   ...
2026-09-23T13:44:21.8809524Z # Subtest: preparation quota failure rolls back stage and sequence before any signature exists
2026-09-23T13:44:21.8810284Z ok 283 - preparation quota failure rolls back stage and sequence before any signature exists
2026-09-23T13:44:21.8810727Z   ---
2026-09-23T13:44:21.8810943Z   duration_ms: 85.517552
2026-09-23T13:44:21.8811186Z   type: 'test'
2026-09-23T13:44:21.8811387Z   ...
2026-09-23T13:44:21.8811830Z # Subtest: a proposal expiring during the policy check cannot commit a new signature
2026-09-23T13:44:21.8812500Z ok 284 - a proposal expiring during the policy check cannot commit a new signature
2026-09-23T13:44:21.8812907Z   ---
2026-09-23T13:44:21.8813118Z   duration_ms: 38.456927
2026-09-23T13:44:21.8813351Z   type: 'test'
2026-09-23T13:44:21.8813550Z   ...
2026-09-23T13:44:22.3117261Z # Subtest: form query is a copied closed locator, never executable input or caller-supplied permission
2026-09-23T13:44:22.3124597Z ok 285 - form query is a copied closed locator, never executable input or caller-supplied permission
2026-09-23T13:44:22.3128306Z   ---
2026-09-23T13:44:22.3128804Z   duration_ms: 1.414831
2026-09-23T13:44:22.3129261Z   type: 'test'
2026-09-23T13:44:22.3129661Z   ...
2026-09-23T13:44:22.3130616Z # Subtest: real snapshot lookup authenticates author, reader access and visitor policy without returning table rows
2026-09-23T13:44:22.3131866Z ok 286 - real snapshot lookup authenticates author, reader access and visitor policy without returning table rows
2026-09-23T13:44:22.3132578Z   ---
2026-09-23T13:44:22.3132973Z   duration_ms: 109.040734
2026-09-23T13:44:22.3133376Z   type: 'test'
2026-09-23T13:44:22.3133737Z   ...
2026-09-23T13:44:22.7292273Z # Subtest: private proposal envelope binds actual author, exactly two logical readers and the original certificate deadline
2026-09-23T13:44:22.7296467Z ok 287 - private proposal envelope binds actual author, exactly two logical readers and the original certificate deadline
2026-09-23T13:44:22.7298037Z   ---
2026-09-23T13:44:22.7298494Z   duration_ms: 133.526122
2026-09-23T13:44:22.7298947Z   type: 'test'
2026-09-23T13:44:22.7299318Z   ...
2026-09-23T13:44:29.1221345Z # Subtest: Node, portable and real Go inbox transitions agree on replay, finite retention, conflicts and quotas
2026-09-23T13:44:29.1224498Z ok 288 - Node, portable and real Go inbox transitions agree on replay, finite retention, conflicts and quotas
2026-09-23T13:44:29.1225696Z   ---
2026-09-23T13:44:29.1226327Z   duration_ms: 6077.985932
2026-09-23T13:44:29.1227271Z   type: 'test'
2026-09-23T13:44:29.1227877Z   ...
2026-09-23T13:44:31.2184776Z # (node:8248) ExperimentalWarning: SQLite is an experimental feature and might change at any time
2026-09-23T13:44:31.2186351Z # (Use `node --trace-warnings ...` to show where the warning was created)
2026-09-23T13:44:31.2220426Z # Subtest: private inbox preserves verified source and proposal across reopening, separately from sender staging
2026-09-23T13:44:31.2222136Z ok 289 - private inbox preserves verified source and proposal across reopening, separately from sender staging
2026-09-23T13:44:31.2227980Z   ---
2026-09-23T13:44:31.2228433Z   duration_ms: 163.797984
2026-09-23T13:44:31.2228893Z   type: 'test'
2026-09-23T13:44:31.2229270Z   ...
2026-09-23T13:44:31.2230296Z # Subtest: repackaging is idempotent and a conflicting visitor UUID cannot replace the original candidate
2026-09-23T13:44:31.2231896Z ok 290 - repackaging is idempotent and a conflicting visitor UUID cannot replace the original candidate
2026-09-23T13:44:31.2232775Z   ---
2026-09-23T13:44:31.2233184Z   duration_ms: 110.588756
2026-09-23T13:44:31.2233635Z   type: 'test'
2026-09-23T13:44:31.2233994Z   ...
2026-09-23T13:44:31.2234960Z # Subtest: an interrupted admission/source transaction rolls back without losing the earlier proof
2026-09-23T13:44:31.2236424Z ok 291 - an interrupted admission/source transaction rolls back without losing the earlier proof
2026-09-23T13:44:31.2237562Z   ---
2026-09-23T13:44:31.2237972Z   duration_ms: 71.92937
2026-09-23T13:44:31.2238409Z   type: 'test'
2026-09-23T13:44:31.2238758Z   ...
2026-09-23T13:44:31.2239760Z # Subtest: expiry removes private payloads but keeps replay metadata for the bounded retention window
2026-09-23T13:44:31.2248491Z ok 292 - expiry removes private payloads but keeps replay metadata for the bounded retention window
2026-09-23T13:44:31.2249574Z   ---
2026-09-23T13:44:31.2250180Z   duration_ms: 69.876578
2026-09-23T13:44:31.2250773Z   type: 'test'
2026-09-23T13:44:31.2251249Z   ...
2026-09-23T13:44:31.2252406Z # Subtest: unreadable/public proposals, wrong source and revoked policy never become verified candidates
2026-09-23T13:44:31.2254111Z ok 293 - unreadable/public proposals, wrong source and revoked policy never become verified candidates
2026-09-23T13:44:31.2255166Z   ---
2026-09-23T13:44:31.2255604Z   duration_ms: 81.209038
2026-09-23T13:44:31.2256054Z   type: 'test'
2026-09-23T13:44:31.2256415Z   ...
2026-09-23T13:44:31.2257700Z # Subtest: tampered retained evidence is an integrity failure, never repaired into a new proposal
2026-09-23T13:44:31.2259146Z ok 294 - tampered retained evidence is an integrity failure, never repaired into a new proposal
2026-09-23T13:44:31.2259996Z   ---
2026-09-23T13:44:31.2260411Z   duration_ms: 47.108029
2026-09-23T13:44:31.2260864Z   type: 'test'
2026-09-23T13:44:31.2261384Z   ...
2026-09-23T13:44:31.2262495Z # Subtest: journal quotas preserve pending entries and conflict floods have bounded descriptors and writes
2026-09-23T13:44:31.2264111Z ok 295 - journal quotas preserve pending entries and conflict floods have bounded descriptors and writes
2026-09-23T13:44:31.2265014Z   ---
2026-09-23T13:44:31.2265423Z   duration_ms: 180.78943
2026-09-23T13:44:31.2266046Z   type: 'test'
2026-09-23T13:44:31.2266561Z   ...
2026-09-23T13:44:31.2267949Z # Subtest: explicit dismissal is atomic, releases only selected proof quota and survives replay/reopen
2026-09-23T13:44:31.2269437Z ok 296 - explicit dismissal is atomic, releases only selected proof quota and survives replay/reopen
2026-09-23T13:44:31.2270300Z   ---
2026-09-23T13:44:31.2270725Z   duration_ms: 127.571159
2026-09-23T13:44:31.2271192Z   type: 'test'
2026-09-23T13:44:31.2271583Z   ...
2026-09-23T13:44:31.2299837Z # Subtest: dismissing unverified proposal frees admission quota without evicting other pending proposals
2026-09-23T13:44:31.2302279Z ok 297 - dismissing unverified proposal frees admission quota without evicting other pending proposals
2026-09-23T13:44:31.2303459Z   ---
2026-09-23T13:44:31.2303875Z   duration_ms: 114.018878
2026-09-23T13:44:31.2304304Z   type: 'test'
2026-09-23T13:44:31.2304660Z   ...
2026-09-23T13:44:31.2305307Z # Subtest: dismissal cannot hide corruption in private proof
2026-09-23T13:44:31.2306200Z ok 298 - dismissal cannot hide corruption in private proof
2026-09-23T13:44:31.2307093Z   ---
2026-09-23T13:44:31.2307497Z   duration_ms: 28.856731
2026-09-23T13:44:31.2307919Z   type: 'test'
2026-09-23T13:44:31.2308253Z   ...
2026-09-23T13:44:31.2309125Z # Subtest: owner receipt intent survives dismiss and resumes one exact private envelope after reopen
2026-09-23T13:44:31.2310504Z ok 299 - owner receipt intent survives dismiss and resumes one exact private envelope after reopen
2026-09-23T13:44:31.2311344Z   ---
2026-09-23T13:44:31.2311717Z   duration_ms: 148.009651
2026-09-23T13:44:31.2312095Z   type: 'test'
2026-09-23T13:44:31.2312451Z   ...
2026-09-23T13:44:31.2313332Z # Subtest: owner receipt intent survives expire and resumes one exact private envelope after reopen
2026-09-23T13:44:31.2314657Z ok 300 - owner receipt intent survives expire and resumes one exact private envelope after reopen
2026-09-23T13:44:31.2315422Z   ---
2026-09-23T13:44:31.2315795Z   duration_ms: 136.80789
2026-09-23T13:44:31.2316175Z   type: 'test'
2026-09-23T13:44:31.2316457Z   ...
2026-09-23T13:44:31.2317400Z # Subtest: legacy verified inbox migrates only from retained authenticated source
2026-09-23T13:44:31.2318416Z ok 301 - legacy verified inbox migrates only from retained authenticated source
2026-09-23T13:44:31.2318989Z   ---
2026-09-23T13:44:31.2319318Z   duration_ms: 59.554917
2026-09-23T13:44:31.2319670Z   type: 'test'
2026-09-23T13:44:31.2319953Z   ...
2026-09-23T13:44:31.2320607Z # Subtest: legacy discarded inbox migrates only from retained authenticated source
2026-09-23T13:44:31.2321666Z ok 302 - legacy discarded inbox migrates only from retained authenticated source
2026-09-23T13:44:31.2322290Z   ---
2026-09-23T13:44:31.2322591Z   duration_ms: 61.045771
2026-09-23T13:44:31.2322952Z   type: 'test'
2026-09-23T13:44:31.2323234Z   ...
2026-09-23T13:44:31.2324061Z # Subtest: owner refusal (missing source) persists exact private result through reopen and enforces CAS
2026-09-23T13:44:31.2327785Z ok 303 - owner refusal (missing source) persists exact private result through reopen and enforces CAS
2026-09-23T13:44:31.2328290Z   ---
2026-09-23T13:44:31.2328516Z   duration_ms: 194.51385
2026-09-23T13:44:31.2328761Z   type: 'test'
2026-09-23T13:44:31.2328963Z   ...
2026-09-23T13:44:31.2329520Z # Subtest: owner refusal (verified source) persists exact private result through reopen and enforces CAS
2026-09-23T13:44:31.2330361Z ok 304 - owner refusal (verified source) persists exact private result through reopen and enforces CAS
2026-09-23T13:44:31.2330845Z   ---
2026-09-23T13:44:31.2331065Z   duration_ms: 233.258894
2026-09-23T13:44:31.2331312Z   type: 'test'
2026-09-23T13:44:31.2331520Z   ...
2026-09-23T13:44:32.3220195Z # Subtest: Node, portable crypto and Go agree on visitor proposals, schemas and negative authorization vectors
2026-09-23T13:44:32.3224774Z ok 305 - Node, portable crypto and Go agree on visitor proposals, schemas and negative authorization vectors
2026-09-23T13:44:32.3225939Z   ---
2026-09-23T13:44:32.3226297Z   duration_ms: 812.355006
2026-09-23T13:44:32.3227003Z   type: 'test'
2026-09-23T13:44:32.3227361Z   ...
2026-09-23T13:44:34.1519499Z # Subtest: Node, portable and Go contribution journals agree on canonical requests, retained transitions and rejected corruption
2026-09-23T13:44:34.1521870Z ok 306 - Node, portable and Go contribution journals agree on canonical requests, retained transitions and rejected corruption
2026-09-23T13:44:34.1522954Z   ---
2026-09-23T13:44:34.1523399Z   duration_ms: 1512.893024
2026-09-23T13:44:34.1523879Z   type: 'test'
2026-09-23T13:44:34.1524252Z   ...
2026-09-23T13:44:37.6205808Z # (node:8420) ExperimentalWarning: SQLite is an experimental feature and might change at any time
2026-09-23T13:44:37.6207487Z # (Use `node --trace-warnings ...` to show where the warning was created)
2026-09-23T13:44:37.6227781Z # Subtest: queued source and envelope survive restart while a second preparation uses its own slot
2026-09-23T13:44:37.6231737Z ok 307 - queued source and envelope survive restart while a second preparation uses its own slot
2026-09-23T13:44:37.6232831Z   ---
2026-09-23T13:44:37.6233394Z   duration_ms: 292.649371
2026-09-23T13:44:37.6234007Z   type: 'test'
2026-09-23T13:44:37.6234455Z   ...
2026-09-23T13:44:37.6235862Z # Subtest: queue transaction rollback retains the signed envelope and never frees a preparation early
2026-09-23T13:44:37.6238108Z ok 308 - queue transaction rollback retains the signed envelope and never frees a preparation early
2026-09-23T13:44:37.6238713Z   ---
2026-09-23T13:44:37.6238955Z   duration_ms: 145.599318
2026-09-23T13:44:37.6239217Z   type: 'test'
2026-09-23T13:44:37.6239417Z   ...
2026-09-23T13:44:37.6242310Z # Subtest: queued expiry retires private payload but retains packet identity for cancellation
2026-09-23T13:44:37.6243628Z ok 309 - queued expiry retires private payload but retains packet identity for cancellation
2026-09-23T13:44:37.6244501Z   ---
2026-09-23T13:44:37.6244879Z   duration_ms: 112.385433
2026-09-23T13:44:37.6245294Z   type: 'test'
2026-09-23T13:44:37.6245629Z   ...
2026-09-23T13:44:37.6247482Z # Subtest: 32 pending queues apply backpressure without losing old payloads or the current prepared envelope
2026-09-23T13:44:37.6249550Z ok 310 - 32 pending queues apply backpressure without losing old payloads or the current prepared envelope
2026-09-23T13:44:37.6250459Z   ---
2026-09-23T13:44:37.6250844Z   duration_ms: 2579.565365
2026-09-23T13:44:37.6251154Z   type: 'test'
2026-09-23T13:44:37.6251383Z   ...
2026-09-23T13:44:37.6253341Z # Subtest: missing queued payload is corruption, not an excuse to create new bytes or cancel a different stage
2026-09-23T13:44:37.6254720Z ok 311 - missing queued payload is corruption, not an excuse to create new bytes or cancel a different stage
2026-09-23T13:44:37.6270240Z   ---
2026-09-23T13:44:37.6270897Z   duration_ms: 74.560927
2026-09-23T13:44:37.6271530Z   type: 'test'
2026-09-23T13:44:37.6272036Z   ...
2026-09-23T13:44:38.7528835Z # Subtest: owner reception receipts bind the original proposal and exact private envelope across Node, portable crypto and Go
2026-09-23T13:44:38.7532773Z ok 312 - owner reception receipts bind the original proposal and exact private envelope across Node, portable crypto and Go
2026-09-23T13:44:38.7534095Z   ---
2026-09-23T13:44:38.7534456Z   duration_ms: 843.003379
2026-09-23T13:44:38.7534852Z   type: 'test'
2026-09-23T13:44:38.7545824Z   ...
2026-09-23T13:44:41.1900755Z # Subtest: receipt admission requires exact copied intent, retains cancellation/expiry and never revives a retired operation
2026-09-23T13:44:41.1903920Z ok 313 - receipt admission requires exact copied intent, retains cancellation/expiry and never revives a retired operation
2026-09-23T13:44:41.1904865Z   ---
2026-09-23T13:44:41.1905189Z   duration_ms: 2126.106439
2026-09-23T13:44:41.1905547Z   type: 'test'
2026-09-23T13:44:41.1905835Z   ...
2026-09-23T13:44:42.5103024Z # Subtest: owner refusals bind the original proposal and exact private envelope across Node, portable crypto and Go
2026-09-23T13:44:42.5105830Z ok 314 - owner refusals bind the original proposal and exact private envelope across Node, portable crypto and Go
2026-09-23T13:44:42.5107051Z   ---
2026-09-23T13:44:42.5107577Z   duration_ms: 987.423313
2026-09-23T13:44:42.5108053Z   type: 'test'
2026-09-23T13:44:42.5108387Z   ...
2026-09-23T13:44:43.0683188Z # Subtest: declarative form binds all typed columns, preserves zero/false and never executes values
2026-09-23T13:44:43.0684848Z ok 315 - declarative form binds all typed columns, preserves zero/false and never executes values
2026-09-23T13:44:43.0685758Z   ---
2026-09-23T13:44:43.0686203Z   duration_ms: 8.124196
2026-09-23T13:44:43.0688016Z   type: 'test'
2026-09-23T13:44:43.0688478Z   ...
2026-09-23T13:44:43.0689616Z # Subtest: form and value parsing reject active accessors, sparse lists, unknown fields and oversized inputs
2026-09-23T13:44:43.0691318Z ok 316 - form and value parsing reject active accessors, sparse lists, unknown fields and oversized inputs
2026-09-23T13:44:43.0692277Z   ---
2026-09-23T13:44:43.0692712Z   duration_ms: 1.111928
2026-09-23T13:44:43.0693190Z   type: 'test'
2026-09-23T13:44:43.0693564Z   ...
2026-09-23T13:44:43.0694499Z # Subtest: Node visitor signatures verify across adapters but cannot become owner revisions
2026-09-23T13:44:43.0695931Z ok 317 - Node visitor signatures verify across adapters but cannot become owner revisions
2026-09-23T13:44:43.0697268Z   ---
2026-09-23T13:44:43.0697758Z   duration_ms: 95.209754
2026-09-23T13:44:43.0698267Z   type: 'test'
2026-09-23T13:44:43.0698654Z   ...
2026-09-23T13:44:43.0700483Z # Subtest: portable visitor signatures verify across adapters but cannot become owner revisions
2026-09-23T13:44:43.0702101Z ok 318 - portable visitor signatures verify across adapters but cannot become owner revisions
2026-09-23T13:44:43.0702982Z   ---
2026-09-23T13:44:43.0704239Z   duration_ms: 66.820372
2026-09-23T13:44:43.0704767Z   type: 'test'
2026-09-23T13:44:43.0705170Z   ...
2026-09-23T13:44:43.0706237Z # Subtest: site/form/schema/base and the visitor's maximum publication audience are bound independently
2026-09-23T13:44:43.0707990Z ok 319 - site/form/schema/base and the visitor's maximum publication audience are bound independently
2026-09-23T13:44:43.0708915Z   ---
2026-09-23T13:44:43.0709339Z   duration_ms: 22.460086
2026-09-23T13:44:43.0709810Z   type: 'test'
2026-09-23T13:44:43.0710206Z   ...
2026-09-23T13:44:43.0711692Z # Subtest: expiry and clock checks apply to admission, while historical signatures stay verifiable
2026-09-23T13:44:43.0712530Z ok 320 - expiry and clock checks apply to admission, while historical signatures stay verifiable
2026-09-23T13:44:43.0713015Z   ---
2026-09-23T13:44:43.0713262Z   duration_ms: 42.028749
2026-09-23T13:44:43.0713521Z   type: 'test'
2026-09-23T13:44:43.0713727Z   ...
2026-09-23T13:44:43.0714307Z # Subtest: private submission remains encrypted even when the visitor consents to later public adoption
2026-09-23T13:44:43.0715170Z ok 321 - private submission remains encrypted even when the visitor consents to later public adoption
2026-09-23T13:44:43.0715663Z   ---
2026-09-23T13:44:43.0715894Z   duration_ms: 13.305835
2026-09-23T13:44:43.0716140Z   type: 'test'
2026-09-23T13:44:43.0716339Z   ...
2026-09-23T13:44:43.7095132Z # Subtest: Node and a real Go process agree on bounded declarative table vectors
2026-09-23T13:44:43.7099837Z ok 322 - Node and a real Go process agree on bounded declarative table vectors
2026-09-23T13:44:43.7100792Z   ---
2026-09-23T13:44:43.7101511Z   duration_ms: 439.641283
2026-09-23T13:44:43.7102167Z   type: 'test'
2026-09-23T13:44:43.7102720Z   ...
2026-09-23T13:44:43.9242113Z # Subtest: signed table projection sorts numeric values, keeps null last, and leaves source bytes unchanged
2026-09-23T13:44:43.9243855Z ok 323 - signed table projection sorts numeric values, keeps null last, and leaves source bytes unchanged
2026-09-23T13:44:43.9244801Z   ---
2026-09-23T13:44:43.9245227Z   duration_ms: 3.537829
2026-09-23T13:44:43.9245696Z   type: 'test'
2026-09-23T13:44:43.9246069Z   ...
2026-09-23T13:44:43.9247552Z # Subtest: literal search never evaluates code or patterns and pagination stays finite on empty and boundary queries
2026-09-23T13:44:43.9249355Z ok 324 - literal search never evaluates code or patterns and pagination stays finite on empty and boundary queries
2026-09-23T13:44:43.9250349Z   ---
2026-09-23T13:44:43.9250763Z   duration_ms: 1.450139
2026-09-23T13:44:43.9251224Z   type: 'test'
2026-09-23T13:44:43.9251597Z   ...
2026-09-23T13:44:43.9252525Z # Subtest: table shape, dates, links, column types and finite limits reject negative controls
2026-09-23T13:44:43.9254391Z ok 325 - table shape, dates, links, column types and finite limits reject negative controls
2026-09-23T13:44:43.9255448Z   ---
2026-09-23T13:44:43.9255866Z   duration_ms: 2.157269
2026-09-23T13:44:43.9256326Z   type: 'test'
2026-09-23T13:44:43.9256958Z   ...
2026-09-23T13:44:43.9257939Z # Subtest: nested getters and noncanonical arrays are rejected before executing accessors
2026-09-23T13:44:43.9259313Z ok 326 - nested getters and noncanonical arrays are rejected before executing accessors
2026-09-23T13:44:43.9260126Z   ---
2026-09-23T13:44:43.9260527Z   duration_ms: 0.566147
2026-09-23T13:44:43.9260981Z   type: 'test'
2026-09-23T13:44:43.9261353Z   ...
2026-09-23T13:44:43.9262359Z # Subtest: table byte quota counts UTF-8 bytes and canonical field names, with both sides of the boundary
2026-09-23T13:44:43.9263930Z ok 327 - table byte quota counts UTF-8 bytes and canonical field names, with both sides of the boundary
2026-09-23T13:44:43.9264793Z   ---
2026-09-23T13:44:43.9265209Z   duration_ms: 3.347593
2026-09-23T13:44:43.9265654Z   type: 'test'
2026-09-23T13:44:43.9266081Z   ...
2026-09-23T13:44:43.9267454Z # Subtest: CSV handles quoted commas, quotes and newlines as literal text without guessing numeric identities
2026-09-23T13:44:43.9269109Z ok 328 - CSV handles quoted commas, quotes and newlines as literal text without guessing numeric identities
2026-09-23T13:44:43.9270072Z   ---
2026-09-23T13:44:43.9270497Z   duration_ms: 1.277537
2026-09-23T13:44:43.9270985Z   type: 'test'
2026-09-23T13:44:43.9271395Z   ...
2026-09-23T13:44:43.9272314Z # Subtest: CSV export neutralises spreadsheet formulas without changing signed table values
2026-09-23T13:44:43.9273730Z ok 329 - CSV export neutralises spreadsheet formulas without changing signed table values
2026-09-23T13:44:43.9274554Z   ---
2026-09-23T13:44:43.9274945Z   duration_ms: 0.351987
2026-09-23T13:44:43.9275376Z   type: 'test'
2026-09-23T13:44:43.9275743Z   ...
2026-09-23T13:44:43.9276952Z # Subtest: typed editing preserves incomplete numbers for validation rather than erasing them
2026-09-23T13:44:43.9278436Z ok 330 - typed editing preserves incomplete numbers for validation rather than erasing them
2026-09-23T13:44:43.9279248Z   ---
2026-09-23T13:44:43.9279612Z   duration_ms: 0.403143
2026-09-23T13:44:43.9280006Z   type: 'test'
2026-09-23T13:44:43.9280325Z   ...
2026-09-23T13:44:44.2552849Z # Subtest: site schema: multipage with nested media and local navigation
2026-09-23T13:44:44.2578618Z ok 331 - site schema: multipage with nested media and local navigation
2026-09-23T13:44:44.2579726Z   ---
2026-09-23T13:44:44.2580394Z   duration_ms: 3.351671
2026-09-23T13:44:44.2580868Z   type: 'test'
2026-09-23T13:44:44.2581221Z   ...
2026-09-23T13:44:44.2581909Z # Subtest: site schema: literal HTML is data, never a block program
2026-09-23T13:44:44.2582899Z ok 332 - site schema: literal HTML is data, never a block program
2026-09-23T13:44:44.2583525Z   ---
2026-09-23T13:44:44.2583915Z   duration_ms: 0.565416
2026-09-23T13:44:44.2584340Z   type: 'test'
2026-09-23T13:44:44.2584694Z   ...
2026-09-23T13:44:44.2585273Z # Subtest: site schema: exact UTF-16 title boundary
2026-09-23T13:44:44.2586046Z ok 333 - site schema: exact UTF-16 title boundary
2026-09-23T13:44:44.2586576Z   ---
2026-09-23T13:44:44.2587211Z   duration_ms: 1.540798
2026-09-23T13:44:44.2587665Z   type: 'test'
2026-09-23T13:44:44.2588043Z   ...
2026-09-23T13:44:44.2588530Z # Subtest: site schema: unknown version
2026-09-23T13:44:44.2589180Z ok 334 - site schema: unknown version
2026-09-23T13:44:44.2589673Z   ---
2026-09-23T13:44:44.2590085Z   duration_ms: 0.273722
2026-09-23T13:44:44.2590532Z   type: 'test'
2026-09-23T13:44:44.2590893Z   ...
2026-09-23T13:44:44.2591421Z # Subtest: site schema: script property
2026-09-23T13:44:44.2592129Z ok 335 - site schema: script property
2026-09-23T13:44:44.2592610Z   ---
2026-09-23T13:44:44.2592997Z   duration_ms: 0.137276
2026-09-23T13:44:44.2593437Z   type: 'test'
2026-09-23T13:44:44.2593797Z   ...
2026-09-23T13:44:44.2594271Z # Subtest: site schema: arbitrary CSS
2026-09-23T13:44:44.2595365Z ok 336 - site schema: arbitrary CSS
2026-09-23T13:44:44.2596112Z   ---
2026-09-23T13:44:44.2596515Z   duration_ms: 0.175728
2026-09-23T13:44:44.2597289Z   type: 'test'
2026-09-23T13:44:44.2597665Z   ...
2026-09-23T13:44:44.2598160Z # Subtest: site schema: CSS URL injection
2026-09-23T13:44:44.2598828Z ok 337 - site schema: CSS URL injection
2026-09-23T13:44:44.2599328Z   ---
2026-09-23T13:44:44.2599707Z   duration_ms: 0.207898
2026-09-23T13:44:44.2600149Z   type: 'test'
2026-09-23T13:44:44.2600530Z   ...
2026-09-23T13:44:44.2601013Z # Subtest: site schema: duplicate pages
2026-09-23T13:44:44.2627516Z ok 338 - site schema: duplicate pages
2026-09-23T13:44:44.2657285Z   ---
2026-09-23T13:44:44.2658368Z   duration_ms: 0.144189
2026-09-23T13:44:44.2669075Z   type: 'test'
2026-09-23T13:44:44.2669787Z   ...
2026-09-23T13:44:44.2670351Z # Subtest: site schema: duplicate slugs
2026-09-23T13:44:44.2671048Z ok 339 - site schema: duplicate slugs
2026-09-23T13:44:44.2671579Z   ---
2026-09-23T13:44:44.2672015Z   duration_ms: 0.335738
2026-09-23T13:44:44.2672533Z   type: 'test'
2026-09-23T13:44:44.2672923Z   ...
2026-09-23T13:44:44.2673526Z # Subtest: site schema: duplicate nested node IDs
2026-09-23T13:44:44.2674322Z ok 340 - site schema: duplicate nested node IDs
2026-09-23T13:44:44.2674840Z   ---
2026-09-23T13:44:44.2675257Z   duration_ms: 0.464588
2026-09-23T13:44:44.2675743Z   type: 'test'
2026-09-23T13:44:44.2676134Z   ...
2026-09-23T13:44:44.2676882Z # Subtest: site schema: path traversal
2026-09-23T13:44:44.2677573Z ok 341 - site schema: path traversal
2026-09-23T13:44:44.2678081Z   ---
2026-09-23T13:44:44.2678510Z   duration_ms: 0.158206
2026-09-23T13:44:44.2678969Z   type: 'test'
2026-09-23T13:44:44.2679349Z   ...
2026-09-23T13:44:44.2679863Z # Subtest: site schema: missing home
2026-09-23T13:44:44.2680511Z ok 342 - site schema: missing home
2026-09-23T13:44:44.2681013Z   ---
2026-09-23T13:44:44.2681436Z   duration_ms: 0.126867
2026-09-23T13:44:44.2681909Z   type: 'test'
2026-09-23T13:44:44.2682300Z   ...
2026-09-23T13:44:44.2682883Z # Subtest: site schema: missing internal target
2026-09-23T13:44:44.2683680Z ok 343 - site schema: missing internal target
2026-09-23T13:44:44.2684241Z   ---
2026-09-23T13:44:44.2684648Z   duration_ms: 0.206897
2026-09-23T13:44:44.2685109Z   type: 'test'
2026-09-23T13:44:44.2685466Z   ...
2026-09-23T13:44:44.2685949Z # Subtest: site schema: javascript URL
2026-09-23T13:44:44.2686609Z ok 344 - site schema: javascript URL
2026-09-23T13:44:44.2687371Z   ---
2026-09-23T13:44:44.2687799Z   duration_ms: 0.166731
2026-09-23T13:44:44.2688266Z   type: 'test'
2026-09-23T13:44:44.2688667Z   ...
2026-09-23T13:44:44.2689189Z # Subtest: site schema: credentials in URL
2026-09-23T13:44:44.2689893Z ok 345 - site schema: credentials in URL
2026-09-23T13:44:44.2690409Z   ---
2026-09-23T13:44:44.2690863Z   duration_ms: 0.157855
2026-09-23T13:44:44.2691310Z   type: 'test'
2026-09-23T13:44:44.2691682Z   ...
2026-09-23T13:44:44.2692158Z # Subtest: site schema: HTTP URL
2026-09-23T13:44:44.2692788Z ok 346 - site schema: HTTP URL
2026-09-23T13:44:44.2693284Z   ---
2026-09-23T13:44:44.2693700Z   duration_ms: 0.157975
2026-09-23T13:44:44.2694169Z   type: 'test'
2026-09-23T13:44:44.2694546Z   ...
2026-09-23T13:44:44.2708808Z # Subtest: site schema: invalid high port
2026-09-23T13:44:44.2709581Z ok 347 - site schema: invalid high port
2026-09-23T13:44:44.2710132Z   ---
2026-09-23T13:44:44.2710556Z   duration_ms: 0.223397
2026-09-23T13:44:44.2711021Z   type: 'test'
2026-09-23T13:44:44.2711415Z   ...
2026-09-23T13:44:44.2711889Z # Subtest: site schema: query URL
2026-09-23T13:44:44.2712488Z ok 348 - site schema: query URL
2026-09-23T13:44:44.2712962Z   ---
2026-09-23T13:44:44.2713383Z   duration_ms: 0.648581
2026-09-23T13:44:44.2713849Z   type: 'test'
2026-09-23T13:44:44.2714235Z   ...
2026-09-23T13:44:44.2714725Z # Subtest: site schema: 13 pages
2026-09-23T13:44:44.2715329Z ok 349 - site schema: 13 pages
2026-09-23T13:44:44.2715772Z   ---
2026-09-23T13:44:44.2716146Z   duration_ms: 0.117058
2026-09-23T13:44:44.2716552Z   type: 'test'
2026-09-23T13:44:44.2717761Z   ...
2026-09-23T13:44:44.2718079Z # Subtest: site schema: 25 siblings
2026-09-23T13:44:44.2718596Z ok 350 - site schema: 25 siblings
2026-09-23T13:44:44.2719100Z   ---
2026-09-23T13:44:44.2719530Z   duration_ms: 0.172963
2026-09-23T13:44:44.2720026Z   type: 'test'
2026-09-23T13:44:44.2720434Z   ...
2026-09-23T13:44:44.2720968Z # Subtest: site schema: four levels
2026-09-23T13:44:44.2721587Z ok 351 - site schema: four levels
2026-09-23T13:44:44.2722072Z   ---
2026-09-23T13:44:44.2722491Z   duration_ms: 0.215713
2026-09-23T13:44:44.2722964Z   type: 'test'
2026-09-23T13:44:44.2723352Z   ...
2026-09-23T13:44:44.2723879Z # Subtest: site schema: 144 total nodes
2026-09-23T13:44:44.2724547Z ok 352 - site schema: 144 total nodes
2026-09-23T13:44:44.2725037Z   ---
2026-09-23T13:44:44.2725558Z   duration_ms: 0.583871
2026-09-23T13:44:44.2726058Z   type: 'test'
2026-09-23T13:44:44.2726451Z   ...
2026-09-23T13:44:44.2727326Z # Subtest: site schema: children on text
2026-09-23T13:44:44.2728035Z ok 353 - site schema: children on text
2026-09-23T13:44:44.2728561Z   ---
2026-09-23T13:44:44.2728991Z   duration_ms: 0.145682
2026-09-23T13:44:44.2729589Z   type: 'test'
2026-09-23T13:44:44.2729966Z   ...
2026-09-23T13:44:44.2730466Z # Subtest: site schema: body limit
2026-09-23T13:44:44.2731095Z ok 354 - site schema: body limit
2026-09-23T13:44:44.2731571Z   ---
2026-09-23T13:44:44.2746074Z   duration_ms: 0.152354
2026-09-23T13:44:44.2746572Z   type: 'test'
2026-09-23T13:44:44.2747257Z   ...
2026-09-23T13:44:44.2747828Z # Subtest: site schema: UTF-16 title overflow
2026-09-23T13:44:44.2748572Z ok 355 - site schema: UTF-16 title overflow
2026-09-23T13:44:44.2749121Z   ---
2026-09-23T13:44:44.2749549Z   duration_ms: 0.125564
2026-09-23T13:44:44.2750012Z   type: 'test'
2026-09-23T13:44:44.2750412Z   ...
2026-09-23T13:44:44.2750947Z # Subtest: site schema: fractional columns
2026-09-23T13:44:44.2751656Z ok 356 - site schema: fractional columns
2026-09-23T13:44:44.2752187Z   ---
2026-09-23T13:44:44.2752626Z   duration_ms: 0.153787
2026-09-23T13:44:44.2753089Z   type: 'test'
2026-09-23T13:44:44.2753469Z   ...
2026-09-23T13:44:44.2753975Z # Subtest: site schema: bad alignment
2026-09-23T13:44:44.2754610Z ok 357 - site schema: bad alignment
2026-09-23T13:44:44.2755099Z   ---
2026-09-23T13:44:44.2755514Z   duration_ms: 0.160069
2026-09-23T13:44:44.2755968Z   type: 'test'
2026-09-23T13:44:44.2756346Z   ...
2026-09-23T13:44:44.2757120Z # Subtest: site schema: missing media
2026-09-23T13:44:44.2757767Z ok 358 - site schema: missing media
2026-09-23T13:44:44.2758263Z   ---
2026-09-23T13:44:44.2758682Z   duration_ms: 0.183644
2026-09-23T13:44:44.2759141Z   type: 'test'
2026-09-23T13:44:44.2759520Z   ...
2026-09-23T13:44:44.2760054Z # Subtest: site schema: out of bounds media
2026-09-23T13:44:44.2760760Z ok 359 - site schema: out of bounds media
2026-09-23T13:44:44.2761269Z   ---
2026-09-23T13:44:44.2761694Z   duration_ms: 0.220412
2026-09-23T13:44:44.2762145Z   type: 'test'
2026-09-23T13:44:44.2762533Z   ...
2026-09-23T13:44:44.2763020Z # Subtest: site schema: SVG media
2026-09-23T13:44:44.2763611Z ok 360 - site schema: SVG media
2026-09-23T13:44:44.2764111Z   ---
2026-09-23T13:44:44.2764516Z   duration_ms: 0.103684
2026-09-23T13:44:44.2764965Z   type: 'test'
2026-09-23T13:44:44.2765344Z   ...
2026-09-23T13:44:44.2765879Z # Subtest: site schema: remote media field
2026-09-23T13:44:44.2766518Z ok 361 - site schema: remote media field
2026-09-23T13:44:44.2771303Z   ---
2026-09-23T13:44:44.2771699Z   duration_ms: 0.169216
2026-09-23T13:44:44.2772118Z   type: 'test'
2026-09-23T13:44:44.2772466Z   ...
2026-09-23T13:44:44.2772994Z # Subtest: site schema: fractional posts limit
2026-09-23T13:44:44.2773684Z ok 362 - site schema: fractional posts limit
2026-09-23T13:44:44.2774201Z   ---
2026-09-23T13:44:44.2774595Z   duration_ms: 0.184275
2026-09-23T13:44:44.2775034Z   type: 'test'
2026-09-23T13:44:44.2775380Z   ...
2026-09-23T13:44:44.2775863Z # Subtest: site schema: large document
2026-09-23T13:44:44.2776524Z ok 363 - site schema: large document
2026-09-23T13:44:44.2777953Z   ---
2026-09-23T13:44:44.2778432Z   duration_ms: 2.008993
2026-09-23T13:44:44.2778945Z   type: 'test'
2026-09-23T13:44:44.2779331Z   ...
2026-09-23T13:44:44.2779982Z # Subtest: site schema: empty composition at third level
2026-09-23T13:44:44.2780647Z ok 364 - site schema: empty composition at third level
2026-09-23T13:44:44.2781003Z   ---
2026-09-23T13:44:44.2781255Z   duration_ms: 0.318124
2026-09-23T13:44:44.2781535Z   type: 'test'
2026-09-23T13:44:44.2781783Z   ...
2026-09-23T13:44:44.2782152Z # Subtest: site schema: unreferenced executable attachment
2026-09-23T13:44:44.2782643Z ok 365 - site schema: unreferenced executable attachment
2026-09-23T13:44:44.2782994Z   ---
2026-09-23T13:44:44.2783234Z   duration_ms: 0.17127
2026-09-23T13:44:44.2783489Z   type: 'test'
2026-09-23T13:44:44.2783723Z   ...
2026-09-23T13:44:44.2784044Z # Subtest: site schema: invalid image base64 length
2026-09-23T13:44:44.2784474Z ok 366 - site schema: invalid image base64 length
2026-09-23T13:44:44.2784797Z   ---
2026-09-23T13:44:44.2785043Z   duration_ms: 0.11773
2026-09-23T13:44:44.2785298Z   type: 'test'
2026-09-23T13:44:44.2785529Z   ...
2026-09-23T13:44:44.2785851Z # Subtest: site schema: valid HTTPS escaped path
2026-09-23T13:44:44.2786270Z ok 367 - site schema: valid HTTPS escaped path
2026-09-23T13:44:44.2786596Z   ---
2026-09-23T13:44:44.2787275Z   duration_ms: 0.293839
2026-09-23T13:44:44.2787722Z   type: 'test'
2026-09-23T13:44:44.2788032Z   ...
2026-09-23T13:44:44.2788465Z # Subtest: site schema: valid HTTPS local IPv4
2026-09-23T13:44:44.2789052Z ok 368 - site schema: valid HTTPS local IPv4
2026-09-23T13:44:44.2789472Z   ---
2026-09-23T13:44:44.2789794Z   duration_ms: 0.388897
2026-09-23T13:44:44.2790156Z   type: 'test'
2026-09-23T13:44:44.2790462Z   ...
2026-09-23T13:44:44.2791059Z # Subtest: site schema: valid HTTPS international path
2026-09-23T13:44:44.2791715Z ok 369 - site schema: valid HTTPS international path
2026-09-23T13:44:44.2792044Z   ---
2026-09-23T13:44:44.2792289Z   duration_ms: 0.240239
2026-09-23T13:44:44.2792559Z   type: 'test'
2026-09-23T13:44:44.2792778Z   ...
2026-09-23T13:44:44.2793112Z # Subtest: site schema: invalid HTTPS percent escape
2026-09-23T13:44:44.2793544Z ok 370 - site schema: invalid HTTPS percent escape
2026-09-23T13:44:44.2793871Z   ---
2026-09-23T13:44:44.2794218Z   duration_ms: 0.156973
2026-09-23T13:44:44.2794571Z   type: 'test'
2026-09-23T13:44:44.2794892Z   ...
2026-09-23T13:44:44.2795455Z # Subtest: site schema: invalid HTTPS dangling percent
2026-09-23T13:44:44.2796054Z ok 371 - site schema: invalid HTTPS dangling percent
2026-09-23T13:44:44.2796377Z   ---
2026-09-23T13:44:44.2796896Z   duration_ms: 0.148086
2026-09-23T13:44:44.2797240Z   type: 'test'
2026-09-23T13:44:44.2797473Z   ...
2026-09-23T13:44:44.2797829Z # Subtest: site schema: invalid HTTPS Unicode whitespace
2026-09-23T13:44:44.2798295Z ok 372 - site schema: invalid HTTPS Unicode whitespace
2026-09-23T13:44:44.2798619Z   ---
2026-09-23T13:44:44.2798861Z   duration_ms: 0.142936
2026-09-23T13:44:44.2799138Z   type: 'test'
2026-09-23T13:44:44.2799357Z   ...
2026-09-23T13:44:44.2799687Z # Subtest: site schema: invalid HTTPS control character
2026-09-23T13:44:44.2800135Z ok 373 - site schema: invalid HTTPS control character
2026-09-23T13:44:44.2800460Z   ---
2026-09-23T13:44:44.2800696Z   duration_ms: 0.230351
2026-09-23T13:44:44.2800952Z   type: 'test'
2026-09-23T13:44:44.2801177Z   ...
2026-09-23T13:44:44.2801486Z # Subtest: site schema: invalid HTTPS IPv4 range
2026-09-23T13:44:44.2801892Z ok 374 - site schema: invalid HTTPS IPv4 range
2026-09-23T13:44:44.2802202Z   ---
2026-09-23T13:44:44.2802433Z   duration_ms: 0.171441
2026-09-23T13:44:44.2802690Z   type: 'test'
2026-09-23T13:44:44.2802903Z   ...
2026-09-23T13:44:44.2803241Z # Subtest: site schema: invalid HTTPS abbreviated IPv4
2026-09-23T13:44:44.2803674Z ok 375 - site schema: invalid HTTPS abbreviated IPv4
2026-09-23T13:44:44.2803988Z   ---
2026-09-23T13:44:44.2804224Z   duration_ms: 1.24716
2026-09-23T13:44:44.2804471Z   type: 'test'
2026-09-23T13:44:44.2805018Z   ...
2026-09-23T13:44:44.2805390Z # Subtest: site schema: invalid HTTPS numeric final DNS label
2026-09-23T13:44:44.2805874Z ok 376 - site schema: invalid HTTPS numeric final DNS label
2026-09-23T13:44:44.2806207Z   ---
2026-09-23T13:44:44.2806438Z   duration_ms: 0.147856
2026-09-23T13:44:44.2806955Z   type: 'test'
2026-09-23T13:44:44.2807185Z   ...
2026-09-23T13:44:44.2807540Z # Subtest: site schema: invalid HTTPS hexadecimal IP alias
2026-09-23T13:44:44.2808005Z ok 377 - site schema: invalid HTTPS hexadecimal IP alias
2026-09-23T13:44:44.2808326Z   ---
2026-09-23T13:44:44.2808561Z   duration_ms: 0.131185
2026-09-23T13:44:44.2808818Z   type: 'test'
2026-09-23T13:44:44.2809040Z   ...
2026-09-23T13:44:44.2809361Z # Subtest: site schema: invalid HTTPS octal IP alias
2026-09-23T13:44:44.2809790Z ok 378 - site schema: invalid HTTPS octal IP alias
2026-09-23T13:44:44.2810108Z   ---
2026-09-23T13:44:44.2810348Z   duration_ms: 0.142576
2026-09-23T13:44:44.2810610Z   type: 'test'
2026-09-23T13:44:44.2810843Z   ...
2026-09-23T13:44:44.2811154Z # Subtest: site schema: valid HTTPS local hostname
2026-09-23T13:44:44.2811567Z ok 379 - site schema: valid HTTPS local hostname
2026-09-23T13:44:44.2811882Z   ---
2026-09-23T13:44:44.2812120Z   duration_ms: 0.189374
2026-09-23T13:44:44.2812370Z   type: 'test'
2026-09-23T13:44:44.2812719Z   ...
2026-09-23T13:44:44.2813245Z # Subtest: site schema: invalid HTTPS hostname label
2026-09-23T13:44:44.2813694Z ok 380 - site schema: invalid HTTPS hostname label
2026-09-23T13:44:44.2814019Z   ---
2026-09-23T13:44:44.2814264Z   duration_ms: 0.141715
2026-09-23T13:44:44.2814525Z   type: 'test'
2026-09-23T13:44:44.2814742Z   ...
2026-09-23T13:44:44.2815227Z # Subtest: site schema: valid HTTPS IDN ASCII hostname
2026-09-23T13:44:44.2815946Z ok 381 - site schema: valid HTTPS IDN ASCII hostname
2026-09-23T13:44:44.2816353Z   ---
2026-09-23T13:44:44.2816823Z   duration_ms: 0.191067
2026-09-23T13:44:44.2817190Z   type: 'test'
2026-09-23T13:44:44.2817416Z   ...
2026-09-23T13:44:44.2817944Z # Subtest: site schema: version 2 typed table
2026-09-23T13:44:44.2818376Z ok 382 - site schema: version 2 typed table
2026-09-23T13:44:44.2818688Z   ---
2026-09-23T13:44:44.2819104Z   duration_ms: 0.737888
2026-09-23T13:44:44.2819384Z   type: 'test'
2026-09-23T13:44:44.2819607Z   ...
2026-09-23T13:44:44.2819935Z # Subtest: site schema: table rejected in version 1
2026-09-23T13:44:44.2820583Z ok 383 - site schema: table rejected in version 1
2026-09-23T13:44:44.2820915Z   ---
2026-09-23T13:44:44.2821164Z   duration_ms: 0.165569
2026-09-23T13:44:44.2821616Z   type: 'test'
2026-09-23T13:44:44.2821847Z   ...
2026-09-23T13:44:44.2822140Z # Subtest: site schema: table missing data
2026-09-23T13:44:44.2822631Z ok 384 - site schema: table missing data
2026-09-23T13:44:44.2823009Z   ---
2026-09-23T13:44:44.2823252Z   duration_ms: 0.152334
2026-09-23T13:44:44.2823674Z   type: 'test'
2026-09-23T13:44:44.2823925Z   ...
2026-09-23T13:44:44.2824260Z # Subtest: site schema: data on non-table block
2026-09-23T13:44:44.2824915Z ok 385 - site schema: data on non-table block
2026-09-23T13:44:44.2825679Z   ---
2026-09-23T13:44:44.2826076Z   duration_ms: 0.190155
2026-09-23T13:44:44.2838514Z   type: 'test'
2026-09-23T13:44:44.2838775Z   ...
2026-09-23T13:44:44.2839248Z # Subtest: site schema: table unknown field
2026-09-23T13:44:44.2839906Z ok 386 - site schema: table unknown field
2026-09-23T13:44:44.2840233Z   ---
2026-09-23T13:44:44.2840497Z   duration_ms: 0.156162
2026-09-23T13:44:44.2840935Z   type: 'test'
2026-09-23T13:44:44.2841180Z   ...
2026-09-23T13:44:44.2841533Z # Subtest: site schema: table repeated row identifier
2026-09-23T13:44:44.2842164Z ok 387 - site schema: table repeated row identifier
2026-09-23T13:44:44.2842498Z   ---
2026-09-23T13:44:44.2842745Z   duration_ms: 0.204842
2026-09-23T13:44:44.2843014Z   type: 'test'
2026-09-23T13:44:44.2843399Z   ...
2026-09-23T13:44:44.2843723Z # Subtest: site schema: table wrong typed number
2026-09-23T13:44:44.2844586Z ok 388 - site schema: table wrong typed number
2026-09-23T13:44:44.2845112Z   ---
2026-09-23T13:44:44.2845371Z   duration_ms: 0.201477
2026-09-23T13:44:44.2845775Z   type: 'test'
2026-09-23T13:44:44.2846059Z   ...
2026-09-23T13:44:44.2846556Z # Subtest: templates satisfy the same wire contract and produce unique block identities
2026-09-23T13:44:44.2847934Z ok 389 - templates satisfy the same wire contract and produce unique block identities
2026-09-23T13:44:44.2848544Z   ---
2026-09-23T13:44:44.2848817Z   duration_ms: 2.110131
2026-09-23T13:44:44.2849087Z   type: 'test'
2026-09-23T13:44:44.2849318Z   ...
2026-09-23T13:44:44.2849874Z # Subtest: site input rejects getters without invoking them
2026-09-23T13:44:44.2850384Z ok 390 - site input rejects getters without invoking them
2026-09-23T13:44:44.2850788Z   ---
2026-09-23T13:44:44.2851173Z   duration_ms: 0.332562
2026-09-23T13:44:44.2851455Z   type: 'test'
2026-09-23T13:44:44.2851698Z   ...
2026-09-23T13:44:44.2852213Z # Subtest: site total image budget is enforced outside the editor
2026-09-23T13:44:44.2852836Z ok 391 - site total image budget is enforced outside the editor
2026-09-23T13:44:44.2853206Z   ---
2026-09-23T13:44:44.2853688Z   duration_ms: 7.913222
2026-09-23T13:44:44.2853957Z   type: 'test'
2026-09-23T13:44:44.2854175Z   ...
2026-09-23T13:44:44.2854778Z # Subtest: image limit counts decoded bytes, including padding at the exact boundary
2026-09-23T13:44:44.2855942Z ok 392 - image limit counts decoded bytes, including padding at the exact boundary
2026-09-23T13:44:44.2856868Z   ---
2026-09-23T13:44:44.2857303Z   duration_ms: 12.720893
2026-09-23T13:44:44.2857736Z   type: 'test'
2026-09-23T13:44:44.2858097Z   ...
2026-09-23T13:44:44.2858935Z # Subtest: individually valid tables also consume the global 128 KiB document budget
2026-09-23T13:44:44.2860157Z ok 393 - individually valid tables also consume the global 128 KiB document budget
2026-09-23T13:44:44.2860892Z   ---
2026-09-23T13:44:44.2861284Z   duration_ms: 13.625333
2026-09-23T13:44:44.2861707Z   type: 'test'
2026-09-23T13:44:44.2862064Z   ...
2026-09-23T13:44:44.4714974Z # Subtest: draft context retains original base and exact pending request across serialisation without transferring ownership
2026-09-23T13:44:44.4717340Z ok 394 - draft context retains original base and exact pending request across serialisation without transferring ownership
2026-09-23T13:44:44.4718430Z   ---
2026-09-23T13:44:44.4718888Z   duration_ms: 2.506211
2026-09-23T13:44:44.4719366Z   type: 'test'
2026-09-23T13:44:44.4719757Z   ...
2026-09-23T13:44:44.4726302Z # Subtest: malformed or ambiguous draft context cannot replace valid private editing metadata
2026-09-23T13:44:44.4729362Z ok 395 - malformed or ambiguous draft context cannot replace valid private editing metadata
2026-09-23T13:44:44.4730243Z   ---
2026-09-23T13:44:44.4730590Z   duration_ms: 1.156801
2026-09-23T13:44:44.4730960Z   type: 'test'
2026-09-23T13:44:44.4731268Z   ...
2026-09-23T13:44:45.3487271Z # Subtest: v4 binds nested and cross-page forms to typed local tables; Node and Go agree on positive/negative document vectors
2026-09-23T13:44:45.3489855Z ok 396 - v4 binds nested and cross-page forms to typed local tables; Node and Go agree on positive/negative document vectors
2026-09-23T13:44:45.3490820Z   ---
2026-09-23T13:44:45.3491178Z   duration_ms: 493.220809
2026-09-23T13:44:45.3491573Z   type: 'test'
2026-09-23T13:44:45.3491878Z   ...
2026-09-23T13:44:45.3499077Z # Subtest: copying a page or a composition rebinds local tables while foreign-page references remain independent
2026-09-23T13:44:45.3500373Z ok 397 - copying a page or a composition rebinds local tables while foreign-page references remain independent
2026-09-23T13:44:45.3501060Z   ---
2026-09-23T13:44:45.3501371Z   duration_ms: 9.091273
2026-09-23T13:44:45.3501720Z   type: 'test'
2026-09-23T13:44:45.3502013Z   ...
2026-09-23T13:44:45.3502856Z # Subtest: v4 schemas remain covered by owner snapshots; unversioned or counterfeit envelopes cannot supply form authority
2026-09-23T13:44:45.3504729Z ok 398 - v4 schemas remain covered by owner snapshots; unversioned or counterfeit envelopes cannot supply form authority
2026-09-23T13:44:45.3505667Z   ---
2026-09-23T13:44:45.3505947Z   duration_ms: 75.000352
2026-09-23T13:44:45.3506273Z   type: 'test'
2026-09-23T13:44:45.3506537Z   ...
2026-09-23T13:44:53.2743690Z # Subtest: versioned sites cross TCP and serial PTY, survive partition/heal and reach a new reader from a consenting offline-author seeder
2026-09-23T13:44:53.2745589Z ok 399 - versioned sites cross TCP and serial PTY, survive partition/heal and reach a new reader from a consenting offline-author seeder
2026-09-23T13:44:53.2746558Z   ---
2026-09-23T13:44:53.2747336Z   duration_ms: 7663.301265
2026-09-23T13:44:53.2747906Z   type: 'test'
2026-09-23T13:44:53.2748392Z   ...
2026-09-23T13:44:53.5033443Z # Subtest: page duplication preserves the source, shared assets and external links while remapping nested self-links
2026-09-23T13:44:53.5036142Z ok 400 - page duplication preserves the source, shared assets and external links while remapping nested self-links
2026-09-23T13:44:53.5040498Z   ---
2026-09-23T13:44:53.5041006Z   duration_ms: 5.435123
2026-09-23T13:44:53.5044447Z   type: 'test'
2026-09-23T13:44:53.5044898Z   ...
2026-09-23T13:44:53.5045711Z # Subtest: duplicate names/slugs remain bounded and unique with Unicode and the exact page cap
2026-09-23T13:44:53.5046803Z ok 401 - duplicate names/slugs remain bounded and unique with Unicode and the exact page cap
2026-09-23T13:44:53.5047270Z   ---
2026-09-23T13:44:53.5047497Z   duration_ms: 7.413823
2026-09-23T13:44:53.5047747Z   type: 'test'
2026-09-23T13:44:53.5047944Z   ...
2026-09-23T13:44:53.5052424Z # Subtest: page copying accepts exactly 128 nodes and refuses the next node without changing the draft
2026-09-23T13:44:53.5053600Z ok 402 - page copying accepts exactly 128 nodes and refuses the next node without changing the draft
2026-09-23T13:44:53.5054086Z   ---
2026-09-23T13:44:53.5054310Z   duration_ms: 6.352648
2026-09-23T13:44:53.5054560Z   type: 'test'
2026-09-23T13:44:53.5054758Z   ...
2026-09-23T13:44:53.5057529Z # Subtest: reordering preserves page identities, home and links and has no history-changing boundary step
2026-09-23T13:44:53.5059509Z ok 403 - reordering preserves page identities, home and links and has no history-changing boundary step
2026-09-23T13:44:53.5061658Z   ---
2026-09-23T13:44:53.5061902Z   duration_ms: 1.363447
2026-09-23T13:44:53.5062151Z   type: 'test'
2026-09-23T13:44:53.5062358Z   ...
2026-09-23T13:44:53.5062968Z # Subtest: copying is explicit authored content creation in the selected language and never mutates an invalid source
2026-09-23T13:44:53.5066125Z ok 404 - copying is explicit authored content creation in the selected language and never mutates an invalid source
2026-09-23T13:44:53.5067338Z   ---
2026-09-23T13:44:53.5067570Z   duration_ms: 2.033178
2026-09-23T13:44:53.5067820Z   type: 'test'
2026-09-23T13:44:53.5068027Z   ...
2026-09-23T13:44:54.3461475Z # (node:8965) ExperimentalWarning: SQLite is an experimental feature and might change at any time
2026-09-23T13:44:54.3463319Z # (Use `node --trace-warnings ...` to show where the warning was created)
2026-09-23T13:44:54.3492621Z # Subtest: private site staging survives SQLite restart and does not expose signatures to the reading secret
2026-09-23T13:44:54.3494413Z ok 405 - private site staging survives SQLite restart and does not expose signatures to the reading secret
2026-09-23T13:44:54.3495382Z   ---
2026-09-23T13:44:54.3495809Z   duration_ms: 104.866015
2026-09-23T13:44:54.3496279Z   type: 'test'
2026-09-23T13:44:54.3497012Z   ...
2026-09-23T13:44:54.3498692Z # Subtest: private resource staging survives SQLite restart and does not expose signatures to the reading secret
2026-09-23T13:44:54.3500744Z ok 406 - private resource staging survives SQLite restart and does not expose signatures to the reading secret
2026-09-23T13:44:54.3501742Z   ---
2026-09-23T13:44:54.3502188Z   duration_ms: 93.064919
2026-09-23T13:44:54.3502665Z   type: 'test'
2026-09-23T13:44:54.3503041Z   ...
2026-09-23T13:44:54.3504929Z # Subtest: private contribution staging survives SQLite restart and does not expose signatures to the reading secret
2026-09-23T13:44:54.3507376Z ok 407 - private contribution staging survives SQLite restart and does not expose signatures to the reading secret
2026-09-23T13:44:54.3508397Z   ---
2026-09-23T13:44:54.3508823Z   duration_ms: 86.679729
2026-09-23T13:44:54.3509302Z   type: 'test'
2026-09-23T13:44:54.3509673Z   ...
2026-09-23T13:44:54.3510892Z # Subtest: private contribution-inbox staging survives SQLite restart and does not expose signatures to the reading secret
2026-09-23T13:44:54.3512676Z ok 408 - private contribution-inbox staging survives SQLite restart and does not expose signatures to the reading secret
2026-09-23T13:44:54.3513715Z   ---
2026-09-23T13:44:54.3514153Z   duration_ms: 83.897663
2026-09-23T13:44:54.3514611Z   type: 'test'
2026-09-23T13:44:54.3514980Z   ...
2026-09-23T13:44:54.3516208Z # Subtest: private contribution-receipt staging survives SQLite restart and does not expose signatures to the reading secret
2026-09-23T13:44:54.3518433Z ok 409 - private contribution-receipt staging survives SQLite restart and does not expose signatures to the reading secret
2026-09-23T13:44:54.3519551Z   ---
2026-09-23T13:44:54.3519991Z   duration_ms: 87.934077
2026-09-23T13:44:54.3520463Z   type: 'test'
2026-09-23T13:44:54.3520833Z   ...
2026-09-23T13:44:54.3521772Z # Subtest: private staging quota failure aborts all record changes even when its error is caught
2026-09-23T13:44:54.3523240Z ok 410 - private staging quota failure aborts all record changes even when its error is caught
2026-09-23T13:44:54.3524059Z   ---
2026-09-23T13:44:54.3524471Z   duration_ms: 19.687449
2026-09-23T13:44:54.3524948Z   type: 'test'
2026-09-23T13:44:54.3525314Z   ...
2026-09-23T13:44:54.3526134Z # Subtest: private record handles expire at the synchronous transaction boundary
2026-09-23T13:44:54.3527655Z ok 411 - private record handles expire at the synchronous transaction boundary
2026-09-23T13:44:54.3543740Z   ---
2026-09-23T13:44:54.3544223Z   duration_ms: 7.659859
2026-09-23T13:44:54.3544649Z   type: 'test'
2026-09-23T13:44:54.3545013Z   ...
2026-09-23T13:44:54.3546048Z # Subtest: missing and transposed ciphertext are rejected even inside an otherwise authentic outer database
2026-09-23T13:44:54.3547926Z ok 412 - missing and transposed ciphertext are rejected even inside an otherwise authentic outer database
2026-09-23T13:44:54.3548807Z   ---
2026-09-23T13:44:54.3549223Z   duration_ms: 159.141372
2026-09-23T13:44:54.3549695Z   type: 'test'
2026-09-23T13:44:54.3550054Z   ...
2026-09-23T13:44:56.7798639Z # Subtest: node editor keeps one publication after a lost response and process restart; private version recovery preserves readers
2026-09-23T13:44:56.7800078Z ok 413 - node editor keeps one publication after a lost response and process restart; private version recovery preserves readers
2026-09-23T13:44:56.7800800Z   ---
2026-09-23T13:44:56.7801091Z   duration_ms: 2137.354464
2026-09-23T13:44:56.7801412Z   type: 'test'
2026-09-23T13:44:56.7801722Z   ...
2026-09-23T13:44:59.1307102Z # Subtest: node editor rejects stale and changed review bases, and can close a consumed competing attempt without claiming cancellation
2026-09-23T13:44:59.1308797Z ok 414 - node editor rejects stale and changed review bases, and can close a consumed competing attempt without claiming cancellation
2026-09-23T13:44:59.1309661Z   ---
2026-09-23T13:44:59.1310224Z   duration_ms: 2351.579151
2026-09-23T13:44:59.1310762Z   type: 'test'
2026-09-23T13:44:59.1311234Z   ...
2026-09-23T13:45:00.2540655Z # Subtest: node editor never sends before durable draft acknowledgement, keeps unknown submissions frozen, and fences a locked session
2026-09-23T13:45:00.2542839Z ok 415 - node editor never sends before durable draft acknowledgement, keeps unknown submissions frozen, and fences a locked session
2026-09-23T13:45:00.2543901Z   ---
2026-09-23T13:45:00.2544480Z   duration_ms: 1123.213931
2026-09-23T13:45:00.2544942Z   type: 'test'
2026-09-23T13:45:00.2545276Z   ...
2026-09-23T13:45:01.4739061Z # Subtest: native editor keeps one publication after a lost response and process restart; private version recovery preserves readers
2026-09-23T13:45:01.4740533Z ok 416 - native editor keeps one publication after a lost response and process restart; private version recovery preserves readers
2026-09-23T13:45:01.4741252Z   ---
2026-09-23T13:45:01.4741522Z   duration_ms: 1219.689989
2026-09-23T13:45:01.4741822Z   type: 'test'
2026-09-23T13:45:01.4742063Z   ...
2026-09-23T13:45:03.3859027Z # Subtest: native editor rejects stale and changed review bases, and can close a consumed competing attempt without claiming cancellation
2026-09-23T13:45:03.3861359Z ok 417 - native editor rejects stale and changed review bases, and can close a consumed competing attempt without claiming cancellation
2026-09-23T13:45:03.3862459Z   ---
2026-09-23T13:45:03.3862852Z   duration_ms: 1911.741862
2026-09-23T13:45:03.3863303Z   type: 'test'
2026-09-23T13:45:03.3863679Z   ...
2026-09-23T13:45:04.0101663Z # Subtest: native editor never sends before durable draft acknowledgement, keeps unknown submissions frozen, and fences a locked session
2026-09-23T13:45:04.0103102Z ok 418 - native editor never sends before durable draft acknowledgement, keeps unknown submissions frozen, and fences a locked session
2026-09-23T13:45:04.0104094Z   ---
2026-09-23T13:45:04.0104640Z   duration_ms: 624.299204
2026-09-23T13:45:04.0105189Z   type: 'test'
2026-09-23T13:45:04.0105649Z   ...
2026-09-23T13:45:05.7749502Z # Subtest: node editor can close an unadmitted request after a late fork changes only its base
2026-09-23T13:45:05.7750535Z ok 419 - node editor can close an unadmitted request after a late fork changes only its base
2026-09-23T13:45:05.7751110Z   ---
2026-09-23T13:45:05.7751421Z   duration_ms: 1764.963078
2026-09-23T13:45:05.7751749Z   type: 'test'
2026-09-23T13:45:05.7752004Z   ...
2026-09-23T13:45:07.4661755Z # Subtest: native editor can close an unadmitted request after a late fork changes only its base
2026-09-23T13:45:07.4663737Z ok 420 - native editor can close an unadmitted request after a late fork changes only its base
2026-09-23T13:45:07.4664875Z   ---
2026-09-23T13:45:07.4665584Z   duration_ms: 1690.886449
2026-09-23T13:45:07.4666156Z   type: 'test'
2026-09-23T13:45:07.4666594Z   ...
2026-09-23T13:45:15.3699100Z # Subtest: node editor can resume an earlier authorized copy without replacing the current draft
2026-09-23T13:45:15.3700641Z ok 421 - node editor can resume an earlier authorized copy without replacing the current draft
2026-09-23T13:45:15.3701637Z   ---
2026-09-23T13:45:15.3702340Z   duration_ms: 7903.304315
2026-09-23T13:45:15.3706903Z   type: 'test'
2026-09-23T13:45:15.3707302Z   ...
2026-09-23T13:45:21.6317245Z # Subtest: native editor can resume an earlier authorized copy without replacing the current draft
2026-09-23T13:45:21.6319190Z ok 422 - native editor can resume an earlier authorized copy without replacing the current draft
2026-09-23T13:45:21.6320427Z   ---
2026-09-23T13:45:21.6321205Z   duration_ms: 6264.66453
2026-09-23T13:45:21.6321854Z   type: 'test'
2026-09-23T13:45:21.6322340Z   ...
2026-09-23T13:45:22.7675631Z # Subtest: receipt journals agree across Node/portable/Go on immutable intent, phases, expiry and source binding
2026-09-23T13:45:22.7680565Z ok 423 - receipt journals agree across Node/portable/Go on immutable intent, phases, expiry and source binding
2026-09-23T13:45:22.7681753Z   ---
2026-09-23T13:45:22.7682184Z   duration_ms: 829.96425
2026-09-23T13:45:22.7682606Z   type: 'test'
2026-09-23T13:45:22.7682935Z   ...
2026-09-23T13:47:02.1062345Z # (node:9203) ExperimentalWarning: SQLite is an experimental feature and might change at any time
2026-09-23T13:47:02.1063751Z # (Use `node --trace-warnings ...` to show where the warning was created)
2026-09-23T13:47:02.1089686Z # Subtest: Node receipt batch rotates fairly and retains every pending original envelope
2026-09-23T13:47:02.1091669Z ok 424 - Node receipt batch rotates fairly and retains every pending original envelope
2026-09-23T13:47:02.1093626Z   ---
2026-09-23T13:47:02.1094382Z   duration_ms: 1656.247478
2026-09-23T13:47:02.1095219Z   type: 'test'
2026-09-23T13:47:02.1095943Z   ...
2026-09-23T13:47:02.1098416Z # Subtest: Node receipt batch charges failed copies and retains every pending original envelope
2026-09-23T13:47:02.1100635Z ok 425 - Node receipt batch charges failed copies and retains every pending original envelope
2026-09-23T13:47:02.1101507Z   ---
2026-09-23T13:47:02.1102076Z   duration_ms: 1442.799233
2026-09-23T13:47:02.1102642Z   type: 'test'
2026-09-23T13:47:02.1103123Z   ...
2026-09-23T13:47:02.1114688Z # Subtest: Go receipt runtime applies the same rotating copy budget, including real quota failures
2026-09-23T13:47:02.1115959Z ok 426 - Go receipt runtime applies the same rotating copy budget, including real quota failures
2026-09-23T13:47:02.1116967Z   ---
2026-09-23T13:47:02.1117476Z   duration_ms: 95986.16151
2026-09-23T13:47:02.1118073Z   type: 'test'
2026-09-23T13:47:02.1118519Z   ...
2026-09-23T13:47:02.1119425Z # {"phase":"compile-only","durationMs":67773,"exitCode":0,"signal":null,"error":null}
2026-09-23T13:47:02.1120468Z # {"phase":"execute","durationMs":28206,"exitCode":0,"signal":null,"error":null}
2026-09-23T13:47:04.4801599Z # Subtest: site sequence reservation is not publication; replay is stable and stale bases do not mutate state
2026-09-23T13:47:04.4804605Z ok 427 - site sequence reservation is not publication; replay is stable and stale bases do not mutate state
2026-09-23T13:47:04.4806321Z   ---
2026-09-23T13:47:04.4807536Z   duration_ms: 31.181243
2026-09-23T13:47:04.4808073Z   type: 'test'
2026-09-23T13:47:04.4808456Z   ...
2026-09-23T13:47:04.4809616Z # Subtest: a newer signed observation supersedes an unfinished publication and cannot roll back to older headers
2026-09-23T13:47:04.4814657Z ok 428 - a newer signed observation supersedes an unfinished publication and cannot roll back to older headers
2026-09-23T13:47:04.4838076Z   ---
2026-09-23T13:47:04.4838538Z   duration_ms: 15.780637
2026-09-23T13:47:04.4839064Z   type: 'test'
2026-09-23T13:47:04.4839441Z   ...
2026-09-23T13:47:04.4840457Z # Subtest: retired site operation sequences cannot be replayed as new writes
2026-09-23T13:47:04.4841771Z ok 429 - retired site operation sequences cannot be replayed as new writes
2026-09-23T13:47:04.4842619Z   ---
2026-09-23T13:47:04.4843159Z   duration_ms: 976.493942
2026-09-23T13:47:04.4843756Z   type: 'test'
2026-09-23T13:47:04.4844246Z   ...
2026-09-23T13:47:04.4845259Z # Subtest: a full site history can advance while the latest known header is retained without payloads
2026-09-23T13:47:04.4846960Z ok 430 - a full site history can advance while the latest known header is retained without payloads
2026-09-23T13:47:04.4847795Z   ---
2026-09-23T13:47:04.4848191Z   duration_ms: 895.841413
2026-09-23T13:47:04.4848644Z   type: 'test'
2026-09-23T13:47:04.4848999Z   ...
2026-09-23T13:47:04.4849906Z # Subtest: registry shape and single pending operation limits reject malformed state without invoking getters
2026-09-23T13:47:04.4851306Z ok 431 - registry shape and single pending operation limits reject malformed state without invoking getters
2026-09-23T13:47:04.4852148Z   ---
2026-09-23T13:47:04.4852520Z   duration_ms: 6.06049
2026-09-23T13:47:04.4852920Z   type: 'test'
2026-09-23T13:47:04.4853256Z   ...
2026-09-23T13:47:04.4854089Z # Subtest: equal-sequence signed concurrency changes the base before durable authorization
2026-09-23T13:47:04.4855328Z ok 432 - equal-sequence signed concurrency changes the base before durable authorization
2026-09-23T13:47:04.4856044Z   ---
2026-09-23T13:47:04.4856411Z   duration_ms: 7.934059
2026-09-23T13:47:04.4857131Z   type: 'test'
2026-09-23T13:47:04.4857478Z   ...
2026-09-23T13:47:04.4858371Z # Subtest: committed publication recovery is irreversible and never rolls back a newer signed head
2026-09-23T13:47:04.4859682Z ok 433 - committed publication recovery is irreversible and never rolls back a newer signed head
2026-09-23T13:47:04.4860431Z   ---
2026-09-23T13:47:04.4861191Z   duration_ms: 17.91869
2026-09-23T13:47:04.4861823Z   type: 'test'
2026-09-23T13:47:04.4862166Z   ...
2026-09-23T13:47:04.4863109Z # Subtest: cryptographic memoization is confined to one transition and cannot hide subsequent mutations
2026-09-23T13:47:04.4864567Z ok 434 - cryptographic memoization is confined to one transition and cannot hide subsequent mutations
2026-09-23T13:47:04.4865382Z   ---
2026-09-23T13:47:04.4865746Z   duration_ms: 195.729468
2026-09-23T13:47:04.4866163Z   type: 'test'
2026-09-23T13:47:04.4866499Z   ...
2026-09-23T13:47:05.6023882Z # Subtest: explicit refusal journals agree across Node/portable/Go on immutable intent, phases, expiry and source binding
2026-09-23T13:47:05.6027802Z ok 435 - explicit refusal journals agree across Node/portable/Go on immutable intent, phases, expiry and source binding
2026-09-23T13:47:05.6029009Z   ---
2026-09-23T13:47:05.6029683Z   duration_ms: 817.71184
2026-09-23T13:47:05.6030438Z   type: 'test'
2026-09-23T13:47:05.6031096Z   ...
2026-09-23T13:47:06.1777736Z # (node:12633) ExperimentalWarning: SQLite is an experimental feature and might change at any time
2026-09-23T13:47:06.1779025Z # (Use `node --trace-warnings ...` to show where the warning was created)
2026-09-23T13:47:06.1800671Z # Subtest: logical site publication replays the same public or private result before and after staging retirement
2026-09-23T13:47:06.1804230Z ok 436 - logical site publication replays the same public or private result before and after staging retirement
2026-09-23T13:47:06.1805304Z   ---
2026-09-23T13:47:06.1806253Z   duration_ms: 247.015836
2026-09-23T13:47:06.1807102Z   type: 'test'
2026-09-23T13:47:06.1807648Z   ...
2026-09-23T13:47:06.1812505Z # Subtest: request fingerprints bind exact reading cards, base, lifetime and document consistently across crypto runtimes
2026-09-23T13:47:06.1815310Z ok 437 - request fingerprints bind exact reading cards, base, lifetime and document consistently across crypto runtimes
2026-09-23T13:47:06.1816261Z   ---
2026-09-23T13:47:06.1817063Z   duration_ms: 35.3879
2026-09-23T13:47:06.1817649Z   type: 'test'
2026-09-23T13:47:06.1817889Z   ...
2026-09-23T13:47:06.6708513Z # (node:12651) ExperimentalWarning: SQLite is an experimental feature and might change at any time
2026-09-23T13:47:06.6710156Z # (Use `node --trace-warnings ...` to show where the warning was created)
2026-09-23T13:47:06.6744467Z # Subtest: resource preparation is encrypted, survives reopen and returns the same reference after a lost response
2026-09-23T13:47:06.6746374Z ok 438 - resource preparation is encrypted, survives reopen and returns the same reference after a lost response
2026-09-23T13:47:06.6747714Z   ---
2026-09-23T13:47:06.6748166Z   duration_ms: 64.349263
2026-09-23T13:47:06.6748655Z   type: 'test'
2026-09-23T13:47:06.6749033Z   ...
2026-09-23T13:47:06.6752514Z # Subtest: resource quota failure rolls back counter and signatures, even when caught by an outer caller
2026-09-23T13:47:06.6754570Z ok 439 - resource quota failure rolls back counter and signatures, even when caught by an outer caller
2026-09-23T13:47:06.6755855Z   ---
2026-09-23T13:47:06.6756609Z   duration_ms: 111.560791
2026-09-23T13:47:06.6757351Z   type: 'test'
2026-09-23T13:47:06.6757667Z   ...
2026-09-23T13:47:06.6758533Z # Subtest: a different copy cannot finish an operation or consume its pending signature
2026-09-23T13:47:06.6759852Z ok 440 - a different copy cannot finish an operation or consume its pending signature
2026-09-23T13:47:06.6760355Z   ---
2026-09-23T13:47:06.6760611Z   duration_ms: 32.790108
2026-09-23T13:47:06.6760875Z   type: 'test'
2026-09-23T13:47:06.6761079Z   ...
2026-09-23T13:47:08.8630934Z # Subtest: expired preparation authenticates before disposal and never silently recreates the requested resource
2026-09-23T13:47:08.8632794Z ok 441 - expired preparation authenticates before disposal and never silently recreates the requested resource
2026-09-23T13:47:08.8633773Z   ---
2026-09-23T13:47:08.8634201Z   duration_ms: 1122.658546
2026-09-23T13:47:08.8634662Z   type: 'test'
2026-09-23T13:47:08.8635773Z   ...
2026-09-23T13:47:08.8636962Z # Subtest: a missing stage is corruption and is never interpreted as a fresh catalogue
2026-09-23T13:47:08.8638274Z ok 442 - a missing stage is corruption and is never interpreted as a fresh catalogue
2026-09-23T13:47:08.8657902Z   ---
2026-09-23T13:47:08.8658778Z   duration_ms: 21.061129
2026-09-23T13:47:08.8667522Z   type: 'test'
2026-09-23T13:47:08.8675384Z   ...
2026-09-23T13:47:08.8676373Z # Subtest: real process exit before-commit cannot duplicate or lose the resource creation identity
2026-09-23T13:47:08.8678059Z ok 443 - real process exit before-commit cannot duplicate or lose the resource creation identity
2026-09-23T13:47:08.8678857Z   ---
2026-09-23T13:47:08.8679228Z   duration_ms: 261.00282
2026-09-23T13:47:08.8679636Z   type: 'test'
2026-09-23T13:47:08.8679980Z   ...
2026-09-23T13:47:08.8680822Z # Subtest: real process exit after-commit cannot duplicate or lose the resource creation identity
2026-09-23T13:47:08.8682156Z ok 444 - real process exit after-commit cannot duplicate or lose the resource creation identity
2026-09-23T13:47:08.8682986Z   ---
2026-09-23T13:47:08.8683365Z   duration_ms: 266.423876
2026-09-23T13:47:08.8683804Z   type: 'test'
2026-09-23T13:47:08.8684157Z   ...
2026-09-23T13:47:08.8685080Z # Subtest: real process exit after-copy cannot duplicate or lose the resource creation identity
2026-09-23T13:47:08.8686310Z ok 445 - real process exit after-copy cannot duplicate or lose the resource creation identity
2026-09-23T13:47:08.8687365Z   ---
2026-09-23T13:47:08.8687620Z   duration_ms: 281.098054
2026-09-23T13:47:08.8687890Z   type: 'test'
2026-09-23T13:47:08.8688100Z   ...
2026-09-23T13:47:08.8688641Z # Subtest: real process exit after-ready cannot duplicate or lose the resource creation identity
2026-09-23T13:47:08.8689401Z ok 446 - real process exit after-ready cannot duplicate or lose the resource creation identity
2026-09-23T13:47:08.8689847Z   ---
2026-09-23T13:47:08.8690073Z   duration_ms: 252.540135
2026-09-23T13:47:08.8690354Z   type: 'test'
2026-09-23T13:47:08.8690551Z   ...
2026-09-23T13:47:09.6089549Z # Subtest: v3 accepts bounded optional references and duplicates a page without transferring resource authorship
2026-09-23T13:47:09.6091414Z ok 447 - v3 accepts bounded optional references and duplicates a page without transferring resource authorship
2026-09-23T13:47:09.6092419Z   ---
2026-09-23T13:47:09.6092848Z   duration_ms: 10.349992
2026-09-23T13:47:09.6093325Z   type: 'test'
2026-09-23T13:47:09.6093709Z   ...
2026-09-23T13:47:09.6102057Z # Subtest: Node and Go agree on v3 reference vectors, legacy compatibility and exact resource limits
2026-09-23T13:47:09.6103625Z ok 448 - Node and Go agree on v3 reference vectors, legacy compatibility and exact resource limits
2026-09-23T13:47:09.6104487Z   ---
2026-09-23T13:47:09.6104915Z   duration_ms: 507.370037
2026-09-23T13:47:09.6105350Z   type: 'test'
2026-09-23T13:47:09.6105677Z   ...
2026-09-23T13:47:09.6106444Z # Subtest: reference descriptors reject getters without executing them
2026-09-23T13:47:09.6107724Z ok 449 - reference descriptors reject getters without executing them
2026-09-23T13:47:09.6108335Z   ---
2026-09-23T13:47:09.6108699Z   duration_ms: 0.58375
2026-09-23T13:47:09.6109105Z   type: 'test'
2026-09-23T13:47:09.6109464Z   ...
2026-09-23T13:47:09.6110378Z # Subtest: resource insertion preserves the original filename while bounding a Unicode heading
2026-09-23T13:47:09.6111766Z ok 450 - resource insertion preserves the original filename while bounding a Unicode heading
2026-09-23T13:47:09.6112558Z   ---
2026-09-23T13:47:09.6112920Z   duration_ms: 0.566348
2026-09-23T13:47:09.6113325Z   type: 'test'
2026-09-23T13:47:09.6113653Z   ...
2026-09-23T13:47:09.8764449Z # Subtest: automatic resource checks bound concurrency and retain each authenticated target
2026-09-23T13:47:09.8766024Z ok 451 - automatic resource checks bound concurrency and retain each authenticated target
2026-09-23T13:47:09.8767186Z   ---
2026-09-23T13:47:09.8767656Z   duration_ms: 12.578065
2026-09-23T13:47:09.8769057Z   type: 'test'
2026-09-23T13:47:09.8769467Z   ...
2026-09-23T13:47:09.8805180Z # Subtest: aborting an active view cannot release its real request slot early
2026-09-23T13:47:09.8806532Z ok 452 - aborting an active view cannot release its real request slot early
2026-09-23T13:47:09.8807667Z   ---
2026-09-23T13:47:09.8808126Z   duration_ms: 4.348903
2026-09-23T13:47:09.8808598Z   type: 'test'
2026-09-23T13:47:09.8809004Z   ...
2026-09-23T13:47:09.8832100Z # Subtest: queued cancellation never reaches the runtime and a failed request advances the queue
2026-09-23T13:47:09.8833621Z ok 453 - queued cancellation never reaches the runtime and a failed request advances the queue
2026-09-23T13:47:09.8834461Z   ---
2026-09-23T13:47:09.8834856Z   duration_ms: 2.593494
2026-09-23T13:47:09.8835235Z   type: 'test'
2026-09-23T13:47:09.8835562Z   ...
2026-09-23T13:47:09.8908620Z # Subtest: queue exhaustion preserves admitted checks and already-aborted work never starts
2026-09-23T13:47:09.8910239Z ok 454 - queue exhaustion preserves admitted checks and already-aborted work never starts
2026-09-23T13:47:09.8911157Z   ---
2026-09-23T13:47:09.8911562Z   duration_ms: 4.859787
2026-09-23T13:47:09.8912007Z   type: 'test'
2026-09-23T13:47:09.8912374Z   ...
2026-09-23T13:47:09.8913340Z # Subtest: identical reference checks coalesce only in flight and return independent result objects
2026-09-23T13:47:09.8914872Z ok 455 - identical reference checks coalesce only in flight and return independent result objects
2026-09-23T13:47:09.8915765Z   ---
2026-09-23T13:47:09.8916158Z   duration_ms: 1.96531
2026-09-23T13:47:09.8916595Z   type: 'test'
2026-09-23T13:47:09.8917242Z   ...
2026-09-23T13:47:09.8918191Z # Subtest: reference coalescing separates snapshots, pages and descriptor changes
2026-09-23T13:47:09.8929689Z ok 456 - reference coalescing separates snapshots, pages and descriptor changes
2026-09-23T13:47:09.8931339Z   ---
2026-09-23T13:47:09.8939371Z   duration_ms: 1.755328
2026-09-23T13:47:09.8940029Z   type: 'test'
2026-09-23T13:47:09.8940735Z   ...
2026-09-23T13:47:09.8941995Z # Subtest: one cancelled consumer does not cancel its live sibling; abandoned views cannot be revived
2026-09-23T13:47:09.8943763Z ok 457 - one cancelled consumer does not cancel its live sibling; abandoned views cannot be revived
2026-09-23T13:47:09.8944838Z   ---
2026-09-23T13:47:09.8945439Z   duration_ms: 1.89514
2026-09-23T13:47:09.8946093Z   type: 'test'
2026-09-23T13:47:09.8946954Z   ...
2026-09-23T13:47:09.8954904Z # Subtest: shared-request failures reject every caller and do not become cached success
2026-09-23T13:47:09.8956512Z ok 458 - shared-request failures reject every caller and do not become cached success
2026-09-23T13:47:09.8957838Z   ---
2026-09-23T13:47:09.8958458Z   duration_ms: 1.351675
2026-09-23T13:47:09.8959112Z   type: 'test'
2026-09-23T13:47:09.8959652Z   ...
2026-09-23T13:47:09.8966910Z # Subtest: coalesced observers remain bounded even when they share one runtime request
2026-09-23T13:47:09.8968516Z ok 459 - coalesced observers remain bounded even when they share one runtime request
2026-09-23T13:47:09.8969564Z   ---
2026-09-23T13:47:09.8970154Z   duration_ms: 1.324935
2026-09-23T13:47:09.8970824Z   type: 'test'
2026-09-23T13:47:09.8971341Z   ...
2026-09-23T13:47:11.5003688Z # Subtest: TypeScript and a real Go process agree on resource identity, canonical hashes, boundaries and reading scope
2026-09-23T13:47:11.5005909Z ok 460 - TypeScript and a real Go process agree on resource identity, canonical hashes, boundaries and reading scope
2026-09-23T13:47:11.5007352Z   ---
2026-09-23T13:47:11.5007916Z   duration_ms: 1399.99325
2026-09-23T13:47:11.5008492Z   type: 'test'
2026-09-23T13:47:11.5008984Z   ...
2026-09-23T13:47:13.4583380Z # Subtest: Node and Go agree on creation fingerprints, exact outcomes, retirement and malformed records
2026-09-23T13:47:13.4585905Z ok 461 - Node and Go agree on creation fingerprints, exact outcomes, retirement and malformed records
2026-09-23T13:47:13.4587436Z   ---
2026-09-23T13:47:13.4588476Z   duration_ms: 1710.548519
2026-09-23T13:47:13.4589348Z   type: 'test'
2026-09-23T13:47:13.4589865Z   ...
2026-09-23T13:47:14.7153116Z # Subtest: resource creation retries retain one signed identity and reject UUID reuse with a different request
2026-09-23T13:47:14.7155460Z ok 462 - resource creation retries retain one signed identity and reject UUID reuse with a different request
2026-09-23T13:47:14.7157009Z   ---
2026-09-23T13:47:14.7157998Z   duration_ms: 7.619412
2026-09-23T13:47:14.7158765Z   type: 'test'
2026-09-23T13:47:14.7159186Z   ...
2026-09-23T13:47:14.7160095Z # Subtest: a pending copy holds the slot; only its exact ciphertext may complete it
2026-09-23T13:47:14.7161399Z ok 463 - a pending copy holds the slot; only its exact ciphertext may complete it
2026-09-23T13:47:14.7162190Z   ---
2026-09-23T13:47:14.7162614Z   duration_ms: 4.544007
2026-09-23T13:47:14.7163077Z   type: 'test'
2026-09-23T13:47:14.7163473Z   ...
2026-09-23T13:47:14.7164526Z # Subtest: expired pending work remains a terminal outcome instead of silently signing a replacement
2026-09-23T13:47:14.7166160Z ok 464 - expired pending work remains a terminal outcome instead of silently signing a replacement
2026-09-23T13:47:14.7167315Z   ---
2026-09-23T13:47:14.7167742Z   duration_ms: 3.125468
2026-09-23T13:47:14.7168207Z   type: 'test'
2026-09-23T13:47:14.7168593Z   ...
2026-09-23T13:47:14.7169687Z # Subtest: retirement is bounded by committed sequence and cannot turn an old uncertain retry into new work
2026-09-23T13:47:14.7171336Z ok 465 - retirement is bounded by committed sequence and cannot turn an old uncertain retry into new work
2026-09-23T13:47:14.7172275Z   ---
2026-09-23T13:47:14.7172690Z   duration_ms: 1008.200207
2026-09-23T13:47:14.7173139Z   type: 'test'
2026-09-23T13:47:14.7173527Z   ...
2026-09-23T13:47:14.7174626Z # Subtest: staging cannot change creator, size, scope or lifespan; private reader scope must include the owner
2026-09-23T13:47:14.7176295Z ok 466 - staging cannot change creator, size, scope or lifespan; private reader scope must include the owner
2026-09-23T13:47:14.7177601Z   ---
2026-09-23T13:47:14.7178015Z   duration_ms: 1.816403
2026-09-23T13:47:14.7178470Z   type: 'test'
2026-09-23T13:47:14.7178829Z   ...
2026-09-23T13:47:14.7179712Z # Subtest: untrusted local record and request getters are refused without execution
2026-09-23T13:47:14.7180978Z ok 467 - untrusted local record and request getters are refused without execution
2026-09-23T13:47:14.7181741Z   ---
2026-09-23T13:47:14.7182126Z   duration_ms: 0.266077
2026-09-23T13:47:14.7182539Z   type: 'test'
2026-09-23T13:47:14.7182873Z   ...
2026-09-23T13:47:16.2072788Z # (node:13003) ExperimentalWarning: SQLite is an experimental feature and might change at any time
2026-09-23T13:47:16.2074186Z # (Use `node --trace-warnings ...` to show where the warning was created)
2026-09-23T13:47:16.2096399Z # Subtest: resource UI controller recovers a lost committed reply without creating another signature
2026-09-23T13:47:16.2100743Z ok 468 - resource UI controller recovers a lost committed reply without creating another signature
2026-09-23T13:47:16.2101954Z   ---
2026-09-23T13:47:16.2102374Z   duration_ms: 159.695531
2026-09-23T13:47:16.2102989Z   type: 'test'
2026-09-23T13:47:16.2103503Z   ...
2026-09-23T13:47:16.2105097Z # Subtest: resource UI retries an unconfirmed request only on explicit action and with the same UUID and payload
2026-09-23T13:47:16.2107238Z ok 469 - resource UI retries an unconfirmed request only on explicit action and with the same UUID and payload
2026-09-23T13:47:16.2108273Z   ---
2026-09-23T13:47:16.2108732Z   duration_ms: 128.658628
2026-09-23T13:47:16.2109211Z   type: 'test'
2026-09-23T13:47:16.2109589Z   ...
2026-09-23T13:47:16.2110872Z # Subtest: closing a resource UI session fences an in-flight result while the durable library remains recoverable
2026-09-23T13:47:16.2112773Z ok 470 - closing a resource UI session fences an in-flight result while the durable library remains recoverable
2026-09-23T13:47:16.2113907Z   ---
2026-09-23T13:47:16.2115313Z   duration_ms: 128.498132
2026-09-23T13:47:16.2116014Z   type: 'test'
2026-09-23T13:47:16.2116516Z   ...
2026-09-23T13:47:16.2117771Z # Subtest: resource library walks real history beyond the operation journal and retains third-party creators
2026-09-23T13:47:16.2118762Z ok 471 - resource library walks real history beyond the operation journal and retains third-party creators
2026-09-23T13:47:16.2119312Z   ---
2026-09-23T13:47:16.2119826Z   duration_ms: 634.453555
2026-09-23T13:47:16.2120265Z   type: 'test'
2026-09-23T13:47:16.2120618Z   ...
2026-09-23T13:47:16.2121254Z # Subtest: resource sizes never round a nonempty small file down to zero
2026-09-23T13:47:16.2121850Z ok 472 - resource sizes never round a nonempty small file down to zero
2026-09-23T13:47:16.2122235Z   ---
2026-09-23T13:47:16.2122477Z   duration_ms: 13.623616
2026-09-23T13:47:16.2122766Z   type: 'test'
2026-09-23T13:47:16.2122982Z   ...
2026-09-23T13:47:16.5323332Z # Subtest: a table descriptor pins its complete canonical payload and returns owned data
2026-09-23T13:47:16.5328081Z ok 473 - a table descriptor pins its complete canonical payload and returns owned data
2026-09-23T13:47:16.5329475Z   ---
2026-09-23T13:47:16.5331147Z   duration_ms: 10.944632
2026-09-23T13:47:16.5331783Z   type: 'test'
2026-09-23T13:47:16.5332192Z   ...
2026-09-23T13:47:16.5333711Z # Subtest: verification of real encrypted envelopes precedes descriptor matching; a reader's valid signature cannot replace the referenced author
2026-09-23T13:47:16.5336070Z ok 474 - verification of real encrypted envelopes precedes descriptor matching; a reader's valid signature cannot replace the referenced author
2026-09-23T13:47:16.5337889Z   ---
2026-09-23T13:47:16.5338320Z   duration_ms: 17.620421
2026-09-23T13:47:16.5338799Z   type: 'test'
2026-09-23T13:47:16.5339202Z   ...
2026-09-23T13:47:16.5340223Z # Subtest: files have canonical base64, exact decoded boundaries and no executable rendering type
2026-09-23T13:47:16.5347539Z ok 475 - files have canonical base64, exact decoded boundaries and no executable rendering type
2026-09-23T13:47:16.5348267Z   ---
2026-09-23T13:47:16.5348525Z   duration_ms: 76.076872
2026-09-23T13:47:16.5348798Z   type: 'test'
2026-09-23T13:47:16.5349017Z   ...
2026-09-23T13:47:16.5349598Z # Subtest: a private resource never becomes public by reference and reader sets cannot silently expand
2026-09-23T13:47:16.5350479Z ok 476 - a private resource never becomes public by reference and reader sets cannot silently expand
2026-09-23T13:47:16.5350975Z   ---
2026-09-23T13:47:16.5351215Z   duration_ms: 0.747917
2026-09-23T13:47:16.5351508Z   type: 'test'
2026-09-23T13:47:16.5351736Z   ...
2026-09-23T13:47:16.5352304Z # Subtest: descriptor and nested data getters are refused without access, including reader arrays
2026-09-23T13:47:16.5353143Z ok 477 - descriptor and nested data getters are refused without access, including reader arrays
2026-09-23T13:47:16.5353620Z   ---
2026-09-23T13:47:16.5353845Z   duration_ms: 0.890003
2026-09-23T13:47:16.5354111Z   type: 'test'
2026-09-23T13:47:16.5354324Z   ...
2026-09-23T13:47:17.2047246Z # Subtest: site addresses are stable under display/read-card changes and reject ambiguous input
2026-09-23T13:47:17.2048799Z ok 478 - site addresses are stable under display/read-card changes and reject ambiguous input
2026-09-23T13:47:17.2049659Z   ---
2026-09-23T13:47:17.2050089Z   duration_ms: 45.416246
2026-09-23T13:47:17.2050592Z   type: 'test'
2026-09-23T13:47:17.2050968Z   ...
2026-09-23T13:47:17.2052150Z # Subtest: node signed snapshots bind the exact content and retain ownership when another reader can decrypt
2026-09-23T13:47:17.2053861Z ok 479 - node signed snapshots bind the exact content and retain ownership when another reader can decrypt
2026-09-23T13:47:17.2054815Z   ---
2026-09-23T13:47:17.2055236Z   duration_ms: 13.04251
2026-09-23T13:47:17.2055689Z   type: 'test'
2026-09-23T13:47:17.2056061Z   ...
2026-09-23T13:47:17.2058060Z # Subtest: node orders revisions by signed sequence, reports forks and does not let replay replace a known head
2026-09-23T13:47:17.2064311Z ok 480 - node orders revisions by signed sequence, reports forks and does not let replay replace a known head
2026-09-23T13:47:17.2065263Z   ---
2026-09-23T13:47:17.2065683Z   duration_ms: 18.425283
2026-09-23T13:47:17.2066136Z   type: 'test'
2026-09-23T13:47:17.2066497Z   ...
2026-09-23T13:47:17.2071732Z # Subtest: node rejects malformed certificates without invoking getters and enforces finite history/signature bounds
2026-09-23T13:47:17.2073571Z ok 481 - node rejects malformed certificates without invoking getters and enforces finite history/signature bounds
2026-09-23T13:47:17.2074560Z   ---
2026-09-23T13:47:17.2074967Z   duration_ms: 29.068132
2026-09-23T13:47:17.2075437Z   type: 'test'
2026-09-23T13:47:17.2075798Z   ...
2026-09-23T13:47:17.2077166Z # Subtest: portable signed snapshots bind the exact content and retain ownership when another reader can decrypt
2026-09-23T13:47:17.2078852Z ok 482 - portable signed snapshots bind the exact content and retain ownership when another reader can decrypt
2026-09-23T13:47:17.2079795Z   ---
2026-09-23T13:47:17.2080204Z   duration_ms: 93.500155
2026-09-23T13:47:17.2080657Z   type: 'test'
2026-09-23T13:47:17.2081004Z   ...
2026-09-23T13:47:17.2082116Z # Subtest: portable orders revisions by signed sequence, reports forks and does not let replay replace a known head
2026-09-23T13:47:17.2083754Z ok 483 - portable orders revisions by signed sequence, reports forks and does not let replay replace a known head
2026-09-23T13:47:17.2084693Z   ---
2026-09-23T13:47:17.2085073Z   duration_ms: 125.18253
2026-09-23T13:47:17.2085517Z   type: 'test'
2026-09-23T13:47:17.2085866Z   ...
2026-09-23T13:47:17.2087377Z # Subtest: portable rejects malformed certificates without invoking getters and enforces finite history/signature bounds
2026-09-23T13:47:17.2089304Z ok 484 - portable rejects malformed certificates without invoking getters and enforces finite history/signature bounds
2026-09-23T13:47:17.2090341Z   ---
2026-09-23T13:47:17.2090760Z   duration_ms: 55.907341
2026-09-23T13:47:17.2091212Z   type: 'test'
2026-09-23T13:47:17.2091575Z   ...
2026-09-23T13:47:17.2092578Z # Subtest: Node and portable crypto produce identical snapshot bytes/signatures and verify each other
2026-09-23T13:47:17.2094116Z ok 485 - Node and portable crypto produce identical snapshot bytes/signatures and verify each other
2026-09-23T13:47:17.2095085Z   ---
2026-09-23T13:47:17.2095511Z   duration_ms: 12.998308
2026-09-23T13:47:17.2095963Z   type: 'test'
2026-09-23T13:47:17.2096307Z   ...
2026-09-23T13:47:21.7144378Z # (node:13060) ExperimentalWarning: SQLite is an experimental feature and might change at any time
2026-09-23T13:47:21.7145925Z # (Use `node --trace-warnings ...` to show where the warning was created)
2026-09-23T13:47:21.7176187Z # Subtest: large valid cache produces bounded pages and exact authorized attachments on demand
2026-09-23T13:47:21.7180747Z ok 486 - large valid cache produces bounded pages and exact authorized attachments on demand
2026-09-23T13:47:21.7182076Z   ---
2026-09-23T13:47:21.7182526Z   duration_ms: 3456.446481
2026-09-23T13:47:21.7182963Z   type: 'test'
2026-09-23T13:47:21.7183298Z   ...
2026-09-23T13:47:21.7185016Z # Subtest: received author deletion persists before evicting its original, and denied attachments stay unavailable
2026-09-23T13:47:21.7187494Z ok 487 - received author deletion persists before evicting its original, and denied attachments stay unavailable
2026-09-23T13:47:21.7188538Z   ---
2026-09-23T13:47:21.7189140Z   duration_ms: 124.709203
2026-09-23T13:47:21.7189763Z   type: 'test'
2026-09-23T13:47:21.7190044Z   ...
2026-09-23T13:47:21.7193510Z # Subtest: request tracking is bounded even when transport rejects every broadcast
2026-09-23T13:47:21.7194821Z ok 488 - request tracking is bounded even when transport rejects every broadcast
2026-09-23T13:47:21.7195580Z   ---
2026-09-23T13:47:21.7196008Z   duration_ms: 139.220879
2026-09-23T13:47:21.7196484Z   type: 'test'
2026-09-23T13:47:21.7197159Z   ...
2026-09-23T13:47:21.7198360Z # Subtest: unknown post extension data does not crash or inflate summaries
2026-09-23T13:47:21.7199774Z ok 489 - unknown post extension data does not crash or inflate summaries
2026-09-23T13:47:21.7200468Z   ---
2026-09-23T13:47:21.7200870Z   duration_ms: 255.725294
2026-09-23T13:47:21.7201338Z   type: 'test'
2026-09-23T13:47:21.7201703Z   ...
2026-09-23T13:47:21.7202529Z # Subtest: summary reuse remains bound to verified disk bytes and unlocked identity
2026-09-23T13:47:21.7203749Z ok 490 - summary reuse remains bound to verified disk bytes and unlocked identity
2026-09-23T13:47:21.7204493Z   ---
2026-09-23T13:47:21.7204886Z   duration_ms: 103.971152
2026-09-23T13:47:21.7205361Z   type: 'test'
2026-09-23T13:47:21.7205723Z   ...
2026-09-23T13:47:24.0098186Z # Subtest: collections and following integrate with encrypted persistence and hashed peer retrieval respects read ACL
2026-09-23T13:47:24.0104837Z ok 491 - collections and following integrate with encrypted persistence and hashed peer retrieval respects read ACL
2026-09-23T13:47:24.0105859Z   ---
2026-09-23T13:47:24.0106250Z   duration_ms: 2054.048444
2026-09-23T13:47:24.0106922Z   type: 'test'
2026-09-23T13:47:24.0107278Z   ...
2026-09-23T13:47:24.2202489Z # Subtest: collection create, rename, add, remove and delete are immutable local transitions
2026-09-23T13:47:24.2204559Z ok 492 - collection create, rename, add, remove and delete are immutable local transitions
2026-09-23T13:47:24.2205598Z   ---
2026-09-23T13:47:24.2206220Z   duration_ms: 2.578655
2026-09-23T13:47:24.2206950Z   type: 'test'
2026-09-23T13:47:24.2207566Z   ...
2026-09-23T13:47:24.2209238Z # Subtest: collection identity, title and timestamp rules reject ambiguous metadata
2026-09-23T13:47:24.2211158Z ok 493 - collection identity, title and timestamp rules reject ambiguous metadata
2026-09-23T13:47:24.2212251Z   ---
2026-09-23T13:47:24.2212820Z   duration_ms: 1.511943
2026-09-23T13:47:24.2213485Z   type: 'test'
2026-09-23T13:47:24.2214061Z   ...
2026-09-23T13:47:24.2230121Z # Subtest: prototype, accessor, unknown field and sparse-array inputs fail without executing metadata
2026-09-23T13:47:24.2232033Z ok 494 - prototype, accessor, unknown field and sparse-array inputs fail without executing metadata
2026-09-23T13:47:24.2233402Z   ---
2026-09-23T13:47:24.2234125Z   duration_ms: 0.617663
2026-09-23T13:47:24.2234846Z   type: 'test'
2026-09-23T13:47:24.2235405Z   ...
2026-09-23T13:47:24.2236536Z # Subtest: collection ownership cannot be transferred by a command or mixed across identity vaults
2026-09-23T13:47:24.2238606Z ok 495 - collection ownership cannot be transferred by a command or mixed across identity vaults
2026-09-23T13:47:24.2239710Z   ---
2026-09-23T13:47:24.2240324Z   duration_ms: 0.463475
2026-09-23T13:47:24.2240893Z   type: 'test'
2026-09-23T13:47:24.2241374Z   ...
2026-09-23T13:47:24.2242441Z # Subtest: collection and membership quotas reject atomically while allowing idempotent operations
2026-09-23T13:47:24.2244179Z ok 496 - collection and membership quotas reject atomically while allowing idempotent operations
2026-09-23T13:47:24.2245308Z   ---
2026-09-23T13:47:24.2245981Z   duration_ms: 8.835257
2026-09-23T13:47:24.2247010Z   type: 'test'
2026-09-23T13:47:24.2247678Z   ...
2026-09-23T13:47:24.2249020Z # Subtest: recovered collections reject duplicate identifiers, titles, members and excessive total memberships
2026-09-23T13:47:24.2251021Z ok 497 - recovered collections reject duplicate identifiers, titles, members and excessive total memberships
2026-09-23T13:47:24.2252214Z   ---
2026-09-23T13:47:24.2252878Z   duration_ms: 3.994629
2026-09-23T13:47:24.2253600Z   type: 'test'
2026-09-23T13:47:24.2254180Z   ...
2026-09-23T13:47:24.2255382Z # Subtest: content references remain canonical hashes and convey neither reader access nor authorship
2026-09-23T13:47:24.2257436Z ok 498 - content references remain canonical hashes and convey neither reader access nor authorship
2026-09-23T13:47:24.2258593Z   ---
2026-09-23T13:47:24.2259354Z   duration_ms: 11.476169
2026-09-23T13:47:24.2274841Z   type: 'test'
2026-09-23T13:47:24.2275827Z   ...
2026-09-23T13:47:24.2277573Z # Subtest: followed feed selects posts and alerts from followed authors without changing caller order or access
2026-09-23T13:47:24.2279677Z ok 499 - followed feed selects posts and alerts from followed authors without changing caller order or access
2026-09-23T13:47:24.2280821Z   ---
2026-09-23T13:47:24.2281269Z   duration_ms: 1.070559
2026-09-23T13:47:24.2282048Z   type: 'test'
2026-09-23T13:47:24.2282441Z   ...
2026-09-23T13:47:24.4468735Z # Subtest: authenticated historical decoding does not make expired content admissible or decryptable by another identity
2026-09-23T13:47:24.4471200Z ok 500 - authenticated historical decoding does not make expired content admissible or decryptable by another identity
2026-09-23T13:47:24.4472290Z   ---
2026-09-23T13:47:24.4472913Z   duration_ms: 19.917765
2026-09-23T13:47:24.4473590Z   type: 'test'
2026-09-23T13:47:24.4473913Z   ...
2026-09-23T13:47:24.4474721Z # Subtest: historical time extraction rejects accessors without invoking them
2026-09-23T13:47:24.4477407Z ok 501 - historical time extraction rejects accessors without invoking them
2026-09-23T13:47:24.4478066Z   ---
2026-09-23T13:47:24.4478422Z   duration_ms: 0.239698
2026-09-23T13:47:24.4478823Z   type: 'test'
2026-09-23T13:47:24.4479138Z   ...
2026-09-23T13:47:24.7324702Z # Subtest: new small-message arrivals cannot repeatedly take the bulk fairness turn
2026-09-23T13:47:24.7326425Z ok 502 - new small-message arrivals cannot repeatedly take the bulk fairness turn
2026-09-23T13:47:24.7327324Z   ---
2026-09-23T13:47:24.7327722Z   duration_ms: 51.961748
2026-09-23T13:47:24.7328153Z   type: 'test'
2026-09-23T13:47:24.7328496Z   ...
2026-09-23T13:47:25.6867770Z # Subtest: packet-ID cancellation preserves an independent equal payload and a foreign-origin packet
2026-09-23T13:47:25.6870058Z ok 503 - packet-ID cancellation preserves an independent equal payload and a foreign-origin packet
2026-09-23T13:47:25.6871439Z   ---
2026-09-23T13:47:25.6872319Z   duration_ms: 700.840055
2026-09-23T13:47:25.6873029Z   type: 'test'
2026-09-23T13:47:25.6873606Z   ...
2026-09-23T13:47:25.6874650Z # Subtest: absolute local authorization deadline is bound into the Node packet ID
2026-09-23T13:47:25.6878553Z ok 504 - absolute local authorization deadline is bound into the Node packet ID
2026-09-23T13:47:25.6879290Z   ---
2026-09-23T13:47:25.6879679Z   duration_ms: 1.501925
2026-09-23T13:47:25.6880099Z   type: 'test'
2026-09-23T13:47:25.6880421Z   ...
2026-09-23T13:47:26.3541012Z # Subtest: local cancellation removes an actual queued TCP transfer and its reconnect copy
2026-09-23T13:47:26.3542516Z ok 505 - local cancellation removes an actual queued TCP transfer and its reconnect copy
2026-09-23T13:47:26.3543329Z   ---
2026-09-23T13:47:26.3543719Z   duration_ms: 667.243775
2026-09-23T13:47:26.3544169Z   type: 'test'
2026-09-23T13:47:26.3544522Z   ...
2026-09-23T13:47:27.0211877Z # Subtest: local cancellation negative control delivers an actual queued TCP transfer and its reconnect copy
2026-09-23T13:47:27.0214049Z ok 506 - local cancellation negative control delivers an actual queued TCP transfer and its reconnect copy
2026-09-23T13:47:27.0214917Z   ---
2026-09-23T13:47:27.0215460Z   duration_ms: 666.740067
2026-09-23T13:47:27.0216074Z   type: 'test'
2026-09-23T13:47:27.0216496Z   ...
2026-09-23T13:47:27.5048240Z # Subtest: local cancellation leaves another origin's retained relay packet intact
2026-09-23T13:47:27.5049584Z ok 507 - local cancellation leaves another origin's retained relay packet intact
2026-09-23T13:47:27.5050311Z   ---
2026-09-23T13:47:27.5050714Z   duration_ms: 484.807224
2026-09-23T13:47:27.5051133Z   type: 'test'
2026-09-23T13:47:27.5051472Z   ...
2026-09-23T13:47:27.8521367Z # Subtest: TCP parser handles split/coalesced frames, rejects tamper and replays only once
2026-09-23T13:47:27.8522953Z ok 508 - TCP parser handles split/coalesced frames, rejects tamper and replays only once
2026-09-23T13:47:27.8524147Z   ---
2026-09-23T13:47:27.8525309Z   duration_ms: 90.914482
2026-09-23T13:47:27.8526072Z   type: 'test'
2026-09-23T13:47:27.8526477Z   ...
2026-09-23T13:47:27.9317881Z # Subtest: non-reading TCP duplicate flood coalesces and bounds control output
2026-09-23T13:47:27.9319271Z ok 509 - non-reading TCP duplicate flood coalesces and bounds control output
2026-09-23T13:47:27.9319943Z   ---
2026-09-23T13:47:27.9320434Z   duration_ms: 81.963899
2026-09-23T13:47:27.9320982Z   type: 'test'
2026-09-23T13:47:27.9321477Z   ...
2026-09-23T13:47:27.9548715Z # Subtest: TCP malformed frame and unfinished-line floods disconnect and release state
2026-09-23T13:47:27.9551336Z ok 510 - TCP malformed frame and unfinished-line floods disconnect and release state
2026-09-23T13:47:27.9553046Z   ---
2026-09-23T13:47:27.9553864Z   duration_ms: 22.739111
2026-09-23T13:47:27.9554421Z   type: 'test'
2026-09-23T13:47:27.9554876Z   ...
2026-09-23T13:47:28.1425615Z # Subtest: distinct TCP packets cannot grow the ACK queue or exceed its output rate
2026-09-23T13:47:28.1428010Z ok 511 - distinct TCP packets cannot grow the ACK queue or exceed its output rate
2026-09-23T13:47:28.1428805Z   ---
2026-09-23T13:47:28.1429229Z   duration_ms: 187.657237
2026-09-23T13:47:28.1429697Z   type: 'test'
2026-09-23T13:47:28.1430069Z   ...
2026-09-23T13:47:30.5224629Z # Subtest: TCP incomplete assemblies have count and aggregate memory bounds
2026-09-23T13:47:30.5225754Z ok 512 - TCP incomplete assemblies have count and aggregate memory bounds
2026-09-23T13:47:30.5226391Z   ---
2026-09-23T13:47:30.5227099Z   duration_ms: 2380.018667
2026-09-23T13:47:30.5227520Z   type: 'test'
2026-09-23T13:47:30.5227843Z   ...
2026-09-23T13:47:30.6574719Z # Subtest: expired packets, invalid TTLs and exhausted hop limits never relay
2026-09-23T13:47:30.6575773Z ok 513 - expired packets, invalid TTLs and exhausted hop limits never relay
2026-09-23T13:47:30.6576371Z   ---
2026-09-23T13:47:30.6577117Z   duration_ms: 134.69444
2026-09-23T13:47:30.6577491Z   type: 'test'
2026-09-23T13:47:30.6577779Z   ...
2026-09-23T13:47:31.1453719Z # Subtest: queued expiry and stopped sockets release bounded output under backpressure
2026-09-23T13:47:31.1459010Z ok 514 - queued expiry and stopped sockets release bounded output under backpressure
2026-09-23T13:47:31.1460301Z   ---
2026-09-23T13:47:31.1460899Z   duration_ms: 488.228081
2026-09-23T13:47:31.1461201Z   type: 'test'
2026-09-23T13:47:31.1461418Z   ...
2026-09-23T13:47:35.5575807Z # Subtest: partial TCP loss retries exact bytes and missing ACK retries without duplicate delivery
2026-09-23T13:47:35.5577800Z ok 515 - partial TCP loss retries exact bytes and missing ACK retries without duplicate delivery
2026-09-23T13:47:35.5578618Z   ---
2026-09-23T13:47:35.5578932Z   duration_ms: 4411.850519
2026-09-23T13:47:35.5579291Z   type: 'test'
2026-09-23T13:47:35.5579572Z   ...
2026-09-23T13:47:36.6599053Z # Subtest: TCP reconnect delivers a partial transfer and packets created during the partition
2026-09-23T13:47:36.6601510Z ok 516 - TCP reconnect delivers a partial transfer and packets created during the partition
2026-09-23T13:47:36.6602386Z   ---
2026-09-23T13:47:36.6602835Z   duration_ms: 1102.142108
2026-09-23T13:47:36.6603318Z   type: 'test'
2026-09-23T13:47:36.6603702Z   ...
2026-09-23T13:47:36.8018319Z # Subtest: turning relay off cancels queued forwarded fragments and keeps local SOS available
2026-09-23T13:47:36.8019424Z ok 517 - turning relay off cancels queued forwarded fragments and keeps local SOS available
2026-09-23T13:47:36.8020031Z   ---
2026-09-23T13:47:36.8020319Z   duration_ms: 141.914286
2026-09-23T13:47:36.8020648Z   type: 'test'
2026-09-23T13:47:36.8020920Z   ...
2026-09-23T13:47:36.9339177Z # Subtest: relay pause cancels queued local seeding and prevents retained offline replay
2026-09-23T13:47:36.9341397Z ok 518 - relay pause cancels queued local seeding and prevents retained offline replay
2026-09-23T13:47:36.9342775Z   ---
2026-09-23T13:47:36.9343352Z   duration_ms: 132.154685
2026-09-23T13:47:36.9343895Z   type: 'test'
2026-09-23T13:47:36.9344347Z   ...
2026-09-23T13:47:37.0665690Z # Subtest: real TCP fragments preempt bulk for SOS while preserving bulk fairness
2026-09-23T13:47:37.0667474Z ok 519 - real TCP fragments preempt bulk for SOS while preserving bulk fairness
2026-09-23T13:47:37.0668298Z   ---
2026-09-23T13:47:37.0668736Z   duration_ms: 132.462151
2026-09-23T13:47:37.0669221Z   type: 'test'
2026-09-23T13:47:37.0669607Z   ...
2026-09-23T13:47:37.1583739Z # Subtest: many in-progress SOS transfers leave admission capacity for bulk fairness
2026-09-23T13:47:37.1584572Z ok 520 - many in-progress SOS transfers leave admission capacity for bulk fairness
2026-09-23T13:47:37.1585308Z   ---
2026-09-23T13:47:37.1585814Z   duration_ms: 87.696291
2026-09-23T13:47:37.1586398Z   type: 'test'
2026-09-23T13:47:37.1587070Z   ...
2026-09-23T13:47:37.3119975Z # Subtest: real serialport PTY fragments preempt bulk for SOS with the same fairness
2026-09-23T13:47:37.3121568Z ok 521 - real serialport PTY fragments preempt bulk for SOS with the same fairness
2026-09-23T13:47:37.3122340Z   ---
2026-09-23T13:47:37.3123159Z   duration_ms: 158.123527
2026-09-23T13:47:37.3123593Z   type: 'test'
2026-09-23T13:47:37.3123923Z   ...
2026-09-23T13:47:37.5448662Z # Subtest: POSIX poller regression: read rearm must preserve an outstanding write watch
2026-09-23T13:47:37.5450687Z ok 522 - POSIX poller regression: read rearm must preserve an outstanding write watch
2026-09-23T13:47:37.5451902Z   ---
2026-09-23T13:47:37.5452631Z   duration_ms: 1.161911
2026-09-23T13:47:37.5453376Z   type: 'test'
2026-09-23T13:47:37.5454034Z   ...
2026-09-23T13:47:37.5455337Z # Subtest: serial write deadline covers one frame at configured baud while bounding a stalled writer
2026-09-23T13:47:37.5457392Z ok 523 - serial write deadline covers one frame at configured baud while bounding a stalled writer
2026-09-23T13:47:37.5458488Z   ---
2026-09-23T13:47:37.5459156Z   duration_ms: 0.153477
2026-09-23T13:47:37.5459875Z   type: 'test'
2026-09-23T13:47:37.5460478Z   ...
2026-09-23T13:47:43.7176481Z # Subtest: real serial PTY recovers an injected stuck write through bounded reconnect and exact replay
2026-09-23T13:47:43.7178622Z ok 524 - real serial PTY recovers an injected stuck write through bounded reconnect and exact replay
2026-09-23T13:47:43.7179636Z   ---
2026-09-23T13:47:43.7180113Z   duration_ms: 6180.438558
2026-09-23T13:47:43.7180630Z   type: 'test'
2026-09-23T13:47:43.7181038Z   ...
2026-09-23T13:47:44.8696119Z # Subtest: real TCP transfer, two-hop forwarding and relay-off negative control
2026-09-23T13:47:44.8700314Z ok 525 - real TCP transfer, two-hop forwarding and relay-off negative control
2026-09-23T13:47:44.8701269Z   ---
2026-09-23T13:47:44.8701782Z   duration_ms: 915.086465
2026-09-23T13:47:44.8702350Z   type: 'test'
2026-09-23T13:47:44.8702753Z   ...
2026-09-23T13:47:45.4024632Z # Subtest: validation rejection prevents display and relay; positive valid control
2026-09-23T13:47:45.4026360Z ok 526 - validation rejection prevents display and relay; positive valid control
2026-09-23T13:47:45.4027281Z   ---
2026-09-23T13:47:45.4027687Z   duration_ms: 533.501979
2026-09-23T13:47:45.4028084Z   type: 'test'
2026-09-23T13:47:45.4028429Z   ...
2026-09-23T13:47:45.5831668Z # Subtest: interface preference schema rejects unrelated authority fields and does not invoke getters
2026-09-23T13:47:45.5836101Z ok 527 - interface preference schema rejects unrelated authority fields and does not invoke getters
2026-09-23T13:47:45.5837593Z   ---
2026-09-23T13:47:45.5838019Z   duration_ms: 1.423419
2026-09-23T13:47:45.5838497Z   type: 'test'
2026-09-23T13:47:45.5839012Z   ...
2026-09-23T13:47:45.5840622Z # Subtest: bounded preference file preserves prior values on invalid patches or corrupted storage
2026-09-23T13:47:45.5848160Z ok 528 - bounded preference file preserves prior values on invalid patches or corrupted storage
2026-09-23T13:47:45.5849376Z   ---
2026-09-23T13:47:45.5850018Z   duration_ms: 4.312867
2026-09-23T13:47:45.5850525Z   type: 'test'
2026-09-23T13:47:45.5850947Z   ...
2026-09-23T13:47:45.5852398Z # Subtest: preferences do not read through a symbolic link
2026-09-23T13:47:45.5853551Z ok 529 - preferences do not read through a symbolic link
2026-09-23T13:47:45.5854139Z   ---
2026-09-23T13:47:45.5854419Z   duration_ms: 0.672977
2026-09-23T13:47:45.5854706Z   type: 'test'
2026-09-23T13:47:45.5854941Z   ...
2026-09-23T13:47:46.4645963Z # Subtest: Node web-peer API separates keys, relay consent and control authority, and enforces explicit revocation
2026-09-23T13:47:46.4648519Z ok 530 - Node web-peer API separates keys, relay consent and control authority, and enforces explicit revocation
2026-09-23T13:47:46.4649797Z   ---
2026-09-23T13:47:46.4650318Z   duration_ms: 617.462834
2026-09-23T13:47:46.4650850Z   type: 'test'
2026-09-23T13:47:46.4651153Z   ...
2026-09-23T13:47:46.8407779Z # Subtest: websocket invitations require exact origin/capability, preserve eight slots, and carry no control API
2026-09-23T13:47:46.8409777Z ok 531 - websocket invitations require exact origin/capability, preserve eight slots, and carry no control API
2026-09-23T13:47:46.8411038Z   ---
2026-09-23T13:47:46.8411766Z   duration_ms: 73.665098
2026-09-23T13:47:46.8412252Z   type: 'test'
2026-09-23T13:47:46.8412617Z   ...
2026-09-23T13:47:47.8426051Z # Subtest: websocket expiry closes active connections and non-loopback cleartext listeners are refused
2026-09-23T13:47:47.8428400Z ok 532 - websocket expiry closes active connections and non-loopback cleartext listeners are refused
2026-09-23T13:47:47.8429564Z   ---
2026-09-23T13:47:47.8430056Z   duration_ms: 1004.065225
2026-09-23T13:47:47.8430621Z   type: 'test'
2026-09-23T13:47:47.8430911Z   ...
2026-09-23T13:47:47.8567491Z 1..532
2026-09-23T13:47:47.8567963Z # tests 535
2026-09-23T13:47:47.8568514Z # suites 0
2026-09-23T13:47:47.8569009Z # pass 535
2026-09-23T13:47:47.8569405Z # fail 0
2026-09-23T13:47:47.8569804Z # cancelled 0
2026-09-23T13:47:47.8570183Z # skipped 0
2026-09-23T13:47:47.8570439Z # todo 0
2026-09-23T13:47:47.8570740Z # duration_ms 676050.841974
2026-09-23T13:47:47.8809602Z Node 20 is being deprecated. This workflow is running with Node 24 by default. If you need to temporarily use Node 20, you can set the ACTIONS_ALLOW_USE_UNSECURE_NODE_VERSION=true environment variable. For more information see: https://github.blog/changelog/2025-09-19-deprecation-of-node-20-on-github-actions-runners/
2026-09-23T13:47:47.8810955Z ##[group]Run actions/upload-artifact@v4
2026-09-23T13:47:47.8811228Z with:
2026-09-23T13:47:47.8811434Z   name: evidence-ubuntu-latest
2026-09-23T13:47:47.8811886Z   path: docs/evidence
test-results
.cache/fixture-http-failures/*.json
.cache/web-invitation

2026-09-23T13:47:47.8812344Z   retention-days: 7
2026-09-23T13:47:47.8812559Z   if-no-files-found: warn
2026-09-23T13:47:47.8812790Z   compression-level: 6
2026-09-23T13:47:47.8813013Z   overwrite: false
2026-09-23T13:47:47.8813224Z   include-hidden-files: false
2026-09-23T13:47:47.8813471Z ##[endgroup]
2026-09-23T13:47:48.0500022Z (node:13332) [DEP0040] DeprecationWarning: The `punycode` module is deprecated. Please use a userland alternative instead.
2026-09-23T13:47:48.0500912Z (Use `node --trace-deprecation ...` to show where the warning was created)
2026-09-23T13:47:48.9021873Z Multiple search paths detected. Calculating the least common ancestor of all paths
2026-09-23T13:47:48.9023959Z The least common ancestor is /home/runner/work/relayloom/relayloom. This will be the root directory of the artifact
2026-09-23T13:47:48.9025205Z With the provided path, there will be 4477 files uploaded
2026-09-23T13:47:48.9026165Z Artifact name is valid!
2026-09-23T13:47:48.9033636Z Root directory input is valid!
2026-09-23T13:47:49.1575734Z Beginning upload of artifact content to blob storage
2026-09-23T13:47:49.7317551Z (node:13332) [DEP0169] DeprecationWarning: `url.parse()` behavior is not standardized and prone to errors that have security implications. Use the WHATWG URL API instead. CVEs are not issued for `url.parse()` vulnerabilities.
2026-09-23T13:47:49.9120818Z Uploaded bytes 8388608
2026-09-23T13:47:50.2919475Z Uploaded bytes 16777216
2026-09-23T13:47:50.5638774Z Uploaded bytes 25165824
2026-09-23T13:47:51.0344964Z Uploaded bytes 33554432
2026-09-23T13:47:51.4042962Z Uploaded bytes 41943040
2026-09-23T13:47:51.8094972Z Uploaded bytes 50331648
2026-09-23T13:47:52.1747581Z Uploaded bytes 58720256
2026-09-23T13:47:52.6750064Z Uploaded bytes 67108864
2026-09-23T13:47:53.0606268Z Uploaded bytes 75497472
2026-09-23T13:47:53.5634408Z Uploaded bytes 83886080
2026-09-23T13:47:53.9269192Z Uploaded bytes 92274688
2026-09-23T13:47:54.4709662Z Uploaded bytes 100663296
2026-09-23T13:47:55.2366415Z Uploaded bytes 109051904
2026-09-23T13:47:55.5494517Z Uploaded bytes 117440512
2026-09-23T13:47:56.0347885Z Uploaded bytes 125829120
2026-09-23T13:47:56.3128536Z Uploaded bytes 134217728
2026-09-23T13:47:56.8036987Z Uploaded bytes 142606336
2026-09-23T13:47:57.4057644Z Uploaded bytes 150994944
2026-09-23T13:47:57.4331739Z Uploaded bytes 151447039
2026-09-23T13:47:57.4505282Z Finished uploading artifact content to blob storage!
2026-09-23T13:47:57.4510306Z SHA256 digest of uploaded artifact zip is 6c60ec0bbb3b7aa4d97786478ffd2faec9527fee551287256530df7bc76a5a92
2026-09-23T13:47:57.4512303Z Finalizing artifact upload
2026-09-23T13:47:57.6854300Z Artifact evidence-ubuntu-latest.zip successfully finalized. Artifact ID 10753283537
2026-09-23T13:47:57.6856248Z Artifact evidence-ubuntu-latest has been successfully uploaded! Final size is 151447039 bytes. Artifact ID is 10753283537
2026-09-23T13:47:57.6864356Z Artifact download URL: https://github.com/JohnnyPBelo/relayloom/actions/runs/35868125390/artifacts/10753283537
2026-09-23T13:47:57.7189783Z Node 20 is being deprecated. This workflow is running with Node 24 by default. If you need to temporarily use Node 20, you can set the ACTIONS_ALLOW_USE_UNSECURE_NODE_VERSION=true environment variable. For more information see: https://github.blog/changelog/2025-09-19-deprecation-of-node-20-on-github-actions-runners/
2026-09-23T13:47:57.7191079Z Post job cleanup.
2026-09-23T13:47:57.8413683Z (node:13345) [DEP0040] DeprecationWarning: The `punycode` module is deprecated. Please use a userland alternative instead.
2026-09-23T13:47:57.8415061Z (Use `node --trace-deprecation ...` to show where the warning was created)
2026-09-23T13:47:57.8531106Z Node 20 is being deprecated. This workflow is running with Node 24 by default. If you need to temporarily use Node 20, you can set the ACTIONS_ALLOW_USE_UNSECURE_NODE_VERSION=true environment variable. For more information see: https://github.blog/changelog/2025-09-19-deprecation-of-node-20-on-github-actions-runners/
2026-09-23T13:47:57.8532366Z Post job cleanup.
2026-09-23T13:47:57.9806002Z (node:13353) [DEP0040] DeprecationWarning: The `punycode` module is deprecated. Please use a userland alternative instead.
2026-09-23T13:47:57.9807854Z (Use `node --trace-deprecation ...` to show where the warning was created)
2026-09-23T13:47:57.9810223Z Cache hit occurred on the primary key node-cache-Linux-x64-npm-88240ea3fcc36a07b38e92f18a1559354497a7dfa2763e229b5dd5d5943af76a, not saving cache.
2026-09-23T13:47:57.9941318Z Node 20 is being deprecated. This workflow is running with Node 24 by default. If you need to temporarily use Node 20, you can set the ACTIONS_ALLOW_USE_UNSECURE_NODE_VERSION=true environment variable. For more information see: https://github.blog/changelog/2025-09-19-deprecation-of-node-20-on-github-actions-runners/
2026-09-23T13:47:57.9942592Z Post job cleanup.
2026-09-23T13:47:58.0878489Z [command]/usr/bin/git version
2026-09-23T13:47:58.0925895Z git version 2.55.0
2026-09-23T13:47:58.0973070Z Temporarily overriding HOME='/home/runner/work/_temp/e09c9aba-476b-46cd-b24d-70ac785f4a50' before making global git config changes
2026-09-23T13:47:58.0974953Z Adding repository directory to the temporary git global config as a safe directory
2026-09-23T13:47:58.0993992Z [command]/usr/bin/git config --global --add safe.directory /home/runner/work/relayloom/relayloom
2026-09-23T13:47:58.1032106Z [command]/usr/bin/git config --local --name-only --get-regexp core\.sshCommand
2026-09-23T13:47:58.1073245Z [command]/usr/bin/git submodule foreach --recursive sh -c "git config --local --name-only --get-regexp 'core\.sshCommand' && git config --local --unset-all 'core.sshCommand' || :"
2026-09-23T13:47:58.1396515Z [command]/usr/bin/git config --local --name-only --get-regexp http\.https\:\/\/github\.com\/\.extraheader
2026-09-23T13:47:58.1416476Z http.https://github.com/.extraheader
2026-09-23T13:47:58.1428901Z [command]/usr/bin/git config --local --unset-all http.https://github.com/.extraheader
2026-09-23T13:47:58.1464308Z [command]/usr/bin/git submodule foreach --recursive sh -c "git config --local --name-only --get-regexp 'http\.https\:\/\/github\.com\/\.extraheader' && git config --local --unset-all 'http.https://github.com/.extraheader' || :"
2026-09-23T13:47:58.1732092Z [command]/usr/bin/git config --local --name-only --get-regexp ^includeIf\.gitdir:
2026-09-23T13:47:58.1770587Z [command]/usr/bin/git submodule foreach --recursive git config --local --show-origin --name-only --get-regexp remote.origin.url
2026-09-23T13:47:58.2197203Z Cleaning up orphan processes
2026-09-23T13:47:58.2471383Z ##[warning]Node.js 20 is deprecated. The following actions target Node.js 20 but are being forced to run on Node.js 24: actions/checkout@v4, actions/setup-go@v5, actions/setup-node@v4, actions/upload-artifact@v4. For more information see: https://github.blog/changelog/2025-09-19-deprecation-of-node-20-on-github-actions-runners/
