2026-09-23T13:47:18.0446760Z Current runner version: '2.337.0'
2026-09-23T13:47:18.0471780Z ##[group]Runner Image Provisioner
2026-09-23T13:47:18.0472420Z Hosted Compute Agent
2026-09-23T13:47:18.0472820Z Version: 20260828.587
2026-09-23T13:47:18.0473260Z Commit: abac92662cab4cc7352de4f9f9d2e2419aad9c29
2026-09-23T13:47:18.0473750Z Build Date: 2026-08-28T16:44:25Z
2026-09-23T13:47:18.0474200Z Worker ID: {f426bf69-b761-4353-8b88-b4eb0bf9b369}
2026-09-23T13:47:18.0474680Z Azure Region: westus
2026-09-23T13:47:18.0475070Z ##[endgroup]
2026-09-23T13:47:18.0476040Z ##[group]Operating System
2026-09-23T13:47:18.0476460Z macOS
2026-09-23T13:47:18.0476800Z 26.6.2
2026-09-23T13:47:18.0477140Z 25G83
2026-09-23T13:47:18.0477480Z ##[endgroup]
2026-09-23T13:47:18.0477850Z ##[group]Runner Image
2026-09-23T13:47:18.0478260Z Image: macos-26-arm64
2026-09-23T13:47:18.0478630Z Version: 20260907.0351.1
2026-09-23T13:47:18.0479510Z Included Software: https://github.com/actions/runner-images/blob/macos-26-arm64/20260907.0351/images/macos/macos-26-arm64-Readme.md
2026-09-23T13:47:18.0480550Z Image Release: https://github.com/actions/runner-images/releases/tag/macos-26-arm64%2F20260907.0351
2026-09-23T13:47:18.0481230Z ##[endgroup]
2026-09-23T13:47:18.0482130Z ##[group]GITHUB_TOKEN Permissions
2026-09-23T13:47:18.0483360Z Contents: read
2026-09-23T13:47:18.0483730Z Metadata: read
2026-09-23T13:47:18.0484100Z ##[endgroup]
2026-09-23T13:47:18.0485590Z Secret source: Actions
2026-09-23T13:47:18.0486180Z Cache mode: write
2026-09-23T13:47:18.0486630Z Prepare workflow directory
2026-09-23T13:47:18.0725020Z Prepare all required actions
2026-09-23T13:47:18.0775320Z Getting action download info
2026-09-23T13:47:18.3789750Z Download action repository 'actions/checkout@v4' (SHA:11d5960a326750d5838078e36cf38b85af677262)
2026-09-23T13:47:18.5683180Z Download action repository 'actions/setup-node@v4' (SHA:49933ea5288caeca8642d1e84afbd3f7d6820020)
2026-09-23T13:47:18.6865980Z Download action repository 'actions/setup-go@v5' (SHA:40f1582b2485089dde7abd97c1529aa768e1baff)
2026-09-23T13:47:19.5355650Z Download action repository 'actions/upload-artifact@v4' (SHA:ea165f8d65b6e75b540449e92b4886f43607fa02)
2026-09-23T13:47:19.8667320Z Complete job name: native-node (macos-latest)
2026-09-23T13:47:19.9231710Z Node 20 is being deprecated. This workflow is running with Node 24 by default. If you need to temporarily use Node 20, you can set the ACTIONS_ALLOW_USE_UNSECURE_NODE_VERSION=true environment variable. For more information see: https://github.blog/changelog/2025-09-19-deprecation-of-node-20-on-github-actions-runners/
2026-09-23T13:47:19.9239880Z ##[group]Run actions/checkout@v4
2026-09-23T13:47:19.9240510Z with:
2026-09-23T13:47:19.9240940Z   repository: JohnnyPBelo/relayloom
2026-09-23T13:47:19.9244550Z   token: ***
2026-09-23T13:47:19.9244960Z   ssh-strict: true
2026-09-23T13:47:19.9245290Z   ssh-user: git
2026-09-23T13:47:19.9245630Z   persist-credentials: true
2026-09-23T13:47:19.9246010Z   clean: true
2026-09-23T13:47:19.9246420Z   sparse-checkout-cone-mode: true
2026-09-23T13:47:19.9246940Z   fetch-depth: 1
2026-09-23T13:47:19.9247280Z   fetch-tags: false
2026-09-23T13:47:19.9247650Z   show-progress: true
2026-09-23T13:47:19.9248080Z   lfs: false
2026-09-23T13:47:19.9248430Z   submodules: false
2026-09-23T13:47:19.9248780Z   set-safe-directory: true
2026-09-23T13:47:19.9249180Z   allow-unsafe-pr-checkout: false
2026-09-23T13:47:19.9249880Z ##[endgroup]
2026-09-23T13:47:20.3124500Z Syncing repository: JohnnyPBelo/relayloom
2026-09-23T13:47:20.3126320Z ##[group]Getting Git version info
2026-09-23T13:47:20.3126940Z Working directory is '/Users/runner/work/relayloom/relayloom'
2026-09-23T13:47:20.3127810Z [command]/opt/homebrew/bin/git version
2026-09-23T13:47:20.3742550Z git version 2.55.0
2026-09-23T13:47:20.3758540Z ##[endgroup]
2026-09-23T13:47:20.3766440Z Copying '/Users/runner/.gitconfig' to '/Users/runner/work/_temp/2c672008-3eb2-4f66-9687-5d75d2ba0461/.gitconfig'
2026-09-23T13:47:20.3773610Z Temporarily overriding HOME='/Users/runner/work/_temp/2c672008-3eb2-4f66-9687-5d75d2ba0461' before making global git config changes
2026-09-23T13:47:20.3775740Z Adding repository directory to the temporary git global config as a safe directory
2026-09-23T13:47:20.3777090Z [command]/opt/homebrew/bin/git config --global --add safe.directory /Users/runner/work/relayloom/relayloom
2026-09-23T13:47:20.3906720Z Deleting the contents of '/Users/runner/work/relayloom/relayloom'
2026-09-23T13:47:20.3917720Z ##[group]Initializing the repository
2026-09-23T13:47:20.3919760Z [command]/opt/homebrew/bin/git init /Users/runner/work/relayloom/relayloom
2026-09-23T13:47:20.4202100Z hint: Using 'master' as the name for the initial branch. This default branch name
2026-09-23T13:47:20.4205680Z hint: will change to "main" in Git 3.0. To configure the initial branch name
2026-09-23T13:47:20.4208210Z hint: to use in all of your new repositories, which will suppress this warning,
2026-09-23T13:47:20.4210830Z hint: call:
2026-09-23T13:47:20.4211440Z hint:
2026-09-23T13:47:20.4212200Z hint: 	git config --global init.defaultBranch <name>
2026-09-23T13:47:20.4219600Z hint:
2026-09-23T13:47:20.4222800Z hint: Names commonly chosen instead of 'master' are 'main', 'trunk' and
2026-09-23T13:47:20.4225740Z hint: 'development'. The just-created branch can be renamed via this command:
2026-09-23T13:47:20.4227710Z hint:
2026-09-23T13:47:20.4229550Z hint: 	git branch -m <name>
2026-09-23T13:47:20.4231060Z hint:
2026-09-23T13:47:20.4232750Z hint: Disable this message with "git config set advice.defaultBranchName false"
2026-09-23T13:47:20.4235650Z Initialized empty Git repository in /Users/runner/work/relayloom/relayloom/.git/
2026-09-23T13:47:20.4240700Z [command]/opt/homebrew/bin/git remote add origin https://github.com/JohnnyPBelo/relayloom
2026-09-23T13:47:20.4306500Z ##[endgroup]
2026-09-23T13:47:20.4308540Z ##[group]Disabling automatic garbage collection
2026-09-23T13:47:20.4313490Z [command]/opt/homebrew/bin/git config --local gc.auto 0
2026-09-23T13:47:20.4445050Z ##[endgroup]
2026-09-23T13:47:20.4445720Z ##[group]Setting up auth
2026-09-23T13:47:20.4446460Z [command]/opt/homebrew/bin/git config --local --name-only --get-regexp core\.sshCommand
2026-09-23T13:47:20.4570270Z [command]/opt/homebrew/bin/git submodule foreach --recursive sh -c "git config --local --name-only --get-regexp 'core\.sshCommand' && git config --local --unset-all 'core.sshCommand' || :"
2026-09-23T13:47:20.5802630Z [command]/opt/homebrew/bin/git config --local --name-only --get-regexp http\.https\:\/\/github\.com\/\.extraheader
2026-09-23T13:47:20.5910050Z [command]/opt/homebrew/bin/git submodule foreach --recursive sh -c "git config --local --name-only --get-regexp 'http\.https\:\/\/github\.com\/\.extraheader' && git config --local --unset-all 'http.https://github.com/.extraheader' || :"
2026-09-23T13:47:20.7424520Z [command]/opt/homebrew/bin/git config --local --name-only --get-regexp ^includeIf\.gitdir:
2026-09-23T13:47:20.7435130Z [command]/opt/homebrew/bin/git submodule foreach --recursive git config --local --show-origin --name-only --get-regexp remote.origin.url
2026-09-23T13:47:20.8467970Z [command]/opt/homebrew/bin/git config --local http.https://github.com/.extraheader AUTHORIZATION: basic ***
2026-09-23T13:47:20.8574140Z ##[endgroup]
2026-09-23T13:47:20.8575240Z ##[group]Fetching the repository
2026-09-23T13:47:20.8584370Z [command]/opt/homebrew/bin/git -c protocol.version=2 fetch --no-tags --prune --no-recurse-submodules --depth=1 origin +d6d4ddb9cde7e29e04aadd32a6ce68f049e77fcc:refs/remotes/origin/codex/site-optional-resources
2026-09-23T13:47:27.9812850Z From https://github.com/JohnnyPBelo/relayloom
2026-09-23T13:47:27.9814900Z  * [new ref]         d6d4ddb9cde7e29e04aadd32a6ce68f049e77fcc -> origin/codex/site-optional-resources
2026-09-23T13:47:27.9837510Z ##[endgroup]
2026-09-23T13:47:27.9998820Z ##[group]Determining the checkout info
2026-09-23T13:47:28.0000000Z ##[endgroup]
2026-09-23T13:47:28.0000600Z [command]/opt/homebrew/bin/git sparse-checkout disable
2026-09-23T13:47:28.0004110Z [command]/opt/homebrew/bin/git config --local --unset-all extensions.worktreeConfig
2026-09-23T13:47:28.0078250Z ##[group]Checking out the ref
2026-09-23T13:47:28.0081950Z [command]/opt/homebrew/bin/git checkout --progress --force -B codex/site-optional-resources refs/remotes/origin/codex/site-optional-resources
2026-09-23T13:47:29.0563850Z Updating files:  68% (3802/5531)
2026-09-23T13:47:29.0674410Z Updating files:  69% (3817/5531)
2026-09-23T13:47:29.0819220Z Updating files:  70% (3872/5531)
2026-09-23T13:47:29.0926770Z Updating files:  71% (3928/5531)
2026-09-23T13:47:29.1081990Z Updating files:  72% (3983/5531)
2026-09-23T13:47:29.1224920Z Updating files:  73% (4038/5531)
2026-09-23T13:47:29.1519250Z Updating files:  74% (4093/5531)
2026-09-23T13:47:29.1668490Z Updating files:  75% (4149/5531)
2026-09-23T13:47:29.1865310Z Updating files:  76% (4204/5531)
2026-09-23T13:47:29.2262930Z Updating files:  77% (4259/5531)
2026-09-23T13:47:29.2395120Z Updating files:  78% (4315/5531)
2026-09-23T13:47:29.2555490Z Updating files:  79% (4370/5531)
2026-09-23T13:47:29.2768720Z Updating files:  80% (4425/5531)
2026-09-23T13:47:29.2859110Z Updating files:  81% (4481/5531)
2026-09-23T13:47:29.2919080Z Updating files:  82% (4536/5531)
2026-09-23T13:47:29.3095720Z Updating files:  83% (4591/5531)
2026-09-23T13:47:29.3212500Z Updating files:  84% (4647/5531)
2026-09-23T13:47:29.3589630Z Updating files:  85% (4702/5531)
2026-09-23T13:47:29.3796250Z Updating files:  86% (4757/5531)
2026-09-23T13:47:29.3938700Z Updating files:  87% (4812/5531)
2026-09-23T13:47:29.4023060Z Updating files:  88% (4868/5531)
2026-09-23T13:47:29.4106990Z Updating files:  89% (4923/5531)
2026-09-23T13:47:29.4208230Z Updating files:  90% (4978/5531)
2026-09-23T13:47:29.4271910Z Updating files:  91% (5034/5531)
2026-09-23T13:47:29.4337760Z Updating files:  92% (5089/5531)
2026-09-23T13:47:29.4395910Z Updating files:  93% (5144/5531)
2026-09-23T13:47:29.4485940Z Updating files:  94% (5200/5531)
2026-09-23T13:47:29.4552490Z Updating files:  95% (5255/5531)
2026-09-23T13:47:29.4609580Z Updating files:  96% (5310/5531)
2026-09-23T13:47:29.4936360Z Updating files:  97% (5366/5531)
2026-09-23T13:47:29.5014660Z Updating files:  98% (5421/5531)
2026-09-23T13:47:29.5072470Z Updating files:  99% (5476/5531)
2026-09-23T13:47:29.5076790Z Updating files: 100% (5531/5531)
2026-09-23T13:47:29.5077180Z Updating files: 100% (5531/5531), done.
2026-09-23T13:47:29.5171510Z Switched to a new branch 'codex/site-optional-resources'
2026-09-23T13:47:29.5202090Z branch 'codex/site-optional-resources' set up to track 'origin/codex/site-optional-resources'.
2026-09-23T13:47:29.5204120Z ##[endgroup]
2026-09-23T13:47:29.5339320Z [command]/opt/homebrew/bin/git log -1 --format=%H
2026-09-23T13:47:29.5422840Z d6d4ddb9cde7e29e04aadd32a6ce68f049e77fcc
2026-09-23T13:47:29.5733780Z Node 20 is being deprecated. This workflow is running with Node 24 by default. If you need to temporarily use Node 20, you can set the ACTIONS_ALLOW_USE_UNSECURE_NODE_VERSION=true environment variable. For more information see: https://github.blog/changelog/2025-09-19-deprecation-of-node-20-on-github-actions-runners/
2026-09-23T13:47:29.5735220Z ##[group]Run actions/setup-node@v4
2026-09-23T13:47:29.5735410Z with:
2026-09-23T13:47:29.5735560Z   node-version: 22
2026-09-23T13:47:29.5735700Z   cache: npm
2026-09-23T13:47:29.5735840Z   always-auth: false
2026-09-23T13:47:29.5735990Z   check-latest: false
2026-09-23T13:47:29.5738040Z   token: ***
2026-09-23T13:47:29.5738190Z ##[endgroup]
2026-09-23T13:47:29.7665390Z (node:1188) [DEP0040] DeprecationWarning: The `punycode` module is deprecated. Please use a userland alternative instead.
2026-09-23T13:47:29.7667620Z (Use `node --trace-deprecation ...` to show where the warning was created)
2026-09-23T13:47:29.7668960Z Found in cache @ /Users/runner/hostedtoolcache/node/22.23.2/arm64
2026-09-23T13:47:29.7670460Z ##[group]Environment details
2026-09-23T13:47:30.4036120Z node: v22.23.2
2026-09-23T13:47:30.4069380Z npm: 10.9.8
2026-09-23T13:47:30.4101650Z yarn: 1.22.22
2026-09-23T13:47:30.4107650Z ##[endgroup]
2026-09-23T13:47:30.4168270Z [command]/Users/runner/hostedtoolcache/node/22.23.2/arm64/bin/npm config get cache
2026-09-23T13:47:30.5412770Z /Users/runner/work/relayloom/relayloom/.cache/npm
2026-09-23T13:47:30.7330210Z Cache hit for: node-cache-macOS-arm64-npm-88240ea3fcc36a07b38e92f18a1559354497a7dfa2763e229b5dd5d5943af76a
2026-09-23T13:47:30.7403000Z (node:1188) [DEP0169] DeprecationWarning: `url.parse()` behavior is not standardized and prone to errors that have security implications. Use the WHATWG URL API instead. CVEs are not issued for `url.parse()` vulnerabilities.
2026-09-23T13:47:31.6612260Z Received 51617322 of 51617322 (100.0%), 63.4 MBs/sec
2026-09-23T13:47:31.6617220Z Cache Size: ~49 MB (51617322 B)
2026-09-23T13:47:31.6693250Z [command]/opt/homebrew/bin/gtar -xf /Users/runner/work/_temp/14edfd4e-9390-4337-9c35-a3eababd7828/cache.tzst -P -C /Users/runner/work/relayloom/relayloom --delay-directory-restore --use-compress-program unzstd
2026-09-23T13:47:31.9646550Z Cache restored successfully
2026-09-23T13:47:31.9669630Z Cache restored from key: node-cache-macOS-arm64-npm-88240ea3fcc36a07b38e92f18a1559354497a7dfa2763e229b5dd5d5943af76a
2026-09-23T13:47:31.9872890Z Node 20 is being deprecated. This workflow is running with Node 24 by default. If you need to temporarily use Node 20, you can set the ACTIONS_ALLOW_USE_UNSECURE_NODE_VERSION=true environment variable. For more information see: https://github.blog/changelog/2025-09-19-deprecation-of-node-20-on-github-actions-runners/
2026-09-23T13:47:31.9876260Z ##[group]Run actions/setup-go@v5
2026-09-23T13:47:31.9876510Z with:
2026-09-23T13:47:31.9876720Z   go-version: 1.26.8
2026-09-23T13:47:31.9876900Z   cache: false
2026-09-23T13:47:31.9877070Z   check-latest: false
2026-09-23T13:47:31.9879190Z   token: ***
2026-09-23T13:47:31.9879370Z ##[endgroup]
2026-09-23T13:47:32.1541170Z Setup go version spec 1.26.8
2026-09-23T13:47:32.1565250Z Found in cache @ /Users/runner/hostedtoolcache/go/1.26.8/arm64
2026-09-23T13:47:32.1567370Z (node:1259) [DEP0040] DeprecationWarning: The `punycode` module is deprecated. Please use a userland alternative instead.
2026-09-23T13:47:32.1569500Z (Use `node --trace-deprecation ...` to show where the warning was created)
2026-09-23T13:47:32.1570460Z Added go to the path
2026-09-23T13:47:32.1572010Z Successfully set up Go version 1.26.8
2026-09-23T13:47:32.2916950Z go version go1.26.8 darwin/arm64
2026-09-23T13:47:32.2917190Z 
2026-09-23T13:47:32.2917690Z ##[group]go env
2026-09-23T13:47:34.5461240Z AR='ar'
2026-09-23T13:47:34.5463860Z CC='clang'
2026-09-23T13:47:34.5464460Z CGO_CFLAGS='-O2 -g'
2026-09-23T13:47:34.5465050Z CGO_CPPFLAGS=''
2026-09-23T13:47:34.5466050Z CGO_CXXFLAGS='-O2 -g'
2026-09-23T13:47:34.5467220Z CGO_ENABLED='1'
2026-09-23T13:47:34.5467700Z CGO_FFLAGS='-O2 -g'
2026-09-23T13:47:34.5469640Z CGO_LDFLAGS='-O2 -g'
2026-09-23T13:47:34.5470560Z CXX='clang++'
2026-09-23T13:47:34.5470980Z GCCGO='gccgo'
2026-09-23T13:47:34.5471800Z GO111MODULE=''
2026-09-23T13:47:34.5472710Z GOARCH='arm64'
2026-09-23T13:47:34.5475840Z GOARM64='v8.0'
2026-09-23T13:47:34.5479060Z GOAUTH='netrc'
2026-09-23T13:47:34.5480930Z GOBIN=''
2026-09-23T13:47:34.5482150Z GOCACHE='/Users/runner/Library/Caches/go-build'
2026-09-23T13:47:34.5482720Z GOCACHEPROG=''
2026-09-23T13:47:34.5486750Z GODEBUG=''
2026-09-23T13:47:34.5487630Z GOENV='/Users/runner/Library/Application Support/go/env'
2026-09-23T13:47:34.5488110Z GOEXE=''
2026-09-23T13:47:34.5488670Z GOEXPERIMENT=''
2026-09-23T13:47:34.5490100Z GOFIPS140='off'
2026-09-23T13:47:34.5491260Z GOFLAGS=''
2026-09-23T13:47:34.5493450Z GOGCCFLAGS='-fPIC -arch arm64 -pthread -fno-caret-diagnostics -Qunused-arguments -fmessage-length=0 -ffile-prefix-map=/var/folders/36/tjdph2t965j8snz9_vkdnw0r0000gn/T/go-build554627651=/tmp/go-build -gno-record-gcc-switches -fno-common'
2026-09-23T13:47:34.5496790Z GOHOSTARCH='arm64'
2026-09-23T13:47:34.5497470Z GOHOSTOS='darwin'
2026-09-23T13:47:34.5498460Z GOINSECURE=''
2026-09-23T13:47:34.5499140Z GOMOD='/dev/null'
2026-09-23T13:47:34.5499680Z GOMODCACHE='/Users/runner/go/pkg/mod'
2026-09-23T13:47:34.5503110Z GONOPROXY=''
2026-09-23T13:47:34.5505450Z GONOSUMDB=''
2026-09-23T13:47:34.5507320Z GOOS='darwin'
2026-09-23T13:47:34.5508680Z GOPATH='/Users/runner/go'
2026-09-23T13:47:34.5510330Z GOPRIVATE=''
2026-09-23T13:47:34.5512170Z GOPROXY='https://proxy.golang.org,direct'
2026-09-23T13:47:34.5517390Z GOROOT='/Users/runner/hostedtoolcache/go/1.26.8/arm64'
2026-09-23T13:47:34.5518910Z GOSUMDB='sum.golang.org'
2026-09-23T13:47:34.5519440Z GOTELEMETRY='local'
2026-09-23T13:47:34.5524810Z GOTELEMETRYDIR='/Users/runner/Library/Application Support/go/telemetry'
2026-09-23T13:47:34.5525990Z GOTMPDIR=''
2026-09-23T13:47:34.5528480Z GOTOOLCHAIN='auto'
2026-09-23T13:47:34.5531020Z GOTOOLDIR='/Users/runner/hostedtoolcache/go/1.26.8/arm64/pkg/tool/darwin_arm64'
2026-09-23T13:47:34.5532340Z GOVCS=''
2026-09-23T13:47:34.5533530Z GOVERSION='go1.26.8'
2026-09-23T13:47:34.5534640Z GOWORK=''
2026-09-23T13:47:34.5535180Z PKG_CONFIG='pkg-config'
2026-09-23T13:47:34.5536390Z 
2026-09-23T13:47:34.5543830Z ##[endgroup]
2026-09-23T13:47:34.5758180Z ##[group]Run npm ci --ignore-scripts
2026-09-23T13:47:34.5758590Z [36;1mnpm ci --ignore-scripts[0m
2026-09-23T13:47:34.5819120Z shell: /bin/bash -e {0}
2026-09-23T13:47:34.5819500Z ##[endgroup]
2026-09-23T13:47:36.5245920Z npm warn deprecated inflight@1.0.6: This module is not supported, and leaks memory. Do not use it. Check out lru-cache if you want a good and tested way to coalesce async requests by a key value, which is much more comprehensive and powerful.
2026-09-23T13:47:36.5578490Z npm warn deprecated rimraf@2.6.3: Rimraf versions prior to v4 are no longer supported
2026-09-23T13:47:36.6455640Z npm warn deprecated glob@7.2.3: Old versions of glob are not supported, and contain widely publicized security vulnerabilities, which have been fixed in the current version. Please update. Support for old versions may be purchased (at exorbitant rates) by contacting i@izs.me
2026-09-23T13:47:36.9413840Z npm warn deprecated boolean@3.2.0: Package no longer supported. Contact Support at https://www.npmjs.com/support for more info.
2026-09-23T13:47:38.8037670Z 
2026-09-23T13:47:38.8038270Z added 462 packages in 4s
2026-09-23T13:47:38.8918810Z ##[group]Run npm run build
2026-09-23T13:47:38.8919790Z [36;1mnpm run build[0m
2026-09-23T13:47:38.9017060Z shell: /bin/bash -e {0}
2026-09-23T13:47:38.9017510Z ##[endgroup]
2026-09-23T13:47:39.1075170Z 
2026-09-23T13:47:39.1076150Z > relayloom@0.1.0 build
2026-09-23T13:47:39.1076500Z > tsc --noEmit && vite build
2026-09-23T13:47:39.1076650Z 
2026-09-23T13:47:53.3752260Z [36mvite v7.3.6 [32mbuilding client environment for production...[36m[39m
2026-09-23T13:47:53.4488330Z transforming...
2026-09-23T13:47:56.8578330Z [32m✓[39m 1846 modules transformed.
2026-09-23T13:47:57.0742000Z rendering chunks...
2026-09-23T13:47:57.2228260Z computing gzip size...
2026-09-23T13:47:57.2429460Z [2m../../dist/web/[22m[2massets/[22m[32mmanifest-BWKlX33v.webmanifest       [39m[1m[2m  0.32 kB[22m[1m[22m
2026-09-23T13:47:57.2431220Z [2m../../dist/web/[22m[32mindex.html                                 [39m[1m[2m  0.81 kB[22m[1m[22m[2m │ gzip:   0.40 kB[22m
2026-09-23T13:47:57.2432790Z [2m../../dist/web/[22m[32mbrowser/index.html                         [39m[1m[2m  1.17 kB[22m[1m[22m[2m │ gzip:   0.57 kB[22m
2026-09-23T13:47:57.2435900Z [2m../../dist/web/[22m[32mbrowser/worker-DUvc-plH.js                 [39m[1m[2m256.42 kB[22m[1m[22m
2026-09-23T13:47:57.2438890Z [2m../../dist/web/[22m[2massets/[22m[35meditor-TdZUp6iQ.css                 [39m[1m[2m  2.66 kB[22m[1m[22m[2m │ gzip:   0.85 kB[22m
2026-09-23T13:47:57.2441740Z [2m../../dist/web/[22m[2massets/[22m[35mmain-DEi_Xkk3.css                   [39m[1m[2m 13.87 kB[22m[1m[22m[2m │ gzip:   3.10 kB[22m
2026-09-23T13:47:57.2444780Z [2m../../dist/web/[22m[2massets/[22m[35mhistory-DpTwHcHw.css                [39m[1m[2m 25.68 kB[22m[1m[22m[2m │ gzip:   5.44 kB[22m
2026-09-23T13:47:57.2446540Z [2m../../dist/web/[22m[2massets/[22m[35mpeers-CBwbv1q3.css                  [39m[1m[2m 61.71 kB[22m[1m[22m[2m │ gzip:  12.98 kB[22m
2026-09-23T13:47:57.2449380Z [2m../../dist/web/[22m[2massets/[22m[36mmodulepreload-polyfill-B5Qt9EMX.js  [39m[1m[2m  0.71 kB[22m[1m[22m[2m │ gzip:   0.40 kB[22m
2026-09-23T13:47:57.2450790Z [2m../../dist/web/[22m[2massets/[22m[36mvisit-DRYAygji.js                   [39m[1m[2m  3.59 kB[22m[1m[22m[2m │ gzip:   1.62 kB[22m
2026-09-23T13:47:57.2452110Z [2m../../dist/web/[22m[2massets/[22m[36meditor-Da0xb7_n.js                  [39m[1m[2m 62.39 kB[22m[1m[22m[2m │ gzip:  19.12 kB[22m
2026-09-23T13:47:57.2453390Z [2m../../dist/web/[22m[2massets/[22m[36mbrowser-7xsswI5L.js                 [39m[1m[2m 74.03 kB[22m[1m[22m[2m │ gzip:  24.62 kB[22m
2026-09-23T13:47:57.2455180Z [2m../../dist/web/[22m[2massets/[22m[36mhistory-DuAfTwGr.js                 [39m[1m[2m143.89 kB[22m[1m[22m[2m │ gzip:  45.68 kB[22m
2026-09-23T13:47:57.2456500Z [2m../../dist/web/[22m[2massets/[22m[36mmain-CNAA77oL.js                    [39m[1m[2m149.20 kB[22m[1m[22m[2m │ gzip:  45.75 kB[22m
2026-09-23T13:47:57.2458810Z [2m../../dist/web/[22m[2massets/[22m[36mpeers-D1H6wmgT.js                   [39m[1m[2m412.67 kB[22m[1m[22m[2m │ gzip: 132.80 kB[22m
2026-09-23T13:47:57.2459610Z [32m✓ built in 3.84s[39m
2026-09-23T13:47:57.3131270Z ##[group]Run npm run native:build
2026-09-23T13:47:57.3133370Z [36;1mnpm run native:build[0m
2026-09-23T13:47:57.3228040Z shell: /bin/bash -e {0}
2026-09-23T13:47:57.3228630Z ##[endgroup]
2026-09-23T13:47:57.6766150Z 
2026-09-23T13:47:57.6766850Z > relayloom@0.1.0 native:build
2026-09-23T13:47:57.6767770Z > node scripts/native-build.mjs
2026-09-23T13:47:57.6767960Z 
2026-09-23T13:47:58.0784180Z go: downloading golang.org/x/crypto v0.57.0
2026-09-23T13:47:58.1530340Z go: downloading golang.org/x/text v0.42.0
2026-09-23T13:47:59.3168310Z go: downloading github.com/coder/websocket v1.8.15
2026-09-23T13:47:59.4074130Z go: downloading modernc.org/sqlite v1.58.0
2026-09-23T13:48:01.8872500Z go: downloading modernc.org/libc v1.75.6
2026-09-23T13:48:01.8878600Z go: downloading golang.org/x/sys v0.48.0
2026-09-23T13:48:04.3369630Z go: downloading github.com/mattn/go-isatty v0.0.24
2026-09-23T13:48:04.3378120Z go: downloading github.com/dustin/go-humanize v1.0.1
2026-09-23T13:48:04.3379830Z go: downloading github.com/google/uuid v1.6.0
2026-09-23T13:48:04.4340430Z go: downloading github.com/ncruces/go-strftime v1.0.0
2026-09-23T13:48:04.4418900Z go: downloading modernc.org/mathutil v1.7.1
2026-09-23T13:48:04.4436490Z go: downloading modernc.org/memory v1.12.1
2026-09-23T13:48:04.5915210Z go: downloading github.com/remyoudompheng/bigfft v0.0.0-20230129092748-24d4a6f8daec
2026-09-23T13:48:27.4565940Z Native app CLI built in project cache.
2026-09-23T13:48:27.5038890Z ##[group]Run npm test
2026-09-23T13:48:27.5039420Z [36;1mnpm test[0m
2026-09-23T13:48:27.5120300Z shell: /bin/bash -e {0}
2026-09-23T13:48:27.5120740Z ##[endgroup]
2026-09-23T13:48:27.8615760Z 
2026-09-23T13:48:27.8618340Z > relayloom@0.1.0 test
2026-09-23T13:48:27.8618960Z > tsx --test --test-concurrency=1 tests/*.test.ts
2026-09-23T13:48:27.8619250Z 
2026-09-23T13:48:28.0584160Z TAP version 13
2026-09-23T13:48:28.2854570Z # Subtest: browser CI partition rejects omitted, duplicated and empty coverage with a complete positive control
2026-09-23T13:48:28.2857150Z ok 1 - browser CI partition rejects omitted, duplicated and empty coverage with a complete positive control
2026-09-23T13:48:28.2857860Z   ---
2026-09-23T13:48:28.2858350Z   duration_ms: 1.288166
2026-09-23T13:48:28.2858720Z   type: 'test'
2026-09-23T13:48:28.2858980Z   ...
2026-09-23T13:48:28.4747330Z # Subtest: Node bundle creation derives expiry from one clock observation even when the clock advances between reads
2026-09-23T13:48:28.4750910Z ok 2 - Node bundle creation derives expiry from one clock observation even when the clock advances between reads
2026-09-23T13:48:28.4751840Z   ---
2026-09-23T13:48:28.4752200Z   duration_ms: 11.676416
2026-09-23T13:48:28.4761430Z   type: 'test'
2026-09-23T13:48:28.4762260Z   ...
2026-09-23T13:48:28.8324790Z # Subtest: automatic reservations survive restart and count pressure without becoming manual pins
2026-09-23T13:48:28.8326030Z ok 3 - automatic reservations survive restart and count pressure without becoming manual pins
2026-09-23T13:48:28.8326790Z   ---
2026-09-23T13:48:28.8327330Z   duration_ms: 85.103334
2026-09-23T13:48:28.8333820Z   type: 'test'
2026-09-23T13:48:28.8335010Z   ...
2026-09-23T13:48:28.8335920Z # Subtest: byte quota refusal is atomic with a reserved payload and preserves unrelated stored bytes
2026-09-23T13:48:28.8338000Z ok 4 - byte quota refusal is atomic with a reserved payload and preserves unrelated stored bytes
2026-09-23T13:48:28.8338800Z   ---
2026-09-23T13:48:28.8339270Z   duration_ms: 53.349125
2026-09-23T13:48:28.8339620Z   type: 'test'
2026-09-23T13:48:28.8339990Z   ...
2026-09-23T13:48:28.8340500Z # Subtest: reservation does not extend signed expiry
2026-09-23T13:48:28.8341030Z ok 5 - reservation does not extend signed expiry
2026-09-23T13:48:28.8342350Z   ---
2026-09-23T13:48:28.8342810Z   duration_ms: 12.292375
2026-09-23T13:48:28.8343150Z   type: 'test'
2026-09-23T13:48:28.8343530Z   ...
2026-09-23T13:48:28.8344830Z # Subtest: unknown or corrupt reservation input cannot partially release a valid reservation
2026-09-23T13:48:28.8345850Z ok 6 - unknown or corrupt reservation input cannot partially release a valid reservation
2026-09-23T13:48:28.8347000Z   ---
2026-09-23T13:48:28.8347590Z   duration_ms: 10.978625
2026-09-23T13:48:28.8348090Z   type: 'test'
2026-09-23T13:48:28.8348860Z   ...
2026-09-23T13:48:28.8349650Z # Subtest: failed reservation index write protects the union until explicit reconciliation
2026-09-23T13:48:28.8350640Z ok 7 - failed reservation index write protects the union until explicit reconciliation
2026-09-23T13:48:28.8351190Z   ---
2026-09-23T13:48:28.8351500Z   duration_ms: 16.392334
2026-09-23T13:48:28.8351740Z   type: 'test'
2026-09-23T13:48:28.8352070Z   ...
2026-09-23T13:48:28.8352790Z # Subtest: duplicate reserved insertion at the count limit preserves a manual pin and verifies stored bytes
2026-09-23T13:48:28.8353590Z ok 8 - duplicate reserved insertion at the count limit preserves a manual pin and verifies stored bytes
2026-09-23T13:48:28.8354110Z   ---
2026-09-23T13:48:28.8354440Z   duration_ms: 10.135875
2026-09-23T13:48:28.8354700Z   type: 'test'
2026-09-23T13:48:28.8354960Z   ...
2026-09-23T13:48:28.9794260Z # Subtest: contact rows use the established Node/Go DM reader-address wire format before the first send
2026-09-23T13:48:28.9796400Z ok 9 - contact rows use the established Node/Go DM reader-address wire format before the first send
2026-09-23T13:48:28.9797570Z   ---
2026-09-23T13:48:28.9799090Z   duration_ms: 1.689208
2026-09-23T13:48:28.9799600Z   type: 'test'
2026-09-23T13:48:28.9799910Z   ...
2026-09-23T13:48:28.9800750Z # Subtest: a repeated own reader remains one reader in the DM address
2026-09-23T13:48:28.9801500Z ok 10 - a repeated own reader remains one reader in the DM address
2026-09-23T13:48:28.9801940Z   ---
2026-09-23T13:48:28.9802250Z   duration_ms: 0.165166
2026-09-23T13:48:28.9802640Z   type: 'test'
2026-09-23T13:48:28.9802870Z   ...
2026-09-23T13:48:29.3418270Z # Subtest: fixed envelope time preserves the saved deadline while nonce identity still requires durable retention
2026-09-23T13:48:29.3419970Z ok 11 - fixed envelope time preserves the saved deadline while nonce identity still requires durable retention
2026-09-23T13:48:29.3420720Z   ---
2026-09-23T13:48:29.3421210Z   duration_ms: 152.779417
2026-09-23T13:48:29.3425840Z   type: 'test'
2026-09-23T13:48:29.3426220Z   ...
2026-09-23T13:48:29.3482070Z # Subtest: Node and portable fixed clocks reject invalid/overflowing dates and unrelated secrets before producing a bundle
2026-09-23T13:48:29.3483140Z ok 12 - Node and portable fixed clocks reject invalid/overflowing dates and unrelated secrets before producing a bundle
2026-09-23T13:48:29.3483840Z   ---
2026-09-23T13:48:29.3484230Z   duration_ms: 5.86475
2026-09-23T13:48:29.3485270Z   type: 'test'
2026-09-23T13:48:29.3485680Z   ...
2026-09-23T13:48:35.5894990Z # Subtest: Node and portable fixed envelopes verify in a real Go process; Go ciphertext decrypts in both adapters
2026-09-23T13:48:35.5898710Z ok 13 - Node and portable fixed envelopes verify in a real Go process; Go ciphertext decrypts in both adapters
2026-09-23T13:48:35.5900370Z   ---
2026-09-23T13:48:35.5901300Z   duration_ms: 6237.001958
2026-09-23T13:48:35.5902130Z   type: 'test'
2026-09-23T13:48:35.5902760Z   ...
2026-09-23T13:48:35.8522870Z # Subtest: historical storage reads authenticate expired bytes without priming the live manifest cache
2026-09-23T13:48:35.8528310Z ok 14 - historical storage reads authenticate expired bytes without priming the live manifest cache
2026-09-23T13:48:35.8529920Z   ---
2026-09-23T13:48:35.8530730Z   duration_ms: 54.594042
2026-09-23T13:48:35.8531530Z   type: 'test'
2026-09-23T13:48:35.8532080Z   ...
2026-09-23T13:48:36.5796750Z # (node:2436) ExperimentalWarning: The MockTimers API is an experimental feature and might change at any time
2026-09-23T13:48:36.5798320Z # (Use `node --trace-warnings ...` to show where the warning was created)
2026-09-23T13:48:36.5807550Z # Subtest: identity proof binds signing address, name and decryption key
2026-09-23T13:48:36.5808460Z ok 15 - identity proof binds signing address, name and decryption key
2026-09-23T13:48:36.5834490Z   ---
2026-09-23T13:48:36.5835050Z   duration_ms: 1.891125
2026-09-23T13:48:36.5835450Z   type: 'test'
2026-09-23T13:48:36.5835900Z   ...
2026-09-23T13:48:36.5836540Z # Subtest: vault encrypts private keys; recovery and wrong-password controls
2026-09-23T13:48:36.5837480Z ok 16 - vault encrypts private keys; recovery and wrong-password controls
2026-09-23T13:48:36.5838070Z   ---
2026-09-23T13:48:36.5838370Z   duration_ms: 233.960583
2026-09-23T13:48:36.5838770Z   type: 'test'
2026-09-23T13:48:36.5838970Z   ...
2026-09-23T13:48:36.5839580Z # Subtest: reader decrypts and seeds but cannot become author; unauthorized reader fails
2026-09-23T13:48:36.5840320Z ok 17 - reader decrypts and seeds but cannot become author; unauthorized reader fails
2026-09-23T13:48:36.5840730Z   ---
2026-09-23T13:48:36.5840970Z   duration_ms: 3.975958
2026-09-23T13:48:36.5841290Z   type: 'test'
2026-09-23T13:48:36.5841520Z   ...
2026-09-23T13:48:36.5842080Z # Subtest: ciphertext, manifest, expiry, depth and address negative controls
2026-09-23T13:48:36.5843360Z ok 18 - ciphertext, manifest, expiry, depth and address negative controls
2026-09-23T13:48:36.5843760Z   ---
2026-09-23T13:48:36.5844000Z   duration_ms: 14.011959
2026-09-23T13:48:36.5844250Z   type: 'test'
2026-09-23T13:48:36.5844390Z   ...
2026-09-23T13:48:36.5845770Z # Subtest: encrypted persistent seed takeover, deduplication, pin/quota, disk corruption
2026-09-23T13:48:36.5846550Z ok 19 - encrypted persistent seed takeover, deduplication, pin/quota, disk corruption
2026-09-23T13:48:36.5846960Z   ---
2026-09-23T13:48:36.5847240Z   duration_ms: 23.094125
2026-09-23T13:48:36.5847570Z   type: 'test'
2026-09-23T13:48:36.5847710Z   ...
2026-09-23T13:48:36.5848340Z # Subtest: object-count cap bounds small-object floods, survives restart and preserves pinned content
2026-09-23T13:48:36.5849310Z ok 20 - object-count cap bounds small-object floods, survives restart and preserves pinned content
2026-09-23T13:48:36.5849970Z   ---
2026-09-23T13:48:36.5850460Z   duration_ms: 96.793875
2026-09-23T13:48:36.5851120Z   type: 'test'
2026-09-23T13:48:36.5851480Z   ...
2026-09-23T13:48:36.5851990Z # Subtest: metadata listing does not replace real viewing order in LRU eviction
2026-09-23T13:48:36.5852720Z ok 21 - metadata listing does not replace real viewing order in LRU eviction
2026-09-23T13:48:36.5853150Z   ---
2026-09-23T13:48:36.5853370Z   duration_ms: 36.604042
2026-09-23T13:48:36.5853630Z   type: 'test'
2026-09-23T13:48:36.5853900Z   ...
2026-09-23T13:48:36.5854430Z # Subtest: cached manifest metadata is isolated, invalidated by disk changes, and never bypasses get verification
2026-09-23T13:48:36.5855840Z ok 22 - cached manifest metadata is isolated, invalidated by disk changes, and never bypasses get verification
2026-09-23T13:48:36.5856420Z   ---
2026-09-23T13:48:36.5857900Z   duration_ms: 15.443416
2026-09-23T13:48:36.5858330Z   type: 'test'
2026-09-23T13:48:36.5858610Z   ...
2026-09-23T13:48:36.5859210Z # Subtest: rejected quota decrease preserves existing files and policy; feasible decrease evicts only unpinned content
2026-09-23T13:48:36.5860250Z ok 23 - rejected quota decrease preserves existing files and policy; feasible decrease evicts only unpinned content
2026-09-23T13:48:36.5860770Z   ---
2026-09-23T13:48:36.5861020Z   duration_ms: 106.011166
2026-09-23T13:48:36.5861210Z   type: 'test'
2026-09-23T13:48:36.5861500Z   ...
2026-09-23T13:48:36.5861990Z # Subtest: invalid persisted index fails safely without deleting verified objects
2026-09-23T13:48:36.5862630Z ok 24 - invalid persisted index fails safely without deleting verified objects
2026-09-23T13:48:36.5863130Z   ---
2026-09-23T13:48:36.5863380Z   duration_ms: 7.85525
2026-09-23T13:48:36.5863710Z   type: 'test'
2026-09-23T13:48:36.5863940Z   ...
2026-09-23T13:48:36.5864620Z # Subtest: strict wire fields and every recipient envelope are validated before accepting signatures
2026-09-23T13:48:36.5865400Z ok 25 - strict wire fields and every recipient envelope are validated before accepting signatures
2026-09-23T13:48:36.5865840Z   ---
2026-09-23T13:48:36.5866460Z   duration_ms: 2.903583
2026-09-23T13:48:36.5866750Z   type: 'test'
2026-09-23T13:48:36.5866930Z   ...
2026-09-23T13:48:36.7312710Z # Subtest: desktop accepts only the owned daemon loopback bootstrap capability
2026-09-23T13:48:36.7314510Z ok 26 - desktop accepts only the owned daemon loopback bootstrap capability
2026-09-23T13:48:36.7315020Z   ---
2026-09-23T13:48:36.7315470Z   duration_ms: 1.045625
2026-09-23T13:48:36.7315730Z   type: 'test'
2026-09-23T13:48:36.7315920Z   ...
2026-09-23T13:48:36.7316450Z # Subtest: desktop request policy blocks other hosts, ports, schemes, subframes and WebSockets
2026-09-23T13:48:36.7319070Z ok 27 - desktop request policy blocks other hosts, ports, schemes, subframes and WebSockets
2026-09-23T13:48:36.7320390Z   ---
2026-09-23T13:48:36.7321090Z   duration_ms: 0.217417
2026-09-23T13:48:36.7322000Z   type: 'test'
2026-09-23T13:48:36.7322840Z   ...
2026-09-23T13:48:36.7324260Z # Subtest: desktop navigation stays on its exact local app and rejects insecure runtime overrides
2026-09-23T13:48:36.7326200Z ok 28 - desktop navigation stays on its exact local app and rejects insecure runtime overrides
2026-09-23T13:48:36.7329580Z   ---
2026-09-23T13:48:36.7330060Z   duration_ms: 0.75975
2026-09-23T13:48:36.7330490Z   type: 'test'
2026-09-23T13:48:36.7330760Z   ...
2026-09-23T13:48:36.7331980Z # Subtest: desktop microphone eligibility excludes cameras, remote documents and subframes
2026-09-23T13:48:36.7333260Z ok 29 - desktop microphone eligibility excludes cameras, remote documents and subframes
2026-09-23T13:48:36.7333700Z   ---
2026-09-23T13:48:36.7334000Z   duration_ms: 0.115542
2026-09-23T13:48:36.7334290Z   type: 'test'
2026-09-23T13:48:36.7334500Z   ...
2026-09-23T13:48:36.7335110Z # Subtest: desktop download defaults cannot contain paths, device names or control bytes
2026-09-23T13:48:36.7335960Z ok 30 - desktop download defaults cannot contain paths, device names or control bytes
2026-09-23T13:48:36.7336340Z   ---
2026-09-23T13:48:36.7336570Z   duration_ms: 0.305084
2026-09-23T13:48:36.7336760Z   type: 'test'
2026-09-23T13:48:36.7336910Z   ...
2026-09-23T13:48:37.5279510Z # Subtest: fixture stop is idempotent after process termination by signal
2026-09-23T13:48:37.5282690Z ok 31 - fixture stop is idempotent after process termination by signal
2026-09-23T13:48:37.5284650Z   ---
2026-09-23T13:48:37.5285740Z   duration_ms: 632.958791
2026-09-23T13:48:37.5286360Z   type: 'test'
2026-09-23T13:48:37.5287450Z   ...
2026-09-23T13:48:41.0515040Z # (node:2466) ExperimentalWarning: SQLite is an experimental feature and might change at any time
2026-09-23T13:48:41.0516930Z # (Use `node --trace-warnings ...` to show where the warning was created)
2026-09-23T13:48:41.0538580Z # Subtest: current and additions-only delayed messages preserve exact old readers without granting newcomer history
2026-09-23T13:48:41.0545160Z ok 32 - current and additions-only delayed messages preserve exact old readers without granting newcomer history
2026-09-23T13:48:41.0624460Z   ---
2026-09-23T13:48:41.0625920Z   duration_ms: 893.486167
2026-09-23T13:48:41.0626330Z   type: 'test'
2026-09-23T13:48:41.0626690Z   ...
2026-09-23T13:48:41.0627420Z # Subtest: removal and rejoin quarantine unseen old content while retaining only exact accepted history
2026-09-23T13:48:41.0628380Z ok 33 - removal and rejoin quarantine unseen old content while retaining only exact accepted history
2026-09-23T13:48:41.0628980Z   ---
2026-09-23T13:48:41.0629340Z   duration_ms: 827.440208
2026-09-23T13:48:41.0629700Z   type: 'test'
2026-09-23T13:48:41.0629980Z   ...
2026-09-23T13:48:41.0630650Z # Subtest: historical receipts from a removed original reader are minimal and cannot admit an unknown target
2026-09-23T13:48:41.0631450Z ok 34 - historical receipts from a removed original reader are minimal and cannot admit an unknown target
2026-09-23T13:48:41.0631890Z   ---
2026-09-23T13:48:41.0632160Z   duration_ms: 496.431541
2026-09-23T13:48:41.0632400Z   type: 'test'
2026-09-23T13:48:41.0632650Z   ...
2026-09-23T13:48:41.0633250Z # Subtest: group tags cannot hide as falsy legacy fields and cached policy cannot escape its transaction
2026-09-23T13:48:41.0634090Z ok 35 - group tags cannot hide as falsy legacy fields and cached policy cannot escape its transaction
2026-09-23T13:48:41.0634600Z   ---
2026-09-23T13:48:41.0634870Z   duration_ms: 30.425875
2026-09-23T13:48:41.0635120Z   type: 'test'
2026-09-23T13:48:41.0636420Z   ...
2026-09-23T13:48:41.0636980Z # Subtest: a closure within the same transaction invalidates earlier cached permission
2026-09-23T13:48:41.0637750Z ok 36 - a closure within the same transaction invalidates earlier cached permission
2026-09-23T13:48:41.0638160Z   ---
2026-09-23T13:48:41.0638430Z   duration_ms: 52.847333
2026-09-23T13:48:41.0638890Z   type: 'test'
2026-09-23T13:48:41.0639120Z   ...
2026-09-23T13:48:41.0639900Z # Subtest: a new edit to old content uses only the original/current reader intersection
2026-09-23T13:48:41.0640600Z ok 37 - a new edit to old content uses only the original/current reader intersection
2026-09-23T13:48:41.0640980Z   ---
2026-09-23T13:48:41.0641300Z   duration_ms: 1046.388375
2026-09-23T13:48:41.0641660Z   type: 'test'
2026-09-23T13:48:41.0641890Z   ...
2026-09-23T13:48:41.6703190Z # (node:2505) ExperimentalWarning: SQLite is an experimental feature and might change at any time
2026-09-23T13:48:41.6705060Z # (Use `node --trace-warnings ...` to show where the warning was created)
2026-09-23T13:48:42.5840850Z # Subtest: an API observation cannot display an admission whose outer transaction rolled back
2026-09-23T13:48:42.5942070Z ok 38 - an API observation cannot display an admission whose outer transaction rolled back
2026-09-23T13:48:42.5944080Z   ---
2026-09-23T13:48:42.5944880Z   duration_ms: 457.546
2026-09-23T13:48:42.5945570Z   type: 'test'
2026-09-23T13:48:42.5946190Z   ...
2026-09-23T13:48:43.1180180Z # Subtest: a historical delete and its accepted context recover together after lost commit response and real cache removal
2026-09-23T13:48:43.1184070Z ok 39 - a historical delete and its accepted context recover together after lost commit response and real cache removal
2026-09-23T13:48:43.1185550Z   ---
2026-09-23T13:48:43.1186200Z   duration_ms: 805.635084
2026-09-23T13:48:43.1186900Z   type: 'test'
2026-09-23T13:48:43.1187360Z   ...
2026-09-23T13:48:43.5253230Z # Subtest: failure to reserve quarantine bytes aborts the hold and locks until authenticated reconciliation succeeds
2026-09-23T13:48:43.5258060Z ok 40 - failure to reserve quarantine bytes aborts the hold and locks until authenticated reconciliation succeeds
2026-09-23T13:48:43.5258690Z   ---
2026-09-23T13:48:43.5260060Z   duration_ms: 403.302959
2026-09-23T13:48:43.5260890Z   type: 'test'
2026-09-23T13:48:43.5261160Z   ...
2026-09-23T13:48:43.7653910Z # Subtest: an unavailable quarantined blob cannot block admission of another valid group object
2026-09-23T13:48:43.7656970Z ok 41 - an unavailable quarantined blob cannot block admission of another valid group object
2026-09-23T13:48:43.7658050Z   ---
2026-09-23T13:48:43.7658660Z   duration_ms: 281.935875
2026-09-23T13:48:43.7659310Z   type: 'test'
2026-09-23T13:48:43.7659800Z   ...
2026-09-23T13:48:43.8349680Z # Subtest: authenticated history with an expiry inconsistent with its signed bundle is rejected
2026-09-23T13:48:43.8380460Z ok 42 - authenticated history with an expiry inconsistent with its signed bundle is rejected
2026-09-23T13:48:43.8384780Z   ---
2026-09-23T13:48:43.8394520Z   duration_ms: 229.889791
2026-09-23T13:48:43.8395050Z   type: 'test'
2026-09-23T13:48:43.8395350Z   ...
2026-09-23T13:48:58.2494480Z # (node:2513) ExperimentalWarning: SQLite is an experimental feature and might change at any time
2026-09-23T13:48:58.2497950Z # (Use `node --trace-warnings ...` to show where the warning was created)
2026-09-23T13:48:58.2500510Z # Subtest: an unchanged group snapshot walks its authority chain once, and a later closure still invalidates new admission
2026-09-23T13:48:58.2594530Z ok 43 - an unchanged group snapshot walks its authority chain once, and a later closure still invalidates new admission
2026-09-23T13:48:58.2595250Z   ---
2026-09-23T13:48:58.2595470Z   duration_ms: 13938.781209
2026-09-23T13:48:58.2595810Z   type: 'test'
2026-09-23T13:48:58.2596000Z   ...
2026-09-23T13:48:58.2596490Z # {"retainedObjects":32,"epochs":32,"visitedHeaders":32,"elapsedMs":147.31466600000022}
2026-09-23T13:49:04.1404110Z # Subtest: real Node receivers hold epoch content until its snapshot arrives and keep only accepted history after closure
2026-09-23T13:49:04.1407390Z ok 44 - real Node receivers hold epoch content until its snapshot arrives and keep only accepted history after closure
2026-09-23T13:49:04.1409350Z   ---
2026-09-23T13:49:04.1409930Z   duration_ms: 5628.692541
2026-09-23T13:49:04.1410730Z   type: 'test'
2026-09-23T13:49:04.1411330Z   ...
2026-09-23T13:49:06.4144810Z # (node:2868) ExperimentalWarning: SQLite is an experimental feature and might change at any time
2026-09-23T13:49:06.4145670Z # (Use `node --trace-warnings ...` to show where the warning was created)
2026-09-23T13:49:06.4166940Z # Subtest: control expiry rejects replay while the signed authority checkpoint survives
2026-09-23T13:49:06.4169160Z ok 45 - control expiry rejects replay while the signed authority checkpoint survives
2026-09-23T13:49:06.4170680Z   ---
2026-09-23T13:49:06.4171410Z   duration_ms: 45.013292
2026-09-23T13:49:06.4174460Z   type: 'test'
2026-09-23T13:49:06.4175390Z   ...
2026-09-23T13:49:06.4177040Z # Subtest: a reader may seal a creator snapshot for its exact original roster without gaining authority
2026-09-23T13:49:06.4179470Z ok 46 - a reader may seal a creator snapshot for its exact original roster without gaining authority
2026-09-23T13:49:06.4180660Z   ---
2026-09-23T13:49:06.4181110Z   duration_ms: 393.7035
2026-09-23T13:49:06.4181750Z   type: 'test'
2026-09-23T13:49:06.4182320Z   ...
2026-09-23T13:49:06.4184210Z # Subtest: removed readers receive their removal boundary but cannot enumerate future membership or request future snapshots
2026-09-23T13:49:06.4186730Z ok 47 - removed readers receive their removal boundary but cannot enumerate future membership or request future snapshots
2026-09-23T13:49:06.4188180Z   ---
2026-09-23T13:49:06.4188690Z   duration_ms: 750.299416
2026-09-23T13:49:06.4189400Z   type: 'test'
2026-09-23T13:49:06.4190000Z   ...
2026-09-23T13:49:06.4191310Z # Subtest: invitation authorizes bounded public ancestry, never a private snapshot before membership
2026-09-23T13:49:06.4193250Z ok 48 - invitation authorizes bounded public ancestry, never a private snapshot before membership
2026-09-23T13:49:06.4194380Z   ---
2026-09-23T13:49:06.4204230Z   duration_ms: 52.022708
2026-09-23T13:49:06.4204550Z   type: 'test'
2026-09-23T13:49:06.4204770Z   ...
2026-09-23T13:49:06.4205410Z # Subtest: carrier schema keeps malformed proof tails for the transactional verifier while bounding inputs
2026-09-23T13:49:06.4206260Z ok 49 - carrier schema keeps malformed proof tails for the transactional verifier while bounding inputs
2026-09-23T13:49:06.4206770Z   ---
2026-09-23T13:49:06.4207060Z   duration_ms: 437.066167
2026-09-23T13:49:06.4207360Z   type: 'test'
2026-09-23T13:49:06.4207590Z   ...
2026-09-23T13:49:06.4208170Z # Subtest: fork proofs are served together and private snapshots at the fork are not re-encrypted
2026-09-23T13:49:06.4208940Z ok 50 - fork proofs are served together and private snapshots at the fork are not re-encrypted
2026-09-23T13:49:06.4209320Z   ---
2026-09-23T13:49:06.4209580Z   duration_ms: 428.35425
2026-09-23T13:49:06.4209870Z   type: 'test'
2026-09-23T13:49:06.4210070Z   ...
2026-09-23T13:49:08.1368530Z # Subtest: newcomer validates exact join consent from signed parent header without old snapshot keys
2026-09-23T13:49:08.1381890Z ok 51 - newcomer validates exact join consent from signed parent header without old snapshot keys
2026-09-23T13:49:08.1383530Z   ---
2026-09-23T13:49:08.1384500Z   duration_ms: 66.806708
2026-09-23T13:49:08.1385930Z   type: 'test'
2026-09-23T13:49:08.1386970Z   ...
2026-09-23T13:49:08.1388790Z # Subtest: permanent group anchor has real creator signature, exact schema and separate carrier identity
2026-09-23T13:49:08.1394010Z ok 52 - permanent group anchor has real creator signature, exact schema and separate carrier identity
2026-09-23T13:49:08.1395430Z   ---
2026-09-23T13:49:08.1396220Z   duration_ms: 7.018667
2026-09-23T13:49:08.1397130Z   type: 'test'
2026-09-23T13:49:08.1397930Z   ...
2026-09-23T13:49:08.1399550Z # Subtest: invitation and signed consent do not alter roster until the creator commits the exact parent
2026-09-23T13:49:08.1438070Z ok 53 - invitation and signed consent do not alter roster until the creator commits the exact parent
2026-09-23T13:49:08.1438630Z   ---
2026-09-23T13:49:08.1438920Z   duration_ms: 32.799083
2026-09-23T13:49:08.1439250Z   type: 'test'
2026-09-23T13:49:08.1439510Z   ...
2026-09-23T13:49:08.1440140Z # Subtest: newcomer reads real new ciphertext without obtaining historical keys; removed reader cannot read new content
2026-09-23T13:49:08.1441050Z ok 54 - newcomer reads real new ciphertext without obtaining historical keys; removed reader cannot read new content
2026-09-23T13:49:08.1441540Z   ---
2026-09-23T13:49:08.1441770Z   duration_ms: 77.521916
2026-09-23T13:49:08.1442050Z   type: 'test'
2026-09-23T13:49:08.1442250Z   ...
2026-09-23T13:49:08.1444850Z # Subtest: stale, substituted, missing or extra member consents cannot commit a roster
2026-09-23T13:49:08.1445590Z ok 55 - stale, substituted, missing or extra member consents cannot commit a roster
2026-09-23T13:49:08.1445950Z   ---
2026-09-23T13:49:08.1446250Z   duration_ms: 93.474209
2026-09-23T13:49:08.1446590Z   type: 'test'
2026-09-23T13:49:08.1446850Z   ...
2026-09-23T13:49:08.1447500Z # Subtest: removal and rejoin remain restrictive across the complete path even with identical final cards
2026-09-23T13:49:08.1448370Z ok 56 - removal and rejoin remain restrictive across the complete path even with identical final cards
2026-09-23T13:49:08.1448770Z   ---
2026-09-23T13:49:08.1449020Z   duration_ms: 104.313625
2026-09-23T13:49:08.1449290Z   type: 'test'
2026-09-23T13:49:08.1449510Z   ...
2026-09-23T13:49:08.1450110Z # Subtest: creator reading-card replacement preserves signing authority but requires fresh signed consent
2026-09-23T13:49:08.1451100Z ok 57 - creator reading-card replacement preserves signing authority but requires fresh signed consent
2026-09-23T13:49:08.1451560Z   ---
2026-09-23T13:49:08.1451810Z   duration_ms: 67.6595
2026-09-23T13:49:08.1452030Z   type: 'test'
2026-09-23T13:49:08.1452260Z   ...
2026-09-23T13:49:08.1452820Z # Subtest: signed schema tampering, roster duplication, invalid order and snapshot substitution fail
2026-09-23T13:49:08.1454100Z ok 58 - signed schema tampering, roster duplication, invalid order and snapshot substitution fail
2026-09-23T13:49:08.1454580Z   ---
2026-09-23T13:49:08.1454830Z   duration_ms: 35.596042
2026-09-23T13:49:08.1455150Z   type: 'test'
2026-09-23T13:49:08.1455380Z   ...
2026-09-23T13:49:08.1455850Z # Subtest: closure preserves the committed historical state and reserves the final epoch
2026-09-23T13:49:08.1456620Z ok 59 - closure preserves the committed historical state and reserves the final epoch
2026-09-23T13:49:08.1457180Z   ---
2026-09-23T13:49:08.1457440Z   duration_ms: 71.999
2026-09-23T13:49:08.1457720Z   type: 'test'
2026-09-23T13:49:08.1457980Z   ...
2026-09-23T13:49:08.1458520Z # Subtest: a valid creator fork cannot masquerade as a contiguous successor or grant reader authority
2026-09-23T13:49:08.1459300Z ok 60 - a valid creator fork cannot masquerade as a contiguous successor or grant reader authority
2026-09-23T13:49:08.1459770Z   ---
2026-09-23T13:49:08.1460010Z   duration_ms: 65.688667
2026-09-23T13:49:08.1460340Z   type: 'test'
2026-09-23T13:49:08.1460600Z   ...
2026-09-23T13:49:08.1461130Z # Subtest: full 64-member roster is bounded; capacity and title failures do not mutate its parent
2026-09-23T13:49:08.1461930Z ok 61 - full 64-member roster is bounded; capacity and title failures do not mutate its parent
2026-09-23T13:49:08.1462370Z   ---
2026-09-23T13:49:08.1462590Z   duration_ms: 846.28625
2026-09-23T13:49:08.1462900Z   type: 'test'
2026-09-23T13:49:08.1463160Z   ...
2026-09-23T13:49:08.1463710Z # Subtest: member leave is a signed request with no direct roster effect and cannot replace creator closure
2026-09-23T13:49:08.1464700Z ok 62 - member leave is a signed request with no direct roster effect and cannot replace creator closure
2026-09-23T13:49:08.1465150Z   ---
2026-09-23T13:49:08.1465360Z   duration_ms: 46.252292
2026-09-23T13:49:08.1465670Z   type: 'test'
2026-09-23T13:49:08.1465950Z   ...
2026-09-23T13:49:08.5623410Z # (node:2876) ExperimentalWarning: SQLite is an experimental feature and might change at any time
2026-09-23T13:49:08.5624330Z # (Use `node --trace-warnings ...` to show where the warning was created)
2026-09-23T13:49:13.4199640Z # Subtest: group confirmation rollback cannot transmit before successful admission
2026-09-23T13:49:13.4202450Z ok 63 - group confirmation rollback cannot transmit before successful admission
2026-09-23T13:49:13.4203410Z   ---
2026-09-23T13:49:13.4204030Z   duration_ms: 4863.579458
2026-09-23T13:49:13.4204740Z   type: 'test'
2026-09-23T13:49:13.4205240Z   ...
2026-09-23T13:49:17.9939070Z # Subtest: group confirmation lost commit response cannot transmit before successful admission
2026-09-23T13:49:17.9952130Z ok 64 - group confirmation lost commit response cannot transmit before successful admission
2026-09-23T13:49:17.9954230Z   ---
2026-09-23T13:49:17.9954580Z   duration_ms: 4573.2275
2026-09-23T13:49:17.9954880Z   type: 'test'
2026-09-23T13:49:17.9955160Z   ...
2026-09-23T13:49:22.7741880Z # Subtest: blocked readers and missing original bytes cannot mint a group read fact
2026-09-23T13:49:22.7846250Z ok 65 - blocked readers and missing original bytes cannot mint a group read fact
2026-09-23T13:49:22.7919910Z   ---
2026-09-23T13:49:22.7999540Z   duration_ms: 4777.614792
2026-09-23T13:49:22.8026800Z   type: 'test'
2026-09-23T13:49:22.8045720Z   ...
2026-09-23T13:49:28.4649110Z # Subtest: missing historical group proof pauses confirmation until verified proof is restored
2026-09-23T13:49:28.4719030Z ok 66 - missing historical group proof pauses confirmation until verified proof is restored
2026-09-23T13:49:28.4821550Z   ---
2026-09-23T13:49:28.4945890Z   duration_ms: 5683.25725
2026-09-23T13:49:28.5048740Z   type: 'test'
2026-09-23T13:49:28.5149400Z   ...
2026-09-23T13:49:35.6870240Z # Subtest: real Node group automatic delivery and historical read after closure retain original audience
2026-09-23T13:49:35.6973630Z ok 67 - real Node group automatic delivery and historical read after closure retain original audience
2026-09-23T13:49:35.7082090Z   ---
2026-09-23T13:49:35.7183320Z   duration_ms: 6894.976125
2026-09-23T13:49:35.7290310Z   type: 'test'
2026-09-23T13:49:35.7392150Z   ...
2026-09-23T13:49:37.3592450Z # Subtest: opaque Node relay rejects public, oversized and excessive-lifetime controls before storage and forwarding
2026-09-23T13:49:37.3694990Z ok 68 - opaque Node relay rejects public, oversized and excessive-lifetime controls before storage and forwarding
2026-09-23T13:49:37.3795830Z   ---
2026-09-23T13:49:37.3898650Z   duration_ms: 1379.36725
2026-09-23T13:49:37.3998640Z   type: 'test'
2026-09-23T13:49:37.4100930Z   ...
2026-09-23T13:49:40.7036180Z # (node:3484) ExperimentalWarning: SQLite is an experimental feature and might change at any time
2026-09-23T13:49:40.7038160Z # (Use `node --trace-warnings ...` to show where the warning was created)
2026-09-23T13:49:40.7048270Z # Subtest: proof no-op optimisation still checks recipient scope, snapshot bytes and local participation
2026-09-23T13:49:40.7049410Z ok 69 - proof no-op optimisation still checks recipient scope, snapshot bytes and local participation
2026-09-23T13:49:40.7050070Z   ---
2026-09-23T13:49:40.7050540Z   duration_ms: 504.428
2026-09-23T13:49:40.7051020Z   type: 'test'
2026-09-23T13:49:40.7051370Z   ...
2026-09-23T13:49:40.7052270Z # Subtest: verified cached proof replay avoids authority reapplication but still adopts a new safety header before a bad snapshot
2026-09-23T13:49:40.7053610Z ok 70 - verified cached proof replay avoids authority reapplication but still adopts a new safety header before a bad snapshot
2026-09-23T13:49:40.7054630Z   ---
2026-09-23T13:49:40.7055330Z   duration_ms: 2416.698583
2026-09-23T13:49:40.7055810Z   type: 'test'
2026-09-23T13:49:40.7057310Z   ...
2026-09-23T13:49:40.7058370Z # {"replayed":11,"applications":0,"unlockMs":620.7212079999999}
2026-09-23T13:49:41.0930320Z # (node:3491) ExperimentalWarning: SQLite is an experimental feature and might change at any time
2026-09-23T13:49:41.1032110Z # (Use `node --trace-warnings ...` to show where the warning was created)
2026-09-23T13:49:46.0250430Z # Subtest: group event admission rollback cannot release bytes early
2026-09-23T13:49:46.0353210Z ok 71 - group event admission rollback cannot release bytes early
2026-09-23T13:49:46.0454770Z   ---
2026-09-23T13:49:46.0556490Z   duration_ms: 4932.545417
2026-09-23T13:49:46.0657840Z   type: 'test'
2026-09-23T13:49:46.0759680Z   ...
2026-09-23T13:49:51.3010180Z # Subtest: group event admission lost response cannot release bytes early
2026-09-23T13:49:51.3113890Z ok 72 - group event admission lost response cannot release bytes early
2026-09-23T13:49:51.3215820Z   ---
2026-09-23T13:49:51.3317250Z   duration_ms: 5270.099625
2026-09-23T13:49:51.3418930Z   type: 'test'
2026-09-23T13:49:51.3541780Z   ...
2026-09-23T13:49:56.0874180Z # Subtest: group event content-store failure before payload write preserves honest availability
2026-09-23T13:49:56.0875510Z ok 73 - group event content-store failure before payload write preserves honest availability
2026-09-23T13:49:56.0876130Z   ---
2026-09-23T13:49:56.0876340Z   duration_ms: 4798.686917
2026-09-23T13:49:56.0876610Z   type: 'test'
2026-09-23T13:49:56.0877480Z   ...
2026-09-23T13:50:01.3238240Z # Subtest: group event content-store failure after payload write preserves honest availability
2026-09-23T13:50:01.3244650Z ok 74 - group event content-store failure after payload write preserves honest availability
2026-09-23T13:50:01.3245880Z   ---
2026-09-23T13:50:01.3246430Z   duration_ms: 5231.180083
2026-09-23T13:50:01.3247000Z   type: 'test'
2026-09-23T13:50:01.3247480Z   ...
2026-09-23T13:50:06.8624060Z # Subtest: group event close retires retained packets and refuses later serving with a reachable control
2026-09-23T13:50:06.8625520Z ok 75 - group event close retires retained packets and refuses later serving with a reachable control
2026-09-23T13:50:06.8625950Z   ---
2026-09-23T13:50:06.8626210Z   duration_ms: 5540.313084
2026-09-23T13:50:06.8626770Z   type: 'test'
2026-09-23T13:50:06.8764350Z   ...
2026-09-23T13:50:11.2706110Z # Subtest: group event block retires retained packets and refuses later serving with a reachable control
2026-09-23T13:50:11.2708880Z ok 76 - group event block retires retained packets and refuses later serving with a reachable control
2026-09-23T13:50:11.2709390Z   ---
2026-09-23T13:50:11.2709900Z   duration_ms: 4406.806125
2026-09-23T13:50:11.2710290Z   type: 'test'
2026-09-23T13:50:11.2710600Z   ...
2026-09-23T13:50:15.5168720Z # Subtest: group event lock retires retained packets and refuses later serving with a reachable control
2026-09-23T13:50:15.5170060Z ok 77 - group event lock retires retained packets and refuses later serving with a reachable control
2026-09-23T13:50:15.5170540Z   ---
2026-09-23T13:50:15.5171000Z   duration_ms: 4246.812625
2026-09-23T13:50:15.5171320Z   type: 'test'
2026-09-23T13:50:15.5171540Z   ...
2026-09-23T13:50:20.3758050Z # Subtest: group event evicted retires retained packets and refuses later serving with a reachable control
2026-09-23T13:50:20.3859770Z ok 78 - group event evicted retires retained packets and refuses later serving with a reachable control
2026-09-23T13:50:20.3960410Z   ---
2026-09-23T13:50:20.4027660Z   duration_ms: 4860.334792
2026-09-23T13:50:20.4028350Z   type: 'test'
2026-09-23T13:50:20.4044210Z   ...
2026-09-23T13:50:25.4925330Z # Subtest: missing historical target proof pauses new event publication and seeding until exact proof returns
2026-09-23T13:50:25.4946740Z ok 79 - missing historical target proof pauses new event publication and seeding until exact proof returns
2026-09-23T13:50:25.4947730Z   ---
2026-09-23T13:50:25.4948240Z   duration_ms: 5113.953291
2026-09-23T13:50:25.4948720Z   type: 'test'
2026-09-23T13:50:25.4949370Z   ...
2026-09-23T13:50:30.6550580Z # Subtest: corrupt stored event cannot authorise a valid retained packet; exact bytes restore serving
2026-09-23T13:50:30.6575350Z ok 80 - corrupt stored event cannot authorise a valid retained packet; exact bytes restore serving
2026-09-23T13:50:30.6596890Z   ---
2026-09-23T13:50:30.6673620Z   duration_ms: 5167.543625
2026-09-23T13:50:30.6732230Z   type: 'test'
2026-09-23T13:50:30.6829500Z   ...
2026-09-23T13:50:56.9479520Z # Subtest: real Node group newcomer cannot read earlier audiences; peer serves author's edit while author is offline
2026-09-23T13:50:56.9485220Z ok 81 - real Node group newcomer cannot read earlier audiences; peer serves author's edit while author is offline
2026-09-23T13:50:56.9487540Z   ---
2026-09-23T13:50:56.9488960Z   duration_ms: 26086.453875
2026-09-23T13:50:56.9490540Z   type: 'test'
2026-09-23T13:50:56.9492480Z   ...
2026-09-23T13:51:07.1841290Z # Subtest: real Node group reactions/comments/author edits and historical deletion preserve signing ownership
2026-09-23T13:51:07.1851830Z ok 82 - real Node group reactions/comments/author edits and historical deletion preserve signing ownership
2026-09-23T13:51:07.1856430Z   ---
2026-09-23T13:51:07.1856950Z   duration_ms: 9951.325583
2026-09-23T13:51:07.1860520Z   type: 'test'
2026-09-23T13:51:07.1861260Z   ...
2026-09-23T13:51:11.5449750Z # (node:5408) ExperimentalWarning: SQLite is an experimental feature and might change at any time
2026-09-23T13:51:11.5452500Z # (Use `node --trace-warnings ...` to show where the warning was created)
2026-09-23T13:51:11.5456310Z # Subtest: an index consuming stop headroom is refused without changing existing data
2026-09-23T13:51:11.5479160Z ok 83 - an index consuming stop headroom is refused without changing existing data
2026-09-23T13:51:11.5480070Z   ---
2026-09-23T13:51:11.5480530Z   duration_ms: 1103.818916
2026-09-23T13:51:11.5480910Z   type: 'test'
2026-09-23T13:51:11.5481260Z   ...
2026-09-23T13:51:11.5482130Z # Subtest: ordinary index growth stops before the protected checkpoint allocation is consumed
2026-09-23T13:51:11.5483070Z ok 84 - ordinary index growth stops before the protected checkpoint allocation is consumed
2026-09-23T13:51:11.5483690Z   ---
2026-09-23T13:51:11.5484120Z   duration_ms: 2992.244834
2026-09-23T13:51:11.5484460Z   type: 'test'
2026-09-23T13:51:11.5496220Z   ...
2026-09-23T13:51:15.7122400Z # (node:5424) ExperimentalWarning: SQLite is an experimental feature and might change at any time
2026-09-23T13:51:15.7123170Z # (Use `node --trace-warnings ...` to show where the warning was created)
2026-09-23T13:51:15.7133740Z # Subtest: stop reads share one validated snapshot but invalidate on mutation and scope exit
2026-09-23T13:51:15.7134710Z ok 85 - stop reads share one validated snapshot but invalidate on mutation and scope exit
2026-09-23T13:51:15.7135170Z   ---
2026-09-23T13:51:15.7135840Z   duration_ms: 96.2425
2026-09-23T13:51:15.7136450Z   type: 'test'
2026-09-23T13:51:15.7138030Z   ...
2026-09-23T13:51:15.7140130Z # Subtest: all256 immutable stops fit; retirement preserves retained facts and counts only removed records
2026-09-23T13:51:15.7141320Z ok 86 - all256 immutable stops fit; retirement preserves retained facts and counts only removed records
2026-09-23T13:51:15.7141980Z   ---
2026-09-23T13:51:15.7142760Z   duration_ms: 3845.003333
2026-09-23T13:51:15.7143300Z   type: 'test'
2026-09-23T13:51:15.7143870Z   ...
2026-09-23T13:51:15.7144570Z # Subtest: expired holds have counted removal and malformed counters cannot be used as valid state
2026-09-23T13:51:15.7145690Z ok 87 - expired holds have counted removal and malformed counters cannot be used as valid state
2026-09-23T13:51:15.7146300Z   ---
2026-09-23T13:51:15.7146590Z   duration_ms: 14.240833
2026-09-23T13:51:15.7147200Z   type: 'test'
2026-09-23T13:51:15.7148100Z   ...
2026-09-23T13:51:54.1315050Z # (node:5629) ExperimentalWarning: SQLite is an experimental feature and might change at any time
2026-09-23T13:51:54.1418170Z # (Use `node --trace-warnings ...` to show where the warning was created)
2026-09-23T13:51:54.1530980Z # Subtest: accepted history is authenticated and unknown old content stays separately held after removal
2026-09-23T13:51:54.1633940Z ok 88 - accepted history is authenticated and unknown old content stays separately held after removal
2026-09-23T13:51:54.1670890Z   ---
2026-09-23T13:51:54.1673080Z   duration_ms: 794.114
2026-09-23T13:51:54.1679990Z   type: 'test'
2026-09-23T13:51:54.1683300Z   ...
2026-09-23T13:51:54.1710470Z # Subtest: group closure and immutable outbox stop commit together and callback failure rolls both back
2026-09-23T13:51:54.1711560Z ok 89 - group closure and immutable outbox stop commit together and callback failure rolls both back
2026-09-23T13:51:54.1712250Z   ---
2026-09-23T13:51:54.1712700Z   duration_ms: 130.659833
2026-09-23T13:51:54.1713190Z   type: 'test'
2026-09-23T13:51:54.1713670Z   ...
2026-09-23T13:51:54.1714440Z # Subtest: historical receipt uses only a locally persisted accepted target, never an ID supplied by its sender
2026-09-23T13:51:54.1720150Z ok 90 - historical receipt uses only a locally persisted accepted target, never an ID supplied by its sender
2026-09-23T13:51:54.1720860Z   ---
2026-09-23T13:51:54.1721190Z   duration_ms: 467.178584
2026-09-23T13:51:54.1721480Z   type: 'test'
2026-09-23T13:51:54.1721930Z   ...
2026-09-23T13:51:54.1722660Z # Subtest: missing observation clock or malformed authenticated context cannot grant historical access
2026-09-23T13:51:54.1723460Z ok 91 - missing observation clock or malformed authenticated context cannot grant historical access
2026-09-23T13:51:54.1723940Z   ---
2026-09-23T13:51:54.1724220Z   duration_ms: 33.880208
2026-09-23T13:51:54.1724540Z   type: 'test'
2026-09-23T13:51:54.1724870Z   ...
2026-09-23T13:51:54.1725420Z # Subtest: quarantine byte quota uses actual signed ciphertext sizes and refuses overflow
2026-09-23T13:51:54.1726080Z ok 92 - quarantine byte quota uses actual signed ciphertext sizes and refuses overflow
2026-09-23T13:51:54.1726520Z   ---
2026-09-23T13:51:54.1726810Z   duration_ms: 822.315125
2026-09-23T13:51:54.1727280Z   type: 'test'
2026-09-23T13:51:54.1727640Z   ...
2026-09-23T13:51:54.1728290Z # Subtest: minimal outbox stop survives exhausted ordinary space without rewriting private content
2026-09-23T13:51:54.1729040Z ok 93 - minimal outbox stop survives exhausted ordinary space without rewriting private content
2026-09-23T13:51:54.1731010Z   ---
2026-09-23T13:51:54.1731310Z   duration_ms: 63.741583
2026-09-23T13:51:54.1731560Z   type: 'test'
2026-09-23T13:51:54.1731810Z   ...
2026-09-23T13:51:54.1732550Z # Subtest: ledger readers cannot escape the borrowed scope, even when every collection is empty
2026-09-23T13:51:54.1733480Z ok 94 - ledger readers cannot escape the borrowed scope, even when every collection is empty
2026-09-23T13:51:54.1735030Z   ---
2026-09-23T13:51:54.1735340Z   duration_ms: 5.499083
2026-09-23T13:51:54.1735620Z   type: 'test'
2026-09-23T13:51:54.1735930Z   ...
2026-09-23T13:51:54.1736490Z # Subtest: the authority reserve also accommodates every retained outbox stop
2026-09-23T13:51:54.1737120Z ok 95 - the authority reserve also accommodates every retained outbox stop
2026-09-23T13:51:54.1737510Z   ---
2026-09-23T13:51:54.1737810Z   duration_ms: 122.316459
2026-09-23T13:51:54.1738140Z   type: 'test'
2026-09-23T13:51:54.1738390Z   ...
2026-09-23T13:51:54.1738850Z # Subtest: quarantine count remains bounded and replay does not consume another slot
2026-09-23T13:51:54.1739560Z ok 96 - quarantine count remains bounded and replay does not consume another slot
2026-09-23T13:51:54.1740010Z   ---
2026-09-23T13:51:54.1740260Z   duration_ms: 1054.862959
2026-09-23T13:51:54.1740600Z   type: 'test'
2026-09-23T13:51:54.1740870Z   ...
2026-09-23T13:51:54.1741780Z # Subtest: full4096 history respects protected records and retains the exact accepted count on retirement
2026-09-23T13:51:54.1742790Z ok 97 - full4096 history respects protected records and retains the exact accepted count on retirement
2026-09-23T13:51:54.1743300Z   ---
2026-09-23T13:51:54.1743530Z   duration_ms: 34684.608958
2026-09-23T13:51:54.1743880Z   type: 'test'
2026-09-23T13:51:54.1744190Z   ...
2026-09-23T13:52:15.8293970Z # Subtest: Node invitation API retains exact delivery material, bounds pending notices and preserves closure
2026-09-23T13:52:15.8402940Z ok 98 - Node invitation API retains exact delivery material, bounds pending notices and preserves closure
2026-09-23T13:52:15.8504830Z   ---
2026-09-23T13:52:15.8605200Z   duration_ms: 21447.082667
2026-09-23T13:52:15.8706080Z   type: 'test'
2026-09-23T13:52:15.8806640Z   ...
2026-09-23T13:52:18.4177010Z # Subtest: real Node notices deliver invitation, explicit consent and leave without automatic group admission
2026-09-23T13:52:18.4179190Z ok 99 - real Node notices deliver invitation, explicit consent and leave without automatic group admission
2026-09-23T13:52:18.4184460Z   ---
2026-09-23T13:52:18.4185200Z   duration_ms: 2371.783791
2026-09-23T13:52:18.4185650Z   type: 'test'
2026-09-23T13:52:18.4185940Z   ...
2026-09-23T13:52:18.6757940Z # (node:7062) ExperimentalWarning: SQLite is an experimental feature and might change at any time
2026-09-23T13:52:18.6819750Z # (Use `node --trace-warnings ...` to show where the warning was created)
2026-09-23T13:52:24.3592020Z # Subtest: Node replays notice safety headers before sending, blocked source=false
2026-09-23T13:52:24.3694160Z ok 100 - Node replays notice safety headers before sending, blocked source=false
2026-09-23T13:52:24.3795560Z   ---
2026-09-23T13:52:24.3896620Z   duration_ms: 5681.813458
2026-09-23T13:52:24.3978090Z   type: 'test'
2026-09-23T13:52:24.3979810Z   ...
2026-09-23T13:52:29.1146830Z # Subtest: Node replays notice safety headers before sending, blocked source=true
2026-09-23T13:52:29.1147780Z ok 101 - Node replays notice safety headers before sending, blocked source=true
2026-09-23T13:52:29.1148550Z   ---
2026-09-23T13:52:29.1154020Z   duration_ms: 4761.826625
2026-09-23T13:52:29.1156400Z   type: 'test'
2026-09-23T13:52:29.1157050Z   ...
2026-09-23T13:52:29.3219210Z # (node:7410) ExperimentalWarning: SQLite is an experimental feature and might change at any time
2026-09-23T13:52:29.3321790Z # (Use `node --trace-warnings ...` to show where the warning was created)
2026-09-23T13:52:33.2702300Z # Subtest: opaque Node seeder delivers invitation and consent after each original author stops
2026-09-23T13:52:33.2725400Z ok 102 - opaque Node seeder delivers invitation and consent after each original author stops
2026-09-23T13:52:33.2734600Z   ---
2026-09-23T13:52:33.2738350Z   duration_ms: 3953.414083
2026-09-23T13:52:33.2738740Z   type: 'test'
2026-09-23T13:52:33.2739020Z   ...
2026-09-23T13:52:41.3933840Z # (node:7665) ExperimentalWarning: SQLite is an experimental feature and might change at any time
2026-09-23T13:52:41.3934890Z # (Use `node --trace-warnings ...` to show where the warning was created)
2026-09-23T13:52:41.3949190Z # Subtest: private notices bind invitation, consent and leave without conferring signing ownership or local admission
2026-09-23T13:52:41.3950300Z ok 103 - private notices bind invitation, consent and leave without conferring signing ownership or local admission
2026-09-23T13:52:41.3950960Z   ---
2026-09-23T13:52:41.3951410Z   duration_ms: 639.55075
2026-09-23T13:52:41.3951760Z   type: 'test'
2026-09-23T13:52:41.3952270Z   ...
2026-09-23T13:52:41.3953270Z # Subtest: invitation result and exact delivery card commit together and survive reopening encrypted SQLite
2026-09-23T13:52:41.3954440Z ok 104 - invitation result and exact delivery card commit together and survive reopening encrypted SQLite
2026-09-23T13:52:41.3957660Z   ---
2026-09-23T13:52:41.3958080Z   duration_ms: 108.913375
2026-09-23T13:52:41.3958470Z   type: 'test'
2026-09-23T13:52:41.3958830Z   ...
2026-09-23T13:52:41.3959620Z # Subtest: issuer quota, duplicate reads and dismissal replay memory stay bounded without changing group state
2026-09-23T13:52:41.3960630Z ok 105 - issuer quota, duplicate reads and dismissal replay memory stay bounded without changing group state
2026-09-23T13:52:41.3961490Z   ---
2026-09-23T13:52:41.3961920Z   duration_ms: 421.561791
2026-09-23T13:52:41.3962400Z   type: 'test'
2026-09-23T13:52:41.3962990Z   ...
2026-09-23T13:52:41.3963580Z # Subtest: finite notice history retires oldest entries without making a replay local consent
2026-09-23T13:52:41.3964410Z ok 106 - finite notice history retires oldest entries without making a replay local consent
2026-09-23T13:52:41.3966910Z   ---
2026-09-23T13:52:41.3967450Z   duration_ms: 6700.466042
2026-09-23T13:52:41.3967860Z   type: 'test'
2026-09-23T13:52:41.3968200Z   ...
2026-09-23T13:52:41.3968850Z # Subtest: authenticated malformed notice metadata aborts the outer transaction even if its error is caught
2026-09-23T13:52:41.3969780Z ok 107 - authenticated malformed notice metadata aborts the outer transaction even if its error is caught
2026-09-23T13:52:41.3971580Z   ---
2026-09-23T13:52:41.3971900Z   duration_ms: 52.378833
2026-09-23T13:52:41.3972320Z   type: 'test'
2026-09-23T13:52:41.3973310Z   ...
2026-09-23T13:52:41.3979920Z # Subtest: failed dismissal cannot lose an invitation when the caller swallows the write error
2026-09-23T13:52:41.3980790Z ok 108 - failed dismissal cannot lose an invitation when the caller swallows the write error
2026-09-23T13:52:41.3981180Z   ---
2026-09-23T13:52:41.3981430Z   duration_ms: 42.42175
2026-09-23T13:52:41.3981820Z   type: 'test'
2026-09-23T13:52:41.3982050Z   ...
2026-09-23T13:52:52.5885350Z # (node:7838) ExperimentalWarning: SQLite is an experimental feature and might change at any time
2026-09-23T13:52:52.5992490Z # (Use `node --trace-warnings ...` to show where the warning was created)
2026-09-23T13:52:52.6095490Z # Subtest: missing private proof pauses a valid reserved send without losing availability, then releases its obsolete hold
2026-09-23T13:52:52.6198860Z ok 109 - missing private proof pauses a valid reserved send without losing availability, then releases its obsolete hold
2026-09-23T13:52:52.6302860Z   ---
2026-09-23T13:52:52.6407650Z   duration_ms: 1323.75575
2026-09-23T13:52:52.6530370Z   type: 'test'
2026-09-23T13:52:52.6635200Z   ...
2026-09-23T13:52:52.6746860Z # Subtest: runtime closure persists the minimal stop without rewriting the private document and releases only automatic protection
2026-09-23T13:52:52.6862990Z ok 110 - runtime closure persists the minimal stop without rewriting the private document and releases only automatic protection
2026-09-23T13:52:52.7048340Z   ---
2026-09-23T13:52:52.7048630Z   duration_ms: 1215.73875
2026-09-23T13:52:52.7048990Z   type: 'test'
2026-09-23T13:52:52.7049270Z   ...
2026-09-23T13:52:52.7049790Z # Subtest: runtime group stop and closure recover together after rollback
2026-09-23T13:52:52.7051700Z ok 111 - runtime group stop and closure recover together after rollback
2026-09-23T13:52:52.7053170Z   ---
2026-09-23T13:52:52.7053770Z   duration_ms: 736.382875
2026-09-23T13:52:52.7054670Z   type: 'test'
2026-09-23T13:52:52.7055340Z   ...
2026-09-23T13:52:52.7056620Z # Subtest: runtime group stop and closure recover together after lost commit response
2026-09-23T13:52:52.7059130Z ok 112 - runtime group stop and closure recover together after lost commit response
2026-09-23T13:52:52.7060660Z   ---
2026-09-23T13:52:52.7061210Z   duration_ms: 593.367375
2026-09-23T13:52:52.7062470Z   type: 'test'
2026-09-23T13:52:52.7063370Z   ...
2026-09-23T13:52:52.7064200Z # Subtest: full normal database quota still commits a group stop while the ordinary growth control fails
2026-09-23T13:52:52.7066100Z ok 113 - full normal database quota still commits a group stop while the ordinary growth control fails
2026-09-23T13:52:52.7068030Z   ---
2026-09-23T13:52:52.7068710Z   duration_ms: 2049.169291
2026-09-23T13:52:52.7069740Z   type: 'test'
2026-09-23T13:52:52.7070140Z   ...
2026-09-23T13:52:52.7071770Z # Subtest: forged stop mirror, mismatched binding and orphan stop all fail authenticated reopening
2026-09-23T13:52:52.7072920Z     # Subtest: mirror
2026-09-23T13:52:52.7073640Z     ok 1 - mirror
2026-09-23T13:52:52.7074240Z       ---
2026-09-23T13:52:52.7075060Z       duration_ms: 631.996167
2026-09-23T13:52:52.7076440Z       type: 'test'
2026-09-23T13:52:52.7077500Z       ...
2026-09-23T13:52:52.7078420Z     # Subtest: binding
2026-09-23T13:52:52.7078780Z     ok 2 - binding
2026-09-23T13:52:52.7079560Z       ---
2026-09-23T13:52:52.7081290Z       duration_ms: 653.369375
2026-09-23T13:52:52.7081760Z       type: 'test'
2026-09-23T13:52:52.7084500Z       ...
2026-09-23T13:52:52.7086130Z     # Subtest: orphan
2026-09-23T13:52:52.7086840Z     ok 3 - orphan
2026-09-23T13:52:52.7087520Z       ---
2026-09-23T13:52:52.7088210Z       duration_ms: 639.552
2026-09-23T13:52:52.7089830Z       type: 'test'
2026-09-23T13:52:52.7090430Z       ...
2026-09-23T13:52:52.7091210Z     1..3
2026-09-23T13:52:52.7092890Z ok 114 - forged stop mirror, mismatched binding and orphan stop all fail authenticated reopening
2026-09-23T13:52:52.7093510Z   ---
2026-09-23T13:52:52.7094330Z   duration_ms: 1925.643042
2026-09-23T13:52:52.7094920Z   type: 'test'
2026-09-23T13:52:52.7095410Z   ...
2026-09-23T13:52:52.7111580Z # Subtest: bounded stopped entries coexist with 128 new pending operations; half bindings and extra fields fail
2026-09-23T13:52:52.7115470Z ok 115 - bounded stopped entries coexist with 128 new pending operations; half bindings and extra fields fail
2026-09-23T13:52:52.7116700Z   ---
2026-09-23T13:52:52.7117380Z   duration_ms: 538.420042
2026-09-23T13:52:52.7117870Z   type: 'test'
2026-09-23T13:52:52.7119100Z   ...
2026-09-23T13:52:52.7124060Z # Subtest: a restrictive prefix with an invalid tail stops the runtime intent in its accepted transaction
2026-09-23T13:52:52.7126580Z ok 116 - a restrictive prefix with an invalid tail stops the runtime intent in its accepted transaction
2026-09-23T13:52:52.7127860Z   ---
2026-09-23T13:52:52.7129250Z   duration_ms: 625.461791
2026-09-23T13:52:52.7130220Z   type: 'test'
2026-09-23T13:52:52.7131450Z   ...
2026-09-23T13:52:52.7132600Z # Subtest: stop retirement and removal of the corresponding intent share a private commit
2026-09-23T13:52:52.7133530Z ok 117 - stop retirement and removal of the corresponding intent share a private commit
2026-09-23T13:52:52.7134940Z   ---
2026-09-23T13:52:52.7135940Z   duration_ms: 992.861917
2026-09-23T13:52:52.7136510Z   type: 'test'
2026-09-23T13:52:52.7137300Z   ...
2026-09-23T13:52:53.7242290Z # Subtest: runtime stop cancels its existing transport queue
2026-09-23T13:52:53.7245040Z ok 118 - runtime stop cancels its existing transport queue
2026-09-23T13:52:53.7245940Z   ---
2026-09-23T13:52:53.7246570Z   duration_ms: 1371.435833
2026-09-23T13:52:53.7247270Z   type: 'test'
2026-09-23T13:52:53.7248080Z   ...
2026-09-23T13:52:54.9608060Z # Subtest: runtime negative control delivers its existing transport queue
2026-09-23T13:52:54.9608880Z ok 119 - runtime negative control delivers its existing transport queue
2026-09-23T13:52:54.9609370Z   ---
2026-09-23T13:52:54.9609650Z   duration_ms: 1165.231625
2026-09-23T13:52:54.9610180Z   type: 'test'
2026-09-23T13:52:54.9610450Z   ...
2026-09-23T13:52:56.6984110Z # Subtest: real TCP cache request checks active author authority even after delivery completed
2026-09-23T13:52:56.6985800Z ok 120 - real TCP cache request checks active author authority even after delivery completed
2026-09-23T13:52:56.6986320Z   ---
2026-09-23T13:52:56.6986640Z   duration_ms: 1695.940708
2026-09-23T13:52:56.6986990Z   type: 'test'
2026-09-23T13:52:56.6987190Z   ...
2026-09-23T13:52:58.2586370Z # Subtest: real TCP cache request checks closed author authority even after delivery completed
2026-09-23T13:52:58.2599810Z ok 121 - real TCP cache request checks closed author authority even after delivery completed
2026-09-23T13:52:58.2600480Z   ---
2026-09-23T13:52:58.2602170Z   duration_ms: 1647.894917
2026-09-23T13:52:58.2602580Z   type: 'test'
2026-09-23T13:52:58.2602850Z   ...
2026-09-23T13:52:58.8556200Z # Subtest: real TCP cache request checks locked author authority even after delivery completed
2026-09-23T13:52:58.8557380Z ok 122 - real TCP cache request checks locked author authority even after delivery completed
2026-09-23T13:52:58.8558190Z   ---
2026-09-23T13:52:58.8558470Z   duration_ms: 1279.164541
2026-09-23T13:52:58.8560230Z   type: 'test'
2026-09-23T13:52:58.8560490Z   ...
2026-09-23T13:52:59.4280950Z # (node:8359) ExperimentalWarning: SQLite is an experimental feature and might change at any time
2026-09-23T13:52:59.4282010Z # (Use `node --trace-warnings ...` to show where the warning was created)
2026-09-23T13:52:59.4292750Z # Subtest: repeated authority reads share verified checkpoint work only inside an unchanged transaction
2026-09-23T13:52:59.4300570Z ok 123 - repeated authority reads share verified checkpoint work only inside an unchanged transaction
2026-09-23T13:52:59.4301320Z   ---
2026-09-23T13:52:59.4302120Z   duration_ms: 47.393833
2026-09-23T13:52:59.4302480Z   type: 'test'
2026-09-23T13:52:59.4302810Z   ...
2026-09-23T13:52:59.4303380Z # Subtest: a write after a cached read revalidates corruption and aborts the outer transaction
2026-09-23T13:52:59.4307940Z ok 124 - a write after a cached read revalidates corruption and aborts the outer transaction
2026-09-23T13:52:59.4308640Z   ---
2026-09-23T13:52:59.4308930Z   duration_ms: 32.564333
2026-09-23T13:52:59.4309270Z   type: 'test'
2026-09-23T13:52:59.4309550Z   ...
2026-09-23T13:52:59.4310080Z # Subtest: a closure in the same authority scope invalidates an earlier active view
2026-09-23T13:52:59.4310910Z ok 125 - a closure in the same authority scope invalidates an earlier active view
2026-09-23T13:52:59.4311420Z   ---
2026-09-23T13:52:59.4311720Z   duration_ms: 85.4205
2026-09-23T13:52:59.4312060Z   type: 'test'
2026-09-23T13:52:59.4312340Z   ...
2026-09-23T13:52:59.4312810Z # Subtest: a cached checkpoint cannot hide deletion of its referenced epoch: proof
2026-09-23T13:52:59.4313520Z ok 126 - a cached checkpoint cannot hide deletion of its referenced epoch: proof
2026-09-23T13:52:59.4313960Z   ---
2026-09-23T13:52:59.4314230Z   duration_ms: 29.160917
2026-09-23T13:52:59.4314710Z   type: 'test'
2026-09-23T13:52:59.4315040Z   ...
2026-09-23T13:52:59.4315550Z # Subtest: a cached checkpoint cannot hide deletion of its referenced snapshot: proof
2026-09-23T13:52:59.4316460Z ok 127 - a cached checkpoint cannot hide deletion of its referenced snapshot: proof
2026-09-23T13:52:59.4316880Z   ---
2026-09-23T13:52:59.4317120Z   duration_ms: 30.43175
2026-09-23T13:52:59.4319840Z   type: 'test'
2026-09-23T13:52:59.4320090Z   ...
2026-09-23T13:52:59.4320640Z # Subtest: the scoped checkpoint work cache evicts old groups instead of retaining every read
2026-09-23T13:52:59.4321460Z ok 128 - the scoped checkpoint work cache evicts old groups instead of retaining every read
2026-09-23T13:52:59.4321890Z   ---
2026-09-23T13:52:59.4322110Z   duration_ms: 126.463333
2026-09-23T13:52:59.4322410Z   type: 'test'
2026-09-23T13:52:59.4322640Z   ...
2026-09-23T13:53:02.8566030Z # (node:8362) ExperimentalWarning: SQLite is an experimental feature and might change at any time
2026-09-23T13:53:02.8675920Z # (Use `node --trace-warnings ...` to show where the warning was created)
2026-09-23T13:53:02.8777710Z # Subtest: creator state is encrypted, permanent and idempotent while its operation is retained
2026-09-23T13:53:02.8879420Z ok 129 - creator state is encrypted, permanent and idempotent while its operation is retained
2026-09-23T13:53:02.8981130Z   ---
2026-09-23T13:53:02.9102190Z   duration_ms: 59.355042
2026-09-23T13:53:02.9203650Z   type: 'test'
2026-09-23T13:53:02.9304520Z   ...
2026-09-23T13:53:02.9405310Z # Subtest: explicit invitation needs complete ancestry and fresh consent before local membership
2026-09-23T13:53:02.9507360Z ok 130 - explicit invitation needs complete ancestry and fresh consent before local membership
2026-09-23T13:53:02.9607220Z   ---
2026-09-23T13:53:02.9710830Z   duration_ms: 332.04075
2026-09-23T13:53:02.9809040Z   type: 'test'
2026-09-23T13:53:02.9910030Z   ...
2026-09-23T13:53:03.0011620Z # Subtest: unknown groups, invalid signer and signed orphan hints cannot allocate, advance or freeze authority
2026-09-23T13:53:03.0040060Z ok 131 - unknown groups, invalid signer and signed orphan hints cannot allocate, advance or freeze authority
2026-09-23T13:53:03.0040660Z   ---
2026-09-23T13:53:03.0061720Z   duration_ms: 105.973667
2026-09-23T13:53:03.0092980Z   type: 'test'
2026-09-23T13:53:03.0093540Z   ...
2026-09-23T13:53:03.0094220Z # Subtest: an incumbent cannot skip an invalid intermediate membership snapshot
2026-09-23T13:53:03.0095030Z ok 132 - an incumbent cannot skip an invalid intermediate membership snapshot
2026-09-23T13:53:03.0095590Z   ---
2026-09-23T13:53:03.0096050Z   duration_ms: 167.205333
2026-09-23T13:53:03.0096410Z   type: 'test'
2026-09-23T13:53:03.0096820Z   ...
2026-09-23T13:53:03.0097460Z # Subtest: creator equivocation freezes durably; stale hints do not choose or erase a branch
2026-09-23T13:53:03.0098330Z ok 133 - creator equivocation freezes durably; stale hints do not choose or erase a branch
2026-09-23T13:53:03.0098920Z   ---
2026-09-23T13:53:03.0099260Z   duration_ms: 125.889833
2026-09-23T13:53:03.0099590Z   type: 'test'
2026-09-23T13:53:03.0099940Z   ...
2026-09-23T13:53:03.0101370Z # Subtest: local leave survives restart and old consent replay; reentry requires a new committed nonce
2026-09-23T13:53:03.0102440Z ok 134 - local leave survives restart and old consent replay; reentry requires a new committed nonce
2026-09-23T13:53:03.0103150Z   ---
2026-09-23T13:53:03.0103540Z   duration_ms: 638.518
2026-09-23T13:53:03.0104020Z   type: 'test'
2026-09-23T13:53:03.0104350Z   ...
2026-09-23T13:53:03.0104930Z # Subtest: a late join response cannot restore membership across a subsequent removal
2026-09-23T13:53:03.0105760Z ok 135 - a late join response cannot restore membership across a subsequent removal
2026-09-23T13:53:03.0106280Z   ---
2026-09-23T13:53:03.0106710Z   duration_ms: 226.029417
2026-09-23T13:53:03.0107100Z   type: 'test'
2026-09-23T13:53:03.0107470Z   ...
2026-09-23T13:53:03.0108110Z # Subtest: storage pressure persists a stop checkpoint instead of using an obsolete roster
2026-09-23T13:53:03.0109080Z ok 136 - storage pressure persists a stop checkpoint instead of using an obsolete roster
2026-09-23T13:53:03.0109640Z   ---
2026-09-23T13:53:03.0109950Z   duration_ms: 66.05975
2026-09-23T13:53:03.0110330Z   type: 'test'
2026-09-23T13:53:03.0110680Z   ...
2026-09-23T13:53:03.0111290Z # Subtest: closure and a stale expected parent cannot create a successor or bypass idempotency
2026-09-23T13:53:03.0112450Z ok 137 - closure and a stale expected parent cannot create a successor or bypass idempotency
2026-09-23T13:53:03.0112980Z   ---
2026-09-23T13:53:03.0113340Z   duration_ms: 132.812625
2026-09-23T13:53:03.0113710Z   type: 'test'
2026-09-23T13:53:03.0114070Z   ...
2026-09-23T13:53:03.0114690Z # Subtest: 64 remembered groups are retained; capacity is not reset by closing them
2026-09-23T13:53:03.0115400Z ok 138 - 64 remembered groups are retained; capacity is not reset by closing them
2026-09-23T13:53:03.0115950Z   ---
2026-09-23T13:53:03.0116360Z   duration_ms: 1392.625084
2026-09-23T13:53:03.0116800Z   type: 'test'
2026-09-23T13:53:03.0117110Z   ...
2026-09-23T13:53:03.1940240Z # Subtest: two real creator processes use compare-and-set and cannot commit siblings in one registry
2026-09-23T13:53:03.1941400Z ok 139 - two real creator processes use compare-and-set and cannot commit siblings in one registry
2026-09-23T13:53:03.1941830Z   ---
2026-09-23T13:53:03.1942110Z   duration_ms: 344.636084
2026-09-23T13:53:03.1942400Z   type: 'test'
2026-09-23T13:53:03.1942590Z   ...
2026-09-23T13:53:11.1521280Z # Subtest: real process crashes preserve atomic authority and the original operation after a lost response
2026-09-23T13:53:11.1623350Z ok 140 - real process crashes preserve atomic authority and the original operation after a lost response
2026-09-23T13:53:11.1722890Z   ---
2026-09-23T13:53:11.1825000Z   duration_ms: 379.938084
2026-09-23T13:53:11.1925120Z   type: 'test'
2026-09-23T13:53:11.2027140Z   ...
2026-09-23T13:53:11.2129180Z # Subtest: later snapshots wait for a missing intermediate state and activate after its verified arrival
2026-09-23T13:53:11.2229390Z ok 141 - later snapshots wait for a missing intermediate state and activate after its verified arrival
2026-09-23T13:53:11.2329240Z   ---
2026-09-23T13:53:11.2430380Z   duration_ms: 552.19625
2026-09-23T13:53:11.2531350Z   type: 'test'
2026-09-23T13:53:11.2633880Z   ...
2026-09-23T13:53:11.2735580Z # Subtest: capacity recovery adopts the exact stopped header and still needs its private state
2026-09-23T13:53:11.2787740Z ok 142 - capacity recovery adopts the exact stopped header and still needs its private state
2026-09-23T13:53:11.2788540Z   ---
2026-09-23T13:53:11.2789050Z   duration_ms: 138.616583
2026-09-23T13:53:11.2789460Z   type: 'test'
2026-09-23T13:53:11.2806190Z   ...
2026-09-23T13:53:11.2806990Z # Subtest: snapshot capacity stops survive restart; freeing space alone cannot reactivate membership
2026-09-23T13:53:11.2808380Z ok 143 - snapshot capacity stops survive restart; freeing space alone cannot reactivate membership
2026-09-23T13:53:11.2809740Z   ---
2026-09-23T13:53:11.2810240Z   duration_ms: 149.792541
2026-09-23T13:53:11.2811250Z   type: 'test'
2026-09-23T13:53:11.2811770Z   ...
2026-09-23T13:53:11.2812560Z # Subtest: a real sibling proof during capacity suspension freezes permanently and is retrievable
2026-09-23T13:53:11.2813480Z ok 144 - a real sibling proof during capacity suspension freezes permanently and is retrievable
2026-09-23T13:53:11.2814050Z   ---
2026-09-23T13:53:11.2814430Z   duration_ms: 114.980792
2026-09-23T13:53:11.2814800Z   type: 'test'
2026-09-23T13:53:11.2815220Z   ...
2026-09-23T13:53:11.2816030Z # Subtest: finite operation retention follows authenticated revisions and leaves group proofs intact
2026-09-23T13:53:11.2820830Z ok 145 - finite operation retention follows authenticated revisions and leaves group proofs intact
2026-09-23T13:53:11.2821570Z   ---
2026-09-23T13:53:11.2822130Z   duration_ms: 3069.020833
2026-09-23T13:53:11.2822540Z   type: 'test'
2026-09-23T13:53:11.2822970Z   ...
2026-09-23T13:53:11.2823750Z # Subtest: authenticated but malformed authority records fail closed instead of trusting falsy fields or cursors
2026-09-23T13:53:11.2824930Z ok 146 - authenticated but malformed authority records fail closed instead of trusting falsy fields or cursors
2026-09-23T13:53:11.2825540Z   ---
2026-09-23T13:53:11.2825920Z   duration_ms: 49.940542
2026-09-23T13:53:11.2826730Z   type: 'test'
2026-09-23T13:53:11.2827160Z   ...
2026-09-23T13:53:11.2827710Z # Subtest: corrupt retained operation cannot fabricate a successful response
2026-09-23T13:53:11.2828460Z ok 147 - corrupt retained operation cannot fabricate a successful response
2026-09-23T13:53:11.2829030Z   ---
2026-09-23T13:53:11.2831410Z   duration_ms: 12.11675
2026-09-23T13:53:11.2831870Z   type: 'test'
2026-09-23T13:53:11.2832380Z   ...
2026-09-23T13:53:11.2833070Z # Subtest: local leave and creator closure remain durable under full ordinary metadata capacity
2026-09-23T13:53:11.2834330Z ok 148 - local leave and creator closure remain durable under full ordinary metadata capacity
2026-09-23T13:53:11.2834950Z   ---
2026-09-23T13:53:11.2836210Z   duration_ms: 283.857791
2026-09-23T13:53:11.2836950Z   type: 'test'
2026-09-23T13:53:11.2837330Z   ...
2026-09-23T13:53:11.2838070Z # Subtest: a malformed trailing proof cannot roll back an already verified removal in the same page
2026-09-23T13:53:11.2838990Z ok 149 - a malformed trailing proof cannot roll back an already verified removal in the same page
2026-09-23T13:53:11.2839650Z   ---
2026-09-23T13:53:11.2840160Z   duration_ms: 262.836166
2026-09-23T13:53:11.2840550Z   type: 'test'
2026-09-23T13:53:11.2840920Z   ...
2026-09-23T13:53:11.2841660Z # Subtest: the declared maximum checkpoints and stop receipts fit the reserved SQLite budget
2026-09-23T13:53:11.2842490Z ok 150 - the declared maximum checkpoints and stop receipts fit the reserved SQLite budget
2026-09-23T13:53:11.2843090Z   ---
2026-09-23T13:53:11.2843550Z   duration_ms: 115.909542
2026-09-23T13:53:11.2844010Z   type: 'test'
2026-09-23T13:53:11.2844330Z   ...
2026-09-23T13:53:11.2845030Z # Subtest: retirement rechecks every operation signature after caching a group in the same transaction
2026-09-23T13:53:11.2847590Z ok 151 - retirement rechecks every operation signature after caching a group in the same transaction
2026-09-23T13:53:11.2848210Z   ---
2026-09-23T13:53:11.2848590Z   duration_ms: 2846.522459
2026-09-23T13:53:11.2848980Z   type: 'test'
2026-09-23T13:53:11.2849280Z   ...
2026-09-23T13:53:11.5190330Z # (node:8633) ExperimentalWarning: SQLite is an experimental feature and might change at any time
2026-09-23T13:53:11.5191380Z # (Use `node --trace-warnings ...` to show where the warning was created)
2026-09-23T13:53:14.3488360Z # Subtest: authenticated Node group management persists membership and restrictive proofs
2026-09-23T13:53:14.3490310Z ok 152 - authenticated Node group management persists membership and restrictive proofs
2026-09-23T13:53:14.3491000Z   ---
2026-09-23T13:53:14.3491480Z   duration_ms: 2714.812875
2026-09-23T13:53:14.3491910Z   type: 'test'
2026-09-23T13:53:14.3492210Z   ...
2026-09-23T13:53:14.4643040Z # Subtest: group API recovers a committed command whose response was lost without creating a second group
2026-09-23T13:53:14.4644470Z ok 153 - group API recovers a committed command whose response was lost without creating a second group
2026-09-23T13:53:14.4646270Z   ---
2026-09-23T13:53:14.4647390Z   duration_ms: 231.587083
2026-09-23T13:53:14.4650560Z   type: 'test'
2026-09-23T13:53:14.4652750Z   ...
2026-09-23T13:53:15.4009110Z # (node:8643) ExperimentalWarning: SQLite is an experimental feature and might change at any time
2026-09-23T13:53:15.4010520Z # (Use `node --trace-warnings ...` to show where the warning was created)
2026-09-23T13:53:16.6902020Z # Subtest: group send intent rollback has no transport side effect
2026-09-23T13:53:16.6902920Z ok 154 - group send intent rollback has no transport side effect
2026-09-23T13:53:16.6903370Z   ---
2026-09-23T13:53:16.6903830Z   duration_ms: 1426.955291
2026-09-23T13:53:16.6904110Z   type: 'test'
2026-09-23T13:53:16.6904350Z   ...
2026-09-23T13:53:18.2920510Z # Subtest: group send intent lost response has no transport side effect
2026-09-23T13:53:18.2921520Z ok 155 - group send intent lost response has no transport side effect
2026-09-23T13:53:18.2922210Z   ---
2026-09-23T13:53:18.2922600Z   duration_ms: 1609.014708
2026-09-23T13:53:18.2931770Z   type: 'test'
2026-09-23T13:53:18.2932070Z   ...
2026-09-23T13:53:20.2637210Z # Subtest: group send recovers original stored bytes after ready rollback
2026-09-23T13:53:20.2650500Z ok 156 - group send recovers original stored bytes after ready rollback
2026-09-23T13:53:20.2651440Z   ---
2026-09-23T13:53:20.2651950Z   duration_ms: 1951.24525
2026-09-23T13:53:20.2652480Z   type: 'test'
2026-09-23T13:53:20.2653340Z   ...
2026-09-23T13:53:22.3356610Z # Subtest: group send recovers original stored bytes after lost ready response
2026-09-23T13:53:22.3357650Z ok 157 - group send recovers original stored bytes after lost ready response
2026-09-23T13:53:22.3358290Z   ---
2026-09-23T13:53:22.3358810Z   duration_ms: 2074.852209
2026-09-23T13:53:22.3359430Z   type: 'test'
2026-09-23T13:53:22.3359830Z   ...
2026-09-23T13:53:23.5933040Z # Subtest: a reported content-store failure cannot leak the new group packet or silently create another ID
2026-09-23T13:53:23.5935950Z ok 158 - a reported content-store failure cannot leak the new group packet or silently create another ID
2026-09-23T13:53:23.5937350Z   ---
2026-09-23T13:53:23.5938040Z   duration_ms: 1763.335167
2026-09-23T13:53:23.5938630Z   type: 'test'
2026-09-23T13:53:23.5939320Z   ...
2026-09-23T13:53:28.0069980Z # Subtest: actual group send APIs create durable encrypted text, attachment and reply over TCP without global contacts
2026-09-23T13:53:28.0080220Z ok 159 - actual group send APIs create durable encrypted text, attachment and reply over TCP without global contacts
2026-09-23T13:53:28.0080870Z   ---
2026-09-23T13:53:28.0081270Z   duration_ms: 4246.587959
2026-09-23T13:53:28.0081620Z   type: 'test'
2026-09-23T13:53:28.0081960Z   ...
2026-09-23T13:53:30.6517890Z # Subtest: new group sends require current head and exact snapshot audience; retained operation remains immutable
2026-09-23T13:53:30.6618670Z ok 160 - new group sends require current head and exact snapshot audience; retained operation remains immutable
2026-09-23T13:53:30.6719620Z   ---
2026-09-23T13:53:30.6820560Z   duration_ms: 2646.364041
2026-09-23T13:53:30.6920910Z   type: 'test'
2026-09-23T13:53:30.7021260Z   ...
2026-09-23T13:53:30.8804500Z # (node:9182) ExperimentalWarning: SQLite is an experimental feature and might change at any time
2026-09-23T13:53:30.8897940Z # (Use `node --trace-warnings ...` to show where the warning was created)
2026-09-23T13:53:30.8899480Z # Subtest: encrypted metadata survives close/reopen; uncommitted work and transaction handles cannot escape
2026-09-23T13:53:30.8900490Z ok 161 - encrypted metadata survives close/reopen; uncommitted work and transaction handles cannot escape
2026-09-23T13:53:30.8901100Z   ---
2026-09-23T13:53:30.8901490Z   duration_ms: 18.97225
2026-09-23T13:53:30.8904730Z   type: 'test'
2026-09-23T13:53:30.8905140Z   ...
2026-09-23T13:53:30.8905710Z # Subtest: absence, truncation, wrong identity, wrong signing authority and extra SQL schema fail closed
2026-09-23T13:53:30.8906640Z ok 162 - absence, truncation, wrong identity, wrong signing authority and extra SQL schema fail closed
2026-09-23T13:53:30.8907220Z   ---
2026-09-23T13:53:30.8907490Z   duration_ms: 6.934125
2026-09-23T13:53:30.8907800Z   type: 'test'
2026-09-23T13:53:30.8908050Z   ...
2026-09-23T13:53:30.8908430Z # Subtest: unknown schema cannot hide behind a similar SQLite prefix
2026-09-23T13:53:30.8908980Z ok 163 - unknown schema cannot hide behind a similar SQLite prefix
2026-09-23T13:53:30.8909330Z   ---
2026-09-23T13:53:30.8909530Z   duration_ms: 3.383041
2026-09-23T13:53:30.8909830Z   type: 'test'
2026-09-23T13:53:30.8910120Z   ...
2026-09-23T13:53:30.8910690Z # Subtest: valid encryption with only the reading key cannot forge a locally signed fence
2026-09-23T13:53:30.8931800Z ok 164 - valid encryption with only the reading key cannot forge a locally signed fence
2026-09-23T13:53:30.8932510Z   ---
2026-09-23T13:53:30.8933190Z   duration_ms: 7.231792
2026-09-23T13:53:30.8933810Z   type: 'test'
2026-09-23T13:53:30.8934200Z   ...
2026-09-23T13:53:30.8942200Z # Subtest: checkpoint corruption, deletion, wrong SQL type and oversize are rejected before trusting state
2026-09-23T13:53:30.8943330Z ok 165 - checkpoint corruption, deletion, wrong SQL type and oversize are rejected before trusting state
2026-09-23T13:53:30.8944090Z   ---
2026-09-23T13:53:30.8944620Z   duration_ms: 16.849375
2026-09-23T13:53:30.8945190Z   type: 'test'
2026-09-23T13:53:30.8945490Z   ...
2026-09-23T13:53:30.8946250Z # Subtest: complete valid backup rollback is an explicit limitation; a pinned different registry is rejected
2026-09-23T13:53:30.8947340Z ok 166 - complete valid backup rollback is an explicit limitation; a pinned different registry is rejected
2026-09-23T13:53:30.8947870Z   ---
2026-09-23T13:53:30.8948630Z   duration_ms: 8.672
2026-09-23T13:53:30.8949100Z   type: 'test'
2026-09-23T13:53:30.8949720Z   ...
2026-09-23T13:53:30.8950780Z # Subtest: ciphertext substitution, swallowed integrity errors and stale index replay cannot change a committed record
2026-09-23T13:53:30.8951770Z ok 167 - ciphertext substitution, swallowed integrity errors and stale index replay cannot change a committed record
2026-09-23T13:53:30.8952670Z   ---
2026-09-23T13:53:30.8953350Z   duration_ms: 7.819959
2026-09-23T13:53:30.8953730Z   type: 'test'
2026-09-23T13:53:30.8954220Z   ...
2026-09-23T13:53:30.8955050Z # Subtest: a replacement callback error cannot erase an observed integrity failure
2026-09-23T13:53:30.8955820Z ok 168 - a replacement callback error cannot erase an observed integrity failure
2026-09-23T13:53:30.8956330Z   ---
2026-09-23T13:53:30.8956730Z   duration_ms: 3.678417
2026-09-23T13:53:30.8957020Z   type: 'test'
2026-09-23T13:53:30.8957720Z   ...
2026-09-23T13:53:30.8958340Z # Subtest: record AAD binds logical key and revision even beneath a freshly signed index
2026-09-23T13:53:30.8959050Z ok 169 - record AAD binds logical key and revision even beneath a freshly signed index
2026-09-23T13:53:30.8959690Z   ---
2026-09-23T13:53:30.8960230Z   duration_ms: 5.402542
2026-09-23T13:53:30.8960660Z   type: 'test'
2026-09-23T13:53:30.8961090Z   ...
2026-09-23T13:53:30.8961830Z # Subtest: ordinary metadata cannot consume the checkpoint reserve; capacity failure is atomic
2026-09-23T13:53:30.8962630Z ok 170 - ordinary metadata cannot consume the checkpoint reserve; capacity failure is atomic
2026-09-23T13:53:30.8963240Z   ---
2026-09-23T13:53:30.8963730Z   duration_ms: 8.256917
2026-09-23T13:53:30.8964130Z   type: 'test'
2026-09-23T13:53:30.8964470Z   ...
2026-09-23T13:53:31.0298020Z # Subtest: abrupt writer process death rolls back staged SQL and preserves the last authenticated checkpoint
2026-09-23T13:53:31.0400160Z ok 171 - abrupt writer process death rolls back staged SQL and preserves the last authenticated checkpoint
2026-09-23T13:53:31.0502210Z   ---
2026-09-23T13:53:31.0602820Z   duration_ms: 123.972667
2026-09-23T13:53:31.0704170Z   type: 'test'
2026-09-23T13:53:31.0837000Z   ...
2026-09-23T13:53:31.2661390Z # Subtest: two actual writer processes serialize read-modify-write without losing updates
2026-09-23T13:53:31.2662260Z ok 172 - two actual writer processes serialize read-modify-write without losing updates
2026-09-23T13:53:31.2662750Z   ---
2026-09-23T13:53:31.2663000Z   duration_ms: 267.78875
2026-09-23T13:53:31.2663300Z   type: 'test'
2026-09-23T13:53:31.2663590Z   ...
2026-09-23T13:53:33.6358960Z # (node:9191) ExperimentalWarning: SQLite is an experimental feature and might change at any time
2026-09-23T13:53:33.6458920Z # (Use `node --trace-warnings ...` to show where the warning was created)
2026-09-23T13:53:33.6560900Z # Subtest: control store failures still consume the bounded publication budget
2026-09-23T13:53:33.6662680Z ok 173 - control store failures still consume the bounded publication budget
2026-09-23T13:53:33.6762690Z   ---
2026-09-23T13:53:33.6863910Z   duration_ms: 544.055166
2026-09-23T13:53:33.6927430Z   type: 'test'
2026-09-23T13:53:33.7030930Z   ...
2026-09-23T13:53:33.7152870Z # Subtest: control transport failures still consume the bounded publication budget
2026-09-23T13:53:33.7309040Z ok 174 - control transport failures still consume the bounded publication budget
2026-09-23T13:53:33.7410190Z   ---
2026-09-23T13:53:33.7511290Z   duration_ms: 484.72425
2026-09-23T13:53:33.7587480Z   type: 'test'
2026-09-23T13:53:33.7588030Z   ...
2026-09-23T13:53:33.7588780Z # Subtest: network responses obey the producer cache quota without evicting pinned controls
2026-09-23T13:53:33.7589730Z ok 175 - network responses obey the producer cache quota without evicting pinned controls
2026-09-23T13:53:33.7590390Z   ---
2026-09-23T13:53:33.7590830Z   duration_ms: 1213.886542
2026-09-23T13:53:33.7593760Z   type: 'test'
2026-09-23T13:53:33.7594250Z   ...
2026-09-23T13:53:36.2625900Z # Subtest: real wire delivers newest snapshot before missing predecessors and projects the verified newest title
2026-09-23T13:53:36.2630060Z ok 176 - real wire delivers newest snapshot before missing predecessors and projects the verified newest title
2026-09-23T13:53:36.2631890Z   ---
2026-09-23T13:53:36.2632630Z   duration_ms: 2425.990666
2026-09-23T13:53:36.2633040Z   type: 'test'
2026-09-23T13:53:36.2633340Z   ...
2026-09-23T13:53:39.7505390Z # Subtest: available encrypted controls replay before a locked member can retry or sign after removal
2026-09-23T13:53:39.7577560Z ok 177 - available encrypted controls replay before a locked member can retry or sign after removal
2026-09-23T13:53:39.7578880Z   ---
2026-09-23T13:53:39.7579580Z   duration_ms: 3313.957417
2026-09-23T13:53:39.7580230Z   type: 'test'
2026-09-23T13:53:39.7580640Z   ...
2026-09-23T13:53:53.1503130Z # Subtest: Node control requests recover lost responses and revalidate authority on identical retries
2026-09-23T13:53:53.1510330Z ok 178 - Node control requests recover lost responses and revalidate authority on identical retries
2026-09-23T13:53:53.1513940Z   ---
2026-09-23T13:53:53.1514500Z   duration_ms: 13207.06225
2026-09-23T13:53:53.1514990Z   type: 'test'
2026-09-23T13:53:53.1515830Z   ...
2026-09-23T13:54:02.3849430Z # Subtest: real Node control proofs heal a partition from another member after creator stops
2026-09-23T13:54:02.3852990Z ok 179 - real Node control proofs heal a partition from another member after creator stops
2026-09-23T13:54:02.3854180Z   ---
2026-09-23T13:54:02.3955190Z   duration_ms: 9021.494958
2026-09-23T13:54:02.4056380Z   type: 'test'
2026-09-23T13:54:02.4157210Z   ...
2026-09-23T13:54:14.5244440Z # Subtest: Node control proofs traverse TCP and serial PTYs, with partition, relay-off and offline opaque seeder controls
2026-09-23T13:54:14.5346650Z ok 180 - Node control proofs traverse TCP and serial PTYs, with partition, relay-off and offline opaque seeder controls
2026-09-23T13:54:14.5442040Z   ---
2026-09-23T13:54:14.5542060Z   duration_ms: 11957.925875
2026-09-23T13:54:14.5647390Z   type: 'test'
2026-09-23T13:54:14.5658140Z   ...
2026-09-23T13:54:17.1117990Z # Subtest: real Node peers synchronise epoch snapshots and closure without HTTP proof transfer after setup
2026-09-23T13:54:17.1218810Z ok 181 - real Node peers synchronise epoch snapshots and closure without HTTP proof transfer after setup
2026-09-23T13:54:17.1320230Z   ---
2026-09-23T13:54:17.1421900Z   duration_ms: 2431.916792
2026-09-23T13:54:17.1523610Z   type: 'test'
2026-09-23T13:54:17.1625040Z   ...
2026-09-23T13:54:25.0849300Z # Subtest: remembered invitation fetches paginated public ancestry automatically but no pre-join private snapshot
2026-09-23T13:54:25.0851850Z ok 182 - remembered invitation fetches paginated public ancestry automatically but no pre-join private snapshot
2026-09-23T13:54:25.0852580Z   ---
2026-09-23T13:54:25.0853270Z   duration_ms: 7971.676417
2026-09-23T13:54:25.0854060Z   type: 'test'
2026-09-23T13:54:25.0854590Z   ...
2026-09-23T13:54:25.4781990Z # (node:10779) ExperimentalWarning: SQLite is an experimental feature and might change at any time
2026-09-23T13:54:25.4782780Z # (Use `node --trace-warnings ...` to show where the warning was created)
2026-09-23T13:54:25.4816450Z # Subtest: group and private document share one commit; callback rollback and expired scopes cannot leak writes
2026-09-23T13:54:25.4829620Z ok 183 - group and private document share one commit; callback rollback and expired scopes cannot leak writes
2026-09-23T13:54:25.4830190Z   ---
2026-09-23T13:54:25.4830540Z   duration_ms: 59.010375
2026-09-23T13:54:25.4831030Z   type: 'test'
2026-09-23T13:54:25.4831350Z   ...
2026-09-23T13:54:25.4831910Z # Subtest: swallowing a scoped operation failure cannot commit earlier group or private writes
2026-09-23T13:54:25.4832980Z ok 184 - swallowing a scoped operation failure cannot commit earlier group or private writes
2026-09-23T13:54:25.4833650Z   ---
2026-09-23T13:54:25.4834070Z   duration_ms: 31.107541
2026-09-23T13:54:25.4834760Z   type: 'test'
2026-09-23T13:54:25.4835190Z   ...
2026-09-23T13:54:25.4835960Z # Subtest: a verified closure and private decision commit despite a rejected proof tail
2026-09-23T13:54:25.4837160Z ok 185 - a verified closure and private decision commit despite a rejected proof tail
2026-09-23T13:54:25.4837870Z   ---
2026-09-23T13:54:25.4838890Z   duration_ms: 48.416625
2026-09-23T13:54:25.4839660Z   type: 'test'
2026-09-23T13:54:25.4840480Z   ...
2026-09-23T13:54:25.4841160Z # Subtest: even swallowing the entire authority scope error cannot commit the outer transaction
2026-09-23T13:54:25.4842340Z ok 186 - even swallowing the entire authority scope error cannot commit the outer transaction
2026-09-23T13:54:25.4843040Z   ---
2026-09-23T13:54:25.4843410Z   duration_ms: 17.167375
2026-09-23T13:54:25.4843820Z   type: 'test'
2026-09-23T13:54:25.4844450Z   ...
2026-09-23T13:54:25.4845270Z # Subtest: minimal authority fence commits at full ordinary quota without growing the private document
2026-09-23T13:54:25.4846800Z ok 187 - minimal authority fence commits at full ordinary quota without growing the private document
2026-09-23T13:54:25.4847630Z   ---
2026-09-23T13:54:25.4848130Z   duration_ms: 67.623083
2026-09-23T13:54:25.4848870Z   type: 'test'
2026-09-23T13:54:25.4849640Z   ...
2026-09-23T13:54:35.1643080Z # Subtest: three processes TCP → serial PTY, partition/heal, relay control and publisher-offline seeder takeover
2026-09-23T13:54:35.1662070Z ok 188 - three processes TCP → serial PTY, partition/heal, relay control and publisher-offline seeder takeover
2026-09-23T13:54:35.1665350Z   ---
2026-09-23T13:54:35.1697530Z   duration_ms: 9467.205458
2026-09-23T13:54:35.1698360Z   type: 'test'
2026-09-23T13:54:35.1698770Z   ...
2026-09-23T13:54:42.2445890Z # Subtest: a delayed fixture client submits a non-idempotent operation once after the server closes idle HTTP sockets
2026-09-23T13:54:42.2448000Z ok 189 - a delayed fixture client submits a non-idempotent operation once after the server closes idle HTTP sockets
2026-09-23T13:54:42.2448730Z   ---
2026-09-23T13:54:42.2450490Z   duration_ms: 6937.722
2026-09-23T13:54:42.2451100Z   type: 'test'
2026-09-23T13:54:42.2451450Z   ...
2026-09-23T13:54:43.1775770Z # Subtest: language variants resolve to supported choices and invalid selection preserves the current language
2026-09-23T13:54:43.1822710Z ok 190 - language variants resolve to supported choices and invalid selection preserves the current language
2026-09-23T13:54:43.1823510Z   ---
2026-09-23T13:54:43.1824000Z   duration_ms: 0.644416
2026-09-23T13:54:43.1824500Z   type: 'test'
2026-09-23T13:54:43.1824830Z   ...
2026-09-23T13:54:43.1826110Z # Subtest: context and interpolation preserve raw names without recursively translating parameters
2026-09-23T13:54:43.1827090Z ok 191 - context and interpolation preserve raw names without recursively translating parameters
2026-09-23T13:54:43.1828700Z   ---
2026-09-23T13:54:43.1832160Z   duration_ms: 0.166917
2026-09-23T13:54:43.1832800Z   type: 'test'
2026-09-23T13:54:43.1833790Z   ...
2026-09-23T13:54:43.1835130Z # Subtest: every catalog entry is unique, nonempty and retains all named parameters in both languages
2026-09-23T13:54:43.1839280Z ok 192 - every catalog entry is unique, nonempty and retains all named parameters in both languages
2026-09-23T13:54:43.1840520Z   ---
2026-09-23T13:54:43.1847940Z   duration_ms: 4.914166
2026-09-23T13:54:43.1848270Z   type: 'test'
2026-09-23T13:54:43.1848520Z   ...
2026-09-23T13:54:43.1848920Z # Subtest: literal UI lookups and state-label maps all have catalog entries
2026-09-23T13:54:43.1849570Z ok 193 - literal UI lookups and state-label maps all have catalog entries
2026-09-23T13:54:43.1849970Z   ---
2026-09-23T13:54:43.1850230Z   duration_ms: 159.53
2026-09-23T13:54:43.1850570Z   type: 'test'
2026-09-23T13:54:43.1850880Z   ...
2026-09-23T13:54:44.5359810Z # Subtest: real processes: private conversation, receipt, unauthorized edit, social and restart recovery
2026-09-23T13:54:44.5461080Z ok 194 - real processes: private conversation, receipt, unauthorized edit, social and restart recovery
2026-09-23T13:54:44.5561600Z   ---
2026-09-23T13:54:44.5663160Z   duration_ms: 1225.823459
2026-09-23T13:54:44.5764450Z   type: 'test'
2026-09-23T13:54:44.5865070Z   ...
2026-09-23T13:54:45.1079460Z # Subtest: offline control rejects a live origin and proves socket refusal after normal and signal termination
2026-09-23T13:54:45.1081670Z ok 195 - offline control rejects a live origin and proves socket refusal after normal and signal termination
2026-09-23T13:54:45.1082870Z   ---
2026-09-23T13:54:45.1100990Z   duration_ms: 434.229958
2026-09-23T13:54:45.1101510Z   type: 'test'
2026-09-23T13:54:45.1101760Z   ...
2026-09-23T13:54:53.1992540Z # (node:11388) ExperimentalWarning: SQLite is an experimental feature and might change at any time
2026-09-23T13:54:53.1993240Z # (Use `node --trace-warnings ...` to show where the warning was created)
2026-09-23T13:54:53.1995450Z # (node:11388) ExperimentalWarning: The MockTimers API is an experimental feature and might change at any time
2026-09-23T13:54:53.2016040Z # Subtest: offline send is encrypted, pinned, idempotent and recovers the same operation after restart
2026-09-23T13:54:53.2017260Z ok 196 - offline send is encrypted, pinned, idempotent and recovers the same operation after restart
2026-09-23T13:54:53.2017940Z   ---
2026-09-23T13:54:53.2018380Z   duration_ms: 200.060958
2026-09-23T13:54:53.2018810Z   type: 'test'
2026-09-23T13:54:53.2019260Z   ...
2026-09-23T13:54:53.2019880Z # Subtest: preparing journal reconciles surviving exact bytes and never regenerates missing content
2026-09-23T13:54:53.2020830Z ok 197 - preparing journal reconciles surviving exact bytes and never regenerates missing content
2026-09-23T13:54:53.2021420Z   ---
2026-09-23T13:54:53.2021930Z   duration_ms: 114.582459
2026-09-23T13:54:53.2022390Z   type: 'test'
2026-09-23T13:54:53.2022720Z   ...
2026-09-23T13:54:53.2023390Z # Subtest: transport rejection after local acceptance stays pending and cannot crash periodic sync
2026-09-23T13:54:53.2025170Z ok 198 - transport rejection after local acceptance stays pending and cannot crash periodic sync
2026-09-23T13:54:53.2025800Z   ---
2026-09-23T13:54:53.2026120Z   duration_ms: 121.489208
2026-09-23T13:54:53.2026540Z   type: 'test'
2026-09-23T13:54:53.2026890Z   ...
2026-09-23T13:54:53.2027820Z # Subtest: per-reader signed delivery/read confirmations survive paging, replay, eviction and restart
2026-09-23T13:54:53.2028780Z ok 199 - per-reader signed delivery/read confirmations survive paging, replay, eviction and restart
2026-09-23T13:54:53.2029520Z   ---
2026-09-23T13:54:53.2029880Z   duration_ms: 953.954833
2026-09-23T13:54:53.2030340Z   type: 'test'
2026-09-23T13:54:53.2030700Z   ...
2026-09-23T13:54:53.2031380Z # Subtest: public, foreign-author and wrong-reader confirmations cannot advance a durable send
2026-09-23T13:54:53.2032390Z ok 200 - public, foreign-author and wrong-reader confirmations cannot advance a durable send
2026-09-23T13:54:53.2032880Z   ---
2026-09-23T13:54:53.2033290Z   duration_ms: 142.916125
2026-09-23T13:54:53.2033690Z   type: 'test'
2026-09-23T13:54:53.2034010Z   ...
2026-09-23T13:54:53.2034770Z # Subtest: expiry remains visible after payload removal and explicit user pin is preserved
2026-09-23T13:54:53.2055600Z ok 201 - expiry remains visible after payload removal and explicit user pin is preserved
2026-09-23T13:54:53.2058770Z   ---
2026-09-23T13:54:53.2059350Z   duration_ms: 196.397875
2026-09-23T13:54:53.2059700Z   type: 'test'
2026-09-23T13:54:53.2059900Z   ...
2026-09-23T13:54:53.2060460Z # Subtest: corrupted reserved bytes become unavailable without a new signed publication
2026-09-23T13:54:53.2061160Z ok 202 - corrupted reserved bytes become unavailable without a new signed publication
2026-09-23T13:54:53.2061520Z   ---
2026-09-23T13:54:53.2061780Z   duration_ms: 110.245666
2026-09-23T13:54:53.2062070Z   type: 'test'
2026-09-23T13:54:53.2062270Z   ...
2026-09-23T13:54:53.2062950Z # Subtest: blocked incomplete sends retain bounded reservation; blocked group readers do not break viewing
2026-09-23T13:54:53.2063800Z ok 203 - blocked incomplete sends retain bounded reservation; blocked group readers do not break viewing
2026-09-23T13:54:53.2064240Z   ---
2026-09-23T13:54:53.2064540Z   duration_ms: 247.139167
2026-09-23T13:54:53.2064840Z   type: 'test'
2026-09-23T13:54:53.2065020Z   ...
2026-09-23T13:54:53.2065520Z # Subtest: pending count/byte reservations and restored metadata ownership are bounded
2026-09-23T13:54:53.2066220Z ok 204 - pending count/byte reservations and restored metadata ownership are bounded
2026-09-23T13:54:53.2066590Z   ---
2026-09-23T13:54:53.2066890Z   duration_ms: 117.622833
2026-09-23T13:54:53.2067180Z   type: 'test'
2026-09-23T13:54:53.2067370Z   ...
2026-09-23T13:54:53.2068080Z # Subtest: a content-file directory flush error preserves the recorded operation instead of signing a replacement
2026-09-23T13:54:53.2069040Z ok 205 - a content-file directory flush error preserves the recorded operation instead of signing a replacement
2026-09-23T13:54:53.2069480Z   ---
2026-09-23T13:54:53.2069720Z   duration_ms: 88.706125
2026-09-23T13:54:53.2070010Z   type: 'test'
2026-09-23T13:54:53.2070190Z   ...
2026-09-23T13:54:53.2070700Z # Subtest: incoming read confirmation is journalled before its admission evicts the original
2026-09-23T13:54:53.2071420Z ok 206 - incoming read confirmation is journalled before its admission evicts the original
2026-09-23T13:54:53.2071840Z   ---
2026-09-23T13:54:53.2072090Z   duration_ms: 107.43325
2026-09-23T13:54:53.2072340Z   type: 'test'
2026-09-23T13:54:53.2072580Z   ...
2026-09-23T13:54:53.2073200Z # Subtest: read confirmation uses the signed roster when contact learning fails and can be reissued after eviction
2026-09-23T13:54:53.2074010Z ok 207 - read confirmation uses the signed roster when contact learning fails and can be reissued after eviction
2026-09-23T13:54:53.2074600Z   ---
2026-09-23T13:54:53.2074890Z   duration_ms: 108.722875
2026-09-23T13:54:53.2075170Z   type: 'test'
2026-09-23T13:54:53.2075470Z   ...
2026-09-23T13:54:53.2076320Z # Subtest: saved peer connection remains idempotent at capacity without opening another connection
2026-09-23T13:54:53.2077190Z ok 208 - saved peer connection remains idempotent at capacity without opening another connection
2026-09-23T13:54:53.2077640Z   ---
2026-09-23T13:54:53.2077940Z   duration_ms: 80.47175
2026-09-23T13:54:53.2078220Z   type: 'test'
2026-09-23T13:54:53.2078510Z   ...
2026-09-23T13:54:53.2079190Z # Subtest: snapshot crossing expiry during journal persistence keeps state and reservation consistent
2026-09-23T13:54:53.2080060Z ok 209 - snapshot crossing expiry during journal persistence keeps state and reservation consistent
2026-09-23T13:54:53.2080520Z   ---
2026-09-23T13:54:53.2080850Z   duration_ms: 1660.281541
2026-09-23T13:54:53.2081110Z   type: 'test'
2026-09-23T13:54:53.2081450Z   ...
2026-09-23T13:54:53.2082050Z # Subtest: snapshot crossing expiry during journal persistence keeps send and reservation consistent
2026-09-23T13:54:53.2082850Z ok 210 - snapshot crossing expiry during journal persistence keeps send and reservation consistent
2026-09-23T13:54:53.2083400Z   ---
2026-09-23T13:54:53.2083720Z   duration_ms: 1674.516375
2026-09-23T13:54:53.2083950Z   type: 'test'
2026-09-23T13:54:53.2084170Z   ...
2026-09-23T13:54:53.2084800Z # Subtest: snapshot crossing expiry during journal persistence keeps retry and reservation consistent
2026-09-23T13:54:53.2085780Z ok 211 - snapshot crossing expiry during journal persistence keeps retry and reservation consistent
2026-09-23T13:54:53.2086290Z   ---
2026-09-23T13:54:53.2086610Z   duration_ms: 1696.531292
2026-09-23T13:54:53.2086840Z   type: 'test'
2026-09-23T13:54:53.2087100Z   ...
2026-09-23T13:54:53.2087560Z # Subtest: an uncertain SQL completion at write 1 recovers the same outbox operation
2026-09-23T13:54:53.2088230Z ok 212 - an uncertain SQL completion at write 1 recovers the same outbox operation
2026-09-23T13:54:53.2088630Z   ---
2026-09-23T13:54:53.2088940Z   duration_ms: 95.417292
2026-09-23T13:54:53.2089170Z   type: 'test'
2026-09-23T13:54:53.2089370Z   ...
2026-09-23T13:54:53.2089900Z # Subtest: an uncertain SQL completion at write 2 recovers the same outbox operation
2026-09-23T13:54:53.2090620Z ok 213 - an uncertain SQL completion at write 2 recovers the same outbox operation
2026-09-23T13:54:53.2091110Z   ---
2026-09-23T13:54:53.2091370Z   duration_ms: 99.458125
2026-09-23T13:54:53.2091680Z   type: 'test'
2026-09-23T13:54:53.2091930Z   ...
2026-09-23T13:54:53.2094750Z # Subtest: outbox preview preserves full astral characters within its UTF-16 budget
2026-09-23T13:54:53.2095500Z ok 214 - outbox preview preserves full astral characters within its UTF-16 budget
2026-09-23T13:54:53.2096060Z   ---
2026-09-23T13:54:53.2096380Z   duration_ms: 0.199292
2026-09-23T13:54:53.2096660Z   type: 'test'
2026-09-23T13:54:53.2096940Z   ...
2026-09-23T13:54:53.4318070Z # (node:11411) ExperimentalWarning: SQLite is an experimental feature and might change at any time
2026-09-23T13:54:53.4319220Z # (Use `node --trace-warnings ...` to show where the warning was created)
2026-09-23T13:54:53.4326840Z # Subtest: legacy semantic failures are rejected before creating a signed migration intent
2026-09-23T13:54:53.4328310Z ok 215 - legacy semantic failures are rejected before creating a signed migration intent
2026-09-23T13:54:53.4328650Z   ---
2026-09-23T13:54:53.4328960Z   duration_ms: 22.93725
2026-09-23T13:54:53.4329250Z   type: 'test'
2026-09-23T13:54:53.4329460Z   ...
2026-09-23T13:54:53.5760460Z # (node:11416) ExperimentalWarning: SQLite is an experimental feature and might change at any time
2026-09-23T13:54:53.5761220Z # (Use `node --trace-warnings ...` to show where the warning was created)
2026-09-23T13:54:53.5770120Z # Subtest: signed initialization binds owner, random store ID and legacy ciphertext across phases
2026-09-23T13:54:53.5771190Z ok 216 - signed initialization binds owner, random store ID and legacy ciphertext across phases
2026-09-23T13:54:53.5771740Z   ---
2026-09-23T13:54:53.5772030Z   duration_ms: 7.9465
2026-09-23T13:54:53.5772410Z   type: 'test'
2026-09-23T13:54:53.5772680Z   ...
2026-09-23T13:54:53.5773770Z # Subtest: a signed intent can pin the exact new store before creation without allowing resets
2026-09-23T13:54:53.5774530Z ok 217 - a signed intent can pin the exact new store before creation without allowing resets
2026-09-23T13:54:53.5774960Z   ---
2026-09-23T13:54:53.5775220Z   duration_ms: 7.16225
2026-09-23T13:54:53.5775480Z   type: 'test'
2026-09-23T13:54:53.5775720Z   ...
2026-09-23T13:54:53.8148720Z # (node:11419) ExperimentalWarning: SQLite is an experimental feature and might change at any time
2026-09-23T13:54:53.8220490Z # (Use `node --trace-warnings ...` to show where the warning was created)
2026-09-23T13:54:53.8222850Z # Subtest: staged import binds the actual legacy ciphertext and committed reopen never falls back
2026-09-23T13:54:53.8224720Z ok 218 - staged import binds the actual legacy ciphertext and committed reopen never falls back
2026-09-23T13:54:53.8225780Z   ---
2026-09-23T13:54:53.8226220Z   duration_ms: 24.316542
2026-09-23T13:54:53.8226750Z   type: 'test'
2026-09-23T13:54:53.8227080Z   ...
2026-09-23T13:54:53.8227930Z # Subtest: existing unbound, missing initialized and wrong-store databases fail without reset
2026-09-23T13:54:53.8228820Z ok 219 - existing unbound, missing initialized and wrong-store databases fail without reset
2026-09-23T13:54:53.8229730Z   ---
2026-09-23T13:54:53.8230120Z   duration_ms: 30.204375
2026-09-23T13:54:53.8230540Z   type: 'test'
2026-09-23T13:54:53.8238650Z   ...
2026-09-23T13:54:53.8239450Z # Subtest: changed legacy source cannot complete a signed preparation
2026-09-23T13:54:53.8240180Z ok 220 - changed legacy source cannot complete a signed preparation
2026-09-23T13:54:53.8240610Z   ---
2026-09-23T13:54:53.8241040Z   duration_ms: 7.668583
2026-09-23T13:54:53.8241440Z   type: 'test'
2026-09-23T13:54:53.8241760Z   ...
2026-09-23T13:54:53.8242430Z # Subtest: transaction wrapper cannot erase initialization or the current private document
2026-09-23T13:54:53.8243330Z ok 221 - transaction wrapper cannot erase initialization or the current private document
2026-09-23T13:54:53.8243830Z   ---
2026-09-23T13:54:53.8244170Z   duration_ms: 14.425917
2026-09-23T13:54:53.8244540Z   type: 'test'
2026-09-23T13:54:53.8245080Z   ...
2026-09-23T13:54:53.9622960Z # Subtest: real process death after prepared initialization boundary preserves resumable private bytes
2026-09-23T13:54:53.9623910Z ok 222 - real process death after prepared initialization boundary preserves resumable private bytes
2026-09-23T13:54:53.9624460Z   ---
2026-09-23T13:54:53.9624800Z   duration_ms: 148.600084
2026-09-23T13:54:53.9625170Z   type: 'test'
2026-09-23T13:54:53.9625360Z   ...
2026-09-23T13:54:54.1046650Z # Subtest: real process death after imported initialization boundary preserves resumable private bytes
2026-09-23T13:54:54.1047640Z ok 223 - real process death after imported initialization boundary preserves resumable private bytes
2026-09-23T13:54:54.1048070Z   ---
2026-09-23T13:54:54.1048370Z   duration_ms: 142.581708
2026-09-23T13:54:54.1048650Z   type: 'test'
2026-09-23T13:54:54.1048870Z   ...
2026-09-23T13:54:54.2765230Z # Subtest: real process death after committed initialization boundary preserves resumable private bytes
2026-09-23T13:54:54.2767360Z ok 224 - real process death after committed initialization boundary preserves resumable private bytes
2026-09-23T13:54:54.2768470Z   ---
2026-09-23T13:54:54.2769000Z   duration_ms: 149.236667
2026-09-23T13:54:54.2769510Z   type: 'test'
2026-09-23T13:54:54.2769910Z   ...
2026-09-23T13:54:54.2771140Z # Subtest: replay of the complete earlier initialization state is an explicit rollback limitation
2026-09-23T13:54:54.2772910Z ok 225 - replay of the complete earlier initialization state is an explicit rollback limitation
2026-09-23T13:54:54.2773860Z   ---
2026-09-23T13:54:54.2774320Z   duration_ms: 24.826333
2026-09-23T13:54:54.2774820Z   type: 'test'
2026-09-23T13:54:54.2775230Z   ...
2026-09-23T13:54:54.4325440Z # (node:11427) ExperimentalWarning: SQLite is an experimental feature and might change at any time
2026-09-23T13:54:54.4384170Z # (Use `node --trace-warnings ...` to show where the warning was created)
2026-09-23T13:54:54.4385340Z # Subtest: one running owner per profile, another profile remains independent, close permits restart
2026-09-23T13:54:54.4386190Z ok 226 - one running owner per profile, another profile remains independent, close permits restart
2026-09-23T13:54:54.4392000Z   ---
2026-09-23T13:54:54.4392290Z   duration_ms: 6.344541
2026-09-23T13:54:54.4392580Z   type: 'test'
2026-09-23T13:54:54.4392820Z   ...
2026-09-23T13:54:54.4393340Z # Subtest: empty initialization can recover but foreign or malformed metadata is refused
2026-09-23T13:54:54.4394320Z ok 227 - empty initialization can recover but foreign or malformed metadata is refused
2026-09-23T13:54:54.4394760Z   ---
2026-09-23T13:54:54.4394960Z   duration_ms: 8.416875
2026-09-23T13:54:54.4395160Z   type: 'test'
2026-09-23T13:54:54.4395300Z   ...
2026-09-23T13:54:54.8373280Z # (node:11429) ExperimentalWarning: SQLite is an experimental feature and might change at any time
2026-09-23T13:54:54.8388760Z # (Use `node --trace-warnings ...` to show where the warning was created)
2026-09-23T13:54:54.9537440Z # Subtest: runtime owns the profile through transport shutdown and rejects stale writes after recovery
2026-09-23T13:54:54.9555650Z ok 228 - runtime owns the profile through transport shutdown and rejects stale writes after recovery
2026-09-23T13:54:54.9560800Z   ---
2026-09-23T13:54:54.9564170Z   duration_ms: 217.877958
2026-09-23T13:54:54.9569000Z   type: 'test'
2026-09-23T13:54:54.9569400Z   ...
2026-09-23T13:54:54.9570060Z # Subtest: constructor failure releases ownership without resetting the existing profile
2026-09-23T13:54:54.9570870Z ok 229 - constructor failure releases ownership without resetting the existing profile
2026-09-23T13:54:54.9571480Z   ---
2026-09-23T13:54:54.9583310Z   duration_ms: 4.877458
2026-09-23T13:54:54.9593030Z   type: 'test'
2026-09-23T13:54:54.9593380Z   ...
2026-09-23T13:54:55.4684690Z # (node:11490) ExperimentalWarning: SQLite is an experimental feature and might change at any time
2026-09-23T13:54:55.4685780Z # (Use `node --trace-warnings ...` to show where the warning was created)
2026-09-23T13:54:55.4697030Z # Subtest: chunked private state is encrypted, persists exactly and shrinks atomically
2026-09-23T13:54:55.4698610Z ok 230 - chunked private state is encrypted, persists exactly and shrinks atomically
2026-09-23T13:54:55.4700430Z   ---
2026-09-23T13:54:55.4701300Z   duration_ms: 71.730917
2026-09-23T13:54:55.4704760Z   type: 'test'
2026-09-23T13:54:55.4705140Z   ...
2026-09-23T13:54:55.4705710Z # Subtest: private state and an authority fence commit together or both roll back, with digest CAS
2026-09-23T13:54:55.4706680Z ok 231 - private state and an authority fence commit together or both roll back, with digest CAS
2026-09-23T13:54:55.4707160Z   ---
2026-09-23T13:54:55.4707430Z   duration_ms: 12.338042
2026-09-23T13:54:55.4707900Z   type: 'test'
2026-09-23T13:54:55.4708690Z   ...
2026-09-23T13:54:55.4709270Z # Subtest: missing, orphan and hash-mismatched chunks fail closed rather than yielding partial state
2026-09-23T13:54:55.4710310Z ok 232 - missing, orphan and hash-mismatched chunks fail closed rather than yielding partial state
2026-09-23T13:54:55.4710870Z   ---
2026-09-23T13:54:55.4711150Z   duration_ms: 20.644875
2026-09-23T13:54:55.4711440Z   type: 'test'
2026-09-23T13:54:55.4711680Z   ...
2026-09-23T13:54:55.4712250Z # Subtest: the full declared private-state byte bound fits while oversize input makes no writes
2026-09-23T13:54:55.4713880Z ok 233 - the full declared private-state byte bound fits while oversize input makes no writes
2026-09-23T13:54:55.4714330Z   ---
2026-09-23T13:54:55.4716180Z   duration_ms: 263.093458
2026-09-23T13:54:55.4716470Z   type: 'test'
2026-09-23T13:54:55.4716700Z   ...
2026-09-23T13:54:56.1151390Z # Subtest: UI runtime selection rejects an ambiguous alias and launches the actual requested engine
2026-09-23T13:54:56.1166930Z ok 234 - UI runtime selection rejects an ambiguous alias and launches the actual requested engine
2026-09-23T13:54:56.1173630Z   ---
2026-09-23T13:54:56.1174840Z   duration_ms: 502.095167
2026-09-23T13:54:56.1175840Z   type: 'test'
2026-09-23T13:54:56.1177860Z   ...
2026-09-23T13:54:56.2420450Z # Subtest: scenario timeout trace preserves the active operation without recording request secrets
2026-09-23T13:54:56.2422790Z ok 235 - scenario timeout trace preserves the active operation without recording request secrets
2026-09-23T13:54:56.2423270Z   ---
2026-09-23T13:54:56.2423550Z   duration_ms: 2.961792
2026-09-23T13:54:56.2423830Z   type: 'test'
2026-09-23T13:54:56.2424070Z   ...
2026-09-23T13:54:56.7170660Z # (node:11728) ExperimentalWarning: SQLite is an experimental feature and might change at any time
2026-09-23T13:54:56.7171310Z # (Use `node --trace-warnings ...` to show where the warning was created)
2026-09-23T13:54:56.7234140Z # Subtest: inbound semantic ACL: forged public receipt/message and private wrong-reader mutation are hidden
2026-09-23T13:54:56.7235940Z ok 236 - inbound semantic ACL: forged public receipt/message and private wrong-reader mutation are hidden
2026-09-23T13:54:56.7236510Z   ---
2026-09-23T13:54:56.7236880Z   duration_ms: 174.478917
2026-09-23T13:54:56.7237190Z   type: 'test'
2026-09-23T13:54:56.7238540Z   ...
2026-09-23T13:54:57.0851910Z # Subtest: malformed unauthenticated HTTP paths return 400; service survives and auth boundary holds
2026-09-23T13:54:57.0853910Z ok 237 - malformed unauthenticated HTTP paths return 400; service survives and auth boundary holds
2026-09-23T13:54:57.0854400Z   ---
2026-09-23T13:54:57.0854670Z   duration_ms: 32.061542
2026-09-23T13:54:57.0854960Z   type: 'test'
2026-09-23T13:54:57.0855200Z   ...
2026-09-23T13:54:57.0855780Z # Subtest: private site draft and local deletion survive cache removal/restart without plaintext on disk
2026-09-23T13:54:57.0856590Z ok 238 - private site draft and local deletion survive cache removal/restart without plaintext on disk
2026-09-23T13:54:57.0857550Z   ---
2026-09-23T13:54:57.0858040Z   duration_ms: 253.484334
2026-09-23T13:54:57.0858330Z   type: 'test'
2026-09-23T13:54:57.0858570Z   ...
2026-09-23T13:54:58.0521180Z # Subtest: relay consent: no application-level cached serving while paused, positive control after enabling
2026-09-23T13:54:58.0528260Z ok 239 - relay consent: no application-level cached serving while paused, positive control after enabling
2026-09-23T13:54:58.0530200Z   ---
2026-09-23T13:54:58.0530420Z   duration_ms: 942.059208
2026-09-23T13:54:58.0530780Z   type: 'test'
2026-09-23T13:54:58.0530950Z   ...
2026-09-23T13:54:58.0531390Z # Subtest: deletion journal survives when publication itself evicts its unpinned original
2026-09-23T13:54:58.0532010Z ok 240 - deletion journal survives when publication itself evicts its unpinned original
2026-09-23T13:54:58.0532350Z   ---
2026-09-23T13:54:58.0532530Z   duration_ms: 113.903792
2026-09-23T13:54:58.0532720Z   type: 'test'
2026-09-23T13:54:58.0532870Z   ...
2026-09-23T13:54:58.2576110Z # Subtest: identity proof rejects small-order signing keys even when the underlying verifier accepts the equation
2026-09-23T13:54:58.2578580Z ok 241 - identity proof rejects small-order signing keys even when the underlying verifier accepts the equation
2026-09-23T13:54:58.2579370Z   ---
2026-09-23T13:54:58.2579990Z   duration_ms: 16.416458
2026-09-23T13:54:58.2580290Z   type: 'test'
2026-09-23T13:54:58.2580540Z   ...
2026-09-23T13:54:58.2586090Z # Subtest: the signing-key profile rejects all reference torsion points and noncanonical aliases without changing its input
2026-09-23T13:54:58.2588410Z ok 242 - the signing-key profile rejects all reference torsion points and noncanonical aliases without changing its input
2026-09-23T13:54:58.2588930Z   ---
2026-09-23T13:54:58.2589170Z   duration_ms: 13.668042
2026-09-23T13:54:58.2589390Z   type: 'test'
2026-09-23T13:54:58.2589630Z   ...
2026-09-23T13:54:58.6063160Z # Subtest: seeded virtual time is reproducible with independently generated secure fixtures
2026-09-23T13:54:58.6165130Z ok 243 - seeded virtual time is reproducible with independently generated secure fixtures
2026-09-23T13:54:58.6266810Z   ---
2026-09-23T13:54:58.6312170Z   duration_ms: 38.175459
2026-09-23T13:54:58.6413250Z   type: 'test'
2026-09-23T13:54:58.6513790Z   ...
2026-09-23T13:54:58.6614930Z # Subtest: loss, MTU fragmentation, partition/heal, low-power transition and SOS-before-bulk
2026-09-23T13:54:58.6636810Z ok 244 - loss, MTU fragmentation, partition/heal, low-power transition and SOS-before-bulk
2026-09-23T13:54:58.6657270Z   ---
2026-09-23T13:54:58.6689970Z   duration_ms: 9.540875
2026-09-23T13:54:58.6695090Z   type: 'test'
2026-09-23T13:54:58.6715830Z   ...
2026-09-23T13:54:58.6725510Z # Subtest: directed bandwidth, latency and MTU produce measurable asymmetric arrival times
2026-09-23T13:54:58.6726250Z ok 245 - directed bandwidth, latency and MTU produce measurable asymmetric arrival times
2026-09-23T13:54:58.6726680Z   ---
2026-09-23T13:54:58.6726940Z   duration_ms: 4.211834
2026-09-23T13:54:58.6727220Z   type: 'test'
2026-09-23T13:54:58.6727490Z   ...
2026-09-23T13:54:58.6728020Z # Subtest: congested bounded queues preserve SOS while bulk is deferred
2026-09-23T13:54:58.6728610Z ok 246 - congested bounded queues preserve SOS while bulk is deferred
2026-09-23T13:54:58.6734610Z   ---
2026-09-23T13:54:58.6734770Z   duration_ms: 6.222167
2026-09-23T13:54:58.6734960Z   type: 'test'
2026-09-23T13:54:58.6735110Z   ...
2026-09-23T13:54:58.6735490Z # Subtest: bounded cache distinguishes pinned exhaustion from unpinned eviction
2026-09-23T13:54:58.6736030Z ok 247 - bounded cache distinguishes pinned exhaustion from unpinned eviction
2026-09-23T13:54:58.6736320Z   ---
2026-09-23T13:54:58.6736480Z   duration_ms: 8.056666
2026-09-23T13:54:58.6736660Z   type: 'test'
2026-09-23T13:54:58.6736810Z   ...
2026-09-23T13:54:58.6737230Z # Subtest: TTL rejects in-flight expiration and retained replay respects the hop limit
2026-09-23T13:54:58.6737810Z ok 248 - TTL rejects in-flight expiration and retained replay respects the hop limit
2026-09-23T13:54:58.6738270Z   ---
2026-09-23T13:54:58.6738460Z   duration_ms: 5.207584
2026-09-23T13:54:58.6738630Z   type: 'test'
2026-09-23T13:54:58.6738770Z   ...
2026-09-23T13:54:58.6739160Z # Subtest: every-fourth-fragment fairness lets bulk advance during SOS pressure
2026-09-23T13:54:58.6739720Z ok 249 - every-fourth-fragment fairness lets bulk advance during SOS pressure
2026-09-23T13:54:58.6740020Z   ---
2026-09-23T13:54:58.6740190Z   duration_ms: 11.446084
2026-09-23T13:54:58.6740430Z   type: 'test'
2026-09-23T13:54:58.6740580Z   ...
2026-09-23T13:54:58.6741040Z # Subtest: real signature/chunk checks pass honest control and detect deliberately broken controls
2026-09-23T13:54:58.6741710Z ok 250 - real signature/chunk checks pass honest control and detect deliberately broken controls
2026-09-23T13:54:58.6742050Z   ---
2026-09-23T13:54:58.6742210Z   duration_ms: 15.516625
2026-09-23T13:54:58.6742390Z   type: 'test'
2026-09-23T13:54:58.6742540Z   ...
2026-09-23T13:54:58.6742950Z # Subtest: simulation rejects invalid transport bounds and complete report gates pass
2026-09-23T13:54:58.6743580Z ok 251 - simulation rejects invalid transport bounds and complete report gates pass
2026-09-23T13:54:58.6743940Z   ---
2026-09-23T13:54:58.6744100Z   duration_ms: 51.930333
2026-09-23T13:54:58.6744340Z   type: 'test'
2026-09-23T13:54:58.6744490Z   ...
2026-09-23T13:54:58.8694510Z # (node:11769) ExperimentalWarning: SQLite is an experimental feature and might change at any time
2026-09-23T13:54:58.8772750Z # (Use `node --trace-warnings ...` to show where the warning was created)
2026-09-23T13:54:59.4191760Z # Subtest: failed application profile commit cannot publish and a failed public copy remains recoverable
2026-09-23T13:54:59.4193650Z ok 252 - failed application profile commit cannot publish and a failed public copy remains recoverable
2026-09-23T13:54:59.4194130Z   ---
2026-09-23T13:54:59.4194410Z   duration_ms: 556.215791
2026-09-23T13:54:59.4194700Z   type: 'test'
2026-09-23T13:54:59.4194940Z   ...
2026-09-23T13:55:02.8186450Z # Subtest: the real application recovers its exact publication after process exit between authorization and public storage
2026-09-23T13:55:02.8284490Z ok 253 - the real application recovers its exact publication after process exit between authorization and public storage
2026-09-23T13:55:02.8337510Z   ---
2026-09-23T13:55:02.8389220Z   duration_ms: 3396.176333
2026-09-23T13:55:02.8392880Z   type: 'test'
2026-09-23T13:55:02.8393200Z   ...
2026-09-23T13:55:03.1585200Z # Subtest: a known newer head without bytes never falls back to an older site, including after profile unlock
2026-09-23T13:55:03.1590790Z ok 254 - a known newer head without bytes never falls back to an older site, including after profile unlock
2026-09-23T13:55:03.1592820Z   ---
2026-09-23T13:55:03.1593430Z   duration_ms: 340.747292
2026-09-23T13:55:03.1593990Z   type: 'test'
2026-09-23T13:55:03.1594230Z   ...
2026-09-23T13:55:03.4116280Z # Subtest: blocking a private-site reader pauses a committed copy and clears the publication error after resumption
2026-09-23T13:55:03.4117410Z ok 255 - blocking a private-site reader pauses a committed copy and clears the publication error after resumption
2026-09-23T13:55:03.4117830Z   ---
2026-09-23T13:55:03.4118040Z   duration_ms: 257.492875
2026-09-23T13:55:03.4121490Z   type: 'test'
2026-09-23T13:55:03.4121650Z   ...
2026-09-23T13:55:04.8996280Z # Subtest: real application APIs preserve revision identity, resolve updates and serve a new reader after the author exits
2026-09-23T13:55:04.9098030Z ok 256 - real application APIs preserve revision identity, resolve updates and serve a new reader after the author exits
2026-09-23T13:55:04.9197720Z   ---
2026-09-23T13:55:04.9298930Z   duration_ms: 1310.767542
2026-09-23T13:55:04.9399090Z   type: 'test'
2026-09-23T13:55:04.9523140Z   ...
2026-09-23T13:55:06.2383240Z # Subtest: private site APIs preserve reading scope and generic publication cannot bypass version authority
2026-09-23T13:55:06.2483730Z ok 257 - private site APIs preserve reading scope and generic publication cannot bypass version authority
2026-09-23T13:55:06.2583650Z   ---
2026-09-23T13:55:06.2656280Z   duration_ms: 1330.18225
2026-09-23T13:55:06.2656790Z   type: 'test'
2026-09-23T13:55:06.2657040Z   ...
2026-09-23T13:55:06.7549470Z # Subtest: a valid outer signature cannot smuggle another owner snapshot into application storage through TCP
2026-09-23T13:55:06.7550780Z ok 258 - a valid outer signature cannot smuggle another owner snapshot into application storage through TCP
2026-09-23T13:55:06.7552040Z   ---
2026-09-23T13:55:06.7552450Z   duration_ms: 525.829209
2026-09-23T13:55:06.7552830Z   type: 'test'
2026-09-23T13:55:06.7553150Z   ...
2026-09-23T13:55:07.9660490Z # Subtest: two installations with the same owner preserve a fork until the owner explicitly confirms all known heads
2026-09-23T13:55:07.9661440Z ok 259 - two installations with the same owner preserve a fork until the owner explicitly confirms all known heads
2026-09-23T13:55:07.9662170Z   ---
2026-09-23T13:55:07.9662640Z   duration_ms: 1212.752667
2026-09-23T13:55:07.9662910Z   type: 'test'
2026-09-23T13:55:07.9663160Z   ...
2026-09-23T13:55:09.2824580Z # (node:12054) ExperimentalWarning: SQLite is an experimental feature and might change at any time
2026-09-23T13:55:09.2825670Z # (Use `node --trace-warnings ...` to show where the warning was created)
2026-09-23T13:55:09.2854170Z # Subtest: actual process interruption at site prepare-before preserves the publication boundary
2026-09-23T13:55:09.2877430Z ok 260 - actual process interruption at site prepare-before preserves the publication boundary
2026-09-23T13:55:09.2911540Z   ---
2026-09-23T13:55:09.2914110Z   duration_ms: 240.869083
2026-09-23T13:55:09.2914450Z   type: 'test'
2026-09-23T13:55:09.2914690Z   ...
2026-09-23T13:55:09.2915180Z # Subtest: actual process interruption at site prepare-after preserves the publication boundary
2026-09-23T13:55:09.2916460Z ok 261 - actual process interruption at site prepare-after preserves the publication boundary
2026-09-23T13:55:09.2917780Z   ---
2026-09-23T13:55:09.2919290Z   duration_ms: 192.906375
2026-09-23T13:55:09.2919880Z   type: 'test'
2026-09-23T13:55:09.2920290Z   ...
2026-09-23T13:55:09.2921710Z # Subtest: actual process interruption at site commit-before preserves the publication boundary
2026-09-23T13:55:09.2923490Z ok 262 - actual process interruption at site commit-before preserves the publication boundary
2026-09-23T13:55:09.2924430Z   ---
2026-09-23T13:55:09.2924890Z   duration_ms: 222.204083
2026-09-23T13:55:09.2925390Z   type: 'test'
2026-09-23T13:55:09.2925780Z   ...
2026-09-23T13:55:09.2926950Z # Subtest: actual process interruption at site commit-after preserves the publication boundary
2026-09-23T13:55:09.2928650Z ok 263 - actual process interruption at site commit-after preserves the publication boundary
2026-09-23T13:55:09.2941610Z   ---
2026-09-23T13:55:09.2941890Z   duration_ms: 245.7945
2026-09-23T13:55:09.2942100Z   type: 'test'
2026-09-23T13:55:09.2942250Z   ...
2026-09-23T13:55:09.2942850Z # Subtest: actual process interruption at site copy preserves the publication boundary
2026-09-23T13:55:09.2943610Z ok 264 - actual process interruption at site copy preserves the publication boundary
2026-09-23T13:55:09.2944050Z   ---
2026-09-23T13:55:09.2944310Z   duration_ms: 238.521209
2026-09-23T13:55:09.2945160Z   type: 'test'
2026-09-23T13:55:09.2945350Z   ...
2026-09-23T13:55:09.5089190Z # (node:12067) ExperimentalWarning: SQLite is an experimental feature and might change at any time
2026-09-23T13:55:09.5090200Z # (Use `node --trace-warnings ...` to show where the warning was created)
2026-09-23T13:55:09.5109160Z # Subtest: site transactions share the real bound application profile without changing its existing private state
2026-09-23T13:55:09.5112130Z ok 265 - site transactions share the real bound application profile without changing its existing private state
2026-09-23T13:55:09.5112580Z   ---
2026-09-23T13:55:09.5112860Z   duration_ms: 59.862125
2026-09-23T13:55:09.5113140Z   type: 'test'
2026-09-23T13:55:09.5113340Z   ...
2026-09-23T13:55:10.0117800Z # (node:12069) ExperimentalWarning: SQLite is an experimental feature and might change at any time
2026-09-23T13:55:10.0118790Z # (Use `node --trace-warnings ...` to show where the warning was created)
2026-09-23T13:55:10.0133050Z # Subtest: catalog atomically persists preparation, authorization and exact public-copy recovery across database restart
2026-09-23T13:55:10.0135650Z ok 266 - catalog atomically persists preparation, authorization and exact public-copy recovery across database restart
2026-09-23T13:55:10.0140410Z   ---
2026-09-23T13:55:10.0141920Z   duration_ms: 102.627875
2026-09-23T13:55:10.0142370Z   type: 'test'
2026-09-23T13:55:10.0142690Z   ...
2026-09-23T13:55:10.0143460Z # Subtest: another signed head appearing before authorization supersedes a private preparation without publishing it
2026-09-23T13:55:10.0144570Z ok 267 - another signed head appearing before authorization supersedes a private preparation without publishing it
2026-09-23T13:55:10.0145160Z   ---
2026-09-23T13:55:10.0145930Z   duration_ms: 40.549125
2026-09-23T13:55:10.0146330Z   type: 'test'
2026-09-23T13:55:10.0146660Z   ...
2026-09-23T13:55:10.0147460Z # Subtest: staging capacity failure cannot leave a catalog entry, partial bundle or changed prior operation
2026-09-23T13:55:10.0148420Z ok 268 - staging capacity failure cannot leave a catalog entry, partial bundle or changed prior operation
2026-09-23T13:55:10.0149000Z   ---
2026-09-23T13:55:10.0149330Z   duration_ms: 41.147459
2026-09-23T13:55:10.0151760Z   type: 'test'
2026-09-23T13:55:10.0152130Z   ...
2026-09-23T13:55:10.0152900Z # Subtest: expired preparations remain recoverable as terminal outcomes without treating the profile as corrupt
2026-09-23T13:55:10.0153890Z ok 269 - expired preparations remain recoverable as terminal outcomes without treating the profile as corrupt
2026-09-23T13:55:10.0187770Z   ---
2026-09-23T13:55:10.0188700Z   duration_ms: 74.991208
2026-09-23T13:55:10.0189090Z   type: 'test'
2026-09-23T13:55:10.0189330Z   ...
2026-09-23T13:55:10.0190440Z # Subtest: public retries recover the exact first envelope; private retries cannot silently change a reading envelope
2026-09-23T13:55:10.0191440Z ok 270 - public retries recover the exact first envelope; private retries cannot silently change a reading envelope
2026-09-23T13:55:10.0192090Z   ---
2026-09-23T13:55:10.0192430Z   duration_ms: 47.99225
2026-09-23T13:55:10.0192760Z   type: 'test'
2026-09-23T13:55:10.0192950Z   ...
2026-09-23T13:55:10.0193410Z # Subtest: repeated verified observations do not rewrite the encrypted catalog
2026-09-23T13:55:10.0194100Z ok 271 - repeated verified observations do not rewrite the encrypted catalog
2026-09-23T13:55:10.0194450Z   ---
2026-09-23T13:55:10.0194700Z   duration_ms: 32.265709
2026-09-23T13:55:10.0194960Z   type: 'test'
2026-09-23T13:55:10.0195150Z   ...
2026-09-23T13:55:10.2666420Z # Subtest: complete declarative snapshots bind a signed revision to the payload and envelope signing owner
2026-09-23T13:55:10.2667480Z ok 272 - complete declarative snapshots bind a signed revision to the payload and envelope signing owner
2026-09-23T13:55:10.2667990Z   ---
2026-09-23T13:55:10.2668310Z   duration_ms: 62.15525
2026-09-23T13:55:10.2668590Z   type: 'test'
2026-09-23T13:55:10.2668780Z   ...
2026-09-23T13:55:10.2671490Z # Subtest: snapshots reject unsigned additions, malformed declarative documents and changed signed payloads
2026-09-23T13:55:10.2672880Z ok 273 - snapshots reject unsigned additions, malformed declarative documents and changed signed payloads
2026-09-23T13:55:10.2673540Z   ---
2026-09-23T13:55:10.2673940Z   duration_ms: 3.27825
2026-09-23T13:55:10.2674340Z   type: 'test'
2026-09-23T13:55:10.2674670Z   ...
2026-09-23T13:55:11.8430190Z # (node:12074) ExperimentalWarning: SQLite is an experimental feature and might change at any time
2026-09-23T13:55:11.8431230Z # (Use `node --trace-warnings ...` to show where the warning was created)
2026-09-23T13:55:11.8441840Z # Subtest: intent commits without a visitor signature; later signing survives reopen with private consent and no public store
2026-09-23T13:55:11.8443210Z ok 274 - intent commits without a visitor signature; later signing survives reopen with private consent and no public store
2026-09-23T13:55:11.8444020Z   ---
2026-09-23T13:55:11.8444530Z   duration_ms: 77.387958
2026-09-23T13:55:11.8444870Z   type: 'test'
2026-09-23T13:55:11.8445340Z   ...
2026-09-23T13:55:11.8446180Z # Subtest: failed transactions and changed policy retain a prepared intent without handing out a signature
2026-09-23T13:55:11.8447150Z ok 275 - failed transactions and changed policy retain a prepared intent without handing out a signature
2026-09-23T13:55:11.8447890Z   ---
2026-09-23T13:55:11.8448300Z   duration_ms: 44.944917
2026-09-23T13:55:11.8448670Z   type: 'test'
2026-09-23T13:55:11.8449010Z   ...
2026-09-23T13:55:11.8449860Z # Subtest: expiry and cancellation keep retired sequence outcomes and never renew a signature
2026-09-23T13:55:11.8454630Z ok 276 - expiry and cancellation keep retired sequence outcomes and never renew a signature
2026-09-23T13:55:11.8455190Z   ---
2026-09-23T13:55:11.8455740Z   duration_ms: 539.563292
2026-09-23T13:55:11.8456080Z   type: 'test'
2026-09-23T13:55:11.8456460Z   ...
2026-09-23T13:55:11.8457240Z # Subtest: private contribution storage refuses missing-stage without resetting an intent
2026-09-23T13:55:11.8457990Z ok 277 - private contribution storage refuses missing-stage without resetting an intent
2026-09-23T13:55:11.8458320Z   ---
2026-09-23T13:55:11.8458480Z   duration_ms: 12.718083
2026-09-23T13:55:11.8458670Z   type: 'test'
2026-09-23T13:55:11.8458980Z   ...
2026-09-23T13:55:11.8459550Z # Subtest: private contribution storage refuses wrong-source without resetting an intent
2026-09-23T13:55:11.8460350Z ok 278 - private contribution storage refuses wrong-source without resetting an intent
2026-09-23T13:55:11.8460860Z   ---
2026-09-23T13:55:11.8461090Z   duration_ms: 16.183125
2026-09-23T13:55:11.8461410Z   type: 'test'
2026-09-23T13:55:11.8461600Z   ...
2026-09-23T13:55:11.8462880Z # Subtest: private contribution storage refuses read-key without resetting an intent
2026-09-23T13:55:11.8463740Z ok 279 - private contribution storage refuses read-key without resetting an intent
2026-09-23T13:55:11.8464240Z   ---
2026-09-23T13:55:11.8464500Z   duration_ms: 21.231791
2026-09-23T13:55:11.8464780Z   type: 'test'
2026-09-23T13:55:11.8465000Z   ...
2026-09-23T13:55:11.8465610Z # Subtest: real abrupt process exit before-intent-commit preserves the intent and fixed certificate identity
2026-09-23T13:55:11.8466540Z ok 280 - real abrupt process exit before-intent-commit preserves the intent and fixed certificate identity
2026-09-23T13:55:11.8467000Z   ---
2026-09-23T13:55:11.8467270Z   duration_ms: 235.942
2026-09-23T13:55:11.8467580Z   type: 'test'
2026-09-23T13:55:11.8467870Z   ...
2026-09-23T13:55:11.8468480Z # Subtest: real abrupt process exit after-intent preserves the intent and fixed certificate identity
2026-09-23T13:55:11.8469290Z ok 281 - real abrupt process exit after-intent preserves the intent and fixed certificate identity
2026-09-23T13:55:11.8469740Z   ---
2026-09-23T13:55:11.8469950Z   duration_ms: 212.508625
2026-09-23T13:55:11.8470220Z   type: 'test'
2026-09-23T13:55:11.8470470Z   ...
2026-09-23T13:55:11.8470990Z # Subtest: real abrupt process exit after-signature preserves the intent and fixed certificate identity
2026-09-23T13:55:11.8472120Z ok 282 - real abrupt process exit after-signature preserves the intent and fixed certificate identity
2026-09-23T13:55:11.8472640Z   ---
2026-09-23T13:55:11.8472900Z   duration_ms: 186.984833
2026-09-23T13:55:11.8473200Z   type: 'test'
2026-09-23T13:55:11.8473510Z   ...
2026-09-23T13:55:11.8474040Z # Subtest: preparation quota failure rolls back stage and sequence before any signature exists
2026-09-23T13:55:11.8475060Z ok 283 - preparation quota failure rolls back stage and sequence before any signature exists
2026-09-23T13:55:11.8475530Z   ---
2026-09-23T13:55:11.8475750Z   duration_ms: 50.78575
2026-09-23T13:55:11.8475990Z   type: 'test'
2026-09-23T13:55:11.8477730Z   ...
2026-09-23T13:55:11.8478380Z # Subtest: a proposal expiring during the policy check cannot commit a new signature
2026-09-23T13:55:11.8479110Z ok 284 - a proposal expiring during the policy check cannot commit a new signature
2026-09-23T13:55:11.8479630Z   ---
2026-09-23T13:55:11.8479890Z   duration_ms: 17.645459
2026-09-23T13:55:11.8480230Z   type: 'test'
2026-09-23T13:55:11.8480490Z   ...
2026-09-23T13:55:12.1122000Z # Subtest: form query is a copied closed locator, never executable input or caller-supplied permission
2026-09-23T13:55:12.1123610Z ok 285 - form query is a copied closed locator, never executable input or caller-supplied permission
2026-09-23T13:55:12.1149450Z   ---
2026-09-23T13:55:12.1150510Z   duration_ms: 0.627041
2026-09-23T13:55:12.1151260Z   type: 'test'
2026-09-23T13:55:12.1151640Z   ...
2026-09-23T13:55:12.1152420Z # Subtest: real snapshot lookup authenticates author, reader access and visitor policy without returning table rows
2026-09-23T13:55:12.1153500Z ok 286 - real snapshot lookup authenticates author, reader access and visitor policy without returning table rows
2026-09-23T13:55:12.1155200Z   ---
2026-09-23T13:55:12.1155800Z   duration_ms: 94.48675
2026-09-23T13:55:12.1156140Z   type: 'test'
2026-09-23T13:55:12.1157690Z   ...
2026-09-23T13:55:12.3555340Z # Subtest: private proposal envelope binds actual author, exactly two logical readers and the original certificate deadline
2026-09-23T13:55:12.3655840Z ok 287 - private proposal envelope binds actual author, exactly two logical readers and the original certificate deadline
2026-09-23T13:55:12.3665290Z   ---
2026-09-23T13:55:12.3665850Z   duration_ms: 75.562709
2026-09-23T13:55:12.3667000Z   type: 'test'
2026-09-23T13:55:12.3668820Z   ...
2026-09-23T13:55:20.0098240Z # Subtest: Node, portable and real Go inbox transitions agree on replay, finite retention, conflicts and quotas
2026-09-23T13:55:20.0222360Z ok 288 - Node, portable and real Go inbox transitions agree on replay, finite retention, conflicts and quotas
2026-09-23T13:55:20.0314140Z   ---
2026-09-23T13:55:20.0317520Z   duration_ms: 7477.359667
2026-09-23T13:55:20.0343040Z   type: 'test'
2026-09-23T13:55:20.0389210Z   ...
2026-09-23T13:55:21.3944940Z # (node:12407) ExperimentalWarning: SQLite is an experimental feature and might change at any time
2026-09-23T13:55:21.3945850Z # (Use `node --trace-warnings ...` to show where the warning was created)
2026-09-23T13:55:21.3964980Z # Subtest: private inbox preserves verified source and proposal across reopening, separately from sender staging
2026-09-23T13:55:21.3966170Z ok 289 - private inbox preserves verified source and proposal across reopening, separately from sender staging
2026-09-23T13:55:21.3966710Z   ---
2026-09-23T13:55:21.3967130Z   duration_ms: 116.173625
2026-09-23T13:55:21.3967600Z   type: 'test'
2026-09-23T13:55:21.3967890Z   ...
2026-09-23T13:55:21.3968680Z # Subtest: repackaging is idempotent and a conflicting visitor UUID cannot replace the original candidate
2026-09-23T13:55:21.3973590Z ok 290 - repackaging is idempotent and a conflicting visitor UUID cannot replace the original candidate
2026-09-23T13:55:21.3974240Z   ---
2026-09-23T13:55:21.3974660Z   duration_ms: 68.064084
2026-09-23T13:55:21.3976500Z   type: 'test'
2026-09-23T13:55:21.3987070Z   ...
2026-09-23T13:55:21.3987660Z # Subtest: an interrupted admission/source transaction rolls back without losing the earlier proof
2026-09-23T13:55:21.3988440Z ok 291 - an interrupted admission/source transaction rolls back without losing the earlier proof
2026-09-23T13:55:21.3988890Z   ---
2026-09-23T13:55:21.3989100Z   duration_ms: 47.442541
2026-09-23T13:55:21.3989380Z   type: 'test'
2026-09-23T13:55:21.3989670Z   ...
2026-09-23T13:55:21.3990240Z # Subtest: expiry removes private payloads but keeps replay metadata for the bounded retention window
2026-09-23T13:55:21.3991030Z ok 292 - expiry removes private payloads but keeps replay metadata for the bounded retention window
2026-09-23T13:55:21.3991440Z   ---
2026-09-23T13:55:21.3991750Z   duration_ms: 52.657666
2026-09-23T13:55:21.3992080Z   type: 'test'
2026-09-23T13:55:21.3997390Z   ...
2026-09-23T13:55:21.3998510Z # Subtest: unreadable/public proposals, wrong source and revoked policy never become verified candidates
2026-09-23T13:55:21.3999690Z ok 293 - unreadable/public proposals, wrong source and revoked policy never become verified candidates
2026-09-23T13:55:21.4000200Z   ---
2026-09-23T13:55:21.4000540Z   duration_ms: 57.826834
2026-09-23T13:55:21.4000890Z   type: 'test'
2026-09-23T13:55:21.4001170Z   ...
2026-09-23T13:55:21.4001870Z # Subtest: tampered retained evidence is an integrity failure, never repaired into a new proposal
2026-09-23T13:55:21.4002740Z ok 294 - tampered retained evidence is an integrity failure, never repaired into a new proposal
2026-09-23T13:55:21.4003200Z   ---
2026-09-23T13:55:21.4003510Z   duration_ms: 31.041625
2026-09-23T13:55:21.4003860Z   type: 'test'
2026-09-23T13:55:21.4004100Z   ...
2026-09-23T13:55:21.4005000Z # Subtest: journal quotas preserve pending entries and conflict floods have bounded descriptors and writes
2026-09-23T13:55:21.4007190Z ok 295 - journal quotas preserve pending entries and conflict floods have bounded descriptors and writes
2026-09-23T13:55:21.4007690Z   ---
2026-09-23T13:55:21.4008030Z   duration_ms: 111.103541
2026-09-23T13:55:21.4008380Z   type: 'test'
2026-09-23T13:55:21.4008640Z   ...
2026-09-23T13:55:21.4009300Z # Subtest: explicit dismissal is atomic, releases only selected proof quota and survives replay/reopen
2026-09-23T13:55:21.4010160Z ok 296 - explicit dismissal is atomic, releases only selected proof quota and survives replay/reopen
2026-09-23T13:55:21.4010590Z   ---
2026-09-23T13:55:21.4010870Z   duration_ms: 84.595333
2026-09-23T13:55:21.4011220Z   type: 'test'
2026-09-23T13:55:21.4011440Z   ...
2026-09-23T13:55:21.4012040Z # Subtest: dismissing unverified proposal frees admission quota without evicting other pending proposals
2026-09-23T13:55:21.4013820Z ok 297 - dismissing unverified proposal frees admission quota without evicting other pending proposals
2026-09-23T13:55:21.4014280Z   ---
2026-09-23T13:55:21.4014530Z   duration_ms: 81.465875
2026-09-23T13:55:21.4014780Z   type: 'test'
2026-09-23T13:55:21.4015010Z   ...
2026-09-23T13:55:21.4015570Z # Subtest: dismissal cannot hide corruption in private proof
2026-09-23T13:55:21.4028120Z ok 298 - dismissal cannot hide corruption in private proof
2026-09-23T13:55:21.4028460Z   ---
2026-09-23T13:55:21.4028780Z   duration_ms: 21.194542
2026-09-23T13:55:21.4029010Z   type: 'test'
2026-09-23T13:55:21.4029240Z   ...
2026-09-23T13:55:21.4029890Z # Subtest: owner receipt intent survives dismiss and resumes one exact private envelope after reopen
2026-09-23T13:55:21.4041470Z ok 299 - owner receipt intent survives dismiss and resumes one exact private envelope after reopen
2026-09-23T13:55:21.4043020Z   ---
2026-09-23T13:55:21.4052740Z   duration_ms: 98.296375
2026-09-23T13:55:21.4053240Z   type: 'test'
2026-09-23T13:55:21.4053660Z   ...
2026-09-23T13:55:21.4054440Z # Subtest: owner receipt intent survives expire and resumes one exact private envelope after reopen
2026-09-23T13:55:21.4055410Z ok 300 - owner receipt intent survives expire and resumes one exact private envelope after reopen
2026-09-23T13:55:21.4056930Z   ---
2026-09-23T13:55:21.4057290Z   duration_ms: 94.373375
2026-09-23T13:55:21.4057740Z   type: 'test'
2026-09-23T13:55:21.4058850Z   ...
2026-09-23T13:55:21.4059400Z # Subtest: legacy verified inbox migrates only from retained authenticated source
2026-09-23T13:55:21.4060430Z ok 301 - legacy verified inbox migrates only from retained authenticated source
2026-09-23T13:55:21.4061450Z   ---
2026-09-23T13:55:21.4061720Z   duration_ms: 38.479583
2026-09-23T13:55:21.4062020Z   type: 'test'
2026-09-23T13:55:21.4062290Z   ...
2026-09-23T13:55:21.4062800Z # Subtest: legacy discarded inbox migrates only from retained authenticated source
2026-09-23T13:55:21.4063520Z ok 302 - legacy discarded inbox migrates only from retained authenticated source
2026-09-23T13:55:21.4063940Z   ---
2026-09-23T13:55:21.4064170Z   duration_ms: 32.062042
2026-09-23T13:55:21.4064470Z   type: 'test'
2026-09-23T13:55:21.4064730Z   ...
2026-09-23T13:55:21.4065390Z # Subtest: owner refusal (missing source) persists exact private result through reopen and enforces CAS
2026-09-23T13:55:21.4066340Z ok 303 - owner refusal (missing source) persists exact private result through reopen and enforces CAS
2026-09-23T13:55:21.4066800Z   ---
2026-09-23T13:55:21.4067030Z   duration_ms: 108.199208
2026-09-23T13:55:21.4067310Z   type: 'test'
2026-09-23T13:55:21.4067500Z   ...
2026-09-23T13:55:21.4068130Z # Subtest: owner refusal (verified source) persists exact private result through reopen and enforces CAS
2026-09-23T13:55:21.4069090Z ok 304 - owner refusal (verified source) persists exact private result through reopen and enforces CAS
2026-09-23T13:55:21.4069490Z   ---
2026-09-23T13:55:21.4069740Z   duration_ms: 127.683708
2026-09-23T13:55:21.4070090Z   type: 'test'
2026-09-23T13:55:21.4070330Z   ...
2026-09-23T13:55:22.6540470Z # Subtest: Node, portable crypto and Go agree on visitor proposals, schemas and negative authorization vectors
2026-09-23T13:55:22.6542110Z ok 305 - Node, portable crypto and Go agree on visitor proposals, schemas and negative authorization vectors
2026-09-23T13:55:22.6542780Z   ---
2026-09-23T13:55:22.6543020Z   duration_ms: 1080.928333
2026-09-23T13:55:22.6543370Z   type: 'test'
2026-09-23T13:55:22.6543650Z   ...
2026-09-23T13:55:24.0302040Z # Subtest: Node, portable and Go contribution journals agree on canonical requests, retained transitions and rejected corruption
2026-09-23T13:55:24.0304660Z ok 306 - Node, portable and Go contribution journals agree on canonical requests, retained transitions and rejected corruption
2026-09-23T13:55:24.0307230Z   ---
2026-09-23T13:55:24.0310380Z   duration_ms: 1194.412708
2026-09-23T13:55:24.0310820Z   type: 'test'
2026-09-23T13:55:24.0311210Z   ...
2026-09-23T13:55:26.0338630Z # (node:12452) ExperimentalWarning: SQLite is an experimental feature and might change at any time
2026-09-23T13:55:26.0339620Z # (Use `node --trace-warnings ...` to show where the warning was created)
2026-09-23T13:55:26.0353260Z # Subtest: queued source and envelope survive restart while a second preparation uses its own slot
2026-09-23T13:55:26.0354160Z ok 307 - queued source and envelope survive restart while a second preparation uses its own slot
2026-09-23T13:55:26.0354730Z   ---
2026-09-23T13:55:26.0356180Z   duration_ms: 183.219583
2026-09-23T13:55:26.0356520Z   type: 'test'
2026-09-23T13:55:26.0357410Z   ...
2026-09-23T13:55:26.0359470Z # Subtest: queue transaction rollback retains the signed envelope and never frees a preparation early
2026-09-23T13:55:26.0360420Z ok 308 - queue transaction rollback retains the signed envelope and never frees a preparation early
2026-09-23T13:55:26.0360900Z   ---
2026-09-23T13:55:26.0361240Z   duration_ms: 71.822542
2026-09-23T13:55:26.0361600Z   type: 'test'
2026-09-23T13:55:26.0361910Z   ...
2026-09-23T13:55:26.0469460Z # Subtest: queued expiry retires private payload but retains packet identity for cancellation
2026-09-23T13:55:26.0487400Z ok 309 - queued expiry retires private payload but retains packet identity for cancellation
2026-09-23T13:55:26.0489830Z   ---
2026-09-23T13:55:26.0491890Z   duration_ms: 55.092583
2026-09-23T13:55:26.0492310Z   type: 'test'
2026-09-23T13:55:26.0493030Z   ...
2026-09-23T13:55:26.0495060Z # Subtest: 32 pending queues apply backpressure without losing old payloads or the current prepared envelope
2026-09-23T13:55:26.0496240Z ok 310 - 32 pending queues apply backpressure without losing old payloads or the current prepared envelope
2026-09-23T13:55:26.0497810Z   ---
2026-09-23T13:55:26.0501610Z   duration_ms: 1475.719209
2026-09-23T13:55:26.0501950Z   type: 'test'
2026-09-23T13:55:26.0502250Z   ...
2026-09-23T13:55:26.0503820Z # Subtest: missing queued payload is corruption, not an excuse to create new bytes or cancel a different stage
2026-09-23T13:55:26.0505040Z ok 311 - missing queued payload is corruption, not an excuse to create new bytes or cancel a different stage
2026-09-23T13:55:26.0506990Z   ---
2026-09-23T13:55:26.0507320Z   duration_ms: 48.368542
2026-09-23T13:55:26.0507640Z   type: 'test'
2026-09-23T13:55:26.0508710Z   ...
2026-09-23T13:55:27.0358910Z # Subtest: owner reception receipts bind the original proposal and exact private envelope across Node, portable crypto and Go
2026-09-23T13:55:27.0364800Z ok 312 - owner reception receipts bind the original proposal and exact private envelope across Node, portable crypto and Go
2026-09-23T13:55:27.0366000Z   ---
2026-09-23T13:55:27.0366350Z   duration_ms: 788.433209
2026-09-23T13:55:27.0367130Z   type: 'test'
2026-09-23T13:55:27.0367720Z   ...
2026-09-23T13:55:28.9121760Z # Subtest: receipt admission requires exact copied intent, retains cancellation/expiry and never revives a retired operation
2026-09-23T13:55:28.9126880Z ok 313 - receipt admission requires exact copied intent, retains cancellation/expiry and never revives a retired operation
2026-09-23T13:55:28.9228750Z   ---
2026-09-23T13:55:28.9329870Z   duration_ms: 1658.24925
2026-09-23T13:55:28.9431160Z   type: 'test'
2026-09-23T13:55:28.9515270Z   ...
2026-09-23T13:55:29.9851940Z # Subtest: owner refusals bind the original proposal and exact private envelope across Node, portable crypto and Go
2026-09-23T13:55:29.9863160Z ok 314 - owner refusals bind the original proposal and exact private envelope across Node, portable crypto and Go
2026-09-23T13:55:29.9941480Z   ---
2026-09-23T13:55:29.9942550Z   duration_ms: 862.302958
2026-09-23T13:55:29.9943530Z   type: 'test'
2026-09-23T13:55:29.9945780Z   ...
2026-09-23T13:55:30.4043770Z # Subtest: declarative form binds all typed columns, preserves zero/false and never executes values
2026-09-23T13:55:30.4145730Z ok 315 - declarative form binds all typed columns, preserves zero/false and never executes values
2026-09-23T13:55:30.4245490Z   ---
2026-09-23T13:55:30.4270490Z   duration_ms: 6.060583
2026-09-23T13:55:30.4271120Z   type: 'test'
2026-09-23T13:55:30.4272430Z   ...
2026-09-23T13:55:30.4274200Z # Subtest: form and value parsing reject active accessors, sparse lists, unknown fields and oversized inputs
2026-09-23T13:55:30.4275220Z ok 316 - form and value parsing reject active accessors, sparse lists, unknown fields and oversized inputs
2026-09-23T13:55:30.4275820Z   ---
2026-09-23T13:55:30.4276060Z   duration_ms: 0.534833
2026-09-23T13:55:30.4276470Z   type: 'test'
2026-09-23T13:55:30.4276700Z   ...
2026-09-23T13:55:30.4277240Z # Subtest: Node visitor signatures verify across adapters but cannot become owner revisions
2026-09-23T13:55:30.4278020Z ok 317 - Node visitor signatures verify across adapters but cannot become owner revisions
2026-09-23T13:55:30.4278430Z   ---
2026-09-23T13:55:30.4278680Z   duration_ms: 64.860083
2026-09-23T13:55:30.4278970Z   type: 'test'
2026-09-23T13:55:30.4279210Z   ...
2026-09-23T13:55:30.4279770Z # Subtest: portable visitor signatures verify across adapters but cannot become owner revisions
2026-09-23T13:55:30.4280570Z ok 318 - portable visitor signatures verify across adapters but cannot become owner revisions
2026-09-23T13:55:30.4280970Z   ---
2026-09-23T13:55:30.4281300Z   duration_ms: 45.958542
2026-09-23T13:55:30.4281520Z   type: 'test'
2026-09-23T13:55:30.4282170Z   ...
2026-09-23T13:55:30.4282800Z # Subtest: site/form/schema/base and the visitor's maximum publication audience are bound independently
2026-09-23T13:55:30.4283550Z ok 319 - site/form/schema/base and the visitor's maximum publication audience are bound independently
2026-09-23T13:55:30.4284080Z   ---
2026-09-23T13:55:30.4284370Z   duration_ms: 9.918792
2026-09-23T13:55:30.4284690Z   type: 'test'
2026-09-23T13:55:30.4284970Z   ...
2026-09-23T13:55:30.4285510Z # Subtest: expiry and clock checks apply to admission, while historical signatures stay verifiable
2026-09-23T13:55:30.4286290Z ok 320 - expiry and clock checks apply to admission, while historical signatures stay verifiable
2026-09-23T13:55:30.4286720Z   ---
2026-09-23T13:55:30.4286960Z   duration_ms: 28.825291
2026-09-23T13:55:30.4287310Z   type: 'test'
2026-09-23T13:55:30.4287570Z   ...
2026-09-23T13:55:30.4288140Z # Subtest: private submission remains encrypted even when the visitor consents to later public adoption
2026-09-23T13:55:30.4288970Z ok 321 - private submission remains encrypted even when the visitor consents to later public adoption
2026-09-23T13:55:30.4289480Z   ---
2026-09-23T13:55:30.4289750Z   duration_ms: 8.322292
2026-09-23T13:55:30.4290080Z   type: 'test'
2026-09-23T13:55:30.4290260Z   ...
2026-09-23T13:55:30.9725700Z # Subtest: Node and a real Go process agree on bounded declarative table vectors
2026-09-23T13:55:30.9728510Z ok 322 - Node and a real Go process agree on bounded declarative table vectors
2026-09-23T13:55:30.9729000Z   ---
2026-09-23T13:55:30.9729410Z   duration_ms: 443.330834
2026-09-23T13:55:30.9729770Z   type: 'test'
2026-09-23T13:55:30.9730030Z   ...
2026-09-23T13:55:31.1038600Z # Subtest: signed table projection sorts numeric values, keeps null last, and leaves source bytes unchanged
2026-09-23T13:55:31.1039900Z ok 323 - signed table projection sorts numeric values, keeps null last, and leaves source bytes unchanged
2026-09-23T13:55:31.1040480Z   ---
2026-09-23T13:55:31.1045380Z   duration_ms: 2.798958
2026-09-23T13:55:31.1046460Z   type: 'test'
2026-09-23T13:55:31.1046670Z   ...
2026-09-23T13:55:31.1047580Z # Subtest: literal search never evaluates code or patterns and pagination stays finite on empty and boundary queries
2026-09-23T13:55:31.1048930Z ok 324 - literal search never evaluates code or patterns and pagination stays finite on empty and boundary queries
2026-09-23T13:55:31.1049440Z   ---
2026-09-23T13:55:31.1049770Z   duration_ms: 0.721667
2026-09-23T13:55:31.1050130Z   type: 'test'
2026-09-23T13:55:31.1050350Z   ...
2026-09-23T13:55:31.1051080Z # Subtest: table shape, dates, links, column types and finite limits reject negative controls
2026-09-23T13:55:31.1051880Z ok 325 - table shape, dates, links, column types and finite limits reject negative controls
2026-09-23T13:55:31.1052870Z   ---
2026-09-23T13:55:31.1053180Z   duration_ms: 1.035833
2026-09-23T13:55:31.1053460Z   type: 'test'
2026-09-23T13:55:31.1053730Z   ...
2026-09-23T13:55:31.1054240Z # Subtest: nested getters and noncanonical arrays are rejected before executing accessors
2026-09-23T13:55:31.1054990Z ok 326 - nested getters and noncanonical arrays are rejected before executing accessors
2026-09-23T13:55:31.1055440Z   ---
2026-09-23T13:55:31.1055730Z   duration_ms: 0.659292
2026-09-23T13:55:31.1056070Z   type: 'test'
2026-09-23T13:55:31.1056260Z   ...
2026-09-23T13:55:31.1056990Z # Subtest: table byte quota counts UTF-8 bytes and canonical field names, with both sides of the boundary
2026-09-23T13:55:31.1057830Z ok 327 - table byte quota counts UTF-8 bytes and canonical field names, with both sides of the boundary
2026-09-23T13:55:31.1058260Z   ---
2026-09-23T13:55:31.1058520Z   duration_ms: 1.644792
2026-09-23T13:55:31.1058770Z   type: 'test'
2026-09-23T13:55:31.1058950Z   ...
2026-09-23T13:55:31.1059550Z # Subtest: CSV handles quoted commas, quotes and newlines as literal text without guessing numeric identities
2026-09-23T13:55:31.1060370Z ok 328 - CSV handles quoted commas, quotes and newlines as literal text without guessing numeric identities
2026-09-23T13:55:31.1061080Z   ---
2026-09-23T13:55:31.1061400Z   duration_ms: 0.736416
2026-09-23T13:55:31.1061750Z   type: 'test'
2026-09-23T13:55:31.1061990Z   ...
2026-09-23T13:55:31.1062550Z # Subtest: CSV export neutralises spreadsheet formulas without changing signed table values
2026-09-23T13:55:31.1063350Z ok 329 - CSV export neutralises spreadsheet formulas without changing signed table values
2026-09-23T13:55:31.1063850Z   ---
2026-09-23T13:55:31.1064110Z   duration_ms: 0.1955
2026-09-23T13:55:31.1064380Z   type: 'test'
2026-09-23T13:55:31.1064590Z   ...
2026-09-23T13:55:31.1065120Z # Subtest: typed editing preserves incomplete numbers for validation rather than erasing them
2026-09-23T13:55:31.1066240Z ok 330 - typed editing preserves incomplete numbers for validation rather than erasing them
2026-09-23T13:55:31.1066710Z   ---
2026-09-23T13:55:31.1067010Z   duration_ms: 0.180708
2026-09-23T13:55:31.1067400Z   type: 'test'
2026-09-23T13:55:31.1067600Z   ...
2026-09-23T13:55:31.3388200Z # Subtest: site schema: multipage with nested media and local navigation
2026-09-23T13:55:31.3492380Z ok 331 - site schema: multipage with nested media and local navigation
2026-09-23T13:55:31.3493750Z   ---
2026-09-23T13:55:31.3495640Z   duration_ms: 2.136875
2026-09-23T13:55:31.3497950Z   type: 'test'
2026-09-23T13:55:31.3498650Z   ...
2026-09-23T13:55:31.3499720Z # Subtest: site schema: literal HTML is data, never a block program
2026-09-23T13:55:31.3501290Z ok 332 - site schema: literal HTML is data, never a block program
2026-09-23T13:55:31.3503040Z   ---
2026-09-23T13:55:31.3503780Z   duration_ms: 0.394166
2026-09-23T13:55:31.3504560Z   type: 'test'
2026-09-23T13:55:31.3505940Z   ...
2026-09-23T13:55:31.3507260Z # Subtest: site schema: exact UTF-16 title boundary
2026-09-23T13:55:31.3508580Z ok 333 - site schema: exact UTF-16 title boundary
2026-09-23T13:55:31.3513880Z   ---
2026-09-23T13:55:31.3514240Z   duration_ms: 1.053125
2026-09-23T13:55:31.3530220Z   type: 'test'
2026-09-23T13:55:31.3530490Z   ...
2026-09-23T13:55:31.3531040Z # Subtest: site schema: unknown version
2026-09-23T13:55:31.3531620Z ok 334 - site schema: unknown version
2026-09-23T13:55:31.3532420Z   ---
2026-09-23T13:55:31.3554730Z   duration_ms: 0.218375
2026-09-23T13:55:31.3555220Z   type: 'test'
2026-09-23T13:55:31.3555490Z   ...
2026-09-23T13:55:31.3556920Z # Subtest: site schema: script property
2026-09-23T13:55:31.3557950Z ok 335 - site schema: script property
2026-09-23T13:55:31.3558710Z   ---
2026-09-23T13:55:31.3559260Z   duration_ms: 0.078166
2026-09-23T13:55:31.3559520Z   type: 'test'
2026-09-23T13:55:31.3559750Z   ...
2026-09-23T13:55:31.3560020Z # Subtest: site schema: arbitrary CSS
2026-09-23T13:55:31.3560410Z ok 336 - site schema: arbitrary CSS
2026-09-23T13:55:31.3560720Z   ---
2026-09-23T13:55:31.3561330Z   duration_ms: 0.065708
2026-09-23T13:55:31.3561650Z   type: 'test'
2026-09-23T13:55:31.3561900Z   ...
2026-09-23T13:55:31.3562180Z # Subtest: site schema: CSS URL injection
2026-09-23T13:55:31.3562570Z ok 337 - site schema: CSS URL injection
2026-09-23T13:55:31.3562900Z   ---
2026-09-23T13:55:31.3563160Z   duration_ms: 0.160125
2026-09-23T13:55:31.3563500Z   type: 'test'
2026-09-23T13:55:31.3563780Z   ...
2026-09-23T13:55:31.3564090Z # Subtest: site schema: duplicate pages
2026-09-23T13:55:31.3564480Z ok 338 - site schema: duplicate pages
2026-09-23T13:55:31.3564860Z   ---
2026-09-23T13:55:31.3565110Z   duration_ms: 0.065625
2026-09-23T13:55:31.3565390Z   type: 'test'
2026-09-23T13:55:31.3565650Z   ...
2026-09-23T13:55:31.3565920Z # Subtest: site schema: duplicate slugs
2026-09-23T13:55:31.3566330Z ok 339 - site schema: duplicate slugs
2026-09-23T13:55:31.3566640Z   ---
2026-09-23T13:55:31.3566970Z   duration_ms: 0.295833
2026-09-23T13:55:31.3567290Z   type: 'test'
2026-09-23T13:55:31.3567540Z   ...
2026-09-23T13:55:31.3567970Z # Subtest: site schema: duplicate nested node IDs
2026-09-23T13:55:31.3568430Z ok 340 - site schema: duplicate nested node IDs
2026-09-23T13:55:31.3568760Z   ---
2026-09-23T13:55:31.3569010Z   duration_ms: 0.493166
2026-09-23T13:55:31.3569560Z   type: 'test'
2026-09-23T13:55:31.3569730Z   ...
2026-09-23T13:55:31.3570030Z # Subtest: site schema: path traversal
2026-09-23T13:55:31.3570420Z ok 341 - site schema: path traversal
2026-09-23T13:55:31.3570680Z   ---
2026-09-23T13:55:31.3570930Z   duration_ms: 0.082708
2026-09-23T13:55:31.3571210Z   type: 'test'
2026-09-23T13:55:31.3571420Z   ...
2026-09-23T13:55:31.3571700Z # Subtest: site schema: missing home
2026-09-23T13:55:31.3572060Z ok 342 - site schema: missing home
2026-09-23T13:55:31.3572330Z   ---
2026-09-23T13:55:31.3572550Z   duration_ms: 0.05475
2026-09-23T13:55:31.3572770Z   type: 'test'
2026-09-23T13:55:31.3573140Z   ...
2026-09-23T13:55:31.3573500Z # Subtest: site schema: missing internal target
2026-09-23T13:55:31.3573860Z ok 343 - site schema: missing internal target
2026-09-23T13:55:31.3574080Z   ---
2026-09-23T13:55:31.3574340Z   duration_ms: 0.088958
2026-09-23T13:55:31.3574520Z   type: 'test'
2026-09-23T13:55:31.3574660Z   ...
2026-09-23T13:55:31.3574890Z # Subtest: site schema: javascript URL
2026-09-23T13:55:31.3575170Z ok 344 - site schema: javascript URL
2026-09-23T13:55:31.3575370Z   ---
2026-09-23T13:55:31.3575560Z   duration_ms: 0.140875
2026-09-23T13:55:31.3575870Z   type: 'test'
2026-09-23T13:55:31.3576030Z   ...
2026-09-23T13:55:31.3576260Z # Subtest: site schema: credentials in URL
2026-09-23T13:55:31.3576570Z ok 345 - site schema: credentials in URL
2026-09-23T13:55:31.3576770Z   ---
2026-09-23T13:55:31.3576930Z   duration_ms: 0.107125
2026-09-23T13:55:31.3577150Z   type: 'test'
2026-09-23T13:55:31.3577330Z   ...
2026-09-23T13:55:31.3577550Z # Subtest: site schema: HTTP URL
2026-09-23T13:55:31.3577800Z ok 346 - site schema: HTTP URL
2026-09-23T13:55:31.3577980Z   ---
2026-09-23T13:55:31.3578140Z   duration_ms: 0.094041
2026-09-23T13:55:31.3578420Z   type: 'test'
2026-09-23T13:55:31.3578560Z   ...
2026-09-23T13:55:31.3578790Z # Subtest: site schema: invalid high port
2026-09-23T13:55:31.3579100Z ok 347 - site schema: invalid high port
2026-09-23T13:55:31.3579300Z   ---
2026-09-23T13:55:31.3579470Z   duration_ms: 0.178625
2026-09-23T13:55:31.3579650Z   type: 'test'
2026-09-23T13:55:31.3579800Z   ...
2026-09-23T13:55:31.3580000Z # Subtest: site schema: query URL
2026-09-23T13:55:31.3580270Z ok 348 - site schema: query URL
2026-09-23T13:55:31.3580450Z   ---
2026-09-23T13:55:31.3580610Z   duration_ms: 0.545208
2026-09-23T13:55:31.3580790Z   type: 'test'
2026-09-23T13:55:31.3580940Z   ...
2026-09-23T13:55:31.3581140Z # Subtest: site schema: 13 pages
2026-09-23T13:55:31.3581390Z ok 349 - site schema: 13 pages
2026-09-23T13:55:31.3581590Z   ---
2026-09-23T13:55:31.3581800Z   duration_ms: 0.053833
2026-09-23T13:55:31.3581990Z   type: 'test'
2026-09-23T13:55:31.3582120Z   ...
2026-09-23T13:55:31.3582630Z # Subtest: site schema: 25 siblings
2026-09-23T13:55:31.3582930Z ok 350 - site schema: 25 siblings
2026-09-23T13:55:31.3583110Z   ---
2026-09-23T13:55:31.3583270Z   duration_ms: 0.130541
2026-09-23T13:55:31.3583450Z   type: 'test'
2026-09-23T13:55:31.3583600Z   ...
2026-09-23T13:55:31.3583800Z # Subtest: site schema: four levels
2026-09-23T13:55:31.3584070Z ok 351 - site schema: four levels
2026-09-23T13:55:31.3584250Z   ---
2026-09-23T13:55:31.3584410Z   duration_ms: 0.092334
2026-09-23T13:55:31.3584590Z   type: 'test'
2026-09-23T13:55:31.3584730Z   ...
2026-09-23T13:55:31.3584950Z # Subtest: site schema: 144 total nodes
2026-09-23T13:55:31.3585260Z ok 352 - site schema: 144 total nodes
2026-09-23T13:55:31.3585500Z   ---
2026-09-23T13:55:31.3585730Z   duration_ms: 0.35175
2026-09-23T13:55:31.3585910Z   type: 'test'
2026-09-23T13:55:31.3586060Z   ...
2026-09-23T13:55:31.3586280Z # Subtest: site schema: children on text
2026-09-23T13:55:31.3586570Z ok 353 - site schema: children on text
2026-09-23T13:55:31.3586770Z   ---
2026-09-23T13:55:31.3586970Z   duration_ms: 0.075125
2026-09-23T13:55:31.3587210Z   type: 'test'
2026-09-23T13:55:31.3587360Z   ...
2026-09-23T13:55:31.3587570Z # Subtest: site schema: body limit
2026-09-23T13:55:31.3587820Z ok 354 - site schema: body limit
2026-09-23T13:55:31.3588190Z   ---
2026-09-23T13:55:31.3588390Z   duration_ms: 0.092
2026-09-23T13:55:31.3588610Z   type: 'test'
2026-09-23T13:55:31.3588750Z   ...
2026-09-23T13:55:31.3588980Z # Subtest: site schema: UTF-16 title overflow
2026-09-23T13:55:31.3589310Z ok 355 - site schema: UTF-16 title overflow
2026-09-23T13:55:31.3589520Z   ---
2026-09-23T13:55:31.3589680Z   duration_ms: 0.051708
2026-09-23T13:55:31.3589860Z   type: 'test'
2026-09-23T13:55:31.3589990Z   ...
2026-09-23T13:55:31.3590220Z # Subtest: site schema: fractional columns
2026-09-23T13:55:31.3590520Z ok 356 - site schema: fractional columns
2026-09-23T13:55:31.3590710Z   ---
2026-09-23T13:55:31.3590880Z   duration_ms: 0.068833
2026-09-23T13:55:31.3591060Z   type: 'test'
2026-09-23T13:55:31.3591200Z   ...
2026-09-23T13:55:31.3591420Z # Subtest: site schema: bad alignment
2026-09-23T13:55:31.3591690Z ok 357 - site schema: bad alignment
2026-09-23T13:55:31.3591880Z   ---
2026-09-23T13:55:31.3592030Z   duration_ms: 0.084959
2026-09-23T13:55:31.3592220Z   type: 'test'
2026-09-23T13:55:31.3592390Z   ...
2026-09-23T13:55:31.3592650Z # Subtest: site schema: missing media
2026-09-23T13:55:31.3592950Z ok 358 - site schema: missing media
2026-09-23T13:55:31.3593140Z   ---
2026-09-23T13:55:31.3593310Z   duration_ms: 0.088375
2026-09-23T13:55:31.3593490Z   type: 'test'
2026-09-23T13:55:31.3593640Z   ...
2026-09-23T13:55:31.3593870Z # Subtest: site schema: out of bounds media
2026-09-23T13:55:31.3594170Z ok 359 - site schema: out of bounds media
2026-09-23T13:55:31.3594370Z   ---
2026-09-23T13:55:31.3594540Z   duration_ms: 0.095417
2026-09-23T13:55:31.3594720Z   type: 'test'
2026-09-23T13:55:31.3594860Z   ...
2026-09-23T13:55:31.3595060Z # Subtest: site schema: SVG media
2026-09-23T13:55:31.3595320Z ok 360 - site schema: SVG media
2026-09-23T13:55:31.3595510Z   ---
2026-09-23T13:55:31.3595670Z   duration_ms: 0.0535
2026-09-23T13:55:31.3595840Z   type: 'test'
2026-09-23T13:55:31.3595970Z   ...
2026-09-23T13:55:31.3596210Z # Subtest: site schema: remote media field
2026-09-23T13:55:31.3596510Z ok 361 - site schema: remote media field
2026-09-23T13:55:31.3596740Z   ---
2026-09-23T13:55:31.3596940Z   duration_ms: 0.106042
2026-09-23T13:55:31.3597140Z   type: 'test'
2026-09-23T13:55:31.3597280Z   ...
2026-09-23T13:55:31.3597530Z # Subtest: site schema: fractional posts limit
2026-09-23T13:55:31.3597860Z ok 362 - site schema: fractional posts limit
2026-09-23T13:55:31.3598070Z   ---
2026-09-23T13:55:31.3598220Z   duration_ms: 0.197458
2026-09-23T13:55:31.3598410Z   type: 'test'
2026-09-23T13:55:31.3598550Z   ...
2026-09-23T13:55:31.3598760Z # Subtest: site schema: large document
2026-09-23T13:55:31.3599040Z ok 363 - site schema: large document
2026-09-23T13:55:31.3599230Z   ---
2026-09-23T13:55:31.3599520Z   duration_ms: 1.251333
2026-09-23T13:55:31.3599720Z   type: 'test'
2026-09-23T13:55:31.3599860Z   ...
2026-09-23T13:55:31.3600140Z # Subtest: site schema: empty composition at third level
2026-09-23T13:55:31.3600540Z ok 364 - site schema: empty composition at third level
2026-09-23T13:55:31.3600780Z   ---
2026-09-23T13:55:31.3600950Z   duration_ms: 0.215833
2026-09-23T13:55:31.3601120Z   type: 'test'
2026-09-23T13:55:31.3601270Z   ...
2026-09-23T13:55:31.3601560Z # Subtest: site schema: unreferenced executable attachment
2026-09-23T13:55:31.3601970Z ok 365 - site schema: unreferenced executable attachment
2026-09-23T13:55:31.3602210Z   ---
2026-09-23T13:55:31.3602360Z   duration_ms: 0.198042
2026-09-23T13:55:31.3602540Z   type: 'test'
2026-09-23T13:55:31.3602680Z   ...
2026-09-23T13:55:31.3603020Z # Subtest: site schema: invalid image base64 length
2026-09-23T13:55:31.3603380Z ok 366 - site schema: invalid image base64 length
2026-09-23T13:55:31.3603600Z   ---
2026-09-23T13:55:31.3603760Z   duration_ms: 0.0585
2026-09-23T13:55:31.3603940Z   type: 'test'
2026-09-23T13:55:31.3604080Z   ...
2026-09-23T13:55:31.3604330Z # Subtest: site schema: valid HTTPS escaped path
2026-09-23T13:55:31.3604660Z ok 367 - site schema: valid HTTPS escaped path
2026-09-23T13:55:31.3605140Z   ---
2026-09-23T13:55:31.3605340Z   duration_ms: 0.153625
2026-09-23T13:55:31.3605540Z   type: 'test'
2026-09-23T13:55:31.3605710Z   ...
2026-09-23T13:55:31.3606030Z # Subtest: site schema: valid HTTPS local IPv4
2026-09-23T13:55:31.3606390Z ok 368 - site schema: valid HTTPS local IPv4
2026-09-23T13:55:31.3606660Z   ---
2026-09-23T13:55:31.3606880Z   duration_ms: 0.179542
2026-09-23T13:55:31.3607090Z   type: 'test'
2026-09-23T13:55:31.3607270Z   ...
2026-09-23T13:55:31.3608310Z # Subtest: site schema: valid HTTPS international path
2026-09-23T13:55:31.3608770Z ok 369 - site schema: valid HTTPS international path
2026-09-23T13:55:31.3609070Z   ---
2026-09-23T13:55:31.3609250Z   duration_ms: 0.084583
2026-09-23T13:55:31.3609440Z   type: 'test'
2026-09-23T13:55:31.3609630Z   ...
2026-09-23T13:55:31.3609960Z # Subtest: site schema: invalid HTTPS percent escape
2026-09-23T13:55:31.3610360Z ok 370 - site schema: invalid HTTPS percent escape
2026-09-23T13:55:31.3610640Z   ---
2026-09-23T13:55:31.3610880Z   duration_ms: 0.060459
2026-09-23T13:55:31.3611110Z   type: 'test'
2026-09-23T13:55:31.3611290Z   ...
2026-09-23T13:55:31.3611570Z # Subtest: site schema: invalid HTTPS dangling percent
2026-09-23T13:55:31.3611990Z ok 371 - site schema: invalid HTTPS dangling percent
2026-09-23T13:55:31.3612220Z   ---
2026-09-23T13:55:31.3612390Z   duration_ms: 0.061042
2026-09-23T13:55:31.3612650Z   type: 'test'
2026-09-23T13:55:31.3620900Z   ...
2026-09-23T13:55:31.3621940Z # Subtest: site schema: invalid HTTPS Unicode whitespace
2026-09-23T13:55:31.3622580Z ok 372 - site schema: invalid HTTPS Unicode whitespace
2026-09-23T13:55:31.3622880Z   ---
2026-09-23T13:55:31.3623070Z   duration_ms: 0.062709
2026-09-23T13:55:31.3623250Z   type: 'test'
2026-09-23T13:55:31.3623400Z   ...
2026-09-23T13:55:31.3623680Z # Subtest: site schema: invalid HTTPS control character
2026-09-23T13:55:31.3624050Z ok 373 - site schema: invalid HTTPS control character
2026-09-23T13:55:31.3624290Z   ---
2026-09-23T13:55:31.3624450Z   duration_ms: 0.104292
2026-09-23T13:55:31.3624640Z   type: 'test'
2026-09-23T13:55:31.3624780Z   ...
2026-09-23T13:55:31.3625020Z # Subtest: site schema: invalid HTTPS IPv4 range
2026-09-23T13:55:31.3625350Z ok 374 - site schema: invalid HTTPS IPv4 range
2026-09-23T13:55:31.3625560Z   ---
2026-09-23T13:55:31.3625720Z   duration_ms: 0.089458
2026-09-23T13:55:31.3625910Z   type: 'test'
2026-09-23T13:55:31.3626050Z   ...
2026-09-23T13:55:31.3626310Z # Subtest: site schema: invalid HTTPS abbreviated IPv4
2026-09-23T13:55:31.3626680Z ok 375 - site schema: invalid HTTPS abbreviated IPv4
2026-09-23T13:55:31.3626910Z   ---
2026-09-23T13:55:31.3627070Z   duration_ms: 0.068667
2026-09-23T13:55:31.3627250Z   type: 'test'
2026-09-23T13:55:31.3627390Z   ...
2026-09-23T13:55:31.3628000Z # Subtest: site schema: invalid HTTPS numeric final DNS label
2026-09-23T13:55:31.3628430Z ok 376 - site schema: invalid HTTPS numeric final DNS label
2026-09-23T13:55:31.3628670Z   ---
2026-09-23T13:55:31.3628830Z   duration_ms: 0.072875
2026-09-23T13:55:31.3629020Z   type: 'test'
2026-09-23T13:55:31.3629180Z   ...
2026-09-23T13:55:31.3629480Z # Subtest: site schema: invalid HTTPS hexadecimal IP alias
2026-09-23T13:55:31.3629870Z ok 377 - site schema: invalid HTTPS hexadecimal IP alias
2026-09-23T13:55:31.3630100Z   ---
2026-09-23T13:55:31.3630290Z   duration_ms: 0.0695
2026-09-23T13:55:31.3630510Z   type: 'test'
2026-09-23T13:55:31.3630700Z   ...
2026-09-23T13:55:31.3630970Z # Subtest: site schema: invalid HTTPS octal IP alias
2026-09-23T13:55:31.3631330Z ok 378 - site schema: invalid HTTPS octal IP alias
2026-09-23T13:55:31.3631560Z   ---
2026-09-23T13:55:31.3631730Z   duration_ms: 0.940542
2026-09-23T13:55:31.3631950Z   type: 'test'
2026-09-23T13:55:31.3632130Z   ...
2026-09-23T13:55:31.3632420Z # Subtest: site schema: valid HTTPS local hostname
2026-09-23T13:55:31.3632810Z ok 379 - site schema: valid HTTPS local hostname
2026-09-23T13:55:31.3633090Z   ---
2026-09-23T13:55:31.3633270Z   duration_ms: 0.090041
2026-09-23T13:55:31.3633450Z   type: 'test'
2026-09-23T13:55:31.3633900Z   ...
2026-09-23T13:55:31.3634200Z # Subtest: site schema: invalid HTTPS hostname label
2026-09-23T13:55:31.3634560Z ok 380 - site schema: invalid HTTPS hostname label
2026-09-23T13:55:31.3634780Z   ---
2026-09-23T13:55:31.3634930Z   duration_ms: 0.066125
2026-09-23T13:55:31.3635120Z   type: 'test'
2026-09-23T13:55:31.3635260Z   ...
2026-09-23T13:55:31.3635590Z # Subtest: site schema: valid HTTPS IDN ASCII hostname
2026-09-23T13:55:31.3636020Z ok 381 - site schema: valid HTTPS IDN ASCII hostname
2026-09-23T13:55:31.3636250Z   ---
2026-09-23T13:55:31.3636420Z   duration_ms: 0.074875
2026-09-23T13:55:31.3636610Z   type: 'test'
2026-09-23T13:55:31.3636750Z   ...
2026-09-23T13:55:31.3637000Z # Subtest: site schema: version 2 typed table
2026-09-23T13:55:31.3637330Z ok 382 - site schema: version 2 typed table
2026-09-23T13:55:31.3637550Z   ---
2026-09-23T13:55:31.3637720Z   duration_ms: 0.385458
2026-09-23T13:55:31.3637900Z   type: 'test'
2026-09-23T13:55:31.3638040Z   ...
2026-09-23T13:55:31.3638310Z # Subtest: site schema: table rejected in version 1
2026-09-23T13:55:31.3638700Z ok 383 - site schema: table rejected in version 1
2026-09-23T13:55:31.3638990Z   ---
2026-09-23T13:55:31.3639180Z   duration_ms: 0.077833
2026-09-23T13:55:31.3639360Z   type: 'test'
2026-09-23T13:55:31.3639500Z   ...
2026-09-23T13:55:31.3639740Z # Subtest: site schema: table missing data
2026-09-23T13:55:31.3640050Z ok 384 - site schema: table missing data
2026-09-23T13:55:31.3640250Z   ---
2026-09-23T13:55:31.3640420Z   duration_ms: 0.067833
2026-09-23T13:55:31.3640600Z   type: 'test'
2026-09-23T13:55:31.3640750Z   ...
2026-09-23T13:55:31.3641020Z # Subtest: site schema: data on non-table block
2026-09-23T13:55:31.3641450Z ok 385 - site schema: data on non-table block
2026-09-23T13:55:31.3641670Z   ---
2026-09-23T13:55:31.3641830Z   duration_ms: 0.066541
2026-09-23T13:55:31.3642020Z   type: 'test'
2026-09-23T13:55:31.3642160Z   ...
2026-09-23T13:55:31.3642390Z # Subtest: site schema: table unknown field
2026-09-23T13:55:31.3642710Z ok 386 - site schema: table unknown field
2026-09-23T13:55:31.3642920Z   ---
2026-09-23T13:55:31.3643080Z   duration_ms: 0.088042
2026-09-23T13:55:31.3643310Z   type: 'test'
2026-09-23T13:55:31.3643450Z   ...
2026-09-23T13:55:31.3643720Z # Subtest: site schema: table repeated row identifier
2026-09-23T13:55:31.3644080Z ok 387 - site schema: table repeated row identifier
2026-09-23T13:55:31.3644310Z   ---
2026-09-23T13:55:31.3644480Z   duration_ms: 0.088833
2026-09-23T13:55:31.3644670Z   type: 'test'
2026-09-23T13:55:31.3644810Z   ...
2026-09-23T13:55:31.3645060Z # Subtest: site schema: table wrong typed number
2026-09-23T13:55:31.3645390Z ok 388 - site schema: table wrong typed number
2026-09-23T13:55:31.3645640Z   ---
2026-09-23T13:55:31.3646020Z   duration_ms: 0.086
2026-09-23T13:55:31.3646210Z   type: 'test'
2026-09-23T13:55:31.3646350Z   ...
2026-09-23T13:55:31.3646760Z # Subtest: templates satisfy the same wire contract and produce unique block identities
2026-09-23T13:55:31.3647360Z ok 389 - templates satisfy the same wire contract and produce unique block identities
2026-09-23T13:55:31.3647690Z   ---
2026-09-23T13:55:31.3647860Z   duration_ms: 1.25375
2026-09-23T13:55:31.3648040Z   type: 'test'
2026-09-23T13:55:31.3648190Z   ...
2026-09-23T13:55:31.3648500Z # Subtest: site input rejects getters without invoking them
2026-09-23T13:55:31.3648920Z ok 390 - site input rejects getters without invoking them
2026-09-23T13:55:31.3649170Z   ---
2026-09-23T13:55:31.3649330Z   duration_ms: 0.133958
2026-09-23T13:55:31.3649510Z   type: 'test'
2026-09-23T13:55:31.3649670Z   ...
2026-09-23T13:55:31.3650040Z # Subtest: site total image budget is enforced outside the editor
2026-09-23T13:55:31.3650550Z ok 391 - site total image budget is enforced outside the editor
2026-09-23T13:55:31.3650820Z   ---
2026-09-23T13:55:31.3650990Z   duration_ms: 6.434208
2026-09-23T13:55:31.3651190Z   type: 'test'
2026-09-23T13:55:31.3651320Z   ...
2026-09-23T13:55:31.3651740Z # Subtest: image limit counts decoded bytes, including padding at the exact boundary
2026-09-23T13:55:31.3652560Z ok 392 - image limit counts decoded bytes, including padding at the exact boundary
2026-09-23T13:55:31.3652950Z   ---
2026-09-23T13:55:31.3653160Z   duration_ms: 9.254792
2026-09-23T13:55:31.3653390Z   type: 'test'
2026-09-23T13:55:31.3653530Z   ...
2026-09-23T13:55:31.3653940Z # Subtest: individually valid tables also consume the global 128 KiB document budget
2026-09-23T13:55:31.3654730Z ok 393 - individually valid tables also consume the global 128 KiB document budget
2026-09-23T13:55:31.3655080Z   ---
2026-09-23T13:55:31.3655250Z   duration_ms: 7.900375
2026-09-23T13:55:31.3655440Z   type: 'test'
2026-09-23T13:55:31.3655580Z   ...
2026-09-23T13:55:31.5096080Z # Subtest: draft context retains original base and exact pending request across serialisation without transferring ownership
2026-09-23T13:55:31.5101270Z ok 394 - draft context retains original base and exact pending request across serialisation without transferring ownership
2026-09-23T13:55:31.5102910Z   ---
2026-09-23T13:55:31.5103170Z   duration_ms: 1.542416
2026-09-23T13:55:31.5103400Z   type: 'test'
2026-09-23T13:55:31.5103820Z   ...
2026-09-23T13:55:31.5104410Z # Subtest: malformed or ambiguous draft context cannot replace valid private editing metadata
2026-09-23T13:55:31.5105210Z ok 395 - malformed or ambiguous draft context cannot replace valid private editing metadata
2026-09-23T13:55:31.5105590Z   ---
2026-09-23T13:55:31.5105820Z   duration_ms: 0.688167
2026-09-23T13:55:31.5107020Z   type: 'test'
2026-09-23T13:55:31.5107260Z   ...
2026-09-23T13:55:32.4966890Z # Subtest: v4 binds nested and cross-page forms to typed local tables; Node and Go agree on positive/negative document vectors
2026-09-23T13:55:32.4971300Z ok 396 - v4 binds nested and cross-page forms to typed local tables; Node and Go agree on positive/negative document vectors
2026-09-23T13:55:32.4971830Z   ---
2026-09-23T13:55:32.4972040Z   duration_ms: 697.338542
2026-09-23T13:55:32.4972420Z   type: 'test'
2026-09-23T13:55:32.4972710Z   ...
2026-09-23T13:55:32.4973360Z # Subtest: copying a page or a composition rebinds local tables while foreign-page references remain independent
2026-09-23T13:55:32.4974370Z ok 397 - copying a page or a composition rebinds local tables while foreign-page references remain independent
2026-09-23T13:55:32.4974820Z   ---
2026-09-23T13:55:32.4975000Z   duration_ms: 6.203666
2026-09-23T13:55:32.4975200Z   type: 'test'
2026-09-23T13:55:32.4975350Z   ...
2026-09-23T13:55:32.4976880Z # Subtest: v4 schemas remain covered by owner snapshots; unversioned or counterfeit envelopes cannot supply form authority
2026-09-23T13:55:32.4978480Z ok 398 - v4 schemas remain covered by owner snapshots; unversioned or counterfeit envelopes cannot supply form authority
2026-09-23T13:55:32.4978990Z   ---
2026-09-23T13:55:32.4979200Z   duration_ms: 60.490916
2026-09-23T13:55:32.4979430Z   type: 'test'
2026-09-23T13:55:32.4979580Z   ...
2026-09-23T13:55:40.3442280Z # Subtest: versioned sites cross TCP and serial PTY, survive partition/heal and reach a new reader from a consenting offline-author seeder
2026-09-23T13:55:40.3542210Z ok 399 - versioned sites cross TCP and serial PTY, survive partition/heal and reach a new reader from a consenting offline-author seeder
2026-09-23T13:55:40.3643940Z   ---
2026-09-23T13:55:40.3744530Z   duration_ms: 7676.13475
2026-09-23T13:55:40.3845200Z   type: 'test'
2026-09-23T13:55:40.3947000Z   ...
2026-09-23T13:55:40.5806540Z # Subtest: page duplication preserves the source, shared assets and external links while remapping nested self-links
2026-09-23T13:55:40.5811550Z ok 400 - page duplication preserves the source, shared assets and external links while remapping nested self-links
2026-09-23T13:55:40.5831770Z   ---
2026-09-23T13:55:40.5832400Z   duration_ms: 6.111166
2026-09-23T13:55:40.5833310Z   type: 'test'
2026-09-23T13:55:40.5837850Z   ...
2026-09-23T13:55:40.5838800Z # Subtest: duplicate names/slugs remain bounded and unique with Unicode and the exact page cap
2026-09-23T13:55:40.5840240Z ok 401 - duplicate names/slugs remain bounded and unique with Unicode and the exact page cap
2026-09-23T13:55:40.5840850Z   ---
2026-09-23T13:55:40.5841260Z   duration_ms: 4.200625
2026-09-23T13:55:40.5841660Z   type: 'test'
2026-09-23T13:55:40.5842020Z   ...
2026-09-23T13:55:40.5842680Z # Subtest: page copying accepts exactly 128 nodes and refuses the next node without changing the draft
2026-09-23T13:55:40.5843800Z ok 402 - page copying accepts exactly 128 nodes and refuses the next node without changing the draft
2026-09-23T13:55:40.5844310Z   ---
2026-09-23T13:55:40.5844670Z   duration_ms: 2.780209
2026-09-23T13:55:40.5845100Z   type: 'test'
2026-09-23T13:55:40.5845720Z   ...
2026-09-23T13:55:40.5846560Z # Subtest: reordering preserves page identities, home and links and has no history-changing boundary step
2026-09-23T13:55:40.5847560Z ok 403 - reordering preserves page identities, home and links and has no history-changing boundary step
2026-09-23T13:55:40.5848090Z   ---
2026-09-23T13:55:40.5848520Z   duration_ms: 0.49675
2026-09-23T13:55:40.5848940Z   type: 'test'
2026-09-23T13:55:40.5849260Z   ...
2026-09-23T13:55:40.5850010Z # Subtest: copying is explicit authored content creation in the selected language and never mutates an invalid source
2026-09-23T13:55:40.5853300Z ok 404 - copying is explicit authored content creation in the selected language and never mutates an invalid source
2026-09-23T13:55:40.5853970Z   ---
2026-09-23T13:55:40.5854330Z   duration_ms: 0.566
2026-09-23T13:55:40.5854800Z   type: 'test'
2026-09-23T13:55:40.5855090Z   ...
2026-09-23T13:55:41.0326280Z # (node:13099) ExperimentalWarning: SQLite is an experimental feature and might change at any time
2026-09-23T13:55:41.0327330Z # (Use `node --trace-warnings ...` to show where the warning was created)
2026-09-23T13:55:41.0342770Z # Subtest: private site staging survives SQLite restart and does not expose signatures to the reading secret
2026-09-23T13:55:41.0344140Z ok 405 - private site staging survives SQLite restart and does not expose signatures to the reading secret
2026-09-23T13:55:41.0345120Z   ---
2026-09-23T13:55:41.0345800Z   duration_ms: 77.5495
2026-09-23T13:55:41.0346310Z   type: 'test'
2026-09-23T13:55:41.0346630Z   ...
2026-09-23T13:55:41.0347710Z # Subtest: private resource staging survives SQLite restart and does not expose signatures to the reading secret
2026-09-23T13:55:41.0348760Z ok 406 - private resource staging survives SQLite restart and does not expose signatures to the reading secret
2026-09-23T13:55:41.0349290Z   ---
2026-09-23T13:55:41.0349690Z   duration_ms: 53.561167
2026-09-23T13:55:41.0350120Z   type: 'test'
2026-09-23T13:55:41.0350400Z   ...
2026-09-23T13:55:41.0351970Z # Subtest: private contribution staging survives SQLite restart and does not expose signatures to the reading secret
2026-09-23T13:55:41.0353020Z ok 407 - private contribution staging survives SQLite restart and does not expose signatures to the reading secret
2026-09-23T13:55:41.0353480Z   ---
2026-09-23T13:55:41.0353850Z   duration_ms: 47.444625
2026-09-23T13:55:41.0354240Z   type: 'test'
2026-09-23T13:55:41.0354680Z   ...
2026-09-23T13:55:41.0392590Z # Subtest: private contribution-inbox staging survives SQLite restart and does not expose signatures to the reading secret
2026-09-23T13:55:41.0396020Z ok 408 - private contribution-inbox staging survives SQLite restart and does not expose signatures to the reading secret
2026-09-23T13:55:41.0396790Z   ---
2026-09-23T13:55:41.0397740Z   duration_ms: 47.526541
2026-09-23T13:55:41.0398330Z   type: 'test'
2026-09-23T13:55:41.0398580Z   ...
2026-09-23T13:55:41.0399620Z # Subtest: private contribution-receipt staging survives SQLite restart and does not expose signatures to the reading secret
2026-09-23T13:55:41.0402420Z ok 409 - private contribution-receipt staging survives SQLite restart and does not expose signatures to the reading secret
2026-09-23T13:55:41.0403150Z   ---
2026-09-23T13:55:41.0403950Z   duration_ms: 48.5855
2026-09-23T13:55:41.0404540Z   type: 'test'
2026-09-23T13:55:41.0407520Z   ...
2026-09-23T13:55:41.0408650Z # Subtest: private staging quota failure aborts all record changes even when its error is caught
2026-09-23T13:55:41.0409690Z ok 410 - private staging quota failure aborts all record changes even when its error is caught
2026-09-23T13:55:41.0410160Z   ---
2026-09-23T13:55:41.0411570Z   duration_ms: 10.60825
2026-09-23T13:55:41.0411910Z   type: 'test'
2026-09-23T13:55:41.0412600Z   ...
2026-09-23T13:55:41.0413540Z # Subtest: private record handles expire at the synchronous transaction boundary
2026-09-23T13:55:41.0414330Z ok 411 - private record handles expire at the synchronous transaction boundary
2026-09-23T13:55:41.0414870Z   ---
2026-09-23T13:55:41.0415580Z   duration_ms: 3.745584
2026-09-23T13:55:41.0415920Z   type: 'test'
2026-09-23T13:55:41.0416210Z   ...
2026-09-23T13:55:41.0416940Z # Subtest: missing and transposed ciphertext are rejected even inside an otherwise authentic outer database
2026-09-23T13:55:41.0417910Z ok 412 - missing and transposed ciphertext are rejected even inside an otherwise authentic outer database
2026-09-23T13:55:41.0418710Z   ---
2026-09-23T13:55:41.0419160Z   duration_ms: 13.370041
2026-09-23T13:55:41.0419740Z   type: 'test'
2026-09-23T13:55:41.0420490Z   ...
2026-09-23T13:55:42.9684570Z # Subtest: node editor keeps one publication after a lost response and process restart; private version recovery preserves readers
2026-09-23T13:55:42.9685810Z ok 413 - node editor keeps one publication after a lost response and process restart; private version recovery preserves readers
2026-09-23T13:55:42.9686350Z   ---
2026-09-23T13:55:42.9686700Z   duration_ms: 1739.627833
2026-09-23T13:55:42.9687050Z   type: 'test'
2026-09-23T13:55:42.9687310Z   ...
2026-09-23T13:55:45.1084560Z # Subtest: node editor rejects stale and changed review bases, and can close a consumed competing attempt without claiming cancellation
2026-09-23T13:55:45.1085740Z ok 414 - node editor rejects stale and changed review bases, and can close a consumed competing attempt without claiming cancellation
2026-09-23T13:55:45.1086310Z   ---
2026-09-23T13:55:45.1086670Z   duration_ms: 2140.386333
2026-09-23T13:55:45.1086970Z   type: 'test'
2026-09-23T13:55:45.1087160Z   ...
2026-09-23T13:55:46.0005100Z # Subtest: node editor never sends before durable draft acknowledgement, keeps unknown submissions frozen, and fences a locked session
2026-09-23T13:55:46.0006370Z ok 415 - node editor never sends before durable draft acknowledgement, keeps unknown submissions frozen, and fences a locked session
2026-09-23T13:55:46.0007080Z   ---
2026-09-23T13:55:46.0007380Z   duration_ms: 890.429209
2026-09-23T13:55:46.0007650Z   type: 'test'
2026-09-23T13:55:46.0007910Z   ...
2026-09-23T13:55:47.2646460Z # Subtest: native editor keeps one publication after a lost response and process restart; private version recovery preserves readers
2026-09-23T13:55:47.2649300Z ok 416 - native editor keeps one publication after a lost response and process restart; private version recovery preserves readers
2026-09-23T13:55:47.2650660Z   ---
2026-09-23T13:55:47.2651270Z   duration_ms: 1264.863042
2026-09-23T13:55:47.2652240Z   type: 'test'
2026-09-23T13:55:47.2652660Z   ...
2026-09-23T13:55:49.0795770Z # Subtest: native editor rejects stale and changed review bases, and can close a consumed competing attempt without claiming cancellation
2026-09-23T13:55:49.0796950Z ok 417 - native editor rejects stale and changed review bases, and can close a consumed competing attempt without claiming cancellation
2026-09-23T13:55:49.0797570Z   ---
2026-09-23T13:55:49.0797880Z   duration_ms: 1816.097292
2026-09-23T13:55:49.0798130Z   type: 'test'
2026-09-23T13:55:49.0798390Z   ...
2026-09-23T13:55:49.7392770Z # Subtest: native editor never sends before durable draft acknowledgement, keeps unknown submissions frozen, and fences a locked session
2026-09-23T13:55:49.7393940Z ok 418 - native editor never sends before durable draft acknowledgement, keeps unknown submissions frozen, and fences a locked session
2026-09-23T13:55:49.7395300Z   ---
2026-09-23T13:55:49.7395630Z   duration_ms: 658.93225
2026-09-23T13:55:49.7395920Z   type: 'test'
2026-09-23T13:55:49.7396220Z   ...
2026-09-23T13:55:51.3696130Z # Subtest: node editor can close an unadmitted request after a late fork changes only its base
2026-09-23T13:55:51.3697560Z ok 419 - node editor can close an unadmitted request after a late fork changes only its base
2026-09-23T13:55:51.3698190Z   ---
2026-09-23T13:55:51.3698630Z   duration_ms: 1630.930292
2026-09-23T13:55:51.3698940Z   type: 'test'
2026-09-23T13:55:51.3699140Z   ...
2026-09-23T13:55:52.8322610Z # Subtest: native editor can close an unadmitted request after a late fork changes only its base
2026-09-23T13:55:52.8334900Z ok 420 - native editor can close an unadmitted request after a late fork changes only its base
2026-09-23T13:55:52.8335500Z   ---
2026-09-23T13:55:52.8335830Z   duration_ms: 1462.05675
2026-09-23T13:55:52.8336240Z   type: 'test'
2026-09-23T13:55:52.8336590Z   ...
2026-09-23T13:55:59.2305640Z # Subtest: node editor can resume an earlier authorized copy without replacing the current draft
2026-09-23T13:55:59.2308120Z ok 421 - node editor can resume an earlier authorized copy without replacing the current draft
2026-09-23T13:55:59.2309120Z   ---
2026-09-23T13:55:59.2309730Z   duration_ms: 6394.5845
2026-09-23T13:55:59.2310100Z   type: 'test'
2026-09-23T13:55:59.2310730Z   ...
2026-09-23T13:56:02.7295400Z # Subtest: native editor can resume an earlier authorized copy without replacing the current draft
2026-09-23T13:56:02.7395720Z ok 422 - native editor can resume an earlier authorized copy without replacing the current draft
2026-09-23T13:56:02.7495900Z   ---
2026-09-23T13:56:02.7597600Z   duration_ms: 3499.314625
2026-09-23T13:56:02.7697760Z   type: 'test'
2026-09-23T13:56:02.7798950Z   ...
2026-09-23T13:56:03.8163600Z # Subtest: receipt journals agree across Node/portable/Go on immutable intent, phases, expiry and source binding
2026-09-23T13:56:03.8166240Z ok 423 - receipt journals agree across Node/portable/Go on immutable intent, phases, expiry and source binding
2026-09-23T13:56:03.8166900Z   ---
2026-09-23T13:56:03.8167300Z   duration_ms: 858.864375
2026-09-23T13:56:03.8167650Z   type: 'test'
2026-09-23T13:56:03.8168040Z   ...
2026-09-23T13:57:24.3526430Z # (node:13678) ExperimentalWarning: SQLite is an experimental feature and might change at any time
2026-09-23T13:57:24.3530620Z # (Use `node --trace-warnings ...` to show where the warning was created)
2026-09-23T13:57:24.3533240Z # Subtest: Node receipt batch rotates fairly and retains every pending original envelope
2026-09-23T13:57:24.3552260Z ok 424 - Node receipt batch rotates fairly and retains every pending original envelope
2026-09-23T13:57:24.3553430Z   ---
2026-09-23T13:57:24.3555350Z   duration_ms: 905.685
2026-09-23T13:57:24.3567690Z   type: 'test'
2026-09-23T13:57:24.3569120Z   ...
2026-09-23T13:57:24.3570780Z # Subtest: Node receipt batch charges failed copies and retains every pending original envelope
2026-09-23T13:57:24.3572210Z ok 425 - Node receipt batch charges failed copies and retains every pending original envelope
2026-09-23T13:57:24.3574600Z   ---
2026-09-23T13:57:24.3575510Z   duration_ms: 856.896875
2026-09-23T13:57:24.3576110Z   type: 'test'
2026-09-23T13:57:24.3577210Z   ...
2026-09-23T13:57:24.3578120Z # Subtest: Go receipt runtime applies the same rotating copy budget, including real quota failures
2026-09-23T13:57:24.3579160Z ok 426 - Go receipt runtime applies the same rotating copy budget, including real quota failures
2026-09-23T13:57:24.3579880Z   ---
2026-09-23T13:57:24.3580460Z   duration_ms: 78600.188875
2026-09-23T13:57:24.3580850Z   type: 'test'
2026-09-23T13:57:24.3581140Z   ...
2026-09-23T13:57:24.3581940Z # {"phase":"compile-only","durationMs":50173,"exitCode":0,"signal":null,"error":null}
2026-09-23T13:57:24.3582780Z # {"phase":"execute","durationMs":28411,"exitCode":0,"signal":null,"error":null}
2026-09-23T13:57:26.0043470Z # Subtest: site sequence reservation is not publication; replay is stable and stale bases do not mutate state
2026-09-23T13:57:26.0045510Z ok 427 - site sequence reservation is not publication; replay is stable and stale bases do not mutate state
2026-09-23T13:57:26.0046380Z   ---
2026-09-23T13:57:26.0046860Z   duration_ms: 17.993792
2026-09-23T13:57:26.0047260Z   type: 'test'
2026-09-23T13:57:26.0047690Z   ...
2026-09-23T13:57:26.0048400Z # Subtest: a newer signed observation supersedes an unfinished publication and cannot roll back to older headers
2026-09-23T13:57:26.0049410Z ok 428 - a newer signed observation supersedes an unfinished publication and cannot roll back to older headers
2026-09-23T13:57:26.0050100Z   ---
2026-09-23T13:57:26.0050430Z   duration_ms: 8.667958
2026-09-23T13:57:26.0050830Z   type: 'test'
2026-09-23T13:57:26.0051070Z   ...
2026-09-23T13:57:26.0051890Z # Subtest: retired site operation sequences cannot be replayed as new writes
2026-09-23T13:57:26.0052730Z ok 429 - retired site operation sequences cannot be replayed as new writes
2026-09-23T13:57:26.0055400Z   ---
2026-09-23T13:57:26.0055880Z   duration_ms: 641.848166
2026-09-23T13:57:26.0056310Z   type: 'test'
2026-09-23T13:57:26.0056660Z   ...
2026-09-23T13:57:26.0057440Z # Subtest: a full site history can advance while the latest known header is retained without payloads
2026-09-23T13:57:26.0058190Z ok 430 - a full site history can advance while the latest known header is retained without payloads
2026-09-23T13:57:26.0058580Z   ---
2026-09-23T13:57:26.0058890Z   duration_ms: 580.543708
2026-09-23T13:57:26.0059230Z   type: 'test'
2026-09-23T13:57:26.0059450Z   ...
2026-09-23T13:57:26.0060130Z # Subtest: registry shape and single pending operation limits reject malformed state without invoking getters
2026-09-23T13:57:26.0061080Z ok 431 - registry shape and single pending operation limits reject malformed state without invoking getters
2026-09-23T13:57:26.0061500Z   ---
2026-09-23T13:57:26.0061830Z   duration_ms: 4.35075
2026-09-23T13:57:26.0062160Z   type: 'test'
2026-09-23T13:57:26.0062340Z   ...
2026-09-23T13:57:26.0062890Z # Subtest: equal-sequence signed concurrency changes the base before durable authorization
2026-09-23T13:57:26.0063850Z ok 432 - equal-sequence signed concurrency changes the base before durable authorization
2026-09-23T13:57:26.0069520Z   ---
2026-09-23T13:57:26.0071430Z   duration_ms: 5.305709
2026-09-23T13:57:26.0075780Z   type: 'test'
2026-09-23T13:57:26.0100900Z   ...
2026-09-23T13:57:26.0102070Z # Subtest: committed publication recovery is irreversible and never rolls back a newer signed head
2026-09-23T13:57:26.0104100Z ok 433 - committed publication recovery is irreversible and never rolls back a newer signed head
2026-09-23T13:57:26.0104710Z   ---
2026-09-23T13:57:26.0105510Z   duration_ms: 12.5855
2026-09-23T13:57:26.0106410Z   type: 'test'
2026-09-23T13:57:26.0108470Z   ...
2026-09-23T13:57:26.0109240Z # Subtest: cryptographic memoization is confined to one transition and cannot hide subsequent mutations
2026-09-23T13:57:26.0110330Z ok 434 - cryptographic memoization is confined to one transition and cannot hide subsequent mutations
2026-09-23T13:57:26.0112030Z   ---
2026-09-23T13:57:26.0113160Z   duration_ms: 122.720375
2026-09-23T13:57:26.0114600Z   type: 'test'
2026-09-23T13:57:26.0115510Z   ...
2026-09-23T13:57:28.4339860Z # Subtest: explicit refusal journals agree across Node/portable/Go on immutable intent, phases, expiry and source binding
2026-09-23T13:57:28.4341110Z ok 435 - explicit refusal journals agree across Node/portable/Go on immutable intent, phases, expiry and source binding
2026-09-23T13:57:28.4341600Z   ---
2026-09-23T13:57:28.4342030Z   duration_ms: 2215.477959
2026-09-23T13:57:28.4342320Z   type: 'test'
2026-09-23T13:57:28.4342590Z   ...
2026-09-23T13:57:28.8163240Z # (node:16414) ExperimentalWarning: SQLite is an experimental feature and might change at any time
2026-09-23T13:57:28.8165220Z # (Use `node --trace-warnings ...` to show where the warning was created)
2026-09-23T13:57:28.8168240Z # Subtest: logical site publication replays the same public or private result before and after staging retirement
2026-09-23T13:57:28.8172080Z ok 436 - logical site publication replays the same public or private result before and after staging retirement
2026-09-23T13:57:28.8172830Z   ---
2026-09-23T13:57:28.8173220Z   duration_ms: 152.091333
2026-09-23T13:57:28.8173610Z   type: 'test'
2026-09-23T13:57:28.8174020Z   ...
2026-09-23T13:57:28.8174790Z # Subtest: request fingerprints bind exact reading cards, base, lifetime and document consistently across crypto runtimes
2026-09-23T13:57:28.8175930Z ok 437 - request fingerprints bind exact reading cards, base, lifetime and document consistently across crypto runtimes
2026-09-23T13:57:28.8197770Z   ---
2026-09-23T13:57:28.8198010Z   duration_ms: 22.331292
2026-09-23T13:57:28.8198320Z   type: 'test'
2026-09-23T13:57:28.8198580Z   ...
2026-09-23T13:57:29.2797300Z # (node:16416) ExperimentalWarning: SQLite is an experimental feature and might change at any time
2026-09-23T13:57:29.2798430Z # (Use `node --trace-warnings ...` to show where the warning was created)
2026-09-23T13:57:29.2816430Z # Subtest: resource preparation is encrypted, survives reopen and returns the same reference after a lost response
2026-09-23T13:57:29.2817700Z ok 438 - resource preparation is encrypted, survives reopen and returns the same reference after a lost response
2026-09-23T13:57:29.2818230Z   ---
2026-09-23T13:57:29.2818550Z   duration_ms: 172.934167
2026-09-23T13:57:29.2818870Z   type: 'test'
2026-09-23T13:57:29.2819140Z   ...
2026-09-23T13:57:29.2819750Z # Subtest: resource quota failure rolls back counter and signatures, even when caught by an outer caller
2026-09-23T13:57:29.2820740Z ok 439 - resource quota failure rolls back counter and signatures, even when caught by an outer caller
2026-09-23T13:57:29.2821290Z   ---
2026-09-23T13:57:29.2821540Z   duration_ms: 76.129458
2026-09-23T13:57:29.2821880Z   type: 'test'
2026-09-23T13:57:29.2822110Z   ...
2026-09-23T13:57:29.2822560Z # Subtest: a different copy cannot finish an operation or consume its pending signature
2026-09-23T13:57:29.2823250Z ok 440 - a different copy cannot finish an operation or consume its pending signature
2026-09-23T13:57:29.2823700Z   ---
2026-09-23T13:57:29.2823900Z   duration_ms: 16.923375
2026-09-23T13:57:29.2824170Z   type: 'test'
2026-09-23T13:57:29.2824420Z   ...
2026-09-23T13:57:31.2305160Z # Subtest: expired preparation authenticates before disposal and never silently recreates the requested resource
2026-09-23T13:57:31.2313440Z ok 441 - expired preparation authenticates before disposal and never silently recreates the requested resource
2026-09-23T13:57:31.2314260Z   ---
2026-09-23T13:57:31.2314810Z   duration_ms: 1130.671666
2026-09-23T13:57:31.2315230Z   type: 'test'
2026-09-23T13:57:31.2315590Z   ...
2026-09-23T13:57:31.2316940Z # Subtest: a missing stage is corruption and is never interpreted as a fresh catalogue
2026-09-23T13:57:31.2317750Z ok 442 - a missing stage is corruption and is never interpreted as a fresh catalogue
2026-09-23T13:57:31.2318270Z   ---
2026-09-23T13:57:31.2318640Z   duration_ms: 17.795625
2026-09-23T13:57:31.2319010Z   type: 'test'
2026-09-23T13:57:31.2319370Z   ...
2026-09-23T13:57:31.2320120Z # Subtest: real process exit before-commit cannot duplicate or lose the resource creation identity
2026-09-23T13:57:31.2320980Z ok 443 - real process exit before-commit cannot duplicate or lose the resource creation identity
2026-09-23T13:57:31.2321530Z   ---
2026-09-23T13:57:31.2321920Z   duration_ms: 208.075166
2026-09-23T13:57:31.2322320Z   type: 'test'
2026-09-23T13:57:31.2322600Z   ...
2026-09-23T13:57:31.2323250Z # Subtest: real process exit after-commit cannot duplicate or lose the resource creation identity
2026-09-23T13:57:31.2324160Z ok 444 - real process exit after-commit cannot duplicate or lose the resource creation identity
2026-09-23T13:57:31.2324680Z   ---
2026-09-23T13:57:31.2325100Z   duration_ms: 190.502333
2026-09-23T13:57:31.2325520Z   type: 'test'
2026-09-23T13:57:31.2325830Z   ...
2026-09-23T13:57:31.2326670Z # Subtest: real process exit after-copy cannot duplicate or lose the resource creation identity
2026-09-23T13:57:31.2332480Z ok 445 - real process exit after-copy cannot duplicate or lose the resource creation identity
2026-09-23T13:57:31.2337200Z   ---
2026-09-23T13:57:31.2338040Z   duration_ms: 222.393458
2026-09-23T13:57:31.2338950Z   type: 'test'
2026-09-23T13:57:31.2339430Z   ...
2026-09-23T13:57:31.2340840Z # Subtest: real process exit after-ready cannot duplicate or lose the resource creation identity
2026-09-23T13:57:31.2342840Z ok 446 - real process exit after-ready cannot duplicate or lose the resource creation identity
2026-09-23T13:57:31.2344870Z   ---
2026-09-23T13:57:31.2345540Z   duration_ms: 186.873084
2026-09-23T13:57:31.2346180Z   type: 'test'
2026-09-23T13:57:31.2346770Z   ...
2026-09-23T13:57:32.3373340Z # Subtest: v3 accepts bounded optional references and duplicates a page without transferring resource authorship
2026-09-23T13:57:32.3376160Z ok 447 - v3 accepts bounded optional references and duplicates a page without transferring resource authorship
2026-09-23T13:57:32.3377840Z   ---
2026-09-23T13:57:32.3378900Z   duration_ms: 10.713125
2026-09-23T13:57:32.3379730Z   type: 'test'
2026-09-23T13:57:32.3380610Z   ...
2026-09-23T13:57:32.3384970Z # Subtest: Node and Go agree on v3 reference vectors, legacy compatibility and exact resource limits
2026-09-23T13:57:32.3387810Z ok 448 - Node and Go agree on v3 reference vectors, legacy compatibility and exact resource limits
2026-09-23T13:57:32.3388400Z   ---
2026-09-23T13:57:32.3388680Z   duration_ms: 895.162417
2026-09-23T13:57:32.3389080Z   type: 'test'
2026-09-23T13:57:32.3389370Z   ...
2026-09-23T13:57:32.3389820Z # Subtest: reference descriptors reject getters without executing them
2026-09-23T13:57:32.3390460Z ok 449 - reference descriptors reject getters without executing them
2026-09-23T13:57:32.3390900Z   ---
2026-09-23T13:57:32.3391150Z   duration_ms: 0.27
2026-09-23T13:57:32.3391460Z   type: 'test'
2026-09-23T13:57:32.3391760Z   ...
2026-09-23T13:57:32.3392350Z # Subtest: resource insertion preserves the original filename while bounding a Unicode heading
2026-09-23T13:57:32.3393210Z ok 450 - resource insertion preserves the original filename while bounding a Unicode heading
2026-09-23T13:57:32.3393750Z   ---
2026-09-23T13:57:32.3395550Z   duration_ms: 0.241458
2026-09-23T13:57:32.3397340Z   type: 'test'
2026-09-23T13:57:32.3398040Z   ...
2026-09-23T13:57:32.5901180Z # Subtest: automatic resource checks bound concurrency and retain each authenticated target
2026-09-23T13:57:32.5903300Z ok 451 - automatic resource checks bound concurrency and retain each authenticated target
2026-09-23T13:57:32.5904400Z   ---
2026-09-23T13:57:32.5905340Z   duration_ms: 10.729959
2026-09-23T13:57:32.5907890Z   type: 'test'
2026-09-23T13:57:32.5909150Z   ...
2026-09-23T13:57:32.5935640Z # Subtest: aborting an active view cannot release its real request slot early
2026-09-23T13:57:32.5936690Z ok 452 - aborting an active view cannot release its real request slot early
2026-09-23T13:57:32.5937120Z   ---
2026-09-23T13:57:32.5937480Z   duration_ms: 3.819666
2026-09-23T13:57:32.5937820Z   type: 'test'
2026-09-23T13:57:32.5938150Z   ...
2026-09-23T13:57:32.5949200Z # Subtest: queued cancellation never reaches the runtime and a failed request advances the queue
2026-09-23T13:57:32.5951620Z ok 453 - queued cancellation never reaches the runtime and a failed request advances the queue
2026-09-23T13:57:32.5955080Z   ---
2026-09-23T13:57:32.5955560Z   duration_ms: 1.463875
2026-09-23T13:57:32.5955860Z   type: 'test'
2026-09-23T13:57:32.5956190Z   ...
2026-09-23T13:57:32.5989890Z # Subtest: queue exhaustion preserves admitted checks and already-aborted work never starts
2026-09-23T13:57:32.6004830Z ok 454 - queue exhaustion preserves admitted checks and already-aborted work never starts
2026-09-23T13:57:32.6007130Z   ---
2026-09-23T13:57:32.6007630Z   duration_ms: 2.637417
2026-09-23T13:57:32.6007970Z   type: 'test'
2026-09-23T13:57:32.6008240Z   ...
2026-09-23T13:57:32.6008920Z # Subtest: identical reference checks coalesce only in flight and return independent result objects
2026-09-23T13:57:32.6012170Z ok 455 - identical reference checks coalesce only in flight and return independent result objects
2026-09-23T13:57:32.6031320Z   ---
2026-09-23T13:57:32.6031660Z   duration_ms: 1.025833
2026-09-23T13:57:32.6034090Z   type: 'test'
2026-09-23T13:57:32.6034470Z   ...
2026-09-23T13:57:32.6038760Z # Subtest: reference coalescing separates snapshots, pages and descriptor changes
2026-09-23T13:57:32.6043830Z ok 456 - reference coalescing separates snapshots, pages and descriptor changes
2026-09-23T13:57:32.6044520Z   ---
2026-09-23T13:57:32.6047940Z   duration_ms: 0.531792
2026-09-23T13:57:32.6051450Z   type: 'test'
2026-09-23T13:57:32.6051910Z   ...
2026-09-23T13:57:32.6053170Z # Subtest: one cancelled consumer does not cancel its live sibling; abandoned views cannot be revived
2026-09-23T13:57:32.6054150Z ok 457 - one cancelled consumer does not cancel its live sibling; abandoned views cannot be revived
2026-09-23T13:57:32.6054870Z   ---
2026-09-23T13:57:32.6055730Z   duration_ms: 1.135208
2026-09-23T13:57:32.6056260Z   type: 'test'
2026-09-23T13:57:32.6058950Z   ...
2026-09-23T13:57:32.6060100Z # Subtest: shared-request failures reject every caller and do not become cached success
2026-09-23T13:57:32.6060900Z ok 458 - shared-request failures reject every caller and do not become cached success
2026-09-23T13:57:32.6061360Z   ---
2026-09-23T13:57:32.6061690Z   duration_ms: 0.625041
2026-09-23T13:57:32.6062040Z   type: 'test'
2026-09-23T13:57:32.6063150Z   ...
2026-09-23T13:57:32.6063730Z # Subtest: coalesced observers remain bounded even when they share one runtime request
2026-09-23T13:57:32.6064710Z ok 459 - coalesced observers remain bounded even when they share one runtime request
2026-09-23T13:57:32.6065200Z   ---
2026-09-23T13:57:32.6065570Z   duration_ms: 0.504792
2026-09-23T13:57:32.6065870Z   type: 'test'
2026-09-23T13:57:32.6066160Z   ...
2026-09-23T13:57:34.2326530Z # Subtest: TypeScript and a real Go process agree on resource identity, canonical hashes, boundaries and reading scope
2026-09-23T13:57:34.2331060Z ok 460 - TypeScript and a real Go process agree on resource identity, canonical hashes, boundaries and reading scope
2026-09-23T13:57:34.2332560Z   ---
2026-09-23T13:57:34.2333850Z   duration_ms: 1466.47675
2026-09-23T13:57:34.2336960Z   type: 'test'
2026-09-23T13:57:34.2348880Z   ...
2026-09-23T13:57:35.6781670Z # Subtest: Node and Go agree on creation fingerprints, exact outcomes, retirement and malformed records
2026-09-23T13:57:35.6783990Z ok 461 - Node and Go agree on creation fingerprints, exact outcomes, retirement and malformed records
2026-09-23T13:57:35.6785060Z   ---
2026-09-23T13:57:35.6785740Z   duration_ms: 1280.716
2026-09-23T13:57:35.6786380Z   type: 'test'
2026-09-23T13:57:35.6788510Z   ...
2026-09-23T13:57:36.5290860Z # Subtest: resource creation retries retain one signed identity and reject UUID reuse with a different request
2026-09-23T13:57:36.5292050Z ok 462 - resource creation retries retain one signed identity and reject UUID reuse with a different request
2026-09-23T13:57:36.5292650Z   ---
2026-09-23T13:57:36.5293030Z   duration_ms: 4.671083
2026-09-23T13:57:36.5293400Z   type: 'test'
2026-09-23T13:57:36.5293720Z   ...
2026-09-23T13:57:36.5294360Z # Subtest: a pending copy holds the slot; only its exact ciphertext may complete it
2026-09-23T13:57:36.5295140Z ok 463 - a pending copy holds the slot; only its exact ciphertext may complete it
2026-09-23T13:57:36.5295580Z   ---
2026-09-23T13:57:36.5295960Z   duration_ms: 2.768042
2026-09-23T13:57:36.5296420Z   type: 'test'
2026-09-23T13:57:36.5296730Z   ...
2026-09-23T13:57:36.5297470Z # Subtest: expired pending work remains a terminal outcome instead of silently signing a replacement
2026-09-23T13:57:36.5298410Z ok 464 - expired pending work remains a terminal outcome instead of silently signing a replacement
2026-09-23T13:57:36.5298940Z   ---
2026-09-23T13:57:36.5299320Z   duration_ms: 1.657167
2026-09-23T13:57:36.5299700Z   type: 'test'
2026-09-23T13:57:36.5300840Z   ...
2026-09-23T13:57:36.5301720Z # Subtest: retirement is bounded by committed sequence and cannot turn an old uncertain retry into new work
2026-09-23T13:57:36.5302720Z ok 465 - retirement is bounded by committed sequence and cannot turn an old uncertain retry into new work
2026-09-23T13:57:36.5303250Z   ---
2026-09-23T13:57:36.5303580Z   duration_ms: 653.961167
2026-09-23T13:57:36.5303800Z   type: 'test'
2026-09-23T13:57:36.5304090Z   ...
2026-09-23T13:57:36.5304810Z # Subtest: staging cannot change creator, size, scope or lifespan; private reader scope must include the owner
2026-09-23T13:57:36.5305690Z ok 466 - staging cannot change creator, size, scope or lifespan; private reader scope must include the owner
2026-09-23T13:57:36.5306260Z   ---
2026-09-23T13:57:36.5306580Z   duration_ms: 1.111375
2026-09-23T13:57:36.5306810Z   type: 'test'
2026-09-23T13:57:36.5307100Z   ...
2026-09-23T13:57:36.5307620Z # Subtest: untrusted local record and request getters are refused without execution
2026-09-23T13:57:36.5308330Z ok 467 - untrusted local record and request getters are refused without execution
2026-09-23T13:57:36.5308730Z   ---
2026-09-23T13:57:36.5309000Z   duration_ms: 0.164792
2026-09-23T13:57:36.5309340Z   type: 'test'
2026-09-23T13:57:36.5309640Z   ...
2026-09-23T13:57:38.8199420Z # (node:16743) ExperimentalWarning: SQLite is an experimental feature and might change at any time
2026-09-23T13:57:38.8200910Z # (Use `node --trace-warnings ...` to show where the warning was created)
2026-09-23T13:57:38.8206270Z # Subtest: resource UI controller recovers a lost committed reply without creating another signature
2026-09-23T13:57:38.8210300Z ok 468 - resource UI controller recovers a lost committed reply without creating another signature
2026-09-23T13:57:38.8211760Z   ---
2026-09-23T13:57:38.8212580Z   duration_ms: 163.384833
2026-09-23T13:57:38.8213400Z   type: 'test'
2026-09-23T13:57:38.8214080Z   ...
2026-09-23T13:57:38.8215750Z # Subtest: resource UI retries an unconfirmed request only on explicit action and with the same UUID and payload
2026-09-23T13:57:38.8218230Z ok 469 - resource UI retries an unconfirmed request only on explicit action and with the same UUID and payload
2026-09-23T13:57:38.8220360Z   ---
2026-09-23T13:57:38.8221250Z   duration_ms: 161.978042
2026-09-23T13:57:38.8221550Z   type: 'test'
2026-09-23T13:57:38.8221800Z   ...
2026-09-23T13:57:38.8222440Z # Subtest: closing a resource UI session fences an in-flight result while the durable library remains recoverable
2026-09-23T13:57:38.8223320Z ok 470 - closing a resource UI session fences an in-flight result while the durable library remains recoverable
2026-09-23T13:57:38.8223870Z   ---
2026-09-23T13:57:38.8224200Z   duration_ms: 193.70225
2026-09-23T13:57:38.8224490Z   type: 'test'
2026-09-23T13:57:38.8225370Z   ...
2026-09-23T13:57:38.8226010Z # Subtest: resource library walks real history beyond the operation journal and retains third-party creators
2026-09-23T13:57:38.8226910Z ok 471 - resource library walks real history beyond the operation journal and retains third-party creators
2026-09-23T13:57:38.8227480Z   ---
2026-09-23T13:57:38.8227800Z   duration_ms: 1231.410834
2026-09-23T13:57:38.8228050Z   type: 'test'
2026-09-23T13:57:38.8228330Z   ...
2026-09-23T13:57:38.8229870Z # Subtest: resource sizes never round a nonempty small file down to zero
2026-09-23T13:57:38.8230460Z ok 472 - resource sizes never round a nonempty small file down to zero
2026-09-23T13:57:38.8230850Z   ---
2026-09-23T13:57:38.8231110Z   duration_ms: 17.362542
2026-09-23T13:57:38.8231460Z   type: 'test'
2026-09-23T13:57:38.8249090Z   ...
2026-09-23T13:57:39.0816480Z # Subtest: a table descriptor pins its complete canonical payload and returns owned data
2026-09-23T13:57:39.0818470Z ok 473 - a table descriptor pins its complete canonical payload and returns owned data
2026-09-23T13:57:39.0818810Z   ---
2026-09-23T13:57:39.0819080Z   duration_ms: 8.329958
2026-09-23T13:57:39.0819440Z   type: 'test'
2026-09-23T13:57:39.0819770Z   ...
2026-09-23T13:57:39.0826850Z # Subtest: verification of real encrypted envelopes precedes descriptor matching; a reader's valid signature cannot replace the referenced author
2026-09-23T13:57:39.0830870Z ok 474 - verification of real encrypted envelopes precedes descriptor matching; a reader's valid signature cannot replace the referenced author
2026-09-23T13:57:39.0832310Z   ---
2026-09-23T13:57:39.0832870Z   duration_ms: 10.641167
2026-09-23T13:57:39.0833630Z   type: 'test'
2026-09-23T13:57:39.0834200Z   ...
2026-09-23T13:57:39.0841870Z # Subtest: files have canonical base64, exact decoded boundaries and no executable rendering type
2026-09-23T13:57:39.0842810Z ok 475 - files have canonical base64, exact decoded boundaries and no executable rendering type
2026-09-23T13:57:39.0843380Z   ---
2026-09-23T13:57:39.0843680Z   duration_ms: 65.094666
2026-09-23T13:57:39.0844790Z   type: 'test'
2026-09-23T13:57:39.0845470Z   ...
2026-09-23T13:57:39.0847180Z # Subtest: a private resource never becomes public by reference and reader sets cannot silently expand
2026-09-23T13:57:39.0849280Z ok 476 - a private resource never becomes public by reference and reader sets cannot silently expand
2026-09-23T13:57:39.0850430Z   ---
2026-09-23T13:57:39.0850950Z   duration_ms: 1.171208
2026-09-23T13:57:39.0851610Z   type: 'test'
2026-09-23T13:57:39.0852220Z   ...
2026-09-23T13:57:39.0853580Z # Subtest: descriptor and nested data getters are refused without access, including reader arrays
2026-09-23T13:57:39.0855660Z ok 477 - descriptor and nested data getters are refused without access, including reader arrays
2026-09-23T13:57:39.0856940Z   ---
2026-09-23T13:57:39.0857570Z   duration_ms: 1.27325
2026-09-23T13:57:39.0858340Z   type: 'test'
2026-09-23T13:57:39.0858910Z   ...
2026-09-23T13:57:40.0039140Z # Subtest: site addresses are stable under display/read-card changes and reject ambiguous input
2026-09-23T13:57:40.0042650Z ok 478 - site addresses are stable under display/read-card changes and reject ambiguous input
2026-09-23T13:57:40.0043450Z   ---
2026-09-23T13:57:40.0049830Z   duration_ms: 33.5075
2026-09-23T13:57:40.0051340Z   type: 'test'
2026-09-23T13:57:40.0075920Z   ...
2026-09-23T13:57:40.0076780Z # Subtest: node signed snapshots bind the exact content and retain ownership when another reader can decrypt
2026-09-23T13:57:40.0077820Z ok 479 - node signed snapshots bind the exact content and retain ownership when another reader can decrypt
2026-09-23T13:57:40.0101190Z   ---
2026-09-23T13:57:40.0101810Z   duration_ms: 11.833958
2026-09-23T13:57:40.0102310Z   type: 'test'
2026-09-23T13:57:40.0102790Z   ...
2026-09-23T13:57:40.0103650Z # Subtest: node orders revisions by signed sequence, reports forks and does not let replay replace a known head
2026-09-23T13:57:40.0107140Z ok 480 - node orders revisions by signed sequence, reports forks and does not let replay replace a known head
2026-09-23T13:57:40.0111440Z   ---
2026-09-23T13:57:40.0113050Z   duration_ms: 16.717208
2026-09-23T13:57:40.0119770Z   type: 'test'
2026-09-23T13:57:40.0120900Z   ...
2026-09-23T13:57:40.0123020Z # Subtest: node rejects malformed certificates without invoking getters and enforces finite history/signature bounds
2026-09-23T13:57:40.0137810Z ok 481 - node rejects malformed certificates without invoking getters and enforces finite history/signature bounds
2026-09-23T13:57:40.0138710Z   ---
2026-09-23T13:57:40.0139850Z   duration_ms: 35.3265
2026-09-23T13:57:40.0142470Z   type: 'test'
2026-09-23T13:57:40.0143380Z   ...
2026-09-23T13:57:40.0146340Z # Subtest: portable signed snapshots bind the exact content and retain ownership when another reader can decrypt
2026-09-23T13:57:40.0147700Z ok 482 - portable signed snapshots bind the exact content and retain ownership when another reader can decrypt
2026-09-23T13:57:40.0148340Z   ---
2026-09-23T13:57:40.0149150Z   duration_ms: 159.2285
2026-09-23T13:57:40.0151650Z   type: 'test'
2026-09-23T13:57:40.0152740Z   ...
2026-09-23T13:57:40.0157220Z # Subtest: portable orders revisions by signed sequence, reports forks and does not let replay replace a known head
2026-09-23T13:57:40.0168410Z ok 483 - portable orders revisions by signed sequence, reports forks and does not let replay replace a known head
2026-09-23T13:57:40.0169720Z   ---
2026-09-23T13:57:40.0172170Z   duration_ms: 287.189875
2026-09-23T13:57:40.0174210Z   type: 'test'
2026-09-23T13:57:40.0174560Z   ...
2026-09-23T13:57:40.0177410Z # Subtest: portable rejects malformed certificates without invoking getters and enforces finite history/signature bounds
2026-09-23T13:57:40.0178400Z ok 484 - portable rejects malformed certificates without invoking getters and enforces finite history/signature bounds
2026-09-23T13:57:40.0178990Z   ---
2026-09-23T13:57:40.0179250Z   duration_ms: 120.919167
2026-09-23T13:57:40.0179550Z   type: 'test'
2026-09-23T13:57:40.0179770Z   ...
2026-09-23T13:57:40.0180340Z # Subtest: Node and portable crypto produce identical snapshot bytes/signatures and verify each other
2026-09-23T13:57:40.0181160Z ok 485 - Node and portable crypto produce identical snapshot bytes/signatures and verify each other
2026-09-23T13:57:40.0181600Z   ---
2026-09-23T13:57:40.0181880Z   duration_ms: 17.041667
2026-09-23T13:57:40.0182200Z   type: 'test'
2026-09-23T13:57:40.0182430Z   ...
2026-09-23T13:57:45.7997030Z # (node:16756) ExperimentalWarning: SQLite is an experimental feature and might change at any time
2026-09-23T13:57:45.8000100Z # (Use `node --trace-warnings ...` to show where the warning was created)
2026-09-23T13:57:45.8018890Z # Subtest: large valid cache produces bounded pages and exact authorized attachments on demand
2026-09-23T13:57:45.8021350Z ok 486 - large valid cache produces bounded pages and exact authorized attachments on demand
2026-09-23T13:57:45.8022770Z   ---
2026-09-23T13:57:45.8023630Z   duration_ms: 4510.700625
2026-09-23T13:57:45.8028260Z   type: 'test'
2026-09-23T13:57:45.8032570Z   ...
2026-09-23T13:57:45.8033910Z # Subtest: received author deletion persists before evicting its original, and denied attachments stay unavailable
2026-09-23T13:57:45.8035030Z ok 487 - received author deletion persists before evicting its original, and denied attachments stay unavailable
2026-09-23T13:57:45.8035800Z   ---
2026-09-23T13:57:45.8036230Z   duration_ms: 146.04925
2026-09-23T13:57:45.8036740Z   type: 'test'
2026-09-23T13:57:45.8037230Z   ...
2026-09-23T13:57:45.8037810Z # Subtest: request tracking is bounded even when transport rejects every broadcast
2026-09-23T13:57:45.8038780Z ok 488 - request tracking is bounded even when transport rejects every broadcast
2026-09-23T13:57:45.8039300Z   ---
2026-09-23T13:57:45.8042120Z   duration_ms: 133.012792
2026-09-23T13:57:45.8042820Z   type: 'test'
2026-09-23T13:57:45.8043480Z   ...
2026-09-23T13:57:45.8044840Z # Subtest: unknown post extension data does not crash or inflate summaries
2026-09-23T13:57:45.8048050Z ok 489 - unknown post extension data does not crash or inflate summaries
2026-09-23T13:57:45.8048660Z   ---
2026-09-23T13:57:45.8048910Z   duration_ms: 227.048958
2026-09-23T13:57:45.8049440Z   type: 'test'
2026-09-23T13:57:45.8049960Z   ...
2026-09-23T13:57:45.8050560Z # Subtest: summary reuse remains bound to verified disk bytes and unlocked identity
2026-09-23T13:57:45.8051300Z ok 490 - summary reuse remains bound to verified disk bytes and unlocked identity
2026-09-23T13:57:45.8052630Z   ---
2026-09-23T13:57:45.8053620Z   duration_ms: 113.185042
2026-09-23T13:57:45.8054030Z   type: 'test'
2026-09-23T13:57:45.8054510Z   ...
2026-09-23T13:57:48.2457540Z # Subtest: collections and following integrate with encrypted persistence and hashed peer retrieval respects read ACL
2026-09-23T13:57:48.2460390Z ok 491 - collections and following integrate with encrypted persistence and hashed peer retrieval respects read ACL
2026-09-23T13:57:48.2461630Z   ---
2026-09-23T13:57:48.2462380Z   duration_ms: 2211.416708
2026-09-23T13:57:48.2463230Z   type: 'test'
2026-09-23T13:57:48.2463800Z   ...
2026-09-23T13:57:48.6065390Z # Subtest: collection create, rename, add, remove and delete are immutable local transitions
2026-09-23T13:57:48.6067540Z ok 492 - collection create, rename, add, remove and delete are immutable local transitions
2026-09-23T13:57:48.6071040Z   ---
2026-09-23T13:57:48.6071970Z   duration_ms: 2.479375
2026-09-23T13:57:48.6072880Z   type: 'test'
2026-09-23T13:57:48.6080280Z   ...
2026-09-23T13:57:48.6081430Z # Subtest: collection identity, title and timestamp rules reject ambiguous metadata
2026-09-23T13:57:48.6087520Z ok 493 - collection identity, title and timestamp rules reject ambiguous metadata
2026-09-23T13:57:48.6097110Z   ---
2026-09-23T13:57:48.6097960Z   duration_ms: 1.071041
2026-09-23T13:57:48.6101370Z   type: 'test'
2026-09-23T13:57:48.6101740Z   ...
2026-09-23T13:57:48.6105790Z # Subtest: prototype, accessor, unknown field and sparse-array inputs fail without executing metadata
2026-09-23T13:57:48.6106800Z ok 494 - prototype, accessor, unknown field and sparse-array inputs fail without executing metadata
2026-09-23T13:57:48.6107310Z   ---
2026-09-23T13:57:48.6107580Z   duration_ms: 0.434708
2026-09-23T13:57:48.6107890Z   type: 'test'
2026-09-23T13:57:48.6108160Z   ...
2026-09-23T13:57:48.6108700Z # Subtest: collection ownership cannot be transferred by a command or mixed across identity vaults
2026-09-23T13:57:48.6109570Z ok 495 - collection ownership cannot be transferred by a command or mixed across identity vaults
2026-09-23T13:57:48.6110040Z   ---
2026-09-23T13:57:48.6110320Z   duration_ms: 0.205
2026-09-23T13:57:48.6110650Z   type: 'test'
2026-09-23T13:57:48.6110930Z   ...
2026-09-23T13:57:48.6111590Z # Subtest: collection and membership quotas reject atomically while allowing idempotent operations
2026-09-23T13:57:48.6112410Z ok 496 - collection and membership quotas reject atomically while allowing idempotent operations
2026-09-23T13:57:48.6112860Z   ---
2026-09-23T13:57:48.6113090Z   duration_ms: 14.713667
2026-09-23T13:57:48.6113530Z   type: 'test'
2026-09-23T13:57:48.6113810Z   ...
2026-09-23T13:57:48.6114500Z # Subtest: recovered collections reject duplicate identifiers, titles, members and excessive total memberships
2026-09-23T13:57:48.6115500Z ok 497 - recovered collections reject duplicate identifiers, titles, members and excessive total memberships
2026-09-23T13:57:48.6116140Z   ---
2026-09-23T13:57:48.6116360Z   duration_ms: 6.518875
2026-09-23T13:57:48.6116680Z   type: 'test'
2026-09-23T13:57:48.6116940Z   ...
2026-09-23T13:57:48.6117480Z # Subtest: content references remain canonical hashes and convey neither reader access nor authorship
2026-09-23T13:57:48.6118280Z ok 498 - content references remain canonical hashes and convey neither reader access nor authorship
2026-09-23T13:57:48.6118750Z   ---
2026-09-23T13:57:48.6118960Z   duration_ms: 19.536
2026-09-23T13:57:48.6119250Z   type: 'test'
2026-09-23T13:57:48.6119530Z   ...
2026-09-23T13:57:48.6121400Z # Subtest: followed feed selects posts and alerts from followed authors without changing caller order or access
2026-09-23T13:57:48.6122440Z ok 499 - followed feed selects posts and alerts from followed authors without changing caller order or access
2026-09-23T13:57:48.6122930Z   ---
2026-09-23T13:57:48.6123210Z   duration_ms: 4.519084
2026-09-23T13:57:48.6123560Z   type: 'test'
2026-09-23T13:57:48.6123800Z   ...
2026-09-23T13:57:48.8577710Z # Subtest: authenticated historical decoding does not make expired content admissible or decryptable by another identity
2026-09-23T13:57:48.8580570Z ok 500 - authenticated historical decoding does not make expired content admissible or decryptable by another identity
2026-09-23T13:57:48.8582080Z   ---
2026-09-23T13:57:48.8582820Z   duration_ms: 33.386167
2026-09-23T13:57:48.8583460Z   type: 'test'
2026-09-23T13:57:48.8584190Z   ...
2026-09-23T13:57:48.8585650Z # Subtest: historical time extraction rejects accessors without invoking them
2026-09-23T13:57:48.8592930Z ok 501 - historical time extraction rejects accessors without invoking them
2026-09-23T13:57:48.8593600Z   ---
2026-09-23T13:57:48.8594320Z   duration_ms: 0.147917
2026-09-23T13:57:48.8594650Z   type: 'test'
2026-09-23T13:57:48.8595020Z   ...
2026-09-23T13:57:49.2478050Z # Subtest: new small-message arrivals cannot repeatedly take the bulk fairness turn
2026-09-23T13:57:49.2481840Z ok 502 - new small-message arrivals cannot repeatedly take the bulk fairness turn
2026-09-23T13:57:49.2483230Z   ---
2026-09-23T13:57:49.2485570Z   duration_ms: 56.890666
2026-09-23T13:57:49.2486860Z   type: 'test'
2026-09-23T13:57:49.2487340Z   ...
2026-09-23T13:57:50.3091950Z # Subtest: packet-ID cancellation preserves an independent equal payload and a foreign-origin packet
2026-09-23T13:57:50.3096280Z ok 503 - packet-ID cancellation preserves an independent equal payload and a foreign-origin packet
2026-09-23T13:57:50.3097750Z   ---
2026-09-23T13:57:50.3098420Z   duration_ms: 713.443666
2026-09-23T13:57:50.3099120Z   type: 'test'
2026-09-23T13:57:50.3099890Z   ...
2026-09-23T13:57:50.3101250Z # Subtest: absolute local authorization deadline is bound into the Node packet ID
2026-09-23T13:57:50.3103020Z ok 504 - absolute local authorization deadline is bound into the Node packet ID
2026-09-23T13:57:50.3104190Z   ---
2026-09-23T13:57:50.3104890Z   duration_ms: 2.032791
2026-09-23T13:57:50.3105570Z   type: 'test'
2026-09-23T13:57:50.3106060Z   ...
2026-09-23T13:57:50.9757970Z # Subtest: local cancellation removes an actual queued TCP transfer and its reconnect copy
2026-09-23T13:57:50.9758960Z ok 505 - local cancellation removes an actual queued TCP transfer and its reconnect copy
2026-09-23T13:57:50.9759620Z   ---
2026-09-23T13:57:50.9760010Z   duration_ms: 671.46125
2026-09-23T13:57:50.9760300Z   type: 'test'
2026-09-23T13:57:50.9760520Z   ...
2026-09-23T13:57:51.6507150Z # Subtest: local cancellation negative control delivers an actual queued TCP transfer and its reconnect copy
2026-09-23T13:57:51.6509580Z ok 506 - local cancellation negative control delivers an actual queued TCP transfer and its reconnect copy
2026-09-23T13:57:51.6510900Z   ---
2026-09-23T13:57:51.6511450Z   duration_ms: 674.520959
2026-09-23T13:57:51.6512150Z   type: 'test'
2026-09-23T13:57:51.6512720Z   ...
2026-09-23T13:57:52.1406780Z # Subtest: local cancellation leaves another origin's retained relay packet intact
2026-09-23T13:57:52.1411060Z ok 507 - local cancellation leaves another origin's retained relay packet intact
2026-09-23T13:57:52.1419280Z   ---
2026-09-23T13:57:52.1419760Z   duration_ms: 489.773125
2026-09-23T13:57:52.1420260Z   type: 'test'
2026-09-23T13:57:52.1420790Z   ...
2026-09-23T13:57:52.4857400Z # Subtest: TCP parser handles split/coalesced frames, rejects tamper and replays only once
2026-09-23T13:57:52.4858230Z ok 508 - TCP parser handles split/coalesced frames, rejects tamper and replays only once
2026-09-23T13:57:52.4858680Z   ---
2026-09-23T13:57:52.4859110Z   duration_ms: 80.72275
2026-09-23T13:57:52.4859400Z   type: 'test'
2026-09-23T13:57:52.4859650Z   ...
2026-09-23T13:57:52.5401490Z # Subtest: non-reading TCP duplicate flood coalesces and bounds control output
2026-09-23T13:57:52.5402470Z ok 509 - non-reading TCP duplicate flood coalesces and bounds control output
2026-09-23T13:57:52.5403800Z   ---
2026-09-23T13:57:52.5404630Z   duration_ms: 55.06
2026-09-23T13:57:52.5405560Z   type: 'test'
2026-09-23T13:57:52.5406080Z   ...
2026-09-23T13:57:52.5818150Z # Subtest: TCP malformed frame and unfinished-line floods disconnect and release state
2026-09-23T13:57:52.5826210Z ok 510 - TCP malformed frame and unfinished-line floods disconnect and release state
2026-09-23T13:57:52.5826770Z   ---
2026-09-23T13:57:52.5828670Z   duration_ms: 39.660625
2026-09-23T13:57:52.5829070Z   type: 'test'
2026-09-23T13:57:52.5829400Z   ...
2026-09-23T13:57:52.7382980Z # Subtest: distinct TCP packets cannot grow the ACK queue or exceed its output rate
2026-09-23T13:57:52.7383770Z ok 511 - distinct TCP packets cannot grow the ACK queue or exceed its output rate
2026-09-23T13:57:52.7384150Z   ---
2026-09-23T13:57:52.7384420Z   duration_ms: 158.332667
2026-09-23T13:57:52.7384720Z   type: 'test'
2026-09-23T13:57:52.7384930Z   ...
2026-09-23T13:57:55.1276790Z # Subtest: TCP incomplete assemblies have count and aggregate memory bounds
2026-09-23T13:57:55.1278390Z ok 512 - TCP incomplete assemblies have count and aggregate memory bounds
2026-09-23T13:57:55.1278970Z   ---
2026-09-23T13:57:55.1279370Z   duration_ms: 2389.383541
2026-09-23T13:57:55.1280580Z   type: 'test'
2026-09-23T13:57:55.1280910Z   ...
2026-09-23T13:57:55.2626940Z # Subtest: expired packets, invalid TTLs and exhausted hop limits never relay
2026-09-23T13:57:55.2628150Z ok 513 - expired packets, invalid TTLs and exhausted hop limits never relay
2026-09-23T13:57:55.2628800Z   ---
2026-09-23T13:57:55.2629320Z   duration_ms: 134.872792
2026-09-23T13:57:55.2629700Z   type: 'test'
2026-09-23T13:57:55.2630030Z   ...
2026-09-23T13:57:55.6970770Z # Subtest: queued expiry and stopped sockets release bounded output under backpressure
2026-09-23T13:57:55.6975880Z ok 514 - queued expiry and stopped sockets release bounded output under backpressure
2026-09-23T13:57:55.6978580Z   ---
2026-09-23T13:57:55.6979200Z   duration_ms: 434.471875
2026-09-23T13:57:55.6979530Z   type: 'test'
2026-09-23T13:57:55.6979930Z   ...
2026-09-23T13:57:59.7821360Z # Subtest: partial TCP loss retries exact bytes and missing ACK retries without duplicate delivery
2026-09-23T13:57:59.7823900Z ok 515 - partial TCP loss retries exact bytes and missing ACK retries without duplicate delivery
2026-09-23T13:57:59.7825100Z   ---
2026-09-23T13:57:59.7825810Z   duration_ms: 4082.238458
2026-09-23T13:57:59.7826650Z   type: 'test'
2026-09-23T13:57:59.7827210Z   ...
2026-09-23T13:58:00.8665610Z # Subtest: TCP reconnect delivers a partial transfer and packets created during the partition
2026-09-23T13:58:00.8666690Z ok 516 - TCP reconnect delivers a partial transfer and packets created during the partition
2026-09-23T13:58:00.8667110Z   ---
2026-09-23T13:58:00.8667440Z   duration_ms: 1086.771958
2026-09-23T13:58:00.8667800Z   type: 'test'
2026-09-23T13:58:00.8667990Z   ...
2026-09-23T13:58:01.0223010Z # Subtest: turning relay off cancels queued forwarded fragments and keeps local SOS available
2026-09-23T13:58:01.0225020Z ok 517 - turning relay off cancels queued forwarded fragments and keeps local SOS available
2026-09-23T13:58:01.0226310Z   ---
2026-09-23T13:58:01.0229850Z   duration_ms: 155.057792
2026-09-23T13:58:01.0232720Z   type: 'test'
2026-09-23T13:58:01.0234220Z   ...
2026-09-23T13:58:01.1642840Z # Subtest: relay pause cancels queued local seeding and prevents retained offline replay
2026-09-23T13:58:01.1672150Z ok 518 - relay pause cancels queued local seeding and prevents retained offline replay
2026-09-23T13:58:01.1685130Z   ---
2026-09-23T13:58:01.1695200Z   duration_ms: 140.843875
2026-09-23T13:58:01.1705570Z   type: 'test'
2026-09-23T13:58:01.1706000Z   ...
2026-09-23T13:58:01.2463790Z # Subtest: real TCP fragments preempt bulk for SOS while preserving bulk fairness
2026-09-23T13:58:01.2466370Z ok 519 - real TCP fragments preempt bulk for SOS while preserving bulk fairness
2026-09-23T13:58:01.2467560Z   ---
2026-09-23T13:58:01.2468750Z   duration_ms: 83.952292
2026-09-23T13:58:01.2469430Z   type: 'test'
2026-09-23T13:58:01.2471670Z   ...
2026-09-23T13:58:01.3245660Z # Subtest: many in-progress SOS transfers leave admission capacity for bulk fairness
2026-09-23T13:58:01.3246400Z ok 520 - many in-progress SOS transfers leave admission capacity for bulk fairness
2026-09-23T13:58:01.3246790Z   ---
2026-09-23T13:58:01.3247140Z   duration_ms: 72.06975
2026-09-23T13:58:01.3247520Z   type: 'test'
2026-09-23T13:58:01.3247810Z   ...
2026-09-23T13:58:01.6118990Z # Subtest: real serialport PTY fragments preempt bulk for SOS with the same fairness
2026-09-23T13:58:01.6120880Z ok 521 - real serialport PTY fragments preempt bulk for SOS with the same fairness
2026-09-23T13:58:01.6121930Z   ---
2026-09-23T13:58:01.6122500Z   duration_ms: 293.638417
2026-09-23T13:58:01.6123180Z   type: 'test'
2026-09-23T13:58:01.6123830Z   ...
2026-09-23T13:58:01.7829160Z # Subtest: POSIX poller regression: read rearm must preserve an outstanding write watch
2026-09-23T13:58:01.7836060Z ok 522 - POSIX poller regression: read rearm must preserve an outstanding write watch
2026-09-23T13:58:01.7838660Z   ---
2026-09-23T13:58:01.7842400Z   duration_ms: 0.56475
2026-09-23T13:58:01.7843540Z   type: 'test'
2026-09-23T13:58:01.7844220Z   ...
2026-09-23T13:58:01.7847150Z # Subtest: serial write deadline covers one frame at configured baud while bounding a stalled writer
2026-09-23T13:58:01.7848480Z ok 523 - serial write deadline covers one frame at configured baud while bounding a stalled writer
2026-09-23T13:58:01.7849190Z   ---
2026-09-23T13:58:01.7851030Z   duration_ms: 0.069
2026-09-23T13:58:01.7853560Z   type: 'test'
2026-09-23T13:58:01.7855080Z   ...
2026-09-23T13:58:08.0253530Z # Subtest: real serial PTY recovers an injected stuck write through bounded reconnect and exact replay
2026-09-23T13:58:08.0256760Z ok 524 - real serial PTY recovers an injected stuck write through bounded reconnect and exact replay
2026-09-23T13:58:08.0258520Z   ---
2026-09-23T13:58:08.0259320Z   duration_ms: 6245.9275
2026-09-23T13:58:08.0260330Z   type: 'test'
2026-09-23T13:58:08.0261140Z   ...
2026-09-23T13:58:09.1033140Z # Subtest: real TCP transfer, two-hop forwarding and relay-off negative control
2026-09-23T13:58:09.1035910Z ok 525 - real TCP transfer, two-hop forwarding and relay-off negative control
2026-09-23T13:58:09.1037610Z   ---
2026-09-23T13:58:09.1038550Z   duration_ms: 927.902125
2026-09-23T13:58:09.1039450Z   type: 'test'
2026-09-23T13:58:09.1040250Z   ...
2026-09-23T13:58:09.6604630Z # Subtest: validation rejection prevents display and relay; positive valid control
2026-09-23T13:58:09.6608690Z ok 526 - validation rejection prevents display and relay; positive valid control
2026-09-23T13:58:09.6610920Z   ---
2026-09-23T13:58:09.6612010Z   duration_ms: 559.112917
2026-09-23T13:58:09.6613350Z   type: 'test'
2026-09-23T13:58:09.6614350Z   ...
2026-09-23T13:58:09.8444370Z # Subtest: interface preference schema rejects unrelated authority fields and does not invoke getters
2026-09-23T13:58:09.8445520Z ok 527 - interface preference schema rejects unrelated authority fields and does not invoke getters
2026-09-23T13:58:09.8446070Z   ---
2026-09-23T13:58:09.8446450Z   duration_ms: 0.707416
2026-09-23T13:58:09.8446840Z   type: 'test'
2026-09-23T13:58:09.8447180Z   ...
2026-09-23T13:58:09.8447880Z # Subtest: bounded preference file preserves prior values on invalid patches or corrupted storage
2026-09-23T13:58:09.8448700Z ok 528 - bounded preference file preserves prior values on invalid patches or corrupted storage
2026-09-23T13:58:09.8449300Z   ---
2026-09-23T13:58:09.8449620Z   duration_ms: 49.505625
2026-09-23T13:58:09.8449930Z   type: 'test'
2026-09-23T13:58:09.8450270Z   ...
2026-09-23T13:58:09.8450710Z # Subtest: preferences do not read through a symbolic link
2026-09-23T13:58:09.8451680Z ok 529 - preferences do not read through a symbolic link
2026-09-23T13:58:09.8452110Z   ---
2026-09-23T13:58:09.8452370Z   duration_ms: 0.661917
2026-09-23T13:58:09.8452710Z   type: 'test'
2026-09-23T13:58:09.8453010Z   ...
2026-09-23T13:58:10.4756030Z # Subtest: Node web-peer API separates keys, relay consent and control authority, and enforces explicit revocation
2026-09-23T13:58:10.4757330Z ok 530 - Node web-peer API separates keys, relay consent and control authority, and enforces explicit revocation
2026-09-23T13:58:10.4757820Z   ---
2026-09-23T13:58:10.4758100Z   duration_ms: 467.613792
2026-09-23T13:58:10.4758430Z   type: 'test'
2026-09-23T13:58:10.4758660Z   ...
2026-09-23T13:58:10.6992050Z # Subtest: websocket invitations require exact origin/capability, preserve eight slots, and carry no control API
2026-09-23T13:58:10.6993020Z ok 531 - websocket invitations require exact origin/capability, preserve eight slots, and carry no control API
2026-09-23T13:58:10.6993580Z   ---
2026-09-23T13:58:10.6993920Z   duration_ms: 40.684583
2026-09-23T13:58:10.6994210Z   type: 'test'
2026-09-23T13:58:10.6994460Z   ...
2026-09-23T13:58:11.7046200Z # Subtest: websocket expiry closes active connections and non-loopback cleartext listeners are refused
2026-09-23T13:58:11.7048520Z ok 532 - websocket expiry closes active connections and non-loopback cleartext listeners are refused
2026-09-23T13:58:11.7051320Z   ---
2026-09-23T13:58:11.7051970Z   duration_ms: 1006.363625
2026-09-23T13:58:11.7052680Z   type: 'test'
2026-09-23T13:58:11.7053140Z   ...
2026-09-23T13:58:11.7212980Z 1..532
2026-09-23T13:58:11.7213650Z # tests 535
2026-09-23T13:58:11.7214170Z # suites 0
2026-09-23T13:58:11.7214820Z # pass 535
2026-09-23T13:58:11.7215420Z # fail 0
2026-09-23T13:58:11.7215930Z # cancelled 0
2026-09-23T13:58:11.7216510Z # skipped 0
2026-09-23T13:58:11.7217110Z # todo 0
2026-09-23T13:58:11.7217700Z # duration_ms 583685.392834
2026-09-23T13:58:11.8009600Z Node 20 is being deprecated. This workflow is running with Node 24 by default. If you need to temporarily use Node 20, you can set the ACTIONS_ALLOW_USE_UNSECURE_NODE_VERSION=true environment variable. For more information see: https://github.blog/changelog/2025-09-19-deprecation-of-node-20-on-github-actions-runners/
2026-09-23T13:58:11.8010740Z ##[group]Run actions/upload-artifact@v4
2026-09-23T13:58:11.8011100Z with:
2026-09-23T13:58:11.8011300Z   name: evidence-macos-latest
2026-09-23T13:58:11.8011790Z   path: docs/evidence
test-results
.cache/fixture-http-failures/*.json
.cache/web-invitation

2026-09-23T13:58:11.8012250Z   retention-days: 7
2026-09-23T13:58:11.8012470Z   if-no-files-found: warn
2026-09-23T13:58:11.8012770Z   compression-level: 6
2026-09-23T13:58:11.8013030Z   overwrite: false
2026-09-23T13:58:11.8013250Z   include-hidden-files: false
2026-09-23T13:58:11.8013570Z ##[endgroup]
2026-09-23T13:58:12.1814320Z (node:17555) [DEP0040] DeprecationWarning: The `punycode` module is deprecated. Please use a userland alternative instead.
2026-09-23T13:58:12.1815260Z (Use `node --trace-deprecation ...` to show where the warning was created)
2026-09-23T13:58:12.9696130Z Multiple search paths detected. Calculating the least common ancestor of all paths
2026-09-23T13:58:12.9697370Z The least common ancestor is /Users/runner/work/relayloom/relayloom. This will be the root directory of the artifact
2026-09-23T13:58:12.9698140Z With the provided path, there will be 4477 files uploaded
2026-09-23T13:58:12.9698740Z Artifact name is valid!
2026-09-23T13:58:12.9699150Z Root directory input is valid!
2026-09-23T13:58:13.3107270Z Beginning upload of artifact content to blob storage
2026-09-23T13:58:13.7472130Z (node:17555) [DEP0169] DeprecationWarning: `url.parse()` behavior is not standardized and prone to errors that have security implications. Use the WHATWG URL API instead. CVEs are not issued for `url.parse()` vulnerabilities.
2026-09-23T13:58:14.2753910Z Uploaded bytes 8388608
2026-09-23T13:58:14.5867350Z Uploaded bytes 16777216
2026-09-23T13:58:14.7124590Z Uploaded bytes 25165824
2026-09-23T13:58:15.1716640Z Uploaded bytes 33554432
2026-09-23T13:58:15.7443110Z Uploaded bytes 41943040
2026-09-23T13:58:15.9468270Z Uploaded bytes 50331648
2026-09-23T13:58:16.3308340Z Uploaded bytes 58720256
2026-09-23T13:58:16.7995760Z Uploaded bytes 67108864
2026-09-23T13:58:17.2358310Z Uploaded bytes 75497472
2026-09-23T13:58:17.7338430Z Uploaded bytes 83886080
2026-09-23T13:58:18.2288380Z Uploaded bytes 92274688
2026-09-23T13:58:18.5503850Z Uploaded bytes 100663296
2026-09-23T13:58:19.2446940Z Uploaded bytes 109051904
2026-09-23T13:58:19.5905000Z Uploaded bytes 117440512
2026-09-23T13:58:19.9790540Z Uploaded bytes 125829120
2026-09-23T13:58:20.2601160Z Uploaded bytes 134217728
2026-09-23T13:58:20.7460180Z Uploaded bytes 142606336
2026-09-23T13:58:21.1880270Z Uploaded bytes 150994944
2026-09-23T13:58:21.2482450Z Uploaded bytes 151447042
2026-09-23T13:58:21.2990400Z Finished uploading artifact content to blob storage!
2026-09-23T13:58:21.3000930Z SHA256 digest of uploaded artifact zip is 0b9d80a74199fdd1f09dd07ace6d7bcf0db1684e5d904167c3739c0a4b668d2b
2026-09-23T13:58:21.3006570Z Finalizing artifact upload
2026-09-23T13:58:21.6695440Z Artifact evidence-macos-latest.zip successfully finalized. Artifact ID 10754269775
2026-09-23T13:58:21.6698900Z Artifact evidence-macos-latest has been successfully uploaded! Final size is 151447042 bytes. Artifact ID is 10754269775
2026-09-23T13:58:21.6723920Z Artifact download URL: https://github.com/JohnnyPBelo/relayloom/actions/runs/35868125390/artifacts/10754269775
2026-09-23T13:58:21.7029950Z Node 20 is being deprecated. This workflow is running with Node 24 by default. If you need to temporarily use Node 20, you can set the ACTIONS_ALLOW_USE_UNSECURE_NODE_VERSION=true environment variable. For more information see: https://github.blog/changelog/2025-09-19-deprecation-of-node-20-on-github-actions-runners/
2026-09-23T13:58:21.7031060Z Post job cleanup.
2026-09-23T13:58:21.8356070Z (node:17835) [DEP0040] DeprecationWarning: The `punycode` module is deprecated. Please use a userland alternative instead.
2026-09-23T13:58:21.8357000Z (Use `node --trace-deprecation ...` to show where the warning was created)
2026-09-23T13:58:21.8502010Z Node 20 is being deprecated. This workflow is running with Node 24 by default. If you need to temporarily use Node 20, you can set the ACTIONS_ALLOW_USE_UNSECURE_NODE_VERSION=true environment variable. For more information see: https://github.blog/changelog/2025-09-19-deprecation-of-node-20-on-github-actions-runners/
2026-09-23T13:58:21.8503500Z Post job cleanup.
2026-09-23T13:58:21.9786850Z (node:17836) [DEP0040] DeprecationWarning: The `punycode` module is deprecated. Please use a userland alternative instead.
2026-09-23T13:58:21.9787910Z (Use `node --trace-deprecation ...` to show where the warning was created)
2026-09-23T13:58:21.9789590Z Cache hit occurred on the primary key node-cache-macOS-arm64-npm-88240ea3fcc36a07b38e92f18a1559354497a7dfa2763e229b5dd5d5943af76a, not saving cache.
2026-09-23T13:58:21.9882110Z Node 20 is being deprecated. This workflow is running with Node 24 by default. If you need to temporarily use Node 20, you can set the ACTIONS_ALLOW_USE_UNSECURE_NODE_VERSION=true environment variable. For more information see: https://github.blog/changelog/2025-09-19-deprecation-of-node-20-on-github-actions-runners/
2026-09-23T13:58:21.9883240Z Post job cleanup.
2026-09-23T13:58:22.0851470Z [command]/opt/homebrew/bin/git version
2026-09-23T13:58:22.1415780Z git version 2.55.0
2026-09-23T13:58:22.1440450Z Copying '/Users/runner/.gitconfig' to '/Users/runner/work/_temp/8bf18e8b-9710-4dd1-bdf3-efa13753c4ed/.gitconfig'
2026-09-23T13:58:22.1452110Z Temporarily overriding HOME='/Users/runner/work/_temp/8bf18e8b-9710-4dd1-bdf3-efa13753c4ed' before making global git config changes
2026-09-23T13:58:22.1453170Z Adding repository directory to the temporary git global config as a safe directory
2026-09-23T13:58:22.1456030Z [command]/opt/homebrew/bin/git config --global --add safe.directory /Users/runner/work/relayloom/relayloom
2026-09-23T13:58:22.1603190Z [command]/opt/homebrew/bin/git config --local --name-only --get-regexp core\.sshCommand
2026-09-23T13:58:22.1672510Z [command]/opt/homebrew/bin/git submodule foreach --recursive sh -c "git config --local --name-only --get-regexp 'core\.sshCommand' && git config --local --unset-all 'core.sshCommand' || :"
2026-09-23T13:58:22.2897810Z [command]/opt/homebrew/bin/git config --local --name-only --get-regexp http\.https\:\/\/github\.com\/\.extraheader
2026-09-23T13:58:22.2951730Z http.https://github.com/.extraheader
2026-09-23T13:58:22.2958610Z [command]/opt/homebrew/bin/git config --local --unset-all http.https://github.com/.extraheader
2026-09-23T13:58:22.3022700Z [command]/opt/homebrew/bin/git submodule foreach --recursive sh -c "git config --local --name-only --get-regexp 'http\.https\:\/\/github\.com\/\.extraheader' && git config --local --unset-all 'http.https://github.com/.extraheader' || :"
2026-09-23T13:58:22.3956790Z [command]/opt/homebrew/bin/git config --local --name-only --get-regexp ^includeIf\.gitdir:
2026-09-23T13:58:22.4014960Z [command]/opt/homebrew/bin/git submodule foreach --recursive git config --local --show-origin --name-only --get-regexp remote.origin.url
2026-09-23T13:58:22.4861370Z Cleaning up orphan processes
2026-09-23T13:58:24.0399190Z ##[warning]Node.js 20 is deprecated. The following actions target Node.js 20 but are being forced to run on Node.js 24: actions/checkout@v4, actions/setup-go@v5, actions/setup-node@v4, actions/upload-artifact@v4. For more information see: https://github.blog/changelog/2025-09-19-deprecation-of-node-20-on-github-actions-runners/
