2026-09-23T13:35:29.2902640Z Current runner version: '2.337.0'
2026-09-23T13:35:29.2927055Z ##[group]Runner Image Provisioner
2026-09-23T13:35:29.2927683Z Hosted Compute Agent
2026-09-23T13:35:29.2928134Z Version: 20260828.587
2026-09-23T13:35:29.2928607Z Commit: abac92662cab4cc7352de4f9f9d2e2419aad9c29
2026-09-23T13:35:29.2929182Z Build Date: 2026-08-28T16:44:25Z
2026-09-23T13:35:29.2929670Z Worker ID: {56a13393-3995-420e-842f-18553da06c3e}
2026-09-23T13:35:29.2930194Z Azure Region: northcentralus
2026-09-23T13:35:29.2930650Z ##[endgroup]
2026-09-23T13:35:29.2931928Z ##[group]Operating System
2026-09-23T13:35:29.2932439Z Microsoft Windows Server 2025
2026-09-23T13:35:29.2932883Z 10.0.26100
2026-09-23T13:35:29.2933251Z Datacenter
2026-09-23T13:35:29.2933650Z ##[endgroup]
2026-09-23T13:35:29.2934048Z ##[group]Runner Image
2026-09-23T13:35:29.2934553Z Image: windows-2025-vs2026
2026-09-23T13:35:29.2935026Z Version: 20260907.229.1
2026-09-23T13:35:29.2936179Z Included Software: https://github.com/actions/runner-images/blob/win25-vs2026/20260907.229/images/windows/Windows2025-VS2026-Readme.md
2026-09-23T13:35:29.2937505Z Image Release: https://github.com/actions/runner-images/releases/tag/win25-vs2026%2F20260907.229
2026-09-23T13:35:29.2938273Z ##[endgroup]
2026-09-23T13:35:29.2939106Z ##[group]GITHUB_TOKEN Permissions
2026-09-23T13:35:29.2940627Z Contents: read
2026-09-23T13:35:29.2941062Z Metadata: read
2026-09-23T13:35:29.2941455Z ##[endgroup]
2026-09-23T13:35:29.2943295Z Secret source: Actions
2026-09-23T13:35:29.2943977Z Cache mode: write
2026-09-23T13:35:29.2944527Z Prepare workflow directory
2026-09-23T13:35:29.3244040Z Prepare all required actions
2026-09-23T13:35:29.3282865Z Getting action download info
2026-09-23T13:35:29.5323876Z Download action repository 'actions/checkout@v4' (SHA:11d5960a326750d5838078e36cf38b85af677262)
2026-09-23T13:35:29.6284748Z Download action repository 'actions/setup-node@v4' (SHA:49933ea5288caeca8642d1e84afbd3f7d6820020)
2026-09-23T13:35:29.7396194Z Download action repository 'actions/setup-go@v5' (SHA:40f1582b2485089dde7abd97c1529aa768e1baff)
2026-09-23T13:35:30.0892288Z Download action repository 'actions/upload-artifact@v4' (SHA:ea165f8d65b6e75b540449e92b4886f43607fa02)
2026-09-23T13:35:30.4196036Z Complete job name: native-node (windows-latest)
2026-09-23T13:35:30.6190432Z Node 20 is being deprecated. This workflow is running with Node 24 by default. If you need to temporarily use Node 20, you can set the ACTIONS_ALLOW_USE_UNSECURE_NODE_VERSION=true environment variable. For more information see: https://github.blog/changelog/2025-09-19-deprecation-of-node-20-on-github-actions-runners/
2026-09-23T13:35:30.6198223Z ##[group]Run actions/checkout@v4
2026-09-23T13:35:30.6198713Z with:
2026-09-23T13:35:30.6199046Z   repository: JohnnyPBelo/relayloom
2026-09-23T13:35:30.6202087Z   token: ***
2026-09-23T13:35:30.6202396Z   ssh-strict: true
2026-09-23T13:35:30.6202706Z   ssh-user: git
2026-09-23T13:35:30.6203014Z   persist-credentials: true
2026-09-23T13:35:30.6203362Z   clean: true
2026-09-23T13:35:30.6203718Z   sparse-checkout-cone-mode: true
2026-09-23T13:35:30.6204097Z   fetch-depth: 1
2026-09-23T13:35:30.6204401Z   fetch-tags: false
2026-09-23T13:35:30.6204710Z   show-progress: true
2026-09-23T13:35:30.6205013Z   lfs: false
2026-09-23T13:35:30.6205322Z   submodules: false
2026-09-23T13:35:30.6205646Z   set-safe-directory: true
2026-09-23T13:35:30.6206386Z   allow-unsafe-pr-checkout: false
2026-09-23T13:35:30.6206988Z ##[endgroup]
2026-09-23T13:35:30.7449247Z Syncing repository: JohnnyPBelo/relayloom
2026-09-23T13:35:30.7452576Z ##[group]Getting Git version info
2026-09-23T13:35:30.7453537Z Working directory is 'D:\a\relayloom\relayloom'
2026-09-23T13:35:30.8202899Z [command]"C:\Program Files\Git\bin\git.exe" version
2026-09-23T13:35:31.9649934Z git version 2.55.0.windows.5
2026-09-23T13:35:31.9688324Z ##[endgroup]
2026-09-23T13:35:31.9703318Z Temporarily overriding HOME='D:\a\_temp\090e24d0-057c-4506-b643-a17bf7ba4d50' before making global git config changes
2026-09-23T13:35:31.9705567Z Adding repository directory to the temporary git global config as a safe directory
2026-09-23T13:35:31.9712484Z [command]"C:\Program Files\Git\bin\git.exe" config --global --add safe.directory D:\a\relayloom\relayloom
2026-09-23T13:35:32.0303803Z Deleting the contents of 'D:\a\relayloom\relayloom'
2026-09-23T13:35:32.0308172Z ##[group]Initializing the repository
2026-09-23T13:35:32.0315310Z [command]"C:\Program Files\Git\bin\git.exe" init D:\a\relayloom\relayloom
2026-09-23T13:35:32.1028428Z Initialized empty Git repository in D:/a/relayloom/relayloom/.git/
2026-09-23T13:35:32.1066271Z [command]"C:\Program Files\Git\bin\git.exe" remote add origin https://github.com/JohnnyPBelo/relayloom
2026-09-23T13:35:32.1611968Z ##[endgroup]
2026-09-23T13:35:32.1612532Z ##[group]Disabling automatic garbage collection
2026-09-23T13:35:32.1619897Z [command]"C:\Program Files\Git\bin\git.exe" config --local gc.auto 0
2026-09-23T13:35:32.1848015Z ##[endgroup]
2026-09-23T13:35:32.1848714Z ##[group]Setting up auth
2026-09-23T13:35:32.1859598Z [command]"C:\Program Files\Git\bin\git.exe" config --local --name-only --get-regexp core\.sshCommand
2026-09-23T13:35:32.2081008Z [command]"C:\Program Files\Git\bin\git.exe" submodule foreach --recursive "sh -c \"git config --local --name-only --get-regexp 'core\.sshCommand' && git config --local --unset-all 'core.sshCommand' || :\""
2026-09-23T13:35:33.4902845Z [command]"C:\Program Files\Git\bin\git.exe" config --local --name-only --get-regexp http\.https\:\/\/github\.com\/\.extraheader
2026-09-23T13:35:33.5130037Z [command]"C:\Program Files\Git\bin\git.exe" submodule foreach --recursive "sh -c \"git config --local --name-only --get-regexp 'http\.https\:\/\/github\.com\/\.extraheader' && git config --local --unset-all 'http.https://github.com/.extraheader' || :\""
2026-09-23T13:35:33.9166300Z [command]"C:\Program Files\Git\bin\git.exe" config --local --name-only --get-regexp ^includeIf\.gitdir:
2026-09-23T13:35:33.9391028Z [command]"C:\Program Files\Git\bin\git.exe" submodule foreach --recursive "git config --local --show-origin --name-only --get-regexp remote.origin.url"
2026-09-23T13:35:34.3465913Z [command]"C:\Program Files\Git\bin\git.exe" config --local http.https://github.com/.extraheader "AUTHORIZATION: basic ***"
2026-09-23T13:35:34.3752536Z ##[endgroup]
2026-09-23T13:35:34.3753661Z ##[group]Fetching the repository
2026-09-23T13:35:34.3754997Z [command]"C:\Program Files\Git\bin\git.exe" -c protocol.version=2 fetch --no-tags --prune --no-recurse-submodules --depth=1 origin +d6d4ddb9cde7e29e04aadd32a6ce68f049e77fcc:refs/remotes/origin/codex/site-optional-resources
2026-09-23T13:35:40.9926144Z From https://github.com/JohnnyPBelo/relayloom
2026-09-23T13:35:40.9929295Z  * [new ref]         d6d4ddb9cde7e29e04aadd32a6ce68f049e77fcc -> origin/codex/site-optional-resources
2026-09-23T13:35:40.9962201Z ##[endgroup]
2026-09-23T13:35:40.9963917Z ##[group]Determining the checkout info
2026-09-23T13:35:40.9965172Z ##[endgroup]
2026-09-23T13:35:40.9977648Z [command]"C:\Program Files\Git\bin\git.exe" sparse-checkout disable
2026-09-23T13:35:41.0374039Z [command]"C:\Program Files\Git\bin\git.exe" config --local --unset-all extensions.worktreeConfig
2026-09-23T13:35:41.0610453Z ##[group]Checking out the ref
2026-09-23T13:35:41.0620827Z [command]"C:\Program Files\Git\bin\git.exe" checkout --progress --force -B codex/site-optional-resources refs/remotes/origin/codex/site-optional-resources
2026-09-23T13:35:42.2704702Z Updating files:  41% (2281/5531)
2026-09-23T13:35:42.2867486Z Updating files:  42% (2324/5531)
2026-09-23T13:35:42.3009607Z Updating files:  43% (2379/5531)
2026-09-23T13:35:42.3096259Z Updating files:  44% (2434/5531)
2026-09-23T13:35:42.3281859Z Updating files:  45% (2489/5531)
2026-09-23T13:35:42.3454106Z Updating files:  46% (2545/5531)
2026-09-23T13:35:42.3551467Z Updating files:  47% (2600/5531)
2026-09-23T13:35:42.3709730Z Updating files:  48% (2655/5531)
2026-09-23T13:35:42.3979829Z Updating files:  49% (2711/5531)
2026-09-23T13:35:42.4265215Z Updating files:  50% (2766/5531)
2026-09-23T13:35:42.4356854Z Updating files:  51% (2821/5531)
2026-09-23T13:35:42.4796950Z Updating files:  52% (2877/5531)
2026-09-23T13:35:42.4942751Z Updating files:  53% (2932/5531)
2026-09-23T13:35:42.5036007Z Updating files:  54% (2987/5531)
2026-09-23T13:35:42.5171490Z Updating files:  55% (3043/5531)
2026-09-23T13:35:42.5290980Z Updating files:  56% (3098/5531)
2026-09-23T13:35:42.5363053Z Updating files:  57% (3153/5531)
2026-09-23T13:35:42.5566420Z Updating files:  58% (3208/5531)
2026-09-23T13:35:42.5696899Z Updating files:  59% (3264/5531)
2026-09-23T13:35:42.5785702Z Updating files:  60% (3319/5531)
2026-09-23T13:35:42.5927424Z Updating files:  61% (3374/5531)
2026-09-23T13:35:42.6048757Z Updating files:  62% (3430/5531)
2026-09-23T13:35:42.6142417Z Updating files:  63% (3485/5531)
2026-09-23T13:35:42.6271621Z Updating files:  64% (3540/5531)
2026-09-23T13:35:42.6367584Z Updating files:  65% (3596/5531)
2026-09-23T13:35:42.6490180Z Updating files:  66% (3651/5531)
2026-09-23T13:35:42.6597721Z Updating files:  67% (3706/5531)
2026-09-23T13:35:42.6705553Z Updating files:  68% (3762/5531)
2026-09-23T13:35:42.6867965Z Updating files:  69% (3817/5531)
2026-09-23T13:35:42.7044248Z Updating files:  70% (3872/5531)
2026-09-23T13:35:42.7157418Z Updating files:  71% (3928/5531)
2026-09-23T13:35:42.7442769Z Updating files:  72% (3983/5531)
2026-09-23T13:35:42.7639811Z Updating files:  73% (4038/5531)
2026-09-23T13:35:42.8044564Z Updating files:  74% (4093/5531)
2026-09-23T13:35:42.8228055Z Updating files:  75% (4149/5531)
2026-09-23T13:35:42.8539393Z Updating files:  76% (4204/5531)
2026-09-23T13:35:42.9131142Z Updating files:  77% (4259/5531)
2026-09-23T13:35:42.9317997Z Updating files:  78% (4315/5531)
2026-09-23T13:35:42.9551275Z Updating files:  79% (4370/5531)
2026-09-23T13:35:42.9820397Z Updating files:  80% (4425/5531)
2026-09-23T13:35:42.9946143Z Updating files:  81% (4481/5531)
2026-09-23T13:35:43.0031731Z Updating files:  82% (4536/5531)
2026-09-23T13:35:43.0264833Z Updating files:  83% (4591/5531)
2026-09-23T13:35:43.0433773Z Updating files:  84% (4647/5531)
2026-09-23T13:35:43.0605218Z Updating files:  85% (4702/5531)
2026-09-23T13:35:43.0847547Z Updating files:  86% (4757/5531)
2026-09-23T13:35:43.1103770Z Updating files:  87% (4812/5531)
2026-09-23T13:35:43.1128459Z Updating files:  88% (4868/5531)
2026-09-23T13:35:43.1224307Z Updating files:  88% (4878/5531)
2026-09-23T13:35:43.1334311Z Updating files:  89% (4923/5531)
2026-09-23T13:35:43.1444151Z Updating files:  90% (4978/5531)
2026-09-23T13:35:43.1561363Z Updating files:  91% (5034/5531)
2026-09-23T13:35:43.1687755Z Updating files:  92% (5089/5531)
2026-09-23T13:35:43.1790449Z Updating files:  93% (5144/5531)
2026-09-23T13:35:43.1896887Z Updating files:  94% (5200/5531)
2026-09-23T13:35:43.2003465Z Updating files:  95% (5255/5531)
2026-09-23T13:35:43.2108577Z Updating files:  96% (5310/5531)
2026-09-23T13:35:43.2203962Z Updating files:  97% (5366/5531)
2026-09-23T13:35:43.2308140Z Updating files:  98% (5421/5531)
2026-09-23T13:35:43.2415698Z Updating files:  99% (5476/5531)
2026-09-23T13:35:43.2416198Z Updating files: 100% (5531/5531)
2026-09-23T13:35:43.2416485Z Updating files: 100% (5531/5531), done.
2026-09-23T13:35:43.2579567Z Switched to a new branch 'codex/site-optional-resources'
2026-09-23T13:35:43.2640669Z branch 'codex/site-optional-resources' set up to track 'origin/codex/site-optional-resources'.
2026-09-23T13:35:43.3230811Z ##[endgroup]
2026-09-23T13:35:43.3586766Z [command]"C:\Program Files\Git\bin\git.exe" log -1 --format=%H
2026-09-23T13:35:43.3929121Z d6d4ddb9cde7e29e04aadd32a6ce68f049e77fcc
2026-09-23T13:35:43.4333040Z Node 20 is being deprecated. This workflow is running with Node 24 by default. If you need to temporarily use Node 20, you can set the ACTIONS_ALLOW_USE_UNSECURE_NODE_VERSION=true environment variable. For more information see: https://github.blog/changelog/2025-09-19-deprecation-of-node-20-on-github-actions-runners/
2026-09-23T13:35:43.4334855Z ##[group]Run actions/setup-node@v4
2026-09-23T13:35:43.4335051Z with:
2026-09-23T13:35:43.4335192Z   node-version: 22
2026-09-23T13:35:43.4335339Z   cache: npm
2026-09-23T13:35:43.4335490Z   always-auth: false
2026-09-23T13:35:43.4335646Z   check-latest: false
2026-09-23T13:35:43.4337485Z   token: ***
2026-09-23T13:35:43.4337635Z ##[endgroup]
2026-09-23T13:35:43.5945383Z Found in cache @ C:\hostedtoolcache\windows\node\22.23.2\x64
2026-09-23T13:35:43.5951040Z (node:3752) [DEP0040] DeprecationWarning: The `punycode` module is deprecated. Please use a userland alternative instead.
2026-09-23T13:35:43.5951726Z (Use `node --trace-deprecation ...` to show where the warning was created)
2026-09-23T13:35:43.5953662Z ##[group]Environment details
2026-09-23T13:35:50.0782147Z node: v22.23.2
2026-09-23T13:35:50.0782373Z npm: 10.9.8
2026-09-23T13:35:50.0782818Z yarn: 1.22.22
2026-09-23T13:35:50.0784058Z ##[endgroup]
2026-09-23T13:35:50.1256888Z [command]C:\Windows\system32\cmd.exe /D /S /C "C:\hostedtoolcache\windows\node\22.23.2\x64\npm.cmd config get cache"
2026-09-23T13:35:50.6026328Z D:\a\relayloom\relayloom\.cache\npm
2026-09-23T13:35:50.8654459Z Cache hit for: node-cache-Windows-x64-npm-defb3edfa5beda8040000c78dc5755eb17cbe55e41bbeb1c2628ea520d87e918
2026-09-23T13:35:50.8744688Z (node:3752) [DEP0169] DeprecationWarning: `url.parse()` behavior is not standardized and prone to errors that have security implications. Use the WHATWG URL API instead. CVEs are not issued for `url.parse()` vulnerabilities.
2026-09-23T13:35:51.6075378Z Received 53055777 of 53055777 (100.0%), 80.2 MBs/sec
2026-09-23T13:35:51.6078049Z Cache Size: ~51 MB (53055777 B)
2026-09-23T13:35:51.6106296Z [command]"C:\Program Files\Git\usr\bin\tar.exe" -xf D:/a/_temp/57a49ce2-c72d-4b17-9125-cd6a7cfab953/cache.tzst -P -C D:/a/relayloom/relayloom --force-local --use-compress-program "zstd -d"
2026-09-23T13:35:52.2421566Z Cache restored successfully
2026-09-23T13:35:52.2463313Z Cache restored from key: node-cache-Windows-x64-npm-defb3edfa5beda8040000c78dc5755eb17cbe55e41bbeb1c2628ea520d87e918
2026-09-23T13:35:52.2761170Z Node 20 is being deprecated. This workflow is running with Node 24 by default. If you need to temporarily use Node 20, you can set the ACTIONS_ALLOW_USE_UNSECURE_NODE_VERSION=true environment variable. For more information see: https://github.blog/changelog/2025-09-19-deprecation-of-node-20-on-github-actions-runners/
2026-09-23T13:35:52.2762233Z ##[group]Run actions/setup-go@v5
2026-09-23T13:35:52.2762432Z with:
2026-09-23T13:35:52.2762578Z   go-version: 1.26.8
2026-09-23T13:35:52.2762735Z   cache: false
2026-09-23T13:35:52.2762887Z   check-latest: false
2026-09-23T13:35:52.2764715Z   token: ***
2026-09-23T13:35:52.2764871Z ##[endgroup]
2026-09-23T13:35:52.3997436Z Setup go version spec 1.26.8
2026-09-23T13:35:52.4104278Z Found in cache @ C:\hostedtoolcache\windows\go\1.26.8\x64
2026-09-23T13:35:52.4106135Z (node:8560) [DEP0040] DeprecationWarning: The `punycode` module is deprecated. Please use a userland alternative instead.
2026-09-23T13:35:52.4106808Z (Use `node --trace-deprecation ...` to show where the warning was created)
2026-09-23T13:35:52.4111092Z Added go to the path
2026-09-23T13:35:52.4114368Z Successfully set up Go version 1.26.8
2026-09-23T13:35:53.6650592Z go version go1.26.8 windows/amd64
2026-09-23T13:35:53.6650849Z 
2026-09-23T13:35:53.6652802Z ##[group]go env
2026-09-23T13:35:57.0323018Z set AR=ar
2026-09-23T13:35:57.0323278Z set CC=gcc
2026-09-23T13:35:57.0323575Z set CGO_CFLAGS=-O2 -g
2026-09-23T13:35:57.0323873Z set CGO_CPPFLAGS=
2026-09-23T13:35:57.0324113Z set CGO_CXXFLAGS=-O2 -g
2026-09-23T13:35:57.0324363Z set CGO_ENABLED=1
2026-09-23T13:35:57.0324604Z set CGO_FFLAGS=-O2 -g
2026-09-23T13:35:57.0325055Z set CGO_LDFLAGS=-O2 -g
2026-09-23T13:35:57.0325453Z set CXX=g++
2026-09-23T13:35:57.0325666Z set GCCGO=gccgo
2026-09-23T13:35:57.0325889Z set GO111MODULE=
2026-09-23T13:35:57.0326123Z set GOAMD64=v1
2026-09-23T13:35:57.0326344Z set GOARCH=amd64
2026-09-23T13:35:57.0326854Z set GOAUTH=netrc
2026-09-23T13:35:57.0327084Z set GOBIN=
2026-09-23T13:35:57.0327481Z set GOCACHE=C:\Users\runneradmin\AppData\Local\go-build
2026-09-23T13:35:57.0327928Z set GOCACHEPROG=
2026-09-23T13:35:57.0328184Z set GODEBUG=
2026-09-23T13:35:57.0328582Z set GOENV=C:\Users\runneradmin\AppData\Roaming\go\env
2026-09-23T13:35:57.0328937Z set GOEXE=.exe
2026-09-23T13:35:57.0329178Z set GOEXPERIMENT=
2026-09-23T13:35:57.0329422Z set GOFIPS140=off
2026-09-23T13:35:57.0329678Z set GOFLAGS=
2026-09-23T13:35:57.0330768Z set GOGCCFLAGS=-m64 -mthreads -Wl,--no-gc-sections -fmessage-length=0 -ffile-prefix-map=C:\Users\RUNNER~1\AppData\Local\Temp\go-build3676097481=/tmp/go-build -gno-record-gcc-switches
2026-09-23T13:35:57.0331708Z set GOHOSTARCH=amd64
2026-09-23T13:35:57.0331972Z set GOHOSTOS=windows
2026-09-23T13:35:57.0332218Z set GOINSECURE=
2026-09-23T13:35:57.0332451Z set GOMOD=NUL
2026-09-23T13:35:57.0332865Z set GOMODCACHE=C:\Users\runneradmin\go\pkg\mod
2026-09-23T13:35:57.0333231Z set GONOPROXY=
2026-09-23T13:35:57.0333456Z set GONOSUMDB=
2026-09-23T13:35:57.0333686Z set GOOS=windows
2026-09-23T13:35:57.0333978Z set GOPATH=C:\Users\runneradmin\go
2026-09-23T13:35:57.0334381Z set GOPRIVATE=
2026-09-23T13:35:57.0334760Z set GOPROXY=https://proxy.golang.org,direct
2026-09-23T13:35:57.0335221Z set GOROOT=C:\hostedtoolcache\windows\go\1.26.8\x64
2026-09-23T13:35:57.0335605Z set GOSUMDB=sum.golang.org
2026-09-23T13:35:57.0335891Z set GOTELEMETRY=local
2026-09-23T13:35:57.0336345Z set GOTELEMETRYDIR=C:\Users\runneradmin\AppData\Roaming\go\telemetry
2026-09-23T13:35:57.0336785Z set GOTMPDIR=
2026-09-23T13:35:57.0337029Z set GOTOOLCHAIN=auto
2026-09-23T13:35:57.0337535Z set GOTOOLDIR=C:\hostedtoolcache\windows\go\1.26.8\x64\pkg\tool\windows_amd64
2026-09-23T13:35:57.0337996Z set GOVCS=
2026-09-23T13:35:57.0338220Z set GOVERSION=go1.26.8
2026-09-23T13:35:57.0338468Z set GOWORK=
2026-09-23T13:35:57.0338968Z set PKG_CONFIG=pkg-config
2026-09-23T13:35:57.0339159Z 
2026-09-23T13:35:57.0339520Z ##[endgroup]
2026-09-23T13:35:57.0562568Z ##[group]Run npm ci --ignore-scripts
2026-09-23T13:35:57.0562926Z [36;1mnpm ci --ignore-scripts[0m
2026-09-23T13:35:57.3246833Z shell: C:\Program Files\PowerShell\7\pwsh.EXE -command ". '{0}'"
2026-09-23T13:35:57.3247142Z ##[endgroup]
2026-09-23T13:36:01.7055700Z npm warn deprecated inflight@1.0.6: This module is not supported, and leaks memory. Do not use it. Check out lru-cache if you want a good and tested way to coalesce async requests by a key value, which is much more comprehensive and powerful.
2026-09-23T13:36:01.7844611Z npm warn deprecated rimraf@2.6.3: Rimraf versions prior to v4 are no longer supported
2026-09-23T13:36:01.8913123Z npm warn deprecated glob@7.2.3: Old versions of glob are not supported, and contain widely publicized security vulnerabilities, which have been fixed in the current version. Please update. Support for old versions may be purchased (at exorbitant rates) by contacting i@izs.me
2026-09-23T13:36:02.4128519Z npm warn deprecated boolean@3.2.0: Package no longer supported. Contact Support at https://www.npmjs.com/support for more info.
2026-09-23T13:36:07.7312974Z 
2026-09-23T13:36:07.7313330Z added 462 packages in 10s
2026-09-23T13:36:10.2921213Z ##[group]Run npm run build
2026-09-23T13:36:10.2921494Z [36;1mnpm run build[0m
2026-09-23T13:36:10.2975204Z shell: C:\Program Files\PowerShell\7\pwsh.EXE -command ". '{0}'"
2026-09-23T13:36:10.2975509Z ##[endgroup]
2026-09-23T13:36:10.9608484Z 
2026-09-23T13:36:10.9609064Z > relayloom@0.1.0 build
2026-09-23T13:36:10.9609488Z > tsc --noEmit && vite build
2026-09-23T13:36:10.9609708Z 
2026-09-23T13:36:20.4208821Z [36mvite v7.3.6 [32mbuilding client environment for production...[36m[39m
2026-09-23T13:36:20.5015464Z transforming...
2026-09-23T13:36:24.0176741Z [32m✓[39m 1846 modules transformed.
2026-09-23T13:36:24.1504469Z rendering chunks...
2026-09-23T13:36:24.2648851Z computing gzip size...
2026-09-23T13:36:24.2799893Z [2m../../dist/web/[22m[32massets/manifest-WszF6o4j.webmanifest       [39m[1m[2m  0.32 kB[22m[1m[22m
2026-09-23T13:36:24.2801565Z [2m../../dist/web/[22m[32mindex.html                                 [39m[1m[2m  0.82 kB[22m[1m[22m[2m │ gzip:   0.41 kB[22m
2026-09-23T13:36:24.2802814Z [2m../../dist/web/[22m[32mbrowser/index.html                         [39m[1m[2m  1.19 kB[22m[1m[22m[2m │ gzip:   0.58 kB[22m
2026-09-23T13:36:24.2803997Z [2m../../dist/web/[22m[32mbrowser/worker-DUvc-plH.js                 [39m[1m[2m256.42 kB[22m[1m[22m
2026-09-23T13:36:24.2805240Z [2m../../dist/web/[22m[35massets/editor-TdZUp6iQ.css                 [39m[1m[2m  2.66 kB[22m[1m[22m[2m │ gzip:   0.85 kB[22m
2026-09-23T13:36:24.2806448Z [2m../../dist/web/[22m[35massets/main-DEi_Xkk3.css                   [39m[1m[2m 13.87 kB[22m[1m[22m[2m │ gzip:   3.10 kB[22m
2026-09-23T13:36:24.2807653Z [2m../../dist/web/[22m[35massets/history-DpTwHcHw.css                [39m[1m[2m 25.68 kB[22m[1m[22m[2m │ gzip:   5.44 kB[22m
2026-09-23T13:36:24.2808882Z [2m../../dist/web/[22m[35massets/peers-CBwbv1q3.css                  [39m[1m[2m 61.71 kB[22m[1m[22m[2m │ gzip:  12.98 kB[22m
2026-09-23T13:36:24.2810168Z [2m../../dist/web/[22m[36massets/modulepreload-polyfill-B5Qt9EMX.js  [39m[1m[2m  0.71 kB[22m[1m[22m[2m │ gzip:   0.40 kB[22m
2026-09-23T13:36:24.2811679Z [2m../../dist/web/[22m[36massets/visit-DRYAygji.js                   [39m[1m[2m  3.59 kB[22m[1m[22m[2m │ gzip:   1.62 kB[22m
2026-09-23T13:36:24.2812851Z [2m../../dist/web/[22m[36massets/editor-Da0xb7_n.js                  [39m[1m[2m 62.39 kB[22m[1m[22m[2m │ gzip:  19.12 kB[22m
2026-09-23T13:36:24.2813984Z [2m../../dist/web/[22m[36massets/browser-7xsswI5L.js                 [39m[1m[2m 74.03 kB[22m[1m[22m[2m │ gzip:  24.62 kB[22m
2026-09-23T13:36:24.2815159Z [2m../../dist/web/[22m[36massets/history-DuAfTwGr.js                 [39m[1m[2m143.89 kB[22m[1m[22m[2m │ gzip:  45.68 kB[22m
2026-09-23T13:36:24.2816298Z [2m../../dist/web/[22m[36massets/main-CNAA77oL.js                    [39m[1m[2m149.20 kB[22m[1m[22m[2m │ gzip:  45.75 kB[22m
2026-09-23T13:36:24.2817448Z [2m../../dist/web/[22m[36massets/peers-D1H6wmgT.js                   [39m[1m[2m412.67 kB[22m[1m[22m[2m │ gzip: 132.80 kB[22m
2026-09-23T13:36:24.2818181Z [32m✓ built in 3.83s[39m
2026-09-23T13:36:24.4605367Z ##[group]Run npm run native:build
2026-09-23T13:36:24.4605672Z [36;1mnpm run native:build[0m
2026-09-23T13:36:24.4658699Z shell: C:\Program Files\PowerShell\7\pwsh.EXE -command ". '{0}'"
2026-09-23T13:36:24.4658990Z ##[endgroup]
2026-09-23T13:36:24.9905532Z 
2026-09-23T13:36:24.9906158Z > relayloom@0.1.0 native:build
2026-09-23T13:36:24.9906840Z > node scripts/native-build.mjs
2026-09-23T13:36:24.9907073Z 
2026-09-23T13:36:25.7850557Z go: downloading golang.org/x/text v0.42.0
2026-09-23T13:36:27.9767824Z go: downloading golang.org/x/crypto v0.57.0
2026-09-23T13:36:28.8526888Z go: downloading github.com/coder/websocket v1.8.15
2026-09-23T13:36:30.0323871Z go: downloading modernc.org/sqlite v1.58.0
2026-09-23T13:36:31.9454195Z go: downloading modernc.org/libc v1.75.6
2026-09-23T13:36:34.0096849Z go: downloading golang.org/x/sys v0.48.0
2026-09-23T13:36:34.0097446Z go: downloading github.com/mattn/go-isatty v0.0.24
2026-09-23T13:36:34.0098099Z go: downloading github.com/ncruces/go-strftime v1.0.0
2026-09-23T13:36:34.0098628Z go: downloading github.com/dustin/go-humanize v1.0.1
2026-09-23T13:36:34.0295992Z go: downloading modernc.org/mathutil v1.7.1
2026-09-23T13:36:34.0325639Z go: downloading modernc.org/memory v1.12.1
2026-09-23T13:36:34.3242392Z go: downloading github.com/remyoudompheng/bigfft v0.0.0-20230129092748-24d4a6f8daec
2026-09-23T13:37:01.0651006Z Native app CLI built in project cache.
2026-09-23T13:37:01.1119347Z ##[group]Run npm test
2026-09-23T13:37:01.1119594Z [36;1mnpm test[0m
2026-09-23T13:37:01.1175381Z shell: C:\Program Files\PowerShell\7\pwsh.EXE -command ". '{0}'"
2026-09-23T13:37:01.1176165Z ##[endgroup]
2026-09-23T13:37:01.7586012Z 
2026-09-23T13:37:01.7586247Z > relayloom@0.1.0 test
2026-09-23T13:37:01.7586715Z > tsx --test --test-concurrency=1 tests/*.test.ts
2026-09-23T13:37:01.7587006Z 
2026-09-23T13:37:01.9284322Z TAP version 13
2026-09-23T13:37:02.1115594Z # Subtest: browser CI partition rejects omitted, duplicated and empty coverage with a complete positive control
2026-09-23T13:37:02.1120344Z ok 1 - browser CI partition rejects omitted, duplicated and empty coverage with a complete positive control
2026-09-23T13:37:02.1120818Z   ---
2026-09-23T13:37:02.1121040Z   duration_ms: 1.8571
2026-09-23T13:37:02.1121246Z   type: 'test'
2026-09-23T13:37:02.1121404Z   ...
2026-09-23T13:37:02.3223107Z # Subtest: Node bundle creation derives expiry from one clock observation even when the clock advances between reads
2026-09-23T13:37:02.3225832Z ok 2 - Node bundle creation derives expiry from one clock observation even when the clock advances between reads
2026-09-23T13:37:02.3226554Z   ---
2026-09-23T13:37:02.3226815Z   duration_ms: 9.1858
2026-09-23T13:37:02.3227097Z   type: 'test'
2026-09-23T13:37:02.3227326Z   ...
2026-09-23T13:37:02.6002339Z # Subtest: automatic reservations survive restart and count pressure without becoming manual pins
2026-09-23T13:37:02.6006537Z ok 3 - automatic reservations survive restart and count pressure without becoming manual pins
2026-09-23T13:37:02.6007139Z   ---
2026-09-23T13:37:02.6007397Z   duration_ms: 22.588
2026-09-23T13:37:02.6007681Z   type: 'test'
2026-09-23T13:37:02.6007919Z   ...
2026-09-23T13:37:02.6008550Z # Subtest: byte quota refusal is atomic with a reserved payload and preserves unrelated stored bytes
2026-09-23T13:37:02.6009665Z ok 4 - byte quota refusal is atomic with a reserved payload and preserves unrelated stored bytes
2026-09-23T13:37:02.6010681Z   ---
2026-09-23T13:37:02.6012977Z   duration_ms: 36.4391
2026-09-23T13:37:02.6013447Z   type: 'test'
2026-09-23T13:37:02.6013860Z   ...
2026-09-23T13:37:02.6014824Z # Subtest: reservation does not extend signed expiry
2026-09-23T13:37:02.6015985Z ok 5 - reservation does not extend signed expiry
2026-09-23T13:37:02.6016467Z   ---
2026-09-23T13:37:02.6016880Z   duration_ms: 6.6242
2026-09-23T13:37:02.6017296Z   type: 'test'
2026-09-23T13:37:02.6017646Z   ...
2026-09-23T13:37:02.6018396Z # Subtest: unknown or corrupt reservation input cannot partially release a valid reservation
2026-09-23T13:37:02.6019683Z ok 6 - unknown or corrupt reservation input cannot partially release a valid reservation
2026-09-23T13:37:02.6020464Z   ---
2026-09-23T13:37:02.6020746Z   duration_ms: 8.0058
2026-09-23T13:37:02.6021040Z   type: 'test'
2026-09-23T13:37:02.6021275Z   ...
2026-09-23T13:37:02.6021888Z # Subtest: failed reservation index write protects the union until explicit reconciliation
2026-09-23T13:37:02.6022810Z ok 7 - failed reservation index write protects the union until explicit reconciliation
2026-09-23T13:37:02.6023358Z   ---
2026-09-23T13:37:02.6023617Z   duration_ms: 12.6819
2026-09-23T13:37:02.6023883Z   type: 'test'
2026-09-23T13:37:02.6024389Z   ...
2026-09-23T13:37:02.6025087Z # Subtest: duplicate reserved insertion at the count limit preserves a manual pin and verifies stored bytes
2026-09-23T13:37:02.6027196Z ok 8 - duplicate reserved insertion at the count limit preserves a manual pin and verifies stored bytes
2026-09-23T13:37:02.6028092Z   ---
2026-09-23T13:37:02.6028358Z   duration_ms: 7.2422
2026-09-23T13:37:02.6028649Z   type: 'test'
2026-09-23T13:37:02.6028863Z   ...
2026-09-23T13:37:02.8025084Z # Subtest: contact rows use the established Node/Go DM reader-address wire format before the first send
2026-09-23T13:37:02.8027118Z ok 9 - contact rows use the established Node/Go DM reader-address wire format before the first send
2026-09-23T13:37:02.8030504Z   ---
2026-09-23T13:37:02.8030856Z   duration_ms: 1.7405
2026-09-23T13:37:02.8031106Z   type: 'test'
2026-09-23T13:37:02.8031273Z   ...
2026-09-23T13:37:02.8032250Z # Subtest: a repeated own reader remains one reader in the DM address
2026-09-23T13:37:02.8033002Z ok 10 - a repeated own reader remains one reader in the DM address
2026-09-23T13:37:02.8033310Z   ---
2026-09-23T13:37:02.8033473Z   duration_ms: 0.2125
2026-09-23T13:37:02.8033651Z   type: 'test'
2026-09-23T13:37:02.8033814Z   ...
2026-09-23T13:37:03.2655555Z # Subtest: fixed envelope time preserves the saved deadline while nonce identity still requires durable retention
2026-09-23T13:37:03.2656566Z ok 11 - fixed envelope time preserves the saved deadline while nonce identity still requires durable retention
2026-09-23T13:37:03.2656954Z   ---
2026-09-23T13:37:03.2657138Z   duration_ms: 223.5689
2026-09-23T13:37:03.2657345Z   type: 'test'
2026-09-23T13:37:03.2657512Z   ...
2026-09-23T13:37:03.2771544Z # Subtest: Node and portable fixed clocks reject invalid/overflowing dates and unrelated secrets before producing a bundle
2026-09-23T13:37:03.2772810Z ok 12 - Node and portable fixed clocks reject invalid/overflowing dates and unrelated secrets before producing a bundle
2026-09-23T13:37:03.2773517Z   ---
2026-09-23T13:37:03.2773780Z   duration_ms: 11.2081
2026-09-23T13:37:03.2774063Z   type: 'test'
2026-09-23T13:37:03.2774310Z   ...
2026-09-23T13:37:10.5748726Z # Subtest: Node and portable fixed envelopes verify in a real Go process; Go ciphertext decrypts in both adapters
2026-09-23T13:37:10.5749951Z ok 13 - Node and portable fixed envelopes verify in a real Go process; Go ciphertext decrypts in both adapters
2026-09-23T13:37:10.5750588Z   ---
2026-09-23T13:37:10.5750859Z   duration_ms: 7299.2635
2026-09-23T13:37:10.5751145Z   type: 'test'
2026-09-23T13:37:10.5751301Z   ...
2026-09-23T13:37:10.7757316Z # Subtest: historical storage reads authenticate expired bytes without priming the live manifest cache
2026-09-23T13:37:10.7759686Z ok 14 - historical storage reads authenticate expired bytes without priming the live manifest cache
2026-09-23T13:37:10.7760229Z   ---
2026-09-23T13:37:10.7760423Z   duration_ms: 18.3614
2026-09-23T13:37:10.7760613Z   type: 'test'
2026-09-23T13:37:10.7760767Z   ...
2026-09-23T13:37:11.5087975Z # (node:3564) ExperimentalWarning: The MockTimers API is an experimental feature and might change at any time
2026-09-23T13:37:11.5088941Z # (Use `node --trace-warnings ...` to show where the warning was created)
2026-09-23T13:37:11.5101924Z # Subtest: identity proof binds signing address, name and decryption key
2026-09-23T13:37:11.5109083Z ok 15 - identity proof binds signing address, name and decryption key
2026-09-23T13:37:11.5109790Z   ---
2026-09-23T13:37:11.5110202Z   duration_ms: 2.7342
2026-09-23T13:37:11.5110610Z   type: 'test'
2026-09-23T13:37:11.5110964Z   ...
2026-09-23T13:37:11.5111628Z # Subtest: vault encrypts private keys; recovery and wrong-password controls
2026-09-23T13:37:11.5112519Z ok 16 - vault encrypts private keys; recovery and wrong-password controls
2026-09-23T13:37:11.5113161Z   ---
2026-09-23T13:37:11.5113554Z   duration_ms: 316.2053
2026-09-23T13:37:11.5113955Z   type: 'test'
2026-09-23T13:37:11.5114306Z   ...
2026-09-23T13:37:11.5115019Z # Subtest: reader decrypts and seeds but cannot become author; unauthorized reader fails
2026-09-23T13:37:11.5116003Z ok 17 - reader decrypts and seeds but cannot become author; unauthorized reader fails
2026-09-23T13:37:11.5116690Z   ---
2026-09-23T13:37:11.5117067Z   duration_ms: 5.6214
2026-09-23T13:37:11.5117460Z   type: 'test'
2026-09-23T13:37:11.5128096Z   ...
2026-09-23T13:37:11.5132261Z # Subtest: ciphertext, manifest, expiry, depth and address negative controls
2026-09-23T13:37:11.5133288Z ok 18 - ciphertext, manifest, expiry, depth and address negative controls
2026-09-23T13:37:11.5134000Z   ---
2026-09-23T13:37:11.5134273Z   duration_ms: 15.3584
2026-09-23T13:37:11.5135646Z   type: 'test'
2026-09-23T13:37:11.5135936Z   ...
2026-09-23T13:37:11.5137652Z # Subtest: encrypted persistent seed takeover, deduplication, pin/quota, disk corruption
2026-09-23T13:37:11.5138856Z ok 19 - encrypted persistent seed takeover, deduplication, pin/quota, disk corruption
2026-09-23T13:37:11.5139400Z   ---
2026-09-23T13:37:11.5139647Z   duration_ms: 12.872
2026-09-23T13:37:11.5139922Z   type: 'test'
2026-09-23T13:37:11.5140152Z   ...
2026-09-23T13:37:11.5141046Z # Subtest: object-count cap bounds small-object floods, survives restart and preserves pinned content
2026-09-23T13:37:11.5142224Z ok 20 - object-count cap bounds small-object floods, survives restart and preserves pinned content
2026-09-23T13:37:11.5142990Z   ---
2026-09-23T13:37:11.5143237Z   duration_ms: 38.516
2026-09-23T13:37:11.5143686Z   type: 'test'
2026-09-23T13:37:11.5143915Z   ...
2026-09-23T13:37:11.5144627Z # Subtest: metadata listing does not replace real viewing order in LRU eviction
2026-09-23T13:37:11.5145598Z ok 21 - metadata listing does not replace real viewing order in LRU eviction
2026-09-23T13:37:11.5146076Z   ---
2026-09-23T13:37:11.5146319Z   duration_ms: 8.2215
2026-09-23T13:37:11.5146610Z   type: 'test'
2026-09-23T13:37:11.5146851Z   ...
2026-09-23T13:37:11.5147682Z # Subtest: cached manifest metadata is isolated, invalidated by disk changes, and never bypasses get verification
2026-09-23T13:37:11.5148745Z ok 22 - cached manifest metadata is isolated, invalidated by disk changes, and never bypasses get verification
2026-09-23T13:37:11.5149192Z   ---
2026-09-23T13:37:11.5149368Z   duration_ms: 9.3654
2026-09-23T13:37:11.5149547Z   type: 'test'
2026-09-23T13:37:11.5149697Z   ...
2026-09-23T13:37:11.5150144Z # Subtest: rejected quota decrease preserves existing files and policy; feasible decrease evicts only unpinned content
2026-09-23T13:37:11.5150811Z ok 23 - rejected quota decrease preserves existing files and policy; feasible decrease evicts only unpinned content
2026-09-23T13:37:11.5151191Z   ---
2026-09-23T13:37:11.5151364Z   duration_ms: 104.2057
2026-09-23T13:37:11.5151541Z   type: 'test'
2026-09-23T13:37:11.5151689Z   ...
2026-09-23T13:37:11.5152007Z # Subtest: invalid persisted index fails safely without deleting verified objects
2026-09-23T13:37:11.5152470Z ok 24 - invalid persisted index fails safely without deleting verified objects
2026-09-23T13:37:11.5152769Z   ---
2026-09-23T13:37:11.5152929Z   duration_ms: 4.259
2026-09-23T13:37:11.5153101Z   type: 'test'
2026-09-23T13:37:11.5153242Z   ...
2026-09-23T13:37:11.5153611Z # Subtest: strict wire fields and every recipient envelope are validated before accepting signatures
2026-09-23T13:37:11.5154175Z ok 25 - strict wire fields and every recipient envelope are validated before accepting signatures
2026-09-23T13:37:11.5154504Z   ---
2026-09-23T13:37:11.5154786Z   duration_ms: 3.9901
2026-09-23T13:37:11.5154959Z   type: 'test'
2026-09-23T13:37:11.5155101Z   ...
2026-09-23T13:37:11.7033585Z # Subtest: desktop accepts only the owned daemon loopback bootstrap capability
2026-09-23T13:37:11.7034454Z ok 26 - desktop accepts only the owned daemon loopback bootstrap capability
2026-09-23T13:37:11.7035275Z   ---
2026-09-23T13:37:11.7035541Z   duration_ms: 1.3274
2026-09-23T13:37:11.7035817Z   type: 'test'
2026-09-23T13:37:11.7036046Z   ...
2026-09-23T13:37:11.7037993Z # Subtest: desktop request policy blocks other hosts, ports, schemes, subframes and WebSockets
2026-09-23T13:37:11.7039122Z ok 27 - desktop request policy blocks other hosts, ports, schemes, subframes and WebSockets
2026-09-23T13:37:11.7039682Z   ---
2026-09-23T13:37:11.7039946Z   duration_ms: 0.2712
2026-09-23T13:37:11.7040225Z   type: 'test'
2026-09-23T13:37:11.7040454Z   ...
2026-09-23T13:37:11.7042501Z # Subtest: desktop navigation stays on its exact local app and rejects insecure runtime overrides
2026-09-23T13:37:11.7043577Z ok 28 - desktop navigation stays on its exact local app and rejects insecure runtime overrides
2026-09-23T13:37:11.7044141Z   ---
2026-09-23T13:37:11.7044731Z   duration_ms: 1.0744
2026-09-23T13:37:11.7045030Z   type: 'test'
2026-09-23T13:37:11.7045260Z   ...
2026-09-23T13:37:11.7046382Z # Subtest: desktop microphone eligibility excludes cameras, remote documents and subframes
2026-09-23T13:37:11.7048160Z ok 29 - desktop microphone eligibility excludes cameras, remote documents and subframes
2026-09-23T13:37:11.7048714Z   ---
2026-09-23T13:37:11.7048983Z   duration_ms: 0.2122
2026-09-23T13:37:11.7049265Z   type: 'test'
2026-09-23T13:37:11.7049496Z   ...
2026-09-23T13:37:11.7050069Z # Subtest: desktop download defaults cannot contain paths, device names or control bytes
2026-09-23T13:37:11.7050927Z ok 30 - desktop download defaults cannot contain paths, device names or control bytes
2026-09-23T13:37:11.7051273Z   ---
2026-09-23T13:37:11.7051447Z   duration_ms: 0.3757
2026-09-23T13:37:11.7051623Z   type: 'test'
2026-09-23T13:37:11.7051780Z   ...
2026-09-23T13:37:12.5187924Z # Subtest: fixture stop is idempotent after process termination by signal
2026-09-23T13:37:12.5188710Z ok 31 - fixture stop is idempotent after process termination by signal
2026-09-23T13:37:12.5189168Z   ---
2026-09-23T13:37:12.5189458Z   duration_ms: 611.5186
2026-09-23T13:37:12.5189741Z   type: 'test'
2026-09-23T13:37:12.5189969Z   ...
2026-09-23T13:37:16.4529767Z # (node:2080) ExperimentalWarning: SQLite is an experimental feature and might change at any time
2026-09-23T13:37:16.4530710Z # (Use `node --trace-warnings ...` to show where the warning was created)
2026-09-23T13:37:16.4548912Z # Subtest: current and additions-only delayed messages preserve exact old readers without granting newcomer history
2026-09-23T13:37:16.4550845Z ok 32 - current and additions-only delayed messages preserve exact old readers without granting newcomer history
2026-09-23T13:37:16.4551541Z   ---
2026-09-23T13:37:16.4551809Z   duration_ms: 1056.9075
2026-09-23T13:37:16.4552105Z   type: 'test'
2026-09-23T13:37:16.4552334Z   ...
2026-09-23T13:37:16.4553799Z # Subtest: removal and rejoin quarantine unseen old content while retaining only exact accepted history
2026-09-23T13:37:16.4556107Z ok 33 - removal and rejoin quarantine unseen old content while retaining only exact accepted history
2026-09-23T13:37:16.4556749Z   ---
2026-09-23T13:37:16.4557007Z   duration_ms: 926.0557
2026-09-23T13:37:16.4557303Z   type: 'test'
2026-09-23T13:37:16.4557533Z   ...
2026-09-23T13:37:16.4589860Z # Subtest: historical receipts from a removed original reader are minimal and cannot admit an unknown target
2026-09-23T13:37:16.4591236Z ok 34 - historical receipts from a removed original reader are minimal and cannot admit an unknown target
2026-09-23T13:37:16.4591983Z   ---
2026-09-23T13:37:16.4592366Z   duration_ms: 529.0484
2026-09-23T13:37:16.4592766Z   type: 'test'
2026-09-23T13:37:16.4593106Z   ...
2026-09-23T13:37:16.4593889Z # Subtest: group tags cannot hide as falsy legacy fields and cached policy cannot escape its transaction
2026-09-23T13:37:16.4595147Z ok 35 - group tags cannot hide as falsy legacy fields and cached policy cannot escape its transaction
2026-09-23T13:37:16.4596001Z   ---
2026-09-23T13:37:16.4596544Z   duration_ms: 31.1039
2026-09-23T13:37:16.4597182Z   type: 'test'
2026-09-23T13:37:16.4597634Z   ...
2026-09-23T13:37:16.4598432Z # Subtest: a closure within the same transaction invalidates earlier cached permission
2026-09-23T13:37:16.4599456Z ok 36 - a closure within the same transaction invalidates earlier cached permission
2026-09-23T13:37:16.4600147Z   ---
2026-09-23T13:37:16.4600585Z   duration_ms: 55.258
2026-09-23T13:37:16.4601302Z   type: 'test'
2026-09-23T13:37:16.4601728Z   ...
2026-09-23T13:37:16.4602415Z # Subtest: a new edit to old content uses only the original/current reader intersection
2026-09-23T13:37:16.4603450Z ok 37 - a new edit to old content uses only the original/current reader intersection
2026-09-23T13:37:16.4604141Z   ---
2026-09-23T13:37:16.4657083Z   duration_ms: 1109.2333
2026-09-23T13:37:16.4657368Z   type: 'test'
2026-09-23T13:37:16.4658000Z   ...
2026-09-23T13:37:17.0904307Z # (node:1004) ExperimentalWarning: SQLite is an experimental feature and might change at any time
2026-09-23T13:37:17.0905560Z # (Use `node --trace-warnings ...` to show where the warning was created)
2026-09-23T13:37:17.6240082Z # Subtest: an API observation cannot display an admission whose outer transaction rolled back
2026-09-23T13:37:17.6242919Z ok 38 - an API observation cannot display an admission whose outer transaction rolled back
2026-09-23T13:37:17.6245574Z   ---
2026-09-23T13:37:17.6245910Z   duration_ms: 342.8438
2026-09-23T13:37:17.6246220Z   type: 'test'
2026-09-23T13:37:17.6246462Z   ...
2026-09-23T13:37:18.0440240Z # Subtest: a historical delete and its accepted context recover together after lost commit response and real cache removal
2026-09-23T13:37:18.0441833Z ok 39 - a historical delete and its accepted context recover together after lost commit response and real cache removal
2026-09-23T13:37:18.0442442Z   ---
2026-09-23T13:37:18.0442699Z   duration_ms: 445.9715
2026-09-23T13:37:18.0442982Z   type: 'test'
2026-09-23T13:37:18.0443206Z   ...
2026-09-23T13:37:18.4313454Z # Subtest: failure to reserve quarantine bytes aborts the hold and locks until authenticated reconciliation succeeds
2026-09-23T13:37:18.4314962Z ok 40 - failure to reserve quarantine bytes aborts the hold and locks until authenticated reconciliation succeeds
2026-09-23T13:37:18.4315800Z   ---
2026-09-23T13:37:18.4316175Z   duration_ms: 387.6725
2026-09-23T13:37:18.4316564Z   type: 'test'
2026-09-23T13:37:18.4316917Z   ...
2026-09-23T13:37:18.6821760Z # Subtest: an unavailable quarantined blob cannot block admission of another valid group object
2026-09-23T13:37:18.6823161Z ok 41 - an unavailable quarantined blob cannot block admission of another valid group object
2026-09-23T13:37:18.6823757Z   ---
2026-09-23T13:37:18.6824032Z   duration_ms: 254.1385
2026-09-23T13:37:18.6824317Z   type: 'test'
2026-09-23T13:37:18.6824555Z   ...
2026-09-23T13:37:18.7558400Z # Subtest: authenticated history with an expiry inconsistent with its signed bundle is rejected
2026-09-23T13:37:18.7559107Z ok 42 - authenticated history with an expiry inconsistent with its signed bundle is rejected
2026-09-23T13:37:18.7559476Z   ---
2026-09-23T13:37:18.7559652Z   duration_ms: 243.4909
2026-09-23T13:37:18.7559832Z   type: 'test'
2026-09-23T13:37:18.7559990Z   ...
2026-09-23T13:37:29.6653208Z # (node:2684) ExperimentalWarning: SQLite is an experimental feature and might change at any time
2026-09-23T13:37:29.6654127Z # (Use `node --trace-warnings ...` to show where the warning was created)
2026-09-23T13:37:29.6665768Z # Subtest: an unchanged group snapshot walks its authority chain once, and a later closure still invalidates new admission
2026-09-23T13:37:29.6668813Z ok 43 - an unchanged group snapshot walks its authority chain once, and a later closure still invalidates new admission
2026-09-23T13:37:29.6669468Z   ---
2026-09-23T13:37:29.6669746Z   duration_ms: 10512.5199
2026-09-23T13:37:29.6669951Z   type: 'test'
2026-09-23T13:37:29.6670159Z   ...
2026-09-23T13:37:29.6670781Z # {"retainedObjects":32,"epochs":32,"visitedHeaders":32,"elapsedMs":133.25820000000022}
2026-09-23T13:37:35.9468706Z # Subtest: real Node receivers hold epoch content until its snapshot arrives and keep only accepted history after closure
2026-09-23T13:37:35.9469625Z ok 44 - real Node receivers hold epoch content until its snapshot arrives and keep only accepted history after closure
2026-09-23T13:37:35.9470034Z   ---
2026-09-23T13:37:35.9470210Z   duration_ms: 5998.6125
2026-09-23T13:37:35.9470402Z   type: 'test'
2026-09-23T13:37:35.9470560Z   ...
2026-09-23T13:37:38.3308805Z # (node:5324) ExperimentalWarning: SQLite is an experimental feature and might change at any time
2026-09-23T13:37:38.3309386Z # (Use `node --trace-warnings ...` to show where the warning was created)
2026-09-23T13:37:38.3327711Z # Subtest: control expiry rejects replay while the signed authority checkpoint survives
2026-09-23T13:37:38.3328679Z ok 45 - control expiry rejects replay while the signed authority checkpoint survives
2026-09-23T13:37:38.3329218Z   ---
2026-09-23T13:37:38.3329725Z   duration_ms: 50.2688
2026-09-23T13:37:38.3330008Z   type: 'test'
2026-09-23T13:37:38.3330234Z   ...
2026-09-23T13:37:38.3331005Z # Subtest: a reader may seal a creator snapshot for its exact original roster without gaining authority
2026-09-23T13:37:38.3331985Z ok 46 - a reader may seal a creator snapshot for its exact original roster without gaining authority
2026-09-23T13:37:38.3332835Z   ---
2026-09-23T13:37:38.3333101Z   duration_ms: 457.0098
2026-09-23T13:37:38.3333375Z   type: 'test'
2026-09-23T13:37:38.3333595Z   ...
2026-09-23T13:37:38.3335234Z # Subtest: removed readers receive their removal boundary but cannot enumerate future membership or request future snapshots
2026-09-23T13:37:38.3336510Z ok 47 - removed readers receive their removal boundary but cannot enumerate future membership or request future snapshots
2026-09-23T13:37:38.3337180Z   ---
2026-09-23T13:37:38.3337444Z   duration_ms: 789.7617
2026-09-23T13:37:38.3337720Z   type: 'test'
2026-09-23T13:37:38.3337952Z   ...
2026-09-23T13:37:38.3338593Z # Subtest: invitation authorizes bounded public ancestry, never a private snapshot before membership
2026-09-23T13:37:38.3339731Z ok 48 - invitation authorizes bounded public ancestry, never a private snapshot before membership
2026-09-23T13:37:38.3340316Z   ---
2026-09-23T13:37:38.3340569Z   duration_ms: 55.668
2026-09-23T13:37:38.3340841Z   type: 'test'
2026-09-23T13:37:38.3341067Z   ...
2026-09-23T13:37:38.3342522Z # Subtest: carrier schema keeps malformed proof tails for the transactional verifier while bounding inputs
2026-09-23T13:37:38.3343561Z ok 49 - carrier schema keeps malformed proof tails for the transactional verifier while bounding inputs
2026-09-23T13:37:38.3344149Z   ---
2026-09-23T13:37:38.3344398Z   duration_ms: 367.0947
2026-09-23T13:37:38.3344673Z   type: 'test'
2026-09-23T13:37:38.3344901Z   ...
2026-09-23T13:37:38.3345496Z # Subtest: fork proofs are served together and private snapshots at the fork are not re-encrypted
2026-09-23T13:37:38.3346416Z ok 50 - fork proofs are served together and private snapshots at the fork are not re-encrypted
2026-09-23T13:37:38.3346980Z   ---
2026-09-23T13:37:38.3347224Z   duration_ms: 469.8769
2026-09-23T13:37:38.3347511Z   type: 'test'
2026-09-23T13:37:38.3347738Z   ...
2026-09-23T13:37:39.7701101Z # Subtest: newcomer validates exact join consent from signed parent header without old snapshot keys
2026-09-23T13:37:39.7702254Z ok 51 - newcomer validates exact join consent from signed parent header without old snapshot keys
2026-09-23T13:37:39.7702791Z   ---
2026-09-23T13:37:39.7702969Z   duration_ms: 72.6802
2026-09-23T13:37:39.7703154Z   type: 'test'
2026-09-23T13:37:39.7703314Z   ...
2026-09-23T13:37:39.7704513Z # Subtest: permanent group anchor has real creator signature, exact schema and separate carrier identity
2026-09-23T13:37:39.7705697Z ok 52 - permanent group anchor has real creator signature, exact schema and separate carrier identity
2026-09-23T13:37:39.7706254Z   ---
2026-09-23T13:37:39.7706478Z   duration_ms: 9.4302
2026-09-23T13:37:39.7706657Z   type: 'test'
2026-09-23T13:37:39.7706802Z   ...
2026-09-23T13:37:39.7714406Z # Subtest: invitation and signed consent do not alter roster until the creator commits the exact parent
2026-09-23T13:37:39.7715636Z ok 53 - invitation and signed consent do not alter roster until the creator commits the exact parent
2026-09-23T13:37:39.7716397Z   ---
2026-09-23T13:37:39.7716649Z   duration_ms: 39.1554
2026-09-23T13:37:39.7716938Z   type: 'test'
2026-09-23T13:37:39.7717334Z   ...
2026-09-23T13:37:39.7718051Z # Subtest: newcomer reads real new ciphertext without obtaining historical keys; removed reader cannot read new content
2026-09-23T13:37:39.7719219Z ok 54 - newcomer reads real new ciphertext without obtaining historical keys; removed reader cannot read new content
2026-09-23T13:37:39.7720487Z   ---
2026-09-23T13:37:39.7720951Z   duration_ms: 67.415
2026-09-23T13:37:39.7721229Z   type: 'test'
2026-09-23T13:37:39.7721456Z   ...
2026-09-23T13:37:39.7722154Z # Subtest: stale, substituted, missing or extra member consents cannot commit a roster
2026-09-23T13:37:39.7723052Z ok 55 - stale, substituted, missing or extra member consents cannot commit a roster
2026-09-23T13:37:39.7723608Z   ---
2026-09-23T13:37:39.7723842Z   duration_ms: 75.4442
2026-09-23T13:37:39.7724116Z   type: 'test'
2026-09-23T13:37:39.7724286Z   ...
2026-09-23T13:37:39.7724679Z # Subtest: removal and rejoin remain restrictive across the complete path even with identical final cards
2026-09-23T13:37:39.7725422Z ok 56 - removal and rejoin remain restrictive across the complete path even with identical final cards
2026-09-23T13:37:39.7725982Z   ---
2026-09-23T13:37:39.7726207Z   duration_ms: 71.5351
2026-09-23T13:37:39.7726391Z   type: 'test'
2026-09-23T13:37:39.7726560Z   ...
2026-09-23T13:37:39.7727096Z # Subtest: creator reading-card replacement preserves signing authority but requires fresh signed consent
2026-09-23T13:37:39.7728114Z ok 57 - creator reading-card replacement preserves signing authority but requires fresh signed consent
2026-09-23T13:37:39.7728568Z   ---
2026-09-23T13:37:39.7728733Z   duration_ms: 52.3299
2026-09-23T13:37:39.7728911Z   type: 'test'
2026-09-23T13:37:39.7729067Z   ...
2026-09-23T13:37:39.7729710Z # Subtest: signed schema tampering, roster duplication, invalid order and snapshot substitution fail
2026-09-23T13:37:39.7730664Z ok 58 - signed schema tampering, roster duplication, invalid order and snapshot substitution fail
2026-09-23T13:37:39.7731212Z   ---
2026-09-23T13:37:39.7731447Z   duration_ms: 35.0222
2026-09-23T13:37:39.7731672Z   type: 'test'
2026-09-23T13:37:39.7731825Z   ...
2026-09-23T13:37:39.7732160Z # Subtest: closure preserves the committed historical state and reserves the final epoch
2026-09-23T13:37:39.7732736Z ok 59 - closure preserves the committed historical state and reserves the final epoch
2026-09-23T13:37:39.7733349Z   ---
2026-09-23T13:37:39.7733576Z   duration_ms: 52.6649
2026-09-23T13:37:39.7734179Z   type: 'test'
2026-09-23T13:37:39.7734388Z   ...
2026-09-23T13:37:39.7735151Z # Subtest: a valid creator fork cannot masquerade as a contiguous successor or grant reader authority
2026-09-23T13:37:39.7736106Z ok 60 - a valid creator fork cannot masquerade as a contiguous successor or grant reader authority
2026-09-23T13:37:39.7741138Z   ---
2026-09-23T13:37:39.7741448Z   duration_ms: 49.9751
2026-09-23T13:37:39.7741738Z   type: 'test'
2026-09-23T13:37:39.7741975Z   ...
2026-09-23T13:37:39.7742646Z # Subtest: full 64-member roster is bounded; capacity and title failures do not mutate its parent
2026-09-23T13:37:39.7743783Z ok 61 - full 64-member roster is bounded; capacity and title failures do not mutate its parent
2026-09-23T13:37:39.7744481Z   ---
2026-09-23T13:37:39.7744843Z   duration_ms: 655.7338
2026-09-23T13:37:39.7745256Z   type: 'test'
2026-09-23T13:37:39.7745611Z   ...
2026-09-23T13:37:39.7746384Z # Subtest: member leave is a signed request with no direct roster effect and cannot replace creator closure
2026-09-23T13:37:39.7747558Z ok 62 - member leave is a signed request with no direct roster effect and cannot replace creator closure
2026-09-23T13:37:39.7748315Z   ---
2026-09-23T13:37:39.7748664Z   duration_ms: 43.2561
2026-09-23T13:37:39.7749047Z   type: 'test'
2026-09-23T13:37:39.7749371Z   ...
2026-09-23T13:37:40.2001125Z # (node:9112) ExperimentalWarning: SQLite is an experimental feature and might change at any time
2026-09-23T13:37:40.2002043Z # (Use `node --trace-warnings ...` to show where the warning was created)
2026-09-23T13:37:44.9990679Z # Subtest: group confirmation rollback cannot transmit before successful admission
2026-09-23T13:37:44.9991509Z ok 63 - group confirmation rollback cannot transmit before successful admission
2026-09-23T13:37:44.9991835Z   ---
2026-09-23T13:37:44.9992299Z   duration_ms: 4800.9378
2026-09-23T13:37:44.9992495Z   type: 'test'
2026-09-23T13:37:44.9992650Z   ...
2026-09-23T13:37:49.6790841Z # Subtest: group confirmation lost commit response cannot transmit before successful admission
2026-09-23T13:37:49.6791758Z ok 64 - group confirmation lost commit response cannot transmit before successful admission
2026-09-23T13:37:49.6792107Z   ---
2026-09-23T13:37:49.6792281Z   duration_ms: 4679.8184
2026-09-23T13:37:49.6792470Z   type: 'test'
2026-09-23T13:37:49.6792629Z   ...
2026-09-23T13:37:54.1805476Z # Subtest: blocked readers and missing original bytes cannot mint a group read fact
2026-09-23T13:37:54.1806035Z ok 65 - blocked readers and missing original bytes cannot mint a group read fact
2026-09-23T13:37:54.1806353Z   ---
2026-09-23T13:37:54.1806529Z   duration_ms: 4501.341
2026-09-23T13:37:54.1806710Z   type: 'test'
2026-09-23T13:37:54.1806868Z   ...
2026-09-23T13:37:59.1545226Z # Subtest: missing historical group proof pauses confirmation until verified proof is restored
2026-09-23T13:37:59.1546247Z ok 66 - missing historical group proof pauses confirmation until verified proof is restored
2026-09-23T13:37:59.1546804Z   ---
2026-09-23T13:37:59.1547062Z   duration_ms: 4977.0612
2026-09-23T13:37:59.1547324Z   type: 'test'
2026-09-23T13:37:59.1547552Z   ...
2026-09-23T13:38:06.0653086Z # Subtest: real Node group automatic delivery and historical read after closure retain original audience
2026-09-23T13:38:06.0654183Z ok 67 - real Node group automatic delivery and historical read after closure retain original audience
2026-09-23T13:38:06.0654784Z   ---
2026-09-23T13:38:06.0655034Z   duration_ms: 6706.5634
2026-09-23T13:38:06.0655327Z   type: 'test'
2026-09-23T13:38:06.0655564Z   ...
2026-09-23T13:38:07.7180242Z # Subtest: opaque Node relay rejects public, oversized and excessive-lifetime controls before storage and forwarding
2026-09-23T13:38:07.7181528Z ok 68 - opaque Node relay rejects public, oversized and excessive-lifetime controls before storage and forwarding
2026-09-23T13:38:07.7182221Z   ---
2026-09-23T13:38:07.7182489Z   duration_ms: 1384.8775
2026-09-23T13:38:07.7182779Z   type: 'test'
2026-09-23T13:38:07.7183046Z   ...
2026-09-23T13:38:11.0615232Z # (node:7028) ExperimentalWarning: SQLite is an experimental feature and might change at any time
2026-09-23T13:38:11.0616153Z # (Use `node --trace-warnings ...` to show where the warning was created)
2026-09-23T13:38:11.0629691Z # Subtest: proof no-op optimisation still checks recipient scope, snapshot bytes and local participation
2026-09-23T13:38:11.0632726Z ok 69 - proof no-op optimisation still checks recipient scope, snapshot bytes and local participation
2026-09-23T13:38:11.0633480Z   ---
2026-09-23T13:38:11.0633747Z   duration_ms: 530.0237
2026-09-23T13:38:11.0634042Z   type: 'test'
2026-09-23T13:38:11.0634501Z   ...
2026-09-23T13:38:11.0637082Z # Subtest: verified cached proof replay avoids authority reapplication but still adopts a new safety header before a bad snapshot
2026-09-23T13:38:11.0639142Z ok 70 - verified cached proof replay avoids authority reapplication but still adopts a new safety header before a bad snapshot
2026-09-23T13:38:11.0639908Z   ---
2026-09-23T13:38:11.0640111Z   duration_ms: 2411.7448
2026-09-23T13:38:11.0640305Z   type: 'test'
2026-09-23T13:38:11.0640450Z   ...
2026-09-23T13:38:11.0640716Z # {"replayed":11,"applications":0,"unlockMs":622.0344999999998}
2026-09-23T13:38:11.4841399Z # (node:3700) ExperimentalWarning: SQLite is an experimental feature and might change at any time
2026-09-23T13:38:11.4842293Z # (Use `node --trace-warnings ...` to show where the warning was created)
2026-09-23T13:38:16.3760384Z # Subtest: group event admission rollback cannot release bytes early
2026-09-23T13:38:16.3761159Z ok 71 - group event admission rollback cannot release bytes early
2026-09-23T13:38:16.3761427Z   ---
2026-09-23T13:38:16.3761600Z   duration_ms: 4894.0877
2026-09-23T13:38:16.3761778Z   type: 'test'
2026-09-23T13:38:16.3762358Z   ...
2026-09-23T13:38:21.1253980Z # Subtest: group event admission lost response cannot release bytes early
2026-09-23T13:38:21.1255541Z ok 72 - group event admission lost response cannot release bytes early
2026-09-23T13:38:21.1256313Z   ---
2026-09-23T13:38:21.1256561Z   duration_ms: 4748.9721
2026-09-23T13:38:21.1256830Z   type: 'test'
2026-09-23T13:38:21.1257047Z   ...
2026-09-23T13:38:25.6778844Z # Subtest: group event content-store failure before payload write preserves honest availability
2026-09-23T13:38:25.6779809Z ok 73 - group event content-store failure before payload write preserves honest availability
2026-09-23T13:38:25.6780327Z   ---
2026-09-23T13:38:25.6780499Z   duration_ms: 4552.3728
2026-09-23T13:38:25.6780679Z   type: 'test'
2026-09-23T13:38:25.6780829Z   ...
2026-09-23T13:38:30.3685106Z # Subtest: group event content-store failure after payload write preserves honest availability
2026-09-23T13:38:30.3685903Z ok 74 - group event content-store failure after payload write preserves honest availability
2026-09-23T13:38:30.3686253Z   ---
2026-09-23T13:38:30.3686431Z   duration_ms: 4690.1163
2026-09-23T13:38:30.3686615Z   type: 'test'
2026-09-23T13:38:30.3686776Z   ...
2026-09-23T13:38:35.1913741Z # Subtest: group event close retires retained packets and refuses later serving with a reachable control
2026-09-23T13:38:35.1915304Z ok 75 - group event close retires retained packets and refuses later serving with a reachable control
2026-09-23T13:38:35.1915924Z   ---
2026-09-23T13:38:35.1916185Z   duration_ms: 4823.4081
2026-09-23T13:38:35.1916462Z   type: 'test'
2026-09-23T13:38:35.1916692Z   ...
2026-09-23T13:38:39.7599898Z # Subtest: group event block retires retained packets and refuses later serving with a reachable control
2026-09-23T13:38:39.7619235Z ok 76 - group event block retires retained packets and refuses later serving with a reachable control
2026-09-23T13:38:39.7637324Z   ---
2026-09-23T13:38:39.7638541Z   duration_ms: 4567.2971
2026-09-23T13:38:39.7639279Z   type: 'test'
2026-09-23T13:38:39.7639607Z   ...
2026-09-23T13:38:44.1458598Z # Subtest: group event lock retires retained packets and refuses later serving with a reachable control
2026-09-23T13:38:44.1459992Z ok 77 - group event lock retires retained packets and refuses later serving with a reachable control
2026-09-23T13:38:44.1460502Z   ---
2026-09-23T13:38:44.1460765Z   duration_ms: 4386.9206
2026-09-23T13:38:44.1461044Z   type: 'test'
2026-09-23T13:38:44.1461275Z   ...
2026-09-23T13:38:48.9739472Z # Subtest: group event evicted retires retained packets and refuses later serving with a reachable control
2026-09-23T13:38:48.9740167Z ok 78 - group event evicted retires retained packets and refuses later serving with a reachable control
2026-09-23T13:38:48.9740528Z   ---
2026-09-23T13:38:48.9740697Z   duration_ms: 4827.8358
2026-09-23T13:38:48.9740881Z   type: 'test'
2026-09-23T13:38:48.9741033Z   ...
2026-09-23T13:38:54.1992291Z # Subtest: missing historical target proof pauses new event publication and seeding until exact proof returns
2026-09-23T13:38:54.2002025Z ok 79 - missing historical target proof pauses new event publication and seeding until exact proof returns
2026-09-23T13:38:54.2002873Z   ---
2026-09-23T13:38:54.2003545Z   duration_ms: 5224.9611
2026-09-23T13:38:54.2003861Z   type: 'test'
2026-09-23T13:38:54.2004092Z   ...
2026-09-23T13:38:59.6434950Z # Subtest: corrupt stored event cannot authorise a valid retained packet; exact bytes restore serving
2026-09-23T13:38:59.6444257Z ok 80 - corrupt stored event cannot authorise a valid retained packet; exact bytes restore serving
2026-09-23T13:38:59.6444795Z   ---
2026-09-23T13:38:59.6445033Z   duration_ms: 5447.09
2026-09-23T13:38:59.6445303Z   type: 'test'
2026-09-23T13:38:59.6445529Z   ...
2026-09-23T13:39:23.2104628Z # Subtest: real Node group newcomer cannot read earlier audiences; peer serves author's edit while author is offline
2026-09-23T13:39:23.2106854Z ok 81 - real Node group newcomer cannot read earlier audiences; peer serves author's edit while author is offline
2026-09-23T13:39:23.2107589Z   ---
2026-09-23T13:39:23.2107861Z   duration_ms: 23343.781
2026-09-23T13:39:23.2108437Z   type: 'test'
2026-09-23T13:39:23.2108673Z   ...
2026-09-23T13:39:31.7137033Z # Subtest: real Node group reactions/comments/author edits and historical deletion preserve signing ownership
2026-09-23T13:39:31.7138199Z ok 82 - real Node group reactions/comments/author edits and historical deletion preserve signing ownership
2026-09-23T13:39:31.7138834Z   ---
2026-09-23T13:39:31.7139088Z   duration_ms: 8302.415
2026-09-23T13:39:31.7139366Z   type: 'test'
2026-09-23T13:39:31.7139607Z   ...
2026-09-23T13:39:35.6826857Z # (node:1216) ExperimentalWarning: SQLite is an experimental feature and might change at any time
2026-09-23T13:39:35.6827775Z # (Use `node --trace-warnings ...` to show where the warning was created)
2026-09-23T13:39:35.6843428Z # Subtest: an index consuming stop headroom is refused without changing existing data
2026-09-23T13:39:35.6845557Z ok 83 - an index consuming stop headroom is refused without changing existing data
2026-09-23T13:39:35.6846085Z   ---
2026-09-23T13:39:35.6846373Z   duration_ms: 883.3502
2026-09-23T13:39:35.6846660Z   type: 'test'
2026-09-23T13:39:35.6846893Z   ...
2026-09-23T13:39:35.6849510Z # Subtest: ordinary index growth stops before the protected checkpoint allocation is consumed
2026-09-23T13:39:35.6850482Z ok 84 - ordinary index growth stops before the protected checkpoint allocation is consumed
2026-09-23T13:39:35.6851024Z   ---
2026-09-23T13:39:35.6851251Z   duration_ms: 2903.4414
2026-09-23T13:39:35.6851545Z   type: 'test'
2026-09-23T13:39:35.6851764Z   ...
2026-09-23T13:39:40.0365258Z # (node:3112) ExperimentalWarning: SQLite is an experimental feature and might change at any time
2026-09-23T13:39:40.0365833Z # (Use `node --trace-warnings ...` to show where the warning was created)
2026-09-23T13:39:40.0382696Z # Subtest: stop reads share one validated snapshot but invalidate on mutation and scope exit
2026-09-23T13:39:40.0383862Z ok 85 - stop reads share one validated snapshot but invalidate on mutation and scope exit
2026-09-23T13:39:40.0384433Z   ---
2026-09-23T13:39:40.0384701Z   duration_ms: 109.6359
2026-09-23T13:39:40.0384996Z   type: 'test'
2026-09-23T13:39:40.0385229Z   ...
2026-09-23T13:39:40.0386857Z # Subtest: all256 immutable stops fit; retirement preserves retained facts and counts only removed records
2026-09-23T13:39:40.0388193Z ok 86 - all256 immutable stops fit; retirement preserves retained facts and counts only removed records
2026-09-23T13:39:40.0388826Z   ---
2026-09-23T13:39:40.0389092Z   duration_ms: 4013.1968
2026-09-23T13:39:40.0389400Z   type: 'test'
2026-09-23T13:39:40.0389625Z   ...
2026-09-23T13:39:40.0390247Z # Subtest: expired holds have counted removal and malformed counters cannot be used as valid state
2026-09-23T13:39:40.0391168Z ok 87 - expired holds have counted removal and malformed counters cannot be used as valid state
2026-09-23T13:39:40.0391523Z   ---
2026-09-23T13:39:40.0391695Z   duration_ms: 19.4786
2026-09-23T13:39:40.0391878Z   type: 'test'
2026-09-23T13:39:40.0392037Z   ...
2026-09-23T13:40:21.8360293Z # (node:4964) ExperimentalWarning: SQLite is an experimental feature and might change at any time
2026-09-23T13:40:21.8360912Z # (Use `node --trace-warnings ...` to show where the warning was created)
2026-09-23T13:40:21.8389357Z # Subtest: accepted history is authenticated and unknown old content stays separately held after removal
2026-09-23T13:40:21.8390648Z ok 88 - accepted history is authenticated and unknown old content stays separately held after removal
2026-09-23T13:40:21.8391266Z   ---
2026-09-23T13:40:21.8391527Z   duration_ms: 714.3651
2026-09-23T13:40:21.8391816Z   type: 'test'
2026-09-23T13:40:21.8392055Z   ...
2026-09-23T13:40:21.8392711Z # Subtest: group closure and immutable outbox stop commit together and callback failure rolls both back
2026-09-23T13:40:21.8394113Z ok 89 - group closure and immutable outbox stop commit together and callback failure rolls both back
2026-09-23T13:40:21.8394741Z   ---
2026-09-23T13:40:21.8395008Z   duration_ms: 133.0664
2026-09-23T13:40:21.8395502Z   type: 'test'
2026-09-23T13:40:21.8395722Z   ...
2026-09-23T13:40:21.8401508Z # Subtest: historical receipt uses only a locally persisted accepted target, never an ID supplied by its sender
2026-09-23T13:40:21.8402775Z ok 90 - historical receipt uses only a locally persisted accepted target, never an ID supplied by its sender
2026-09-23T13:40:21.8404542Z   ---
2026-09-23T13:40:21.8416646Z   duration_ms: 504.633
2026-09-23T13:40:21.8417222Z   type: 'test'
2026-09-23T13:40:21.8417591Z   ...
2026-09-23T13:40:21.8418386Z # Subtest: missing observation clock or malformed authenticated context cannot grant historical access
2026-09-23T13:40:21.8419541Z ok 91 - missing observation clock or malformed authenticated context cannot grant historical access
2026-09-23T13:40:21.8420254Z   ---
2026-09-23T13:40:21.8420638Z   duration_ms: 47.6028
2026-09-23T13:40:21.8421036Z   type: 'test'
2026-09-23T13:40:21.8421375Z   ...
2026-09-23T13:40:21.8422046Z # Subtest: quarantine byte quota uses actual signed ciphertext sizes and refuses overflow
2026-09-23T13:40:21.8423034Z ok 92 - quarantine byte quota uses actual signed ciphertext sizes and refuses overflow
2026-09-23T13:40:21.8423661Z   ---
2026-09-23T13:40:21.8424049Z   duration_ms: 803.3885
2026-09-23T13:40:21.8424497Z   type: 'test'
2026-09-23T13:40:21.8424854Z   ...
2026-09-23T13:40:21.8425698Z # Subtest: minimal outbox stop survives exhausted ordinary space without rewriting private content
2026-09-23T13:40:21.8426791Z ok 93 - minimal outbox stop survives exhausted ordinary space without rewriting private content
2026-09-23T13:40:21.8427480Z   ---
2026-09-23T13:40:21.8427849Z   duration_ms: 76.0499
2026-09-23T13:40:21.8428247Z   type: 'test'
2026-09-23T13:40:21.8428836Z   ...
2026-09-23T13:40:21.8429566Z # Subtest: ledger readers cannot escape the borrowed scope, even when every collection is empty
2026-09-23T13:40:21.8430554Z ok 94 - ledger readers cannot escape the borrowed scope, even when every collection is empty
2026-09-23T13:40:21.8431038Z   ---
2026-09-23T13:40:21.8431257Z   duration_ms: 6.121
2026-09-23T13:40:21.8431515Z   type: 'test'
2026-09-23T13:40:21.8431745Z   ...
2026-09-23T13:40:21.8432185Z # Subtest: the authority reserve also accommodates every retained outbox stop
2026-09-23T13:40:21.8432850Z ok 95 - the authority reserve also accommodates every retained outbox stop
2026-09-23T13:40:21.8433248Z   ---
2026-09-23T13:40:21.8433458Z   duration_ms: 186.3291
2026-09-23T13:40:21.8433698Z   type: 'test'
2026-09-23T13:40:21.8433902Z   ...
2026-09-23T13:40:21.8434347Z # Subtest: quarantine count remains bounded and replay does not consume another slot
2026-09-23T13:40:21.8435125Z ok 96 - quarantine count remains bounded and replay does not consume another slot
2026-09-23T13:40:21.8435583Z   ---
2026-09-23T13:40:21.8435840Z   duration_ms: 1326.1702
2026-09-23T13:40:21.8436106Z   type: 'test'
2026-09-23T13:40:21.8436315Z   ...
2026-09-23T13:40:21.8436918Z # Subtest: full4096 history respects protected records and retains the exact accepted count on retirement
2026-09-23T13:40:21.8437675Z ok 97 - full4096 history respects protected records and retains the exact accepted count on retirement
2026-09-23T13:40:21.8438019Z   ---
2026-09-23T13:40:21.8438185Z   duration_ms: 37789.5749
2026-09-23T13:40:21.8438365Z   type: 'test'
2026-09-23T13:40:21.8438507Z   ...
2026-09-23T13:40:42.1576370Z # Subtest: Node invitation API retains exact delivery material, bounds pending notices and preserves closure
2026-09-23T13:40:42.1577082Z ok 98 - Node invitation API retains exact delivery material, bounds pending notices and preserves closure
2026-09-23T13:40:42.1577456Z   ---
2026-09-23T13:40:42.1577644Z   duration_ms: 20106.4958
2026-09-23T13:40:42.1577844Z   type: 'test'
2026-09-23T13:40:42.1578001Z   ...
2026-09-23T13:40:45.8221754Z # Subtest: real Node notices deliver invitation, explicit consent and leave without automatic group admission
2026-09-23T13:40:45.8222954Z ok 99 - real Node notices deliver invitation, explicit consent and leave without automatic group admission
2026-09-23T13:40:45.8224559Z   ---
2026-09-23T13:40:45.8224842Z   duration_ms: 3469.6168
2026-09-23T13:40:45.8225140Z   type: 'test'
2026-09-23T13:40:45.8225367Z   ...
2026-09-23T13:40:46.0959948Z # (node:7164) ExperimentalWarning: SQLite is an experimental feature and might change at any time
2026-09-23T13:40:46.0960834Z # (Use `node --trace-warnings ...` to show where the warning was created)
2026-09-23T13:40:52.0555412Z # Subtest: Node replays notice safety headers before sending, blocked source=false
2026-09-23T13:40:52.0556900Z ok 100 - Node replays notice safety headers before sending, blocked source=false
2026-09-23T13:40:52.0557397Z   ---
2026-09-23T13:40:52.0557643Z   duration_ms: 5961.5109
2026-09-23T13:40:52.0557930Z   type: 'test'
2026-09-23T13:40:52.0558185Z   ...
2026-09-23T13:40:57.5535967Z # Subtest: Node replays notice safety headers before sending, blocked source=true
2026-09-23T13:40:57.5536803Z ok 101 - Node replays notice safety headers before sending, blocked source=true
2026-09-23T13:40:57.5537315Z   ---
2026-09-23T13:40:57.5537560Z   duration_ms: 5501.3953
2026-09-23T13:40:57.5537835Z   type: 'test'
2026-09-23T13:40:57.5538073Z   ...
2026-09-23T13:40:57.7793701Z # (node:6820) ExperimentalWarning: SQLite is an experimental feature and might change at any time
2026-09-23T13:40:57.7794574Z # (Use `node --trace-warnings ...` to show where the warning was created)
2026-09-23T13:41:02.1702477Z # Subtest: opaque Node seeder delivers invitation and consent after each original author stops
2026-09-23T13:41:02.1703344Z ok 102 - opaque Node seeder delivers invitation and consent after each original author stops
2026-09-23T13:41:02.1703692Z   ---
2026-09-23T13:41:02.1703869Z   duration_ms: 4396.1222
2026-09-23T13:41:02.1704071Z   type: 'test'
2026-09-23T13:41:02.1704260Z   ...
2026-09-23T13:41:10.8459086Z # (node:4132) ExperimentalWarning: SQLite is an experimental feature and might change at any time
2026-09-23T13:41:10.8459695Z # (Use `node --trace-warnings ...` to show where the warning was created)
2026-09-23T13:41:10.8477248Z # Subtest: private notices bind invitation, consent and leave without conferring signing ownership or local admission
2026-09-23T13:41:10.8479206Z ok 103 - private notices bind invitation, consent and leave without conferring signing ownership or local admission
2026-09-23T13:41:10.8479904Z   ---
2026-09-23T13:41:10.8480173Z   duration_ms: 496.2401
2026-09-23T13:41:10.8480457Z   type: 'test'
2026-09-23T13:41:10.8480690Z   ...
2026-09-23T13:41:10.8481331Z # Subtest: invitation result and exact delivery card commit together and survive reopening encrypted SQLite
2026-09-23T13:41:10.8482404Z ok 104 - invitation result and exact delivery card commit together and survive reopening encrypted SQLite
2026-09-23T13:41:10.8483040Z   ---
2026-09-23T13:41:10.8483296Z   duration_ms: 89.574
2026-09-23T13:41:10.8483572Z   type: 'test'
2026-09-23T13:41:10.8483806Z   ...
2026-09-23T13:41:10.8485878Z # Subtest: issuer quota, duplicate reads and dismissal replay memory stay bounded without changing group state
2026-09-23T13:41:10.8486987Z ok 105 - issuer quota, duplicate reads and dismissal replay memory stay bounded without changing group state
2026-09-23T13:41:10.8487608Z   ---
2026-09-23T13:41:10.8487865Z   duration_ms: 483.1082
2026-09-23T13:41:10.8488147Z   type: 'test'
2026-09-23T13:41:10.8488379Z   ...
2026-09-23T13:41:10.8488987Z # Subtest: finite notice history retires oldest entries without making a replay local consent
2026-09-23T13:41:10.8490242Z ok 106 - finite notice history retires oldest entries without making a replay local consent
2026-09-23T13:41:10.8490827Z   ---
2026-09-23T13:41:10.8491287Z   duration_ms: 7320.0996
2026-09-23T13:41:10.8491587Z   type: 'test'
2026-09-23T13:41:10.8491815Z   ...
2026-09-23T13:41:10.8492810Z # Subtest: authenticated malformed notice metadata aborts the outer transaction even if its error is caught
2026-09-23T13:41:10.8493898Z ok 107 - authenticated malformed notice metadata aborts the outer transaction even if its error is caught
2026-09-23T13:41:10.8494697Z   ---
2026-09-23T13:41:10.8494943Z   duration_ms: 47.5091
2026-09-23T13:41:10.8495215Z   type: 'test'
2026-09-23T13:41:10.8495435Z   ...
2026-09-23T13:41:10.8496008Z # Subtest: failed dismissal cannot lose an invitation when the caller swallows the write error
2026-09-23T13:41:10.8496878Z ok 108 - failed dismissal cannot lose an invitation when the caller swallows the write error
2026-09-23T13:41:10.8497418Z   ---
2026-09-23T13:41:10.8497664Z   duration_ms: 45.5127
2026-09-23T13:41:10.8497938Z   type: 'test'
2026-09-23T13:41:10.8498164Z   ...
2026-09-23T13:41:24.9294704Z # (node:8732) ExperimentalWarning: SQLite is an experimental feature and might change at any time
2026-09-23T13:41:24.9295303Z # (Use `node --trace-warnings ...` to show where the warning was created)
2026-09-23T13:41:24.9384862Z # Subtest: missing private proof pauses a valid reserved send without losing availability, then releases its obsolete hold
2026-09-23T13:41:24.9386446Z ok 109 - missing private proof pauses a valid reserved send without losing availability, then releases its obsolete hold
2026-09-23T13:41:24.9387355Z   ---
2026-09-23T13:41:24.9387777Z   duration_ms: 1600.5919
2026-09-23T13:41:24.9388227Z   type: 'test'
2026-09-23T13:41:24.9388844Z   ...
2026-09-23T13:41:24.9389868Z # Subtest: runtime closure persists the minimal stop without rewriting the private document and releases only automatic protection
2026-09-23T13:41:24.9391219Z ok 110 - runtime closure persists the minimal stop without rewriting the private document and releases only automatic protection
2026-09-23T13:41:24.9391963Z   ---
2026-09-23T13:41:24.9392230Z   duration_ms: 1519.4471
2026-09-23T13:41:24.9392526Z   type: 'test'
2026-09-23T13:41:24.9392786Z   ...
2026-09-23T13:41:24.9393265Z # Subtest: runtime group stop and closure recover together after rollback
2026-09-23T13:41:24.9393981Z ok 111 - runtime group stop and closure recover together after rollback
2026-09-23T13:41:24.9394450Z   ---
2026-09-23T13:41:24.9394700Z   duration_ms: 953.6792
2026-09-23T13:41:24.9394982Z   type: 'test'
2026-09-23T13:41:24.9395211Z   ...
2026-09-23T13:41:24.9395750Z # Subtest: runtime group stop and closure recover together after lost commit response
2026-09-23T13:41:24.9396571Z ok 112 - runtime group stop and closure recover together after lost commit response
2026-09-23T13:41:24.9397062Z   ---
2026-09-23T13:41:24.9397320Z   duration_ms: 745.8526
2026-09-23T13:41:24.9397597Z   type: 'test'
2026-09-23T13:41:24.9397826Z   ...
2026-09-23T13:41:24.9398483Z # Subtest: full normal database quota still commits a group stop while the ordinary growth control fails
2026-09-23T13:41:24.9399486Z ok 113 - full normal database quota still commits a group stop while the ordinary growth control fails
2026-09-23T13:41:24.9400072Z   ---
2026-09-23T13:41:24.9400326Z   duration_ms: 2926.7416
2026-09-23T13:41:24.9400609Z   type: 'test'
2026-09-23T13:41:24.9400836Z   ...
2026-09-23T13:41:24.9401459Z # Subtest: forged stop mirror, mismatched binding and orphan stop all fail authenticated reopening
2026-09-23T13:41:24.9402076Z     # Subtest: mirror
2026-09-23T13:41:24.9402359Z     ok 1 - mirror
2026-09-23T13:41:24.9402625Z       ---
2026-09-23T13:41:24.9402897Z       duration_ms: 744.7382
2026-09-23T13:41:24.9403202Z       type: 'test'
2026-09-23T13:41:24.9403477Z       ...
2026-09-23T13:41:24.9403738Z     # Subtest: binding
2026-09-23T13:41:24.9404018Z     ok 2 - binding
2026-09-23T13:41:24.9404266Z       ---
2026-09-23T13:41:24.9404541Z       duration_ms: 855.0905
2026-09-23T13:41:24.9404844Z       type: 'test'
2026-09-23T13:41:24.9405088Z       ...
2026-09-23T13:41:24.9412330Z     # Subtest: orphan
2026-09-23T13:41:24.9412655Z     ok 3 - orphan
2026-09-23T13:41:24.9413240Z       ---
2026-09-23T13:41:24.9413523Z       duration_ms: 853.0713
2026-09-23T13:41:24.9413849Z       type: 'test'
2026-09-23T13:41:24.9414093Z       ...
2026-09-23T13:41:24.9414502Z     1..3
2026-09-23T13:41:24.9415343Z ok 114 - forged stop mirror, mismatched binding and orphan stop all fail authenticated reopening
2026-09-23T13:41:24.9416056Z   ---
2026-09-23T13:41:24.9429275Z   duration_ms: 2455.2709
2026-09-23T13:41:24.9429606Z   type: 'test'
2026-09-23T13:41:24.9429907Z   ...
2026-09-23T13:41:24.9430655Z # Subtest: bounded stopped entries coexist with 128 new pending operations; half bindings and extra fields fail
2026-09-23T13:41:24.9431824Z ok 115 - bounded stopped entries coexist with 128 new pending operations; half bindings and extra fields fail
2026-09-23T13:41:24.9432472Z   ---
2026-09-23T13:41:24.9432735Z   duration_ms: 737.2111
2026-09-23T13:41:24.9433025Z   type: 'test'
2026-09-23T13:41:24.9433262Z   ...
2026-09-23T13:41:24.9433961Z # Subtest: a restrictive prefix with an invalid tail stops the runtime intent in its accepted transaction
2026-09-23T13:41:24.9434978Z ok 116 - a restrictive prefix with an invalid tail stops the runtime intent in its accepted transaction
2026-09-23T13:41:24.9435557Z   ---
2026-09-23T13:41:24.9435818Z   duration_ms: 783.9601
2026-09-23T13:41:24.9436104Z   type: 'test'
2026-09-23T13:41:24.9436336Z   ...
2026-09-23T13:41:24.9436916Z # Subtest: stop retirement and removal of the corresponding intent share a private commit
2026-09-23T13:41:24.9437805Z ok 117 - stop retirement and removal of the corresponding intent share a private commit
2026-09-23T13:41:24.9438282Z   ---
2026-09-23T13:41:24.9438509Z   duration_ms: 1221.9721
2026-09-23T13:41:24.9438778Z   type: 'test'
2026-09-23T13:41:24.9438987Z   ...
2026-09-23T13:41:26.0285723Z # Subtest: runtime stop cancels its existing transport queue
2026-09-23T13:41:26.0286685Z ok 118 - runtime stop cancels its existing transport queue
2026-09-23T13:41:26.0287309Z   ---
2026-09-23T13:41:26.0288438Z   duration_ms: 1200.5531
2026-09-23T13:41:26.0288723Z   type: 'test'
2026-09-23T13:41:26.0288929Z   ...
2026-09-23T13:41:27.3215567Z # Subtest: runtime negative control delivers its existing transport queue
2026-09-23T13:41:27.3216474Z ok 119 - runtime negative control delivers its existing transport queue
2026-09-23T13:41:27.3216963Z   ---
2026-09-23T13:41:27.3217228Z   duration_ms: 1146.5433
2026-09-23T13:41:27.3217525Z   type: 'test'
2026-09-23T13:41:27.3217760Z   ...
2026-09-23T13:41:29.2215667Z # Subtest: real TCP cache request checks active author authority even after delivery completed
2026-09-23T13:41:29.2217243Z ok 120 - real TCP cache request checks active author authority even after delivery completed
2026-09-23T13:41:29.2217808Z   ---
2026-09-23T13:41:29.2218089Z   duration_ms: 1773.7957
2026-09-23T13:41:29.2218417Z   type: 'test'
2026-09-23T13:41:29.2218677Z   ...
2026-09-23T13:41:30.7911618Z # Subtest: real TCP cache request checks closed author authority even after delivery completed
2026-09-23T13:41:30.7912887Z ok 121 - real TCP cache request checks closed author authority even after delivery completed
2026-09-23T13:41:30.7913631Z   ---
2026-09-23T13:41:30.7914017Z   duration_ms: 1717.8944
2026-09-23T13:41:30.7914688Z   type: 'test'
2026-09-23T13:41:30.7915051Z   ...
2026-09-23T13:41:31.3941305Z # Subtest: real TCP cache request checks locked author authority even after delivery completed
2026-09-23T13:41:31.3942309Z ok 122 - real TCP cache request checks locked author authority even after delivery completed
2026-09-23T13:41:31.3942832Z   ---
2026-09-23T13:41:31.3943091Z   duration_ms: 1360.0336
2026-09-23T13:41:31.3943382Z   type: 'test'
2026-09-23T13:41:31.3943606Z   ...
2026-09-23T13:41:32.0039362Z # (node:2732) ExperimentalWarning: SQLite is an experimental feature and might change at any time
2026-09-23T13:41:32.0040524Z # (Use `node --trace-warnings ...` to show where the warning was created)
2026-09-23T13:41:32.0059848Z # Subtest: repeated authority reads share verified checkpoint work only inside an unchanged transaction
2026-09-23T13:41:32.0062522Z ok 123 - repeated authority reads share verified checkpoint work only inside an unchanged transaction
2026-09-23T13:41:32.0063254Z   ---
2026-09-23T13:41:32.0063450Z   duration_ms: 61.7282
2026-09-23T13:41:32.0063643Z   type: 'test'
2026-09-23T13:41:32.0063804Z   ...
2026-09-23T13:41:32.0064866Z # Subtest: a write after a cached read revalidates corruption and aborts the outer transaction
2026-09-23T13:41:32.0066186Z ok 124 - a write after a cached read revalidates corruption and aborts the outer transaction
2026-09-23T13:41:32.0066994Z   ---
2026-09-23T13:41:32.0067171Z   duration_ms: 37.833
2026-09-23T13:41:32.0067352Z   type: 'test'
2026-09-23T13:41:32.0067508Z   ...
2026-09-23T13:41:32.0068850Z # Subtest: a closure in the same authority scope invalidates an earlier active view
2026-09-23T13:41:32.0070135Z ok 125 - a closure in the same authority scope invalidates an earlier active view
2026-09-23T13:41:32.0070919Z   ---
2026-09-23T13:41:32.0071091Z   duration_ms: 79.4263
2026-09-23T13:41:32.0071281Z   type: 'test'
2026-09-23T13:41:32.0071426Z   ...
2026-09-23T13:41:32.0072698Z # Subtest: a cached checkpoint cannot hide deletion of its referenced epoch: proof
2026-09-23T13:41:32.0073366Z ok 126 - a cached checkpoint cannot hide deletion of its referenced epoch: proof
2026-09-23T13:41:32.0074127Z   ---
2026-09-23T13:41:32.0074297Z   duration_ms: 35.563
2026-09-23T13:41:32.0074481Z   type: 'test'
2026-09-23T13:41:32.0074631Z   ...
2026-09-23T13:41:32.0075163Z # Subtest: a cached checkpoint cannot hide deletion of its referenced snapshot: proof
2026-09-23T13:41:32.0076649Z ok 127 - a cached checkpoint cannot hide deletion of its referenced snapshot: proof
2026-09-23T13:41:32.0077415Z   ---
2026-09-23T13:41:32.0077572Z   duration_ms: 39.4198
2026-09-23T13:41:32.0077755Z   type: 'test'
2026-09-23T13:41:32.0077902Z   ...
2026-09-23T13:41:32.0078514Z # Subtest: the scoped checkpoint work cache evicts old groups instead of retaining every read
2026-09-23T13:41:32.0080045Z ok 128 - the scoped checkpoint work cache evicts old groups instead of retaining every read
2026-09-23T13:41:32.0080725Z   ---
2026-09-23T13:41:32.0080947Z   duration_ms: 155.3002
2026-09-23T13:41:32.0081139Z   type: 'test'
2026-09-23T13:41:32.0081289Z   ...
2026-09-23T13:41:36.1042263Z # (node:10132) ExperimentalWarning: SQLite is an experimental feature and might change at any time
2026-09-23T13:41:36.1233112Z # (Use `node --trace-warnings ...` to show where the warning was created)
2026-09-23T13:41:36.1235081Z # Subtest: creator state is encrypted, permanent and idempotent while its operation is retained
2026-09-23T13:41:36.1274295Z ok 129 - creator state is encrypted, permanent and idempotent while its operation is retained
2026-09-23T13:41:36.1280017Z   ---
2026-09-23T13:41:36.1280289Z   duration_ms: 87.7443
2026-09-23T13:41:36.1281600Z   type: 'test'
2026-09-23T13:41:36.1289466Z   ...
2026-09-23T13:41:36.1291530Z # Subtest: explicit invitation needs complete ancestry and fresh consent before local membership
2026-09-23T13:41:36.1292780Z ok 130 - explicit invitation needs complete ancestry and fresh consent before local membership
2026-09-23T13:41:36.1320848Z   ---
2026-09-23T13:41:36.1321998Z   duration_ms: 380.0403
2026-09-23T13:41:36.1322531Z   type: 'test'
2026-09-23T13:41:36.1324602Z   ...
2026-09-23T13:41:36.1325428Z # Subtest: unknown groups, invalid signer and signed orphan hints cannot allocate, advance or freeze authority
2026-09-23T13:41:36.1326636Z ok 131 - unknown groups, invalid signer and signed orphan hints cannot allocate, advance or freeze authority
2026-09-23T13:41:36.1327363Z   ---
2026-09-23T13:41:36.1327707Z   duration_ms: 98.6427
2026-09-23T13:41:36.1328079Z   type: 'test'
2026-09-23T13:41:36.1328424Z   ...
2026-09-23T13:41:36.1329030Z # Subtest: an incumbent cannot skip an invalid intermediate membership snapshot
2026-09-23T13:41:36.1330143Z ok 132 - an incumbent cannot skip an invalid intermediate membership snapshot
2026-09-23T13:41:36.1330719Z   ---
2026-09-23T13:41:36.1332016Z   duration_ms: 172.4187
2026-09-23T13:41:36.1332688Z   type: 'test'
2026-09-23T13:41:36.1333043Z   ...
2026-09-23T13:41:36.1333768Z # Subtest: creator equivocation freezes durably; stale hints do not choose or erase a branch
2026-09-23T13:41:36.1334825Z ok 133 - creator equivocation freezes durably; stale hints do not choose or erase a branch
2026-09-23T13:41:36.1335484Z   ---
2026-09-23T13:41:36.1335846Z   duration_ms: 157.0673
2026-09-23T13:41:36.1336252Z   type: 'test'
2026-09-23T13:41:36.1336592Z   ...
2026-09-23T13:41:36.1337340Z # Subtest: local leave survives restart and old consent replay; reentry requires a new committed nonce
2026-09-23T13:41:36.1338462Z ok 134 - local leave survives restart and old consent replay; reentry requires a new committed nonce
2026-09-23T13:41:36.1339168Z   ---
2026-09-23T13:41:36.1339525Z   duration_ms: 765.4295
2026-09-23T13:41:36.1339922Z   type: 'test'
2026-09-23T13:41:36.1340264Z   ...
2026-09-23T13:41:36.1340950Z # Subtest: a late join response cannot restore membership across a subsequent removal
2026-09-23T13:41:36.1341904Z ok 135 - a late join response cannot restore membership across a subsequent removal
2026-09-23T13:41:36.1342521Z   ---
2026-09-23T13:41:36.1342885Z   duration_ms: 274.916
2026-09-23T13:41:36.1343273Z   type: 'test'
2026-09-23T13:41:36.1343621Z   ...
2026-09-23T13:41:36.1344318Z # Subtest: storage pressure persists a stop checkpoint instead of using an obsolete roster
2026-09-23T13:41:36.1345319Z ok 136 - storage pressure persists a stop checkpoint instead of using an obsolete roster
2026-09-23T13:41:36.1345962Z   ---
2026-09-23T13:41:36.1346330Z   duration_ms: 81.1073
2026-09-23T13:41:36.1346719Z   type: 'test'
2026-09-23T13:41:36.1347057Z   ...
2026-09-23T13:41:36.1347767Z # Subtest: closure and a stale expected parent cannot create a successor or bypass idempotency
2026-09-23T13:41:36.1348807Z ok 137 - closure and a stale expected parent cannot create a successor or bypass idempotency
2026-09-23T13:41:36.1349478Z   ---
2026-09-23T13:41:36.1349828Z   duration_ms: 164.6456
2026-09-23T13:41:36.1350225Z   type: 'test'
2026-09-23T13:41:36.1350583Z   ...
2026-09-23T13:41:36.1351411Z # Subtest: 64 remembered groups are retained; capacity is not reset by closing them
2026-09-23T13:41:36.1352338Z ok 138 - 64 remembered groups are retained; capacity is not reset by closing them
2026-09-23T13:41:36.1352949Z   ---
2026-09-23T13:41:36.1353304Z   duration_ms: 1673.9335
2026-09-23T13:41:36.1353702Z   type: 'test'
2026-09-23T13:41:36.1354052Z   ...
2026-09-23T13:41:36.4713085Z # Subtest: two real creator processes use compare-and-set and cannot commit siblings in one registry
2026-09-23T13:41:36.4713983Z ok 139 - two real creator processes use compare-and-set and cannot commit siblings in one registry
2026-09-23T13:41:36.4714364Z   ---
2026-09-23T13:41:36.4714544Z   duration_ms: 372.3644
2026-09-23T13:41:36.4714769Z   type: 'test'
2026-09-23T13:41:36.4714931Z   ...
2026-09-23T13:41:46.2424658Z # Subtest: real process crashes preserve atomic authority and the original operation after a lost response
2026-09-23T13:41:46.2425384Z ok 140 - real process crashes preserve atomic authority and the original operation after a lost response
2026-09-23T13:41:46.2425962Z   ---
2026-09-23T13:41:46.2426251Z   duration_ms: 465.3092
2026-09-23T13:41:46.2426630Z   type: 'test'
2026-09-23T13:41:46.2426858Z   ...
2026-09-23T13:41:46.2427495Z # Subtest: later snapshots wait for a missing intermediate state and activate after its verified arrival
2026-09-23T13:41:46.2428634Z ok 141 - later snapshots wait for a missing intermediate state and activate after its verified arrival
2026-09-23T13:41:46.2429187Z   ---
2026-09-23T13:41:46.2429432Z   duration_ms: 623.4478
2026-09-23T13:41:46.2429658Z   type: 'test'
2026-09-23T13:41:46.2429814Z   ...
2026-09-23T13:41:46.2430483Z # Subtest: capacity recovery adopts the exact stopped header and still needs its private state
2026-09-23T13:41:46.2431585Z ok 142 - capacity recovery adopts the exact stopped header and still needs its private state
2026-09-23T13:41:46.2432339Z   ---
2026-09-23T13:41:46.2432574Z   duration_ms: 157.2399
2026-09-23T13:41:46.2432853Z   type: 'test'
2026-09-23T13:41:46.2433070Z   ...
2026-09-23T13:41:46.2433779Z # Subtest: snapshot capacity stops survive restart; freeing space alone cannot reactivate membership
2026-09-23T13:41:46.2434810Z ok 143 - snapshot capacity stops survive restart; freeing space alone cannot reactivate membership
2026-09-23T13:41:46.2435294Z   ---
2026-09-23T13:41:46.2435506Z   duration_ms: 150.2564
2026-09-23T13:41:46.2435806Z   type: 'test'
2026-09-23T13:41:46.2436031Z   ...
2026-09-23T13:41:46.2436737Z # Subtest: a real sibling proof during capacity suspension freezes permanently and is retrievable
2026-09-23T13:41:46.2437613Z ok 144 - a real sibling proof during capacity suspension freezes permanently and is retrievable
2026-09-23T13:41:46.2437957Z   ---
2026-09-23T13:41:46.2438133Z   duration_ms: 106.6538
2026-09-23T13:41:46.2438410Z   type: 'test'
2026-09-23T13:41:46.2438641Z   ...
2026-09-23T13:41:46.2439364Z # Subtest: finite operation retention follows authenticated revisions and leaves group proofs intact
2026-09-23T13:41:46.2442925Z ok 145 - finite operation retention follows authenticated revisions and leaves group proofs intact
2026-09-23T13:41:46.2443564Z   ---
2026-09-23T13:41:46.2443840Z   duration_ms: 3814.193
2026-09-23T13:41:46.2444145Z   type: 'test'
2026-09-23T13:41:46.2444377Z   ...
2026-09-23T13:41:46.2445085Z # Subtest: authenticated but malformed authority records fail closed instead of trusting falsy fields or cursors
2026-09-23T13:41:46.2446200Z ok 146 - authenticated but malformed authority records fail closed instead of trusting falsy fields or cursors
2026-09-23T13:41:46.2446839Z   ---
2026-09-23T13:41:46.2447076Z   duration_ms: 59.2772
2026-09-23T13:41:46.2447351Z   type: 'test'
2026-09-23T13:41:46.2447591Z   ...
2026-09-23T13:41:46.2448078Z # Subtest: corrupt retained operation cannot fabricate a successful response
2026-09-23T13:41:46.2448827Z ok 147 - corrupt retained operation cannot fabricate a successful response
2026-09-23T13:41:46.2449305Z   ---
2026-09-23T13:41:46.2449547Z   duration_ms: 11.9445
2026-09-23T13:41:46.2449828Z   type: 'test'
2026-09-23T13:41:46.2450055Z   ...
2026-09-23T13:41:46.2485538Z # Subtest: local leave and creator closure remain durable under full ordinary metadata capacity
2026-09-23T13:41:46.2487102Z ok 148 - local leave and creator closure remain durable under full ordinary metadata capacity
2026-09-23T13:41:46.2487638Z   ---
2026-09-23T13:41:46.2487834Z   duration_ms: 357.9245
2026-09-23T13:41:46.2488139Z   type: 'test'
2026-09-23T13:41:46.2488360Z   ...
2026-09-23T13:41:46.2488832Z # Subtest: a malformed trailing proof cannot roll back an already verified removal in the same page
2026-09-23T13:41:46.2489446Z ok 149 - a malformed trailing proof cannot roll back an already verified removal in the same page
2026-09-23T13:41:46.2489941Z   ---
2026-09-23T13:41:46.2490186Z   duration_ms: 347.4658
2026-09-23T13:41:46.2490469Z   type: 'test'
2026-09-23T13:41:46.2490705Z   ...
2026-09-23T13:41:46.2491276Z # Subtest: the declared maximum checkpoints and stop receipts fit the reserved SQLite budget
2026-09-23T13:41:46.2492204Z ok 150 - the declared maximum checkpoints and stop receipts fit the reserved SQLite budget
2026-09-23T13:41:46.2492750Z   ---
2026-09-23T13:41:46.2492987Z   duration_ms: 190.04
2026-09-23T13:41:46.2493255Z   type: 'test'
2026-09-23T13:41:46.2493491Z   ...
2026-09-23T13:41:46.2494133Z # Subtest: retirement rechecks every operation signature after caching a group in the same transaction
2026-09-23T13:41:46.2495119Z ok 151 - retirement rechecks every operation signature after caching a group in the same transaction
2026-09-23T13:41:46.2495674Z   ---
2026-09-23T13:41:46.2495916Z   duration_ms: 3509.6184
2026-09-23T13:41:46.2497196Z   type: 'test'
2026-09-23T13:41:46.2497438Z   ...
2026-09-23T13:41:46.6635682Z # (node:8692) ExperimentalWarning: SQLite is an experimental feature and might change at any time
2026-09-23T13:41:46.6636882Z # (Use `node --trace-warnings ...` to show where the warning was created)
2026-09-23T13:41:50.2034234Z # Subtest: authenticated Node group management persists membership and restrictive proofs
2026-09-23T13:41:50.2039478Z ok 152 - authenticated Node group management persists membership and restrictive proofs
2026-09-23T13:41:50.2039831Z   ---
2026-09-23T13:41:50.2040021Z   duration_ms: 3404.1164
2026-09-23T13:41:50.2040214Z   type: 'test'
2026-09-23T13:41:50.2040369Z   ...
2026-09-23T13:41:50.3258929Z # Subtest: group API recovers a committed command whose response was lost without creating a second group
2026-09-23T13:41:50.3260827Z ok 153 - group API recovers a committed command whose response was lost without creating a second group
2026-09-23T13:41:50.3261737Z   ---
2026-09-23T13:41:50.3262008Z   duration_ms: 263.7219
2026-09-23T13:41:50.3262248Z   type: 'test'
2026-09-23T13:41:50.3262457Z   ...
2026-09-23T13:41:51.4769158Z # (node:3200) ExperimentalWarning: SQLite is an experimental feature and might change at any time
2026-09-23T13:41:51.4770028Z # (Use `node --trace-warnings ...` to show where the warning was created)
2026-09-23T13:41:52.9515252Z # Subtest: group send intent rollback has no transport side effect
2026-09-23T13:41:52.9517372Z ok 154 - group send intent rollback has no transport side effect
2026-09-23T13:41:52.9517800Z   ---
2026-09-23T13:41:52.9518056Z   duration_ms: 1579.6524
2026-09-23T13:41:52.9518277Z   type: 'test'
2026-09-23T13:41:52.9518430Z   ...
2026-09-23T13:41:54.8226127Z # Subtest: group send intent lost response has no transport side effect
2026-09-23T13:41:54.8226908Z ok 155 - group send intent lost response has no transport side effect
2026-09-23T13:41:54.8227349Z   ---
2026-09-23T13:41:54.8227613Z   duration_ms: 1872.6075
2026-09-23T13:41:54.8227947Z   type: 'test'
2026-09-23T13:41:54.8228175Z   ...
2026-09-23T13:41:57.0596292Z # Subtest: group send recovers original stored bytes after ready rollback
2026-09-23T13:41:57.0597134Z ok 156 - group send recovers original stored bytes after ready rollback
2026-09-23T13:41:57.0597597Z   ---
2026-09-23T13:41:57.0597848Z   duration_ms: 2239.6571
2026-09-23T13:41:57.0598152Z   type: 'test'
2026-09-23T13:41:57.0598391Z   ...
2026-09-23T13:41:59.2608457Z # Subtest: group send recovers original stored bytes after lost ready response
2026-09-23T13:41:59.2609313Z ok 157 - group send recovers original stored bytes after lost ready response
2026-09-23T13:41:59.2609788Z   ---
2026-09-23T13:41:59.2610055Z   duration_ms: 2211.0731
2026-09-23T13:41:59.2610361Z   type: 'test'
2026-09-23T13:41:59.2610598Z   ...
2026-09-23T13:42:00.5812933Z # Subtest: a reported content-store failure cannot leak the new group packet or silently create another ID
2026-09-23T13:42:00.5813663Z ok 158 - a reported content-store failure cannot leak the new group packet or silently create another ID
2026-09-23T13:42:00.5814038Z   ---
2026-09-23T13:42:00.5814209Z   duration_ms: 1943.225
2026-09-23T13:42:00.5814443Z   type: 'test'
2026-09-23T13:42:00.5814686Z   ...
2026-09-23T13:42:06.7207523Z # Subtest: actual group send APIs create durable encrypted text, attachment and reply over TCP without global contacts
2026-09-23T13:42:06.7208690Z ok 159 - actual group send APIs create durable encrypted text, attachment and reply over TCP without global contacts
2026-09-23T13:42:06.7209084Z   ---
2026-09-23T13:42:06.7209262Z   duration_ms: 5934.7896
2026-09-23T13:42:06.7209446Z   type: 'test'
2026-09-23T13:42:06.7209592Z   ...
2026-09-23T13:42:10.1826815Z # Subtest: new group sends require current head and exact snapshot audience; retained operation remains immutable
2026-09-23T13:42:10.1827748Z ok 160 - new group sends require current head and exact snapshot audience; retained operation remains immutable
2026-09-23T13:42:10.1828443Z   ---
2026-09-23T13:42:10.1828623Z   duration_ms: 3465.5076
2026-09-23T13:42:10.1828821Z   type: 'test'
2026-09-23T13:42:10.1828971Z   ...
2026-09-23T13:42:10.5115282Z # (node:7292) ExperimentalWarning: SQLite is an experimental feature and might change at any time
2026-09-23T13:42:10.5115876Z # (Use `node --trace-warnings ...` to show where the warning was created)
2026-09-23T13:42:10.5154231Z # Subtest: encrypted metadata survives close/reopen; uncommitted work and transaction handles cannot escape
2026-09-23T13:42:10.5156247Z ok 161 - encrypted metadata survives close/reopen; uncommitted work and transaction handles cannot escape
2026-09-23T13:42:10.5156981Z   ---
2026-09-23T13:42:10.5157276Z   duration_ms: 23.1324
2026-09-23T13:42:10.5157628Z   type: 'test'
2026-09-23T13:42:10.5157924Z   ...
2026-09-23T13:42:10.5158582Z # Subtest: absence, truncation, wrong identity, wrong signing authority and extra SQL schema fail closed
2026-09-23T13:42:10.5159658Z ok 162 - absence, truncation, wrong identity, wrong signing authority and extra SQL schema fail closed
2026-09-23T13:42:10.5160729Z   ---
2026-09-23T13:42:10.5161014Z   duration_ms: 9.6216
2026-09-23T13:42:10.5161332Z   type: 'test'
2026-09-23T13:42:10.5161814Z   ...
2026-09-23T13:42:10.5162327Z # Subtest: unknown schema cannot hide behind a similar SQLite prefix
2026-09-23T13:42:10.5163188Z ok 163 - unknown schema cannot hide behind a similar SQLite prefix
2026-09-23T13:42:10.5163741Z   ---
2026-09-23T13:42:10.5164077Z   duration_ms: 5.4247
2026-09-23T13:42:10.5164451Z   type: 'test'
2026-09-23T13:42:10.5164770Z   ...
2026-09-23T13:42:10.5165441Z # Subtest: valid encryption with only the reading key cannot forge a locally signed fence
2026-09-23T13:42:10.5172838Z ok 164 - valid encryption with only the reading key cannot forge a locally signed fence
2026-09-23T13:42:10.5174334Z   ---
2026-09-23T13:42:10.5174851Z   duration_ms: 9.3638
2026-09-23T13:42:10.5175235Z   type: 'test'
2026-09-23T13:42:10.5175548Z   ...
2026-09-23T13:42:10.5176334Z # Subtest: checkpoint corruption, deletion, wrong SQL type and oversize are rejected before trusting state
2026-09-23T13:42:10.5177486Z ok 165 - checkpoint corruption, deletion, wrong SQL type and oversize are rejected before trusting state
2026-09-23T13:42:10.5178202Z   ---
2026-09-23T13:42:10.5178536Z   duration_ms: 28.7185
2026-09-23T13:42:10.5178896Z   type: 'test'
2026-09-23T13:42:10.5179213Z   ...
2026-09-23T13:42:10.5180023Z # Subtest: complete valid backup rollback is an explicit limitation; a pinned different registry is rejected
2026-09-23T13:42:10.5181167Z ok 166 - complete valid backup rollback is an explicit limitation; a pinned different registry is rejected
2026-09-23T13:42:10.5181873Z   ---
2026-09-23T13:42:10.5182196Z   duration_ms: 13.9595
2026-09-23T13:42:10.5182547Z   type: 'test'
2026-09-23T13:42:10.5182876Z   ...
2026-09-23T13:42:10.5183671Z # Subtest: ciphertext substitution, swallowed integrity errors and stale index replay cannot change a committed record
2026-09-23T13:42:10.5184961Z ok 167 - ciphertext substitution, swallowed integrity errors and stale index replay cannot change a committed record
2026-09-23T13:42:10.5185692Z   ---
2026-09-23T13:42:10.5185925Z   duration_ms: 12.5568
2026-09-23T13:42:10.5186758Z   type: 'test'
2026-09-23T13:42:10.5187054Z   ...
2026-09-23T13:42:10.5187581Z # Subtest: a replacement callback error cannot erase an observed integrity failure
2026-09-23T13:42:10.5188379Z ok 168 - a replacement callback error cannot erase an observed integrity failure
2026-09-23T13:42:10.5188886Z   ---
2026-09-23T13:42:10.5189123Z   duration_ms: 6.546
2026-09-23T13:42:10.5189397Z   type: 'test'
2026-09-23T13:42:10.5189622Z   ...
2026-09-23T13:42:10.5190150Z # Subtest: record AAD binds logical key and revision even beneath a freshly signed index
2026-09-23T13:42:10.5190984Z ok 169 - record AAD binds logical key and revision even beneath a freshly signed index
2026-09-23T13:42:10.5191490Z   ---
2026-09-23T13:42:10.5192034Z   duration_ms: 9.2346
2026-09-23T13:42:10.5192336Z   type: 'test'
2026-09-23T13:42:10.5192566Z   ...
2026-09-23T13:42:10.5193160Z # Subtest: ordinary metadata cannot consume the checkpoint reserve; capacity failure is atomic
2026-09-23T13:42:10.5194565Z ok 170 - ordinary metadata cannot consume the checkpoint reserve; capacity failure is atomic
2026-09-23T13:42:10.5195140Z   ---
2026-09-23T13:42:10.5195372Z   duration_ms: 12.2918
2026-09-23T13:42:10.5195623Z   type: 'test'
2026-09-23T13:42:10.5195832Z   ...
2026-09-23T13:42:10.7048271Z # Subtest: abrupt writer process death rolls back staged SQL and preserves the last authenticated checkpoint
2026-09-23T13:42:10.7058822Z ok 171 - abrupt writer process death rolls back staged SQL and preserves the last authenticated checkpoint
2026-09-23T13:42:10.7059502Z   ---
2026-09-23T13:42:10.7059775Z   duration_ms: 191.9654
2026-09-23T13:42:10.7060216Z   type: 'test'
2026-09-23T13:42:10.7061293Z   ...
2026-09-23T13:42:10.9810721Z # Subtest: two actual writer processes serialize read-modify-write without losing updates
2026-09-23T13:42:10.9811403Z ok 172 - two actual writer processes serialize read-modify-write without losing updates
2026-09-23T13:42:10.9811763Z   ---
2026-09-23T13:42:10.9811933Z   duration_ms: 287.5375
2026-09-23T13:42:10.9812119Z   type: 'test'
2026-09-23T13:42:10.9812276Z   ...
2026-09-23T13:42:13.4347862Z # (node:640) ExperimentalWarning: SQLite is an experimental feature and might change at any time
2026-09-23T13:42:13.4348774Z # (Use `node --trace-warnings ...` to show where the warning was created)
2026-09-23T13:42:13.4369381Z # Subtest: control store failures still consume the bounded publication budget
2026-09-23T13:42:13.4370671Z ok 173 - control store failures still consume the bounded publication budget
2026-09-23T13:42:13.4371269Z   ---
2026-09-23T13:42:13.4371623Z   duration_ms: 518.3834
2026-09-23T13:42:13.4372041Z   type: 'test'
2026-09-23T13:42:13.4372364Z   ...
2026-09-23T13:42:13.4375959Z # Subtest: control transport failures still consume the bounded publication budget
2026-09-23T13:42:13.4376930Z ok 174 - control transport failures still consume the bounded publication budget
2026-09-23T13:42:13.4377564Z   ---
2026-09-23T13:42:13.4377915Z   duration_ms: 475.316
2026-09-23T13:42:13.4378305Z   type: 'test'
2026-09-23T13:42:13.4378640Z   ...
2026-09-23T13:42:13.4379355Z # Subtest: network responses obey the producer cache quota without evicting pinned controls
2026-09-23T13:42:13.4381599Z ok 175 - network responses obey the producer cache quota without evicting pinned controls
2026-09-23T13:42:13.4382172Z   ---
2026-09-23T13:42:13.4382429Z   duration_ms: 1267.0924
2026-09-23T13:42:13.4382715Z   type: 'test'
2026-09-23T13:42:13.4382952Z   ...
2026-09-23T13:42:16.9084775Z # Subtest: real wire delivers newest snapshot before missing predecessors and projects the verified newest title
2026-09-23T13:42:16.9085972Z ok 176 - real wire delivers newest snapshot before missing predecessors and projects the verified newest title
2026-09-23T13:42:16.9086569Z   ---
2026-09-23T13:42:16.9086757Z   duration_ms: 3198.8093
2026-09-23T13:42:16.9086955Z   type: 'test'
2026-09-23T13:42:16.9087118Z   ...
2026-09-23T13:42:21.2657837Z # Subtest: available encrypted controls replay before a locked member can retry or sign after removal
2026-09-23T13:42:21.2658508Z ok 177 - available encrypted controls replay before a locked member can retry or sign after removal
2026-09-23T13:42:21.2658852Z   ---
2026-09-23T13:42:21.2659020Z   duration_ms: 4101.377
2026-09-23T13:42:21.2659204Z   type: 'test'
2026-09-23T13:42:21.2659352Z   ...
2026-09-23T13:42:35.1222364Z # Subtest: Node control requests recover lost responses and revalidate authority on identical retries
2026-09-23T13:42:35.1223451Z ok 178 - Node control requests recover lost responses and revalidate authority on identical retries
2026-09-23T13:42:35.1224038Z   ---
2026-09-23T13:42:35.1224310Z   duration_ms: 13589.1532
2026-09-23T13:42:35.1224603Z   type: 'test'
2026-09-23T13:42:35.1225187Z   ...
2026-09-23T13:42:44.2307529Z # Subtest: real Node control proofs heal a partition from another member after creator stops
2026-09-23T13:42:44.2308950Z ok 179 - real Node control proofs heal a partition from another member after creator stops
2026-09-23T13:42:44.2309611Z   ---
2026-09-23T13:42:44.2309959Z   duration_ms: 8909.2228
2026-09-23T13:42:44.2310323Z   type: 'test'
2026-09-23T13:42:44.2310658Z   ...
2026-09-23T13:42:44.4433042Z # Subtest: Node control proofs traverse TCP and serial PTYs, with partition, relay-off and offline opaque seeder controls
2026-09-23T13:42:44.4435808Z ok 180 - Node control proofs traverse TCP and serial PTYs, with partition, relay-off and offline opaque seeder controls # SKIP
2026-09-23T13:42:44.4436340Z   ---
2026-09-23T13:42:44.4436576Z   duration_ms: 0.7544
2026-09-23T13:42:44.4436823Z   type: 'test'
2026-09-23T13:42:44.4437062Z   ...
2026-09-23T13:42:47.2465197Z # Subtest: real Node peers synchronise epoch snapshots and closure without HTTP proof transfer after setup
2026-09-23T13:42:47.2466203Z ok 181 - real Node peers synchronise epoch snapshots and closure without HTTP proof transfer after setup
2026-09-23T13:42:47.2466680Z   ---
2026-09-23T13:42:47.2466910Z   duration_ms: 2594.8732
2026-09-23T13:42:47.2467160Z   type: 'test'
2026-09-23T13:42:47.2467372Z   ...
2026-09-23T13:42:55.4341727Z # Subtest: remembered invitation fetches paginated public ancestry automatically but no pre-join private snapshot
2026-09-23T13:42:55.4342605Z ok 182 - remembered invitation fetches paginated public ancestry automatically but no pre-join private snapshot
2026-09-23T13:42:55.4343062Z   ---
2026-09-23T13:42:55.4343390Z   duration_ms: 8190.8271
2026-09-23T13:42:55.4343740Z   type: 'test'
2026-09-23T13:42:55.4344060Z   ...
2026-09-23T13:42:55.9227400Z # (node:3544) ExperimentalWarning: SQLite is an experimental feature and might change at any time
2026-09-23T13:42:55.9228057Z # (Use `node --trace-warnings ...` to show where the warning was created)
2026-09-23T13:42:55.9244866Z # Subtest: group and private document share one commit; callback rollback and expired scopes cannot leak writes
2026-09-23T13:42:55.9246104Z ok 183 - group and private document share one commit; callback rollback and expired scopes cannot leak writes
2026-09-23T13:42:55.9246869Z   ---
2026-09-23T13:42:55.9247211Z   duration_ms: 82.2738
2026-09-23T13:42:55.9247557Z   type: 'test'
2026-09-23T13:42:55.9247849Z   ...
2026-09-23T13:42:55.9250727Z # Subtest: swallowing a scoped operation failure cannot commit earlier group or private writes
2026-09-23T13:42:55.9251815Z ok 184 - swallowing a scoped operation failure cannot commit earlier group or private writes
2026-09-23T13:42:55.9252402Z   ---
2026-09-23T13:42:55.9252651Z   duration_ms: 29.8832
2026-09-23T13:42:55.9252928Z   type: 'test'
2026-09-23T13:42:55.9253167Z   ...
2026-09-23T13:42:55.9254880Z # Subtest: a verified closure and private decision commit despite a rejected proof tail
2026-09-23T13:42:55.9256103Z ok 185 - a verified closure and private decision commit despite a rejected proof tail
2026-09-23T13:42:55.9256781Z   ---
2026-09-23T13:42:55.9257210Z   duration_ms: 68.3487
2026-09-23T13:42:55.9257646Z   type: 'test'
2026-09-23T13:42:55.9258021Z   ...
2026-09-23T13:42:55.9258806Z # Subtest: even swallowing the entire authority scope error cannot commit the outer transaction
2026-09-23T13:42:55.9259877Z ok 186 - even swallowing the entire authority scope error cannot commit the outer transaction
2026-09-23T13:42:55.9260607Z   ---
2026-09-23T13:42:55.9260984Z   duration_ms: 20.9464
2026-09-23T13:42:55.9262073Z   type: 'test'
2026-09-23T13:42:55.9262465Z   ...
2026-09-23T13:42:55.9263264Z # Subtest: minimal authority fence commits at full ordinary quota without growing the private document
2026-09-23T13:42:55.9264468Z ok 187 - minimal authority fence commits at full ordinary quota without growing the private document
2026-09-23T13:42:55.9265198Z   ---
2026-09-23T13:42:55.9265576Z   duration_ms: 95.2004
2026-09-23T13:42:55.9266276Z   type: 'test'
2026-09-23T13:42:55.9266665Z   ...
2026-09-23T13:42:56.1336905Z # Subtest: three processes TCP → serial PTY, partition/heal, relay control and publisher-offline seeder takeover
2026-09-23T13:42:56.1338400Z ok 188 - three processes TCP → serial PTY, partition/heal, relay control and publisher-offline seeder takeover # SKIP
2026-09-23T13:42:56.1338823Z   ---
2026-09-23T13:42:56.1339006Z   duration_ms: 0.7191
2026-09-23T13:42:56.1339191Z   type: 'test'
2026-09-23T13:42:56.1339345Z   ...
2026-09-23T13:43:03.3393117Z # Subtest: a delayed fixture client submits a non-idempotent operation once after the server closes idle HTTP sockets
2026-09-23T13:43:03.3394410Z ok 189 - a delayed fixture client submits a non-idempotent operation once after the server closes idle HTTP sockets
2026-09-23T13:43:03.3395076Z   ---
2026-09-23T13:43:03.3395338Z   duration_ms: 7002.2908
2026-09-23T13:43:03.3395638Z   type: 'test'
2026-09-23T13:43:03.3395873Z   ...
2026-09-23T13:43:04.4794823Z # Subtest: language variants resolve to supported choices and invalid selection preserves the current language
2026-09-23T13:43:04.4796367Z ok 190 - language variants resolve to supported choices and invalid selection preserves the current language
2026-09-23T13:43:04.4797079Z   ---
2026-09-23T13:43:04.4797356Z   duration_ms: 0.9672
2026-09-23T13:43:04.4797646Z   type: 'test'
2026-09-23T13:43:04.4797887Z   ...
2026-09-23T13:43:04.4798522Z # Subtest: context and interpolation preserve raw names without recursively translating parameters
2026-09-23T13:43:04.4799660Z ok 191 - context and interpolation preserve raw names without recursively translating parameters
2026-09-23T13:43:04.4800240Z   ---
2026-09-23T13:43:04.4800489Z   duration_ms: 0.2406
2026-09-23T13:43:04.4800764Z   type: 'test'
2026-09-23T13:43:04.4801006Z   ...
2026-09-23T13:43:04.4802826Z # Subtest: every catalog entry is unique, nonempty and retains all named parameters in both languages
2026-09-23T13:43:04.4803988Z ok 192 - every catalog entry is unique, nonempty and retains all named parameters in both languages
2026-09-23T13:43:04.4804602Z   ---
2026-09-23T13:43:04.4804878Z   duration_ms: 6.4551
2026-09-23T13:43:04.4805491Z   type: 'test'
2026-09-23T13:43:04.4805782Z   ...
2026-09-23T13:43:04.4806275Z # Subtest: literal UI lookups and state-label maps all have catalog entries
2026-09-23T13:43:04.4807004Z ok 193 - literal UI lookups and state-label maps all have catalog entries
2026-09-23T13:43:04.4807458Z   ---
2026-09-23T13:43:04.4807708Z   duration_ms: 260.0838
2026-09-23T13:43:04.4807989Z   type: 'test'
2026-09-23T13:43:04.4808216Z   ...
2026-09-23T13:43:06.4351506Z # Subtest: real processes: private conversation, receipt, unauthorized edit, social and restart recovery
2026-09-23T13:43:06.4352196Z ok 194 - real processes: private conversation, receipt, unauthorized edit, social and restart recovery
2026-09-23T13:43:06.4352567Z   ---
2026-09-23T13:43:06.4352749Z   duration_ms: 1750.9425
2026-09-23T13:43:06.4352979Z   type: 'test'
2026-09-23T13:43:06.4353136Z   ...
2026-09-23T13:43:07.3193483Z # Subtest: offline control rejects a live origin and proves socket refusal after normal and signal termination
2026-09-23T13:43:07.3195117Z ok 195 - offline control rejects a live origin and proves socket refusal after normal and signal termination
2026-09-23T13:43:07.3196538Z   ---
2026-09-23T13:43:07.3196755Z   duration_ms: 693.3143
2026-09-23T13:43:07.3196951Z   type: 'test'
2026-09-23T13:43:07.3197114Z   ...
2026-09-23T13:43:15.9778680Z # (node:1572) ExperimentalWarning: SQLite is an experimental feature and might change at any time
2026-09-23T13:43:15.9779570Z # (Use `node --trace-warnings ...` to show where the warning was created)
2026-09-23T13:43:15.9785231Z # (node:1572) ExperimentalWarning: The MockTimers API is an experimental feature and might change at any time
2026-09-23T13:43:15.9821152Z # Subtest: offline send is encrypted, pinned, idempotent and recovers the same operation after restart
2026-09-23T13:43:15.9822674Z ok 196 - offline send is encrypted, pinned, idempotent and recovers the same operation after restart
2026-09-23T13:43:15.9823413Z   ---
2026-09-23T13:43:15.9823961Z   duration_ms: 274.8573
2026-09-23T13:43:15.9824360Z   type: 'test'
2026-09-23T13:43:15.9824700Z   ...
2026-09-23T13:43:15.9825445Z # Subtest: preparing journal reconciles surviving exact bytes and never regenerates missing content
2026-09-23T13:43:15.9826535Z ok 197 - preparing journal reconciles surviving exact bytes and never regenerates missing content
2026-09-23T13:43:15.9827210Z   ---
2026-09-23T13:43:15.9827551Z   duration_ms: 143.346
2026-09-23T13:43:15.9827930Z   type: 'test'
2026-09-23T13:43:15.9828256Z   ...
2026-09-23T13:43:15.9828979Z # Subtest: transport rejection after local acceptance stays pending and cannot crash periodic sync
2026-09-23T13:43:15.9829922Z ok 198 - transport rejection after local acceptance stays pending and cannot crash periodic sync
2026-09-23T13:43:15.9830498Z   ---
2026-09-23T13:43:15.9830800Z   duration_ms: 161.4388
2026-09-23T13:43:15.9831206Z   type: 'test'
2026-09-23T13:43:15.9831744Z   ...
2026-09-23T13:43:15.9832449Z # Subtest: per-reader signed delivery/read confirmations survive paging, replay, eviction and restart
2026-09-23T13:43:15.9833623Z ok 199 - per-reader signed delivery/read confirmations survive paging, replay, eviction and restart
2026-09-23T13:43:15.9834211Z   ---
2026-09-23T13:43:15.9834450Z   duration_ms: 897.5424
2026-09-23T13:43:15.9834730Z   type: 'test'
2026-09-23T13:43:15.9834964Z   ...
2026-09-23T13:43:15.9835573Z # Subtest: public, foreign-author and wrong-reader confirmations cannot advance a durable send
2026-09-23T13:43:15.9836559Z ok 200 - public, foreign-author and wrong-reader confirmations cannot advance a durable send
2026-09-23T13:43:15.9837231Z   ---
2026-09-23T13:43:15.9837573Z   duration_ms: 155.7426
2026-09-23T13:43:15.9837943Z   type: 'test'
2026-09-23T13:43:15.9838271Z   ...
2026-09-23T13:43:15.9838962Z # Subtest: expiry remains visible after payload removal and explicit user pin is preserved
2026-09-23T13:43:15.9839971Z ok 201 - expiry remains visible after payload removal and explicit user pin is preserved
2026-09-23T13:43:15.9840608Z   ---
2026-09-23T13:43:15.9840953Z   duration_ms: 278.0999
2026-09-23T13:43:15.9841341Z   type: 'test'
2026-09-23T13:43:15.9841565Z   ...
2026-09-23T13:43:15.9842221Z # Subtest: corrupted reserved bytes become unavailable without a new signed publication
2026-09-23T13:43:15.9843192Z ok 202 - corrupted reserved bytes become unavailable without a new signed publication
2026-09-23T13:43:15.9843817Z   ---
2026-09-23T13:43:15.9844167Z   duration_ms: 137.3471
2026-09-23T13:43:15.9844542Z   type: 'test'
2026-09-23T13:43:15.9844872Z   ...
2026-09-23T13:43:15.9845643Z # Subtest: blocked incomplete sends retain bounded reservation; blocked group readers do not break viewing
2026-09-23T13:43:15.9858998Z ok 203 - blocked incomplete sends retain bounded reservation; blocked group readers do not break viewing
2026-09-23T13:43:15.9859929Z   ---
2026-09-23T13:43:15.9860335Z   duration_ms: 304.6857
2026-09-23T13:43:15.9860738Z   type: 'test'
2026-09-23T13:43:15.9861097Z   ...
2026-09-23T13:43:15.9861747Z # Subtest: pending count/byte reservations and restored metadata ownership are bounded
2026-09-23T13:43:15.9862757Z ok 204 - pending count/byte reservations and restored metadata ownership are bounded
2026-09-23T13:43:15.9863365Z   ---
2026-09-23T13:43:15.9863702Z   duration_ms: 182.9703
2026-09-23T13:43:15.9864086Z   type: 'test'
2026-09-23T13:43:15.9864410Z   ...
2026-09-23T13:43:15.9865190Z # Subtest: a content-file directory flush error preserves the recorded operation instead of signing a replacement
2026-09-23T13:43:15.9870997Z ok 205 - a content-file directory flush error preserves the recorded operation instead of signing a replacement # SKIP Directory fsync is not portable on Node Windows; process recovery is tested separately.
2026-09-23T13:43:15.9872126Z   ---
2026-09-23T13:43:15.9872865Z   duration_ms: 0.26
2026-09-23T13:43:15.9879173Z   type: 'test'
2026-09-23T13:43:15.9881980Z   ...
2026-09-23T13:43:15.9882694Z # Subtest: incoming read confirmation is journalled before its admission evicts the original
2026-09-23T13:43:15.9884002Z ok 206 - incoming read confirmation is journalled before its admission evicts the original
2026-09-23T13:43:15.9884680Z   ---
2026-09-23T13:43:15.9885049Z   duration_ms: 158.6743
2026-09-23T13:43:15.9885463Z   type: 'test'
2026-09-23T13:43:15.9885808Z   ...
2026-09-23T13:43:15.9886663Z # Subtest: read confirmation uses the signed roster when contact learning fails and can be reissued after eviction
2026-09-23T13:43:15.9887913Z ok 207 - read confirmation uses the signed roster when contact learning fails and can be reissued after eviction
2026-09-23T13:43:15.9888681Z   ---
2026-09-23T13:43:15.9889047Z   duration_ms: 158.589
2026-09-23T13:43:15.9889808Z   type: 'test'
2026-09-23T13:43:15.9890071Z   ...
2026-09-23T13:43:15.9890703Z # Subtest: saved peer connection remains idempotent at capacity without opening another connection
2026-09-23T13:43:15.9891641Z ok 208 - saved peer connection remains idempotent at capacity without opening another connection
2026-09-23T13:43:15.9892266Z   ---
2026-09-23T13:43:15.9892508Z   duration_ms: 132.8565
2026-09-23T13:43:15.9892788Z   type: 'test'
2026-09-23T13:43:15.9893012Z   ...
2026-09-23T13:43:15.9893653Z # Subtest: snapshot crossing expiry during journal persistence keeps state and reservation consistent
2026-09-23T13:43:15.9894624Z ok 209 - snapshot crossing expiry during journal persistence keeps state and reservation consistent
2026-09-23T13:43:15.9895187Z   ---
2026-09-23T13:43:15.9895434Z   duration_ms: 1658.3381
2026-09-23T13:43:15.9895706Z   type: 'test'
2026-09-23T13:43:15.9895924Z   ...
2026-09-23T13:43:15.9896534Z # Subtest: snapshot crossing expiry during journal persistence keeps send and reservation consistent
2026-09-23T13:43:15.9897496Z ok 210 - snapshot crossing expiry during journal persistence keeps send and reservation consistent
2026-09-23T13:43:15.9898040Z   ---
2026-09-23T13:43:15.9898283Z   duration_ms: 1653.4111
2026-09-23T13:43:15.9898553Z   type: 'test'
2026-09-23T13:43:15.9898762Z   ...
2026-09-23T13:43:15.9899360Z # Subtest: snapshot crossing expiry during journal persistence keeps retry and reservation consistent
2026-09-23T13:43:15.9900311Z ok 211 - snapshot crossing expiry during journal persistence keeps retry and reservation consistent
2026-09-23T13:43:15.9900855Z   ---
2026-09-23T13:43:15.9901093Z   duration_ms: 1660.9374
2026-09-23T13:43:15.9901350Z   type: 'test'
2026-09-23T13:43:15.9901542Z   ...
2026-09-23T13:43:15.9902013Z # Subtest: an uncertain SQL completion at write 1 recovers the same outbox operation
2026-09-23T13:43:15.9902799Z ok 212 - an uncertain SQL completion at write 1 recovers the same outbox operation
2026-09-23T13:43:15.9903273Z   ---
2026-09-23T13:43:15.9903494Z   duration_ms: 130.9181
2026-09-23T13:43:15.9903757Z   type: 'test'
2026-09-23T13:43:15.9903966Z   ...
2026-09-23T13:43:15.9904444Z # Subtest: an uncertain SQL completion at write 2 recovers the same outbox operation
2026-09-23T13:43:15.9905207Z ok 213 - an uncertain SQL completion at write 2 recovers the same outbox operation
2026-09-23T13:43:15.9905661Z   ---
2026-09-23T13:43:15.9905895Z   duration_ms: 137.6063
2026-09-23T13:43:15.9906174Z   type: 'test'
2026-09-23T13:43:15.9906399Z   ...
2026-09-23T13:43:15.9907158Z # Subtest: outbox preview preserves full astral characters within its UTF-16 budget
2026-09-23T13:43:15.9907965Z ok 214 - outbox preview preserves full astral characters within its UTF-16 budget
2026-09-23T13:43:15.9908440Z   ---
2026-09-23T13:43:15.9908671Z   duration_ms: 0.2336
2026-09-23T13:43:15.9908933Z   type: 'test'
2026-09-23T13:43:15.9923264Z   ...
2026-09-23T13:43:16.2582903Z # (node:6268) ExperimentalWarning: SQLite is an experimental feature and might change at any time
2026-09-23T13:43:16.2584103Z # (Use `node --trace-warnings ...` to show where the warning was created)
2026-09-23T13:43:16.2595509Z # Subtest: legacy semantic failures are rejected before creating a signed migration intent
2026-09-23T13:43:16.2598575Z ok 215 - legacy semantic failures are rejected before creating a signed migration intent
2026-09-23T13:43:16.2598949Z   ---
2026-09-23T13:43:16.2599127Z   duration_ms: 13.7321
2026-09-23T13:43:16.2599319Z   type: 'test'
2026-09-23T13:43:16.2599475Z   ...
2026-09-23T13:43:16.4844376Z # (node:5384) ExperimentalWarning: SQLite is an experimental feature and might change at any time
2026-09-23T13:43:16.4845723Z # (Use `node --trace-warnings ...` to show where the warning was created)
2026-09-23T13:43:16.4861449Z # Subtest: signed initialization binds owner, random store ID and legacy ciphertext across phases
2026-09-23T13:43:16.4863950Z ok 216 - signed initialization binds owner, random store ID and legacy ciphertext across phases
2026-09-23T13:43:16.4864623Z   ---
2026-09-23T13:43:16.4864950Z   duration_ms: 11.3805
2026-09-23T13:43:16.4865272Z   type: 'test'
2026-09-23T13:43:16.4865509Z   ...
2026-09-23T13:43:16.4868106Z # Subtest: a signed intent can pin the exact new store before creation without allowing resets
2026-09-23T13:43:16.4870471Z ok 217 - a signed intent can pin the exact new store before creation without allowing resets
2026-09-23T13:43:16.4871418Z   ---
2026-09-23T13:43:16.4871706Z   duration_ms: 10.6213
2026-09-23T13:43:16.4871997Z   type: 'test'
2026-09-23T13:43:16.4872238Z   ...
2026-09-23T13:43:16.8610767Z # (node:6660) ExperimentalWarning: SQLite is an experimental feature and might change at any time
2026-09-23T13:43:16.8611863Z # (Use `node --trace-warnings ...` to show where the warning was created)
2026-09-23T13:43:16.8642235Z # Subtest: staged import binds the actual legacy ciphertext and committed reopen never falls back
2026-09-23T13:43:16.8644164Z ok 218 - staged import binds the actual legacy ciphertext and committed reopen never falls back
2026-09-23T13:43:16.8647062Z   ---
2026-09-23T13:43:16.8647298Z   duration_ms: 32.8815
2026-09-23T13:43:16.8648170Z   type: 'test'
2026-09-23T13:43:16.8648778Z   ...
2026-09-23T13:43:16.8656740Z # Subtest: existing unbound, missing initialized and wrong-store databases fail without reset
2026-09-23T13:43:16.8657886Z ok 219 - existing unbound, missing initialized and wrong-store databases fail without reset
2026-09-23T13:43:16.8658555Z   ---
2026-09-23T13:43:16.8658900Z   duration_ms: 33.2719
2026-09-23T13:43:16.8659270Z   type: 'test'
2026-09-23T13:43:16.8659592Z   ...
2026-09-23T13:43:16.8660164Z # Subtest: changed legacy source cannot complete a signed preparation
2026-09-23T13:43:16.8660956Z ok 220 - changed legacy source cannot complete a signed preparation
2026-09-23T13:43:16.8661487Z   ---
2026-09-23T13:43:16.8661800Z   duration_ms: 6.8652
2026-09-23T13:43:16.8662143Z   type: 'test'
2026-09-23T13:43:16.8662486Z   ...
2026-09-23T13:43:16.8664483Z # Subtest: transaction wrapper cannot erase initialization or the current private document
2026-09-23T13:43:16.8669392Z ok 221 - transaction wrapper cannot erase initialization or the current private document
2026-09-23T13:43:16.8670031Z   ---
2026-09-23T13:43:16.8670296Z   duration_ms: 15.9621
2026-09-23T13:43:16.8670588Z   type: 'test'
2026-09-23T13:43:16.8670820Z   ...
2026-09-23T13:43:17.0842074Z # Subtest: real process death after prepared initialization boundary preserves resumable private bytes
2026-09-23T13:43:17.0843087Z ok 222 - real process death after prepared initialization boundary preserves resumable private bytes
2026-09-23T13:43:17.0843616Z   ---
2026-09-23T13:43:17.0843843Z   duration_ms: 224.8021
2026-09-23T13:43:17.0844098Z   type: 'test'
2026-09-23T13:43:17.0844289Z   ...
2026-09-23T13:43:17.3140694Z # Subtest: real process death after imported initialization boundary preserves resumable private bytes
2026-09-23T13:43:17.3141401Z ok 223 - real process death after imported initialization boundary preserves resumable private bytes
2026-09-23T13:43:17.3142018Z   ---
2026-09-23T13:43:17.3142195Z   duration_ms: 230.097
2026-09-23T13:43:17.3142391Z   type: 'test'
2026-09-23T13:43:17.3142546Z   ...
2026-09-23T13:43:17.5670507Z # Subtest: real process death after committed initialization boundary preserves resumable private bytes
2026-09-23T13:43:17.5672241Z ok 224 - real process death after committed initialization boundary preserves resumable private bytes
2026-09-23T13:43:17.5672865Z   ---
2026-09-23T13:43:17.5673131Z   duration_ms: 233.9297
2026-09-23T13:43:17.5673427Z   type: 'test'
2026-09-23T13:43:17.5673662Z   ...
2026-09-23T13:43:17.5674271Z # Subtest: replay of the complete earlier initialization state is an explicit rollback limitation
2026-09-23T13:43:17.5675157Z ok 225 - replay of the complete earlier initialization state is an explicit rollback limitation
2026-09-23T13:43:17.5675692Z   ---
2026-09-23T13:43:17.5675949Z   duration_ms: 23.0867
2026-09-23T13:43:17.5676214Z   type: 'test'
2026-09-23T13:43:17.5676439Z   ...
2026-09-23T13:43:17.7857564Z # (node:2632) ExperimentalWarning: SQLite is an experimental feature and might change at any time
2026-09-23T13:43:17.7858156Z # (Use `node --trace-warnings ...` to show where the warning was created)
2026-09-23T13:43:17.7872138Z # Subtest: one running owner per profile, another profile remains independent, close permits restart
2026-09-23T13:43:17.7874326Z ok 226 - one running owner per profile, another profile remains independent, close permits restart
2026-09-23T13:43:17.7874934Z   ---
2026-09-23T13:43:17.7875141Z   duration_ms: 24.9525
2026-09-23T13:43:17.7875346Z   type: 'test'
2026-09-23T13:43:17.7875505Z   ...
2026-09-23T13:43:17.7877897Z # Subtest: empty initialization can recover but foreign or malformed metadata is refused
2026-09-23T13:43:17.7879639Z ok 227 - empty initialization can recover but foreign or malformed metadata is refused
2026-09-23T13:43:17.7879997Z   ---
2026-09-23T13:43:17.7880443Z   duration_ms: 5.6072
2026-09-23T13:43:17.7880658Z   type: 'test'
2026-09-23T13:43:17.7880829Z   ...
2026-09-23T13:43:18.3249945Z # (node:3724) ExperimentalWarning: SQLite is an experimental feature and might change at any time
2026-09-23T13:43:18.3250901Z # (Use `node --trace-warnings ...` to show where the warning was created)
2026-09-23T13:43:18.5223757Z # Subtest: runtime owns the profile through transport shutdown and rejects stale writes after recovery
2026-09-23T13:43:18.5225133Z ok 228 - runtime owns the profile through transport shutdown and rejects stale writes after recovery
2026-09-23T13:43:18.5225816Z   ---
2026-09-23T13:43:18.5226254Z   duration_ms: 328.2632
2026-09-23T13:43:18.5226639Z   type: 'test'
2026-09-23T13:43:18.5226886Z   ...
2026-09-23T13:43:18.5231392Z # Subtest: constructor failure releases ownership without resetting the existing profile
2026-09-23T13:43:18.5232537Z ok 229 - constructor failure releases ownership without resetting the existing profile
2026-09-23T13:43:18.5233071Z   ---
2026-09-23T13:43:18.5233333Z   duration_ms: 4.5984
2026-09-23T13:43:18.5233646Z   type: 'test'
2026-09-23T13:43:18.5233869Z   ...
2026-09-23T13:43:19.2317010Z # (node:8580) ExperimentalWarning: SQLite is an experimental feature and might change at any time
2026-09-23T13:43:19.2318529Z # (Use `node --trace-warnings ...` to show where the warning was created)
2026-09-23T13:43:19.2334428Z # Subtest: chunked private state is encrypted, persists exactly and shrinks atomically
2026-09-23T13:43:19.2335357Z ok 230 - chunked private state is encrypted, persists exactly and shrinks atomically
2026-09-23T13:43:19.2335873Z   ---
2026-09-23T13:43:19.2336104Z   duration_ms: 82.2051
2026-09-23T13:43:19.2336298Z   type: 'test'
2026-09-23T13:43:19.2336463Z   ...
2026-09-23T13:43:19.2339598Z # Subtest: private state and an authority fence commit together or both roll back, with digest CAS
2026-09-23T13:43:19.2340697Z ok 231 - private state and an authority fence commit together or both roll back, with digest CAS
2026-09-23T13:43:19.2341205Z   ---
2026-09-23T13:43:19.2341675Z   duration_ms: 15.6203
2026-09-23T13:43:19.2341864Z   type: 'test'
2026-09-23T13:43:19.2342026Z   ...
2026-09-23T13:43:19.2345795Z # Subtest: missing, orphan and hash-mismatched chunks fail closed rather than yielding partial state
2026-09-23T13:43:19.2347111Z ok 232 - missing, orphan and hash-mismatched chunks fail closed rather than yielding partial state
2026-09-23T13:43:19.2347688Z   ---
2026-09-23T13:43:19.2347936Z   duration_ms: 23.1114
2026-09-23T13:43:19.2348213Z   type: 'test'
2026-09-23T13:43:19.2348426Z   ...
2026-09-23T13:43:19.2349014Z # Subtest: the full declared private-state byte bound fits while oversize input makes no writes
2026-09-23T13:43:19.2349921Z ok 233 - the full declared private-state byte bound fits while oversize input makes no writes
2026-09-23T13:43:19.2350473Z   ---
2026-09-23T13:43:19.2350715Z   duration_ms: 391.6215
2026-09-23T13:43:19.2350979Z   type: 'test'
2026-09-23T13:43:19.2351205Z   ...
2026-09-23T13:43:19.8628898Z # Subtest: UI runtime selection rejects an ambiguous alias and launches the actual requested engine
2026-09-23T13:43:19.8630006Z ok 234 - UI runtime selection rejects an ambiguous alias and launches the actual requested engine
2026-09-23T13:43:19.8630615Z   ---
2026-09-23T13:43:19.8630877Z   duration_ms: 418.1373
2026-09-23T13:43:19.8631176Z   type: 'test'
2026-09-23T13:43:19.8631415Z   ...
2026-09-23T13:43:20.0460648Z # Subtest: scenario timeout trace preserves the active operation without recording request secrets
2026-09-23T13:43:20.0463111Z ok 235 - scenario timeout trace preserves the active operation without recording request secrets
2026-09-23T13:43:20.0463526Z   ---
2026-09-23T13:43:20.0463711Z   duration_ms: 4.0625
2026-09-23T13:43:20.0463904Z   type: 'test'
2026-09-23T13:43:20.0464058Z   ...
2026-09-23T13:43:20.6591612Z # (node:6992) ExperimentalWarning: SQLite is an experimental feature and might change at any time
2026-09-23T13:43:20.6592541Z # (Use `node --trace-warnings ...` to show where the warning was created)
2026-09-23T13:43:20.6683392Z # Subtest: inbound semantic ACL: forged public receipt/message and private wrong-reader mutation are hidden
2026-09-23T13:43:20.6686275Z ok 236 - inbound semantic ACL: forged public receipt/message and private wrong-reader mutation are hidden
2026-09-23T13:43:20.6686926Z   ---
2026-09-23T13:43:20.6687133Z   duration_ms: 188.3932
2026-09-23T13:43:20.6687336Z   type: 'test'
2026-09-23T13:43:20.6687494Z   ...
2026-09-23T13:43:21.1858430Z # Subtest: malformed unauthenticated HTTP paths return 400; service survives and auth boundary holds
2026-09-23T13:43:21.1859546Z ok 237 - malformed unauthenticated HTTP paths return 400; service survives and auth boundary holds
2026-09-23T13:43:21.1860145Z   ---
2026-09-23T13:43:21.1860399Z   duration_ms: 44.9984
2026-09-23T13:43:21.1860685Z   type: 'test'
2026-09-23T13:43:21.1860925Z   ...
2026-09-23T13:43:21.1861540Z # Subtest: private site draft and local deletion survive cache removal/restart without plaintext on disk
2026-09-23T13:43:21.1862567Z ok 238 - private site draft and local deletion survive cache removal/restart without plaintext on disk
2026-09-23T13:43:21.1863433Z   ---
2026-09-23T13:43:21.1863697Z   duration_ms: 363.758
2026-09-23T13:43:21.1863970Z   type: 'test'
2026-09-23T13:43:21.1864199Z   ...
2026-09-23T13:43:22.1826705Z # Subtest: relay consent: no application-level cached serving while paused, positive control after enabling
2026-09-23T13:43:22.1827873Z ok 239 - relay consent: no application-level cached serving while paused, positive control after enabling
2026-09-23T13:43:22.1828652Z   ---
2026-09-23T13:43:22.1828832Z   duration_ms: 988.7076
2026-09-23T13:43:22.1829024Z   type: 'test'
2026-09-23T13:43:22.1829187Z   ...
2026-09-23T13:43:22.1829543Z # Subtest: deletion journal survives when publication itself evicts its unpinned original
2026-09-23T13:43:22.1830098Z ok 240 - deletion journal survives when publication itself evicts its unpinned original
2026-09-23T13:43:22.1830540Z   ---
2026-09-23T13:43:22.1830978Z   duration_ms: 133.5887
2026-09-23T13:43:22.1831166Z   type: 'test'
2026-09-23T13:43:22.1831329Z   ...
2026-09-23T13:43:22.4639026Z # Subtest: identity proof rejects small-order signing keys even when the underlying verifier accepts the equation
2026-09-23T13:43:22.4642053Z ok 241 - identity proof rejects small-order signing keys even when the underlying verifier accepts the equation
2026-09-23T13:43:22.4642728Z   ---
2026-09-23T13:43:22.4642996Z   duration_ms: 24.7852
2026-09-23T13:43:22.4643292Z   type: 'test'
2026-09-23T13:43:22.4643519Z   ...
2026-09-23T13:43:22.4644276Z # Subtest: the signing-key profile rejects all reference torsion points and noncanonical aliases without changing its input
2026-09-23T13:43:22.4645507Z ok 242 - the signing-key profile rejects all reference torsion points and noncanonical aliases without changing its input
2026-09-23T13:43:22.4646173Z   ---
2026-09-23T13:43:22.4646422Z   duration_ms: 16.793
2026-09-23T13:43:22.4646707Z   type: 'test'
2026-09-23T13:43:22.4646948Z   ...
2026-09-23T13:43:22.9183944Z # Subtest: seeded virtual time is reproducible with independently generated secure fixtures
2026-09-23T13:43:22.9184976Z ok 243 - seeded virtual time is reproducible with independently generated secure fixtures
2026-09-23T13:43:22.9185534Z   ---
2026-09-23T13:43:22.9185797Z   duration_ms: 48.5149
2026-09-23T13:43:22.9186079Z   type: 'test'
2026-09-23T13:43:22.9186321Z   ...
2026-09-23T13:43:22.9187936Z # Subtest: loss, MTU fragmentation, partition/heal, low-power transition and SOS-before-bulk
2026-09-23T13:43:22.9189153Z ok 244 - loss, MTU fragmentation, partition/heal, low-power transition and SOS-before-bulk
2026-09-23T13:43:22.9189691Z   ---
2026-09-23T13:43:22.9189947Z   duration_ms: 11.4003
2026-09-23T13:43:22.9190212Z   type: 'test'
2026-09-23T13:43:22.9190438Z   ...
2026-09-23T13:43:22.9190859Z # Subtest: directed bandwidth, latency and MTU produce measurable asymmetric arrival times
2026-09-23T13:43:22.9191421Z ok 245 - directed bandwidth, latency and MTU produce measurable asymmetric arrival times
2026-09-23T13:43:22.9191753Z   ---
2026-09-23T13:43:22.9192058Z   duration_ms: 6.4108
2026-09-23T13:43:22.9192243Z   type: 'test'
2026-09-23T13:43:22.9192402Z   ...
2026-09-23T13:43:22.9192692Z # Subtest: congested bounded queues preserve SOS while bulk is deferred
2026-09-23T13:43:22.9193103Z ok 246 - congested bounded queues preserve SOS while bulk is deferred
2026-09-23T13:43:22.9193371Z   ---
2026-09-23T13:43:22.9193525Z   duration_ms: 9.8422
2026-09-23T13:43:22.9193710Z   type: 'test'
2026-09-23T13:43:22.9193862Z   ...
2026-09-23T13:43:22.9194167Z # Subtest: bounded cache distinguishes pinned exhaustion from unpinned eviction
2026-09-23T13:43:22.9194961Z ok 247 - bounded cache distinguishes pinned exhaustion from unpinned eviction
2026-09-23T13:43:22.9195422Z   ---
2026-09-23T13:43:22.9195787Z   duration_ms: 10.8878
2026-09-23T13:43:22.9196154Z   type: 'test'
2026-09-23T13:43:22.9196377Z   ...
2026-09-23T13:43:22.9196924Z # Subtest: TTL rejects in-flight expiration and retained replay respects the hop limit
2026-09-23T13:43:22.9197964Z ok 248 - TTL rejects in-flight expiration and retained replay respects the hop limit
2026-09-23T13:43:22.9198543Z   ---
2026-09-23T13:43:22.9199036Z   duration_ms: 4.8994
2026-09-23T13:43:22.9199315Z   type: 'test'
2026-09-23T13:43:22.9199547Z   ...
2026-09-23T13:43:22.9200113Z # Subtest: every-fourth-fragment fairness lets bulk advance during SOS pressure
2026-09-23T13:43:22.9201064Z ok 249 - every-fourth-fragment fairness lets bulk advance during SOS pressure
2026-09-23T13:43:22.9206879Z   ---
2026-09-23T13:43:22.9207283Z   duration_ms: 14.839
2026-09-23T13:43:22.9208946Z   type: 'test'
2026-09-23T13:43:22.9209319Z   ...
2026-09-23T13:43:22.9210146Z # Subtest: real signature/chunk checks pass honest control and detect deliberately broken controls
2026-09-23T13:43:22.9211253Z ok 250 - real signature/chunk checks pass honest control and detect deliberately broken controls
2026-09-23T13:43:22.9212288Z   ---
2026-09-23T13:43:22.9212680Z   duration_ms: 21.1802
2026-09-23T13:43:22.9213083Z   type: 'test'
2026-09-23T13:43:22.9213431Z   ...
2026-09-23T13:43:22.9214289Z # Subtest: simulation rejects invalid transport bounds and complete report gates pass
2026-09-23T13:43:22.9215338Z ok 251 - simulation rejects invalid transport bounds and complete report gates pass
2026-09-23T13:43:22.9215886Z   ---
2026-09-23T13:43:22.9216122Z   duration_ms: 51.4365
2026-09-23T13:43:22.9216381Z   type: 'test'
2026-09-23T13:43:22.9216586Z   ...
2026-09-23T13:43:23.3980839Z # (node:9976) ExperimentalWarning: SQLite is an experimental feature and might change at any time
2026-09-23T13:43:23.3981401Z # (Use `node --trace-warnings ...` to show where the warning was created)
2026-09-23T13:43:24.0330585Z # Subtest: failed application profile commit cannot publish and a failed public copy remains recoverable
2026-09-23T13:43:24.0332030Z ok 252 - failed application profile commit cannot publish and a failed public copy remains recoverable
2026-09-23T13:43:24.0332418Z   ---
2026-09-23T13:43:24.0332585Z   duration_ms: 638.7608
2026-09-23T13:43:24.0332761Z   type: 'test'
2026-09-23T13:43:24.0332928Z   ...
2026-09-23T13:43:27.9696487Z # Subtest: the real application recovers its exact publication after process exit between authorization and public storage
2026-09-23T13:43:27.9706849Z ok 253 - the real application recovers its exact publication after process exit between authorization and public storage
2026-09-23T13:43:27.9707962Z   ---
2026-09-23T13:43:27.9708238Z   duration_ms: 3937.6272
2026-09-23T13:43:27.9708533Z   type: 'test'
2026-09-23T13:43:27.9708768Z   ...
2026-09-23T13:43:28.4685313Z # Subtest: a known newer head without bytes never falls back to an older site, including after profile unlock
2026-09-23T13:43:28.4693482Z ok 254 - a known newer head without bytes never falls back to an older site, including after profile unlock
2026-09-23T13:43:28.4693908Z   ---
2026-09-23T13:43:28.4694138Z   duration_ms: 498.9824
2026-09-23T13:43:28.4694330Z   type: 'test'
2026-09-23T13:43:28.4694480Z   ...
2026-09-23T13:43:28.8176994Z # Subtest: blocking a private-site reader pauses a committed copy and clears the publication error after resumption
2026-09-23T13:43:28.8178219Z ok 255 - blocking a private-site reader pauses a committed copy and clears the publication error after resumption
2026-09-23T13:43:28.8178859Z   ---
2026-09-23T13:43:28.8179129Z   duration_ms: 352.9651
2026-09-23T13:43:28.8179406Z   type: 'test'
2026-09-23T13:43:28.8179634Z   ...
2026-09-23T13:43:31.0617203Z # Subtest: real application APIs preserve revision identity, resolve updates and serve a new reader after the author exits
2026-09-23T13:43:31.0618487Z ok 256 - real application APIs preserve revision identity, resolve updates and serve a new reader after the author exits
2026-09-23T13:43:31.0618995Z   ---
2026-09-23T13:43:31.0619173Z   duration_ms: 1945.742
2026-09-23T13:43:31.0619365Z   type: 'test'
2026-09-23T13:43:31.0619546Z   ...
2026-09-23T13:43:32.9494095Z # Subtest: private site APIs preserve reading scope and generic publication cannot bypass version authority
2026-09-23T13:43:32.9494841Z ok 257 - private site APIs preserve reading scope and generic publication cannot bypass version authority
2026-09-23T13:43:32.9495204Z   ---
2026-09-23T13:43:32.9495375Z   duration_ms: 1887.4508
2026-09-23T13:43:32.9495566Z   type: 'test'
2026-09-23T13:43:32.9495719Z   ...
2026-09-23T13:43:33.7324660Z # Subtest: a valid outer signature cannot smuggle another owner snapshot into application storage through TCP
2026-09-23T13:43:33.7325717Z ok 258 - a valid outer signature cannot smuggle another owner snapshot into application storage through TCP
2026-09-23T13:43:33.7326094Z   ---
2026-09-23T13:43:33.7326267Z   duration_ms: 783.3291
2026-09-23T13:43:33.7326446Z   type: 'test'
2026-09-23T13:43:33.7326593Z   ...
2026-09-23T13:43:35.4185585Z # Subtest: two installations with the same owner preserve a fork until the owner explicitly confirms all known heads
2026-09-23T13:43:35.4186812Z ok 259 - two installations with the same owner preserve a fork until the owner explicitly confirms all known heads
2026-09-23T13:43:35.4187697Z   ---
2026-09-23T13:43:35.4187959Z   duration_ms: 1689.1959
2026-09-23T13:43:35.4188261Z   type: 'test'
2026-09-23T13:43:35.4188496Z   ...
2026-09-23T13:43:37.1251357Z # (node:5012) ExperimentalWarning: SQLite is an experimental feature and might change at any time
2026-09-23T13:43:37.1251932Z # (Use `node --trace-warnings ...` to show where the warning was created)
2026-09-23T13:43:37.1269818Z # Subtest: actual process interruption at site prepare-before preserves the publication boundary
2026-09-23T13:43:37.1272129Z ok 260 - actual process interruption at site prepare-before preserves the publication boundary
2026-09-23T13:43:37.1272743Z   ---
2026-09-23T13:43:37.1273008Z   duration_ms: 308.3396
2026-09-23T13:43:37.1273294Z   type: 'test'
2026-09-23T13:43:37.1273537Z   ...
2026-09-23T13:43:37.1276080Z # Subtest: actual process interruption at site prepare-after preserves the publication boundary
2026-09-23T13:43:37.1277258Z ok 261 - actual process interruption at site prepare-after preserves the publication boundary
2026-09-23T13:43:37.1277853Z   ---
2026-09-23T13:43:37.1278102Z   duration_ms: 286.5091
2026-09-23T13:43:37.1278388Z   type: 'test'
2026-09-23T13:43:37.1278613Z   ...
2026-09-23T13:43:37.1280526Z # Subtest: actual process interruption at site commit-before preserves the publication boundary
2026-09-23T13:43:37.1282062Z ok 262 - actual process interruption at site commit-before preserves the publication boundary
2026-09-23T13:43:37.1282844Z   ---
2026-09-23T13:43:37.1283234Z   duration_ms: 300.6219
2026-09-23T13:43:37.1283648Z   type: 'test'
2026-09-23T13:43:37.1284001Z   ...
2026-09-23T13:43:37.1284761Z # Subtest: actual process interruption at site commit-after preserves the publication boundary
2026-09-23T13:43:37.1285873Z ok 263 - actual process interruption at site commit-after preserves the publication boundary
2026-09-23T13:43:37.1286558Z   ---
2026-09-23T13:43:37.1286898Z   duration_ms: 291.9746
2026-09-23T13:43:37.1287297Z   type: 'test'
2026-09-23T13:43:37.1287523Z   ...
2026-09-23T13:43:37.1288062Z # Subtest: actual process interruption at site copy preserves the publication boundary
2026-09-23T13:43:37.1288900Z ok 264 - actual process interruption at site copy preserves the publication boundary
2026-09-23T13:43:37.1289731Z   ---
2026-09-23T13:43:37.1289962Z   duration_ms: 304.514
2026-09-23T13:43:37.1290233Z   type: 'test'
2026-09-23T13:43:37.1290460Z   ...
2026-09-23T13:43:37.4409862Z # (node:1388) ExperimentalWarning: SQLite is an experimental feature and might change at any time
2026-09-23T13:43:37.4410780Z # (Use `node --trace-warnings ...` to show where the warning was created)
2026-09-23T13:43:37.4425505Z # Subtest: site transactions share the real bound application profile without changing its existing private state
2026-09-23T13:43:37.4428969Z ok 265 - site transactions share the real bound application profile without changing its existing private state
2026-09-23T13:43:37.4429616Z   ---
2026-09-23T13:43:37.4429892Z   duration_ms: 74.822
2026-09-23T13:43:37.4430145Z   type: 'test'
2026-09-23T13:43:37.4430370Z   ...
2026-09-23T13:43:38.1752437Z # (node:212) ExperimentalWarning: SQLite is an experimental feature and might change at any time
2026-09-23T13:43:38.1753016Z # (Use `node --trace-warnings ...` to show where the warning was created)
2026-09-23T13:43:38.1771857Z # Subtest: catalog atomically persists preparation, authorization and exact public-copy recovery across database restart
2026-09-23T13:43:38.1773562Z ok 266 - catalog atomically persists preparation, authorization and exact public-copy recovery across database restart
2026-09-23T13:43:38.1774609Z   ---
2026-09-23T13:43:38.1774909Z   duration_ms: 144.0309
2026-09-23T13:43:38.1775212Z   type: 'test'
2026-09-23T13:43:38.1775442Z   ...
2026-09-23T13:43:38.1777509Z # Subtest: another signed head appearing before authorization supersedes a private preparation without publishing it
2026-09-23T13:43:38.1778759Z ok 267 - another signed head appearing before authorization supersedes a private preparation without publishing it
2026-09-23T13:43:38.1779682Z   ---
2026-09-23T13:43:38.1779934Z   duration_ms: 64.0704
2026-09-23T13:43:38.1780227Z   type: 'test'
2026-09-23T13:43:38.1780452Z   ...
2026-09-23T13:43:38.1782085Z # Subtest: staging capacity failure cannot leave a catalog entry, partial bundle or changed prior operation
2026-09-23T13:43:38.1783413Z ok 268 - staging capacity failure cannot leave a catalog entry, partial bundle or changed prior operation
2026-09-23T13:43:38.1784011Z   ---
2026-09-23T13:43:38.1784261Z   duration_ms: 58.5676
2026-09-23T13:43:38.1784558Z   type: 'test'
2026-09-23T13:43:38.1784783Z   ...
2026-09-23T13:43:38.1785489Z # Subtest: expired preparations remain recoverable as terminal outcomes without treating the profile as corrupt
2026-09-23T13:43:38.1786627Z ok 269 - expired preparations remain recoverable as terminal outcomes without treating the profile as corrupt
2026-09-23T13:43:38.1787245Z   ---
2026-09-23T13:43:38.1787495Z   duration_ms: 118.1045
2026-09-23T13:43:38.1787784Z   type: 'test'
2026-09-23T13:43:38.1788006Z   ...
2026-09-23T13:43:38.1788695Z # Subtest: public retries recover the exact first envelope; private retries cannot silently change a reading envelope
2026-09-23T13:43:38.1789809Z ok 270 - public retries recover the exact first envelope; private retries cannot silently change a reading envelope
2026-09-23T13:43:38.1790433Z   ---
2026-09-23T13:43:38.1790668Z   duration_ms: 74.2325
2026-09-23T13:43:38.1790939Z   type: 'test'
2026-09-23T13:43:38.1791162Z   ...
2026-09-23T13:43:38.1791652Z # Subtest: repeated verified observations do not rewrite the encrypted catalog
2026-09-23T13:43:38.1792410Z ok 271 - repeated verified observations do not rewrite the encrypted catalog
2026-09-23T13:43:38.1792856Z   ---
2026-09-23T13:43:38.1793104Z   duration_ms: 45.8946
2026-09-23T13:43:38.1793377Z   type: 'test'
2026-09-23T13:43:38.1793597Z   ...
2026-09-23T13:43:38.5635169Z # Subtest: complete declarative snapshots bind a signed revision to the payload and envelope signing owner
2026-09-23T13:43:38.5636356Z ok 272 - complete declarative snapshots bind a signed revision to the payload and envelope signing owner
2026-09-23T13:43:38.5636922Z   ---
2026-09-23T13:43:38.5637155Z   duration_ms: 117.1991
2026-09-23T13:43:38.5637431Z   type: 'test'
2026-09-23T13:43:38.5637672Z   ...
2026-09-23T13:43:38.5638390Z # Subtest: snapshots reject unsigned additions, malformed declarative documents and changed signed payloads
2026-09-23T13:43:38.5639483Z ok 273 - snapshots reject unsigned additions, malformed declarative documents and changed signed payloads
2026-09-23T13:43:38.5640173Z   ---
2026-09-23T13:43:38.5640345Z   duration_ms: 5.0592
2026-09-23T13:43:38.5640523Z   type: 'test'
2026-09-23T13:43:38.5640676Z   ...
2026-09-23T13:43:40.6874719Z # (node:1648) ExperimentalWarning: SQLite is an experimental feature and might change at any time
2026-09-23T13:43:40.6875329Z # (Use `node --trace-warnings ...` to show where the warning was created)
2026-09-23T13:43:40.6897091Z # Subtest: intent commits without a visitor signature; later signing survives reopen with private consent and no public store
2026-09-23T13:43:40.6899402Z ok 274 - intent commits without a visitor signature; later signing survives reopen with private consent and no public store
2026-09-23T13:43:40.6900157Z   ---
2026-09-23T13:43:40.6900707Z   duration_ms: 112.9027
2026-09-23T13:43:40.6901201Z   type: 'test'
2026-09-23T13:43:40.6901449Z   ...
2026-09-23T13:43:40.6902725Z # Subtest: failed transactions and changed policy retain a prepared intent without handing out a signature
2026-09-23T13:43:40.6903836Z ok 275 - failed transactions and changed policy retain a prepared intent without handing out a signature
2026-09-23T13:43:40.6904468Z   ---
2026-09-23T13:43:40.6905452Z   duration_ms: 67.5476
2026-09-23T13:43:40.6905793Z   type: 'test'
2026-09-23T13:43:40.6906019Z   ...
2026-09-23T13:43:40.6906597Z # Subtest: expiry and cancellation keep retired sequence outcomes and never renew a signature
2026-09-23T13:43:40.6907759Z ok 276 - expiry and cancellation keep retired sequence outcomes and never renew a signature
2026-09-23T13:43:40.6908309Z   ---
2026-09-23T13:43:40.6908566Z   duration_ms: 719.1145
2026-09-23T13:43:40.6909135Z   type: 'test'
2026-09-23T13:43:40.6909553Z   ...
2026-09-23T13:43:40.6910127Z # Subtest: private contribution storage refuses missing-stage without resetting an intent
2026-09-23T13:43:40.6911444Z ok 277 - private contribution storage refuses missing-stage without resetting an intent
2026-09-23T13:43:40.6912156Z   ---
2026-09-23T13:43:40.6912416Z   duration_ms: 15.4396
2026-09-23T13:43:40.6912697Z   type: 'test'
2026-09-23T13:43:40.6912932Z   ...
2026-09-23T13:43:40.6913907Z # Subtest: private contribution storage refuses wrong-source without resetting an intent
2026-09-23T13:43:40.6914810Z ok 278 - private contribution storage refuses wrong-source without resetting an intent
2026-09-23T13:43:40.6915356Z   ---
2026-09-23T13:43:40.6915601Z   duration_ms: 17.7903
2026-09-23T13:43:40.6915867Z   type: 'test'
2026-09-23T13:43:40.6916678Z   ...
2026-09-23T13:43:40.6917233Z # Subtest: private contribution storage refuses read-key without resetting an intent
2026-09-23T13:43:40.6918071Z ok 279 - private contribution storage refuses read-key without resetting an intent
2026-09-23T13:43:40.6918585Z   ---
2026-09-23T13:43:40.6918831Z   duration_ms: 18.424
2026-09-23T13:43:40.6919107Z   type: 'test'
2026-09-23T13:43:40.6919335Z   ...
2026-09-23T13:43:40.6920013Z # Subtest: real abrupt process exit before-intent-commit preserves the intent and fixed certificate identity
2026-09-23T13:43:40.6921607Z ok 280 - real abrupt process exit before-intent-commit preserves the intent and fixed certificate identity
2026-09-23T13:43:40.6922489Z   ---
2026-09-23T13:43:40.6922748Z   duration_ms: 271.7982
2026-09-23T13:43:40.6923044Z   type: 'test'
2026-09-23T13:43:40.6923300Z   ...
2026-09-23T13:43:40.6924205Z # Subtest: real abrupt process exit after-intent preserves the intent and fixed certificate identity
2026-09-23T13:43:40.6925267Z ok 281 - real abrupt process exit after-intent preserves the intent and fixed certificate identity
2026-09-23T13:43:40.6925849Z   ---
2026-09-23T13:43:40.6926120Z   duration_ms: 279.2658
2026-09-23T13:43:40.6926386Z   type: 'test'
2026-09-23T13:43:40.6926604Z   ...
2026-09-23T13:43:40.6927283Z # Subtest: real abrupt process exit after-signature preserves the intent and fixed certificate identity
2026-09-23T13:43:40.6928314Z ok 282 - real abrupt process exit after-signature preserves the intent and fixed certificate identity
2026-09-23T13:43:40.6928903Z   ---
2026-09-23T13:43:40.6929148Z   duration_ms: 291.4865
2026-09-23T13:43:40.6929419Z   type: 'test'
2026-09-23T13:43:40.6929639Z   ...
2026-09-23T13:43:40.6930247Z # Subtest: preparation quota failure rolls back stage and sequence before any signature exists
2026-09-23T13:43:40.6931176Z ok 283 - preparation quota failure rolls back stage and sequence before any signature exists
2026-09-23T13:43:40.6931724Z   ---
2026-09-23T13:43:40.6931971Z   duration_ms: 65.1928
2026-09-23T13:43:40.6932249Z   type: 'test'
2026-09-23T13:43:40.6932466Z   ...
2026-09-23T13:43:40.6933002Z # Subtest: a proposal expiring during the policy check cannot commit a new signature
2026-09-23T13:43:40.6933739Z ok 284 - a proposal expiring during the policy check cannot commit a new signature
2026-09-23T13:43:40.6934199Z   ---
2026-09-23T13:43:40.6934424Z   duration_ms: 24.5094
2026-09-23T13:43:40.6934671Z   type: 'test'
2026-09-23T13:43:40.6934871Z   ...
2026-09-23T13:43:41.0625947Z # Subtest: form query is a copied closed locator, never executable input or caller-supplied permission
2026-09-23T13:43:41.0627575Z ok 285 - form query is a copied closed locator, never executable input or caller-supplied permission
2026-09-23T13:43:41.0628180Z   ---
2026-09-23T13:43:41.0628435Z   duration_ms: 1.0933
2026-09-23T13:43:41.0628906Z   type: 'test'
2026-09-23T13:43:41.0629153Z   ...
2026-09-23T13:43:41.0631036Z # Subtest: real snapshot lookup authenticates author, reader access and visitor policy without returning table rows
2026-09-23T13:43:41.0633790Z ok 286 - real snapshot lookup authenticates author, reader access and visitor policy without returning table rows
2026-09-23T13:43:41.0634470Z   ---
2026-09-23T13:43:41.0634727Z   duration_ms: 98.3562
2026-09-23T13:43:41.0635017Z   type: 'test'
2026-09-23T13:43:41.0635250Z   ...
2026-09-23T13:43:41.4582106Z # Subtest: private proposal envelope binds actual author, exactly two logical readers and the original certificate deadline
2026-09-23T13:43:41.4584341Z ok 287 - private proposal envelope binds actual author, exactly two logical readers and the original certificate deadline
2026-09-23T13:43:41.4584783Z   ---
2026-09-23T13:43:41.4584997Z   duration_ms: 132.4751
2026-09-23T13:43:41.4585199Z   type: 'test'
2026-09-23T13:43:41.4585357Z   ...
2026-09-23T13:43:46.9142509Z # Subtest: Node, portable and real Go inbox transitions agree on replay, finite retention, conflicts and quotas
2026-09-23T13:43:46.9145587Z ok 288 - Node, portable and real Go inbox transitions agree on replay, finite retention, conflicts and quotas
2026-09-23T13:43:46.9146001Z   ---
2026-09-23T13:43:46.9146186Z   duration_ms: 5186.7853
2026-09-23T13:43:46.9146391Z   type: 'test'
2026-09-23T13:43:46.9146550Z   ...
2026-09-23T13:43:48.6811607Z # (node:9288) ExperimentalWarning: SQLite is an experimental feature and might change at any time
2026-09-23T13:43:48.6812192Z # (Use `node --trace-warnings ...` to show where the warning was created)
2026-09-23T13:43:48.6838077Z # Subtest: private inbox preserves verified source and proposal across reopening, separately from sender staging
2026-09-23T13:43:48.6839284Z ok 289 - private inbox preserves verified source and proposal across reopening, separately from sender staging
2026-09-23T13:43:48.6839930Z   ---
2026-09-23T13:43:48.6840182Z   duration_ms: 149.4134
2026-09-23T13:43:48.6840482Z   type: 'test'
2026-09-23T13:43:48.6840720Z   ...
2026-09-23T13:43:48.6841377Z # Subtest: repackaging is idempotent and a conflicting visitor UUID cannot replace the original candidate
2026-09-23T13:43:48.6842401Z ok 290 - repackaging is idempotent and a conflicting visitor UUID cannot replace the original candidate
2026-09-23T13:43:48.6843038Z   ---
2026-09-23T13:43:48.6843275Z   duration_ms: 91.7765
2026-09-23T13:43:48.6843549Z   type: 'test'
2026-09-23T13:43:48.6843783Z   ...
2026-09-23T13:43:48.6844366Z # Subtest: an interrupted admission/source transaction rolls back without losing the earlier proof
2026-09-23T13:43:48.6845607Z ok 291 - an interrupted admission/source transaction rolls back without losing the earlier proof
2026-09-23T13:43:48.6846196Z   ---
2026-09-23T13:43:48.6851947Z   duration_ms: 58.2905
2026-09-23T13:43:48.6852252Z   type: 'test'
2026-09-23T13:43:48.6852490Z   ...
2026-09-23T13:43:48.6853187Z # Subtest: expiry removes private payloads but keeps replay metadata for the bounded retention window
2026-09-23T13:43:48.6854236Z ok 292 - expiry removes private payloads but keeps replay metadata for the bounded retention window
2026-09-23T13:43:48.6854815Z   ---
2026-09-23T13:43:48.6855069Z   duration_ms: 56.2602
2026-09-23T13:43:48.6855363Z   type: 'test'
2026-09-23T13:43:48.6855588Z   ...
2026-09-23T13:43:48.6856419Z # Subtest: unreadable/public proposals, wrong source and revoked policy never become verified candidates
2026-09-23T13:43:48.6857921Z ok 293 - unreadable/public proposals, wrong source and revoked policy never become verified candidates
2026-09-23T13:43:48.6858551Z   ---
2026-09-23T13:43:48.6858938Z   duration_ms: 64.703
2026-09-23T13:43:48.6859323Z   type: 'test'
2026-09-23T13:43:48.6859554Z   ...
2026-09-23T13:43:48.6861173Z # Subtest: tampered retained evidence is an integrity failure, never repaired into a new proposal
2026-09-23T13:43:48.6862194Z ok 294 - tampered retained evidence is an integrity failure, never repaired into a new proposal
2026-09-23T13:43:48.6862974Z   ---
2026-09-23T13:43:48.6874281Z   duration_ms: 35.796
2026-09-23T13:43:48.6874824Z   type: 'test'
2026-09-23T13:43:48.6875068Z   ...
2026-09-23T13:43:48.6875750Z # Subtest: journal quotas preserve pending entries and conflict floods have bounded descriptors and writes
2026-09-23T13:43:48.6877087Z ok 295 - journal quotas preserve pending entries and conflict floods have bounded descriptors and writes
2026-09-23T13:43:48.6877747Z   ---
2026-09-23T13:43:48.6878007Z   duration_ms: 141.718
2026-09-23T13:43:48.6878277Z   type: 'test'
2026-09-23T13:43:48.6878530Z   ...
2026-09-23T13:43:48.6879186Z # Subtest: explicit dismissal is atomic, releases only selected proof quota and survives replay/reopen
2026-09-23T13:43:48.6880173Z ok 296 - explicit dismissal is atomic, releases only selected proof quota and survives replay/reopen
2026-09-23T13:43:48.6880739Z   ---
2026-09-23T13:43:48.6880978Z   duration_ms: 104.47
2026-09-23T13:43:48.6881254Z   type: 'test'
2026-09-23T13:43:48.6881493Z   ...
2026-09-23T13:43:48.6882135Z # Subtest: dismissing unverified proposal frees admission quota without evicting other pending proposals
2026-09-23T13:43:48.6883299Z ok 297 - dismissing unverified proposal frees admission quota without evicting other pending proposals
2026-09-23T13:43:48.6883682Z   ---
2026-09-23T13:43:48.6883846Z   duration_ms: 92.1228
2026-09-23T13:43:48.6884022Z   type: 'test'
2026-09-23T13:43:48.6884465Z   ...
2026-09-23T13:43:48.6884725Z # Subtest: dismissal cannot hide corruption in private proof
2026-09-23T13:43:48.6885110Z ok 298 - dismissal cannot hide corruption in private proof
2026-09-23T13:43:48.6885353Z   ---
2026-09-23T13:43:48.6885511Z   duration_ms: 22.4678
2026-09-23T13:43:48.6885689Z   type: 'test'
2026-09-23T13:43:48.6885837Z   ...
2026-09-23T13:43:48.6886219Z # Subtest: owner receipt intent survives dismiss and resumes one exact private envelope after reopen
2026-09-23T13:43:48.6886784Z ok 299 - owner receipt intent survives dismiss and resumes one exact private envelope after reopen
2026-09-23T13:43:48.6887129Z   ---
2026-09-23T13:43:48.6887284Z   duration_ms: 122.0321
2026-09-23T13:43:48.6887461Z   type: 'test'
2026-09-23T13:43:48.6887602Z   ...
2026-09-23T13:43:48.6887974Z # Subtest: owner receipt intent survives expire and resumes one exact private envelope after reopen
2026-09-23T13:43:48.6888525Z ok 300 - owner receipt intent survives expire and resumes one exact private envelope after reopen
2026-09-23T13:43:48.6888853Z   ---
2026-09-23T13:43:48.6889009Z   duration_ms: 108.8702
2026-09-23T13:43:48.6889179Z   type: 'test'
2026-09-23T13:43:48.6889319Z   ...
2026-09-23T13:43:48.6889637Z # Subtest: legacy verified inbox migrates only from retained authenticated source
2026-09-23T13:43:48.6890096Z ok 301 - legacy verified inbox migrates only from retained authenticated source
2026-09-23T13:43:48.6890376Z   ---
2026-09-23T13:43:48.6890535Z   duration_ms: 44.8827
2026-09-23T13:43:48.6890706Z   type: 'test'
2026-09-23T13:43:48.6890851Z   ...
2026-09-23T13:43:48.6891163Z # Subtest: legacy discarded inbox migrates only from retained authenticated source
2026-09-23T13:43:48.6891619Z ok 302 - legacy discarded inbox migrates only from retained authenticated source
2026-09-23T13:43:48.6891900Z   ---
2026-09-23T13:43:48.6892043Z   duration_ms: 47.5493
2026-09-23T13:43:48.6892213Z   type: 'test'
2026-09-23T13:43:48.6892349Z   ...
2026-09-23T13:43:48.6892739Z # Subtest: owner refusal (missing source) persists exact private result through reopen and enforces CAS
2026-09-23T13:43:48.6893322Z ok 303 - owner refusal (missing source) persists exact private result through reopen and enforces CAS
2026-09-23T13:43:48.6893651Z   ---
2026-09-23T13:43:48.6893799Z   duration_ms: 158.6807
2026-09-23T13:43:48.6893982Z   type: 'test'
2026-09-23T13:43:48.6894303Z   ...
2026-09-23T13:43:48.6894680Z # Subtest: owner refusal (verified source) persists exact private result through reopen and enforces CAS
2026-09-23T13:43:48.6895384Z ok 304 - owner refusal (verified source) persists exact private result through reopen and enforces CAS
2026-09-23T13:43:48.6895718Z   ---
2026-09-23T13:43:48.6895863Z   duration_ms: 189.7466
2026-09-23T13:43:48.6896028Z   type: 'test'
2026-09-23T13:43:48.6896167Z   ...
2026-09-23T13:43:50.0905002Z # Subtest: Node, portable crypto and Go agree on visitor proposals, schemas and negative authorization vectors
2026-09-23T13:43:50.0906262Z ok 305 - Node, portable crypto and Go agree on visitor proposals, schemas and negative authorization vectors
2026-09-23T13:43:50.0906891Z   ---
2026-09-23T13:43:50.0907162Z   duration_ms: 1142.2032
2026-09-23T13:43:50.0907454Z   type: 'test'
2026-09-23T13:43:50.0907692Z   ...
2026-09-23T13:43:52.2617000Z # Subtest: Node, portable and Go contribution journals agree on canonical requests, retained transitions and rejected corruption
2026-09-23T13:43:52.2619405Z ok 306 - Node, portable and Go contribution journals agree on canonical requests, retained transitions and rejected corruption
2026-09-23T13:43:52.2620494Z   ---
2026-09-23T13:43:52.2620771Z   duration_ms: 1899.5565
2026-09-23T13:43:52.2621066Z   type: 'test'
2026-09-23T13:43:52.2621302Z   ...
2026-09-23T13:43:54.8861101Z # (node:2692) ExperimentalWarning: SQLite is an experimental feature and might change at any time
2026-09-23T13:43:54.8862024Z # (Use `node --trace-warnings ...` to show where the warning was created)
2026-09-23T13:43:54.8879057Z # Subtest: queued source and envelope survive restart while a second preparation uses its own slot
2026-09-23T13:43:54.8881071Z ok 307 - queued source and envelope survive restart while a second preparation uses its own slot
2026-09-23T13:43:54.8881662Z   ---
2026-09-23T13:43:54.8881925Z   duration_ms: 216.7215
2026-09-23T13:43:54.8882234Z   type: 'test'
2026-09-23T13:43:54.8882463Z   ...
2026-09-23T13:43:54.8884567Z # Subtest: queue transaction rollback retains the signed envelope and never frees a preparation early
2026-09-23T13:43:54.8885611Z ok 308 - queue transaction rollback retains the signed envelope and never frees a preparation early
2026-09-23T13:43:54.8886316Z   ---
2026-09-23T13:43:54.8886488Z   duration_ms: 108.9993
2026-09-23T13:43:54.8886680Z   type: 'test'
2026-09-23T13:43:54.8886833Z   ...
2026-09-23T13:43:54.8889416Z # Subtest: queued expiry retires private payload but retains packet identity for cancellation
2026-09-23T13:43:54.8890501Z ok 309 - queued expiry retires private payload but retains packet identity for cancellation
2026-09-23T13:43:54.8891084Z   ---
2026-09-23T13:43:54.8891557Z   duration_ms: 84.6896
2026-09-23T13:43:54.8891862Z   type: 'test'
2026-09-23T13:43:54.8892100Z   ...
2026-09-23T13:43:54.8892814Z # Subtest: 32 pending queues apply backpressure without losing old payloads or the current prepared envelope
2026-09-23T13:43:54.8893924Z ok 310 - 32 pending queues apply backpressure without losing old payloads or the current prepared envelope
2026-09-23T13:43:54.8894541Z   ---
2026-09-23T13:43:54.8894791Z   duration_ms: 1909.7264
2026-09-23T13:43:54.8895083Z   type: 'test'
2026-09-23T13:43:54.8895296Z   ...
2026-09-23T13:43:54.8973212Z # Subtest: missing queued payload is corruption, not an excuse to create new bytes or cancel a different stage
2026-09-23T13:43:54.8974600Z ok 311 - missing queued payload is corruption, not an excuse to create new bytes or cancel a different stage
2026-09-23T13:43:54.8975282Z   ---
2026-09-23T13:43:54.8975545Z   duration_ms: 57.3743
2026-09-23T13:43:54.8975833Z   type: 'test'
2026-09-23T13:43:54.8976072Z   ...
2026-09-23T13:43:56.7650802Z # Subtest: owner reception receipts bind the original proposal and exact private envelope across Node, portable crypto and Go
2026-09-23T13:43:56.7654400Z ok 312 - owner reception receipts bind the original proposal and exact private envelope across Node, portable crypto and Go
2026-09-23T13:43:56.7655135Z   ---
2026-09-23T13:43:56.7655410Z   duration_ms: 1608.6089
2026-09-23T13:43:56.7655702Z   type: 'test'
2026-09-23T13:43:56.7656155Z   ...
2026-09-23T13:44:02.9664940Z # Subtest: receipt admission requires exact copied intent, retains cancellation/expiry and never revives a retired operation
2026-09-23T13:44:02.9667885Z ok 313 - receipt admission requires exact copied intent, retains cancellation/expiry and never revives a retired operation
2026-09-23T13:44:02.9668477Z   ---
2026-09-23T13:44:02.9668654Z   duration_ms: 5929.1336
2026-09-23T13:44:02.9668853Z   type: 'test'
2026-09-23T13:44:02.9669001Z   ...
2026-09-23T13:44:09.2430800Z # Subtest: owner refusals bind the original proposal and exact private envelope across Node, portable crypto and Go
2026-09-23T13:44:09.2432064Z ok 314 - owner refusals bind the original proposal and exact private envelope across Node, portable crypto and Go
2026-09-23T13:44:09.2432736Z   ---
2026-09-23T13:44:09.2433042Z   duration_ms: 6002.2973
2026-09-23T13:44:09.2433345Z   type: 'test'
2026-09-23T13:44:09.2433586Z   ...
2026-09-23T13:44:09.8225187Z # Subtest: declarative form binds all typed columns, preserves zero/false and never executes values
2026-09-23T13:44:09.8226301Z ok 315 - declarative form binds all typed columns, preserves zero/false and never executes values
2026-09-23T13:44:09.8227301Z   ---
2026-09-23T13:44:09.8227582Z   duration_ms: 7.7257
2026-09-23T13:44:09.8227884Z   type: 'test'
2026-09-23T13:44:09.8228121Z   ...
2026-09-23T13:44:09.8228836Z # Subtest: form and value parsing reject active accessors, sparse lists, unknown fields and oversized inputs
2026-09-23T13:44:09.8229913Z ok 316 - form and value parsing reject active accessors, sparse lists, unknown fields and oversized inputs
2026-09-23T13:44:09.8230535Z   ---
2026-09-23T13:44:09.8230788Z   duration_ms: 0.7775
2026-09-23T13:44:09.8231064Z   type: 'test'
2026-09-23T13:44:09.8231291Z   ...
2026-09-23T13:44:09.8231906Z # Subtest: Node visitor signatures verify across adapters but cannot become owner revisions
2026-09-23T13:44:09.8232807Z ok 317 - Node visitor signatures verify across adapters but cannot become owner revisions
2026-09-23T13:44:09.8233356Z   ---
2026-09-23T13:44:09.8233612Z   duration_ms: 108.7909
2026-09-23T13:44:09.8233891Z   type: 'test'
2026-09-23T13:44:09.8234118Z   ...
2026-09-23T13:44:09.8234734Z # Subtest: portable visitor signatures verify across adapters but cannot become owner revisions
2026-09-23T13:44:09.8235674Z ok 318 - portable visitor signatures verify across adapters but cannot become owner revisions
2026-09-23T13:44:09.8236220Z   ---
2026-09-23T13:44:09.8236469Z   duration_ms: 90.9643
2026-09-23T13:44:09.8236741Z   type: 'test'
2026-09-23T13:44:09.8236961Z   ...
2026-09-23T13:44:09.8237597Z # Subtest: site/form/schema/base and the visitor's maximum publication audience are bound independently
2026-09-23T13:44:09.8238907Z ok 319 - site/form/schema/base and the visitor's maximum publication audience are bound independently
2026-09-23T13:44:09.8239477Z   ---
2026-09-23T13:44:09.8239734Z   duration_ms: 18.7555
2026-09-23T13:44:09.8240004Z   type: 'test'
2026-09-23T13:44:09.8240239Z   ...
2026-09-23T13:44:09.8240845Z # Subtest: expiry and clock checks apply to admission, while historical signatures stay verifiable
2026-09-23T13:44:09.8241808Z ok 320 - expiry and clock checks apply to admission, while historical signatures stay verifiable
2026-09-23T13:44:09.8242330Z   ---
2026-09-23T13:44:09.8242583Z   duration_ms: 49.828
2026-09-23T13:44:09.8242824Z   type: 'test'
2026-09-23T13:44:09.8243048Z   ...
2026-09-23T13:44:09.8243673Z # Subtest: private submission remains encrypted even when the visitor consents to later public adoption
2026-09-23T13:44:09.8244685Z ok 321 - private submission remains encrypted even when the visitor consents to later public adoption
2026-09-23T13:44:09.8245261Z   ---
2026-09-23T13:44:09.8245507Z   duration_ms: 13.2153
2026-09-23T13:44:09.8245772Z   type: 'test'
2026-09-23T13:44:09.8246367Z   ...
2026-09-23T13:44:13.7039135Z # Subtest: Node and a real Go process agree on bounded declarative table vectors
2026-09-23T13:44:13.7040799Z ok 322 - Node and a real Go process agree on bounded declarative table vectors
2026-09-23T13:44:13.7041601Z   ---
2026-09-23T13:44:13.7041864Z   duration_ms: 3665.787
2026-09-23T13:44:13.7042164Z   type: 'test'
2026-09-23T13:44:13.7042404Z   ...
2026-09-23T13:44:13.9321324Z # Subtest: signed table projection sorts numeric values, keeps null last, and leaves source bytes unchanged
2026-09-23T13:44:13.9322684Z ok 323 - signed table projection sorts numeric values, keeps null last, and leaves source bytes unchanged
2026-09-23T13:44:13.9323312Z   ---
2026-09-23T13:44:13.9323571Z   duration_ms: 3.8962
2026-09-23T13:44:13.9323853Z   type: 'test'
2026-09-23T13:44:13.9324104Z   ...
2026-09-23T13:44:13.9325714Z # Subtest: literal search never evaluates code or patterns and pagination stays finite on empty and boundary queries
2026-09-23T13:44:13.9327302Z ok 324 - literal search never evaluates code or patterns and pagination stays finite on empty and boundary queries
2026-09-23T13:44:13.9328115Z   ---
2026-09-23T13:44:13.9328516Z   duration_ms: 1.2879
2026-09-23T13:44:13.9328925Z   type: 'test'
2026-09-23T13:44:13.9329275Z   ...
2026-09-23T13:44:13.9330006Z # Subtest: table shape, dates, links, column types and finite limits reject negative controls
2026-09-23T13:44:13.9331024Z ok 325 - table shape, dates, links, column types and finite limits reject negative controls
2026-09-23T13:44:13.9331717Z   ---
2026-09-23T13:44:13.9332090Z   duration_ms: 1.8451
2026-09-23T13:44:13.9332479Z   type: 'test'
2026-09-23T13:44:13.9332711Z   ...
2026-09-23T13:44:13.9333291Z # Subtest: nested getters and noncanonical arrays are rejected before executing accessors
2026-09-23T13:44:13.9343294Z ok 326 - nested getters and noncanonical arrays are rejected before executing accessors
2026-09-23T13:44:13.9344099Z   ---
2026-09-23T13:44:13.9344487Z   duration_ms: 1.0199
2026-09-23T13:44:13.9344873Z   type: 'test'
2026-09-23T13:44:13.9345205Z   ...
2026-09-23T13:44:13.9346039Z # Subtest: table byte quota counts UTF-8 bytes and canonical field names, with both sides of the boundary
2026-09-23T13:44:13.9347173Z ok 327 - table byte quota counts UTF-8 bytes and canonical field names, with both sides of the boundary
2026-09-23T13:44:13.9347846Z   ---
2026-09-23T13:44:13.9348196Z   duration_ms: 2.4149
2026-09-23T13:44:13.9348481Z   type: 'test'
2026-09-23T13:44:13.9348713Z   ...
2026-09-23T13:44:13.9349420Z # Subtest: CSV handles quoted commas, quotes and newlines as literal text without guessing numeric identities
2026-09-23T13:44:13.9350483Z ok 328 - CSV handles quoted commas, quotes and newlines as literal text without guessing numeric identities
2026-09-23T13:44:13.9351084Z   ---
2026-09-23T13:44:13.9351335Z   duration_ms: 1.0662
2026-09-23T13:44:13.9351601Z   type: 'test'
2026-09-23T13:44:13.9351837Z   ...
2026-09-23T13:44:13.9352418Z # Subtest: CSV export neutralises spreadsheet formulas without changing signed table values
2026-09-23T13:44:13.9353317Z ok 329 - CSV export neutralises spreadsheet formulas without changing signed table values
2026-09-23T13:44:13.9353868Z   ---
2026-09-23T13:44:13.9354105Z   duration_ms: 0.3527
2026-09-23T13:44:13.9354366Z   type: 'test'
2026-09-23T13:44:13.9354584Z   ...
2026-09-23T13:44:13.9355170Z # Subtest: typed editing preserves incomplete numbers for validation rather than erasing them
2026-09-23T13:44:13.9356093Z ok 330 - typed editing preserves incomplete numbers for validation rather than erasing them
2026-09-23T13:44:13.9356633Z   ---
2026-09-23T13:44:13.9357083Z   duration_ms: 0.3122
2026-09-23T13:44:13.9357343Z   type: 'test'
2026-09-23T13:44:13.9357559Z   ...
2026-09-23T13:44:14.2595665Z # Subtest: site schema: multipage with nested media and local navigation
2026-09-23T13:44:14.2608034Z ok 331 - site schema: multipage with nested media and local navigation
2026-09-23T13:44:14.2615106Z   ---
2026-09-23T13:44:14.2615783Z   duration_ms: 3.5283
2026-09-23T13:44:14.2616105Z   type: 'test'
2026-09-23T13:44:14.2618061Z   ...
2026-09-23T13:44:14.2619748Z # Subtest: site schema: literal HTML is data, never a block program
2026-09-23T13:44:14.2644107Z ok 332 - site schema: literal HTML is data, never a block program
2026-09-23T13:44:14.2644526Z   ---
2026-09-23T13:44:14.2644780Z   duration_ms: 0.4361
2026-09-23T13:44:14.2645068Z   type: 'test'
2026-09-23T13:44:14.2645833Z   ...
2026-09-23T13:44:14.2646169Z # Subtest: site schema: exact UTF-16 title boundary
2026-09-23T13:44:14.2646652Z ok 333 - site schema: exact UTF-16 title boundary
2026-09-23T13:44:14.2646998Z   ---
2026-09-23T13:44:14.2647235Z   duration_ms: 0.3766
2026-09-23T13:44:14.2647508Z   type: 'test'
2026-09-23T13:44:14.2661066Z   ...
2026-09-23T13:44:14.2661394Z # Subtest: site schema: unknown version
2026-09-23T13:44:14.2667484Z ok 334 - site schema: unknown version
2026-09-23T13:44:14.2667839Z   ---
2026-09-23T13:44:14.2668332Z   duration_ms: 0.2248
2026-09-23T13:44:14.2668633Z   type: 'test'
2026-09-23T13:44:14.2668872Z   ...
2026-09-23T13:44:14.2669413Z # Subtest: site schema: script property
2026-09-23T13:44:14.2669859Z ok 335 - site schema: script property
2026-09-23T13:44:14.2670176Z   ---
2026-09-23T13:44:14.2670419Z   duration_ms: 0.1048
2026-09-23T13:44:14.2671069Z   type: 'test'
2026-09-23T13:44:14.2671296Z   ...
2026-09-23T13:44:14.2671616Z # Subtest: site schema: arbitrary CSS
2026-09-23T13:44:14.2672025Z ok 336 - site schema: arbitrary CSS
2026-09-23T13:44:14.2672528Z   ---
2026-09-23T13:44:14.2672773Z   duration_ms: 0.0912
2026-09-23T13:44:14.2673052Z   type: 'test'
2026-09-23T13:44:14.2673275Z   ...
2026-09-23T13:44:14.2673575Z # Subtest: site schema: CSS URL injection
2026-09-23T13:44:14.2674002Z ok 337 - site schema: CSS URL injection
2026-09-23T13:44:14.2674506Z   ---
2026-09-23T13:44:14.2674823Z   duration_ms: 0.159
2026-09-23T13:44:14.2675116Z   type: 'test'
2026-09-23T13:44:14.2675370Z   ...
2026-09-23T13:44:14.2678721Z # Subtest: site schema: duplicate pages
2026-09-23T13:44:14.2679160Z ok 338 - site schema: duplicate pages
2026-09-23T13:44:14.2679513Z   ---
2026-09-23T13:44:14.2681733Z   duration_ms: 0.1037
2026-09-23T13:44:14.2683701Z   type: 'test'
2026-09-23T13:44:14.2683953Z   ...
2026-09-23T13:44:14.2684266Z # Subtest: site schema: duplicate slugs
2026-09-23T13:44:14.2684696Z ok 339 - site schema: duplicate slugs
2026-09-23T13:44:14.2862675Z   ---
2026-09-23T13:44:14.2878402Z   duration_ms: 0.3244
2026-09-23T13:44:14.2897445Z   type: 'test'
2026-09-23T13:44:14.2897711Z   ...
2026-09-23T13:44:14.2898087Z # Subtest: site schema: duplicate nested node IDs
2026-09-23T13:44:14.2898603Z ok 340 - site schema: duplicate nested node IDs
2026-09-23T13:44:14.2898976Z   ---
2026-09-23T13:44:14.2899230Z   duration_ms: 0.4126
2026-09-23T13:44:14.2899508Z   type: 'test'
2026-09-23T13:44:14.2899747Z   ...
2026-09-23T13:44:14.2900039Z # Subtest: site schema: path traversal
2026-09-23T13:44:14.2900466Z ok 341 - site schema: path traversal
2026-09-23T13:44:14.2900783Z   ---
2026-09-23T13:44:14.2901021Z   duration_ms: 0.1353
2026-09-23T13:44:14.2901299Z   type: 'test'
2026-09-23T13:44:14.2901518Z   ...
2026-09-23T13:44:14.2901810Z # Subtest: site schema: missing home
2026-09-23T13:44:14.2902198Z ok 342 - site schema: missing home
2026-09-23T13:44:14.2902495Z   ---
2026-09-23T13:44:14.2902735Z   duration_ms: 0.0915
2026-09-23T13:44:14.2902998Z   type: 'test'
2026-09-23T13:44:14.2903224Z   ...
2026-09-23T13:44:14.2903555Z # Subtest: site schema: missing internal target
2026-09-23T13:44:14.2904017Z ok 343 - site schema: missing internal target
2026-09-23T13:44:14.2904356Z   ---
2026-09-23T13:44:14.2904592Z   duration_ms: 0.1234
2026-09-23T13:44:14.2904870Z   type: 'test'
2026-09-23T13:44:14.2905088Z   ...
2026-09-23T13:44:14.2905372Z # Subtest: site schema: javascript URL
2026-09-23T13:44:14.2905768Z ok 344 - site schema: javascript URL
2026-09-23T13:44:14.2906070Z   ---
2026-09-23T13:44:14.2906586Z   duration_ms: 0.1141
2026-09-23T13:44:14.2906904Z   type: 'test'
2026-09-23T13:44:14.2907111Z   ...
2026-09-23T13:44:14.2907505Z # Subtest: site schema: credentials in URL
2026-09-23T13:44:14.2908049Z ok 345 - site schema: credentials in URL
2026-09-23T13:44:14.2908366Z   ---
2026-09-23T13:44:14.2908607Z   duration_ms: 0.1104
2026-09-23T13:44:14.2908873Z   type: 'test'
2026-09-23T13:44:14.2909098Z   ...
2026-09-23T13:44:14.2909372Z # Subtest: site schema: HTTP URL
2026-09-23T13:44:14.2909736Z ok 346 - site schema: HTTP URL
2026-09-23T13:44:14.2910024Z   ---
2026-09-23T13:44:14.2910247Z   duration_ms: 0.1075
2026-09-23T13:44:14.2910516Z   type: 'test'
2026-09-23T13:44:14.2910733Z   ...
2026-09-23T13:44:14.2911036Z # Subtest: site schema: invalid high port
2026-09-23T13:44:14.2911465Z ok 347 - site schema: invalid high port
2026-09-23T13:44:14.2911787Z   ---
2026-09-23T13:44:14.2912023Z   duration_ms: 0.1819
2026-09-23T13:44:14.2912284Z   type: 'test'
2026-09-23T13:44:14.2912517Z   ...
2026-09-23T13:44:14.2912794Z # Subtest: site schema: query URL
2026-09-23T13:44:14.2913153Z ok 348 - site schema: query URL
2026-09-23T13:44:14.2913442Z   ---
2026-09-23T13:44:14.2913666Z   duration_ms: 0.6786
2026-09-23T13:44:14.2913922Z   type: 'test'
2026-09-23T13:44:14.2914137Z   ...
2026-09-23T13:44:14.2914421Z # Subtest: site schema: 13 pages
2026-09-23T13:44:14.2914775Z ok 349 - site schema: 13 pages
2026-09-23T13:44:14.2915058Z   ---
2026-09-23T13:44:14.2915287Z   duration_ms: 0.0956
2026-09-23T13:44:14.2915540Z   type: 'test'
2026-09-23T13:44:14.2915763Z   ...
2026-09-23T13:44:14.2916048Z # Subtest: site schema: 25 siblings
2026-09-23T13:44:14.2916406Z ok 350 - site schema: 25 siblings
2026-09-23T13:44:14.2916946Z   ---
2026-09-23T13:44:14.2917182Z   duration_ms: 0.1465
2026-09-23T13:44:14.2917462Z   type: 'test'
2026-09-23T13:44:14.2917685Z   ...
2026-09-23T13:44:14.2917975Z # Subtest: site schema: four levels
2026-09-23T13:44:14.2932346Z ok 351 - site schema: four levels
2026-09-23T13:44:14.2932703Z   ---
2026-09-23T13:44:14.2932958Z   duration_ms: 0.1271
2026-09-23T13:44:14.2933253Z   type: 'test'
2026-09-23T13:44:14.2933493Z   ...
2026-09-23T13:44:14.2933802Z # Subtest: site schema: 144 total nodes
2026-09-23T13:44:14.2934205Z ok 352 - site schema: 144 total nodes
2026-09-23T13:44:14.2934532Z   ---
2026-09-23T13:44:14.2934778Z   duration_ms: 0.5443
2026-09-23T13:44:14.2935309Z   type: 'test'
2026-09-23T13:44:14.2935548Z   ...
2026-09-23T13:44:14.2935853Z # Subtest: site schema: children on text
2026-09-23T13:44:14.2936269Z ok 353 - site schema: children on text
2026-09-23T13:44:14.2936594Z   ---
2026-09-23T13:44:14.2936827Z   duration_ms: 0.1049
2026-09-23T13:44:14.2937089Z   type: 'test'
2026-09-23T13:44:14.2937312Z   ...
2026-09-23T13:44:14.2937604Z # Subtest: site schema: body limit
2026-09-23T13:44:14.2937984Z ok 354 - site schema: body limit
2026-09-23T13:44:14.2938275Z   ---
2026-09-23T13:44:14.2938513Z   duration_ms: 0.1319
2026-09-23T13:44:14.2938781Z   type: 'test'
2026-09-23T13:44:14.2939002Z   ...
2026-09-23T13:44:14.2939331Z # Subtest: site schema: UTF-16 title overflow
2026-09-23T13:44:14.2939781Z ok 355 - site schema: UTF-16 title overflow
2026-09-23T13:44:14.2940112Z   ---
2026-09-23T13:44:14.2940347Z   duration_ms: 0.0854
2026-09-23T13:44:14.2940618Z   type: 'test'
2026-09-23T13:44:14.2940843Z   ...
2026-09-23T13:44:14.2941149Z # Subtest: site schema: fractional columns
2026-09-23T13:44:14.2944865Z ok 356 - site schema: fractional columns
2026-09-23T13:44:14.2945271Z   ---
2026-09-23T13:44:14.2945527Z   duration_ms: 0.104
2026-09-23T13:44:14.2945795Z   type: 'test'
2026-09-23T13:44:14.2946017Z   ...
2026-09-23T13:44:14.2946299Z # Subtest: site schema: bad alignment
2026-09-23T13:44:14.2946689Z ok 357 - site schema: bad alignment
2026-09-23T13:44:14.2946998Z   ---
2026-09-23T13:44:14.2947232Z   duration_ms: 0.1109
2026-09-23T13:44:14.2948149Z   type: 'test'
2026-09-23T13:44:14.2948443Z   ...
2026-09-23T13:44:14.2948928Z # Subtest: site schema: missing media
2026-09-23T13:44:14.2949323Z ok 358 - site schema: missing media
2026-09-23T13:44:14.2949635Z   ---
2026-09-23T13:44:14.2949995Z   duration_ms: 0.1203
2026-09-23T13:44:14.2950258Z   type: 'test'
2026-09-23T13:44:14.2950483Z   ...
2026-09-23T13:44:14.2950804Z # Subtest: site schema: out of bounds media
2026-09-23T13:44:14.2951227Z ok 359 - site schema: out of bounds media
2026-09-23T13:44:14.2951532Z   ---
2026-09-23T13:44:14.2951765Z   duration_ms: 0.1208
2026-09-23T13:44:14.2952018Z   type: 'test'
2026-09-23T13:44:14.2952225Z   ...
2026-09-23T13:44:14.2952513Z # Subtest: site schema: SVG media
2026-09-23T13:44:14.2952867Z ok 360 - site schema: SVG media
2026-09-23T13:44:14.2953148Z   ---
2026-09-23T13:44:14.2955762Z   duration_ms: 0.0642
2026-09-23T13:44:14.2956108Z   type: 'test'
2026-09-23T13:44:14.2956337Z   ...
2026-09-23T13:44:14.2956644Z # Subtest: site schema: remote media field
2026-09-23T13:44:14.2957091Z ok 361 - site schema: remote media field
2026-09-23T13:44:14.2957667Z   ---
2026-09-23T13:44:14.2957901Z   duration_ms: 0.1134
2026-09-23T13:44:14.2958177Z   type: 'test'
2026-09-23T13:44:14.2958398Z   ...
2026-09-23T13:44:14.2958715Z # Subtest: site schema: fractional posts limit
2026-09-23T13:44:14.2959173Z ok 362 - site schema: fractional posts limit
2026-09-23T13:44:14.2959500Z   ---
2026-09-23T13:44:14.2959729Z   duration_ms: 0.1207
2026-09-23T13:44:14.2959992Z   type: 'test'
2026-09-23T13:44:14.2960220Z   ...
2026-09-23T13:44:14.2960506Z # Subtest: site schema: large document
2026-09-23T13:44:14.2960884Z ok 363 - site schema: large document
2026-09-23T13:44:14.2961208Z   ---
2026-09-23T13:44:14.2961441Z   duration_ms: 1.2789
2026-09-23T13:44:14.2961704Z   type: 'test'
2026-09-23T13:44:14.2961931Z   ...
2026-09-23T13:44:14.2962596Z # Subtest: site schema: empty composition at third level
2026-09-23T13:44:14.2963194Z ok 364 - site schema: empty composition at third level
2026-09-23T13:44:14.2963589Z   ---
2026-09-23T13:44:14.2963867Z   duration_ms: 0.2069
2026-09-23T13:44:14.2964149Z   type: 'test'
2026-09-23T13:44:14.2964377Z   ...
2026-09-23T13:44:14.2965369Z # Subtest: site schema: unreferenced executable attachment
2026-09-23T13:44:14.2965962Z ok 365 - site schema: unreferenced executable attachment
2026-09-23T13:44:14.2966348Z   ---
2026-09-23T13:44:14.2966595Z   duration_ms: 0.1288
2026-09-23T13:44:14.2966876Z   type: 'test'
2026-09-23T13:44:14.2967106Z   ...
2026-09-23T13:44:14.2967456Z # Subtest: site schema: invalid image base64 length
2026-09-23T13:44:14.2967958Z ok 366 - site schema: invalid image base64 length
2026-09-23T13:44:14.2968315Z   ---
2026-09-23T13:44:14.2968556Z   duration_ms: 0.073
2026-09-23T13:44:14.2968832Z   type: 'test'
2026-09-23T13:44:14.2969064Z   ...
2026-09-23T13:44:14.2969403Z # Subtest: site schema: valid HTTPS escaped path
2026-09-23T13:44:14.2970311Z ok 367 - site schema: valid HTTPS escaped path
2026-09-23T13:44:14.2970709Z   ---
2026-09-23T13:44:14.2971134Z   duration_ms: 1.2024
2026-09-23T13:44:14.2971408Z   type: 'test'
2026-09-23T13:44:14.2971644Z   ...
2026-09-23T13:44:14.2971967Z # Subtest: site schema: valid HTTPS local IPv4
2026-09-23T13:44:14.2972434Z ok 368 - site schema: valid HTTPS local IPv4
2026-09-23T13:44:14.2972778Z   ---
2026-09-23T13:44:14.2973015Z   duration_ms: 0.3582
2026-09-23T13:44:14.2973277Z   type: 'test'
2026-09-23T13:44:14.2973830Z   ...
2026-09-23T13:44:14.2980197Z # Subtest: site schema: valid HTTPS international path
2026-09-23T13:44:14.2981054Z ok 369 - site schema: valid HTTPS international path
2026-09-23T13:44:14.2981434Z   ---
2026-09-23T13:44:14.2981691Z   duration_ms: 0.1915
2026-09-23T13:44:14.2981972Z   type: 'test'
2026-09-23T13:44:14.2982204Z   ...
2026-09-23T13:44:14.2982566Z # Subtest: site schema: invalid HTTPS percent escape
2026-09-23T13:44:14.2983396Z ok 370 - site schema: invalid HTTPS percent escape
2026-09-23T13:44:14.2983764Z   ---
2026-09-23T13:44:14.2984149Z   duration_ms: 0.1174
2026-09-23T13:44:14.2984605Z   type: 'test'
2026-09-23T13:44:14.2984842Z   ...
2026-09-23T13:44:14.2985206Z # Subtest: site schema: invalid HTTPS dangling percent
2026-09-23T13:44:14.2985838Z ok 371 - site schema: invalid HTTPS dangling percent
2026-09-23T13:44:14.2986197Z   ---
2026-09-23T13:44:14.2987347Z   duration_ms: 0.0926
2026-09-23T13:44:14.2988672Z   type: 'test'
2026-09-23T13:44:14.2988922Z   ...
2026-09-23T13:44:14.2989326Z # Subtest: site schema: invalid HTTPS Unicode whitespace
2026-09-23T13:44:14.2989900Z ok 372 - site schema: invalid HTTPS Unicode whitespace
2026-09-23T13:44:14.2990282Z   ---
2026-09-23T13:44:14.2990531Z   duration_ms: 0.0841
2026-09-23T13:44:14.2990805Z   type: 'test'
2026-09-23T13:44:14.2991045Z   ...
2026-09-23T13:44:14.2991413Z # Subtest: site schema: invalid HTTPS control character
2026-09-23T13:44:14.2991931Z ok 373 - site schema: invalid HTTPS control character
2026-09-23T13:44:14.2992300Z   ---
2026-09-23T13:44:14.2992860Z   duration_ms: 0.1467
2026-09-23T13:44:14.2994036Z   type: 'test'
2026-09-23T13:44:14.2994574Z   ...
2026-09-23T13:44:14.2995145Z # Subtest: site schema: invalid HTTPS IPv4 range
2026-09-23T13:44:14.2995622Z ok 374 - site schema: invalid HTTPS IPv4 range
2026-09-23T13:44:14.2995976Z   ---
2026-09-23T13:44:14.2996209Z   duration_ms: 0.1644
2026-09-23T13:44:14.2996470Z   type: 'test'
2026-09-23T13:44:14.2996688Z   ...
2026-09-23T13:44:14.2997054Z # Subtest: site schema: invalid HTTPS abbreviated IPv4
2026-09-23T13:44:14.2997564Z ok 375 - site schema: invalid HTTPS abbreviated IPv4
2026-09-23T13:44:14.2997924Z   ---
2026-09-23T13:44:14.2998167Z   duration_ms: 0.1561
2026-09-23T13:44:14.2998434Z   type: 'test'
2026-09-23T13:44:14.2998658Z   ...
2026-09-23T13:44:14.2999063Z # Subtest: site schema: invalid HTTPS numeric final DNS label
2026-09-23T13:44:14.2999647Z ok 376 - site schema: invalid HTTPS numeric final DNS label
2026-09-23T13:44:14.3000034Z   ---
2026-09-23T13:44:14.3000273Z   duration_ms: 0.1568
2026-09-23T13:44:14.3000554Z   type: 'test'
2026-09-23T13:44:14.3000779Z   ...
2026-09-23T13:44:14.3001153Z # Subtest: site schema: invalid HTTPS hexadecimal IP alias
2026-09-23T13:44:14.3001779Z ok 377 - site schema: invalid HTTPS hexadecimal IP alias
2026-09-23T13:44:14.3002173Z   ---
2026-09-23T13:44:14.3002409Z   duration_ms: 0.1208
2026-09-23T13:44:14.3002679Z   type: 'test'
2026-09-23T13:44:14.3002906Z   ...
2026-09-23T13:44:14.3003258Z # Subtest: site schema: invalid HTTPS octal IP alias
2026-09-23T13:44:14.3003755Z ok 378 - site schema: invalid HTTPS octal IP alias
2026-09-23T13:44:14.3004126Z   ---
2026-09-23T13:44:14.3004358Z   duration_ms: 0.0969
2026-09-23T13:44:14.3004616Z   type: 'test'
2026-09-23T13:44:14.3007447Z   ...
2026-09-23T13:44:14.3008254Z # Subtest: site schema: valid HTTPS local hostname
2026-09-23T13:44:14.3008782Z ok 379 - site schema: valid HTTPS local hostname
2026-09-23T13:44:14.3009158Z   ---
2026-09-23T13:44:14.3009412Z   duration_ms: 0.187
2026-09-23T13:44:14.3009686Z   type: 'test'
2026-09-23T13:44:14.3009930Z   ...
2026-09-23T13:44:14.3010308Z # Subtest: site schema: invalid HTTPS hostname label
2026-09-23T13:44:14.3010818Z ok 380 - site schema: invalid HTTPS hostname label
2026-09-23T13:44:14.3011188Z   ---
2026-09-23T13:44:14.3011437Z   duration_ms: 0.1149
2026-09-23T13:44:14.3011705Z   type: 'test'
2026-09-23T13:44:14.3011930Z   ...
2026-09-23T13:44:14.3012297Z # Subtest: site schema: valid HTTPS IDN ASCII hostname
2026-09-23T13:44:14.3012809Z ok 381 - site schema: valid HTTPS IDN ASCII hostname
2026-09-23T13:44:14.3013450Z   ---
2026-09-23T13:44:14.3013697Z   duration_ms: 0.1434
2026-09-23T13:44:14.3013963Z   type: 'test'
2026-09-23T13:44:14.3014187Z   ...
2026-09-23T13:44:14.3014510Z # Subtest: site schema: version 2 typed table
2026-09-23T13:44:14.3014960Z ok 382 - site schema: version 2 typed table
2026-09-23T13:44:14.3015295Z   ---
2026-09-23T13:44:14.3015529Z   duration_ms: 0.5585
2026-09-23T13:44:14.3015797Z   type: 'test'
2026-09-23T13:44:14.3016198Z   ...
2026-09-23T13:44:14.3016547Z # Subtest: site schema: table rejected in version 1
2026-09-23T13:44:14.3017042Z ok 383 - site schema: table rejected in version 1
2026-09-23T13:44:14.3017491Z   ---
2026-09-23T13:44:14.3017726Z   duration_ms: 0.1301
2026-09-23T13:44:14.3017986Z   type: 'test'
2026-09-23T13:44:14.3018223Z   ...
2026-09-23T13:44:14.3018534Z # Subtest: site schema: table missing data
2026-09-23T13:44:14.3018994Z ok 384 - site schema: table missing data
2026-09-23T13:44:14.3019324Z   ---
2026-09-23T13:44:14.3019567Z   duration_ms: 0.1115
2026-09-23T13:44:14.3019837Z   type: 'test'
2026-09-23T13:44:14.3020069Z   ...
2026-09-23T13:44:14.3020400Z # Subtest: site schema: data on non-table block
2026-09-23T13:44:14.3020861Z ok 385 - site schema: data on non-table block
2026-09-23T13:44:14.3021201Z   ---
2026-09-23T13:44:14.3021445Z   duration_ms: 0.1074
2026-09-23T13:44:14.3021913Z   type: 'test'
2026-09-23T13:44:14.3022141Z   ...
2026-09-23T13:44:14.3022465Z # Subtest: site schema: table unknown field
2026-09-23T13:44:14.3022890Z ok 386 - site schema: table unknown field
2026-09-23T13:44:14.3023215Z   ---
2026-09-23T13:44:14.3023453Z   duration_ms: 0.1057
2026-09-23T13:44:14.3024090Z   type: 'test'
2026-09-23T13:44:14.3024314Z   ...
2026-09-23T13:44:14.3024657Z # Subtest: site schema: table repeated row identifier
2026-09-23T13:44:14.3025192Z ok 387 - site schema: table repeated row identifier
2026-09-23T13:44:14.3025535Z   ---
2026-09-23T13:44:14.3025757Z   duration_ms: 0.1452
2026-09-23T13:44:14.3026018Z   type: 'test'
2026-09-23T13:44:14.3026650Z   ...
2026-09-23T13:44:14.3027090Z # Subtest: site schema: table wrong typed number
2026-09-23T13:44:14.3027579Z ok 388 - site schema: table wrong typed number
2026-09-23T13:44:14.3028370Z   ---
2026-09-23T13:44:14.3028796Z   duration_ms: 0.1475
2026-09-23T13:44:14.3029081Z   type: 'test'
2026-09-23T13:44:14.3029296Z   ...
2026-09-23T13:44:14.3029828Z # Subtest: templates satisfy the same wire contract and produce unique block identities
2026-09-23T13:44:14.3030628Z ok 389 - templates satisfy the same wire contract and produce unique block identities
2026-09-23T13:44:14.3031108Z   ---
2026-09-23T13:44:14.3031340Z   duration_ms: 1.8142
2026-09-23T13:44:14.3031590Z   type: 'test'
2026-09-23T13:44:14.3031845Z   ...
2026-09-23T13:44:14.3032217Z # Subtest: site input rejects getters without invoking them
2026-09-23T13:44:14.3032730Z ok 390 - site input rejects getters without invoking them
2026-09-23T13:44:14.3033088Z   ---
2026-09-23T13:44:14.3033291Z   duration_ms: 0.2288
2026-09-23T13:44:14.3033525Z   type: 'test'
2026-09-23T13:44:14.3033749Z   ...
2026-09-23T13:44:14.3034127Z # Subtest: site total image budget is enforced outside the editor
2026-09-23T13:44:14.3034714Z ok 391 - site total image budget is enforced outside the editor
2026-09-23T13:44:14.3035093Z   ---
2026-09-23T13:44:14.3035538Z   duration_ms: 7.0997
2026-09-23T13:44:14.3035788Z   type: 'test'
2026-09-23T13:44:14.3035988Z   ...
2026-09-23T13:44:14.3036498Z # Subtest: image limit counts decoded bytes, including padding at the exact boundary
2026-09-23T13:44:14.3037245Z ok 392 - image limit counts decoded bytes, including padding at the exact boundary
2026-09-23T13:44:14.3037667Z   ---
2026-09-23T13:44:14.3038104Z   duration_ms: 9.7751
2026-09-23T13:44:14.3038370Z   type: 'test'
2026-09-23T13:44:14.3038771Z   ...
2026-09-23T13:44:14.3039286Z # Subtest: individually valid tables also consume the global 128 KiB document budget
2026-09-23T13:44:14.3040065Z ok 393 - individually valid tables also consume the global 128 KiB document budget
2026-09-23T13:44:14.3053882Z   ---
2026-09-23T13:44:14.3054167Z   duration_ms: 15.1873
2026-09-23T13:44:14.3054429Z   type: 'test'
2026-09-23T13:44:14.3054642Z   ...
2026-09-23T13:44:14.5044981Z # Subtest: draft context retains original base and exact pending request across serialisation without transferring ownership
2026-09-23T13:44:14.5047917Z ok 394 - draft context retains original base and exact pending request across serialisation without transferring ownership
2026-09-23T13:44:14.5050324Z   ---
2026-09-23T13:44:14.5050596Z   duration_ms: 2.5291
2026-09-23T13:44:14.5051102Z   type: 'test'
2026-09-23T13:44:14.5051336Z   ...
2026-09-23T13:44:14.5051799Z # Subtest: malformed or ambiguous draft context cannot replace valid private editing metadata
2026-09-23T13:44:14.5052347Z ok 395 - malformed or ambiguous draft context cannot replace valid private editing metadata
2026-09-23T13:44:14.5052674Z   ---
2026-09-23T13:44:14.5052831Z   duration_ms: 0.8809
2026-09-23T13:44:14.5053012Z   type: 'test'
2026-09-23T13:44:14.5053159Z   ...
2026-09-23T13:44:18.4949365Z # Subtest: v4 binds nested and cross-page forms to typed local tables; Node and Go agree on positive/negative document vectors
2026-09-23T13:44:18.4950690Z ok 396 - v4 binds nested and cross-page forms to typed local tables; Node and Go agree on positive/negative document vectors
2026-09-23T13:44:18.4951363Z   ---
2026-09-23T13:44:18.4951658Z   duration_ms: 3571.002
2026-09-23T13:44:18.4951939Z   type: 'test'
2026-09-23T13:44:18.4952185Z   ...
2026-09-23T13:44:18.4955444Z # Subtest: copying a page or a composition rebinds local tables while foreign-page references remain independent
2026-09-23T13:44:18.4956956Z ok 397 - copying a page or a composition rebinds local tables while foreign-page references remain independent
2026-09-23T13:44:18.4957676Z   ---
2026-09-23T13:44:18.4957951Z   duration_ms: 7.9947
2026-09-23T13:44:18.4958239Z   type: 'test'
2026-09-23T13:44:18.4958484Z   ...
2026-09-23T13:44:18.4959634Z # Subtest: v4 schemas remain covered by owner snapshots; unversioned or counterfeit envelopes cannot supply form authority
2026-09-23T13:44:18.4962395Z ok 398 - v4 schemas remain covered by owner snapshots; unversioned or counterfeit envelopes cannot supply form authority
2026-09-23T13:44:18.4963345Z   ---
2026-09-23T13:44:18.4963603Z   duration_ms: 81.4075
2026-09-23T13:44:18.4963878Z   type: 'test'
2026-09-23T13:44:18.4964131Z   ...
2026-09-23T13:44:18.7375736Z # Subtest: versioned sites cross TCP and serial PTY, survive partition/heal and reach a new reader from a consenting offline-author seeder
2026-09-23T13:44:18.7378467Z ok 399 - versioned sites cross TCP and serial PTY, survive partition/heal and reach a new reader from a consenting offline-author seeder # SKIP
2026-09-23T13:44:18.7379354Z   ---
2026-09-23T13:44:18.7379788Z   duration_ms: 0.725
2026-09-23T13:44:18.7380238Z   type: 'test'
2026-09-23T13:44:18.7380598Z   ...
2026-09-23T13:44:19.0280068Z # Subtest: page duplication preserves the source, shared assets and external links while remapping nested self-links
2026-09-23T13:44:19.0283978Z ok 400 - page duplication preserves the source, shared assets and external links while remapping nested self-links
2026-09-23T13:44:19.0292311Z   ---
2026-09-23T13:44:19.0292647Z   duration_ms: 4.9621
2026-09-23T13:44:19.0293119Z   type: 'test'
2026-09-23T13:44:19.0293473Z   ...
2026-09-23T13:44:19.0294311Z # Subtest: duplicate names/slugs remain bounded and unique with Unicode and the exact page cap
2026-09-23T13:44:19.0295364Z ok 401 - duplicate names/slugs remain bounded and unique with Unicode and the exact page cap
2026-09-23T13:44:19.0296057Z   ---
2026-09-23T13:44:19.0296419Z   duration_ms: 6.8959
2026-09-23T13:44:19.0296809Z   type: 'test'
2026-09-23T13:44:19.0297158Z   ...
2026-09-23T13:44:19.0297892Z # Subtest: page copying accepts exactly 128 nodes and refuses the next node without changing the draft
2026-09-23T13:44:19.0298871Z ok 402 - page copying accepts exactly 128 nodes and refuses the next node without changing the draft
2026-09-23T13:44:19.0299414Z   ---
2026-09-23T13:44:19.0299673Z   duration_ms: 5.2657
2026-09-23T13:44:19.0299849Z   type: 'test'
2026-09-23T13:44:19.0299999Z   ...
2026-09-23T13:44:19.0300405Z # Subtest: reordering preserves page identities, home and links and has no history-changing boundary step
2026-09-23T13:44:19.0301270Z ok 403 - reordering preserves page identities, home and links and has no history-changing boundary step
2026-09-23T13:44:19.0301624Z   ---
2026-09-23T13:44:19.0301786Z   duration_ms: 1.1269
2026-09-23T13:44:19.0302751Z   type: 'test'
2026-09-23T13:44:19.0302900Z   ...
2026-09-23T13:44:19.0303330Z # Subtest: copying is explicit authored content creation in the selected language and never mutates an invalid source
2026-09-23T13:44:19.0303984Z ok 404 - copying is explicit authored content creation in the selected language and never mutates an invalid source
2026-09-23T13:44:19.0304354Z   ---
2026-09-23T13:44:19.0304523Z   duration_ms: 1.3862
2026-09-23T13:44:19.0304694Z   type: 'test'
2026-09-23T13:44:19.0304835Z   ...
2026-09-23T13:44:19.6820476Z # (node:2312) ExperimentalWarning: SQLite is an experimental feature and might change at any time
2026-09-23T13:44:19.6821588Z # (Use `node --trace-warnings ...` to show where the warning was created)
2026-09-23T13:44:19.6851757Z # Subtest: private site staging survives SQLite restart and does not expose signatures to the reading secret
2026-09-23T13:44:19.6853157Z ok 405 - private site staging survives SQLite restart and does not expose signatures to the reading secret
2026-09-23T13:44:19.6853914Z   ---
2026-09-23T13:44:19.6854290Z   duration_ms: 87.9594
2026-09-23T13:44:19.6854677Z   type: 'test'
2026-09-23T13:44:19.6855009Z   ...
2026-09-23T13:44:19.6862128Z # Subtest: private resource staging survives SQLite restart and does not expose signatures to the reading secret
2026-09-23T13:44:19.6863373Z ok 406 - private resource staging survives SQLite restart and does not expose signatures to the reading secret
2026-09-23T13:44:19.6864123Z   ---
2026-09-23T13:44:19.6864470Z   duration_ms: 78.1275
2026-09-23T13:44:19.6864846Z   type: 'test'
2026-09-23T13:44:19.6865183Z   ...
2026-09-23T13:44:19.6866021Z # Subtest: private contribution staging survives SQLite restart and does not expose signatures to the reading secret
2026-09-23T13:44:19.6867304Z ok 407 - private contribution staging survives SQLite restart and does not expose signatures to the reading secret
2026-09-23T13:44:19.6868097Z   ---
2026-09-23T13:44:19.6868439Z   duration_ms: 70.8525
2026-09-23T13:44:19.6868803Z   type: 'test'
2026-09-23T13:44:19.6869048Z   ...
2026-09-23T13:44:19.6869830Z # Subtest: private contribution-inbox staging survives SQLite restart and does not expose signatures to the reading secret
2026-09-23T13:44:19.6871238Z ok 408 - private contribution-inbox staging survives SQLite restart and does not expose signatures to the reading secret
2026-09-23T13:44:19.6871919Z   ---
2026-09-23T13:44:19.6872163Z   duration_ms: 78.1898
2026-09-23T13:44:19.6872443Z   type: 'test'
2026-09-23T13:44:19.6872667Z   ...
2026-09-23T13:44:19.6873445Z # Subtest: private contribution-receipt staging survives SQLite restart and does not expose signatures to the reading secret
2026-09-23T13:44:19.6874862Z ok 409 - private contribution-receipt staging survives SQLite restart and does not expose signatures to the reading secret
2026-09-23T13:44:19.6875780Z   ---
2026-09-23T13:44:19.6876047Z   duration_ms: 75.0312
2026-09-23T13:44:19.6876325Z   type: 'test'
2026-09-23T13:44:19.6876554Z   ...
2026-09-23T13:44:19.6877241Z # Subtest: private staging quota failure aborts all record changes even when its error is caught
2026-09-23T13:44:19.6878349Z ok 410 - private staging quota failure aborts all record changes even when its error is caught
2026-09-23T13:44:19.6878908Z   ---
2026-09-23T13:44:19.6879145Z   duration_ms: 16.3901
2026-09-23T13:44:19.6879410Z   type: 'test'
2026-09-23T13:44:19.6879647Z   ...
2026-09-23T13:44:19.6880157Z # Subtest: private record handles expire at the synchronous transaction boundary
2026-09-23T13:44:19.6880938Z ok 411 - private record handles expire at the synchronous transaction boundary
2026-09-23T13:44:19.6881709Z   ---
2026-09-23T13:44:19.6881947Z   duration_ms: 5.6123
2026-09-23T13:44:19.6882213Z   type: 'test'
2026-09-23T13:44:19.6882446Z   ...
2026-09-23T13:44:19.6883382Z # Subtest: missing and transposed ciphertext are rejected even inside an otherwise authentic outer database
2026-09-23T13:44:19.6884453Z ok 412 - missing and transposed ciphertext are rejected even inside an otherwise authentic outer database
2026-09-23T13:44:19.6885605Z   ---
2026-09-23T13:44:19.6885844Z   duration_ms: 19.8229
2026-09-23T13:44:19.6886113Z   type: 'test'
2026-09-23T13:44:19.6886351Z   ...
2026-09-23T13:44:22.3119209Z # Subtest: node editor keeps one publication after a lost response and process restart; private version recovery preserves readers
2026-09-23T13:44:22.3120789Z ok 413 - node editor keeps one publication after a lost response and process restart; private version recovery preserves readers
2026-09-23T13:44:22.3121639Z   ---
2026-09-23T13:44:22.3122014Z   duration_ms: 2300.3949
2026-09-23T13:44:22.3122407Z   type: 'test'
2026-09-23T13:44:22.3122717Z   ...
2026-09-23T13:44:24.7458741Z # Subtest: node editor rejects stale and changed review bases, and can close a consumed competing attempt without claiming cancellation
2026-09-23T13:44:24.7460420Z ok 414 - node editor rejects stale and changed review bases, and can close a consumed competing attempt without claiming cancellation
2026-09-23T13:44:24.7461338Z   ---
2026-09-23T13:44:24.7461755Z   duration_ms: 2433.6585
2026-09-23T13:44:24.7462168Z   type: 'test'
2026-09-23T13:44:24.7462518Z   ...
2026-09-23T13:44:25.8970085Z # Subtest: node editor never sends before durable draft acknowledgement, keeps unknown submissions frozen, and fences a locked session
2026-09-23T13:44:25.8971201Z ok 415 - node editor never sends before durable draft acknowledgement, keeps unknown submissions frozen, and fences a locked session
2026-09-23T13:44:25.8971642Z   ---
2026-09-23T13:44:25.8971810Z   duration_ms: 1151.011
2026-09-23T13:44:25.8971989Z   type: 'test'
2026-09-23T13:44:25.8972147Z   ...
2026-09-23T13:44:27.1591069Z # Subtest: native editor keeps one publication after a lost response and process restart; private version recovery preserves readers
2026-09-23T13:44:27.1592441Z ok 416 - native editor keeps one publication after a lost response and process restart; private version recovery preserves readers
2026-09-23T13:44:27.1593205Z   ---
2026-09-23T13:44:27.1593457Z   duration_ms: 1262.8534
2026-09-23T13:44:27.1593740Z   type: 'test'
2026-09-23T13:44:27.1593960Z   ...
2026-09-23T13:44:29.1082874Z # Subtest: native editor rejects stale and changed review bases, and can close a consumed competing attempt without claiming cancellation
2026-09-23T13:44:29.1084304Z ok 417 - native editor rejects stale and changed review bases, and can close a consumed competing attempt without claiming cancellation
2026-09-23T13:44:29.1084998Z   ---
2026-09-23T13:44:29.1085249Z   duration_ms: 1948.6598
2026-09-23T13:44:29.1085546Z   type: 'test'
2026-09-23T13:44:29.1085724Z   ...
2026-09-23T13:44:29.7608629Z # Subtest: native editor never sends before durable draft acknowledgement, keeps unknown submissions frozen, and fences a locked session
2026-09-23T13:44:29.7610151Z ok 418 - native editor never sends before durable draft acknowledgement, keeps unknown submissions frozen, and fences a locked session
2026-09-23T13:44:29.7610937Z   ---
2026-09-23T13:44:29.7611193Z   duration_ms: 650.207
2026-09-23T13:44:29.7611476Z   type: 'test'
2026-09-23T13:44:29.7611727Z   ...
2026-09-23T13:44:31.5476669Z # Subtest: node editor can close an unadmitted request after a late fork changes only its base
2026-09-23T13:44:31.5477900Z ok 419 - node editor can close an unadmitted request after a late fork changes only its base
2026-09-23T13:44:31.5478606Z   ---
2026-09-23T13:44:31.5478999Z   duration_ms: 1789.1878
2026-09-23T13:44:31.5479411Z   type: 'test'
2026-09-23T13:44:31.5479766Z   ...
2026-09-23T13:44:33.3456663Z # Subtest: native editor can close an unadmitted request after a late fork changes only its base
2026-09-23T13:44:33.3457976Z ok 420 - native editor can close an unadmitted request after a late fork changes only its base
2026-09-23T13:44:33.3458972Z   ---
2026-09-23T13:44:33.3459676Z   duration_ms: 1795.9124
2026-09-23T13:44:33.3460112Z   type: 'test'
2026-09-23T13:44:33.3460464Z   ...
2026-09-23T13:44:40.5319826Z # Subtest: node editor can resume an earlier authorized copy without replacing the current draft
2026-09-23T13:44:40.5321315Z ok 421 - node editor can resume an earlier authorized copy without replacing the current draft
2026-09-23T13:44:40.5321647Z   ---
2026-09-23T13:44:40.5321817Z   duration_ms: 7187.4605
2026-09-23T13:44:40.5322007Z   type: 'test'
2026-09-23T13:44:40.5322151Z   ...
2026-09-23T13:44:44.2833686Z # Subtest: native editor can resume an earlier authorized copy without replacing the current draft
2026-09-23T13:44:44.2834776Z ok 422 - native editor can resume an earlier authorized copy without replacing the current draft
2026-09-23T13:44:44.2835364Z   ---
2026-09-23T13:44:44.2835632Z   duration_ms: 3754.5166
2026-09-23T13:44:44.2835932Z   type: 'test'
2026-09-23T13:44:44.2836166Z   ...
2026-09-23T13:44:45.6003843Z # Subtest: receipt journals agree across Node/portable/Go on immutable intent, phases, expiry and source binding
2026-09-23T13:44:45.6006273Z ok 423 - receipt journals agree across Node/portable/Go on immutable intent, phases, expiry and source binding
2026-09-23T13:44:45.6006933Z   ---
2026-09-23T13:44:45.6007198Z   duration_ms: 1030.6915
2026-09-23T13:44:45.6007495Z   type: 'test'
2026-09-23T13:44:45.6007723Z   ...
2026-09-23T13:46:17.8790690Z # (node:9556) ExperimentalWarning: SQLite is an experimental feature and might change at any time
2026-09-23T13:46:17.8791272Z # (Use `node --trace-warnings ...` to show where the warning was created)
2026-09-23T13:46:17.8807138Z # Subtest: Node receipt batch rotates fairly and retains every pending original envelope
2026-09-23T13:46:17.8808048Z ok 424 - Node receipt batch rotates fairly and retains every pending original envelope
2026-09-23T13:46:17.8808606Z   ---
2026-09-23T13:46:17.8808788Z   duration_ms: 1256.152
2026-09-23T13:46:17.8808981Z   type: 'test'
2026-09-23T13:46:17.8809176Z   ...
2026-09-23T13:46:17.8812939Z # Subtest: Node receipt batch charges failed copies and retains every pending original envelope
2026-09-23T13:46:17.8813982Z ok 425 - Node receipt batch charges failed copies and retains every pending original envelope
2026-09-23T13:46:17.8814349Z   ---
2026-09-23T13:46:17.8814521Z   duration_ms: 1055.3043
2026-09-23T13:46:17.8814712Z   type: 'test'
2026-09-23T13:46:17.8814872Z   ...
2026-09-23T13:46:17.8815978Z # Subtest: Go receipt runtime applies the same rotating copy budget, including real quota failures
2026-09-23T13:46:17.8818222Z ok 426 - Go receipt runtime applies the same rotating copy budget, including real quota failures
2026-09-23T13:46:17.8818586Z   ---
2026-09-23T13:46:17.8818811Z   duration_ms: 89715.3188
2026-09-23T13:46:17.8819066Z   type: 'test'
2026-09-23T13:46:17.8819266Z   ...
2026-09-23T13:46:17.8819653Z # {"phase":"compile-only","durationMs":68117,"exitCode":0,"signal":null,"error":null}
2026-09-23T13:46:17.8820280Z # {"phase":"execute","durationMs":21591,"exitCode":0,"signal":null,"error":null}
2026-09-23T13:46:19.8559489Z # Subtest: site sequence reservation is not publication; replay is stable and stale bases do not mutate state
2026-09-23T13:46:19.8560769Z ok 427 - site sequence reservation is not publication; replay is stable and stale bases do not mutate state
2026-09-23T13:46:19.8562043Z   ---
2026-09-23T13:46:19.8562319Z   duration_ms: 25.7994
2026-09-23T13:46:19.8562609Z   type: 'test'
2026-09-23T13:46:19.8562840Z   ...
2026-09-23T13:46:19.8563555Z # Subtest: a newer signed observation supersedes an unfinished publication and cannot roll back to older headers
2026-09-23T13:46:19.8565153Z ok 428 - a newer signed observation supersedes an unfinished publication and cannot roll back to older headers
2026-09-23T13:46:19.8565810Z   ---
2026-09-23T13:46:19.8566080Z   duration_ms: 12.6218
2026-09-23T13:46:19.8566356Z   type: 'test'
2026-09-23T13:46:19.8566580Z   ...
2026-09-23T13:46:19.8567428Z # Subtest: retired site operation sequences cannot be replayed as new writes
2026-09-23T13:46:19.8571659Z ok 429 - retired site operation sequences cannot be replayed as new writes
2026-09-23T13:46:19.8573196Z   ---
2026-09-23T13:46:19.8573941Z   duration_ms: 783.1427
2026-09-23T13:46:19.8574234Z   type: 'test'
2026-09-23T13:46:19.8574471Z   ...
2026-09-23T13:46:19.8575117Z # Subtest: a full site history can advance while the latest known header is retained without payloads
2026-09-23T13:46:19.8576095Z ok 430 - a full site history can advance while the latest known header is retained without payloads
2026-09-23T13:46:19.8576670Z   ---
2026-09-23T13:46:19.8576917Z   duration_ms: 760.5484
2026-09-23T13:46:19.8577172Z   type: 'test'
2026-09-23T13:46:19.8577395Z   ...
2026-09-23T13:46:19.8578105Z # Subtest: registry shape and single pending operation limits reject malformed state without invoking getters
2026-09-23T13:46:19.8579212Z ok 431 - registry shape and single pending operation limits reject malformed state without invoking getters
2026-09-23T13:46:19.8580016Z   ---
2026-09-23T13:46:19.8580293Z   duration_ms: 5.8051
2026-09-23T13:46:19.8580469Z   type: 'test'
2026-09-23T13:46:19.8580654Z   ...
2026-09-23T13:46:19.8581007Z # Subtest: equal-sequence signed concurrency changes the base before durable authorization
2026-09-23T13:46:19.8581524Z ok 432 - equal-sequence signed concurrency changes the base before durable authorization
2026-09-23T13:46:19.8581852Z   ---
2026-09-23T13:46:19.8582013Z   duration_ms: 6.7754
2026-09-23T13:46:19.8582194Z   type: 'test'
2026-09-23T13:46:19.8582352Z   ...
2026-09-23T13:46:19.8582724Z # Subtest: committed publication recovery is irreversible and never rolls back a newer signed head
2026-09-23T13:46:19.8583275Z ok 433 - committed publication recovery is irreversible and never rolls back a newer signed head
2026-09-23T13:46:19.8583615Z   ---
2026-09-23T13:46:19.8583770Z   duration_ms: 14.4334
2026-09-23T13:46:19.8583945Z   type: 'test'
2026-09-23T13:46:19.8584103Z   ...
2026-09-23T13:46:19.8584493Z # Subtest: cryptographic memoization is confined to one transition and cannot hide subsequent mutations
2026-09-23T13:46:19.8585076Z ok 434 - cryptographic memoization is confined to one transition and cannot hide subsequent mutations
2026-09-23T13:46:19.8585438Z   ---
2026-09-23T13:46:19.8585602Z   duration_ms: 155.095
2026-09-23T13:46:19.8585794Z   type: 'test'
2026-09-23T13:46:19.8585943Z   ...
2026-09-23T13:46:21.2821518Z # Subtest: explicit refusal journals agree across Node/portable/Go on immutable intent, phases, expiry and source binding
2026-09-23T13:46:21.2824871Z ok 435 - explicit refusal journals agree across Node/portable/Go on immutable intent, phases, expiry and source binding
2026-09-23T13:46:21.2825629Z   ---
2026-09-23T13:46:21.2825911Z   duration_ms: 1142.8924
2026-09-23T13:46:21.2826201Z   type: 'test'
2026-09-23T13:46:21.2826433Z   ...
2026-09-23T13:46:21.7776788Z # (node:8068) ExperimentalWarning: SQLite is an experimental feature and might change at any time
2026-09-23T13:46:21.7777736Z # (Use `node --trace-warnings ...` to show where the warning was created)
2026-09-23T13:46:21.7794690Z # Subtest: logical site publication replays the same public or private result before and after staging retirement
2026-09-23T13:46:21.7797216Z ok 436 - logical site publication replays the same public or private result before and after staging retirement
2026-09-23T13:46:21.7797974Z   ---
2026-09-23T13:46:21.7798261Z   duration_ms: 186.396
2026-09-23T13:46:21.7798845Z   type: 'test'
2026-09-23T13:46:21.7799091Z   ...
2026-09-23T13:46:21.7801716Z # Subtest: request fingerprints bind exact reading cards, base, lifetime and document consistently across crypto runtimes
2026-09-23T13:46:21.7804171Z ok 437 - request fingerprints bind exact reading cards, base, lifetime and document consistently across crypto runtimes
2026-09-23T13:46:21.7805069Z   ---
2026-09-23T13:46:21.7805332Z   duration_ms: 39.2731
2026-09-23T13:46:21.7805615Z   type: 'test'
2026-09-23T13:46:21.7806139Z   ...
2026-09-23T13:46:22.1771440Z # (node:620) ExperimentalWarning: SQLite is an experimental feature and might change at any time
2026-09-23T13:46:22.1772637Z # (Use `node --trace-warnings ...` to show where the warning was created)
2026-09-23T13:46:22.1794217Z # Subtest: resource preparation is encrypted, survives reopen and returns the same reference after a lost response
2026-09-23T13:46:22.1795421Z ok 438 - resource preparation is encrypted, survives reopen and returns the same reference after a lost response
2026-09-23T13:46:22.1796092Z   ---
2026-09-23T13:46:22.1796364Z   duration_ms: 50.6709
2026-09-23T13:46:22.1796643Z   type: 'test'
2026-09-23T13:46:22.1796884Z   ...
2026-09-23T13:46:22.1798503Z # Subtest: resource quota failure rolls back counter and signatures, even when caught by an outer caller
2026-09-23T13:46:22.1799629Z ok 439 - resource quota failure rolls back counter and signatures, even when caught by an outer caller
2026-09-23T13:46:22.1800257Z   ---
2026-09-23T13:46:22.1800517Z   duration_ms: 83.4164
2026-09-23T13:46:22.1800795Z   type: 'test'
2026-09-23T13:46:22.1801026Z   ...
2026-09-23T13:46:22.1801847Z # Subtest: a different copy cannot finish an operation or consume its pending signature
2026-09-23T13:46:22.1802674Z ok 440 - a different copy cannot finish an operation or consume its pending signature
2026-09-23T13:46:22.1803181Z   ---
2026-09-23T13:46:22.1803424Z   duration_ms: 24.7565
2026-09-23T13:46:22.1803699Z   type: 'test'
2026-09-23T13:46:22.1803929Z   ...
2026-09-23T13:46:24.2537517Z # Subtest: expired preparation authenticates before disposal and never silently recreates the requested resource
2026-09-23T13:46:24.2538755Z ok 441 - expired preparation authenticates before disposal and never silently recreates the requested resource
2026-09-23T13:46:24.2539407Z   ---
2026-09-23T13:46:24.2539667Z   duration_ms: 1123.8971
2026-09-23T13:46:24.2539965Z   type: 'test'
2026-09-23T13:46:24.2540197Z   ...
2026-09-23T13:46:24.2540782Z # Subtest: a missing stage is corruption and is never interpreted as a fresh catalogue
2026-09-23T13:46:24.2541607Z ok 442 - a missing stage is corruption and is never interpreted as a fresh catalogue
2026-09-23T13:46:24.2542116Z   ---
2026-09-23T13:46:24.2542357Z   duration_ms: 12.2506
2026-09-23T13:46:24.2542635Z   type: 'test'
2026-09-23T13:46:24.2542854Z   ...
2026-09-23T13:46:24.2545029Z # Subtest: real process exit before-commit cannot duplicate or lose the resource creation identity
2026-09-23T13:46:24.2546231Z ok 443 - real process exit before-commit cannot duplicate or lose the resource creation identity
2026-09-23T13:46:24.2546824Z   ---
2026-09-23T13:46:24.2547081Z   duration_ms: 233.4316
2026-09-23T13:46:24.2547379Z   type: 'test'
2026-09-23T13:46:24.2547608Z   ...
2026-09-23T13:46:24.2548346Z # Subtest: real process exit after-commit cannot duplicate or lose the resource creation identity
2026-09-23T13:46:24.2549256Z ok 444 - real process exit after-commit cannot duplicate or lose the resource creation identity
2026-09-23T13:46:24.2549667Z   ---
2026-09-23T13:46:24.2549832Z   duration_ms: 235.182
2026-09-23T13:46:24.2550015Z   type: 'test'
2026-09-23T13:46:24.2550179Z   ...
2026-09-23T13:46:24.2550534Z # Subtest: real process exit after-copy cannot duplicate or lose the resource creation identity
2026-09-23T13:46:24.2551089Z ok 445 - real process exit after-copy cannot duplicate or lose the resource creation identity
2026-09-23T13:46:24.2551415Z   ---
2026-09-23T13:46:24.2551575Z   duration_ms: 246.9133
2026-09-23T13:46:24.2551750Z   type: 'test'
2026-09-23T13:46:24.2551902Z   ...
2026-09-23T13:46:24.2552258Z # Subtest: real process exit after-ready cannot duplicate or lose the resource creation identity
2026-09-23T13:46:24.2552785Z ok 446 - real process exit after-ready cannot duplicate or lose the resource creation identity
2026-09-23T13:46:24.2553107Z   ---
2026-09-23T13:46:24.2553262Z   duration_ms: 232.6693
2026-09-23T13:46:24.2553439Z   type: 'test'
2026-09-23T13:46:24.2553835Z   ...
2026-09-23T13:46:25.3497574Z # Subtest: v3 accepts bounded optional references and duplicates a page without transferring resource authorship
2026-09-23T13:46:25.3499630Z ok 447 - v3 accepts bounded optional references and duplicates a page without transferring resource authorship
2026-09-23T13:46:25.3500216Z   ---
2026-09-23T13:46:25.3500443Z   duration_ms: 9.7404
2026-09-23T13:46:25.3500696Z   type: 'test'
2026-09-23T13:46:25.3500922Z   ...
2026-09-23T13:46:25.3504015Z # Subtest: Node and Go agree on v3 reference vectors, legacy compatibility and exact resource limits
2026-09-23T13:46:25.3505218Z ok 448 - Node and Go agree on v3 reference vectors, legacy compatibility and exact resource limits
2026-09-23T13:46:25.3506036Z   ---
2026-09-23T13:46:25.3506309Z   duration_ms: 853.958
2026-09-23T13:46:25.3506606Z   type: 'test'
2026-09-23T13:46:25.3506836Z   ...
2026-09-23T13:46:25.3510022Z # Subtest: reference descriptors reject getters without executing them
2026-09-23T13:46:25.3510786Z ok 449 - reference descriptors reject getters without executing them
2026-09-23T13:46:25.3511216Z   ---
2026-09-23T13:46:25.3511467Z   duration_ms: 0.3707
2026-09-23T13:46:25.3511728Z   type: 'test'
2026-09-23T13:46:25.3511959Z   ...
2026-09-23T13:46:25.3512534Z # Subtest: resource insertion preserves the original filename while bounding a Unicode heading
2026-09-23T13:46:25.3513471Z ok 450 - resource insertion preserves the original filename while bounding a Unicode heading
2026-09-23T13:46:25.3514014Z   ---
2026-09-23T13:46:25.3514252Z   duration_ms: 0.3822
2026-09-23T13:46:25.3514510Z   type: 'test'
2026-09-23T13:46:25.3514740Z   ...
2026-09-23T13:46:25.5768182Z # Subtest: automatic resource checks bound concurrency and retain each authenticated target
2026-09-23T13:46:25.5769203Z ok 451 - automatic resource checks bound concurrency and retain each authenticated target
2026-09-23T13:46:25.5770036Z   ---
2026-09-23T13:46:25.5770283Z   duration_ms: 8.0796
2026-09-23T13:46:25.5770603Z   type: 'test'
2026-09-23T13:46:25.5770820Z   ...
2026-09-23T13:46:25.5794036Z # Subtest: aborting an active view cannot release its real request slot early
2026-09-23T13:46:25.5795877Z ok 452 - aborting an active view cannot release its real request slot early
2026-09-23T13:46:25.5796654Z   ---
2026-09-23T13:46:25.5797104Z   duration_ms: 2.566
2026-09-23T13:46:25.5797387Z   type: 'test'
2026-09-23T13:46:25.5797555Z   ...
2026-09-23T13:46:25.5818294Z # Subtest: queued cancellation never reaches the runtime and a failed request advances the queue
2026-09-23T13:46:25.5819443Z ok 453 - queued cancellation never reaches the runtime and a failed request advances the queue
2026-09-23T13:46:25.5819987Z   ---
2026-09-23T13:46:25.5820230Z   duration_ms: 2.1277
2026-09-23T13:46:25.5820485Z   type: 'test'
2026-09-23T13:46:25.5820647Z   ...
2026-09-23T13:46:25.5856265Z # Subtest: queue exhaustion preserves admitted checks and already-aborted work never starts
2026-09-23T13:46:25.5858017Z ok 454 - queue exhaustion preserves admitted checks and already-aborted work never starts
2026-09-23T13:46:25.5858703Z   ---
2026-09-23T13:46:25.5863258Z   duration_ms: 3.7817
2026-09-23T13:46:25.5863731Z   type: 'test'
2026-09-23T13:46:25.5864093Z   ...
2026-09-23T13:46:25.5870045Z # Subtest: identical reference checks coalesce only in flight and return independent result objects
2026-09-23T13:46:25.5871322Z ok 455 - identical reference checks coalesce only in flight and return independent result objects
2026-09-23T13:46:25.5872062Z   ---
2026-09-23T13:46:25.5872429Z   duration_ms: 1.2104
2026-09-23T13:46:25.5872817Z   type: 'test'
2026-09-23T13:46:25.5873170Z   ...
2026-09-23T13:46:25.5882126Z # Subtest: reference coalescing separates snapshots, pages and descriptor changes
2026-09-23T13:46:25.5882992Z ok 456 - reference coalescing separates snapshots, pages and descriptor changes
2026-09-23T13:46:25.5883514Z   ---
2026-09-23T13:46:25.5883769Z   duration_ms: 1.2204
2026-09-23T13:46:25.5884972Z   type: 'test'
2026-09-23T13:46:25.5885235Z   ...
2026-09-23T13:46:25.5894170Z # Subtest: one cancelled consumer does not cancel its live sibling; abandoned views cannot be revived
2026-09-23T13:46:25.5895742Z ok 457 - one cancelled consumer does not cancel its live sibling; abandoned views cannot be revived
2026-09-23T13:46:25.5896323Z   ---
2026-09-23T13:46:25.5896578Z   duration_ms: 1.4414
2026-09-23T13:46:25.5896849Z   type: 'test'
2026-09-23T13:46:25.5897074Z   ...
2026-09-23T13:46:25.5904557Z # Subtest: shared-request failures reject every caller and do not become cached success
2026-09-23T13:46:25.5905556Z ok 458 - shared-request failures reject every caller and do not become cached success
2026-09-23T13:46:25.5906222Z   ---
2026-09-23T13:46:25.5906461Z   duration_ms: 0.8842
2026-09-23T13:46:25.5906730Z   type: 'test'
2026-09-23T13:46:25.5906968Z   ...
2026-09-23T13:46:25.5914796Z # Subtest: coalesced observers remain bounded even when they share one runtime request
2026-09-23T13:46:25.5915694Z ok 459 - coalesced observers remain bounded even when they share one runtime request
2026-09-23T13:46:25.5916222Z   ---
2026-09-23T13:46:25.5916477Z   duration_ms: 0.8478
2026-09-23T13:46:25.5916766Z   type: 'test'
2026-09-23T13:46:25.5917004Z   ...
2026-09-23T13:46:27.3019072Z # Subtest: TypeScript and a real Go process agree on resource identity, canonical hashes, boundaries and reading scope
2026-09-23T13:46:27.3021743Z ok 460 - TypeScript and a real Go process agree on resource identity, canonical hashes, boundaries and reading scope
2026-09-23T13:46:27.3022205Z   ---
2026-09-23T13:46:27.3022382Z   duration_ms: 1511.4294
2026-09-23T13:46:27.3022576Z   type: 'test'
2026-09-23T13:46:27.3022725Z   ...
2026-09-23T13:46:29.4066300Z # Subtest: Node and Go agree on creation fingerprints, exact outcomes, retirement and malformed records
2026-09-23T13:46:29.4068839Z ok 461 - Node and Go agree on creation fingerprints, exact outcomes, retirement and malformed records
2026-09-23T13:46:29.4069402Z   ---
2026-09-23T13:46:29.4069696Z   duration_ms: 1888.8259
2026-09-23T13:46:29.4069989Z   type: 'test'
2026-09-23T13:46:29.4070156Z   ...
2026-09-23T13:46:30.4958166Z # Subtest: resource creation retries retain one signed identity and reject UUID reuse with a different request
2026-09-23T13:46:30.4959608Z ok 462 - resource creation retries retain one signed identity and reject UUID reuse with a different request
2026-09-23T13:46:30.4960456Z   ---
2026-09-23T13:46:30.4960745Z   duration_ms: 6.6027
2026-09-23T13:46:30.4961048Z   type: 'test'
2026-09-23T13:46:30.4961291Z   ...
2026-09-23T13:46:30.4961841Z # Subtest: a pending copy holds the slot; only its exact ciphertext may complete it
2026-09-23T13:46:30.4962654Z ok 463 - a pending copy holds the slot; only its exact ciphertext may complete it
2026-09-23T13:46:30.4963161Z   ---
2026-09-23T13:46:30.4963416Z   duration_ms: 3.505
2026-09-23T13:46:30.4963690Z   type: 'test'
2026-09-23T13:46:30.4963927Z   ...
2026-09-23T13:46:30.4965932Z # Subtest: expired pending work remains a terminal outcome instead of silently signing a replacement
2026-09-23T13:46:30.4966942Z ok 464 - expired pending work remains a terminal outcome instead of silently signing a replacement
2026-09-23T13:46:30.4967774Z   ---
2026-09-23T13:46:30.4968025Z   duration_ms: 2.5279
2026-09-23T13:46:30.4968300Z   type: 'test'
2026-09-23T13:46:30.4968541Z   ...
2026-09-23T13:46:30.4969207Z # Subtest: retirement is bounded by committed sequence and cannot turn an old uncertain retry into new work
2026-09-23T13:46:30.4970252Z ok 465 - retirement is bounded by committed sequence and cannot turn an old uncertain retry into new work
2026-09-23T13:46:30.4970865Z   ---
2026-09-23T13:46:30.4971108Z   duration_ms: 848.3955
2026-09-23T13:46:30.4971383Z   type: 'test'
2026-09-23T13:46:30.4971624Z   ...
2026-09-23T13:46:30.4972293Z # Subtest: staging cannot change creator, size, scope or lifespan; private reader scope must include the owner
2026-09-23T13:46:30.4973719Z ok 466 - staging cannot change creator, size, scope or lifespan; private reader scope must include the owner
2026-09-23T13:46:30.4974347Z   ---
2026-09-23T13:46:30.4974593Z   duration_ms: 1.3424
2026-09-23T13:46:30.4975697Z   type: 'test'
2026-09-23T13:46:30.4975943Z   ...
2026-09-23T13:46:30.4976483Z # Subtest: untrusted local record and request getters are refused without execution
2026-09-23T13:46:30.4977266Z ok 467 - untrusted local record and request getters are refused without execution
2026-09-23T13:46:30.4977770Z   ---
2026-09-23T13:46:30.4978004Z   duration_ms: 0.2878
2026-09-23T13:46:30.4978264Z   type: 'test'
2026-09-23T13:46:30.4978494Z   ...
2026-09-23T13:46:31.9506573Z # (node:8000) ExperimentalWarning: SQLite is an experimental feature and might change at any time
2026-09-23T13:46:31.9507150Z # (Use `node --trace-warnings ...` to show where the warning was created)
2026-09-23T13:46:31.9525747Z # Subtest: resource UI controller recovers a lost committed reply without creating another signature
2026-09-23T13:46:31.9528925Z ok 468 - resource UI controller recovers a lost committed reply without creating another signature
2026-09-23T13:46:31.9529613Z   ---
2026-09-23T13:46:31.9529904Z   duration_ms: 180.4437
2026-09-23T13:46:31.9530198Z   type: 'test'
2026-09-23T13:46:31.9530438Z   ...
2026-09-23T13:46:31.9538254Z # Subtest: resource UI retries an unconfirmed request only on explicit action and with the same UUID and payload
2026-09-23T13:46:31.9539364Z ok 469 - resource UI retries an unconfirmed request only on explicit action and with the same UUID and payload
2026-09-23T13:46:31.9539999Z   ---
2026-09-23T13:46:31.9540250Z   duration_ms: 147.2496
2026-09-23T13:46:31.9540531Z   type: 'test'
2026-09-23T13:46:31.9540765Z   ...
2026-09-23T13:46:31.9541433Z # Subtest: closing a resource UI session fences an in-flight result while the durable library remains recoverable
2026-09-23T13:46:31.9542524Z ok 470 - closing a resource UI session fences an in-flight result while the durable library remains recoverable
2026-09-23T13:46:31.9543175Z   ---
2026-09-23T13:46:31.9543424Z   duration_ms: 144.8183
2026-09-23T13:46:31.9543703Z   type: 'test'
2026-09-23T13:46:31.9543950Z   ...
2026-09-23T13:46:31.9544612Z # Subtest: resource library walks real history beyond the operation journal and retains third-party creators
2026-09-23T13:46:31.9545679Z ok 471 - resource library walks real history beyond the operation journal and retains third-party creators
2026-09-23T13:46:31.9546304Z   ---
2026-09-23T13:46:31.9546552Z   duration_ms: 540.6466
2026-09-23T13:46:31.9546832Z   type: 'test'
2026-09-23T13:46:31.9547065Z   ...
2026-09-23T13:46:31.9547526Z # Subtest: resource sizes never round a nonempty small file down to zero
2026-09-23T13:46:31.9548225Z ok 472 - resource sizes never round a nonempty small file down to zero
2026-09-23T13:46:31.9548662Z   ---
2026-09-23T13:46:31.9548899Z   duration_ms: 14.5493
2026-09-23T13:46:31.9549146Z   type: 'test'
2026-09-23T13:46:31.9549359Z   ...
2026-09-23T13:46:32.2548679Z # Subtest: a table descriptor pins its complete canonical payload and returns owned data
2026-09-23T13:46:32.2551337Z ok 473 - a table descriptor pins its complete canonical payload and returns owned data
2026-09-23T13:46:32.2551721Z   ---
2026-09-23T13:46:32.2551907Z   duration_ms: 11.1365
2026-09-23T13:46:32.2552096Z   type: 'test'
2026-09-23T13:46:32.2552485Z   ...
2026-09-23T13:46:32.2555916Z # Subtest: verification of real encrypted envelopes precedes descriptor matching; a reader's valid signature cannot replace the referenced author
2026-09-23T13:46:32.2557467Z ok 474 - verification of real encrypted envelopes precedes descriptor matching; a reader's valid signature cannot replace the referenced author
2026-09-23T13:46:32.2558287Z   ---
2026-09-23T13:46:32.2558556Z   duration_ms: 15.1253
2026-09-23T13:46:32.2558835Z   type: 'test'
2026-09-23T13:46:32.2559069Z   ...
2026-09-23T13:46:32.2559903Z # Subtest: files have canonical base64, exact decoded boundaries and no executable rendering type
2026-09-23T13:46:32.2561237Z ok 475 - files have canonical base64, exact decoded boundaries and no executable rendering type
2026-09-23T13:46:32.2561834Z   ---
2026-09-23T13:46:32.2562297Z   duration_ms: 58.1117
2026-09-23T13:46:32.2562571Z   type: 'test'
2026-09-23T13:46:32.2562795Z   ...
2026-09-23T13:46:32.2563455Z # Subtest: a private resource never becomes public by reference and reader sets cannot silently expand
2026-09-23T13:46:32.2564468Z ok 476 - a private resource never becomes public by reference and reader sets cannot silently expand
2026-09-23T13:46:32.2565027Z   ---
2026-09-23T13:46:32.2565280Z   duration_ms: 0.575
2026-09-23T13:46:32.2565538Z   type: 'test'
2026-09-23T13:46:32.2565746Z   ...
2026-09-23T13:46:32.2566355Z # Subtest: descriptor and nested data getters are refused without access, including reader arrays
2026-09-23T13:46:32.2567278Z ok 477 - descriptor and nested data getters are refused without access, including reader arrays
2026-09-23T13:46:32.2567825Z   ---
2026-09-23T13:46:32.2568084Z   duration_ms: 0.6902
2026-09-23T13:46:32.2568346Z   type: 'test'
2026-09-23T13:46:32.2568556Z   ...
2026-09-23T13:46:33.0265909Z # Subtest: site addresses are stable under display/read-card changes and reject ambiguous input
2026-09-23T13:46:33.0267002Z ok 478 - site addresses are stable under display/read-card changes and reject ambiguous input
2026-09-23T13:46:33.0267572Z   ---
2026-09-23T13:46:33.0267829Z   duration_ms: 51.0987
2026-09-23T13:46:33.0268124Z   type: 'test'
2026-09-23T13:46:33.0268347Z   ...
2026-09-23T13:46:33.0269042Z # Subtest: node signed snapshots bind the exact content and retain ownership when another reader can decrypt
2026-09-23T13:46:33.0270050Z ok 479 - node signed snapshots bind the exact content and retain ownership when another reader can decrypt
2026-09-23T13:46:33.0270798Z   ---
2026-09-23T13:46:33.0271048Z   duration_ms: 10.6956
2026-09-23T13:46:33.0271324Z   type: 'test'
2026-09-23T13:46:33.0271550Z   ...
2026-09-23T13:46:33.0272258Z # Subtest: node orders revisions by signed sequence, reports forks and does not let replay replace a known head
2026-09-23T13:46:33.0273348Z ok 480 - node orders revisions by signed sequence, reports forks and does not let replay replace a known head
2026-09-23T13:46:33.0273971Z   ---
2026-09-23T13:46:33.0274219Z   duration_ms: 14.9874
2026-09-23T13:46:33.0274484Z   type: 'test'
2026-09-23T13:46:33.0274708Z   ...
2026-09-23T13:46:33.0275426Z # Subtest: node rejects malformed certificates without invoking getters and enforces finite history/signature bounds
2026-09-23T13:46:33.0276593Z ok 481 - node rejects malformed certificates without invoking getters and enforces finite history/signature bounds
2026-09-23T13:46:33.0277261Z   ---
2026-09-23T13:46:33.0277507Z   duration_ms: 19.5582
2026-09-23T13:46:33.0277978Z   type: 'test'
2026-09-23T13:46:33.0288679Z   ...
2026-09-23T13:46:33.0289406Z # Subtest: portable signed snapshots bind the exact content and retain ownership when another reader can decrypt
2026-09-23T13:46:33.0290551Z ok 482 - portable signed snapshots bind the exact content and retain ownership when another reader can decrypt
2026-09-23T13:46:33.0291442Z   ---
2026-09-23T13:46:33.0291698Z   duration_ms: 123.3957
2026-09-23T13:46:33.0291987Z   type: 'test'
2026-09-23T13:46:33.0292230Z   ...
2026-09-23T13:46:33.0292949Z # Subtest: portable orders revisions by signed sequence, reports forks and does not let replay replace a known head
2026-09-23T13:46:33.0294084Z ok 483 - portable orders revisions by signed sequence, reports forks and does not let replay replace a known head
2026-09-23T13:46:33.0294707Z   ---
2026-09-23T13:46:33.0294932Z   duration_ms: 192.0199
2026-09-23T13:46:33.0295188Z   type: 'test'
2026-09-23T13:46:33.0295417Z   ...
2026-09-23T13:46:33.0296128Z # Subtest: portable rejects malformed certificates without invoking getters and enforces finite history/signature bounds
2026-09-23T13:46:33.0297580Z ok 484 - portable rejects malformed certificates without invoking getters and enforces finite history/signature bounds
2026-09-23T13:46:33.0298286Z   ---
2026-09-23T13:46:33.0298522Z   duration_ms: 71.1372
2026-09-23T13:46:33.0299033Z   type: 'test'
2026-09-23T13:46:33.0299276Z   ...
2026-09-23T13:46:33.0299935Z # Subtest: Node and portable crypto produce identical snapshot bytes/signatures and verify each other
2026-09-23T13:46:33.0300967Z ok 485 - Node and portable crypto produce identical snapshot bytes/signatures and verify each other
2026-09-23T13:46:33.0301524Z   ---
2026-09-23T13:46:33.0301760Z   duration_ms: 17.8846
2026-09-23T13:46:33.0302024Z   type: 'test'
2026-09-23T13:46:33.0302242Z   ...
2026-09-23T13:46:37.3752660Z # (node:10028) ExperimentalWarning: SQLite is an experimental feature and might change at any time
2026-09-23T13:46:37.3753244Z # (Use `node --trace-warnings ...` to show where the warning was created)
2026-09-23T13:46:37.3772154Z # Subtest: large valid cache produces bounded pages and exact authorized attachments on demand
2026-09-23T13:46:37.3775729Z ok 486 - large valid cache produces bounded pages and exact authorized attachments on demand
2026-09-23T13:46:37.3776328Z   ---
2026-09-23T13:46:37.3776635Z   duration_ms: 3204.6168
2026-09-23T13:46:37.3776933Z   type: 'test'
2026-09-23T13:46:37.3777165Z   ...
2026-09-23T13:46:37.3777925Z # Subtest: received author deletion persists before evicting its original, and denied attachments stay unavailable
2026-09-23T13:46:37.3780229Z ok 487 - received author deletion persists before evicting its original, and denied attachments stay unavailable
2026-09-23T13:46:37.3780913Z   ---
2026-09-23T13:46:37.3781184Z   duration_ms: 143.2557
2026-09-23T13:46:37.3781466Z   type: 'test'
2026-09-23T13:46:37.3781707Z   ...
2026-09-23T13:46:37.3783262Z # Subtest: request tracking is bounded even when transport rejects every broadcast
2026-09-23T13:46:37.3784092Z ok 488 - request tracking is bounded even when transport rejects every broadcast
2026-09-23T13:46:37.3784586Z   ---
2026-09-23T13:46:37.3784859Z   duration_ms: 158.353
2026-09-23T13:46:37.3785138Z   type: 'test'
2026-09-23T13:46:37.3785369Z   ...
2026-09-23T13:46:37.3785857Z # Subtest: unknown post extension data does not crash or inflate summaries
2026-09-23T13:46:37.3786580Z ok 489 - unknown post extension data does not crash or inflate summaries
2026-09-23T13:46:37.3787033Z   ---
2026-09-23T13:46:37.3787301Z   duration_ms: 277.6531
2026-09-23T13:46:37.3787574Z   type: 'test'
2026-09-23T13:46:37.3787803Z   ...
2026-09-23T13:46:37.3788322Z # Subtest: summary reuse remains bound to verified disk bytes and unlocked identity
2026-09-23T13:46:37.3789095Z ok 490 - summary reuse remains bound to verified disk bytes and unlocked identity
2026-09-23T13:46:37.3789579Z   ---
2026-09-23T13:46:37.3789832Z   duration_ms: 134.005
2026-09-23T13:46:37.3790096Z   type: 'test'
2026-09-23T13:46:37.3790317Z   ...
2026-09-23T13:46:39.6152618Z # Subtest: collections and following integrate with encrypted persistence and hashed peer retrieval respects read ACL
2026-09-23T13:46:39.6153813Z ok 491 - collections and following integrate with encrypted persistence and hashed peer retrieval respects read ACL
2026-09-23T13:46:39.6154454Z   ---
2026-09-23T13:46:39.6157410Z   duration_ms: 2026.0933
2026-09-23T13:46:39.6157700Z   type: 'test'
2026-09-23T13:46:39.6157910Z   ...
2026-09-23T13:46:39.8327453Z # Subtest: collection create, rename, add, remove and delete are immutable local transitions
2026-09-23T13:46:39.8328423Z ok 492 - collection create, rename, add, remove and delete are immutable local transitions
2026-09-23T13:46:39.8328993Z   ---
2026-09-23T13:46:39.8329254Z   duration_ms: 2.3986
2026-09-23T13:46:39.8329536Z   type: 'test'
2026-09-23T13:46:39.8329773Z   ...
2026-09-23T13:46:39.8330321Z # Subtest: collection identity, title and timestamp rules reject ambiguous metadata
2026-09-23T13:46:39.8331393Z ok 493 - collection identity, title and timestamp rules reject ambiguous metadata
2026-09-23T13:46:39.8331923Z   ---
2026-09-23T13:46:39.8332513Z   duration_ms: 1.3328
2026-09-23T13:46:39.8348639Z   type: 'test'
2026-09-23T13:46:39.8348887Z   ...
2026-09-23T13:46:39.8350261Z # Subtest: prototype, accessor, unknown field and sparse-array inputs fail without executing metadata
2026-09-23T13:46:39.8351396Z ok 494 - prototype, accessor, unknown field and sparse-array inputs fail without executing metadata
2026-09-23T13:46:39.8351752Z   ---
2026-09-23T13:46:39.8351929Z   duration_ms: 0.5321
2026-09-23T13:46:39.8352114Z   type: 'test'
2026-09-23T13:46:39.8352272Z   ...
2026-09-23T13:46:39.8352661Z # Subtest: collection ownership cannot be transferred by a command or mixed across identity vaults
2026-09-23T13:46:39.8353230Z ok 495 - collection ownership cannot be transferred by a command or mixed across identity vaults
2026-09-23T13:46:39.8353555Z   ---
2026-09-23T13:46:39.8353712Z   duration_ms: 0.342
2026-09-23T13:46:39.8353892Z   type: 'test'
2026-09-23T13:46:39.8354042Z   ...
2026-09-23T13:46:39.8354413Z # Subtest: collection and membership quotas reject atomically while allowing idempotent operations
2026-09-23T13:46:39.8355158Z ok 496 - collection and membership quotas reject atomically while allowing idempotent operations
2026-09-23T13:46:39.8355492Z   ---
2026-09-23T13:46:39.8355649Z   duration_ms: 7.8093
2026-09-23T13:46:39.8355827Z   type: 'test'
2026-09-23T13:46:39.8355969Z   ...
2026-09-23T13:46:39.8356377Z # Subtest: recovered collections reject duplicate identifiers, titles, members and excessive total memberships
2026-09-23T13:46:39.8357013Z ok 497 - recovered collections reject duplicate identifiers, titles, members and excessive total memberships
2026-09-23T13:46:39.8357376Z   ---
2026-09-23T13:46:39.8357529Z   duration_ms: 3.2497
2026-09-23T13:46:39.8357710Z   type: 'test'
2026-09-23T13:46:39.8357856Z   ...
2026-09-23T13:46:39.8358229Z # Subtest: content references remain canonical hashes and convey neither reader access nor authorship
2026-09-23T13:46:39.8358797Z ok 498 - content references remain canonical hashes and convey neither reader access nor authorship
2026-09-23T13:46:39.8359153Z   ---
2026-09-23T13:46:39.8359304Z   duration_ms: 10.5157
2026-09-23T13:46:39.8359480Z   type: 'test'
2026-09-23T13:46:39.8359626Z   ...
2026-09-23T13:46:39.8360036Z # Subtest: followed feed selects posts and alerts from followed authors without changing caller order or access
2026-09-23T13:46:39.8360643Z ok 499 - followed feed selects posts and alerts from followed authors without changing caller order or access
2026-09-23T13:46:39.8361003Z   ---
2026-09-23T13:46:39.8361162Z   duration_ms: 0.4377
2026-09-23T13:46:39.8361334Z   type: 'test'
2026-09-23T13:46:39.8361474Z   ...
2026-09-23T13:46:40.0465905Z # Subtest: authenticated historical decoding does not make expired content admissible or decryptable by another identity
2026-09-23T13:46:40.0467230Z ok 500 - authenticated historical decoding does not make expired content admissible or decryptable by another identity
2026-09-23T13:46:40.0467937Z   ---
2026-09-23T13:46:40.0468236Z   duration_ms: 17.7922
2026-09-23T13:46:40.0468515Z   type: 'test'
2026-09-23T13:46:40.0468755Z   ...
2026-09-23T13:46:40.0469267Z # Subtest: historical time extraction rejects accessors without invoking them
2026-09-23T13:46:40.0471041Z ok 501 - historical time extraction rejects accessors without invoking them
2026-09-23T13:46:40.0471538Z   ---
2026-09-23T13:46:40.0471788Z   duration_ms: 0.2299
2026-09-23T13:46:40.0472059Z   type: 'test'
2026-09-23T13:46:40.0472289Z   ...
2026-09-23T13:46:40.3305196Z # Subtest: new small-message arrivals cannot repeatedly take the bulk fairness turn
2026-09-23T13:46:40.3307212Z ok 502 - new small-message arrivals cannot repeatedly take the bulk fairness turn
2026-09-23T13:46:40.3307776Z   ---
2026-09-23T13:46:40.3308045Z   duration_ms: 33.6338
2026-09-23T13:46:40.3308334Z   type: 'test'
2026-09-23T13:46:40.3308569Z   ...
2026-09-23T13:46:41.3221237Z # Subtest: packet-ID cancellation preserves an independent equal payload and a foreign-origin packet
2026-09-23T13:46:41.3222765Z ok 503 - packet-ID cancellation preserves an independent equal payload and a foreign-origin packet
2026-09-23T13:46:41.3223628Z   ---
2026-09-23T13:46:41.3223891Z   duration_ms: 721.9385
2026-09-23T13:46:41.3224176Z   type: 'test'
2026-09-23T13:46:41.3224420Z   ...
2026-09-23T13:46:41.3226899Z # Subtest: absolute local authorization deadline is bound into the Node packet ID
2026-09-23T13:46:41.3230810Z ok 504 - absolute local authorization deadline is bound into the Node packet ID
2026-09-23T13:46:41.3231361Z   ---
2026-09-23T13:46:41.3231625Z   duration_ms: 1.2407
2026-09-23T13:46:41.3231921Z   type: 'test'
2026-09-23T13:46:41.3232358Z   ...
2026-09-23T13:46:41.9950342Z # Subtest: local cancellation removes an actual queued TCP transfer and its reconnect copy
2026-09-23T13:46:41.9951324Z ok 505 - local cancellation removes an actual queued TCP transfer and its reconnect copy
2026-09-23T13:46:41.9951854Z   ---
2026-09-23T13:46:41.9952171Z   duration_ms: 672.988
2026-09-23T13:46:41.9952452Z   type: 'test'
2026-09-23T13:46:41.9952681Z   ...
2026-09-23T13:46:42.6787718Z # Subtest: local cancellation negative control delivers an actual queued TCP transfer and its reconnect copy
2026-09-23T13:46:42.6788703Z ok 506 - local cancellation negative control delivers an actual queued TCP transfer and its reconnect copy
2026-09-23T13:46:42.6789085Z   ---
2026-09-23T13:46:42.6789266Z   duration_ms: 683.3962
2026-09-23T13:46:42.6789449Z   type: 'test'
2026-09-23T13:46:42.6789604Z   ...
2026-09-23T13:46:43.1836873Z # Subtest: local cancellation leaves another origin's retained relay packet intact
2026-09-23T13:46:43.1838052Z ok 507 - local cancellation leaves another origin's retained relay packet intact
2026-09-23T13:46:43.1838561Z   ---
2026-09-23T13:46:43.1838820Z   duration_ms: 506.4266
2026-09-23T13:46:43.1839098Z   type: 'test'
2026-09-23T13:46:43.1839329Z   ...
2026-09-23T13:46:43.5342279Z # Subtest: TCP parser handles split/coalesced frames, rejects tamper and replays only once
2026-09-23T13:46:43.5343272Z ok 508 - TCP parser handles split/coalesced frames, rejects tamper and replays only once
2026-09-23T13:46:43.5343833Z   ---
2026-09-23T13:46:43.5344087Z   duration_ms: 88.2368
2026-09-23T13:46:43.5344366Z   type: 'test'
2026-09-23T13:46:43.5344594Z   ...
2026-09-23T13:46:43.5833617Z # Subtest: non-reading TCP duplicate flood coalesces and bounds control output
2026-09-23T13:46:43.5834703Z ok 509 - non-reading TCP duplicate flood coalesces and bounds control output
2026-09-23T13:46:43.5835193Z   ---
2026-09-23T13:46:43.5835445Z   duration_ms: 50.3272
2026-09-23T13:46:43.5835734Z   type: 'test'
2026-09-23T13:46:43.5835966Z   ...
2026-09-23T13:46:43.6099888Z # Subtest: TCP malformed frame and unfinished-line floods disconnect and release state
2026-09-23T13:46:43.6101242Z ok 510 - TCP malformed frame and unfinished-line floods disconnect and release state
2026-09-23T13:46:43.6101861Z   ---
2026-09-23T13:46:43.6102142Z   duration_ms: 26.7975
2026-09-23T13:46:43.6102488Z   type: 'test'
2026-09-23T13:46:43.6102729Z   ...
2026-09-23T13:46:43.7751384Z # Subtest: distinct TCP packets cannot grow the ACK queue or exceed its output rate
2026-09-23T13:46:43.7752186Z ok 511 - distinct TCP packets cannot grow the ACK queue or exceed its output rate
2026-09-23T13:46:43.7752505Z   ---
2026-09-23T13:46:43.7752687Z   duration_ms: 164.7119
2026-09-23T13:46:43.7752890Z   type: 'test'
2026-09-23T13:46:43.7753050Z   ...
2026-09-23T13:46:46.1580067Z # Subtest: TCP incomplete assemblies have count and aggregate memory bounds
2026-09-23T13:46:46.1580889Z ok 512 - TCP incomplete assemblies have count and aggregate memory bounds
2026-09-23T13:46:46.1581193Z   ---
2026-09-23T13:46:46.1581383Z   duration_ms: 2382.9285
2026-09-23T13:46:46.1581579Z   type: 'test'
2026-09-23T13:46:46.1581739Z   ...
2026-09-23T13:46:46.3027274Z # Subtest: expired packets, invalid TTLs and exhausted hop limits never relay
2026-09-23T13:46:46.3028467Z ok 513 - expired packets, invalid TTLs and exhausted hop limits never relay
2026-09-23T13:46:46.3028949Z   ---
2026-09-23T13:46:46.3029217Z   duration_ms: 144.4846
2026-09-23T13:46:46.3029717Z   type: 'test'
2026-09-23T13:46:46.3029957Z   ...
2026-09-23T13:46:46.7110952Z # Subtest: queued expiry and stopped sockets release bounded output under backpressure
2026-09-23T13:46:46.7115492Z ok 514 - queued expiry and stopped sockets release bounded output under backpressure
2026-09-23T13:46:46.7116030Z   ---
2026-09-23T13:46:46.7116301Z   duration_ms: 408.1666
2026-09-23T13:46:46.7116581Z   type: 'test'
2026-09-23T13:46:46.7116816Z   ...
2026-09-23T13:46:50.7898476Z # Subtest: partial TCP loss retries exact bytes and missing ACK retries without duplicate delivery
2026-09-23T13:46:50.7899465Z ok 515 - partial TCP loss retries exact bytes and missing ACK retries without duplicate delivery
2026-09-23T13:46:50.7900019Z   ---
2026-09-23T13:46:50.7900270Z   duration_ms: 4078.7696
2026-09-23T13:46:50.7900567Z   type: 'test'
2026-09-23T13:46:50.7900843Z   ...
2026-09-23T13:46:51.8642262Z # Subtest: TCP reconnect delivers a partial transfer and packets created during the partition
2026-09-23T13:46:51.8643307Z ok 516 - TCP reconnect delivers a partial transfer and packets created during the partition
2026-09-23T13:46:51.8643658Z   ---
2026-09-23T13:46:51.8643843Z   duration_ms: 1074.2681
2026-09-23T13:46:51.8644043Z   type: 'test'
2026-09-23T13:46:51.8644204Z   ...
2026-09-23T13:46:51.9908840Z # Subtest: turning relay off cancels queued forwarded fragments and keeps local SOS available
2026-09-23T13:46:51.9909704Z ok 517 - turning relay off cancels queued forwarded fragments and keeps local SOS available
2026-09-23T13:46:51.9910047Z   ---
2026-09-23T13:46:51.9910229Z   duration_ms: 126.5951
2026-09-23T13:46:51.9910411Z   type: 'test'
2026-09-23T13:46:51.9910565Z   ...
2026-09-23T13:46:52.1496065Z # Subtest: relay pause cancels queued local seeding and prevents retained offline replay
2026-09-23T13:46:52.1497083Z ok 518 - relay pause cancels queued local seeding and prevents retained offline replay
2026-09-23T13:46:52.1498819Z   ---
2026-09-23T13:46:52.1499315Z   duration_ms: 158.0079
2026-09-23T13:46:52.1499617Z   type: 'test'
2026-09-23T13:46:52.1499835Z   ...
2026-09-23T13:46:52.2195758Z # Subtest: real TCP fragments preempt bulk for SOS while preserving bulk fairness
2026-09-23T13:46:52.2196822Z ok 519 - real TCP fragments preempt bulk for SOS while preserving bulk fairness
2026-09-23T13:46:52.2197149Z   ---
2026-09-23T13:46:52.2197335Z   duration_ms: 70.7692
2026-09-23T13:46:52.2197524Z   type: 'test'
2026-09-23T13:46:52.2197676Z   ...
2026-09-23T13:46:52.2898399Z # Subtest: many in-progress SOS transfers leave admission capacity for bulk fairness
2026-09-23T13:46:52.2899528Z ok 520 - many in-progress SOS transfers leave admission capacity for bulk fairness
2026-09-23T13:46:52.2900114Z   ---
2026-09-23T13:46:52.2900392Z   duration_ms: 70.8465
2026-09-23T13:46:52.2900681Z   type: 'test'
2026-09-23T13:46:52.2900954Z   ...
2026-09-23T13:46:52.2901513Z # Subtest: real serialport PTY fragments preempt bulk for SOS with the same fairness
2026-09-23T13:46:52.2902396Z ok 521 - real serialport PTY fragments preempt bulk for SOS with the same fairness # SKIP
2026-09-23T13:46:52.2902979Z   ---
2026-09-23T13:46:52.2903224Z   duration_ms: 0.1498
2026-09-23T13:46:52.2903507Z   type: 'test'
2026-09-23T13:46:52.2903727Z   ...
2026-09-23T13:46:52.5443148Z # Subtest: POSIX poller regression: read rearm must preserve an outstanding write watch
2026-09-23T13:46:52.5444305Z ok 522 - POSIX poller regression: read rearm must preserve an outstanding write watch
2026-09-23T13:46:52.5444823Z   ---
2026-09-23T13:46:52.5445394Z   duration_ms: 0.9987
2026-09-23T13:46:52.5445663Z   type: 'test'
2026-09-23T13:46:52.5445886Z   ...
2026-09-23T13:46:52.5448911Z # Subtest: serial write deadline covers one frame at configured baud while bounding a stalled writer
2026-09-23T13:46:52.5450389Z ok 523 - serial write deadline covers one frame at configured baud while bounding a stalled writer
2026-09-23T13:46:52.5451086Z   ---
2026-09-23T13:46:52.5451452Z   duration_ms: 0.128
2026-09-23T13:46:52.5453246Z   type: 'test'
2026-09-23T13:46:52.5453744Z   ...
2026-09-23T13:46:52.5460154Z # Subtest: real serial PTY recovers an injected stuck write through bounded reconnect and exact replay
2026-09-23T13:46:52.5461256Z ok 524 - real serial PTY recovers an injected stuck write through bounded reconnect and exact replay # SKIP
2026-09-23T13:46:52.5461898Z   ---
2026-09-23T13:46:52.5462090Z   duration_ms: 0.1627
2026-09-23T13:46:52.5462272Z   type: 'test'
2026-09-23T13:46:52.5462429Z   ...
2026-09-23T13:46:53.7166112Z # Subtest: real TCP transfer, two-hop forwarding and relay-off negative control
2026-09-23T13:46:53.7166981Z ok 525 - real TCP transfer, two-hop forwarding and relay-off negative control
2026-09-23T13:46:53.7167442Z   ---
2026-09-23T13:46:53.7167698Z   duration_ms: 919.2833
2026-09-23T13:46:53.7167987Z   type: 'test'
2026-09-23T13:46:53.7168256Z   ...
2026-09-23T13:46:54.2501466Z # Subtest: validation rejection prevents display and relay; positive valid control
2026-09-23T13:46:54.2502385Z ok 526 - validation rejection prevents display and relay; positive valid control
2026-09-23T13:46:54.2502870Z   ---
2026-09-23T13:46:54.2503141Z   duration_ms: 534.832
2026-09-23T13:46:54.2503408Z   type: 'test'
2026-09-23T13:46:54.2503634Z   ...
2026-09-23T13:46:54.4450212Z # Subtest: interface preference schema rejects unrelated authority fields and does not invoke getters
2026-09-23T13:46:54.4451347Z ok 527 - interface preference schema rejects unrelated authority fields and does not invoke getters
2026-09-23T13:46:54.4451947Z   ---
2026-09-23T13:46:54.4452218Z   duration_ms: 1.2281
2026-09-23T13:46:54.4452500Z   type: 'test'
2026-09-23T13:46:54.4452728Z   ...
2026-09-23T13:46:54.4454275Z # Subtest: bounded preference file preserves prior values on invalid patches or corrupted storage
2026-09-23T13:46:54.4455469Z ok 528 - bounded preference file preserves prior values on invalid patches or corrupted storage
2026-09-23T13:46:54.4456082Z   ---
2026-09-23T13:46:54.4456328Z   duration_ms: 4.21
2026-09-23T13:46:54.4456608Z   type: 'test'
2026-09-23T13:46:54.4456851Z   ...
2026-09-23T13:46:54.4457255Z # Subtest: preferences do not read through a symbolic link
2026-09-23T13:46:54.4459718Z ok 529 - preferences do not read through a symbolic link # SKIP
2026-09-23T13:46:54.4460175Z   ---
2026-09-23T13:46:54.4460424Z   duration_ms: 0.0783
2026-09-23T13:46:54.4460700Z   type: 'test'
2026-09-23T13:46:54.4460921Z   ...
2026-09-23T13:46:55.3833856Z # Subtest: Node web-peer API separates keys, relay consent and control authority, and enforces explicit revocation
2026-09-23T13:46:55.3835077Z ok 530 - Node web-peer API separates keys, relay consent and control authority, and enforces explicit revocation
2026-09-23T13:46:55.3835705Z   ---
2026-09-23T13:46:55.3835966Z   duration_ms: 666.8572
2026-09-23T13:46:55.3836240Z   type: 'test'
2026-09-23T13:46:55.3836506Z   ...
2026-09-23T13:46:55.7721201Z # Subtest: websocket invitations require exact origin/capability, preserve eight slots, and carry no control API
2026-09-23T13:46:55.7722105Z ok 531 - websocket invitations require exact origin/capability, preserve eight slots, and carry no control API
2026-09-23T13:46:55.7722499Z   ---
2026-09-23T13:46:55.7722669Z   duration_ms: 66.9432
2026-09-23T13:46:55.7722846Z   type: 'test'
2026-09-23T13:46:55.7723002Z   ...
2026-09-23T13:46:56.7824452Z # Subtest: websocket expiry closes active connections and non-loopback cleartext listeners are refused
2026-09-23T13:46:56.7825526Z ok 532 - websocket expiry closes active connections and non-loopback cleartext listeners are refused
2026-09-23T13:46:56.7826102Z   ---
2026-09-23T13:46:56.7826362Z   duration_ms: 1012.5367
2026-09-23T13:46:56.7826651Z   type: 'test'
2026-09-23T13:46:56.7826882Z   ...
2026-09-23T13:46:56.7978906Z 1..532
2026-09-23T13:46:56.7979175Z # tests 535
2026-09-23T13:46:56.7979707Z # suites 0
2026-09-23T13:46:56.7979966Z # pass 528
2026-09-23T13:46:56.7980210Z # fail 0
2026-09-23T13:46:56.7980408Z # cancelled 0
2026-09-23T13:46:56.7980732Z # skipped 7
2026-09-23T13:46:56.7980887Z # todo 0
2026-09-23T13:46:56.7981069Z # duration_ms 594877.9794
2026-09-23T13:46:56.8887555Z Node 20 is being deprecated. This workflow is running with Node 24 by default. If you need to temporarily use Node 20, you can set the ACTIONS_ALLOW_USE_UNSECURE_NODE_VERSION=true environment variable. For more information see: https://github.blog/changelog/2025-09-19-deprecation-of-node-20-on-github-actions-runners/
2026-09-23T13:46:56.8888662Z ##[group]Run actions/upload-artifact@v4
2026-09-23T13:46:56.8888875Z with:
2026-09-23T13:46:56.8889054Z   name: evidence-windows-latest
2026-09-23T13:46:56.8889445Z   path: docs/evidence
test-results
.cache/fixture-http-failures/*.json
.cache/web-invitation

2026-09-23T13:46:56.8889801Z   retention-days: 7
2026-09-23T13:46:56.8889970Z   if-no-files-found: warn
2026-09-23T13:46:56.8890158Z   compression-level: 6
2026-09-23T13:46:56.8890333Z   overwrite: false
2026-09-23T13:46:56.8890500Z   include-hidden-files: false
2026-09-23T13:46:56.8890706Z ##[endgroup]
2026-09-23T13:46:57.0410236Z (node:3256) [DEP0040] DeprecationWarning: The `punycode` module is deprecated. Please use a userland alternative instead.
2026-09-23T13:46:57.0411000Z (Use `node --trace-deprecation ...` to show where the warning was created)
2026-09-23T13:46:58.0466134Z Multiple search paths detected. Calculating the least common ancestor of all paths
2026-09-23T13:46:58.0468890Z The least common ancestor is D:\a\relayloom\relayloom. This will be the root directory of the artifact
2026-09-23T13:46:58.0469749Z With the provided path, there will be 4477 files uploaded
2026-09-23T13:46:58.0474883Z Artifact name is valid!
2026-09-23T13:46:58.0476238Z Root directory input is valid!
2026-09-23T13:46:58.3525955Z Beginning upload of artifact content to blob storage
2026-09-23T13:46:58.8660627Z (node:3256) [DEP0169] DeprecationWarning: `url.parse()` behavior is not standardized and prone to errors that have security implications. Use the WHATWG URL API instead. CVEs are not issued for `url.parse()` vulnerabilities.
2026-09-23T13:46:59.5771656Z Uploaded bytes 8388608
2026-09-23T13:47:00.0959930Z Uploaded bytes 16777216
2026-09-23T13:47:00.1460794Z Uploaded bytes 25165824
2026-09-23T13:47:00.2168217Z Uploaded bytes 33554432
2026-09-23T13:47:00.8334204Z Uploaded bytes 41943040
2026-09-23T13:47:01.1360749Z Uploaded bytes 50331648
2026-09-23T13:47:01.2588855Z Uploaded bytes 58720256
2026-09-23T13:47:01.6212328Z Uploaded bytes 67108864
2026-09-23T13:47:01.9381408Z Uploaded bytes 75497472
2026-09-23T13:47:02.3838234Z Uploaded bytes 83886080
2026-09-23T13:47:02.7459555Z Uploaded bytes 92274688
2026-09-23T13:47:03.1763407Z Uploaded bytes 100663296
2026-09-23T13:47:03.6994709Z Uploaded bytes 109051904
2026-09-23T13:47:03.9112432Z Uploaded bytes 117440512
2026-09-23T13:47:04.2881082Z Uploaded bytes 125829120
2026-09-23T13:47:04.5380156Z Uploaded bytes 134217728
2026-09-23T13:47:04.9040460Z Uploaded bytes 142606336
2026-09-23T13:47:05.4171614Z Uploaded bytes 150994944
2026-09-23T13:47:05.4643016Z Uploaded bytes 151479940
2026-09-23T13:47:05.4995158Z Finished uploading artifact content to blob storage!
2026-09-23T13:47:05.4999074Z SHA256 digest of uploaded artifact zip is 8282bbbcd3285fd21928451b4be76e7fd46a3140d20d75eca22def51eb8a1914
2026-09-23T13:47:05.5000930Z Finalizing artifact upload
2026-09-23T13:47:05.7640356Z Artifact evidence-windows-latest.zip successfully finalized. Artifact ID 10754011020
2026-09-23T13:47:05.7641161Z Artifact evidence-windows-latest has been successfully uploaded! Final size is 151479940 bytes. Artifact ID is 10754011020
2026-09-23T13:47:05.7651210Z Artifact download URL: https://github.com/JohnnyPBelo/relayloom/actions/runs/35868125390/artifacts/10754011020
2026-09-23T13:47:05.8011623Z Node 20 is being deprecated. This workflow is running with Node 24 by default. If you need to temporarily use Node 20, you can set the ACTIONS_ALLOW_USE_UNSECURE_NODE_VERSION=true environment variable. For more information see: https://github.blog/changelog/2025-09-19-deprecation-of-node-20-on-github-actions-runners/
2026-09-23T13:47:05.8012839Z Post job cleanup.
2026-09-23T13:47:05.9173945Z (node:4340) [DEP0040] DeprecationWarning: The `punycode` module is deprecated. Please use a userland alternative instead.
2026-09-23T13:47:05.9174585Z (Use `node --trace-deprecation ...` to show where the warning was created)
2026-09-23T13:47:05.9405954Z Node 20 is being deprecated. This workflow is running with Node 24 by default. If you need to temporarily use Node 20, you can set the ACTIONS_ALLOW_USE_UNSECURE_NODE_VERSION=true environment variable. For more information see: https://github.blog/changelog/2025-09-19-deprecation-of-node-20-on-github-actions-runners/
2026-09-23T13:47:05.9406993Z Post job cleanup.
2026-09-23T13:47:06.0630533Z (node:9376) [DEP0040] DeprecationWarning: The `punycode` module is deprecated. Please use a userland alternative instead.
2026-09-23T13:47:06.0631224Z (Use `node --trace-deprecation ...` to show where the warning was created)
2026-09-23T13:47:06.0637515Z Cache hit occurred on the primary key node-cache-Windows-x64-npm-defb3edfa5beda8040000c78dc5755eb17cbe55e41bbeb1c2628ea520d87e918, not saving cache.
2026-09-23T13:47:06.0919770Z Node 20 is being deprecated. This workflow is running with Node 24 by default. If you need to temporarily use Node 20, you can set the ACTIONS_ALLOW_USE_UNSECURE_NODE_VERSION=true environment variable. For more information see: https://github.blog/changelog/2025-09-19-deprecation-of-node-20-on-github-actions-runners/
2026-09-23T13:47:06.0920797Z Post job cleanup.
2026-09-23T13:47:06.2278811Z [command]"C:\Program Files\Git\bin\git.exe" version
2026-09-23T13:47:06.2519748Z git version 2.55.0.windows.5
2026-09-23T13:47:06.2576628Z Temporarily overriding HOME='D:\a\_temp\617e7927-d403-43d2-874f-6957c5dc44de' before making global git config changes
2026-09-23T13:47:06.2577738Z Adding repository directory to the temporary git global config as a safe directory
2026-09-23T13:47:06.2594817Z [command]"C:\Program Files\Git\bin\git.exe" config --global --add safe.directory D:\a\relayloom\relayloom
2026-09-23T13:47:06.2835080Z [command]"C:\Program Files\Git\bin\git.exe" config --local --name-only --get-regexp core\.sshCommand
2026-09-23T13:47:06.3063328Z [command]"C:\Program Files\Git\bin\git.exe" submodule foreach --recursive "sh -c \"git config --local --name-only --get-regexp 'core\.sshCommand' && git config --local --unset-all 'core.sshCommand' || :\""
2026-09-23T13:47:06.7366571Z [command]"C:\Program Files\Git\bin\git.exe" config --local --name-only --get-regexp http\.https\:\/\/github\.com\/\.extraheader
2026-09-23T13:47:06.7568125Z http.https://github.com/.extraheader
2026-09-23T13:47:06.7597755Z [command]"C:\Program Files\Git\bin\git.exe" config --local --unset-all http.https://github.com/.extraheader
2026-09-23T13:47:06.7828358Z [command]"C:\Program Files\Git\bin\git.exe" submodule foreach --recursive "sh -c \"git config --local --name-only --get-regexp 'http\.https\:\/\/github\.com\/\.extraheader' && git config --local --unset-all 'http.https://github.com/.extraheader' || :\""
2026-09-23T13:47:07.2096557Z [command]"C:\Program Files\Git\bin\git.exe" config --local --name-only --get-regexp ^includeIf\.gitdir:
2026-09-23T13:47:07.2325101Z [command]"C:\Program Files\Git\bin\git.exe" submodule foreach --recursive "git config --local --show-origin --name-only --get-regexp remote.origin.url"
2026-09-23T13:47:07.6859517Z Cleaning up orphan processes
2026-09-23T13:47:07.7171943Z ##[warning]Node.js 20 is deprecated. The following actions target Node.js 20 but are being forced to run on Node.js 24: actions/checkout@v4, actions/setup-go@v5, actions/setup-node@v4, actions/upload-artifact@v4. For more information see: https://github.blog/changelog/2025-09-19-deprecation-of-node-20-on-github-actions-runners/
