{"Time":"2026-09-14T17:26:27.630428253+01:00","Action":"start","Package":"github.com/JohnnyPBelo/relayloom/native/core"}
{"Time":"2026-09-14T17:26:27.630688601+01:00","Action":"start","Package":"github.com/JohnnyPBelo/relayloom/native/transport"}
{"Time":"2026-09-14T17:26:27.641062651+01:00","Action":"run","Package":"github.com/JohnnyPBelo/relayloom/native/core","Test":"TestCanonicalJavaScriptVectors"}
{"Time":"2026-09-14T17:26:27.641092246+01:00","Action":"output","Package":"github.com/JohnnyPBelo/relayloom/native/core","Test":"TestCanonicalJavaScriptVectors","Output":"=== RUN   TestCanonicalJavaScriptVectors\n"}
{"Time":"2026-09-14T17:26:27.641166646+01:00","Action":"run","Package":"github.com/JohnnyPBelo/relayloom/native/transport","Test":"TestArrivalStreamCannotStealBulkFairness"}
{"Time":"2026-09-14T17:26:27.641173799+01:00","Action":"output","Package":"github.com/JohnnyPBelo/relayloom/native/transport","Test":"TestArrivalStreamCannotStealBulkFairness","Output":"=== RUN   TestArrivalStreamCannotStealBulkFairness\n"}
{"Time":"2026-09-14T17:26:27.641330623+01:00","Action":"output","Package":"github.com/JohnnyPBelo/relayloom/native/core","Test":"TestCanonicalJavaScriptVectors","Output":"--- PASS: TestCanonicalJavaScriptVectors (0.00s)\n"}
{"Time":"2026-09-14T17:26:27.641362824+01:00","Action":"pass","Package":"github.com/JohnnyPBelo/relayloom/native/core","Test":"TestCanonicalJavaScriptVectors","Elapsed":0}
{"Time":"2026-09-14T17:26:27.641429439+01:00","Action":"run","Package":"github.com/JohnnyPBelo/relayloom/native/core","Test":"TestParserBoundsAndMalformedData"}
{"Time":"2026-09-14T17:26:27.641443425+01:00","Action":"output","Package":"github.com/JohnnyPBelo/relayloom/native/core","Test":"TestParserBoundsAndMalformedData","Output":"=== RUN   TestParserBoundsAndMalformedData\n"}
{"Time":"2026-09-14T17:26:27.641622771+01:00","Action":"output","Package":"github.com/JohnnyPBelo/relayloom/native/core","Test":"TestParserBoundsAndMalformedData","Output":"--- PASS: TestParserBoundsAndMalformedData (0.00s)\n"}
{"Time":"2026-09-14T17:26:27.641635785+01:00","Action":"pass","Package":"github.com/JohnnyPBelo/relayloom/native/core","Test":"TestParserBoundsAndMalformedData","Elapsed":0}
{"Time":"2026-09-14T17:26:27.641652316+01:00","Action":"run","Package":"github.com/JohnnyPBelo/relayloom/native/core","Test":"TestIdentityAuthorityAndVaultRecovery"}
{"Time":"2026-09-14T17:26:27.641655853+01:00","Action":"output","Package":"github.com/JohnnyPBelo/relayloom/native/core","Test":"TestIdentityAuthorityAndVaultRecovery","Output":"=== RUN   TestIdentityAuthorityAndVaultRecovery\n"}
{"Time":"2026-09-14T17:26:27.705861988+01:00","Action":"output","Package":"github.com/JohnnyPBelo/relayloom/native/transport","Test":"TestArrivalStreamCannotStealBulkFairness","Output":"--- PASS: TestArrivalStreamCannotStealBulkFairness (0.06s)\n"}
{"Time":"2026-09-14T17:26:27.705984197+01:00","Action":"pass","Package":"github.com/JohnnyPBelo/relayloom/native/transport","Test":"TestArrivalStreamCannotStealBulkFairness","Elapsed":0.06}
{"Time":"2026-09-14T17:26:27.706015356+01:00","Action":"run","Package":"github.com/JohnnyPBelo/relayloom/native/transport","Test":"TestLocalCancellationRemovesQueuedTCPAndReconnectCopy"}
{"Time":"2026-09-14T17:26:27.706018001+01:00","Action":"output","Package":"github.com/JohnnyPBelo/relayloom/native/transport","Test":"TestLocalCancellationRemovesQueuedTCPAndReconnectCopy","Output":"=== RUN   TestLocalCancellationRemovesQueuedTCPAndReconnectCopy\n"}
{"Time":"2026-09-14T17:26:27.706022208+01:00","Action":"run","Package":"github.com/JohnnyPBelo/relayloom/native/transport","Test":"TestLocalCancellationRemovesQueuedTCPAndReconnectCopy/cancel"}
{"Time":"2026-09-14T17:26:27.706025144+01:00","Action":"output","Package":"github.com/JohnnyPBelo/relayloom/native/transport","Test":"TestLocalCancellationRemovesQueuedTCPAndReconnectCopy/cancel","Output":"=== RUN   TestLocalCancellationRemovesQueuedTCPAndReconnectCopy/cancel\n"}
{"Time":"2026-09-14T17:26:29.22369874+01:00","Action":"output","Package":"github.com/JohnnyPBelo/relayloom/native/core","Test":"TestIdentityAuthorityAndVaultRecovery","Output":"--- PASS: TestIdentityAuthorityAndVaultRecovery (1.58s)\n"}
{"Time":"2026-09-14T17:26:29.22382682+01:00","Action":"pass","Package":"github.com/JohnnyPBelo/relayloom/native/core","Test":"TestIdentityAuthorityAndVaultRecovery","Elapsed":1.58}
{"Time":"2026-09-14T17:26:29.223841288+01:00","Action":"run","Package":"github.com/JohnnyPBelo/relayloom/native/core","Test":"TestBundleReaderDoesNotBecomeAuthor"}
{"Time":"2026-09-14T17:26:29.223844113+01:00","Action":"output","Package":"github.com/JohnnyPBelo/relayloom/native/core","Test":"TestBundleReaderDoesNotBecomeAuthor","Output":"=== RUN   TestBundleReaderDoesNotBecomeAuthor\n"}
{"Time":"2026-09-14T17:26:29.244667172+01:00","Action":"output","Package":"github.com/JohnnyPBelo/relayloom/native/core","Test":"TestBundleReaderDoesNotBecomeAuthor","Output":"--- PASS: TestBundleReaderDoesNotBecomeAuthor (0.02s)\n"}
{"Time":"2026-09-14T17:26:29.244698441+01:00","Action":"pass","Package":"github.com/JohnnyPBelo/relayloom/native/core","Test":"TestBundleReaderDoesNotBecomeAuthor","Elapsed":0.02}
{"Time":"2026-09-14T17:26:29.244755418+01:00","Action":"run","Package":"github.com/JohnnyPBelo/relayloom/native/core","Test":"TestManifestBoundsExpiryAndKeySeparation"}
{"Time":"2026-09-14T17:26:29.244760247+01:00","Action":"output","Package":"github.com/JohnnyPBelo/relayloom/native/core","Test":"TestManifestBoundsExpiryAndKeySeparation","Output":"=== RUN   TestManifestBoundsExpiryAndKeySeparation\n"}
{"Time":"2026-09-14T17:26:29.337930314+01:00","Action":"output","Package":"github.com/JohnnyPBelo/relayloom/native/transport","Test":"TestLocalCancellationRemovesQueuedTCPAndReconnectCopy/cancel","Output":"--- PASS: TestLocalCancellationRemovesQueuedTCPAndReconnectCopy/cancel (1.63s)\n"}
{"Time":"2026-09-14T17:26:29.337973014+01:00","Action":"pass","Package":"github.com/JohnnyPBelo/relayloom/native/transport","Test":"TestLocalCancellationRemovesQueuedTCPAndReconnectCopy/cancel","Elapsed":1.63}
{"Time":"2026-09-14T17:26:29.337989114+01:00","Action":"run","Package":"github.com/JohnnyPBelo/relayloom/native/transport","Test":"TestLocalCancellationRemovesQueuedTCPAndReconnectCopy/negative-control-delivers"}
{"Time":"2026-09-14T17:26:29.337991479+01:00","Action":"output","Package":"github.com/JohnnyPBelo/relayloom/native/transport","Test":"TestLocalCancellationRemovesQueuedTCPAndReconnectCopy/negative-control-delivers","Output":"=== RUN   TestLocalCancellationRemovesQueuedTCPAndReconnectCopy/negative-control-delivers\n"}
{"Time":"2026-09-14T17:26:29.658320939+01:00","Action":"output","Package":"github.com/JohnnyPBelo/relayloom/native/core","Test":"TestManifestBoundsExpiryAndKeySeparation","Output":"--- PASS: TestManifestBoundsExpiryAndKeySeparation (0.41s)\n"}
{"Time":"2026-09-14T17:26:29.658368098+01:00","Action":"pass","Package":"github.com/JohnnyPBelo/relayloom/native/core","Test":"TestManifestBoundsExpiryAndKeySeparation","Elapsed":0.41}
{"Time":"2026-09-14T17:26:29.658379198+01:00","Action":"run","Package":"github.com/JohnnyPBelo/relayloom/native/core","Test":"TestStoreRestartDedupCountPinsAndDiskVerification"}
{"Time":"2026-09-14T17:26:29.658381463+01:00","Action":"output","Package":"github.com/JohnnyPBelo/relayloom/native/core","Test":"TestStoreRestartDedupCountPinsAndDiskVerification","Output":"=== RUN   TestStoreRestartDedupCountPinsAndDiskVerification\n"}
{"Time":"2026-09-14T17:26:29.966648799+01:00","Action":"output","Package":"github.com/JohnnyPBelo/relayloom/native/core","Test":"TestStoreRestartDedupCountPinsAndDiskVerification","Output":"--- PASS: TestStoreRestartDedupCountPinsAndDiskVerification (0.31s)\n"}
{"Time":"2026-09-14T17:26:29.966701187+01:00","Action":"pass","Package":"github.com/JohnnyPBelo/relayloom/native/core","Test":"TestStoreRestartDedupCountPinsAndDiskVerification","Elapsed":0.31}
{"Time":"2026-09-14T17:26:29.966711426+01:00","Action":"run","Package":"github.com/JohnnyPBelo/relayloom/native/core","Test":"TestStoreMetadataReadDoesNotTouchLRU"}
{"Time":"2026-09-14T17:26:29.966715734+01:00","Action":"output","Package":"github.com/JohnnyPBelo/relayloom/native/core","Test":"TestStoreMetadataReadDoesNotTouchLRU","Output":"=== RUN   TestStoreMetadataReadDoesNotTouchLRU\n"}
{"Time":"2026-09-14T17:26:30.031863384+01:00","Action":"output","Package":"github.com/JohnnyPBelo/relayloom/native/core","Test":"TestStoreMetadataReadDoesNotTouchLRU","Output":"--- PASS: TestStoreMetadataReadDoesNotTouchLRU (0.07s)\n"}
{"Time":"2026-09-14T17:26:30.031935419+01:00","Action":"pass","Package":"github.com/JohnnyPBelo/relayloom/native/core","Test":"TestStoreMetadataReadDoesNotTouchLRU","Elapsed":0.07}
{"Time":"2026-09-14T17:26:30.031955888+01:00","Action":"run","Package":"github.com/JohnnyPBelo/relayloom/native/core","Test":"TestQuotaRejectionPreservesObjectsAndMalformedIndexFailsSafely"}
{"Time":"2026-09-14T17:26:30.031959725+01:00","Action":"output","Package":"github.com/JohnnyPBelo/relayloom/native/core","Test":"TestQuotaRejectionPreservesObjectsAndMalformedIndexFailsSafely","Output":"=== RUN   TestQuotaRejectionPreservesObjectsAndMalformedIndexFailsSafely\n"}
{"Time":"2026-09-14T17:26:31.034898626+01:00","Action":"output","Package":"github.com/JohnnyPBelo/relayloom/native/transport","Test":"TestLocalCancellationRemovesQueuedTCPAndReconnectCopy/negative-control-delivers","Output":"--- PASS: TestLocalCancellationRemovesQueuedTCPAndReconnectCopy/negative-control-delivers (1.70s)\n"}
{"Time":"2026-09-14T17:26:31.034948309+01:00","Action":"pass","Package":"github.com/JohnnyPBelo/relayloom/native/transport","Test":"TestLocalCancellationRemovesQueuedTCPAndReconnectCopy/negative-control-delivers","Elapsed":1.7}
{"Time":"2026-09-14T17:26:31.034958178+01:00","Action":"output","Package":"github.com/JohnnyPBelo/relayloom/native/transport","Test":"TestLocalCancellationRemovesQueuedTCPAndReconnectCopy","Output":"--- PASS: TestLocalCancellationRemovesQueuedTCPAndReconnectCopy (3.33s)\n"}
{"Time":"2026-09-14T17:26:31.034961223+01:00","Action":"pass","Package":"github.com/JohnnyPBelo/relayloom/native/transport","Test":"TestLocalCancellationRemovesQueuedTCPAndReconnectCopy","Elapsed":3.33}
{"Time":"2026-09-14T17:26:31.034984938+01:00","Action":"run","Package":"github.com/JohnnyPBelo/relayloom/native/transport","Test":"TestLocalCancellationPreservesForeignOriginRelay"}
{"Time":"2026-09-14T17:26:31.034987553+01:00","Action":"output","Package":"github.com/JohnnyPBelo/relayloom/native/transport","Test":"TestLocalCancellationPreservesForeignOriginRelay","Output":"=== RUN   TestLocalCancellationPreservesForeignOriginRelay\n"}
{"Time":"2026-09-14T17:26:31.047199708+01:00","Action":"output","Package":"github.com/JohnnyPBelo/relayloom/native/transport","Test":"TestLocalCancellationPreservesForeignOriginRelay","Output":"--- PASS: TestLocalCancellationPreservesForeignOriginRelay (0.01s)\n"}
{"Time":"2026-09-14T17:26:31.047219646+01:00","Action":"pass","Package":"github.com/JohnnyPBelo/relayloom/native/transport","Test":"TestLocalCancellationPreservesForeignOriginRelay","Elapsed":0.01}
{"Time":"2026-09-14T17:26:31.047231989+01:00","Action":"run","Package":"github.com/JohnnyPBelo/relayloom/native/transport","Test":"TestNodeGoRealProcessTCPInteroperability"}
{"Time":"2026-09-14T17:26:31.047235525+01:00","Action":"output","Package":"github.com/JohnnyPBelo/relayloom/native/transport","Test":"TestNodeGoRealProcessTCPInteroperability","Output":"=== RUN   TestNodeGoRealProcessTCPInteroperability\n"}
{"Time":"2026-09-14T17:26:31.12086649+01:00","Action":"output","Package":"github.com/JohnnyPBelo/relayloom/native/core","Test":"TestQuotaRejectionPreservesObjectsAndMalformedIndexFailsSafely","Output":"--- PASS: TestQuotaRejectionPreservesObjectsAndMalformedIndexFailsSafely (1.09s)\n"}
{"Time":"2026-09-14T17:26:31.120906545+01:00","Action":"pass","Package":"github.com/JohnnyPBelo/relayloom/native/core","Test":"TestQuotaRejectionPreservesObjectsAndMalformedIndexFailsSafely","Elapsed":1.09}
{"Time":"2026-09-14T17:26:31.120917536+01:00","Action":"run","Package":"github.com/JohnnyPBelo/relayloom/native/core","Test":"TestPasswordUnpairedSurrogatesMatchNodeUTF8"}
{"Time":"2026-09-14T17:26:31.120920662+01:00","Action":"output","Package":"github.com/JohnnyPBelo/relayloom/native/core","Test":"TestPasswordUnpairedSurrogatesMatchNodeUTF8","Output":"=== RUN   TestPasswordUnpairedSurrogatesMatchNodeUTF8\n"}
{"Time":"2026-09-14T17:26:31.33132933+01:00","Action":"output","Package":"github.com/JohnnyPBelo/relayloom/native/transport","Test":"TestNodeGoRealProcessTCPInteroperability","Output":"--- PASS: TestNodeGoRealProcessTCPInteroperability (0.28s)\n"}
{"Time":"2026-09-14T17:26:31.331373644+01:00","Action":"pass","Package":"github.com/JohnnyPBelo/relayloom/native/transport","Test":"TestNodeGoRealProcessTCPInteroperability","Elapsed":0.28}
{"Time":"2026-09-14T17:26:31.331382761+01:00","Action":"run","Package":"github.com/JohnnyPBelo/relayloom/native/transport","Test":"TestRetainedReplayAfterSeenEvictionKeepsExactAccounting"}
{"Time":"2026-09-14T17:26:31.331384865+01:00","Action":"output","Package":"github.com/JohnnyPBelo/relayloom/native/transport","Test":"TestRetainedReplayAfterSeenEvictionKeepsExactAccounting","Output":"=== RUN   TestRetainedReplayAfterSeenEvictionKeepsExactAccounting\n"}
{"Time":"2026-09-14T17:26:32.177674967+01:00","Action":"output","Package":"github.com/JohnnyPBelo/relayloom/native/core","Test":"TestPasswordUnpairedSurrogatesMatchNodeUTF8","Output":"--- PASS: TestPasswordUnpairedSurrogatesMatchNodeUTF8 (1.06s)\n"}
{"Time":"2026-09-14T17:26:32.177781226+01:00","Action":"pass","Package":"github.com/JohnnyPBelo/relayloom/native/core","Test":"TestPasswordUnpairedSurrogatesMatchNodeUTF8","Elapsed":1.06}
{"Time":"2026-09-14T17:26:32.177796395+01:00","Action":"run","Package":"github.com/JohnnyPBelo/relayloom/native/core","Test":"TestStructuralParserBudget"}
{"Time":"2026-09-14T17:26:32.177806604+01:00","Action":"output","Package":"github.com/JohnnyPBelo/relayloom/native/core","Test":"TestStructuralParserBudget","Output":"=== RUN   TestStructuralParserBudget\n"}
{"Time":"2026-09-14T17:26:32.23838095+01:00","Action":"output","Package":"github.com/JohnnyPBelo/relayloom/native/core","Test":"TestStructuralParserBudget","Output":"--- PASS: TestStructuralParserBudget (0.06s)\n"}
{"Time":"2026-09-14T17:26:32.238421927+01:00","Action":"pass","Package":"github.com/JohnnyPBelo/relayloom/native/core","Test":"TestStructuralParserBudget","Elapsed":0.06}
{"Time":"2026-09-14T17:26:32.238430573+01:00","Action":"run","Package":"github.com/JohnnyPBelo/relayloom/native/core","Test":"TestStoredFingerprintChecksBytesDespiteRestoredTimestamp"}
{"Time":"2026-09-14T17:26:32.238433498+01:00","Action":"output","Package":"github.com/JohnnyPBelo/relayloom/native/core","Test":"TestStoredFingerprintChecksBytesDespiteRestoredTimestamp","Output":"=== RUN   TestStoredFingerprintChecksBytesDespiteRestoredTimestamp\n"}
{"Time":"2026-09-14T17:26:32.273105843+01:00","Action":"output","Package":"github.com/JohnnyPBelo/relayloom/native/core","Test":"TestStoredFingerprintChecksBytesDespiteRestoredTimestamp","Output":"--- PASS: TestStoredFingerprintChecksBytesDespiteRestoredTimestamp (0.03s)\n"}
{"Time":"2026-09-14T17:26:32.273142892+01:00","Action":"pass","Package":"github.com/JohnnyPBelo/relayloom/native/core","Test":"TestStoredFingerprintChecksBytesDespiteRestoredTimestamp","Elapsed":0.03}
{"Time":"2026-09-14T17:26:32.273152741+01:00","Action":"run","Package":"github.com/JohnnyPBelo/relayloom/native/core","Test":"TestReservationsSurviveRestartAndPressureWithoutChangingPins"}
{"Time":"2026-09-14T17:26:32.273157089+01:00","Action":"output","Package":"github.com/JohnnyPBelo/relayloom/native/core","Test":"TestReservationsSurviveRestartAndPressureWithoutChangingPins","Output":"=== RUN   TestReservationsSurviveRestartAndPressureWithoutChangingPins\n"}
{"Time":"2026-09-14T17:26:32.320507593+01:00","Action":"output","Package":"github.com/JohnnyPBelo/relayloom/native/transport","Test":"TestRetainedReplayAfterSeenEvictionKeepsExactAccounting","Output":"--- PASS: TestRetainedReplayAfterSeenEvictionKeepsExactAccounting (0.99s)\n"}
{"Time":"2026-09-14T17:26:32.320546025+01:00","Action":"pass","Package":"github.com/JohnnyPBelo/relayloom/native/transport","Test":"TestRetainedReplayAfterSeenEvictionKeepsExactAccounting","Elapsed":0.99}
{"Time":"2026-09-14T17:26:32.320562285+01:00","Action":"run","Package":"github.com/JohnnyPBelo/relayloom/native/transport","Test":"TestRetainedDuplicatePressurePreservesConsentAndExpiresToZero"}
{"Time":"2026-09-14T17:26:32.32056476+01:00","Action":"output","Package":"github.com/JohnnyPBelo/relayloom/native/transport","Test":"TestRetainedDuplicatePressurePreservesConsentAndExpiresToZero","Output":"=== RUN   TestRetainedDuplicatePressurePreservesConsentAndExpiresToZero\n"}
{"Time":"2026-09-14T17:26:32.36086736+01:00","Action":"output","Package":"github.com/JohnnyPBelo/relayloom/native/core","Test":"TestReservationsSurviveRestartAndPressureWithoutChangingPins","Output":"--- PASS: TestReservationsSurviveRestartAndPressureWithoutChangingPins (0.09s)\n"}
{"Time":"2026-09-14T17:26:32.360924156+01:00","Action":"pass","Package":"github.com/JohnnyPBelo/relayloom/native/core","Test":"TestReservationsSurviveRestartAndPressureWithoutChangingPins","Elapsed":0.09}
{"Time":"2026-09-14T17:26:32.360933744+01:00","Action":"run","Package":"github.com/JohnnyPBelo/relayloom/native/core","Test":"TestReservationByteQuotaRefusalIsAtomic"}
{"Time":"2026-09-14T17:26:32.360937602+01:00","Action":"output","Package":"github.com/JohnnyPBelo/relayloom/native/core","Test":"TestReservationByteQuotaRefusalIsAtomic","Output":"=== RUN   TestReservationByteQuotaRefusalIsAtomic\n"}
{"Time":"2026-09-14T17:26:32.400479025+01:00","Action":"output","Package":"github.com/JohnnyPBelo/relayloom/native/transport","Test":"TestRetainedDuplicatePressurePreservesConsentAndExpiresToZero","Output":"--- PASS: TestRetainedDuplicatePressurePreservesConsentAndExpiresToZero (0.08s)\n"}
{"Time":"2026-09-14T17:26:32.400523448+01:00","Action":"pass","Package":"github.com/JohnnyPBelo/relayloom/native/transport","Test":"TestRetainedDuplicatePressurePreservesConsentAndExpiresToZero","Elapsed":0.08}
{"Time":"2026-09-14T17:26:32.40052978+01:00","Action":"run","Package":"github.com/JohnnyPBelo/relayloom/native/transport","Test":"TestTCPAndGenericStreamMultihop"}
{"Time":"2026-09-14T17:26:32.400532345+01:00","Action":"output","Package":"github.com/JohnnyPBelo/relayloom/native/transport","Test":"TestTCPAndGenericStreamMultihop","Output":"=== RUN   TestTCPAndGenericStreamMultihop\n"}
{"Time":"2026-09-14T17:26:32.62153772+01:00","Action":"output","Package":"github.com/JohnnyPBelo/relayloom/native/transport","Test":"TestTCPAndGenericStreamMultihop","Output":"--- PASS: TestTCPAndGenericStreamMultihop (0.22s)\n"}
{"Time":"2026-09-14T17:26:32.621581592+01:00","Action":"pass","Package":"github.com/JohnnyPBelo/relayloom/native/transport","Test":"TestTCPAndGenericStreamMultihop","Elapsed":0.22}
{"Time":"2026-09-14T17:26:32.621589307+01:00","Action":"run","Package":"github.com/JohnnyPBelo/relayloom/native/transport","Test":"TestParserReplayTamperTTLAndBounds"}
{"Time":"2026-09-14T17:26:32.621592202+01:00","Action":"output","Package":"github.com/JohnnyPBelo/relayloom/native/transport","Test":"TestParserReplayTamperTTLAndBounds","Output":"=== RUN   TestParserReplayTamperTTLAndBounds\n"}
{"Time":"2026-09-14T17:26:32.93126842+01:00","Action":"output","Package":"github.com/JohnnyPBelo/relayloom/native/core","Test":"TestReservationByteQuotaRefusalIsAtomic","Output":"--- PASS: TestReservationByteQuotaRefusalIsAtomic (0.57s)\n"}
{"Time":"2026-09-14T17:26:32.931310148+01:00","Action":"pass","Package":"github.com/JohnnyPBelo/relayloom/native/core","Test":"TestReservationByteQuotaRefusalIsAtomic","Elapsed":0.57}
{"Time":"2026-09-14T17:26:32.931318183+01:00","Action":"run","Package":"github.com/JohnnyPBelo/relayloom/native/core","Test":"TestReservationDoesNotExtendSignedExpiry"}
{"Time":"2026-09-14T17:26:32.93132161+01:00","Action":"output","Package":"github.com/JohnnyPBelo/relayloom/native/core","Test":"TestReservationDoesNotExtendSignedExpiry","Output":"=== RUN   TestReservationDoesNotExtendSignedExpiry\n"}
{"Time":"2026-09-14T17:26:32.977580487+01:00","Action":"output","Package":"github.com/JohnnyPBelo/relayloom/native/transport","Test":"TestParserReplayTamperTTLAndBounds","Output":"--- PASS: TestParserReplayTamperTTLAndBounds (0.36s)\n"}
{"Time":"2026-09-14T17:26:32.97764606+01:00","Action":"pass","Package":"github.com/JohnnyPBelo/relayloom/native/transport","Test":"TestParserReplayTamperTTLAndBounds","Elapsed":0.36}
{"Time":"2026-09-14T17:26:32.977654976+01:00","Action":"run","Package":"github.com/JohnnyPBelo/relayloom/native/transport","Test":"TestMalformedFloodAndQueuedExpiry"}
{"Time":"2026-09-14T17:26:32.977657451+01:00","Action":"output","Package":"github.com/JohnnyPBelo/relayloom/native/transport","Test":"TestMalformedFloodAndQueuedExpiry","Output":"=== RUN   TestMalformedFloodAndQueuedExpiry\n"}
{"Time":"2026-09-14T17:26:33.18242296+01:00","Action":"output","Package":"github.com/JohnnyPBelo/relayloom/native/transport","Test":"TestMalformedFloodAndQueuedExpiry","Output":"--- PASS: TestMalformedFloodAndQueuedExpiry (0.20s)\n"}
{"Time":"2026-09-14T17:26:33.182448888+01:00","Action":"pass","Package":"github.com/JohnnyPBelo/relayloom/native/transport","Test":"TestMalformedFloodAndQueuedExpiry","Elapsed":0.2}
{"Time":"2026-09-14T17:26:33.182457605+01:00","Action":"run","Package":"github.com/JohnnyPBelo/relayloom/native/transport","Test":"TestFragmentPriorityAndFairness"}
{"Time":"2026-09-14T17:26:33.182460019+01:00","Action":"output","Package":"github.com/JohnnyPBelo/relayloom/native/transport","Test":"TestFragmentPriorityAndFairness","Output":"=== RUN   TestFragmentPriorityAndFairness\n"}
{"Time":"2026-09-14T17:26:33.331778234+01:00","Action":"output","Package":"github.com/JohnnyPBelo/relayloom/native/transport","Test":"TestFragmentPriorityAndFairness","Output":"--- PASS: TestFragmentPriorityAndFairness (0.15s)\n"}
{"Time":"2026-09-14T17:26:33.331827777+01:00","Action":"pass","Package":"github.com/JohnnyPBelo/relayloom/native/transport","Test":"TestFragmentPriorityAndFairness","Elapsed":0.15}
{"Time":"2026-09-14T17:26:33.331839088+01:00","Action":"run","Package":"github.com/JohnnyPBelo/relayloom/native/transport","Test":"TestReconnectAndRelayConsent"}
{"Time":"2026-09-14T17:26:33.331841883+01:00","Action":"output","Package":"github.com/JohnnyPBelo/relayloom/native/transport","Test":"TestReconnectAndRelayConsent","Output":"=== RUN   TestReconnectAndRelayConsent\n"}
{"Time":"2026-09-14T17:26:34.070840073+01:00","Action":"output","Package":"github.com/JohnnyPBelo/relayloom/native/core","Test":"TestReservationDoesNotExtendSignedExpiry","Output":"--- PASS: TestReservationDoesNotExtendSignedExpiry (1.14s)\n"}
{"Time":"2026-09-14T17:26:34.070885448+01:00","Action":"pass","Package":"github.com/JohnnyPBelo/relayloom/native/core","Test":"TestReservationDoesNotExtendSignedExpiry","Elapsed":1.14}
{"Time":"2026-09-14T17:26:34.070894805+01:00","Action":"run","Package":"github.com/JohnnyPBelo/relayloom/native/core","Test":"TestReservationCorruptionCannotReleaseExistingProtection"}
{"Time":"2026-09-14T17:26:34.070898252+01:00","Action":"output","Package":"github.com/JohnnyPBelo/relayloom/native/core","Test":"TestReservationCorruptionCannotReleaseExistingProtection","Output":"=== RUN   TestReservationCorruptionCannotReleaseExistingProtection\n"}
{"Time":"2026-09-14T17:26:34.122078115+01:00","Action":"output","Package":"github.com/JohnnyPBelo/relayloom/native/core","Test":"TestReservationCorruptionCannotReleaseExistingProtection","Output":"--- PASS: TestReservationCorruptionCannotReleaseExistingProtection (0.05s)\n"}
{"Time":"2026-09-14T17:26:34.122095868+01:00","Action":"pass","Package":"github.com/JohnnyPBelo/relayloom/native/core","Test":"TestReservationCorruptionCannotReleaseExistingProtection","Elapsed":0.05}
{"Time":"2026-09-14T17:26:34.122122779+01:00","Action":"run","Package":"github.com/JohnnyPBelo/relayloom/native/core","Test":"TestReservationWriteFailureProtectsUnionUntilReconciliation"}
{"Time":"2026-09-14T17:26:34.122125324+01:00","Action":"output","Package":"github.com/JohnnyPBelo/relayloom/native/core","Test":"TestReservationWriteFailureProtectsUnionUntilReconciliation","Output":"=== RUN   TestReservationWriteFailureProtectsUnionUntilReconciliation\n"}
{"Time":"2026-09-14T17:26:34.196395577+01:00","Action":"output","Package":"github.com/JohnnyPBelo/relayloom/native/core","Test":"TestReservationWriteFailureProtectsUnionUntilReconciliation","Output":"--- PASS: TestReservationWriteFailureProtectsUnionUntilReconciliation (0.07s)\n"}
{"Time":"2026-09-14T17:26:34.19645039+01:00","Action":"pass","Package":"github.com/JohnnyPBelo/relayloom/native/core","Test":"TestReservationWriteFailureProtectsUnionUntilReconciliation","Elapsed":0.07}
{"Time":"2026-09-14T17:26:34.196457794+01:00","Action":"run","Package":"github.com/JohnnyPBelo/relayloom/native/core","Test":"TestReservationDuplicateAtCountLimitAndMalformedIndex"}
{"Time":"2026-09-14T17:26:34.196460639+01:00","Action":"output","Package":"github.com/JohnnyPBelo/relayloom/native/core","Test":"TestReservationDuplicateAtCountLimitAndMalformedIndex","Output":"=== RUN   TestReservationDuplicateAtCountLimitAndMalformedIndex\n"}
{"Time":"2026-09-14T17:26:34.236273381+01:00","Action":"output","Package":"github.com/JohnnyPBelo/relayloom/native/core","Test":"TestReservationDuplicateAtCountLimitAndMalformedIndex","Output":"--- PASS: TestReservationDuplicateAtCountLimitAndMalformedIndex (0.04s)\n"}
{"Time":"2026-09-14T17:26:34.236290883+01:00","Action":"pass","Package":"github.com/JohnnyPBelo/relayloom/native/core","Test":"TestReservationDuplicateAtCountLimitAndMalformedIndex","Elapsed":0.04}
{"Time":"2026-09-14T17:26:34.236296354+01:00","Action":"run","Package":"github.com/JohnnyPBelo/relayloom/native/core","Test":"TestContentReservationProcessFixture"}
{"Time":"2026-09-14T17:26:34.236299059+01:00","Action":"output","Package":"github.com/JohnnyPBelo/relayloom/native/core","Test":"TestContentReservationProcessFixture","Output":"=== RUN   TestContentReservationProcessFixture\n"}
{"Time":"2026-09-14T17:26:34.236756987+01:00","Action":"output","Package":"github.com/JohnnyPBelo/relayloom/native/core","Test":"TestContentReservationProcessFixture","Output":"    reservations_worker_test.go:12: driven by the real Node/Go reservation process test\n"}
{"Time":"2026-09-14T17:26:34.236767838+01:00","Action":"output","Package":"github.com/JohnnyPBelo/relayloom/native/core","Test":"TestContentReservationProcessFixture","Output":"--- SKIP: TestContentReservationProcessFixture (0.00s)\n"}
{"Time":"2026-09-14T17:26:34.236797373+01:00","Action":"skip","Package":"github.com/JohnnyPBelo/relayloom/native/core","Test":"TestContentReservationProcessFixture","Elapsed":0}
{"Time":"2026-09-14T17:26:34.236822129+01:00","Action":"output","Package":"github.com/JohnnyPBelo/relayloom/native/core","Output":"PASS\n"}
{"Time":"2026-09-14T17:26:34.539503563+01:00","Action":"output","Package":"github.com/JohnnyPBelo/relayloom/native/transport","Test":"TestReconnectAndRelayConsent","Output":"--- PASS: TestReconnectAndRelayConsent (1.21s)\n"}
{"Time":"2026-09-14T17:26:34.539554779+01:00","Action":"pass","Package":"github.com/JohnnyPBelo/relayloom/native/transport","Test":"TestReconnectAndRelayConsent","Elapsed":1.21}
{"Time":"2026-09-14T17:26:34.539566601+01:00","Action":"run","Package":"github.com/JohnnyPBelo/relayloom/native/transport","Test":"TestMissingFragmentAndACKRetryOverTCP"}
{"Time":"2026-09-14T17:26:34.539570038+01:00","Action":"output","Package":"github.com/JohnnyPBelo/relayloom/native/transport","Test":"TestMissingFragmentAndACKRetryOverTCP","Output":"=== RUN   TestMissingFragmentAndACKRetryOverTCP\n"}
{"Time":"2026-09-14T17:26:35.255117621+01:00","Action":"output","Package":"github.com/JohnnyPBelo/relayloom/native/core","Output":"ok  \tgithub.com/JohnnyPBelo/relayloom/native/core\t7.624s\n"}
{"Time":"2026-09-14T17:26:35.255179307+01:00","Action":"pass","Package":"github.com/JohnnyPBelo/relayloom/native/core","Elapsed":7.625}
{"Time":"2026-09-14T17:26:35.699566323+01:00","Action":"start","Package":"github.com/JohnnyPBelo/relayloom/native/webpeer"}
{"Time":"2026-09-14T17:26:35.710769868+01:00","Action":"run","Package":"github.com/JohnnyPBelo/relayloom/native/webpeer","Test":"TestInvitationOriginCapabilitiesAndConnectionLimit"}
{"Time":"2026-09-14T17:26:35.710831433+01:00","Action":"output","Package":"github.com/JohnnyPBelo/relayloom/native/webpeer","Test":"TestInvitationOriginCapabilitiesAndConnectionLimit","Output":"=== RUN   TestInvitationOriginCapabilitiesAndConnectionLimit\n"}
{"Time":"2026-09-14T17:26:35.725264362+01:00","Action":"output","Package":"github.com/JohnnyPBelo/relayloom/native/webpeer","Test":"TestInvitationOriginCapabilitiesAndConnectionLimit","Output":"--- PASS: TestInvitationOriginCapabilitiesAndConnectionLimit (0.01s)\n"}
{"Time":"2026-09-14T17:26:35.72530055+01:00","Action":"pass","Package":"github.com/JohnnyPBelo/relayloom/native/webpeer","Test":"TestInvitationOriginCapabilitiesAndConnectionLimit","Elapsed":0.01}
{"Time":"2026-09-14T17:26:35.725321309+01:00","Action":"run","Package":"github.com/JohnnyPBelo/relayloom/native/webpeer","Test":"TestInvitationExpiryAndCleartextScope"}
{"Time":"2026-09-14T17:26:35.725325316+01:00","Action":"output","Package":"github.com/JohnnyPBelo/relayloom/native/webpeer","Test":"TestInvitationExpiryAndCleartextScope","Output":"=== RUN   TestInvitationExpiryAndCleartextScope\n"}
{"Time":"2026-09-14T17:26:36.727630119+01:00","Action":"output","Package":"github.com/JohnnyPBelo/relayloom/native/webpeer","Test":"TestInvitationExpiryAndCleartextScope","Output":"--- PASS: TestInvitationExpiryAndCleartextScope (1.00s)\n"}
{"Time":"2026-09-14T17:26:36.727675654+01:00","Action":"pass","Package":"github.com/JohnnyPBelo/relayloom/native/webpeer","Test":"TestInvitationExpiryAndCleartextScope","Elapsed":1}
{"Time":"2026-09-14T17:26:36.72768435+01:00","Action":"output","Package":"github.com/JohnnyPBelo/relayloom/native/webpeer","Output":"PASS\n"}
{"Time":"2026-09-14T17:26:37.731266197+01:00","Action":"output","Package":"github.com/JohnnyPBelo/relayloom/native/webpeer","Output":"ok  \tgithub.com/JohnnyPBelo/relayloom/native/webpeer\t2.032s\n"}
{"Time":"2026-09-14T17:26:37.73131071+01:00","Action":"pass","Package":"github.com/JohnnyPBelo/relayloom/native/webpeer","Elapsed":2.032}
{"Time":"2026-09-14T17:26:38.464061737+01:00","Action":"start","Package":"github.com/JohnnyPBelo/relayloom/native/app"}
{"Time":"2026-09-14T17:26:38.474526797+01:00","Action":"run","Package":"github.com/JohnnyPBelo/relayloom/native/app","Test":"TestConnectSavedEndpointAtCapacityIsIdempotent"}
{"Time":"2026-09-14T17:26:38.474599844+01:00","Action":"output","Package":"github.com/JohnnyPBelo/relayloom/native/app","Test":"TestConnectSavedEndpointAtCapacityIsIdempotent","Output":"=== RUN   TestConnectSavedEndpointAtCapacityIsIdempotent\n"}
{"Time":"2026-09-14T17:26:38.946935068+01:00","Action":"output","Package":"github.com/JohnnyPBelo/relayloom/native/transport","Test":"TestMissingFragmentAndACKRetryOverTCP","Output":"--- PASS: TestMissingFragmentAndACKRetryOverTCP (4.41s)\n"}
{"Time":"2026-09-14T17:26:38.947019707+01:00","Action":"pass","Package":"github.com/JohnnyPBelo/relayloom/native/transport","Test":"TestMissingFragmentAndACKRetryOverTCP","Elapsed":4.41}
{"Time":"2026-09-14T17:26:38.947027512+01:00","Action":"run","Package":"github.com/JohnnyPBelo/relayloom/native/transport","Test":"TestDeliveryAndDialQueuesAreBounded"}
{"Time":"2026-09-14T17:26:38.947030477+01:00","Action":"output","Package":"github.com/JohnnyPBelo/relayloom/native/transport","Test":"TestDeliveryAndDialQueuesAreBounded","Output":"=== RUN   TestDeliveryAndDialQueuesAreBounded\n"}
{"Time":"2026-09-14T17:26:38.965610732+01:00","Action":"output","Package":"github.com/JohnnyPBelo/relayloom/native/transport","Test":"TestDeliveryAndDialQueuesAreBounded","Output":"--- PASS: TestDeliveryAndDialQueuesAreBounded (0.02s)\n"}
{"Time":"2026-09-14T17:26:38.96565761+01:00","Action":"pass","Package":"github.com/JohnnyPBelo/relayloom/native/transport","Test":"TestDeliveryAndDialQueuesAreBounded","Elapsed":0.02}
{"Time":"2026-09-14T17:26:38.965667789+01:00","Action":"run","Package":"github.com/JohnnyPBelo/relayloom/native/transport","Test":"TestHopLimitAndValidationBeforeForwarding"}
{"Time":"2026-09-14T17:26:38.965670584+01:00","Action":"output","Package":"github.com/JohnnyPBelo/relayloom/native/transport","Test":"TestHopLimitAndValidationBeforeForwarding","Output":"=== RUN   TestHopLimitAndValidationBeforeForwarding\n"}
{"Time":"2026-09-14T17:26:39.068166696+01:00","Action":"output","Package":"github.com/JohnnyPBelo/relayloom/native/transport","Test":"TestHopLimitAndValidationBeforeForwarding","Output":"--- PASS: TestHopLimitAndValidationBeforeForwarding (0.10s)\n"}
{"Time":"2026-09-14T17:26:39.06824382+01:00","Action":"pass","Package":"github.com/JohnnyPBelo/relayloom/native/transport","Test":"TestHopLimitAndValidationBeforeForwarding","Elapsed":0.1}
{"Time":"2026-09-14T17:26:39.068260532+01:00","Action":"output","Package":"github.com/JohnnyPBelo/relayloom/native/transport","Output":"PASS\n"}
{"Time":"2026-09-14T17:26:39.130727146+01:00","Action":"output","Package":"github.com/JohnnyPBelo/relayloom/native/app","Test":"TestConnectSavedEndpointAtCapacityIsIdempotent","Output":"--- PASS: TestConnectSavedEndpointAtCapacityIsIdempotent (0.66s)\n"}
{"Time":"2026-09-14T17:26:39.130769645+01:00","Action":"pass","Package":"github.com/JohnnyPBelo/relayloom/native/app","Test":"TestConnectSavedEndpointAtCapacityIsIdempotent","Elapsed":0.66}
{"Time":"2026-09-14T17:26:39.130781347+01:00","Action":"run","Package":"github.com/JohnnyPBelo/relayloom/native/app","Test":"TestApplicationMessagesGroupsReceiptsAndPrivacy"}
{"Time":"2026-09-14T17:26:39.130784643+01:00","Action":"output","Package":"github.com/JohnnyPBelo/relayloom/native/app","Test":"TestApplicationMessagesGroupsReceiptsAndPrivacy","Output":"=== RUN   TestApplicationMessagesGroupsReceiptsAndPrivacy\n"}
{"Time":"2026-09-14T17:26:40.072825822+01:00","Action":"output","Package":"github.com/JohnnyPBelo/relayloom/native/transport","Output":"ok  \tgithub.com/JohnnyPBelo/relayloom/native/transport\t12.442s\n"}
{"Time":"2026-09-14T17:26:40.072887828+01:00","Action":"pass","Package":"github.com/JohnnyPBelo/relayloom/native/transport","Elapsed":12.442}
{"Time":"2026-09-14T17:26:40.362797357+01:00","Action":"start","Package":"github.com/JohnnyPBelo/relayloom/native/groups"}
{"Time":"2026-09-14T17:26:40.371926262+01:00","Action":"run","Package":"github.com/JohnnyPBelo/relayloom/native/groups","Test":"TestNewcomerValidatesJoinWithoutPreviousPrivateSnapshot"}
{"Time":"2026-09-14T17:26:40.372034715+01:00","Action":"output","Package":"github.com/JohnnyPBelo/relayloom/native/groups","Test":"TestNewcomerValidatesJoinWithoutPreviousPrivateSnapshot","Output":"=== RUN   TestNewcomerValidatesJoinWithoutPreviousPrivateSnapshot\n"}
{"Time":"2026-09-14T17:26:40.508270232+01:00","Action":"output","Package":"github.com/JohnnyPBelo/relayloom/native/groups","Test":"TestNewcomerValidatesJoinWithoutPreviousPrivateSnapshot","Output":"--- PASS: TestNewcomerValidatesJoinWithoutPreviousPrivateSnapshot (0.14s)\n"}
{"Time":"2026-09-14T17:26:40.508326257+01:00","Action":"pass","Package":"github.com/JohnnyPBelo/relayloom/native/groups","Test":"TestNewcomerValidatesJoinWithoutPreviousPrivateSnapshot","Elapsed":0.14}
{"Time":"2026-09-14T17:26:40.508345393+01:00","Action":"run","Package":"github.com/JohnnyPBelo/relayloom/native/groups","Test":"TestAnchorSignatureAndPermanentAuthority"}
{"Time":"2026-09-14T17:26:40.50834915+01:00","Action":"output","Package":"github.com/JohnnyPBelo/relayloom/native/groups","Test":"TestAnchorSignatureAndPermanentAuthority","Output":"=== RUN   TestAnchorSignatureAndPermanentAuthority\n"}
{"Time":"2026-09-14T17:26:40.540559689+01:00","Action":"output","Package":"github.com/JohnnyPBelo/relayloom/native/groups","Test":"TestAnchorSignatureAndPermanentAuthority","Output":"--- PASS: TestAnchorSignatureAndPermanentAuthority (0.03s)\n"}
{"Time":"2026-09-14T17:26:40.540599153+01:00","Action":"pass","Package":"github.com/JohnnyPBelo/relayloom/native/groups","Test":"TestAnchorSignatureAndPermanentAuthority","Elapsed":0.03}
{"Time":"2026-09-14T17:26:40.540673843+01:00","Action":"run","Package":"github.com/JohnnyPBelo/relayloom/native/groups","Test":"TestInvitationConsentAndExactParent"}
{"Time":"2026-09-14T17:26:40.540702818+01:00","Action":"output","Package":"github.com/JohnnyPBelo/relayloom/native/groups","Test":"TestInvitationConsentAndExactParent","Output":"=== RUN   TestInvitationConsentAndExactParent\n"}
{"Time":"2026-09-14T17:26:40.653568631+01:00","Action":"output","Package":"github.com/JohnnyPBelo/relayloom/native/groups","Test":"TestInvitationConsentAndExactParent","Output":"--- PASS: TestInvitationConsentAndExactParent (0.11s)\n"}
{"Time":"2026-09-14T17:26:40.653636879+01:00","Action":"pass","Package":"github.com/JohnnyPBelo/relayloom/native/groups","Test":"TestInvitationConsentAndExactParent","Elapsed":0.11}
{"Time":"2026-09-14T17:26:40.653647709+01:00","Action":"run","Package":"github.com/JohnnyPBelo/relayloom/native/groups","Test":"TestRealReaderEnvelopesRemovalAndRejoinPath"}
{"Time":"2026-09-14T17:26:40.653651366+01:00","Action":"output","Package":"github.com/JohnnyPBelo/relayloom/native/groups","Test":"TestRealReaderEnvelopesRemovalAndRejoinPath","Output":"=== RUN   TestRealReaderEnvelopesRemovalAndRejoinPath\n"}
{"Time":"2026-09-14T17:26:40.860466107+01:00","Action":"output","Package":"github.com/JohnnyPBelo/relayloom/native/app","Test":"TestApplicationMessagesGroupsReceiptsAndPrivacy","Output":"--- PASS: TestApplicationMessagesGroupsReceiptsAndPrivacy (1.73s)\n"}
{"Time":"2026-09-14T17:26:40.86051615+01:00","Action":"pass","Package":"github.com/JohnnyPBelo/relayloom/native/app","Test":"TestApplicationMessagesGroupsReceiptsAndPrivacy","Elapsed":1.73}
{"Time":"2026-09-14T17:26:40.860525137+01:00","Action":"run","Package":"github.com/JohnnyPBelo/relayloom/native/app","Test":"TestInboundSemanticACLRejectsSignedForgeriesAndViewBypass"}
{"Time":"2026-09-14T17:26:40.860527422+01:00","Action":"output","Package":"github.com/JohnnyPBelo/relayloom/native/app","Test":"TestInboundSemanticACLRejectsSignedForgeriesAndViewBypass","Output":"=== RUN   TestInboundSemanticACLRejectsSignedForgeriesAndViewBypass\n"}
{"Time":"2026-09-14T17:26:40.871612334+01:00","Action":"output","Package":"github.com/JohnnyPBelo/relayloom/native/groups","Test":"TestRealReaderEnvelopesRemovalAndRejoinPath","Output":"--- PASS: TestRealReaderEnvelopesRemovalAndRejoinPath (0.22s)\n"}
{"Time":"2026-09-14T17:26:40.871629185+01:00","Action":"pass","Package":"github.com/JohnnyPBelo/relayloom/native/groups","Test":"TestRealReaderEnvelopesRemovalAndRejoinPath","Elapsed":0.22}
{"Time":"2026-09-14T17:26:40.871660564+01:00","Action":"run","Package":"github.com/JohnnyPBelo/relayloom/native/groups","Test":"TestCreatorRekeyKeepsSigningAuthority"}
{"Time":"2026-09-14T17:26:40.871663169+01:00","Action":"output","Package":"github.com/JohnnyPBelo/relayloom/native/groups","Test":"TestCreatorRekeyKeepsSigningAuthority","Output":"=== RUN   TestCreatorRekeyKeepsSigningAuthority\n"}
{"Time":"2026-09-14T17:26:40.990286386+01:00","Action":"output","Package":"github.com/JohnnyPBelo/relayloom/native/groups","Test":"TestCreatorRekeyKeepsSigningAuthority","Output":"--- PASS: TestCreatorRekeyKeepsSigningAuthority (0.12s)\n"}
{"Time":"2026-09-14T17:26:40.990404778+01:00","Action":"pass","Package":"github.com/JohnnyPBelo/relayloom/native/groups","Test":"TestCreatorRekeyKeepsSigningAuthority","Elapsed":0.12}
{"Time":"2026-09-14T17:26:40.99041612+01:00","Action":"run","Package":"github.com/JohnnyPBelo/relayloom/native/groups","Test":"TestExactSchemaAndSignedMalformedInputs"}
{"Time":"2026-09-14T17:26:40.990420698+01:00","Action":"output","Package":"github.com/JohnnyPBelo/relayloom/native/groups","Test":"TestExactSchemaAndSignedMalformedInputs","Output":"=== RUN   TestExactSchemaAndSignedMalformedInputs\n"}
{"Time":"2026-09-14T17:26:41.068260955+01:00","Action":"output","Package":"github.com/JohnnyPBelo/relayloom/native/groups","Test":"TestExactSchemaAndSignedMalformedInputs","Output":"--- PASS: TestExactSchemaAndSignedMalformedInputs (0.08s)\n"}
{"Time":"2026-09-14T17:26:41.068376702+01:00","Action":"pass","Package":"github.com/JohnnyPBelo/relayloom/native/groups","Test":"TestExactSchemaAndSignedMalformedInputs","Elapsed":0.08}
{"Time":"2026-09-14T17:26:41.068390698+01:00","Action":"run","Package":"github.com/JohnnyPBelo/relayloom/native/groups","Test":"TestClosureLeaveAndForkBoundaries"}
{"Time":"2026-09-14T17:26:41.06841313+01:00","Action":"output","Package":"github.com/JohnnyPBelo/relayloom/native/groups","Test":"TestClosureLeaveAndForkBoundaries","Output":"=== RUN   TestClosureLeaveAndForkBoundaries\n"}
{"Time":"2026-09-14T17:26:41.236538705+01:00","Action":"output","Package":"github.com/JohnnyPBelo/relayloom/native/groups","Test":"TestClosureLeaveAndForkBoundaries","Output":"--- PASS: TestClosureLeaveAndForkBoundaries (0.17s)\n"}
{"Time":"2026-09-14T17:26:41.236620429+01:00","Action":"pass","Package":"github.com/JohnnyPBelo/relayloom/native/groups","Test":"TestClosureLeaveAndForkBoundaries","Elapsed":0.17}
{"Time":"2026-09-14T17:26:41.236633052+01:00","Action":"run","Package":"github.com/JohnnyPBelo/relayloom/native/groups","Test":"TestRosterBoundsAndUTF16Titles"}
{"Time":"2026-09-14T17:26:41.236638162+01:00","Action":"output","Package":"github.com/JohnnyPBelo/relayloom/native/groups","Test":"TestRosterBoundsAndUTF16Titles","Output":"=== RUN   TestRosterBoundsAndUTF16Titles\n"}
{"Time":"2026-09-14T17:26:41.776886872+01:00","Action":"output","Package":"github.com/JohnnyPBelo/relayloom/native/app","Test":"TestInboundSemanticACLRejectsSignedForgeriesAndViewBypass","Output":"--- PASS: TestInboundSemanticACLRejectsSignedForgeriesAndViewBypass (0.92s)\n"}
{"Time":"2026-09-14T17:26:41.776947846+01:00","Action":"pass","Package":"github.com/JohnnyPBelo/relayloom/native/app","Test":"TestInboundSemanticACLRejectsSignedForgeriesAndViewBypass","Elapsed":0.92}
{"Time":"2026-09-14T17:26:41.776968144+01:00","Action":"run","Package":"github.com/JohnnyPBelo/relayloom/native/app","Test":"TestDeletionSurvivesImmediateOriginalEvictionEventLossAndRestart"}
{"Time":"2026-09-14T17:26:41.776972171+01:00","Action":"output","Package":"github.com/JohnnyPBelo/relayloom/native/app","Test":"TestDeletionSurvivesImmediateOriginalEvictionEventLossAndRestart","Output":"=== RUN   TestDeletionSurvivesImmediateOriginalEvictionEventLossAndRestart\n"}
{"Time":"2026-09-14T17:26:43.127152358+01:00","Action":"output","Package":"github.com/JohnnyPBelo/relayloom/native/groups","Test":"TestRosterBoundsAndUTF16Titles","Output":"--- PASS: TestRosterBoundsAndUTF16Titles (1.89s)\n"}
{"Time":"2026-09-14T17:26:43.127201149+01:00","Action":"pass","Package":"github.com/JohnnyPBelo/relayloom/native/groups","Test":"TestRosterBoundsAndUTF16Titles","Elapsed":1.89}
{"Time":"2026-09-14T17:26:43.127209495+01:00","Action":"run","Package":"github.com/JohnnyPBelo/relayloom/native/groups","Test":"TestSnapshotNeedsExactConsentSetAndPinnedCards"}
{"Time":"2026-09-14T17:26:43.127211979+01:00","Action":"output","Package":"github.com/JohnnyPBelo/relayloom/native/groups","Test":"TestSnapshotNeedsExactConsentSetAndPinnedCards","Output":"=== RUN   TestSnapshotNeedsExactConsentSetAndPinnedCards\n"}
{"Time":"2026-09-14T17:26:43.201164647+01:00","Action":"output","Package":"github.com/JohnnyPBelo/relayloom/native/app","Test":"TestDeletionSurvivesImmediateOriginalEvictionEventLossAndRestart","Output":"--- PASS: TestDeletionSurvivesImmediateOriginalEvictionEventLossAndRestart (1.42s)\n"}
{"Time":"2026-09-14T17:26:43.201209552+01:00","Action":"pass","Package":"github.com/JohnnyPBelo/relayloom/native/app","Test":"TestDeletionSurvivesImmediateOriginalEvictionEventLossAndRestart","Elapsed":1.42}
{"Time":"2026-09-14T17:26:43.201218098+01:00","Action":"run","Package":"github.com/JohnnyPBelo/relayloom/native/app","Test":"TestJournalEditTieOrderDraftEncryptionAndTamperRejection"}
{"Time":"2026-09-14T17:26:43.201220673+01:00","Action":"output","Package":"github.com/JohnnyPBelo/relayloom/native/app","Test":"TestJournalEditTieOrderDraftEncryptionAndTamperRejection","Output":"=== RUN   TestJournalEditTieOrderDraftEncryptionAndTamperRejection\n"}
{"Time":"2026-09-14T17:26:43.250680731+01:00","Action":"output","Package":"github.com/JohnnyPBelo/relayloom/native/groups","Test":"TestSnapshotNeedsExactConsentSetAndPinnedCards","Output":"--- PASS: TestSnapshotNeedsExactConsentSetAndPinnedCards (0.12s)\n"}
{"Time":"2026-09-14T17:26:43.250733751+01:00","Action":"pass","Package":"github.com/JohnnyPBelo/relayloom/native/groups","Test":"TestSnapshotNeedsExactConsentSetAndPinnedCards","Elapsed":0.12}
{"Time":"2026-09-14T17:26:43.250764618+01:00","Action":"run","Package":"github.com/JohnnyPBelo/relayloom/native/groups","Test":"TestGroupCertificateInteropFixture"}
{"Time":"2026-09-14T17:26:43.250767594+01:00","Action":"output","Package":"github.com/JohnnyPBelo/relayloom/native/groups","Test":"TestGroupCertificateInteropFixture","Output":"=== RUN   TestGroupCertificateInteropFixture\n"}
{"Time":"2026-09-14T17:26:43.250846372+01:00","Action":"output","Package":"github.com/JohnnyPBelo/relayloom/native/groups","Test":"TestGroupCertificateInteropFixture","Output":"    interop_test.go:16: driven by the Node/Go vector test\n"}
{"Time":"2026-09-14T17:26:43.250857603+01:00","Action":"output","Package":"github.com/JohnnyPBelo/relayloom/native/groups","Test":"TestGroupCertificateInteropFixture","Output":"--- SKIP: TestGroupCertificateInteropFixture (0.00s)\n"}
{"Time":"2026-09-14T17:26:43.250860598+01:00","Action":"skip","Package":"github.com/JohnnyPBelo/relayloom/native/groups","Test":"TestGroupCertificateInteropFixture","Elapsed":0}
{"Time":"2026-09-14T17:26:43.250890044+01:00","Action":"output","Package":"github.com/JohnnyPBelo/relayloom/native/groups","Output":"PASS\n"}
{"Time":"2026-09-14T17:26:44.256438557+01:00","Action":"output","Package":"github.com/JohnnyPBelo/relayloom/native/groups","Output":"ok  \tgithub.com/JohnnyPBelo/relayloom/native/groups\t3.894s\n"}
{"Time":"2026-09-14T17:26:44.256528726+01:00","Action":"pass","Package":"github.com/JohnnyPBelo/relayloom/native/groups","Elapsed":3.894}
{"Time":"2026-09-14T17:26:44.716066026+01:00","Action":"start","Package":"github.com/JohnnyPBelo/relayloom/native/groupstore"}
{"Time":"2026-09-14T17:26:44.725824572+01:00","Action":"run","Package":"github.com/JohnnyPBelo/relayloom/native/groupstore","Test":"TestUnknownSchemaCannotHideBehindSQLitePrefix"}
{"Time":"2026-09-14T17:26:44.725879154+01:00","Action":"output","Package":"github.com/JohnnyPBelo/relayloom/native/groupstore","Test":"TestUnknownSchemaCannotHideBehindSQLitePrefix","Output":"=== RUN   TestUnknownSchemaCannotHideBehindSQLitePrefix\n"}
{"Time":"2026-09-14T17:26:44.770779294+01:00","Action":"output","Package":"github.com/JohnnyPBelo/relayloom/native/groupstore","Test":"TestUnknownSchemaCannotHideBehindSQLitePrefix","Output":"--- PASS: TestUnknownSchemaCannotHideBehindSQLitePrefix (0.04s)\n"}
{"Time":"2026-09-14T17:26:44.770831272+01:00","Action":"pass","Package":"github.com/JohnnyPBelo/relayloom/native/groupstore","Test":"TestUnknownSchemaCannotHideBehindSQLitePrefix","Elapsed":0.04}
{"Time":"2026-09-14T17:26:44.770846951+01:00","Action":"run","Package":"github.com/JohnnyPBelo/relayloom/native/groupstore","Test":"TestIntegrityFailureStillPoisonsHandleAfterCallbackPanic"}
{"Time":"2026-09-14T17:26:44.770850367+01:00","Action":"output","Package":"github.com/JohnnyPBelo/relayloom/native/groupstore","Test":"TestIntegrityFailureStillPoisonsHandleAfterCallbackPanic","Output":"=== RUN   TestIntegrityFailureStillPoisonsHandleAfterCallbackPanic\n"}
{"Time":"2026-09-14T17:26:44.822407798+01:00","Action":"output","Package":"github.com/JohnnyPBelo/relayloom/native/groupstore","Test":"TestIntegrityFailureStillPoisonsHandleAfterCallbackPanic","Output":"--- PASS: TestIntegrityFailureStillPoisonsHandleAfterCallbackPanic (0.05s)\n"}
{"Time":"2026-09-14T17:26:44.822482017+01:00","Action":"pass","Package":"github.com/JohnnyPBelo/relayloom/native/groupstore","Test":"TestIntegrityFailureStillPoisonsHandleAfterCallbackPanic","Elapsed":0.05}
{"Time":"2026-09-14T17:26:44.822509719+01:00","Action":"run","Package":"github.com/JohnnyPBelo/relayloom/native/groupstore","Test":"TestPersistentEncryptedRecordsAndRollback"}
{"Time":"2026-09-14T17:26:44.822513597+01:00","Action":"output","Package":"github.com/JohnnyPBelo/relayloom/native/groupstore","Test":"TestPersistentEncryptedRecordsAndRollback","Output":"=== RUN   TestPersistentEncryptedRecordsAndRollback\n"}
{"Time":"2026-09-14T17:26:44.890814539+01:00","Action":"output","Package":"github.com/JohnnyPBelo/relayloom/native/groupstore","Test":"TestPersistentEncryptedRecordsAndRollback","Output":"--- PASS: TestPersistentEncryptedRecordsAndRollback (0.07s)\n"}
{"Time":"2026-09-14T17:26:44.890862008+01:00","Action":"pass","Package":"github.com/JohnnyPBelo/relayloom/native/groupstore","Test":"TestPersistentEncryptedRecordsAndRollback","Elapsed":0.07}
{"Time":"2026-09-14T17:26:44.890869902+01:00","Action":"run","Package":"github.com/JohnnyPBelo/relayloom/native/groupstore","Test":"TestMissingDamagedStateAndWrongIdentityFailClosed"}
{"Time":"2026-09-14T17:26:44.890871866+01:00","Action":"output","Package":"github.com/JohnnyPBelo/relayloom/native/groupstore","Test":"TestMissingDamagedStateAndWrongIdentityFailClosed","Output":"=== RUN   TestMissingDamagedStateAndWrongIdentityFailClosed\n"}
{"Time":"2026-09-14T17:26:44.936042553+01:00","Action":"output","Package":"github.com/JohnnyPBelo/relayloom/native/groupstore","Test":"TestMissingDamagedStateAndWrongIdentityFailClosed","Output":"--- PASS: TestMissingDamagedStateAndWrongIdentityFailClosed (0.05s)\n"}
{"Time":"2026-09-14T17:26:44.936084171+01:00","Action":"pass","Package":"github.com/JohnnyPBelo/relayloom/native/groupstore","Test":"TestMissingDamagedStateAndWrongIdentityFailClosed","Elapsed":0.05}
{"Time":"2026-09-14T17:26:44.936091655+01:00","Action":"run","Package":"github.com/JohnnyPBelo/relayloom/native/groupstore","Test":"TestReadingKeyCannotForgeLocalSigningFence"}
{"Time":"2026-09-14T17:26:44.93609439+01:00","Action":"output","Package":"github.com/JohnnyPBelo/relayloom/native/groupstore","Test":"TestReadingKeyCannotForgeLocalSigningFence","Output":"=== RUN   TestReadingKeyCannotForgeLocalSigningFence\n"}
{"Time":"2026-09-14T17:26:45.016317073+01:00","Action":"output","Package":"github.com/JohnnyPBelo/relayloom/native/groupstore","Test":"TestReadingKeyCannotForgeLocalSigningFence","Output":"--- PASS: TestReadingKeyCannotForgeLocalSigningFence (0.08s)\n"}
{"Time":"2026-09-14T17:26:45.016356377+01:00","Action":"pass","Package":"github.com/JohnnyPBelo/relayloom/native/groupstore","Test":"TestReadingKeyCannotForgeLocalSigningFence","Elapsed":0.08}
{"Time":"2026-09-14T17:26:45.016363961+01:00","Action":"run","Package":"github.com/JohnnyPBelo/relayloom/native/groupstore","Test":"TestSwallowedRowTamperingStillAbortsAndPoisonsHandle"}
{"Time":"2026-09-14T17:26:45.016366516+01:00","Action":"output","Package":"github.com/JohnnyPBelo/relayloom/native/groupstore","Test":"TestSwallowedRowTamperingStillAbortsAndPoisonsHandle","Output":"=== RUN   TestSwallowedRowTamperingStillAbortsAndPoisonsHandle\n"}
{"Time":"2026-09-14T17:26:45.070973204+01:00","Action":"output","Package":"github.com/JohnnyPBelo/relayloom/native/groupstore","Test":"TestSwallowedRowTamperingStillAbortsAndPoisonsHandle","Output":"--- PASS: TestSwallowedRowTamperingStillAbortsAndPoisonsHandle (0.05s)\n"}
{"Time":"2026-09-14T17:26:45.071063583+01:00","Action":"pass","Package":"github.com/JohnnyPBelo/relayloom/native/groupstore","Test":"TestSwallowedRowTamperingStillAbortsAndPoisonsHandle","Elapsed":0.05}
{"Time":"2026-09-14T17:26:45.071078151+01:00","Action":"run","Package":"github.com/JohnnyPBelo/relayloom/native/groupstore","Test":"TestAADBindsStoreRecordAndRevision"}
{"Time":"2026-09-14T17:26:45.071082108+01:00","Action":"output","Package":"github.com/JohnnyPBelo/relayloom/native/groupstore","Test":"TestAADBindsStoreRecordAndRevision","Output":"=== RUN   TestAADBindsStoreRecordAndRevision\n"}
{"Time":"2026-09-14T17:26:45.074048259+01:00","Action":"output","Package":"github.com/JohnnyPBelo/relayloom/native/groupstore","Test":"TestAADBindsStoreRecordAndRevision","Output":"--- PASS: TestAADBindsStoreRecordAndRevision (0.00s)\n"}
{"Time":"2026-09-14T17:26:45.074064409+01:00","Action":"pass","Package":"github.com/JohnnyPBelo/relayloom/native/groupstore","Test":"TestAADBindsStoreRecordAndRevision","Elapsed":0}
{"Time":"2026-09-14T17:26:45.074068146+01:00","Action":"run","Package":"github.com/JohnnyPBelo/relayloom/native/groupstore","Test":"TestQuotaRefusalCanAtomicallySaveCheckpointReserve"}
{"Time":"2026-09-14T17:26:45.07407024+01:00","Action":"output","Package":"github.com/JohnnyPBelo/relayloom/native/groupstore","Test":"TestQuotaRefusalCanAtomicallySaveCheckpointReserve","Output":"=== RUN   TestQuotaRefusalCanAtomicallySaveCheckpointReserve\n"}
{"Time":"2026-09-14T17:26:45.15627506+01:00","Action":"output","Package":"github.com/JohnnyPBelo/relayloom/native/groupstore","Test":"TestQuotaRefusalCanAtomicallySaveCheckpointReserve","Output":"--- PASS: TestQuotaRefusalCanAtomicallySaveCheckpointReserve (0.08s)\n"}
{"Time":"2026-09-14T17:26:45.156328931+01:00","Action":"pass","Package":"github.com/JohnnyPBelo/relayloom/native/groupstore","Test":"TestQuotaRefusalCanAtomicallySaveCheckpointReserve","Elapsed":0.08}
{"Time":"2026-09-14T17:26:45.156344009+01:00","Action":"run","Package":"github.com/JohnnyPBelo/relayloom/native/groupstore","Test":"TestPartialIndexReplayFailsWhileFullValidBackupRemainsLimitation"}
{"Time":"2026-09-14T17:26:45.156346924+01:00","Action":"output","Package":"github.com/JohnnyPBelo/relayloom/native/groupstore","Test":"TestPartialIndexReplayFailsWhileFullValidBackupRemainsLimitation","Output":"=== RUN   TestPartialIndexReplayFailsWhileFullValidBackupRemainsLimitation\n"}
{"Time":"2026-09-14T17:26:45.168839165+01:00","Action":"output","Package":"github.com/JohnnyPBelo/relayloom/native/app","Test":"TestJournalEditTieOrderDraftEncryptionAndTamperRejection","Output":"--- PASS: TestJournalEditTieOrderDraftEncryptionAndTamperRejection (1.97s)\n"}
{"Time":"2026-09-14T17:26:45.168894048+01:00","Action":"pass","Package":"github.com/JohnnyPBelo/relayloom/native/app","Test":"TestJournalEditTieOrderDraftEncryptionAndTamperRejection","Elapsed":1.97}
{"Time":"2026-09-14T17:26:45.168902003+01:00","Action":"run","Package":"github.com/JohnnyPBelo/relayloom/native/app","Test":"TestCollectionsFollowingRetrievalAndPrivateMetadata"}
{"Time":"2026-09-14T17:26:45.168904938+01:00","Action":"output","Package":"github.com/JohnnyPBelo/relayloom/native/app","Test":"TestCollectionsFollowingRetrievalAndPrivateMetadata","Output":"=== RUN   TestCollectionsFollowingRetrievalAndPrivateMetadata\n"}
{"Time":"2026-09-14T17:26:45.255241915+01:00","Action":"output","Package":"github.com/JohnnyPBelo/relayloom/native/groupstore","Test":"TestPartialIndexReplayFailsWhileFullValidBackupRemainsLimitation","Output":"--- PASS: TestPartialIndexReplayFailsWhileFullValidBackupRemainsLimitation (0.10s)\n"}
{"Time":"2026-09-14T17:26:45.255286057+01:00","Action":"pass","Package":"github.com/JohnnyPBelo/relayloom/native/groupstore","Test":"TestPartialIndexReplayFailsWhileFullValidBackupRemainsLimitation","Elapsed":0.1}
{"Time":"2026-09-14T17:26:45.255297829+01:00","Action":"run","Package":"github.com/JohnnyPBelo/relayloom/native/groupstore","Test":"TestPanicRollsBackAndReleasesTransaction"}
{"Time":"2026-09-14T17:26:45.255300635+01:00","Action":"output","Package":"github.com/JohnnyPBelo/relayloom/native/groupstore","Test":"TestPanicRollsBackAndReleasesTransaction","Output":"=== RUN   TestPanicRollsBackAndReleasesTransaction\n"}
{"Time":"2026-09-14T17:26:45.283799485+01:00","Action":"output","Package":"github.com/JohnnyPBelo/relayloom/native/groupstore","Test":"TestPanicRollsBackAndReleasesTransaction","Output":"--- PASS: TestPanicRollsBackAndReleasesTransaction (0.03s)\n"}
{"Time":"2026-09-14T17:26:45.28384491+01:00","Action":"pass","Package":"github.com/JohnnyPBelo/relayloom/native/groupstore","Test":"TestPanicRollsBackAndReleasesTransaction","Elapsed":0.03}
{"Time":"2026-09-14T17:26:45.283854618+01:00","Action":"run","Package":"github.com/JohnnyPBelo/relayloom/native/groupstore","Test":"TestAuthenticatedMetadataReadAccessorsRespectTransactionLifetime"}
{"Time":"2026-09-14T17:26:45.283858486+01:00","Action":"output","Package":"github.com/JohnnyPBelo/relayloom/native/groupstore","Test":"TestAuthenticatedMetadataReadAccessorsRespectTransactionLifetime","Output":"=== RUN   TestAuthenticatedMetadataReadAccessorsRespectTransactionLifetime\n"}
{"Time":"2026-09-14T17:26:45.32817448+01:00","Action":"output","Package":"github.com/JohnnyPBelo/relayloom/native/groupstore","Test":"TestAuthenticatedMetadataReadAccessorsRespectTransactionLifetime","Output":"--- PASS: TestAuthenticatedMetadataReadAccessorsRespectTransactionLifetime (0.04s)\n"}
{"Time":"2026-09-14T17:26:45.32823309+01:00","Action":"pass","Package":"github.com/JohnnyPBelo/relayloom/native/groupstore","Test":"TestAuthenticatedMetadataReadAccessorsRespectTransactionLifetime","Elapsed":0.04}
{"Time":"2026-09-14T17:26:45.328242518+01:00","Action":"run","Package":"github.com/JohnnyPBelo/relayloom/native/groupstore","Test":"TestStoreProcessWorker"}
{"Time":"2026-09-14T17:26:45.328246054+01:00","Action":"output","Package":"github.com/JohnnyPBelo/relayloom/native/groupstore","Test":"TestStoreProcessWorker","Output":"=== RUN   TestStoreProcessWorker\n"}
{"Time":"2026-09-14T17:26:45.328260612+01:00","Action":"output","Package":"github.com/JohnnyPBelo/relayloom/native/groupstore","Test":"TestStoreProcessWorker","Output":"    worker_test.go:20: executed by the Node cross-runtime process test\n"}
{"Time":"2026-09-14T17:26:45.328283695+01:00","Action":"output","Package":"github.com/JohnnyPBelo/relayloom/native/groupstore","Test":"TestStoreProcessWorker","Output":"--- SKIP: TestStoreProcessWorker (0.00s)\n"}
{"Time":"2026-09-14T17:26:45.328293604+01:00","Action":"skip","Package":"github.com/JohnnyPBelo/relayloom/native/groupstore","Test":"TestStoreProcessWorker","Elapsed":0}
{"Time":"2026-09-14T17:26:45.328317959+01:00","Action":"output","Package":"github.com/JohnnyPBelo/relayloom/native/groupstore","Output":"PASS\n"}
{"Time":"2026-09-14T17:26:46.0088366+01:00","Action":"output","Package":"github.com/JohnnyPBelo/relayloom/native/app","Test":"TestCollectionsFollowingRetrievalAndPrivateMetadata","Output":"--- PASS: TestCollectionsFollowingRetrievalAndPrivateMetadata (0.84s)\n"}
{"Time":"2026-09-14T17:26:46.008887716+01:00","Action":"pass","Package":"github.com/JohnnyPBelo/relayloom/native/app","Test":"TestCollectionsFollowingRetrievalAndPrivateMetadata","Elapsed":0.84}
{"Time":"2026-09-14T17:26:46.008900129+01:00","Action":"run","Package":"github.com/JohnnyPBelo/relayloom/native/app","Test":"TestHTTPAuthenticationOriginPathsAndStateArrays"}
{"Time":"2026-09-14T17:26:46.008902964+01:00","Action":"output","Package":"github.com/JohnnyPBelo/relayloom/native/app","Test":"TestHTTPAuthenticationOriginPathsAndStateArrays","Output":"=== RUN   TestHTTPAuthenticationOriginPathsAndStateArrays\n"}
{"Time":"2026-09-14T17:26:46.050002148+01:00","Action":"output","Package":"github.com/JohnnyPBelo/relayloom/native/app","Test":"TestHTTPAuthenticationOriginPathsAndStateArrays","Output":"--- PASS: TestHTTPAuthenticationOriginPathsAndStateArrays (0.04s)\n"}
{"Time":"2026-09-14T17:26:46.050061339+01:00","Action":"pass","Package":"github.com/JohnnyPBelo/relayloom/native/app","Test":"TestHTTPAuthenticationOriginPathsAndStateArrays","Elapsed":0.04}
{"Time":"2026-09-14T17:26:46.05007276+01:00","Action":"run","Package":"github.com/JohnnyPBelo/relayloom/native/app","Test":"TestApplicationRelayPauseBlocksCachedServing"}
{"Time":"2026-09-14T17:26:46.050075315+01:00","Action":"output","Package":"github.com/JohnnyPBelo/relayloom/native/app","Test":"TestApplicationRelayPauseBlocksCachedServing","Output":"=== RUN   TestApplicationRelayPauseBlocksCachedServing\n"}
{"Time":"2026-09-14T17:26:46.332198576+01:00","Action":"output","Package":"github.com/JohnnyPBelo/relayloom/native/groupstore","Output":"ok  \tgithub.com/JohnnyPBelo/relayloom/native/groupstore\t1.616s\n"}
{"Time":"2026-09-14T17:26:46.332276381+01:00","Action":"pass","Package":"github.com/JohnnyPBelo/relayloom/native/groupstore","Elapsed":1.616}
{"Time":"2026-09-14T17:26:46.801479924+01:00","Action":"start","Package":"github.com/JohnnyPBelo/relayloom/native/groupauthority"}
{"Time":"2026-09-14T17:26:46.81201714+01:00","Action":"run","Package":"github.com/JohnnyPBelo/relayloom/native/groupauthority","Test":"TestGroupProfileTransactionFixture"}
{"Time":"2026-09-14T17:26:46.812070249+01:00","Action":"output","Package":"github.com/JohnnyPBelo/relayloom/native/groupauthority","Test":"TestGroupProfileTransactionFixture","Output":"=== RUN   TestGroupProfileTransactionFixture\n"}
{"Time":"2026-09-14T17:26:46.812190645+01:00","Action":"output","Package":"github.com/JohnnyPBelo/relayloom/native/groupauthority","Test":"TestGroupProfileTransactionFixture","Output":"    profile_worker_test.go:20: driven by the real Node/Go group/private transaction test\n"}
{"Time":"2026-09-14T17:26:46.812255476+01:00","Action":"output","Package":"github.com/JohnnyPBelo/relayloom/native/groupauthority","Test":"TestGroupProfileTransactionFixture","Output":"--- SKIP: TestGroupProfileTransactionFixture (0.00s)\n"}
{"Time":"2026-09-14T17:26:46.812477433+01:00","Action":"skip","Package":"github.com/JohnnyPBelo/relayloom/native/groupauthority","Test":"TestGroupProfileTransactionFixture","Elapsed":0}
{"Time":"2026-09-14T17:26:46.812560839+01:00","Action":"run","Package":"github.com/JohnnyPBelo/relayloom/native/groupauthority","Test":"TestVerifiedReadScopeClonesAndLifetime"}
{"Time":"2026-09-14T17:26:46.812566089+01:00","Action":"output","Package":"github.com/JohnnyPBelo/relayloom/native/groupauthority","Test":"TestVerifiedReadScopeClonesAndLifetime","Output":"=== RUN   TestVerifiedReadScopeClonesAndLifetime\n"}
{"Time":"2026-09-14T17:26:47.013705259+01:00","Action":"output","Package":"github.com/JohnnyPBelo/relayloom/native/app","Test":"TestApplicationRelayPauseBlocksCachedServing","Output":"--- PASS: TestApplicationRelayPauseBlocksCachedServing (0.96s)\n"}
{"Time":"2026-09-14T17:26:47.013753589+01:00","Action":"pass","Package":"github.com/JohnnyPBelo/relayloom/native/app","Test":"TestApplicationRelayPauseBlocksCachedServing","Elapsed":0.96}
{"Time":"2026-09-14T17:26:47.013766784+01:00","Action":"run","Package":"github.com/JohnnyPBelo/relayloom/native/app","Test":"TestGroupCommandLostResponseRecoversOnlyCommittedResult"}
{"Time":"2026-09-14T17:26:47.0137701+01:00","Action":"output","Package":"github.com/JohnnyPBelo/relayloom/native/app","Test":"TestGroupCommandLostResponseRecoversOnlyCommittedResult","Output":"=== RUN   TestGroupCommandLostResponseRecoversOnlyCommittedResult\n"}
{"Time":"2026-09-14T17:26:47.013775751+01:00","Action":"run","Package":"github.com/JohnnyPBelo/relayloom/native/app","Test":"TestGroupCommandLostResponseRecoversOnlyCommittedResult/before-commit"}
{"Time":"2026-09-14T17:26:47.013779247+01:00","Action":"output","Package":"github.com/JohnnyPBelo/relayloom/native/app","Test":"TestGroupCommandLostResponseRecoversOnlyCommittedResult/before-commit","Output":"=== RUN   TestGroupCommandLostResponseRecoversOnlyCommittedResult/before-commit\n"}
{"Time":"2026-09-14T17:26:47.10048741+01:00","Action":"output","Package":"github.com/JohnnyPBelo/relayloom/native/groupauthority","Test":"TestVerifiedReadScopeClonesAndLifetime","Output":"    read_cache_test.go:35: 25 unchanged scoped reads: 224.11206ms\n"}
{"Time":"2026-09-14T17:26:47.334646937+01:00","Action":"output","Package":"github.com/JohnnyPBelo/relayloom/native/groupauthority","Test":"TestVerifiedReadScopeClonesAndLifetime","Output":"    read_cache_test.go:35: 25 unchanged scoped reads: 229.777281ms\n"}
{"Time":"2026-09-14T17:26:47.335425106+01:00","Action":"output","Package":"github.com/JohnnyPBelo/relayloom/native/groupauthority","Test":"TestVerifiedReadScopeClonesAndLifetime","Output":"--- PASS: TestVerifiedReadScopeClonesAndLifetime (0.52s)\n"}
{"Time":"2026-09-14T17:26:47.335438731+01:00","Action":"pass","Package":"github.com/JohnnyPBelo/relayloom/native/groupauthority","Test":"TestVerifiedReadScopeClonesAndLifetime","Elapsed":0.52}
{"Time":"2026-09-14T17:26:47.335487503+01:00","Action":"run","Package":"github.com/JohnnyPBelo/relayloom/native/groupauthority","Test":"TestVerifiedReadScopeInvalidatesReferencedWrites"}
{"Time":"2026-09-14T17:26:47.335490999+01:00","Action":"output","Package":"github.com/JohnnyPBelo/relayloom/native/groupauthority","Test":"TestVerifiedReadScopeInvalidatesReferencedWrites","Output":"=== RUN   TestVerifiedReadScopeInvalidatesReferencedWrites\n"}
{"Time":"2026-09-14T17:26:47.335520174+01:00","Action":"run","Package":"github.com/JohnnyPBelo/relayloom/native/groupauthority","Test":"TestVerifiedReadScopeInvalidatesReferencedWrites/checkpoint"}
{"Time":"2026-09-14T17:26:47.335535683+01:00","Action":"output","Package":"github.com/JohnnyPBelo/relayloom/native/groupauthority","Test":"TestVerifiedReadScopeInvalidatesReferencedWrites/checkpoint","Output":"=== RUN   TestVerifiedReadScopeInvalidatesReferencedWrites/checkpoint\n"}
{"Time":"2026-09-14T17:26:47.475781789+01:00","Action":"output","Package":"github.com/JohnnyPBelo/relayloom/native/groupauthority","Test":"TestVerifiedReadScopeInvalidatesReferencedWrites/checkpoint","Output":"--- PASS: TestVerifiedReadScopeInvalidatesReferencedWrites/checkpoint (0.14s)\n"}
{"Time":"2026-09-14T17:26:47.475851881+01:00","Action":"pass","Package":"github.com/JohnnyPBelo/relayloom/native/groupauthority","Test":"TestVerifiedReadScopeInvalidatesReferencedWrites/checkpoint","Elapsed":0.14}
{"Time":"2026-09-14T17:26:47.475878861+01:00","Action":"run","Package":"github.com/JohnnyPBelo/relayloom/native/groupauthority","Test":"TestVerifiedReadScopeInvalidatesReferencedWrites/epoch:"}
{"Time":"2026-09-14T17:26:47.475886045+01:00","Action":"output","Package":"github.com/JohnnyPBelo/relayloom/native/groupauthority","Test":"TestVerifiedReadScopeInvalidatesReferencedWrites/epoch:","Output":"=== RUN   TestVerifiedReadScopeInvalidatesReferencedWrites/epoch:\n"}
{"Time":"2026-09-14T17:26:47.622629052+01:00","Action":"output","Package":"github.com/JohnnyPBelo/relayloom/native/groupauthority","Test":"TestVerifiedReadScopeInvalidatesReferencedWrites/epoch:","Output":"--- PASS: TestVerifiedReadScopeInvalidatesReferencedWrites/epoch: (0.15s)\n"}
{"Time":"2026-09-14T17:26:47.622690898+01:00","Action":"pass","Package":"github.com/JohnnyPBelo/relayloom/native/groupauthority","Test":"TestVerifiedReadScopeInvalidatesReferencedWrites/epoch:","Elapsed":0.15}
{"Time":"2026-09-14T17:26:47.622703031+01:00","Action":"run","Package":"github.com/JohnnyPBelo/relayloom/native/groupauthority","Test":"TestVerifiedReadScopeInvalidatesReferencedWrites/snapshot:"}
{"Time":"2026-09-14T17:26:47.622707038+01:00","Action":"output","Package":"github.com/JohnnyPBelo/relayloom/native/groupauthority","Test":"TestVerifiedReadScopeInvalidatesReferencedWrites/snapshot:","Output":"=== RUN   TestVerifiedReadScopeInvalidatesReferencedWrites/snapshot:\n"}
{"Time":"2026-09-14T17:26:47.778994098+01:00","Action":"output","Package":"github.com/JohnnyPBelo/relayloom/native/groupauthority","Test":"TestVerifiedReadScopeInvalidatesReferencedWrites/snapshot:","Output":"--- PASS: TestVerifiedReadScopeInvalidatesReferencedWrites/snapshot: (0.16s)\n"}
{"Time":"2026-09-14T17:26:47.779084367+01:00","Action":"pass","Package":"github.com/JohnnyPBelo/relayloom/native/groupauthority","Test":"TestVerifiedReadScopeInvalidatesReferencedWrites/snapshot:","Elapsed":0.16}
{"Time":"2026-09-14T17:26:47.779100648+01:00","Action":"output","Package":"github.com/JohnnyPBelo/relayloom/native/groupauthority","Test":"TestVerifiedReadScopeInvalidatesReferencedWrites","Output":"--- PASS: TestVerifiedReadScopeInvalidatesReferencedWrites (0.44s)\n"}
{"Time":"2026-09-14T17:26:47.779107982+01:00","Action":"pass","Package":"github.com/JohnnyPBelo/relayloom/native/groupauthority","Test":"TestVerifiedReadScopeInvalidatesReferencedWrites","Elapsed":0.44}
{"Time":"2026-09-14T17:26:47.77911264+01:00","Action":"run","Package":"github.com/JohnnyPBelo/relayloom/native/groupauthority","Test":"TestVerifiedReadScopeClosureInvalidatesEarlierView"}
{"Time":"2026-09-14T17:26:47.779116147+01:00","Action":"output","Package":"github.com/JohnnyPBelo/relayloom/native/groupauthority","Test":"TestVerifiedReadScopeClosureInvalidatesEarlierView","Output":"=== RUN   TestVerifiedReadScopeClosureInvalidatesEarlierView\n"}
{"Time":"2026-09-14T17:26:47.978577652+01:00","Action":"output","Package":"github.com/JohnnyPBelo/relayloom/native/groupauthority","Test":"TestVerifiedReadScopeClosureInvalidatesEarlierView","Output":"--- PASS: TestVerifiedReadScopeClosureInvalidatesEarlierView (0.20s)\n"}
{"Time":"2026-09-14T17:26:47.978617106+01:00","Action":"pass","Package":"github.com/JohnnyPBelo/relayloom/native/groupauthority","Test":"TestVerifiedReadScopeClosureInvalidatesEarlierView","Elapsed":0.2}
{"Time":"2026-09-14T17:26:47.978634128+01:00","Action":"run","Package":"github.com/JohnnyPBelo/relayloom/native/groupauthority","Test":"TestVerifiedReadScopeRetainsAtMostEightCheckpoints"}
{"Time":"2026-09-14T17:26:47.978636993+01:00","Action":"output","Package":"github.com/JohnnyPBelo/relayloom/native/groupauthority","Test":"TestVerifiedReadScopeRetainsAtMostEightCheckpoints","Output":"=== RUN   TestVerifiedReadScopeRetainsAtMostEightCheckpoints\n"}
{"Time":"2026-09-14T17:26:47.996098991+01:00","Action":"output","Package":"github.com/JohnnyPBelo/relayloom/native/app","Test":"TestGroupCommandLostResponseRecoversOnlyCommittedResult/before-commit","Output":"--- PASS: TestGroupCommandLostResponseRecoversOnlyCommittedResult/before-commit (0.98s)\n"}
{"Time":"2026-09-14T17:26:47.996128386+01:00","Action":"pass","Package":"github.com/JohnnyPBelo/relayloom/native/app","Test":"TestGroupCommandLostResponseRecoversOnlyCommittedResult/before-commit","Elapsed":0.98}
{"Time":"2026-09-14T17:26:47.996163081+01:00","Action":"run","Package":"github.com/JohnnyPBelo/relayloom/native/app","Test":"TestGroupCommandLostResponseRecoversOnlyCommittedResult/after-commit"}
{"Time":"2026-09-14T17:26:47.996167189+01:00","Action":"output","Package":"github.com/JohnnyPBelo/relayloom/native/app","Test":"TestGroupCommandLostResponseRecoversOnlyCommittedResult/after-commit","Output":"=== RUN   TestGroupCommandLostResponseRecoversOnlyCommittedResult/after-commit\n"}
{"Time":"2026-09-14T17:26:48.656552163+01:00","Action":"output","Package":"github.com/JohnnyPBelo/relayloom/native/groupauthority","Test":"TestVerifiedReadScopeRetainsAtMostEightCheckpoints","Output":"--- PASS: TestVerifiedReadScopeRetainsAtMostEightCheckpoints (0.68s)\n"}
{"Time":"2026-09-14T17:26:48.656621442+01:00","Action":"pass","Package":"github.com/JohnnyPBelo/relayloom/native/groupauthority","Test":"TestVerifiedReadScopeRetainsAtMostEightCheckpoints","Elapsed":0.68}
{"Time":"2026-09-14T17:26:48.656633104+01:00","Action":"run","Package":"github.com/JohnnyPBelo/relayloom/native/groupauthority","Test":"TestAuthorityRecordClonePreservesWireStringsAndReferences"}
{"Time":"2026-09-14T17:26:48.656635789+01:00","Action":"output","Package":"github.com/JohnnyPBelo/relayloom/native/groupauthority","Test":"TestAuthorityRecordClonePreservesWireStringsAndReferences","Output":"=== RUN   TestAuthorityRecordClonePreservesWireStringsAndReferences\n"}
{"Time":"2026-09-14T17:26:48.658218837+01:00","Action":"output","Package":"github.com/JohnnyPBelo/relayloom/native/groupauthority","Test":"TestAuthorityRecordClonePreservesWireStringsAndReferences","Output":"--- PASS: TestAuthorityRecordClonePreservesWireStringsAndReferences (0.00s)\n"}
{"Time":"2026-09-14T17:26:48.65823642+01:00","Action":"pass","Package":"github.com/JohnnyPBelo/relayloom/native/groupauthority","Test":"TestAuthorityRecordClonePreservesWireStringsAndReferences","Elapsed":0}
{"Time":"2026-09-14T17:26:48.658240818+01:00","Action":"run","Package":"github.com/JohnnyPBelo/relayloom/native/groupauthority","Test":"TestCreationPersistenceAndFiniteIdempotence"}
{"Time":"2026-09-14T17:26:48.658244034+01:00","Action":"output","Package":"github.com/JohnnyPBelo/relayloom/native/groupauthority","Test":"TestCreationPersistenceAndFiniteIdempotence","Output":"=== RUN   TestCreationPersistenceAndFiniteIdempotence\n"}
{"Time":"2026-09-14T17:26:48.82260937+01:00","Action":"output","Package":"github.com/JohnnyPBelo/relayloom/native/groupauthority","Test":"TestCreationPersistenceAndFiniteIdempotence","Output":"--- PASS: TestCreationPersistenceAndFiniteIdempotence (0.16s)\n"}
{"Time":"2026-09-14T17:26:48.822683078+01:00","Action":"pass","Package":"github.com/JohnnyPBelo/relayloom/native/groupauthority","Test":"TestCreationPersistenceAndFiniteIdempotence","Elapsed":0.16}
{"Time":"2026-09-14T17:26:48.822697024+01:00","Action":"run","Package":"github.com/JohnnyPBelo/relayloom/native/groupauthority","Test":"TestInvitationFreshConsentAndLeaveReentry"}
{"Time":"2026-09-14T17:26:48.822715689+01:00","Action":"output","Package":"github.com/JohnnyPBelo/relayloom/native/groupauthority","Test":"TestInvitationFreshConsentAndLeaveReentry","Output":"=== RUN   TestInvitationFreshConsentAndLeaveReentry\n"}
{"Time":"2026-09-14T17:26:48.99069488+01:00","Action":"output","Package":"github.com/JohnnyPBelo/relayloom/native/app","Test":"TestGroupCommandLostResponseRecoversOnlyCommittedResult/after-commit","Output":"--- PASS: TestGroupCommandLostResponseRecoversOnlyCommittedResult/after-commit (0.99s)\n"}
{"Time":"2026-09-14T17:26:48.990760333+01:00","Action":"pass","Package":"github.com/JohnnyPBelo/relayloom/native/app","Test":"TestGroupCommandLostResponseRecoversOnlyCommittedResult/after-commit","Elapsed":0.99}
{"Time":"2026-09-14T17:26:48.990775602+01:00","Action":"output","Package":"github.com/JohnnyPBelo/relayloom/native/app","Test":"TestGroupCommandLostResponseRecoversOnlyCommittedResult","Output":"--- PASS: TestGroupCommandLostResponseRecoversOnlyCommittedResult (1.98s)\n"}
{"Time":"2026-09-14T17:26:48.990778607+01:00","Action":"pass","Package":"github.com/JohnnyPBelo/relayloom/native/app","Test":"TestGroupCommandLostResponseRecoversOnlyCommittedResult","Elapsed":1.98}
{"Time":"2026-09-14T17:26:48.990782625+01:00","Action":"run","Package":"github.com/JohnnyPBelo/relayloom/native/app","Test":"TestGroupCommandRejectsStalePrivateDigestAndRecovers"}
{"Time":"2026-09-14T17:26:48.990786071+01:00","Action":"output","Package":"github.com/JohnnyPBelo/relayloom/native/app","Test":"TestGroupCommandRejectsStalePrivateDigestAndRecovers","Output":"=== RUN   TestGroupCommandRejectsStalePrivateDigestAndRecovers\n"}
{"Time":"2026-09-14T17:26:49.849898864+01:00","Action":"output","Package":"github.com/JohnnyPBelo/relayloom/native/app","Test":"TestGroupCommandRejectsStalePrivateDigestAndRecovers","Output":"--- PASS: TestGroupCommandRejectsStalePrivateDigestAndRecovers (0.86s)\n"}
{"Time":"2026-09-14T17:26:49.849942837+01:00","Action":"pass","Package":"github.com/JohnnyPBelo/relayloom/native/app","Test":"TestGroupCommandRejectsStalePrivateDigestAndRecovers","Elapsed":0.86}
{"Time":"2026-09-14T17:26:49.849952465+01:00","Action":"run","Package":"github.com/JohnnyPBelo/relayloom/native/app","Test":"TestGroupConfirmationCommitFailure"}
{"Time":"2026-09-14T17:26:49.8499554+01:00","Action":"output","Package":"github.com/JohnnyPBelo/relayloom/native/app","Test":"TestGroupConfirmationCommitFailure","Output":"=== RUN   TestGroupConfirmationCommitFailure\n"}
{"Time":"2026-09-14T17:26:49.849959418+01:00","Action":"run","Package":"github.com/JohnnyPBelo/relayloom/native/app","Test":"TestGroupConfirmationCommitFailure/rollback"}
{"Time":"2026-09-14T17:26:49.849961051+01:00","Action":"output","Package":"github.com/JohnnyPBelo/relayloom/native/app","Test":"TestGroupConfirmationCommitFailure/rollback","Output":"=== RUN   TestGroupConfirmationCommitFailure/rollback\n"}
{"Time":"2026-09-14T17:26:51.769217833+01:00","Action":"output","Package":"github.com/JohnnyPBelo/relayloom/native/groupauthority","Test":"TestInvitationFreshConsentAndLeaveReentry","Output":"--- PASS: TestInvitationFreshConsentAndLeaveReentry (2.95s)\n"}
{"Time":"2026-09-14T17:26:51.769265343+01:00","Action":"pass","Package":"github.com/JohnnyPBelo/relayloom/native/groupauthority","Test":"TestInvitationFreshConsentAndLeaveReentry","Elapsed":2.95}
{"Time":"2026-09-14T17:26:51.76927992+01:00","Action":"run","Package":"github.com/JohnnyPBelo/relayloom/native/groupauthority","Test":"TestCursorWaitsForIntermediateSnapshot"}
{"Time":"2026-09-14T17:26:51.769286172+01:00","Action":"output","Package":"github.com/JohnnyPBelo/relayloom/native/groupauthority","Test":"TestCursorWaitsForIntermediateSnapshot","Output":"=== RUN   TestCursorWaitsForIntermediateSnapshot\n"}
{"Time":"2026-09-14T17:26:54.145286637+01:00","Action":"output","Package":"github.com/JohnnyPBelo/relayloom/native/groupauthority","Test":"TestCursorWaitsForIntermediateSnapshot","Output":"--- PASS: TestCursorWaitsForIntermediateSnapshot (2.38s)\n"}
{"Time":"2026-09-14T17:26:54.145327083+01:00","Action":"pass","Package":"github.com/JohnnyPBelo/relayloom/native/groupauthority","Test":"TestCursorWaitsForIntermediateSnapshot","Elapsed":2.38}
{"Time":"2026-09-14T17:26:54.145343193+01:00","Action":"run","Package":"github.com/JohnnyPBelo/relayloom/native/groupauthority","Test":"TestCapacityRecoveryAndDurableStops"}
{"Time":"2026-09-14T17:26:54.145345738+01:00","Action":"output","Package":"github.com/JohnnyPBelo/relayloom/native/groupauthority","Test":"TestCapacityRecoveryAndDurableStops","Output":"=== RUN   TestCapacityRecoveryAndDurableStops\n"}
{"Time":"2026-09-14T17:26:54.941516446+01:00","Action":"output","Package":"github.com/JohnnyPBelo/relayloom/native/app","Test":"TestGroupConfirmationCommitFailure/rollback","Output":"--- PASS: TestGroupConfirmationCommitFailure/rollback (5.09s)\n"}
{"Time":"2026-09-14T17:26:54.941559156+01:00","Action":"pass","Package":"github.com/JohnnyPBelo/relayloom/native/app","Test":"TestGroupConfirmationCommitFailure/rollback","Elapsed":5.09}
{"Time":"2026-09-14T17:26:54.94156686+01:00","Action":"run","Package":"github.com/JohnnyPBelo/relayloom/native/app","Test":"TestGroupConfirmationCommitFailure/lost-response"}
{"Time":"2026-09-14T17:26:54.941569425+01:00","Action":"output","Package":"github.com/JohnnyPBelo/relayloom/native/app","Test":"TestGroupConfirmationCommitFailure/lost-response","Output":"=== RUN   TestGroupConfirmationCommitFailure/lost-response\n"}
{"Time":"2026-09-14T17:26:56.469143212+01:00","Action":"output","Package":"github.com/JohnnyPBelo/relayloom/native/groupauthority","Test":"TestCapacityRecoveryAndDurableStops","Output":"--- PASS: TestCapacityRecoveryAndDurableStops (2.32s)\n"}
{"Time":"2026-09-14T17:26:56.469187866+01:00","Action":"pass","Package":"github.com/JohnnyPBelo/relayloom/native/groupauthority","Test":"TestCapacityRecoveryAndDurableStops","Elapsed":2.32}
{"Time":"2026-09-14T17:26:56.46919534+01:00","Action":"run","Package":"github.com/JohnnyPBelo/relayloom/native/groupauthority","Test":"TestConcurrentHandlesCommitOnlyOneSuccessor"}
{"Time":"2026-09-14T17:26:56.469197775+01:00","Action":"output","Package":"github.com/JohnnyPBelo/relayloom/native/groupauthority","Test":"TestConcurrentHandlesCommitOnlyOneSuccessor","Output":"=== RUN   TestConcurrentHandlesCommitOnlyOneSuccessor\n"}
{"Time":"2026-09-14T17:26:56.808557203+01:00","Action":"output","Package":"github.com/JohnnyPBelo/relayloom/native/groupauthority","Test":"TestConcurrentHandlesCommitOnlyOneSuccessor","Output":"--- PASS: TestConcurrentHandlesCommitOnlyOneSuccessor (0.34s)\n"}
{"Time":"2026-09-14T17:26:56.808598891+01:00","Action":"pass","Package":"github.com/JohnnyPBelo/relayloom/native/groupauthority","Test":"TestConcurrentHandlesCommitOnlyOneSuccessor","Elapsed":0.34}
{"Time":"2026-09-14T17:26:56.80860873+01:00","Action":"run","Package":"github.com/JohnnyPBelo/relayloom/native/groupauthority","Test":"TestMalformedCheckpointPoisonsHandle"}
{"Time":"2026-09-14T17:26:56.808611765+01:00","Action":"output","Package":"github.com/JohnnyPBelo/relayloom/native/groupauthority","Test":"TestMalformedCheckpointPoisonsHandle","Output":"=== RUN   TestMalformedCheckpointPoisonsHandle\n"}
{"Time":"2026-09-14T17:26:56.887126406+01:00","Action":"output","Package":"github.com/JohnnyPBelo/relayloom/native/groupauthority","Test":"TestMalformedCheckpointPoisonsHandle","Output":"--- PASS: TestMalformedCheckpointPoisonsHandle (0.08s)\n"}
{"Time":"2026-09-14T17:26:56.887182932+01:00","Action":"pass","Package":"github.com/JohnnyPBelo/relayloom/native/groupauthority","Test":"TestMalformedCheckpointPoisonsHandle","Elapsed":0.08}
{"Time":"2026-09-14T17:26:56.887201437+01:00","Action":"run","Package":"github.com/JohnnyPBelo/relayloom/native/groupauthority","Test":"TestValidRemovalSurvivesInvalidTrailingProof"}
{"Time":"2026-09-14T17:26:56.887204092+01:00","Action":"output","Package":"github.com/JohnnyPBelo/relayloom/native/groupauthority","Test":"TestValidRemovalSurvivesInvalidTrailingProof","Output":"=== RUN   TestValidRemovalSurvivesInvalidTrailingProof\n"}
{"Time":"2026-09-14T17:26:58.162006198+01:00","Action":"output","Package":"github.com/JohnnyPBelo/relayloom/native/groupauthority","Test":"TestValidRemovalSurvivesInvalidTrailingProof","Output":"--- PASS: TestValidRemovalSurvivesInvalidTrailingProof (1.27s)\n"}
{"Time":"2026-09-14T17:26:58.162053366+01:00","Action":"pass","Package":"github.com/JohnnyPBelo/relayloom/native/groupauthority","Test":"TestValidRemovalSurvivesInvalidTrailingProof","Elapsed":1.27}
{"Time":"2026-09-14T17:26:58.162063134+01:00","Action":"run","Package":"github.com/JohnnyPBelo/relayloom/native/groupauthority","Test":"TestInvalidIntermediateConsentCannotBeSkipped"}
{"Time":"2026-09-14T17:26:58.16206622+01:00","Action":"output","Package":"github.com/JohnnyPBelo/relayloom/native/groupauthority","Test":"TestInvalidIntermediateConsentCannotBeSkipped","Output":"=== RUN   TestInvalidIntermediateConsentCannotBeSkipped\n"}
{"Time":"2026-09-14T17:26:58.815851691+01:00","Action":"output","Package":"github.com/JohnnyPBelo/relayloom/native/groupauthority","Test":"TestInvalidIntermediateConsentCannotBeSkipped","Output":"--- PASS: TestInvalidIntermediateConsentCannotBeSkipped (0.65s)\n"}
{"Time":"2026-09-14T17:26:58.815938163+01:00","Action":"pass","Package":"github.com/JohnnyPBelo/relayloom/native/groupauthority","Test":"TestInvalidIntermediateConsentCannotBeSkipped","Elapsed":0.65}
{"Time":"2026-09-14T17:26:58.815953512+01:00","Action":"run","Package":"github.com/JohnnyPBelo/relayloom/native/groupauthority","Test":"TestSignedOrphansCannotFreezeAndAnchoredForkCannotRecover"}
{"Time":"2026-09-14T17:26:58.815957399+01:00","Action":"output","Package":"github.com/JohnnyPBelo/relayloom/native/groupauthority","Test":"TestSignedOrphansCannotFreezeAndAnchoredForkCannotRecover","Output":"=== RUN   TestSignedOrphansCannotFreezeAndAnchoredForkCannotRecover\n"}
{"Time":"2026-09-14T17:26:59.611683683+01:00","Action":"output","Package":"github.com/JohnnyPBelo/relayloom/native/groupauthority","Test":"TestSignedOrphansCannotFreezeAndAnchoredForkCannotRecover","Output":"--- PASS: TestSignedOrphansCannotFreezeAndAnchoredForkCannotRecover (0.80s)\n"}
{"Time":"2026-09-14T17:26:59.6117511+01:00","Action":"pass","Package":"github.com/JohnnyPBelo/relayloom/native/groupauthority","Test":"TestSignedOrphansCannotFreezeAndAnchoredForkCannotRecover","Elapsed":0.8}
{"Time":"2026-09-14T17:26:59.61176716+01:00","Action":"run","Package":"github.com/JohnnyPBelo/relayloom/native/groupauthority","Test":"TestFiniteRetentionAndRememberedGroupLimit"}
{"Time":"2026-09-14T17:26:59.611771558+01:00","Action":"output","Package":"github.com/JohnnyPBelo/relayloom/native/groupauthority","Test":"TestFiniteRetentionAndRememberedGroupLimit","Output":"=== RUN   TestFiniteRetentionAndRememberedGroupLimit\n"}
{"Time":"2026-09-14T17:27:00.07444063+01:00","Action":"output","Package":"github.com/JohnnyPBelo/relayloom/native/app","Test":"TestGroupConfirmationCommitFailure/lost-response","Output":"--- PASS: TestGroupConfirmationCommitFailure/lost-response (5.13s)\n"}
{"Time":"2026-09-14T17:27:00.074482368+01:00","Action":"pass","Package":"github.com/JohnnyPBelo/relayloom/native/app","Test":"TestGroupConfirmationCommitFailure/lost-response","Elapsed":5.13}
{"Time":"2026-09-14T17:27:00.074500071+01:00","Action":"output","Package":"github.com/JohnnyPBelo/relayloom/native/app","Test":"TestGroupConfirmationCommitFailure","Output":"--- PASS: TestGroupConfirmationCommitFailure (10.22s)\n"}
{"Time":"2026-09-14T17:27:00.074511913+01:00","Action":"pass","Package":"github.com/JohnnyPBelo/relayloom/native/app","Test":"TestGroupConfirmationCommitFailure","Elapsed":10.22}
{"Time":"2026-09-14T17:27:00.07451546+01:00","Action":"run","Package":"github.com/JohnnyPBelo/relayloom/native/app","Test":"TestGroupConfirmationBlockedAndMissingOriginal"}
{"Time":"2026-09-14T17:27:00.074519197+01:00","Action":"output","Package":"github.com/JohnnyPBelo/relayloom/native/app","Test":"TestGroupConfirmationBlockedAndMissingOriginal","Output":"=== RUN   TestGroupConfirmationBlockedAndMissingOriginal\n"}
{"Time":"2026-09-14T17:27:04.674459682+01:00","Action":"output","Package":"github.com/JohnnyPBelo/relayloom/native/app","Test":"TestGroupConfirmationBlockedAndMissingOriginal","Output":"--- PASS: TestGroupConfirmationBlockedAndMissingOriginal (4.60s)\n"}
{"Time":"2026-09-14T17:27:04.674555011+01:00","Action":"pass","Package":"github.com/JohnnyPBelo/relayloom/native/app","Test":"TestGroupConfirmationBlockedAndMissingOriginal","Elapsed":4.6}
{"Time":"2026-09-14T17:27:04.67457042+01:00","Action":"run","Package":"github.com/JohnnyPBelo/relayloom/native/app","Test":"TestGroupConfirmationWrongBindingCannotSuppressValidFact"}
{"Time":"2026-09-14T17:27:04.674573746+01:00","Action":"output","Package":"github.com/JohnnyPBelo/relayloom/native/app","Test":"TestGroupConfirmationWrongBindingCannotSuppressValidFact","Output":"=== RUN   TestGroupConfirmationWrongBindingCannotSuppressValidFact\n"}
{"Time":"2026-09-14T17:27:08.995452129+01:00","Action":"output","Package":"github.com/JohnnyPBelo/relayloom/native/app","Test":"TestGroupConfirmationWrongBindingCannotSuppressValidFact","Output":"--- PASS: TestGroupConfirmationWrongBindingCannotSuppressValidFact (4.32s)\n"}
{"Time":"2026-09-14T17:27:08.995545474+01:00","Action":"pass","Package":"github.com/JohnnyPBelo/relayloom/native/app","Test":"TestGroupConfirmationWrongBindingCannotSuppressValidFact","Elapsed":4.32}
{"Time":"2026-09-14T17:27:08.995573086+01:00","Action":"run","Package":"github.com/JohnnyPBelo/relayloom/native/app","Test":"TestGroupConfirmationMissingHistoricalProof"}
{"Time":"2026-09-14T17:27:08.995580199+01:00","Action":"output","Package":"github.com/JohnnyPBelo/relayloom/native/app","Test":"TestGroupConfirmationMissingHistoricalProof","Output":"=== RUN   TestGroupConfirmationMissingHistoricalProof\n"}
{"Time":"2026-09-14T17:27:16.161088405+01:00","Action":"output","Package":"github.com/JohnnyPBelo/relayloom/native/app","Test":"TestGroupConfirmationMissingHistoricalProof","Output":"--- PASS: TestGroupConfirmationMissingHistoricalProof (7.17s)\n"}
{"Time":"2026-09-14T17:27:16.16113922+01:00","Action":"pass","Package":"github.com/JohnnyPBelo/relayloom/native/app","Test":"TestGroupConfirmationMissingHistoricalProof","Elapsed":7.17}
{"Time":"2026-09-14T17:27:16.161147636+01:00","Action":"run","Package":"github.com/JohnnyPBelo/relayloom/native/app","Test":"TestGroupAdmissionOuterRollbackCannotDisplay"}
{"Time":"2026-09-14T17:27:16.161150261+01:00","Action":"output","Package":"github.com/JohnnyPBelo/relayloom/native/app","Test":"TestGroupAdmissionOuterRollbackCannotDisplay","Output":"=== RUN   TestGroupAdmissionOuterRollbackCannotDisplay\n"}
{"Time":"2026-09-14T17:27:17.407305259+01:00","Action":"output","Package":"github.com/JohnnyPBelo/relayloom/native/app","Test":"TestGroupAdmissionOuterRollbackCannotDisplay","Output":"--- PASS: TestGroupAdmissionOuterRollbackCannotDisplay (1.25s)\n"}
{"Time":"2026-09-14T17:27:17.407350924+01:00","Action":"pass","Package":"github.com/JohnnyPBelo/relayloom/native/app","Test":"TestGroupAdmissionOuterRollbackCannotDisplay","Elapsed":1.25}
{"Time":"2026-09-14T17:27:17.407363838+01:00","Action":"run","Package":"github.com/JohnnyPBelo/relayloom/native/app","Test":"TestGroupHistoricalDeleteAndAdmissionRecoverAfterLostResponse"}
{"Time":"2026-09-14T17:27:17.407367205+01:00","Action":"output","Package":"github.com/JohnnyPBelo/relayloom/native/app","Test":"TestGroupHistoricalDeleteAndAdmissionRecoverAfterLostResponse","Output":"=== RUN   TestGroupHistoricalDeleteAndAdmissionRecoverAfterLostResponse\n"}
{"Time":"2026-09-14T17:27:19.228716348+01:00","Action":"output","Package":"github.com/JohnnyPBelo/relayloom/native/app","Test":"TestGroupHistoricalDeleteAndAdmissionRecoverAfterLostResponse","Output":"--- PASS: TestGroupHistoricalDeleteAndAdmissionRecoverAfterLostResponse (1.82s)\n"}
{"Time":"2026-09-14T17:27:19.228760561+01:00","Action":"pass","Package":"github.com/JohnnyPBelo/relayloom/native/app","Test":"TestGroupHistoricalDeleteAndAdmissionRecoverAfterLostResponse","Elapsed":1.82}
{"Time":"2026-09-14T17:27:19.228771973+01:00","Action":"run","Package":"github.com/JohnnyPBelo/relayloom/native/app","Test":"TestGroupQuarantineReservationFailureRollsBackAndLocks"}
{"Time":"2026-09-14T17:27:19.228774868+01:00","Action":"output","Package":"github.com/JohnnyPBelo/relayloom/native/app","Test":"TestGroupQuarantineReservationFailureRollsBackAndLocks","Output":"=== RUN   TestGroupQuarantineReservationFailureRollsBackAndLocks\n"}
{"Time":"2026-09-14T17:27:21.153354931+01:00","Action":"output","Package":"github.com/JohnnyPBelo/relayloom/native/app","Test":"TestGroupQuarantineReservationFailureRollsBackAndLocks","Output":"--- PASS: TestGroupQuarantineReservationFailureRollsBackAndLocks (1.92s)\n"}
{"Time":"2026-09-14T17:27:21.153428399+01:00","Action":"pass","Package":"github.com/JohnnyPBelo/relayloom/native/app","Test":"TestGroupQuarantineReservationFailureRollsBackAndLocks","Elapsed":1.92}
{"Time":"2026-09-14T17:27:21.153445631+01:00","Action":"run","Package":"github.com/JohnnyPBelo/relayloom/native/app","Test":"TestGroupCorruptQuarantineDoesNotBlockHealthyAdmission"}
{"Time":"2026-09-14T17:27:21.153448927+01:00","Action":"output","Package":"github.com/JohnnyPBelo/relayloom/native/app","Test":"TestGroupCorruptQuarantineDoesNotBlockHealthyAdmission","Output":"=== RUN   TestGroupCorruptQuarantineDoesNotBlockHealthyAdmission\n"}
{"Time":"2026-09-14T17:27:22.417303499+01:00","Action":"output","Package":"github.com/JohnnyPBelo/relayloom/native/app","Test":"TestGroupCorruptQuarantineDoesNotBlockHealthyAdmission","Output":"--- PASS: TestGroupCorruptQuarantineDoesNotBlockHealthyAdmission (1.26s)\n"}
{"Time":"2026-09-14T17:27:22.417346509+01:00","Action":"pass","Package":"github.com/JohnnyPBelo/relayloom/native/app","Test":"TestGroupCorruptQuarantineDoesNotBlockHealthyAdmission","Elapsed":1.26}
{"Time":"2026-09-14T17:27:22.417372728+01:00","Action":"run","Package":"github.com/JohnnyPBelo/relayloom/native/app","Test":"TestGroupHistoryExpiryMustMatchSignedBundle"}
{"Time":"2026-09-14T17:27:22.417376746+01:00","Action":"output","Package":"github.com/JohnnyPBelo/relayloom/native/app","Test":"TestGroupHistoryExpiryMustMatchSignedBundle","Output":"=== RUN   TestGroupHistoryExpiryMustMatchSignedBundle\n"}
{"Time":"2026-09-14T17:27:23.68244879+01:00","Action":"output","Package":"github.com/JohnnyPBelo/relayloom/native/app","Test":"TestGroupHistoryExpiryMustMatchSignedBundle","Output":"--- PASS: TestGroupHistoryExpiryMustMatchSignedBundle (1.26s)\n"}
{"Time":"2026-09-14T17:27:23.682535612+01:00","Action":"pass","Package":"github.com/JohnnyPBelo/relayloom/native/app","Test":"TestGroupHistoryExpiryMustMatchSignedBundle","Elapsed":1.26}
{"Time":"2026-09-14T17:27:23.682549799+01:00","Action":"run","Package":"github.com/JohnnyPBelo/relayloom/native/app","Test":"TestVerifiedControlReplayAvoidsReapplicationAndKeepsSafetyHeaders"}
{"Time":"2026-09-14T17:27:23.682555079+01:00","Action":"output","Package":"github.com/JohnnyPBelo/relayloom/native/app","Test":"TestVerifiedControlReplayAvoidsReapplicationAndKeepsSafetyHeaders","Output":"=== RUN   TestVerifiedControlReplayAvoidsReapplicationAndKeepsSafetyHeaders\n"}
{"Time":"2026-09-14T17:27:31.995483873+01:00","Action":"output","Package":"github.com/JohnnyPBelo/relayloom/native/app","Test":"TestVerifiedControlReplayAvoidsReapplicationAndKeepsSafetyHeaders","Output":"--- PASS: TestVerifiedControlReplayAvoidsReapplicationAndKeepsSafetyHeaders (8.31s)\n"}
{"Time":"2026-09-14T17:27:31.995553273+01:00","Action":"pass","Package":"github.com/JohnnyPBelo/relayloom/native/app","Test":"TestVerifiedControlReplayAvoidsReapplicationAndKeepsSafetyHeaders","Elapsed":8.31}
{"Time":"2026-09-14T17:27:31.995578099+01:00","Action":"run","Package":"github.com/JohnnyPBelo/relayloom/native/app","Test":"TestGroupEventCommitFailures"}
{"Time":"2026-09-14T17:27:31.995582568+01:00","Action":"output","Package":"github.com/JohnnyPBelo/relayloom/native/app","Test":"TestGroupEventCommitFailures","Output":"=== RUN   TestGroupEventCommitFailures\n"}
{"Time":"2026-09-14T17:27:31.995688977+01:00","Action":"run","Package":"github.com/JohnnyPBelo/relayloom/native/app","Test":"TestGroupEventCommitFailures/rollback"}
{"Time":"2026-09-14T17:27:31.995731858+01:00","Action":"output","Package":"github.com/JohnnyPBelo/relayloom/native/app","Test":"TestGroupEventCommitFailures/rollback","Output":"=== RUN   TestGroupEventCommitFailures/rollback\n"}
{"Time":"2026-09-14T17:27:37.437849735+01:00","Action":"output","Package":"github.com/JohnnyPBelo/relayloom/native/app","Test":"TestGroupEventCommitFailures/rollback","Output":"--- PASS: TestGroupEventCommitFailures/rollback (5.44s)\n"}
{"Time":"2026-09-14T17:27:37.437890942+01:00","Action":"pass","Package":"github.com/JohnnyPBelo/relayloom/native/app","Test":"TestGroupEventCommitFailures/rollback","Elapsed":5.44}
{"Time":"2026-09-14T17:27:37.437898696+01:00","Action":"run","Package":"github.com/JohnnyPBelo/relayloom/native/app","Test":"TestGroupEventCommitFailures/lost-response"}
{"Time":"2026-09-14T17:27:37.437901211+01:00","Action":"output","Package":"github.com/JohnnyPBelo/relayloom/native/app","Test":"TestGroupEventCommitFailures/lost-response","Output":"=== RUN   TestGroupEventCommitFailures/lost-response\n"}
{"Time":"2026-09-14T17:27:42.920708724+01:00","Action":"output","Package":"github.com/JohnnyPBelo/relayloom/native/app","Test":"TestGroupEventCommitFailures/lost-response","Output":"--- PASS: TestGroupEventCommitFailures/lost-response (5.48s)\n"}
{"Time":"2026-09-14T17:27:42.92075473+01:00","Action":"pass","Package":"github.com/JohnnyPBelo/relayloom/native/app","Test":"TestGroupEventCommitFailures/lost-response","Elapsed":5.48}
{"Time":"2026-09-14T17:27:42.920763116+01:00","Action":"output","Package":"github.com/JohnnyPBelo/relayloom/native/app","Test":"TestGroupEventCommitFailures","Output":"--- PASS: TestGroupEventCommitFailures (10.93s)\n"}
{"Time":"2026-09-14T17:27:42.920766542+01:00","Action":"pass","Package":"github.com/JohnnyPBelo/relayloom/native/app","Test":"TestGroupEventCommitFailures","Elapsed":10.93}
{"Time":"2026-09-14T17:27:42.920769869+01:00","Action":"run","Package":"github.com/JohnnyPBelo/relayloom/native/app","Test":"TestGroupEventQueuedFences"}
{"Time":"2026-09-14T17:27:42.920772063+01:00","Action":"output","Package":"github.com/JohnnyPBelo/relayloom/native/app","Test":"TestGroupEventQueuedFences","Output":"=== RUN   TestGroupEventQueuedFences\n"}
{"Time":"2026-09-14T17:27:42.920798903+01:00","Action":"run","Package":"github.com/JohnnyPBelo/relayloom/native/app","Test":"TestGroupEventQueuedFences/allowed-control"}
{"Time":"2026-09-14T17:27:42.920800656+01:00","Action":"output","Package":"github.com/JohnnyPBelo/relayloom/native/app","Test":"TestGroupEventQueuedFences/allowed-control","Output":"=== RUN   TestGroupEventQueuedFences/allowed-control\n"}
{"Time":"2026-09-14T17:27:47.763216139+01:00","Action":"output","Package":"github.com/JohnnyPBelo/relayloom/native/app","Test":"TestGroupEventQueuedFences/allowed-control","Output":"--- PASS: TestGroupEventQueuedFences/allowed-control (4.84s)\n"}
{"Time":"2026-09-14T17:27:47.763257506+01:00","Action":"pass","Package":"github.com/JohnnyPBelo/relayloom/native/app","Test":"TestGroupEventQueuedFences/allowed-control","Elapsed":4.84}
{"Time":"2026-09-14T17:27:47.763267415+01:00","Action":"run","Package":"github.com/JohnnyPBelo/relayloom/native/app","Test":"TestGroupEventQueuedFences/close"}
{"Time":"2026-09-14T17:27:47.76327022+01:00","Action":"output","Package":"github.com/JohnnyPBelo/relayloom/native/app","Test":"TestGroupEventQueuedFences/close","Output":"=== RUN   TestGroupEventQueuedFences/close\n"}
{"Time":"2026-09-14T17:27:53.393975565+01:00","Action":"output","Package":"github.com/JohnnyPBelo/relayloom/native/app","Test":"TestGroupEventQueuedFences/close","Output":"--- PASS: TestGroupEventQueuedFences/close (5.63s)\n"}
{"Time":"2026-09-14T17:27:53.394028133+01:00","Action":"pass","Package":"github.com/JohnnyPBelo/relayloom/native/app","Test":"TestGroupEventQueuedFences/close","Elapsed":5.63}
{"Time":"2026-09-14T17:27:53.394039715+01:00","Action":"run","Package":"github.com/JohnnyPBelo/relayloom/native/app","Test":"TestGroupEventQueuedFences/evicted"}
{"Time":"2026-09-14T17:27:53.394043122+01:00","Action":"output","Package":"github.com/JohnnyPBelo/relayloom/native/app","Test":"TestGroupEventQueuedFences/evicted","Output":"=== RUN   TestGroupEventQueuedFences/evicted\n"}
{"Time":"2026-09-14T17:27:59.112094665+01:00","Action":"output","Package":"github.com/JohnnyPBelo/relayloom/native/app","Test":"TestGroupEventQueuedFences/evicted","Output":"--- PASS: TestGroupEventQueuedFences/evicted (5.72s)\n"}
{"Time":"2026-09-14T17:27:59.112145069+01:00","Action":"pass","Package":"github.com/JohnnyPBelo/relayloom/native/app","Test":"TestGroupEventQueuedFences/evicted","Elapsed":5.72}
{"Time":"2026-09-14T17:27:59.112163995+01:00","Action":"run","Package":"github.com/JohnnyPBelo/relayloom/native/app","Test":"TestGroupEventQueuedFences/block"}
{"Time":"2026-09-14T17:27:59.112168653+01:00","Action":"output","Package":"github.com/JohnnyPBelo/relayloom/native/app","Test":"TestGroupEventQueuedFences/block","Output":"=== RUN   TestGroupEventQueuedFences/block\n"}
{"Time":"2026-09-14T17:28:04.069863204+01:00","Action":"output","Package":"github.com/JohnnyPBelo/relayloom/native/app","Test":"TestGroupEventQueuedFences/block","Output":"--- PASS: TestGroupEventQueuedFences/block (4.96s)\n"}
{"Time":"2026-09-14T17:28:04.069912085+01:00","Action":"pass","Package":"github.com/JohnnyPBelo/relayloom/native/app","Test":"TestGroupEventQueuedFences/block","Elapsed":4.96}
{"Time":"2026-09-14T17:28:04.069923727+01:00","Action":"run","Package":"github.com/JohnnyPBelo/relayloom/native/app","Test":"TestGroupEventQueuedFences/lock"}
{"Time":"2026-09-14T17:28:04.069927274+01:00","Action":"output","Package":"github.com/JohnnyPBelo/relayloom/native/app","Test":"TestGroupEventQueuedFences/lock","Output":"=== RUN   TestGroupEventQueuedFences/lock\n"}
{"Time":"2026-09-14T17:28:08.930368982+01:00","Action":"output","Package":"github.com/JohnnyPBelo/relayloom/native/app","Test":"TestGroupEventQueuedFences/lock","Output":"--- PASS: TestGroupEventQueuedFences/lock (4.86s)\n"}
{"Time":"2026-09-14T17:28:08.930429345+01:00","Action":"pass","Package":"github.com/JohnnyPBelo/relayloom/native/app","Test":"TestGroupEventQueuedFences/lock","Elapsed":4.86}
{"Time":"2026-09-14T17:28:08.930441989+01:00","Action":"output","Package":"github.com/JohnnyPBelo/relayloom/native/app","Test":"TestGroupEventQueuedFences","Output":"--- PASS: TestGroupEventQueuedFences (26.01s)\n"}
{"Time":"2026-09-14T17:28:08.930446678+01:00","Action":"pass","Package":"github.com/JohnnyPBelo/relayloom/native/app","Test":"TestGroupEventQueuedFences","Elapsed":26.01}
{"Time":"2026-09-14T17:28:08.930451637+01:00","Action":"run","Package":"github.com/JohnnyPBelo/relayloom/native/app","Test":"TestGroupEventMissingTargetProofBlocksPublicationAndSeed"}
{"Time":"2026-09-14T17:28:08.930455524+01:00","Action":"output","Package":"github.com/JohnnyPBelo/relayloom/native/app","Test":"TestGroupEventMissingTargetProofBlocksPublicationAndSeed","Output":"=== RUN   TestGroupEventMissingTargetProofBlocksPublicationAndSeed\n"}
{"Time":"2026-09-14T17:28:18.446138416+01:00","Action":"output","Package":"github.com/JohnnyPBelo/relayloom/native/app","Test":"TestGroupEventMissingTargetProofBlocksPublicationAndSeed","Output":"--- PASS: TestGroupEventMissingTargetProofBlocksPublicationAndSeed (9.52s)\n"}
{"Time":"2026-09-14T17:28:18.446183731+01:00","Action":"pass","Package":"github.com/JohnnyPBelo/relayloom/native/app","Test":"TestGroupEventMissingTargetProofBlocksPublicationAndSeed","Elapsed":9.52}
{"Time":"2026-09-14T17:28:18.446192067+01:00","Action":"run","Package":"github.com/JohnnyPBelo/relayloom/native/app","Test":"TestGroupEventRealIndexFailureRecoversOriginalBytesAfterRestart"}
{"Time":"2026-09-14T17:28:18.446194962+01:00","Action":"output","Package":"github.com/JohnnyPBelo/relayloom/native/app","Test":"TestGroupEventRealIndexFailureRecoversOriginalBytesAfterRestart","Output":"=== RUN   TestGroupEventRealIndexFailureRecoversOriginalBytesAfterRestart\n"}
{"Time":"2026-09-14T17:28:24.096634495+01:00","Action":"output","Package":"github.com/JohnnyPBelo/relayloom/native/app","Test":"TestGroupEventRealIndexFailureRecoversOriginalBytesAfterRestart","Output":"--- PASS: TestGroupEventRealIndexFailureRecoversOriginalBytesAfterRestart (5.65s)\n"}
{"Time":"2026-09-14T17:28:24.096703634+01:00","Action":"pass","Package":"github.com/JohnnyPBelo/relayloom/native/app","Test":"TestGroupEventRealIndexFailureRecoversOriginalBytesAfterRestart","Elapsed":5.65}
{"Time":"2026-09-14T17:28:24.096725826+01:00","Action":"run","Package":"github.com/JohnnyPBelo/relayloom/native/app","Test":"TestGroupEventCorruptionReconcilesWithoutMessageOutbox"}
{"Time":"2026-09-14T17:28:24.096730565+01:00","Action":"output","Package":"github.com/JohnnyPBelo/relayloom/native/app","Test":"TestGroupEventCorruptionReconcilesWithoutMessageOutbox","Output":"=== RUN   TestGroupEventCorruptionReconcilesWithoutMessageOutbox\n"}
{"Time":"2026-09-14T17:28:31.055134096+01:00","Action":"output","Package":"github.com/JohnnyPBelo/relayloom/native/app","Test":"TestGroupEventCorruptionReconcilesWithoutMessageOutbox","Output":"--- PASS: TestGroupEventCorruptionReconcilesWithoutMessageOutbox (6.96s)\n"}
{"Time":"2026-09-14T17:28:31.055177878+01:00","Action":"pass","Package":"github.com/JohnnyPBelo/relayloom/native/app","Test":"TestGroupEventCorruptionReconcilesWithoutMessageOutbox","Elapsed":6.96}
{"Time":"2026-09-14T17:28:31.055188498+01:00","Action":"run","Package":"github.com/JohnnyPBelo/relayloom/native/app","Test":"TestNoticeCancellationRecoversStaleStateOutsideRouterLock"}
{"Time":"2026-09-14T17:28:31.055190602+01:00","Action":"output","Package":"github.com/JohnnyPBelo/relayloom/native/app","Test":"TestNoticeCancellationRecoversStaleStateOutsideRouterLock","Output":"=== RUN   TestNoticeCancellationRecoversStaleStateOutsideRouterLock\n"}
{"Time":"2026-09-14T17:28:32.199322234+01:00","Action":"output","Package":"github.com/JohnnyPBelo/relayloom/native/app","Test":"TestNoticeCancellationRecoversStaleStateOutsideRouterLock","Output":"--- PASS: TestNoticeCancellationRecoversStaleStateOutsideRouterLock (1.14s)\n"}
{"Time":"2026-09-14T17:28:32.199387486+01:00","Action":"pass","Package":"github.com/JohnnyPBelo/relayloom/native/app","Test":"TestNoticeCancellationRecoversStaleStateOutsideRouterLock","Elapsed":1.14}
{"Time":"2026-09-14T17:28:32.199402324+01:00","Action":"run","Package":"github.com/JohnnyPBelo/relayloom/native/app","Test":"TestGroupOutboxProcessExitFixture"}
{"Time":"2026-09-14T17:28:32.199406071+01:00","Action":"output","Package":"github.com/JohnnyPBelo/relayloom/native/app","Test":"TestGroupOutboxProcessExitFixture","Output":"=== RUN   TestGroupOutboxProcessExitFixture\n"}
{"Time":"2026-09-14T17:28:32.199476383+01:00","Action":"output","Package":"github.com/JohnnyPBelo/relayloom/native/app","Test":"TestGroupOutboxProcessExitFixture","Output":"    group_outbox_process_test.go:18: requires the cross-runtime process fixture\n"}
{"Time":"2026-09-14T17:28:32.199509766+01:00","Action":"output","Package":"github.com/JohnnyPBelo/relayloom/native/app","Test":"TestGroupOutboxProcessExitFixture","Output":"--- SKIP: TestGroupOutboxProcessExitFixture (0.00s)\n"}
{"Time":"2026-09-14T17:28:32.199537448+01:00","Action":"skip","Package":"github.com/JohnnyPBelo/relayloom/native/app","Test":"TestGroupOutboxProcessExitFixture","Elapsed":0}
{"Time":"2026-09-14T17:28:32.199555141+01:00","Action":"run","Package":"github.com/JohnnyPBelo/relayloom/native/app","Test":"TestGroupOutboxMissingSnapshotPausesWithoutLosingAvailability"}
{"Time":"2026-09-14T17:28:32.199557886+01:00","Action":"output","Package":"github.com/JohnnyPBelo/relayloom/native/app","Test":"TestGroupOutboxMissingSnapshotPausesWithoutLosingAvailability","Output":"=== RUN   TestGroupOutboxMissingSnapshotPausesWithoutLosingAvailability\n"}
{"Time":"2026-09-14T17:28:37.410203694+01:00","Action":"output","Package":"github.com/JohnnyPBelo/relayloom/native/app","Test":"TestGroupOutboxMissingSnapshotPausesWithoutLosingAvailability","Output":"--- PASS: TestGroupOutboxMissingSnapshotPausesWithoutLosingAvailability (5.21s)\n"}
{"Time":"2026-09-14T17:28:37.410250071+01:00","Action":"pass","Package":"github.com/JohnnyPBelo/relayloom/native/app","Test":"TestGroupOutboxMissingSnapshotPausesWithoutLosingAvailability","Elapsed":5.21}
{"Time":"2026-09-14T17:28:37.410259239+01:00","Action":"run","Package":"github.com/JohnnyPBelo/relayloom/native/app","Test":"TestGroupOutboxMinimalStopAndManualPinSurviveReopen"}
{"Time":"2026-09-14T17:28:37.41027073+01:00","Action":"output","Package":"github.com/JohnnyPBelo/relayloom/native/app","Test":"TestGroupOutboxMinimalStopAndManualPinSurviveReopen","Output":"=== RUN   TestGroupOutboxMinimalStopAndManualPinSurviveReopen\n"}
{"Time":"2026-09-14T17:28:42.492277343+01:00","Action":"output","Package":"github.com/JohnnyPBelo/relayloom/native/app","Test":"TestGroupOutboxMinimalStopAndManualPinSurviveReopen","Output":"--- PASS: TestGroupOutboxMinimalStopAndManualPinSurviveReopen (5.08s)\n"}
{"Time":"2026-09-14T17:28:42.492460476+01:00","Action":"pass","Package":"github.com/JohnnyPBelo/relayloom/native/app","Test":"TestGroupOutboxMinimalStopAndManualPinSurviveReopen","Elapsed":5.08}
{"Time":"2026-09-14T17:28:42.492533243+01:00","Action":"run","Package":"github.com/JohnnyPBelo/relayloom/native/app","Test":"TestGroupOutboxStopAndAuthorityShareFailureBoundary"}
{"Time":"2026-09-14T17:28:42.492537871+01:00","Action":"output","Package":"github.com/JohnnyPBelo/relayloom/native/app","Test":"TestGroupOutboxStopAndAuthorityShareFailureBoundary","Output":"=== RUN   TestGroupOutboxStopAndAuthorityShareFailureBoundary\n"}
{"Time":"2026-09-14T17:28:42.492546237+01:00","Action":"run","Package":"github.com/JohnnyPBelo/relayloom/native/app","Test":"TestGroupOutboxStopAndAuthorityShareFailureBoundary/rollback"}
{"Time":"2026-09-14T17:28:42.492549012+01:00","Action":"output","Package":"github.com/JohnnyPBelo/relayloom/native/app","Test":"TestGroupOutboxStopAndAuthorityShareFailureBoundary/rollback","Output":"=== RUN   TestGroupOutboxStopAndAuthorityShareFailureBoundary/rollback\n"}
{"Time":"2026-09-14T17:28:45.811955225+01:00","Action":"output","Package":"github.com/JohnnyPBelo/relayloom/native/app","Test":"TestGroupOutboxStopAndAuthorityShareFailureBoundary/rollback","Output":"--- PASS: TestGroupOutboxStopAndAuthorityShareFailureBoundary/rollback (3.32s)\n"}
{"Time":"2026-09-14T17:28:45.812017972+01:00","Action":"pass","Package":"github.com/JohnnyPBelo/relayloom/native/app","Test":"TestGroupOutboxStopAndAuthorityShareFailureBoundary/rollback","Elapsed":3.32}
{"Time":"2026-09-14T17:28:45.812027791+01:00","Action":"run","Package":"github.com/JohnnyPBelo/relayloom/native/app","Test":"TestGroupOutboxStopAndAuthorityShareFailureBoundary/lost-commit-response"}
{"Time":"2026-09-14T17:28:45.812030636+01:00","Action":"output","Package":"github.com/JohnnyPBelo/relayloom/native/app","Test":"TestGroupOutboxStopAndAuthorityShareFailureBoundary/lost-commit-response","Output":"=== RUN   TestGroupOutboxStopAndAuthorityShareFailureBoundary/lost-commit-response\n"}
{"Time":"2026-09-14T17:28:48.448746597+01:00","Action":"output","Package":"github.com/JohnnyPBelo/relayloom/native/app","Test":"TestGroupOutboxStopAndAuthorityShareFailureBoundary/lost-commit-response","Output":"--- PASS: TestGroupOutboxStopAndAuthorityShareFailureBoundary/lost-commit-response (2.64s)\n"}
{"Time":"2026-09-14T17:28:48.448811318+01:00","Action":"pass","Package":"github.com/JohnnyPBelo/relayloom/native/app","Test":"TestGroupOutboxStopAndAuthorityShareFailureBoundary/lost-commit-response","Elapsed":2.64}
{"Time":"2026-09-14T17:28:48.448832638+01:00","Action":"output","Package":"github.com/JohnnyPBelo/relayloom/native/app","Test":"TestGroupOutboxStopAndAuthorityShareFailureBoundary","Output":"--- PASS: TestGroupOutboxStopAndAuthorityShareFailureBoundary (5.96s)\n"}
{"Time":"2026-09-14T17:28:48.448837507+01:00","Action":"pass","Package":"github.com/JohnnyPBelo/relayloom/native/app","Test":"TestGroupOutboxStopAndAuthorityShareFailureBoundary","Elapsed":5.96}
{"Time":"2026-09-14T17:28:48.448845011+01:00","Action":"run","Package":"github.com/JohnnyPBelo/relayloom/native/app","Test":"TestGroupOutboxStopCommitsWithFullNormalQuota"}
{"Time":"2026-09-14T17:28:48.448848889+01:00","Action":"output","Package":"github.com/JohnnyPBelo/relayloom/native/app","Test":"TestGroupOutboxStopCommitsWithFullNormalQuota","Output":"=== RUN   TestGroupOutboxStopCommitsWithFullNormalQuota\n"}
{"Time":"2026-09-14T17:29:01.863760737+01:00","Action":"output","Package":"github.com/JohnnyPBelo/relayloom/native/app","Test":"TestGroupOutboxStopCommitsWithFullNormalQuota","Output":"--- PASS: TestGroupOutboxStopCommitsWithFullNormalQuota (13.41s)\n"}
{"Time":"2026-09-14T17:29:01.863811202+01:00","Action":"pass","Package":"github.com/JohnnyPBelo/relayloom/native/app","Test":"TestGroupOutboxStopCommitsWithFullNormalQuota","Elapsed":13.41}
{"Time":"2026-09-14T17:29:01.863825208+01:00","Action":"run","Package":"github.com/JohnnyPBelo/relayloom/native/app","Test":"TestGroupOutboxRejectsForgedMirrorBindingAndOrphan"}
{"Time":"2026-09-14T17:29:01.863828545+01:00","Action":"output","Package":"github.com/JohnnyPBelo/relayloom/native/app","Test":"TestGroupOutboxRejectsForgedMirrorBindingAndOrphan","Output":"=== RUN   TestGroupOutboxRejectsForgedMirrorBindingAndOrphan\n"}
{"Time":"2026-09-14T17:29:01.863832031+01:00","Action":"run","Package":"github.com/JohnnyPBelo/relayloom/native/app","Test":"TestGroupOutboxRejectsForgedMirrorBindingAndOrphan/mirror"}
{"Time":"2026-09-14T17:29:01.863834616+01:00","Action":"output","Package":"github.com/JohnnyPBelo/relayloom/native/app","Test":"TestGroupOutboxRejectsForgedMirrorBindingAndOrphan/mirror","Output":"=== RUN   TestGroupOutboxRejectsForgedMirrorBindingAndOrphan/mirror\n"}
{"Time":"2026-09-14T17:29:04.522264286+01:00","Action":"output","Package":"github.com/JohnnyPBelo/relayloom/native/app","Test":"TestGroupOutboxRejectsForgedMirrorBindingAndOrphan/mirror","Output":"--- PASS: TestGroupOutboxRejectsForgedMirrorBindingAndOrphan/mirror (2.66s)\n"}
{"Time":"2026-09-14T17:29:04.52230907+01:00","Action":"pass","Package":"github.com/JohnnyPBelo/relayloom/native/app","Test":"TestGroupOutboxRejectsForgedMirrorBindingAndOrphan/mirror","Elapsed":2.66}
{"Time":"2026-09-14T17:29:04.522318908+01:00","Action":"run","Package":"github.com/JohnnyPBelo/relayloom/native/app","Test":"TestGroupOutboxRejectsForgedMirrorBindingAndOrphan/binding"}
{"Time":"2026-09-14T17:29:04.522321623+01:00","Action":"output","Package":"github.com/JohnnyPBelo/relayloom/native/app","Test":"TestGroupOutboxRejectsForgedMirrorBindingAndOrphan/binding","Output":"=== RUN   TestGroupOutboxRejectsForgedMirrorBindingAndOrphan/binding\n"}
{"Time":"2026-09-14T17:29:06.38489227+01:00","Action":"output","Package":"github.com/JohnnyPBelo/relayloom/native/groupauthority","Test":"TestFiniteRetentionAndRememberedGroupLimit","Output":"--- PASS: TestFiniteRetentionAndRememberedGroupLimit (126.77s)\n"}
{"Time":"2026-09-14T17:29:06.384970406+01:00","Action":"pass","Package":"github.com/JohnnyPBelo/relayloom/native/groupauthority","Test":"TestFiniteRetentionAndRememberedGroupLimit","Elapsed":126.77}
{"Time":"2026-09-14T17:29:06.384978902+01:00","Action":"run","Package":"github.com/JohnnyPBelo/relayloom/native/groupauthority","Test":"TestMalformedRetainedResultCannotClaimSuccess"}
{"Time":"2026-09-14T17:29:06.384982209+01:00","Action":"output","Package":"github.com/JohnnyPBelo/relayloom/native/groupauthority","Test":"TestMalformedRetainedResultCannotClaimSuccess","Output":"=== RUN   TestMalformedRetainedResultCannotClaimSuccess\n"}
{"Time":"2026-09-14T17:29:06.464838425+01:00","Action":"output","Package":"github.com/JohnnyPBelo/relayloom/native/groupauthority","Test":"TestMalformedRetainedResultCannotClaimSuccess","Output":"--- PASS: TestMalformedRetainedResultCannotClaimSuccess (0.08s)\n"}
{"Time":"2026-09-14T17:29:06.464881435+01:00","Action":"pass","Package":"github.com/JohnnyPBelo/relayloom/native/groupauthority","Test":"TestMalformedRetainedResultCannotClaimSuccess","Elapsed":0.08}
{"Time":"2026-09-14T17:29:06.46488924+01:00","Action":"run","Package":"github.com/JohnnyPBelo/relayloom/native/groupauthority","Test":"TestRetirementStillChecksEachSignatureAfterCachingAGroup"}
{"Time":"2026-09-14T17:29:06.464891454+01:00","Action":"output","Package":"github.com/JohnnyPBelo/relayloom/native/groupauthority","Test":"TestRetirementStillChecksEachSignatureAfterCachingAGroup","Output":"=== RUN   TestRetirementStillChecksEachSignatureAfterCachingAGroup\n"}
{"Time":"2026-09-14T17:29:07.629510426+01:00","Action":"output","Package":"github.com/JohnnyPBelo/relayloom/native/app","Test":"TestGroupOutboxRejectsForgedMirrorBindingAndOrphan/binding","Output":"--- PASS: TestGroupOutboxRejectsForgedMirrorBindingAndOrphan/binding (3.11s)\n"}
{"Time":"2026-09-14T17:29:07.629551754+01:00","Action":"pass","Package":"github.com/JohnnyPBelo/relayloom/native/app","Test":"TestGroupOutboxRejectsForgedMirrorBindingAndOrphan/binding","Elapsed":3.11}
{"Time":"2026-09-14T17:29:07.629561833+01:00","Action":"run","Package":"github.com/JohnnyPBelo/relayloom/native/app","Test":"TestGroupOutboxRejectsForgedMirrorBindingAndOrphan/orphan"}
{"Time":"2026-09-14T17:29:07.629564357+01:00","Action":"output","Package":"github.com/JohnnyPBelo/relayloom/native/app","Test":"TestGroupOutboxRejectsForgedMirrorBindingAndOrphan/orphan","Output":"=== RUN   TestGroupOutboxRejectsForgedMirrorBindingAndOrphan/orphan\n"}
{"Time":"2026-09-14T17:29:10.787700227+01:00","Action":"output","Package":"github.com/JohnnyPBelo/relayloom/native/app","Test":"TestGroupOutboxRejectsForgedMirrorBindingAndOrphan/orphan","Output":"--- PASS: TestGroupOutboxRejectsForgedMirrorBindingAndOrphan/orphan (3.16s)\n"}
{"Time":"2026-09-14T17:29:10.787744931+01:00","Action":"pass","Package":"github.com/JohnnyPBelo/relayloom/native/app","Test":"TestGroupOutboxRejectsForgedMirrorBindingAndOrphan/orphan","Elapsed":3.16}
{"Time":"2026-09-14T17:29:10.787863643+01:00","Action":"output","Package":"github.com/JohnnyPBelo/relayloom/native/app","Test":"TestGroupOutboxRejectsForgedMirrorBindingAndOrphan","Output":"--- PASS: TestGroupOutboxRejectsForgedMirrorBindingAndOrphan (8.92s)\n"}
{"Time":"2026-09-14T17:29:10.787901023+01:00","Action":"pass","Package":"github.com/JohnnyPBelo/relayloom/native/app","Test":"TestGroupOutboxRejectsForgedMirrorBindingAndOrphan","Elapsed":8.92}
{"Time":"2026-09-14T17:29:10.787909149+01:00","Action":"run","Package":"github.com/JohnnyPBelo/relayloom/native/app","Test":"TestGroupOutboxBoundedMirrorSchema"}
{"Time":"2026-09-14T17:29:10.787911733+01:00","Action":"output","Package":"github.com/JohnnyPBelo/relayloom/native/app","Test":"TestGroupOutboxBoundedMirrorSchema","Output":"=== RUN   TestGroupOutboxBoundedMirrorSchema\n"}
{"Time":"2026-09-14T17:29:12.940653108+01:00","Action":"output","Package":"github.com/JohnnyPBelo/relayloom/native/app","Test":"TestGroupOutboxBoundedMirrorSchema","Output":"--- PASS: TestGroupOutboxBoundedMirrorSchema (2.15s)\n"}
{"Time":"2026-09-14T17:29:12.940703503+01:00","Action":"pass","Package":"github.com/JohnnyPBelo/relayloom/native/app","Test":"TestGroupOutboxBoundedMirrorSchema","Elapsed":2.15}
{"Time":"2026-09-14T17:29:12.940711838+01:00","Action":"run","Package":"github.com/JohnnyPBelo/relayloom/native/app","Test":"TestGroupOutboxRestrictivePrefixWithInvalidTail"}
{"Time":"2026-09-14T17:29:12.940714584+01:00","Action":"output","Package":"github.com/JohnnyPBelo/relayloom/native/app","Test":"TestGroupOutboxRestrictivePrefixWithInvalidTail","Output":"=== RUN   TestGroupOutboxRestrictivePrefixWithInvalidTail\n"}
{"Time":"2026-09-14T17:29:15.403290262+01:00","Action":"output","Package":"github.com/JohnnyPBelo/relayloom/native/app","Test":"TestGroupOutboxRestrictivePrefixWithInvalidTail","Output":"--- PASS: TestGroupOutboxRestrictivePrefixWithInvalidTail (2.46s)\n"}
{"Time":"2026-09-14T17:29:15.403332842+01:00","Action":"pass","Package":"github.com/JohnnyPBelo/relayloom/native/app","Test":"TestGroupOutboxRestrictivePrefixWithInvalidTail","Elapsed":2.46}
{"Time":"2026-09-14T17:29:15.403341077+01:00","Action":"run","Package":"github.com/JohnnyPBelo/relayloom/native/app","Test":"TestGroupOutboxStopCancelsActualLocalTransportQueue"}
{"Time":"2026-09-14T17:29:15.403343352+01:00","Action":"output","Package":"github.com/JohnnyPBelo/relayloom/native/app","Test":"TestGroupOutboxStopCancelsActualLocalTransportQueue","Output":"=== RUN   TestGroupOutboxStopCancelsActualLocalTransportQueue\n"}
{"Time":"2026-09-14T17:29:15.403349724+01:00","Action":"run","Package":"github.com/JohnnyPBelo/relayloom/native/app","Test":"TestGroupOutboxStopCancelsActualLocalTransportQueue/stop"}
{"Time":"2026-09-14T17:29:15.403361866+01:00","Action":"output","Package":"github.com/JohnnyPBelo/relayloom/native/app","Test":"TestGroupOutboxStopCancelsActualLocalTransportQueue/stop","Output":"=== RUN   TestGroupOutboxStopCancelsActualLocalTransportQueue/stop\n"}
{"Time":"2026-09-14T17:29:18.26677323+01:00","Action":"output","Package":"github.com/JohnnyPBelo/relayloom/native/app","Test":"TestGroupOutboxStopCancelsActualLocalTransportQueue/stop","Output":"--- PASS: TestGroupOutboxStopCancelsActualLocalTransportQueue/stop (2.86s)\n"}
{"Time":"2026-09-14T17:29:18.266821781+01:00","Action":"pass","Package":"github.com/JohnnyPBelo/relayloom/native/app","Test":"TestGroupOutboxStopCancelsActualLocalTransportQueue/stop","Elapsed":2.86}
{"Time":"2026-09-14T17:29:18.266832892+01:00","Action":"run","Package":"github.com/JohnnyPBelo/relayloom/native/app","Test":"TestGroupOutboxStopCancelsActualLocalTransportQueue/negative-control-delivers"}
{"Time":"2026-09-14T17:29:18.266836279+01:00","Action":"output","Package":"github.com/JohnnyPBelo/relayloom/native/app","Test":"TestGroupOutboxStopCancelsActualLocalTransportQueue/negative-control-delivers","Output":"=== RUN   TestGroupOutboxStopCancelsActualLocalTransportQueue/negative-control-delivers\n"}
{"Time":"2026-09-14T17:29:20.678200323+01:00","Action":"output","Package":"github.com/JohnnyPBelo/relayloom/native/app","Test":"TestGroupOutboxStopCancelsActualLocalTransportQueue/negative-control-delivers","Output":"--- PASS: TestGroupOutboxStopCancelsActualLocalTransportQueue/negative-control-delivers (2.41s)\n"}
{"Time":"2026-09-14T17:29:20.678245778+01:00","Action":"pass","Package":"github.com/JohnnyPBelo/relayloom/native/app","Test":"TestGroupOutboxStopCancelsActualLocalTransportQueue/negative-control-delivers","Elapsed":2.41}
{"Time":"2026-09-14T17:29:20.678345665+01:00","Action":"output","Package":"github.com/JohnnyPBelo/relayloom/native/app","Test":"TestGroupOutboxStopCancelsActualLocalTransportQueue","Output":"--- PASS: TestGroupOutboxStopCancelsActualLocalTransportQueue (5.27s)\n"}
{"Time":"2026-09-14T17:29:20.678382705+01:00","Action":"pass","Package":"github.com/JohnnyPBelo/relayloom/native/app","Test":"TestGroupOutboxStopCancelsActualLocalTransportQueue","Elapsed":5.27}
{"Time":"2026-09-14T17:29:20.678393595+01:00","Action":"run","Package":"github.com/JohnnyPBelo/relayloom/native/app","Test":"TestGroupOutboxServeChecksCompletedAuthorAuthority"}
{"Time":"2026-09-14T17:29:20.678396631+01:00","Action":"output","Package":"github.com/JohnnyPBelo/relayloom/native/app","Test":"TestGroupOutboxServeChecksCompletedAuthorAuthority","Output":"=== RUN   TestGroupOutboxServeChecksCompletedAuthorAuthority\n"}
{"Time":"2026-09-14T17:29:20.678400248+01:00","Action":"run","Package":"github.com/JohnnyPBelo/relayloom/native/app","Test":"TestGroupOutboxServeChecksCompletedAuthorAuthority/active"}
{"Time":"2026-09-14T17:29:20.678402522+01:00","Action":"output","Package":"github.com/JohnnyPBelo/relayloom/native/app","Test":"TestGroupOutboxServeChecksCompletedAuthorAuthority/active","Output":"=== RUN   TestGroupOutboxServeChecksCompletedAuthorAuthority/active\n"}
{"Time":"2026-09-14T17:29:28.230580644+01:00","Action":"output","Package":"github.com/JohnnyPBelo/relayloom/native/app","Test":"TestGroupOutboxServeChecksCompletedAuthorAuthority/active","Output":"--- PASS: TestGroupOutboxServeChecksCompletedAuthorAuthority/active (7.55s)\n"}
{"Time":"2026-09-14T17:29:28.230624466+01:00","Action":"pass","Package":"github.com/JohnnyPBelo/relayloom/native/app","Test":"TestGroupOutboxServeChecksCompletedAuthorAuthority/active","Elapsed":7.55}
{"Time":"2026-09-14T17:29:28.230632732+01:00","Action":"run","Package":"github.com/JohnnyPBelo/relayloom/native/app","Test":"TestGroupOutboxServeChecksCompletedAuthorAuthority/closed"}
{"Time":"2026-09-14T17:29:28.230635818+01:00","Action":"output","Package":"github.com/JohnnyPBelo/relayloom/native/app","Test":"TestGroupOutboxServeChecksCompletedAuthorAuthority/closed","Output":"=== RUN   TestGroupOutboxServeChecksCompletedAuthorAuthority/closed\n"}
{"Time":"2026-09-14T17:29:34.341405868+01:00","Action":"output","Package":"github.com/JohnnyPBelo/relayloom/native/app","Test":"TestGroupOutboxServeChecksCompletedAuthorAuthority/closed","Output":"--- PASS: TestGroupOutboxServeChecksCompletedAuthorAuthority/closed (6.11s)\n"}
{"Time":"2026-09-14T17:29:34.3414498+01:00","Action":"pass","Package":"github.com/JohnnyPBelo/relayloom/native/app","Test":"TestGroupOutboxServeChecksCompletedAuthorAuthority/closed","Elapsed":6.11}
{"Time":"2026-09-14T17:29:34.341457735+01:00","Action":"run","Package":"github.com/JohnnyPBelo/relayloom/native/app","Test":"TestGroupOutboxServeChecksCompletedAuthorAuthority/locked"}
{"Time":"2026-09-14T17:29:34.34146052+01:00","Action":"output","Package":"github.com/JohnnyPBelo/relayloom/native/app","Test":"TestGroupOutboxServeChecksCompletedAuthorAuthority/locked","Output":"=== RUN   TestGroupOutboxServeChecksCompletedAuthorAuthority/locked\n"}
{"Time":"2026-09-14T17:29:34.940597916+01:00","Action":"output","Package":"github.com/JohnnyPBelo/relayloom/native/groupauthority","Test":"TestRetirementStillChecksEachSignatureAfterCachingAGroup","Output":"--- PASS: TestRetirementStillChecksEachSignatureAfterCachingAGroup (28.48s)\n"}
{"Time":"2026-09-14T17:29:34.940639043+01:00","Action":"pass","Package":"github.com/JohnnyPBelo/relayloom/native/groupauthority","Test":"TestRetirementStillChecksEachSignatureAfterCachingAGroup","Elapsed":28.48}
{"Time":"2026-09-14T17:29:34.940649733+01:00","Action":"run","Package":"github.com/JohnnyPBelo/relayloom/native/groupauthority","Test":"TestScopedGroupAndPrivateCommitRollbackAndExpiry"}
{"Time":"2026-09-14T17:29:34.940652478+01:00","Action":"output","Package":"github.com/JohnnyPBelo/relayloom/native/groupauthority","Test":"TestScopedGroupAndPrivateCommitRollbackAndExpiry","Output":"=== RUN   TestScopedGroupAndPrivateCommitRollbackAndExpiry\n"}
{"Time":"2026-09-14T17:29:35.091294595+01:00","Action":"output","Package":"github.com/JohnnyPBelo/relayloom/native/groupauthority","Test":"TestScopedGroupAndPrivateCommitRollbackAndExpiry","Output":"--- PASS: TestScopedGroupAndPrivateCommitRollbackAndExpiry (0.15s)\n"}
{"Time":"2026-09-14T17:29:35.091339479+01:00","Action":"pass","Package":"github.com/JohnnyPBelo/relayloom/native/groupauthority","Test":"TestScopedGroupAndPrivateCommitRollbackAndExpiry","Elapsed":0.15}
{"Time":"2026-09-14T17:29:35.091347314+01:00","Action":"run","Package":"github.com/JohnnyPBelo/relayloom/native/groupauthority","Test":"TestScopedSwallowedOperationFailureRollsBackEverything"}
{"Time":"2026-09-14T17:29:35.091352694+01:00","Action":"output","Package":"github.com/JohnnyPBelo/relayloom/native/groupauthority","Test":"TestScopedSwallowedOperationFailureRollsBackEverything","Output":"=== RUN   TestScopedSwallowedOperationFailureRollsBackEverything\n"}
{"Time":"2026-09-14T17:29:35.161580128+01:00","Action":"output","Package":"github.com/JohnnyPBelo/relayloom/native/groupauthority","Test":"TestScopedSwallowedOperationFailureRollsBackEverything","Output":"--- PASS: TestScopedSwallowedOperationFailureRollsBackEverything (0.07s)\n"}
{"Time":"2026-09-14T17:29:35.161625383+01:00","Action":"pass","Package":"github.com/JohnnyPBelo/relayloom/native/groupauthority","Test":"TestScopedSwallowedOperationFailureRollsBackEverything","Elapsed":0.07}
{"Time":"2026-09-14T17:29:35.16164012+01:00","Action":"run","Package":"github.com/JohnnyPBelo/relayloom/native/groupauthority","Test":"TestScopedRestrictivePrefixAndPrivateDecisionCommitBeforeRejection"}
{"Time":"2026-09-14T17:29:35.161642465+01:00","Action":"output","Package":"github.com/JohnnyPBelo/relayloom/native/groupauthority","Test":"TestScopedRestrictivePrefixAndPrivateDecisionCommitBeforeRejection","Output":"=== RUN   TestScopedRestrictivePrefixAndPrivateDecisionCommitBeforeRejection\n"}
{"Time":"2026-09-14T17:29:35.377136237+01:00","Action":"output","Package":"github.com/JohnnyPBelo/relayloom/native/groupauthority","Test":"TestScopedRestrictivePrefixAndPrivateDecisionCommitBeforeRejection","Output":"--- PASS: TestScopedRestrictivePrefixAndPrivateDecisionCommitBeforeRejection (0.22s)\n"}
{"Time":"2026-09-14T17:29:35.377187062+01:00","Action":"pass","Package":"github.com/JohnnyPBelo/relayloom/native/groupauthority","Test":"TestScopedRestrictivePrefixAndPrivateDecisionCommitBeforeRejection","Elapsed":0.22}
{"Time":"2026-09-14T17:29:35.377197462+01:00","Action":"run","Package":"github.com/JohnnyPBelo/relayloom/native/groupauthority","Test":"TestScopedRawProofTailRetainsExactRestrictivePrefix"}
{"Time":"2026-09-14T17:29:35.377200207+01:00","Action":"output","Package":"github.com/JohnnyPBelo/relayloom/native/groupauthority","Test":"TestScopedRawProofTailRetainsExactRestrictivePrefix","Output":"=== RUN   TestScopedRawProofTailRetainsExactRestrictivePrefix\n"}
{"Time":"2026-09-14T17:29:35.377203102+01:00","Action":"run","Package":"github.com/JohnnyPBelo/relayloom/native/groupauthority","Test":"TestScopedRawProofTailRetainsExactRestrictivePrefix/null"}
{"Time":"2026-09-14T17:29:35.377205166+01:00","Action":"output","Package":"github.com/JohnnyPBelo/relayloom/native/groupauthority","Test":"TestScopedRawProofTailRetainsExactRestrictivePrefix/null","Output":"=== RUN   TestScopedRawProofTailRetainsExactRestrictivePrefix/null\n"}
{"Time":"2026-09-14T17:29:35.578979056+01:00","Action":"output","Package":"github.com/JohnnyPBelo/relayloom/native/groupauthority","Test":"TestScopedRawProofTailRetainsExactRestrictivePrefix/null","Output":"--- PASS: TestScopedRawProofTailRetainsExactRestrictivePrefix/null (0.20s)\n"}
{"Time":"2026-09-14T17:29:35.579021005+01:00","Action":"pass","Package":"github.com/JohnnyPBelo/relayloom/native/groupauthority","Test":"TestScopedRawProofTailRetainsExactRestrictivePrefix/null","Elapsed":0.2}
{"Time":"2026-09-14T17:29:35.579030643+01:00","Action":"run","Package":"github.com/JohnnyPBelo/relayloom/native/groupauthority","Test":"TestScopedRawProofTailRetainsExactRestrictivePrefix/unknown-field"}
{"Time":"2026-09-14T17:29:35.579033699+01:00","Action":"output","Package":"github.com/JohnnyPBelo/relayloom/native/groupauthority","Test":"TestScopedRawProofTailRetainsExactRestrictivePrefix/unknown-field","Output":"=== RUN   TestScopedRawProofTailRetainsExactRestrictivePrefix/unknown-field\n"}
{"Time":"2026-09-14T17:29:35.774727189+01:00","Action":"output","Package":"github.com/JohnnyPBelo/relayloom/native/groupauthority","Test":"TestScopedRawProofTailRetainsExactRestrictivePrefix/unknown-field","Output":"--- PASS: TestScopedRawProofTailRetainsExactRestrictivePrefix/unknown-field (0.20s)\n"}
{"Time":"2026-09-14T17:29:35.774771592+01:00","Action":"pass","Package":"github.com/JohnnyPBelo/relayloom/native/groupauthority","Test":"TestScopedRawProofTailRetainsExactRestrictivePrefix/unknown-field","Elapsed":0.2}
{"Time":"2026-09-14T17:29:35.774779026+01:00","Action":"run","Package":"github.com/JohnnyPBelo/relayloom/native/groupauthority","Test":"TestScopedRawProofTailRetainsExactRestrictivePrefix/missing-field"}
{"Time":"2026-09-14T17:29:35.774781861+01:00","Action":"output","Package":"github.com/JohnnyPBelo/relayloom/native/groupauthority","Test":"TestScopedRawProofTailRetainsExactRestrictivePrefix/missing-field","Output":"=== RUN   TestScopedRawProofTailRetainsExactRestrictivePrefix/missing-field\n"}
{"Time":"2026-09-14T17:29:35.979390576+01:00","Action":"output","Package":"github.com/JohnnyPBelo/relayloom/native/groupauthority","Test":"TestScopedRawProofTailRetainsExactRestrictivePrefix/missing-field","Output":"--- PASS: TestScopedRawProofTailRetainsExactRestrictivePrefix/missing-field (0.20s)\n"}
{"Time":"2026-09-14T17:29:35.979434098+01:00","Action":"pass","Package":"github.com/JohnnyPBelo/relayloom/native/groupauthority","Test":"TestScopedRawProofTailRetainsExactRestrictivePrefix/missing-field","Elapsed":0.2}
{"Time":"2026-09-14T17:29:35.979441902+01:00","Action":"run","Package":"github.com/JohnnyPBelo/relayloom/native/groupauthority","Test":"TestScopedRawProofTailRetainsExactRestrictivePrefix/wrong-type"}
{"Time":"2026-09-14T17:29:35.979444717+01:00","Action":"output","Package":"github.com/JohnnyPBelo/relayloom/native/groupauthority","Test":"TestScopedRawProofTailRetainsExactRestrictivePrefix/wrong-type","Output":"=== RUN   TestScopedRawProofTailRetainsExactRestrictivePrefix/wrong-type\n"}
{"Time":"2026-09-14T17:29:36.175271688+01:00","Action":"output","Package":"github.com/JohnnyPBelo/relayloom/native/groupauthority","Test":"TestScopedRawProofTailRetainsExactRestrictivePrefix/wrong-type","Output":"--- PASS: TestScopedRawProofTailRetainsExactRestrictivePrefix/wrong-type (0.20s)\n"}
{"Time":"2026-09-14T17:29:36.175316392+01:00","Action":"pass","Package":"github.com/JohnnyPBelo/relayloom/native/groupauthority","Test":"TestScopedRawProofTailRetainsExactRestrictivePrefix/wrong-type","Elapsed":0.2}
{"Time":"2026-09-14T17:29:36.175348131+01:00","Action":"run","Package":"github.com/JohnnyPBelo/relayloom/native/groupauthority","Test":"TestScopedRawProofTailRetainsExactRestrictivePrefix/signature"}
{"Time":"2026-09-14T17:29:36.175351197+01:00","Action":"output","Package":"github.com/JohnnyPBelo/relayloom/native/groupauthority","Test":"TestScopedRawProofTailRetainsExactRestrictivePrefix/signature","Output":"=== RUN   TestScopedRawProofTailRetainsExactRestrictivePrefix/signature\n"}
{"Time":"2026-09-14T17:29:36.378421217+01:00","Action":"output","Package":"github.com/JohnnyPBelo/relayloom/native/groupauthority","Test":"TestScopedRawProofTailRetainsExactRestrictivePrefix/signature","Output":"--- PASS: TestScopedRawProofTailRetainsExactRestrictivePrefix/signature (0.20s)\n"}
{"Time":"2026-09-14T17:29:36.378462645+01:00","Action":"pass","Package":"github.com/JohnnyPBelo/relayloom/native/groupauthority","Test":"TestScopedRawProofTailRetainsExactRestrictivePrefix/signature","Elapsed":0.2}
{"Time":"2026-09-14T17:29:36.378477723+01:00","Action":"output","Package":"github.com/JohnnyPBelo/relayloom/native/groupauthority","Test":"TestScopedRawProofTailRetainsExactRestrictivePrefix","Output":"--- PASS: TestScopedRawProofTailRetainsExactRestrictivePrefix (1.00s)\n"}
{"Time":"2026-09-14T17:29:36.378480879+01:00","Action":"pass","Package":"github.com/JohnnyPBelo/relayloom/native/groupauthority","Test":"TestScopedRawProofTailRetainsExactRestrictivePrefix","Elapsed":1}
{"Time":"2026-09-14T17:29:36.378483925+01:00","Action":"run","Package":"github.com/JohnnyPBelo/relayloom/native/groupauthority","Test":"TestSwallowedEntireScopeErrorStillAbortsOuterTransaction"}
{"Time":"2026-09-14T17:29:36.378485808+01:00","Action":"output","Package":"github.com/JohnnyPBelo/relayloom/native/groupauthority","Test":"TestSwallowedEntireScopeErrorStillAbortsOuterTransaction","Output":"=== RUN   TestSwallowedEntireScopeErrorStillAbortsOuterTransaction\n"}
{"Time":"2026-09-14T17:29:36.429934656+01:00","Action":"output","Package":"github.com/JohnnyPBelo/relayloom/native/groupauthority","Test":"TestSwallowedEntireScopeErrorStillAbortsOuterTransaction","Output":"--- PASS: TestSwallowedEntireScopeErrorStillAbortsOuterTransaction (0.05s)\n"}
{"Time":"2026-09-14T17:29:36.429978057+01:00","Action":"pass","Package":"github.com/JohnnyPBelo/relayloom/native/groupauthority","Test":"TestSwallowedEntireScopeErrorStillAbortsOuterTransaction","Elapsed":0.05}
{"Time":"2026-09-14T17:29:36.429985922+01:00","Action":"run","Package":"github.com/JohnnyPBelo/relayloom/native/groupauthority","Test":"TestScopedFenceSurvivesFullOrdinaryQuotaWithoutPrivateGrowth"}
{"Time":"2026-09-14T17:29:36.429988637+01:00","Action":"output","Package":"github.com/JohnnyPBelo/relayloom/native/groupauthority","Test":"TestScopedFenceSurvivesFullOrdinaryQuotaWithoutPrivateGrowth","Output":"=== RUN   TestScopedFenceSurvivesFullOrdinaryQuotaWithoutPrivateGrowth\n"}
{"Time":"2026-09-14T17:29:36.758031739+01:00","Action":"output","Package":"github.com/JohnnyPBelo/relayloom/native/groupauthority","Test":"TestScopedFenceSurvivesFullOrdinaryQuotaWithoutPrivateGrowth","Output":"--- PASS: TestScopedFenceSurvivesFullOrdinaryQuotaWithoutPrivateGrowth (0.33s)\n"}
{"Time":"2026-09-14T17:29:36.758074679+01:00","Action":"pass","Package":"github.com/JohnnyPBelo/relayloom/native/groupauthority","Test":"TestScopedFenceSurvivesFullOrdinaryQuotaWithoutPrivateGrowth","Elapsed":0.33}
{"Time":"2026-09-14T17:29:36.758095518+01:00","Action":"run","Package":"github.com/JohnnyPBelo/relayloom/native/groupauthority","Test":"TestGroupAuthorityInteropFixture"}
{"Time":"2026-09-14T17:29:36.758098374+01:00","Action":"output","Package":"github.com/JohnnyPBelo/relayloom/native/groupauthority","Test":"TestGroupAuthorityInteropFixture","Output":"=== RUN   TestGroupAuthorityInteropFixture\n"}
{"Time":"2026-09-14T17:29:36.758100808+01:00","Action":"output","Package":"github.com/JohnnyPBelo/relayloom/native/groupauthority","Test":"TestGroupAuthorityInteropFixture","Output":"    worker_test.go:50: driven by the Node/Go authority process test\n"}
{"Time":"2026-09-14T17:29:36.758126356+01:00","Action":"output","Package":"github.com/JohnnyPBelo/relayloom/native/groupauthority","Test":"TestGroupAuthorityInteropFixture","Output":"--- SKIP: TestGroupAuthorityInteropFixture (0.00s)\n"}
{"Time":"2026-09-14T17:29:36.758131496+01:00","Action":"skip","Package":"github.com/JohnnyPBelo/relayloom/native/groupauthority","Test":"TestGroupAuthorityInteropFixture","Elapsed":0}
{"Time":"2026-09-14T17:29:36.758162614+01:00","Action":"output","Package":"github.com/JohnnyPBelo/relayloom/native/groupauthority","Output":"PASS\n"}
{"Time":"2026-09-14T17:29:37.080640743+01:00","Action":"output","Package":"github.com/JohnnyPBelo/relayloom/native/app","Test":"TestGroupOutboxServeChecksCompletedAuthorAuthority/locked","Output":"--- PASS: TestGroupOutboxServeChecksCompletedAuthorAuthority/locked (2.74s)\n"}
{"Time":"2026-09-14T17:29:37.080689434+01:00","Action":"pass","Package":"github.com/JohnnyPBelo/relayloom/native/app","Test":"TestGroupOutboxServeChecksCompletedAuthorAuthority/locked","Elapsed":2.74}
{"Time":"2026-09-14T17:29:37.080699453+01:00","Action":"output","Package":"github.com/JohnnyPBelo/relayloom/native/app","Test":"TestGroupOutboxServeChecksCompletedAuthorAuthority","Output":"--- PASS: TestGroupOutboxServeChecksCompletedAuthorAuthority (16.40s)\n"}
{"Time":"2026-09-14T17:29:37.080715183+01:00","Action":"pass","Package":"github.com/JohnnyPBelo/relayloom/native/app","Test":"TestGroupOutboxServeChecksCompletedAuthorAuthority","Elapsed":16.4}
{"Time":"2026-09-14T17:29:37.080753945+01:00","Action":"run","Package":"github.com/JohnnyPBelo/relayloom/native/app","Test":"TestGroupSendProcessExitFixture"}
{"Time":"2026-09-14T17:29:37.080757442+01:00","Action":"output","Package":"github.com/JohnnyPBelo/relayloom/native/app","Test":"TestGroupSendProcessExitFixture","Output":"=== RUN   TestGroupSendProcessExitFixture\n"}
{"Time":"2026-09-14T17:29:37.080811213+01:00","Action":"output","Package":"github.com/JohnnyPBelo/relayloom/native/app","Test":"TestGroupSendProcessExitFixture","Output":"    group_send_process_test.go:24: requires cross-engine group send driver\n"}
{"Time":"2026-09-14T17:29:37.080842712+01:00","Action":"output","Package":"github.com/JohnnyPBelo/relayloom/native/app","Test":"TestGroupSendProcessExitFixture","Output":"--- SKIP: TestGroupSendProcessExitFixture (0.00s)\n"}
{"Time":"2026-09-14T17:29:37.080857409+01:00","Action":"skip","Package":"github.com/JohnnyPBelo/relayloom/native/app","Test":"TestGroupSendProcessExitFixture","Elapsed":0}
{"Time":"2026-09-14T17:29:37.080870474+01:00","Action":"run","Package":"github.com/JohnnyPBelo/relayloom/native/app","Test":"TestGroupSendLegacyPreviewRecovery"}
{"Time":"2026-09-14T17:29:37.080873309+01:00","Action":"output","Package":"github.com/JohnnyPBelo/relayloom/native/app","Test":"TestGroupSendLegacyPreviewRecovery","Output":"=== RUN   TestGroupSendLegacyPreviewRecovery\n"}
{"Time":"2026-09-14T17:29:37.764359042+01:00","Action":"output","Package":"github.com/JohnnyPBelo/relayloom/native/groupauthority","Output":"ok  \tgithub.com/JohnnyPBelo/relayloom/native/groupauthority\t170.963s\n"}
{"Time":"2026-09-14T17:29:37.764417472+01:00","Action":"pass","Package":"github.com/JohnnyPBelo/relayloom/native/groupauthority","Elapsed":170.963}
{"Time":"2026-09-14T17:29:38.149551229+01:00","Action":"start","Package":"github.com/JohnnyPBelo/relayloom/native/groupaccess"}
{"Time":"2026-09-14T17:29:38.158926406+01:00","Action":"run","Package":"github.com/JohnnyPBelo/relayloom/native/groupaccess","Test":"TestScopeLifetimeAndMutationInvalidation"}
{"Time":"2026-09-14T17:29:38.158951172+01:00","Action":"output","Package":"github.com/JohnnyPBelo/relayloom/native/groupaccess","Test":"TestScopeLifetimeAndMutationInvalidation","Output":"=== RUN   TestScopeLifetimeAndMutationInvalidation\n"}
{"Time":"2026-09-14T17:29:38.338747508+01:00","Action":"output","Package":"github.com/JohnnyPBelo/relayloom/native/groupaccess","Test":"TestScopeLifetimeAndMutationInvalidation","Output":"--- PASS: TestScopeLifetimeAndMutationInvalidation (0.18s)\n"}
{"Time":"2026-09-14T17:29:38.338787593+01:00","Action":"pass","Package":"github.com/JohnnyPBelo/relayloom/native/groupaccess","Test":"TestScopeLifetimeAndMutationInvalidation","Elapsed":0.18}
{"Time":"2026-09-14T17:29:38.338804254+01:00","Action":"run","Package":"github.com/JohnnyPBelo/relayloom/native/groupaccess","Test":"TestBindingPresenceAndStrictHistoricalPayload"}
{"Time":"2026-09-14T17:29:38.338806629+01:00","Action":"output","Package":"github.com/JohnnyPBelo/relayloom/native/groupaccess","Test":"TestBindingPresenceAndStrictHistoricalPayload","Output":"=== RUN   TestBindingPresenceAndStrictHistoricalPayload\n"}
{"Time":"2026-09-14T17:29:38.338892911+01:00","Action":"output","Package":"github.com/JohnnyPBelo/relayloom/native/groupaccess","Test":"TestBindingPresenceAndStrictHistoricalPayload","Output":"--- PASS: TestBindingPresenceAndStrictHistoricalPayload (0.00s)\n"}
{"Time":"2026-09-14T17:29:38.338898832+01:00","Action":"pass","Package":"github.com/JohnnyPBelo/relayloom/native/groupaccess","Test":"TestBindingPresenceAndStrictHistoricalPayload","Elapsed":0}
{"Time":"2026-09-14T17:29:38.338901787+01:00","Action":"run","Package":"github.com/JohnnyPBelo/relayloom/native/groupaccess","Test":"TestGroupAccessProcessFixture"}
{"Time":"2026-09-14T17:29:38.338904142+01:00","Action":"output","Package":"github.com/JohnnyPBelo/relayloom/native/groupaccess","Test":"TestGroupAccessProcessFixture","Output":"=== RUN   TestGroupAccessProcessFixture\n"}
{"Time":"2026-09-14T17:29:38.338947273+01:00","Action":"output","Package":"github.com/JohnnyPBelo/relayloom/native/groupaccess","Test":"TestGroupAccessProcessFixture","Output":"    worker_test.go:16: driven by the Node/Go signed group-access test\n"}
{"Time":"2026-09-14T17:29:38.338953464+01:00","Action":"output","Package":"github.com/JohnnyPBelo/relayloom/native/groupaccess","Test":"TestGroupAccessProcessFixture","Output":"--- SKIP: TestGroupAccessProcessFixture (0.00s)\n"}
{"Time":"2026-09-14T17:29:38.338970145+01:00","Action":"skip","Package":"github.com/JohnnyPBelo/relayloom/native/groupaccess","Test":"TestGroupAccessProcessFixture","Elapsed":0}
{"Time":"2026-09-14T17:29:38.338979793+01:00","Action":"output","Package":"github.com/JohnnyPBelo/relayloom/native/groupaccess","Output":"PASS\n"}
{"Time":"2026-09-14T17:29:39.34252422+01:00","Action":"output","Package":"github.com/JohnnyPBelo/relayloom/native/groupaccess","Output":"ok  \tgithub.com/JohnnyPBelo/relayloom/native/groupaccess\t1.193s\n"}
{"Time":"2026-09-14T17:29:39.342580796+01:00","Action":"pass","Package":"github.com/JohnnyPBelo/relayloom/native/groupaccess","Elapsed":1.193}
{"Time":"2026-09-14T17:29:39.749229449+01:00","Action":"start","Package":"github.com/JohnnyPBelo/relayloom/native/groupcontrol"}
{"Time":"2026-09-14T17:29:39.758902364+01:00","Action":"run","Package":"github.com/JohnnyPBelo/relayloom/native/groupcontrol","Test":"TestExpiredEnvelopeCannotReplayAuthority"}
{"Time":"2026-09-14T17:29:39.758935176+01:00","Action":"output","Package":"github.com/JohnnyPBelo/relayloom/native/groupcontrol","Test":"TestExpiredEnvelopeCannotReplayAuthority","Output":"=== RUN   TestExpiredEnvelopeCannotReplayAuthority\n"}
{"Time":"2026-09-14T17:29:40.897720695+01:00","Action":"output","Package":"github.com/JohnnyPBelo/relayloom/native/groupcontrol","Test":"TestExpiredEnvelopeCannotReplayAuthority","Output":"--- PASS: TestExpiredEnvelopeCannotReplayAuthority (1.14s)\n"}
{"Time":"2026-09-14T17:29:40.897778483+01:00","Action":"pass","Package":"github.com/JohnnyPBelo/relayloom/native/groupcontrol","Test":"TestExpiredEnvelopeCannotReplayAuthority","Elapsed":1.14}
{"Time":"2026-09-14T17:29:40.897786829+01:00","Action":"run","Package":"github.com/JohnnyPBelo/relayloom/native/groupcontrol","Test":"TestPrivateCarrierKeepsCreatorProofAndRestrictsRecipient"}
{"Time":"2026-09-14T17:29:40.897789484+01:00","Action":"output","Package":"github.com/JohnnyPBelo/relayloom/native/groupcontrol","Test":"TestPrivateCarrierKeepsCreatorProofAndRestrictsRecipient","Output":"=== RUN   TestPrivateCarrierKeepsCreatorProofAndRestrictsRecipient\n"}
{"Time":"2026-09-14T17:29:42.404382075+01:00","Action":"output","Package":"github.com/JohnnyPBelo/relayloom/native/app","Test":"TestGroupSendLegacyPreviewRecovery","Output":"--- PASS: TestGroupSendLegacyPreviewRecovery (5.32s)\n"}
{"Time":"2026-09-14T17:29:42.404423373+01:00","Action":"pass","Package":"github.com/JohnnyPBelo/relayloom/native/app","Test":"TestGroupSendLegacyPreviewRecovery","Elapsed":5.32}
{"Time":"2026-09-14T17:29:42.404433291+01:00","Action":"run","Package":"github.com/JohnnyPBelo/relayloom/native/app","Test":"TestGroupSendCommitFailures"}
{"Time":"2026-09-14T17:29:42.404436056+01:00","Action":"output","Package":"github.com/JohnnyPBelo/relayloom/native/app","Test":"TestGroupSendCommitFailures","Output":"=== RUN   TestGroupSendCommitFailures\n"}
{"Time":"2026-09-14T17:29:42.404442308+01:00","Action":"run","Package":"github.com/JohnnyPBelo/relayloom/native/app","Test":"TestGroupSendCommitFailures/preparing-rollback"}
{"Time":"2026-09-14T17:29:42.404444532+01:00","Action":"output","Package":"github.com/JohnnyPBelo/relayloom/native/app","Test":"TestGroupSendCommitFailures/preparing-rollback","Output":"=== RUN   TestGroupSendCommitFailures/preparing-rollback\n"}
{"Time":"2026-09-14T17:29:43.278139684+01:00","Action":"output","Package":"github.com/JohnnyPBelo/relayloom/native/groupcontrol","Test":"TestPrivateCarrierKeepsCreatorProofAndRestrictsRecipient","Output":"--- PASS: TestPrivateCarrierKeepsCreatorProofAndRestrictsRecipient (2.38s)\n"}
{"Time":"2026-09-14T17:29:43.278183917+01:00","Action":"pass","Package":"github.com/JohnnyPBelo/relayloom/native/groupcontrol","Test":"TestPrivateCarrierKeepsCreatorProofAndRestrictsRecipient","Elapsed":2.38}
{"Time":"2026-09-14T17:29:43.278192313+01:00","Action":"run","Package":"github.com/JohnnyPBelo/relayloom/native/groupcontrol","Test":"TestOldMembershipStopsAtRemovalAndCannotReadFutureSnapshot"}
{"Time":"2026-09-14T17:29:43.278194758+01:00","Action":"output","Package":"github.com/JohnnyPBelo/relayloom/native/groupcontrol","Test":"TestOldMembershipStopsAtRemovalAndCannotReadFutureSnapshot","Output":"=== RUN   TestOldMembershipStopsAtRemovalAndCannotReadFutureSnapshot\n"}
{"Time":"2026-09-14T17:29:45.870603029+01:00","Action":"output","Package":"github.com/JohnnyPBelo/relayloom/native/groupcontrol","Test":"TestOldMembershipStopsAtRemovalAndCannotReadFutureSnapshot","Output":"--- PASS: TestOldMembershipStopsAtRemovalAndCannotReadFutureSnapshot (2.59s)\n"}
{"Time":"2026-09-14T17:29:45.870645809+01:00","Action":"pass","Package":"github.com/JohnnyPBelo/relayloom/native/groupcontrol","Test":"TestOldMembershipStopsAtRemovalAndCannotReadFutureSnapshot","Elapsed":2.59}
{"Time":"2026-09-14T17:29:45.870656239+01:00","Action":"run","Package":"github.com/JohnnyPBelo/relayloom/native/groupcontrol","Test":"TestShapePreservesBadCertificateTailForAuthorityBoundary"}
{"Time":"2026-09-14T17:29:45.870659104+01:00","Action":"output","Package":"github.com/JohnnyPBelo/relayloom/native/groupcontrol","Test":"TestShapePreservesBadCertificateTailForAuthorityBoundary","Output":"=== RUN   TestShapePreservesBadCertificateTailForAuthorityBoundary\n"}
{"Time":"2026-09-14T17:29:45.959148546+01:00","Action":"output","Package":"github.com/JohnnyPBelo/relayloom/native/groupcontrol","Test":"TestShapePreservesBadCertificateTailForAuthorityBoundary","Output":"--- PASS: TestShapePreservesBadCertificateTailForAuthorityBoundary (0.09s)\n"}
{"Time":"2026-09-14T17:29:45.959193811+01:00","Action":"pass","Package":"github.com/JohnnyPBelo/relayloom/native/groupcontrol","Test":"TestShapePreservesBadCertificateTailForAuthorityBoundary","Elapsed":0.09}
{"Time":"2026-09-14T17:29:45.959212476+01:00","Action":"run","Package":"github.com/JohnnyPBelo/relayloom/native/groupcontrol","Test":"TestControlInteropFixture"}
{"Time":"2026-09-14T17:29:45.959215321+01:00","Action":"output","Package":"github.com/JohnnyPBelo/relayloom/native/groupcontrol","Test":"TestControlInteropFixture","Output":"=== RUN   TestControlInteropFixture\n"}
{"Time":"2026-09-14T17:29:45.959228536+01:00","Action":"output","Package":"github.com/JohnnyPBelo/relayloom/native/groupcontrol","Test":"TestControlInteropFixture","Output":"    interop_test.go:18: driven by tests/native/group-carriers.test.ts\n"}
{"Time":"2026-09-14T17:29:45.959260807+01:00","Action":"output","Package":"github.com/JohnnyPBelo/relayloom/native/groupcontrol","Test":"TestControlInteropFixture","Output":"--- SKIP: TestControlInteropFixture (0.00s)\n"}
{"Time":"2026-09-14T17:29:45.959268782+01:00","Action":"skip","Package":"github.com/JohnnyPBelo/relayloom/native/groupcontrol","Test":"TestControlInteropFixture","Elapsed":0}
{"Time":"2026-09-14T17:29:45.959292696+01:00","Action":"output","Package":"github.com/JohnnyPBelo/relayloom/native/groupcontrol","Output":"PASS\n"}
{"Time":"2026-09-14T17:29:46.964050768+01:00","Action":"output","Package":"github.com/JohnnyPBelo/relayloom/native/groupcontrol","Output":"ok  \tgithub.com/JohnnyPBelo/relayloom/native/groupcontrol\t7.215s\n"}
{"Time":"2026-09-14T17:29:46.964100762+01:00","Action":"pass","Package":"github.com/JohnnyPBelo/relayloom/native/groupcontrol","Elapsed":7.215}
{"Time":"2026-09-14T17:29:47.345830256+01:00","Action":"start","Package":"github.com/JohnnyPBelo/relayloom/native/groupnotice"}
{"Time":"2026-09-14T17:29:47.355290072+01:00","Action":"run","Package":"github.com/JohnnyPBelo/relayloom/native/groupnotice","Test":"TestNoticeInteropFixture"}
{"Time":"2026-09-14T17:29:47.355343191+01:00","Action":"output","Package":"github.com/JohnnyPBelo/relayloom/native/groupnotice","Test":"TestNoticeInteropFixture","Output":"=== RUN   TestNoticeInteropFixture\n"}
{"Time":"2026-09-14T17:29:47.355382295+01:00","Action":"output","Package":"github.com/JohnnyPBelo/relayloom/native/groupnotice","Test":"TestNoticeInteropFixture","Output":"    interop_test.go:17: driven by Node notice interoperability test\n"}
{"Time":"2026-09-14T17:29:47.355422871+01:00","Action":"output","Package":"github.com/JohnnyPBelo/relayloom/native/groupnotice","Test":"TestNoticeInteropFixture","Output":"--- SKIP: TestNoticeInteropFixture (0.00s)\n"}
{"Time":"2026-09-14T17:29:47.355435965+01:00","Action":"skip","Package":"github.com/JohnnyPBelo/relayloom/native/groupnotice","Test":"TestNoticeInteropFixture","Elapsed":0}
{"Time":"2026-09-14T17:29:47.355449861+01:00","Action":"run","Package":"github.com/JohnnyPBelo/relayloom/native/groupnotice","Test":"TestPrivateNoticeCertifiesPartiesWithoutEnrolling"}
{"Time":"2026-09-14T17:29:47.355453698+01:00","Action":"output","Package":"github.com/JohnnyPBelo/relayloom/native/groupnotice","Test":"TestPrivateNoticeCertifiesPartiesWithoutEnrolling","Output":"=== RUN   TestPrivateNoticeCertifiesPartiesWithoutEnrolling\n"}
{"Time":"2026-09-14T17:29:47.569228187+01:00","Action":"output","Package":"github.com/JohnnyPBelo/relayloom/native/app","Test":"TestGroupSendCommitFailures/preparing-rollback","Output":"--- PASS: TestGroupSendCommitFailures/preparing-rollback (5.16s)\n"}
{"Time":"2026-09-14T17:29:47.569274334+01:00","Action":"pass","Package":"github.com/JohnnyPBelo/relayloom/native/app","Test":"TestGroupSendCommitFailures/preparing-rollback","Elapsed":5.16}
{"Time":"2026-09-14T17:29:47.569282599+01:00","Action":"run","Package":"github.com/JohnnyPBelo/relayloom/native/app","Test":"TestGroupSendCommitFailures/preparing-lost-response"}
{"Time":"2026-09-14T17:29:47.569287659+01:00","Action":"output","Package":"github.com/JohnnyPBelo/relayloom/native/app","Test":"TestGroupSendCommitFailures/preparing-lost-response","Output":"=== RUN   TestGroupSendCommitFailures/preparing-lost-response\n"}
{"Time":"2026-09-14T17:29:47.700940975+01:00","Action":"output","Package":"github.com/JohnnyPBelo/relayloom/native/groupnotice","Test":"TestPrivateNoticeCertifiesPartiesWithoutEnrolling","Output":"--- PASS: TestPrivateNoticeCertifiesPartiesWithoutEnrolling (0.35s)\n"}
{"Time":"2026-09-14T17:29:47.700994676+01:00","Action":"pass","Package":"github.com/JohnnyPBelo/relayloom/native/groupnotice","Test":"TestPrivateNoticeCertifiesPartiesWithoutEnrolling","Elapsed":0.35}
{"Time":"2026-09-14T17:29:47.70100244+01:00","Action":"run","Package":"github.com/JohnnyPBelo/relayloom/native/groupnotice","Test":"TestInvitationAndCardShareAuthorityCommitAndReopen"}
{"Time":"2026-09-14T17:29:47.701004955+01:00","Action":"output","Package":"github.com/JohnnyPBelo/relayloom/native/groupnotice","Test":"TestInvitationAndCardShareAuthorityCommitAndReopen","Output":"=== RUN   TestInvitationAndCardShareAuthorityCommitAndReopen\n"}
{"Time":"2026-09-14T17:29:48.096084328+01:00","Action":"output","Package":"github.com/JohnnyPBelo/relayloom/native/groupnotice","Test":"TestInvitationAndCardShareAuthorityCommitAndReopen","Output":"--- PASS: TestInvitationAndCardShareAuthorityCommitAndReopen (0.40s)\n"}
{"Time":"2026-09-14T17:29:48.096128481+01:00","Action":"pass","Package":"github.com/JohnnyPBelo/relayloom/native/groupnotice","Test":"TestInvitationAndCardShareAuthorityCommitAndReopen","Elapsed":0.4}
{"Time":"2026-09-14T17:29:48.096138299+01:00","Action":"run","Package":"github.com/JohnnyPBelo/relayloom/native/groupnotice","Test":"TestNoticeIssuerQuotaAndRetirement"}
{"Time":"2026-09-14T17:29:48.096140864+01:00","Action":"output","Package":"github.com/JohnnyPBelo/relayloom/native/groupnotice","Test":"TestNoticeIssuerQuotaAndRetirement","Output":"=== RUN   TestNoticeIssuerQuotaAndRetirement\n"}
{"Time":"2026-09-14T17:29:49.751754053+01:00","Action":"output","Package":"github.com/JohnnyPBelo/relayloom/native/groupnotice","Test":"TestNoticeIssuerQuotaAndRetirement","Output":"--- PASS: TestNoticeIssuerQuotaAndRetirement (1.66s)\n"}
{"Time":"2026-09-14T17:29:49.751808304+01:00","Action":"pass","Package":"github.com/JohnnyPBelo/relayloom/native/groupnotice","Test":"TestNoticeIssuerQuotaAndRetirement","Elapsed":1.66}
{"Time":"2026-09-14T17:29:49.751815849+01:00","Action":"run","Package":"github.com/JohnnyPBelo/relayloom/native/groupnotice","Test":"TestRetirementIsFiniteAndDoesNotBecomeConsent"}
{"Time":"2026-09-14T17:29:49.751819596+01:00","Action":"output","Package":"github.com/JohnnyPBelo/relayloom/native/groupnotice","Test":"TestRetirementIsFiniteAndDoesNotBecomeConsent","Output":"=== RUN   TestRetirementIsFiniteAndDoesNotBecomeConsent\n"}
{"Time":"2026-09-14T17:29:52.815489448+01:00","Action":"output","Package":"github.com/JohnnyPBelo/relayloom/native/app","Test":"TestGroupSendCommitFailures/preparing-lost-response","Output":"--- PASS: TestGroupSendCommitFailures/preparing-lost-response (5.25s)\n"}
{"Time":"2026-09-14T17:29:52.81554927+01:00","Action":"pass","Package":"github.com/JohnnyPBelo/relayloom/native/app","Test":"TestGroupSendCommitFailures/preparing-lost-response","Elapsed":5.25}
{"Time":"2026-09-14T17:29:52.815557756+01:00","Action":"run","Package":"github.com/JohnnyPBelo/relayloom/native/app","Test":"TestGroupSendCommitFailures/ready-rollback"}
{"Time":"2026-09-14T17:29:52.815560952+01:00","Action":"output","Package":"github.com/JohnnyPBelo/relayloom/native/app","Test":"TestGroupSendCommitFailures/ready-rollback","Output":"=== RUN   TestGroupSendCommitFailures/ready-rollback\n"}
{"Time":"2026-09-14T17:29:58.232574173+01:00","Action":"output","Package":"github.com/JohnnyPBelo/relayloom/native/app","Test":"TestGroupSendCommitFailures/ready-rollback","Output":"--- PASS: TestGroupSendCommitFailures/ready-rollback (5.42s)\n"}
{"Time":"2026-09-14T17:29:58.232627993+01:00","Action":"pass","Package":"github.com/JohnnyPBelo/relayloom/native/app","Test":"TestGroupSendCommitFailures/ready-rollback","Elapsed":5.42}
{"Time":"2026-09-14T17:29:58.232637962+01:00","Action":"run","Package":"github.com/JohnnyPBelo/relayloom/native/app","Test":"TestGroupSendCommitFailures/ready-lost-response"}
{"Time":"2026-09-14T17:29:58.232657569+01:00","Action":"output","Package":"github.com/JohnnyPBelo/relayloom/native/app","Test":"TestGroupSendCommitFailures/ready-lost-response","Output":"=== RUN   TestGroupSendCommitFailures/ready-lost-response\n"}
{"Time":"2026-09-14T17:30:03.437905277+01:00","Action":"output","Package":"github.com/JohnnyPBelo/relayloom/native/app","Test":"TestGroupSendCommitFailures/ready-lost-response","Output":"--- PASS: TestGroupSendCommitFailures/ready-lost-response (5.21s)\n"}
{"Time":"2026-09-14T17:30:03.43794933+01:00","Action":"pass","Package":"github.com/JohnnyPBelo/relayloom/native/app","Test":"TestGroupSendCommitFailures/ready-lost-response","Elapsed":5.21}
{"Time":"2026-09-14T17:30:03.437959238+01:00","Action":"output","Package":"github.com/JohnnyPBelo/relayloom/native/app","Test":"TestGroupSendCommitFailures","Output":"--- PASS: TestGroupSendCommitFailures (21.03s)\n"}
{"Time":"2026-09-14T17:30:03.437962394+01:00","Action":"pass","Package":"github.com/JohnnyPBelo/relayloom/native/app","Test":"TestGroupSendCommitFailures","Elapsed":21.03}
{"Time":"2026-09-14T17:30:03.437988473+01:00","Action":"run","Package":"github.com/JohnnyPBelo/relayloom/native/app","Test":"TestGroupSendContentIndexFailure"}
{"Time":"2026-09-14T17:30:03.437990867+01:00","Action":"output","Package":"github.com/JohnnyPBelo/relayloom/native/app","Test":"TestGroupSendContentIndexFailure","Output":"=== RUN   TestGroupSendContentIndexFailure\n"}
{"Time":"2026-09-14T17:30:08.614071923+01:00","Action":"output","Package":"github.com/JohnnyPBelo/relayloom/native/groupnotice","Test":"TestRetirementIsFiniteAndDoesNotBecomeConsent","Output":"--- PASS: TestRetirementIsFiniteAndDoesNotBecomeConsent (18.86s)\n"}
{"Time":"2026-09-14T17:30:08.614114403+01:00","Action":"pass","Package":"github.com/JohnnyPBelo/relayloom/native/groupnotice","Test":"TestRetirementIsFiniteAndDoesNotBecomeConsent","Elapsed":18.86}
{"Time":"2026-09-14T17:30:08.614122638+01:00","Action":"run","Package":"github.com/JohnnyPBelo/relayloom/native/groupnotice","Test":"TestMalformedNoticeAbortsSwallowedOuterTransaction"}
{"Time":"2026-09-14T17:30:08.614125594+01:00","Action":"output","Package":"github.com/JohnnyPBelo/relayloom/native/groupnotice","Test":"TestMalformedNoticeAbortsSwallowedOuterTransaction","Output":"=== RUN   TestMalformedNoticeAbortsSwallowedOuterTransaction\n"}
{"Time":"2026-09-14T17:30:08.770650289+01:00","Action":"output","Package":"github.com/JohnnyPBelo/relayloom/native/groupnotice","Test":"TestMalformedNoticeAbortsSwallowedOuterTransaction","Output":"--- PASS: TestMalformedNoticeAbortsSwallowedOuterTransaction (0.16s)\n"}
{"Time":"2026-09-14T17:30:08.770699281+01:00","Action":"pass","Package":"github.com/JohnnyPBelo/relayloom/native/groupnotice","Test":"TestMalformedNoticeAbortsSwallowedOuterTransaction","Elapsed":0.16}
{"Time":"2026-09-14T17:30:08.770710763+01:00","Action":"output","Package":"github.com/JohnnyPBelo/relayloom/native/groupnotice","Output":"PASS\n"}
{"Time":"2026-09-14T17:30:09.332316954+01:00","Action":"output","Package":"github.com/JohnnyPBelo/relayloom/native/app","Test":"TestGroupSendContentIndexFailure","Output":"--- PASS: TestGroupSendContentIndexFailure (5.89s)\n"}
{"Time":"2026-09-14T17:30:09.332362369+01:00","Action":"pass","Package":"github.com/JohnnyPBelo/relayloom/native/app","Test":"TestGroupSendContentIndexFailure","Elapsed":5.89}
{"Time":"2026-09-14T17:30:09.332370905+01:00","Action":"run","Package":"github.com/JohnnyPBelo/relayloom/native/app","Test":"TestGroupControlResponsesRespectProducerQuota"}
{"Time":"2026-09-14T17:30:09.332373941+01:00","Action":"output","Package":"github.com/JohnnyPBelo/relayloom/native/app","Test":"TestGroupControlResponsesRespectProducerQuota","Output":"=== RUN   TestGroupControlResponsesRespectProducerQuota\n"}
{"Time":"2026-09-14T17:30:09.776453751+01:00","Action":"output","Package":"github.com/JohnnyPBelo/relayloom/native/groupnotice","Output":"ok  \tgithub.com/JohnnyPBelo/relayloom/native/groupnotice\t22.431s\n"}
{"Time":"2026-09-14T17:30:09.776534572+01:00","Action":"pass","Package":"github.com/JohnnyPBelo/relayloom/native/groupnotice","Elapsed":22.431}
{"Time":"2026-09-14T17:30:10.167162981+01:00","Action":"start","Package":"github.com/JohnnyPBelo/relayloom/native/groupledger"}
{"Time":"2026-09-14T17:30:10.176062506+01:00","Action":"run","Package":"github.com/JohnnyPBelo/relayloom/native/groupledger","Test":"TestStopSnapshotInvalidatesOnMutationAndScopeExit"}
{"Time":"2026-09-14T17:30:10.176100126+01:00","Action":"output","Package":"github.com/JohnnyPBelo/relayloom/native/groupledger","Test":"TestStopSnapshotInvalidatesOnMutationAndScopeExit","Output":"=== RUN   TestStopSnapshotInvalidatesOnMutationAndScopeExit\n"}
{"Time":"2026-09-14T17:30:10.399576565+01:00","Action":"output","Package":"github.com/JohnnyPBelo/relayloom/native/groupledger","Test":"TestStopSnapshotInvalidatesOnMutationAndScopeExit","Output":"--- PASS: TestStopSnapshotInvalidatesOnMutationAndScopeExit (0.22s)\n"}
{"Time":"2026-09-14T17:30:10.399618934+01:00","Action":"pass","Package":"github.com/JohnnyPBelo/relayloom/native/groupledger","Test":"TestStopSnapshotInvalidatesOnMutationAndScopeExit","Elapsed":0.22}
{"Time":"2026-09-14T17:30:10.399626528+01:00","Action":"run","Package":"github.com/JohnnyPBelo/relayloom/native/groupledger","Test":"TestClosureStopsAndRetirementStayAtomic"}
{"Time":"2026-09-14T17:30:10.399629304+01:00","Action":"output","Package":"github.com/JohnnyPBelo/relayloom/native/groupledger","Test":"TestClosureStopsAndRetirementStayAtomic","Output":"=== RUN   TestClosureStopsAndRetirementStayAtomic\n"}
{"Time":"2026-09-14T17:30:10.735569541+01:00","Action":"output","Package":"github.com/JohnnyPBelo/relayloom/native/groupledger","Test":"TestClosureStopsAndRetirementStayAtomic","Output":"--- PASS: TestClosureStopsAndRetirementStayAtomic (0.34s)\n"}
{"Time":"2026-09-14T17:30:10.735613283+01:00","Action":"pass","Package":"github.com/JohnnyPBelo/relayloom/native/groupledger","Test":"TestClosureStopsAndRetirementStayAtomic","Elapsed":0.34}
{"Time":"2026-09-14T17:30:10.735631457+01:00","Action":"run","Package":"github.com/JohnnyPBelo/relayloom/native/groupledger","Test":"TestMalformedCountersFailClosedAndUTF16Bounds"}
{"Time":"2026-09-14T17:30:10.735633792+01:00","Action":"output","Package":"github.com/JohnnyPBelo/relayloom/native/groupledger","Test":"TestMalformedCountersFailClosedAndUTF16Bounds","Output":"=== RUN   TestMalformedCountersFailClosedAndUTF16Bounds\n"}
{"Time":"2026-09-14T17:30:10.782686587+01:00","Action":"output","Package":"github.com/JohnnyPBelo/relayloom/native/groupledger","Test":"TestMalformedCountersFailClosedAndUTF16Bounds","Output":"--- PASS: TestMalformedCountersFailClosedAndUTF16Bounds (0.05s)\n"}
{"Time":"2026-09-14T17:30:10.782731221+01:00","Action":"pass","Package":"github.com/JohnnyPBelo/relayloom/native/groupledger","Test":"TestMalformedCountersFailClosedAndUTF16Bounds","Elapsed":0.05}
{"Time":"2026-09-14T17:30:10.782738625+01:00","Action":"run","Package":"github.com/JohnnyPBelo/relayloom/native/groupledger","Test":"TestGroupLedgerProcessFixture"}
{"Time":"2026-09-14T17:30:10.7827413+01:00","Action":"output","Package":"github.com/JohnnyPBelo/relayloom/native/groupledger","Test":"TestGroupLedgerProcessFixture","Output":"=== RUN   TestGroupLedgerProcessFixture\n"}
{"Time":"2026-09-14T17:30:10.782811852+01:00","Action":"output","Package":"github.com/JohnnyPBelo/relayloom/native/groupledger","Test":"TestGroupLedgerProcessFixture","Output":"    worker_test.go:18: driven by real Node/Go ledger processes\n"}
{"Time":"2026-09-14T17:30:10.782837761+01:00","Action":"output","Package":"github.com/JohnnyPBelo/relayloom/native/groupledger","Test":"TestGroupLedgerProcessFixture","Output":"--- SKIP: TestGroupLedgerProcessFixture (0.00s)\n"}
{"Time":"2026-09-14T17:30:10.782850735+01:00","Action":"skip","Package":"github.com/JohnnyPBelo/relayloom/native/groupledger","Test":"TestGroupLedgerProcessFixture","Elapsed":0}
{"Time":"2026-09-14T17:30:10.782876684+01:00","Action":"output","Package":"github.com/JohnnyPBelo/relayloom/native/groupledger","Output":"PASS\n"}
{"Time":"2026-09-14T17:30:11.786819216+01:00","Action":"output","Package":"github.com/JohnnyPBelo/relayloom/native/groupledger","Output":"ok  \tgithub.com/JohnnyPBelo/relayloom/native/groupledger\t1.620s\n"}
{"Time":"2026-09-14T17:30:11.786882705+01:00","Action":"pass","Package":"github.com/JohnnyPBelo/relayloom/native/groupledger","Elapsed":1.62}
{"Time":"2026-09-14T17:30:12.157266439+01:00","Action":"start","Package":"github.com/JohnnyPBelo/relayloom/native/profilelock"}
{"Time":"2026-09-14T17:30:12.164922663+01:00","Action":"run","Package":"github.com/JohnnyPBelo/relayloom/native/profilelock","Test":"TestExclusiveOwnershipIndependentProfilesAndRestart"}
{"Time":"2026-09-14T17:30:12.164958991+01:00","Action":"output","Package":"github.com/JohnnyPBelo/relayloom/native/profilelock","Test":"TestExclusiveOwnershipIndependentProfilesAndRestart","Output":"=== RUN   TestExclusiveOwnershipIndependentProfilesAndRestart\n"}
{"Time":"2026-09-14T17:30:12.209393908+01:00","Action":"output","Package":"github.com/JohnnyPBelo/relayloom/native/profilelock","Test":"TestExclusiveOwnershipIndependentProfilesAndRestart","Output":"--- PASS: TestExclusiveOwnershipIndependentProfilesAndRestart (0.04s)\n"}
{"Time":"2026-09-14T17:30:12.209428904+01:00","Action":"pass","Package":"github.com/JohnnyPBelo/relayloom/native/profilelock","Test":"TestExclusiveOwnershipIndependentProfilesAndRestart","Elapsed":0.04}
{"Time":"2026-09-14T17:30:12.209438572+01:00","Action":"run","Package":"github.com/JohnnyPBelo/relayloom/native/profilelock","Test":"TestEmptyInitializationAndForeignFile"}
{"Time":"2026-09-14T17:30:12.209440876+01:00","Action":"output","Package":"github.com/JohnnyPBelo/relayloom/native/profilelock","Test":"TestEmptyInitializationAndForeignFile","Output":"=== RUN   TestEmptyInitializationAndForeignFile\n"}
{"Time":"2026-09-14T17:30:12.228862569+01:00","Action":"output","Package":"github.com/JohnnyPBelo/relayloom/native/profilelock","Test":"TestEmptyInitializationAndForeignFile","Output":"--- PASS: TestEmptyInitializationAndForeignFile (0.02s)\n"}
{"Time":"2026-09-14T17:30:12.228888577+01:00","Action":"pass","Package":"github.com/JohnnyPBelo/relayloom/native/profilelock","Test":"TestEmptyInitializationAndForeignFile","Elapsed":0.02}
{"Time":"2026-09-14T17:30:12.228897925+01:00","Action":"run","Package":"github.com/JohnnyPBelo/relayloom/native/profilelock","Test":"TestProfileOwnershipInteropFixture"}
{"Time":"2026-09-14T17:30:12.22890046+01:00","Action":"output","Package":"github.com/JohnnyPBelo/relayloom/native/profilelock","Test":"TestProfileOwnershipInteropFixture","Output":"=== RUN   TestProfileOwnershipInteropFixture\n"}
{"Time":"2026-09-14T17:30:12.228937359+01:00","Action":"output","Package":"github.com/JohnnyPBelo/relayloom/native/profilelock","Test":"TestProfileOwnershipInteropFixture","Output":"    worker_test.go:14: driven by real Node/Go profile ownership processes\n"}
{"Time":"2026-09-14T17:30:12.228953329+01:00","Action":"output","Package":"github.com/JohnnyPBelo/relayloom/native/profilelock","Test":"TestProfileOwnershipInteropFixture","Output":"--- SKIP: TestProfileOwnershipInteropFixture (0.00s)\n"}
{"Time":"2026-09-14T17:30:12.228958999+01:00","Action":"skip","Package":"github.com/JohnnyPBelo/relayloom/native/profilelock","Test":"TestProfileOwnershipInteropFixture","Elapsed":0}
{"Time":"2026-09-14T17:30:12.228987673+01:00","Action":"output","Package":"github.com/JohnnyPBelo/relayloom/native/profilelock","Output":"PASS\n"}
{"Time":"2026-09-14T17:30:13.231384989+01:00","Action":"output","Package":"github.com/JohnnyPBelo/relayloom/native/profilelock","Output":"ok  \tgithub.com/JohnnyPBelo/relayloom/native/profilelock\t1.074s\n"}
{"Time":"2026-09-14T17:30:13.231456713+01:00","Action":"pass","Package":"github.com/JohnnyPBelo/relayloom/native/profilelock","Elapsed":1.074}
{"Time":"2026-09-14T17:30:13.65411933+01:00","Action":"start","Package":"github.com/JohnnyPBelo/relayloom/native/profilestate"}
{"Time":"2026-09-14T17:30:13.663349835+01:00","Action":"run","Package":"github.com/JohnnyPBelo/relayloom/native/profilestate","Test":"TestPersistedPrivateBytesAndAtomicShrink"}
{"Time":"2026-09-14T17:30:13.66340554+01:00","Action":"output","Package":"github.com/JohnnyPBelo/relayloom/native/profilestate","Test":"TestPersistedPrivateBytesAndAtomicShrink","Output":"=== RUN   TestPersistedPrivateBytesAndAtomicShrink\n"}
{"Time":"2026-09-14T17:30:14.438162961+01:00","Action":"output","Package":"github.com/JohnnyPBelo/relayloom/native/profilestate","Test":"TestPersistedPrivateBytesAndAtomicShrink","Output":"--- PASS: TestPersistedPrivateBytesAndAtomicShrink (0.77s)\n"}
{"Time":"2026-09-14T17:30:14.438203948+01:00","Action":"pass","Package":"github.com/JohnnyPBelo/relayloom/native/profilestate","Test":"TestPersistedPrivateBytesAndAtomicShrink","Elapsed":0.77}
{"Time":"2026-09-14T17:30:14.438212033+01:00","Action":"run","Package":"github.com/JohnnyPBelo/relayloom/native/profilestate","Test":"TestPrivateStateAndFenceCommitOrRollbackWithCAS"}
{"Time":"2026-09-14T17:30:14.438214518+01:00","Action":"output","Package":"github.com/JohnnyPBelo/relayloom/native/profilestate","Test":"TestPrivateStateAndFenceCommitOrRollbackWithCAS","Output":"=== RUN   TestPrivateStateAndFenceCommitOrRollbackWithCAS\n"}
{"Time":"2026-09-14T17:30:14.521771613+01:00","Action":"output","Package":"github.com/JohnnyPBelo/relayloom/native/profilestate","Test":"TestPrivateStateAndFenceCommitOrRollbackWithCAS","Output":"--- PASS: TestPrivateStateAndFenceCommitOrRollbackWithCAS (0.08s)\n"}
{"Time":"2026-09-14T17:30:14.521812048+01:00","Action":"pass","Package":"github.com/JohnnyPBelo/relayloom/native/profilestate","Test":"TestPrivateStateAndFenceCommitOrRollbackWithCAS","Elapsed":0.08}
{"Time":"2026-09-14T17:30:14.521822528+01:00","Action":"run","Package":"github.com/JohnnyPBelo/relayloom/native/profilestate","Test":"TestBrokenAndOrphanChunksFailClosed"}
{"Time":"2026-09-14T17:30:14.521825313+01:00","Action":"output","Package":"github.com/JohnnyPBelo/relayloom/native/profilestate","Test":"TestBrokenAndOrphanChunksFailClosed","Output":"=== RUN   TestBrokenAndOrphanChunksFailClosed\n"}
{"Time":"2026-09-14T17:30:14.521828459+01:00","Action":"run","Package":"github.com/JohnnyPBelo/relayloom/native/profilestate","Test":"TestBrokenAndOrphanChunksFailClosed/missing"}
{"Time":"2026-09-14T17:30:14.521830503+01:00","Action":"output","Package":"github.com/JohnnyPBelo/relayloom/native/profilestate","Test":"TestBrokenAndOrphanChunksFailClosed/missing","Output":"=== RUN   TestBrokenAndOrphanChunksFailClosed/missing\n"}
{"Time":"2026-09-14T17:30:14.580984436+01:00","Action":"output","Package":"github.com/JohnnyPBelo/relayloom/native/profilestate","Test":"TestBrokenAndOrphanChunksFailClosed/missing","Output":"--- PASS: TestBrokenAndOrphanChunksFailClosed/missing (0.06s)\n"}
{"Time":"2026-09-14T17:30:14.581024601+01:00","Action":"pass","Package":"github.com/JohnnyPBelo/relayloom/native/profilestate","Test":"TestBrokenAndOrphanChunksFailClosed/missing","Elapsed":0.06}
{"Time":"2026-09-14T17:30:14.581037876+01:00","Action":"run","Package":"github.com/JohnnyPBelo/relayloom/native/profilestate","Test":"TestBrokenAndOrphanChunksFailClosed/orphan"}
{"Time":"2026-09-14T17:30:14.581040661+01:00","Action":"output","Package":"github.com/JohnnyPBelo/relayloom/native/profilestate","Test":"TestBrokenAndOrphanChunksFailClosed/orphan","Output":"=== RUN   TestBrokenAndOrphanChunksFailClosed/orphan\n"}
{"Time":"2026-09-14T17:30:14.640582482+01:00","Action":"output","Package":"github.com/JohnnyPBelo/relayloom/native/profilestate","Test":"TestBrokenAndOrphanChunksFailClosed/orphan","Output":"--- PASS: TestBrokenAndOrphanChunksFailClosed/orphan (0.06s)\n"}
{"Time":"2026-09-14T17:30:14.64062444+01:00","Action":"pass","Package":"github.com/JohnnyPBelo/relayloom/native/profilestate","Test":"TestBrokenAndOrphanChunksFailClosed/orphan","Elapsed":0.06}
{"Time":"2026-09-14T17:30:14.640633718+01:00","Action":"run","Package":"github.com/JohnnyPBelo/relayloom/native/profilestate","Test":"TestBrokenAndOrphanChunksFailClosed/hash"}
{"Time":"2026-09-14T17:30:14.640636724+01:00","Action":"output","Package":"github.com/JohnnyPBelo/relayloom/native/profilestate","Test":"TestBrokenAndOrphanChunksFailClosed/hash","Output":"=== RUN   TestBrokenAndOrphanChunksFailClosed/hash\n"}
{"Time":"2026-09-14T17:30:14.703501534+01:00","Action":"output","Package":"github.com/JohnnyPBelo/relayloom/native/profilestate","Test":"TestBrokenAndOrphanChunksFailClosed/hash","Output":"--- PASS: TestBrokenAndOrphanChunksFailClosed/hash (0.06s)\n"}
{"Time":"2026-09-14T17:30:14.703550776+01:00","Action":"pass","Package":"github.com/JohnnyPBelo/relayloom/native/profilestate","Test":"TestBrokenAndOrphanChunksFailClosed/hash","Elapsed":0.06}
{"Time":"2026-09-14T17:30:14.703564872+01:00","Action":"output","Package":"github.com/JohnnyPBelo/relayloom/native/profilestate","Test":"TestBrokenAndOrphanChunksFailClosed","Output":"--- PASS: TestBrokenAndOrphanChunksFailClosed (0.18s)\n"}
{"Time":"2026-09-14T17:30:14.703569301+01:00","Action":"pass","Package":"github.com/JohnnyPBelo/relayloom/native/profilestate","Test":"TestBrokenAndOrphanChunksFailClosed","Elapsed":0.18}
{"Time":"2026-09-14T17:30:14.703584229+01:00","Action":"run","Package":"github.com/JohnnyPBelo/relayloom/native/profilestate","Test":"TestPrivateStateByteBounds"}
{"Time":"2026-09-14T17:30:14.703587705+01:00","Action":"output","Package":"github.com/JohnnyPBelo/relayloom/native/profilestate","Test":"TestPrivateStateByteBounds","Output":"=== RUN   TestPrivateStateByteBounds\n"}
{"Time":"2026-09-14T17:30:20.470654143+01:00","Action":"output","Package":"github.com/JohnnyPBelo/relayloom/native/profilestate","Test":"TestPrivateStateByteBounds","Output":"--- PASS: TestPrivateStateByteBounds (5.77s)\n"}
{"Time":"2026-09-14T17:30:20.470703375+01:00","Action":"pass","Package":"github.com/JohnnyPBelo/relayloom/native/profilestate","Test":"TestPrivateStateByteBounds","Elapsed":5.77}
{"Time":"2026-09-14T17:30:20.470714546+01:00","Action":"output","Package":"github.com/JohnnyPBelo/relayloom/native/profilestate","Output":"PASS\n"}
{"Time":"2026-09-14T17:30:21.492118896+01:00","Action":"output","Package":"github.com/JohnnyPBelo/relayloom/native/profilestate","Output":"ok  \tgithub.com/JohnnyPBelo/relayloom/native/profilestate\t7.838s\n"}
{"Time":"2026-09-14T17:30:21.492175642+01:00","Action":"pass","Package":"github.com/JohnnyPBelo/relayloom/native/profilestate","Elapsed":7.838}
{"Time":"2026-09-14T17:30:21.8871666+01:00","Action":"start","Package":"github.com/JohnnyPBelo/relayloom/native/profilebinding"}
{"Time":"2026-09-14T17:30:21.896647485+01:00","Action":"run","Package":"github.com/JohnnyPBelo/relayloom/native/profilebinding","Test":"TestBindingOwnerStoreSourceAndPhases"}
{"Time":"2026-09-14T17:30:21.896685386+01:00","Action":"output","Package":"github.com/JohnnyPBelo/relayloom/native/profilebinding","Test":"TestBindingOwnerStoreSourceAndPhases","Output":"=== RUN   TestBindingOwnerStoreSourceAndPhases\n"}
{"Time":"2026-09-14T17:30:21.913650372+01:00","Action":"output","Package":"github.com/JohnnyPBelo/relayloom/native/profilebinding","Test":"TestBindingOwnerStoreSourceAndPhases","Output":"--- PASS: TestBindingOwnerStoreSourceAndPhases (0.02s)\n"}
{"Time":"2026-09-14T17:30:21.913659329+01:00","Action":"pass","Package":"github.com/JohnnyPBelo/relayloom/native/profilebinding","Test":"TestBindingOwnerStoreSourceAndPhases","Elapsed":0.02}
{"Time":"2026-09-14T17:30:21.913667103+01:00","Action":"run","Package":"github.com/JohnnyPBelo/relayloom/native/profilebinding","Test":"TestPreassignedStoreIDDoesNotPermitReset"}
{"Time":"2026-09-14T17:30:21.913669137+01:00","Action":"output","Package":"github.com/JohnnyPBelo/relayloom/native/profilebinding","Test":"TestPreassignedStoreIDDoesNotPermitReset","Output":"=== RUN   TestPreassignedStoreIDDoesNotPermitReset\n"}
{"Time":"2026-09-14T17:30:21.953206343+01:00","Action":"output","Package":"github.com/JohnnyPBelo/relayloom/native/profilebinding","Test":"TestPreassignedStoreIDDoesNotPermitReset","Output":"--- PASS: TestPreassignedStoreIDDoesNotPermitReset (0.04s)\n"}
{"Time":"2026-09-14T17:30:21.953251668+01:00","Action":"pass","Package":"github.com/JohnnyPBelo/relayloom/native/profilebinding","Test":"TestPreassignedStoreIDDoesNotPermitReset","Elapsed":0.04}
{"Time":"2026-09-14T17:30:21.953271745+01:00","Action":"output","Package":"github.com/JohnnyPBelo/relayloom/native/profilebinding","Output":"PASS\n"}
{"Time":"2026-09-14T17:30:22.955740985+01:00","Action":"output","Package":"github.com/JohnnyPBelo/relayloom/native/profilebinding","Output":"ok  \tgithub.com/JohnnyPBelo/relayloom/native/profilebinding\t1.069s\n"}
{"Time":"2026-09-14T17:30:22.955796059+01:00","Action":"pass","Package":"github.com/JohnnyPBelo/relayloom/native/profilebinding","Elapsed":1.069}
{"Time":"2026-09-14T17:30:23.352975649+01:00","Action":"start","Package":"github.com/JohnnyPBelo/relayloom/native/profiledb"}
{"Time":"2026-09-14T17:30:23.363118085+01:00","Action":"run","Package":"github.com/JohnnyPBelo/relayloom/native/profiledb","Test":"TestMigrationBindingAndCommittedNoFallback"}
{"Time":"2026-09-14T17:30:23.363157869+01:00","Action":"output","Package":"github.com/JohnnyPBelo/relayloom/native/profiledb","Test":"TestMigrationBindingAndCommittedNoFallback","Output":"=== RUN   TestMigrationBindingAndCommittedNoFallback\n"}
{"Time":"2026-09-14T17:30:23.516061606+01:00","Action":"output","Package":"github.com/JohnnyPBelo/relayloom/native/profiledb","Test":"TestMigrationBindingAndCommittedNoFallback","Output":"--- PASS: TestMigrationBindingAndCommittedNoFallback (0.15s)\n"}
{"Time":"2026-09-14T17:30:23.516094027+01:00","Action":"pass","Package":"github.com/JohnnyPBelo/relayloom/native/profiledb","Test":"TestMigrationBindingAndCommittedNoFallback","Elapsed":0.15}
{"Time":"2026-09-14T17:30:23.516104827+01:00","Action":"run","Package":"github.com/JohnnyPBelo/relayloom/native/profiledb","Test":"TestMissingSwappedOrUnboundDatabaseIsNotReset"}
{"Time":"2026-09-14T17:30:23.516107352+01:00","Action":"output","Package":"github.com/JohnnyPBelo/relayloom/native/profiledb","Test":"TestMissingSwappedOrUnboundDatabaseIsNotReset","Output":"=== RUN   TestMissingSwappedOrUnboundDatabaseIsNotReset\n"}
{"Time":"2026-09-14T17:30:23.516110067+01:00","Action":"run","Package":"github.com/JohnnyPBelo/relayloom/native/profiledb","Test":"TestMissingSwappedOrUnboundDatabaseIsNotReset/missing"}
{"Time":"2026-09-14T17:30:23.516111981+01:00","Action":"output","Package":"github.com/JohnnyPBelo/relayloom/native/profiledb","Test":"TestMissingSwappedOrUnboundDatabaseIsNotReset/missing","Output":"=== RUN   TestMissingSwappedOrUnboundDatabaseIsNotReset/missing\n"}
{"Time":"2026-09-14T17:30:23.614325674+01:00","Action":"output","Package":"github.com/JohnnyPBelo/relayloom/native/profiledb","Test":"TestMissingSwappedOrUnboundDatabaseIsNotReset/missing","Output":"--- PASS: TestMissingSwappedOrUnboundDatabaseIsNotReset/missing (0.10s)\n"}
{"Time":"2026-09-14T17:30:23.614369807+01:00","Action":"pass","Package":"github.com/JohnnyPBelo/relayloom/native/profiledb","Test":"TestMissingSwappedOrUnboundDatabaseIsNotReset/missing","Elapsed":0.1}
{"Time":"2026-09-14T17:30:23.614388171+01:00","Action":"run","Package":"github.com/JohnnyPBelo/relayloom/native/profiledb","Test":"TestMissingSwappedOrUnboundDatabaseIsNotReset/swapped"}
{"Time":"2026-09-14T17:30:23.614391467+01:00","Action":"output","Package":"github.com/JohnnyPBelo/relayloom/native/profiledb","Test":"TestMissingSwappedOrUnboundDatabaseIsNotReset/swapped","Output":"=== RUN   TestMissingSwappedOrUnboundDatabaseIsNotReset/swapped\n"}
{"Time":"2026-09-14T17:30:23.742686958+01:00","Action":"output","Package":"github.com/JohnnyPBelo/relayloom/native/profiledb","Test":"TestMissingSwappedOrUnboundDatabaseIsNotReset/swapped","Output":"--- PASS: TestMissingSwappedOrUnboundDatabaseIsNotReset/swapped (0.13s)\n"}
{"Time":"2026-09-14T17:30:23.742736902+01:00","Action":"pass","Package":"github.com/JohnnyPBelo/relayloom/native/profiledb","Test":"TestMissingSwappedOrUnboundDatabaseIsNotReset/swapped","Elapsed":0.13}
{"Time":"2026-09-14T17:30:23.742745037+01:00","Action":"run","Package":"github.com/JohnnyPBelo/relayloom/native/profiledb","Test":"TestMissingSwappedOrUnboundDatabaseIsNotReset/unbound"}
{"Time":"2026-09-14T17:30:23.742758102+01:00","Action":"output","Package":"github.com/JohnnyPBelo/relayloom/native/profiledb","Test":"TestMissingSwappedOrUnboundDatabaseIsNotReset/unbound","Output":"=== RUN   TestMissingSwappedOrUnboundDatabaseIsNotReset/unbound\n"}
{"Time":"2026-09-14T17:30:23.786939283+01:00","Action":"output","Package":"github.com/JohnnyPBelo/relayloom/native/profiledb","Test":"TestMissingSwappedOrUnboundDatabaseIsNotReset/unbound","Output":"--- PASS: TestMissingSwappedOrUnboundDatabaseIsNotReset/unbound (0.04s)\n"}
{"Time":"2026-09-14T17:30:23.786981563+01:00","Action":"pass","Package":"github.com/JohnnyPBelo/relayloom/native/profiledb","Test":"TestMissingSwappedOrUnboundDatabaseIsNotReset/unbound","Elapsed":0.04}
{"Time":"2026-09-14T17:30:23.786989447+01:00","Action":"output","Package":"github.com/JohnnyPBelo/relayloom/native/profiledb","Test":"TestMissingSwappedOrUnboundDatabaseIsNotReset","Output":"--- PASS: TestMissingSwappedOrUnboundDatabaseIsNotReset (0.27s)\n"}
{"Time":"2026-09-14T17:30:23.786992102+01:00","Action":"pass","Package":"github.com/JohnnyPBelo/relayloom/native/profiledb","Test":"TestMissingSwappedOrUnboundDatabaseIsNotReset","Elapsed":0.27}
{"Time":"2026-09-14T17:30:23.787000819+01:00","Action":"run","Package":"github.com/JohnnyPBelo/relayloom/native/profiledb","Test":"TestPreparedResumeAndChangedSourceRefusal"}
{"Time":"2026-09-14T17:30:23.787003133+01:00","Action":"output","Package":"github.com/JohnnyPBelo/relayloom/native/profiledb","Test":"TestPreparedResumeAndChangedSourceRefusal","Output":"=== RUN   TestPreparedResumeAndChangedSourceRefusal\n"}
{"Time":"2026-09-14T17:30:23.787039291+01:00","Action":"run","Package":"github.com/JohnnyPBelo/relayloom/native/profiledb","Test":"TestPreparedResumeAndChangedSourceRefusal/no-db"}
{"Time":"2026-09-14T17:30:23.787041615+01:00","Action":"output","Package":"github.com/JohnnyPBelo/relayloom/native/profiledb","Test":"TestPreparedResumeAndChangedSourceRefusal/no-db","Output":"=== RUN   TestPreparedResumeAndChangedSourceRefusal/no-db\n"}
{"Time":"2026-09-14T17:30:23.891495207+01:00","Action":"output","Package":"github.com/JohnnyPBelo/relayloom/native/profiledb","Test":"TestPreparedResumeAndChangedSourceRefusal/no-db","Output":"--- PASS: TestPreparedResumeAndChangedSourceRefusal/no-db (0.10s)\n"}
{"Time":"2026-09-14T17:30:23.891537176+01:00","Action":"pass","Package":"github.com/JohnnyPBelo/relayloom/native/profiledb","Test":"TestPreparedResumeAndChangedSourceRefusal/no-db","Elapsed":0.1}
{"Time":"2026-09-14T17:30:23.89154496+01:00","Action":"run","Package":"github.com/JohnnyPBelo/relayloom/native/profiledb","Test":"TestPreparedResumeAndChangedSourceRefusal/empty-db"}
{"Time":"2026-09-14T17:30:23.891547615+01:00","Action":"output","Package":"github.com/JohnnyPBelo/relayloom/native/profiledb","Test":"TestPreparedResumeAndChangedSourceRefusal/empty-db","Output":"=== RUN   TestPreparedResumeAndChangedSourceRefusal/empty-db\n"}
{"Time":"2026-09-14T17:30:24.011359191+01:00","Action":"output","Package":"github.com/JohnnyPBelo/relayloom/native/profiledb","Test":"TestPreparedResumeAndChangedSourceRefusal/empty-db","Output":"--- PASS: TestPreparedResumeAndChangedSourceRefusal/empty-db (0.12s)\n"}
{"Time":"2026-09-14T17:30:24.01140173+01:00","Action":"pass","Package":"github.com/JohnnyPBelo/relayloom/native/profiledb","Test":"TestPreparedResumeAndChangedSourceRefusal/empty-db","Elapsed":0.12}
{"Time":"2026-09-14T17:30:24.011411419+01:00","Action":"output","Package":"github.com/JohnnyPBelo/relayloom/native/profiledb","Test":"TestPreparedResumeAndChangedSourceRefusal","Output":"--- PASS: TestPreparedResumeAndChangedSourceRefusal (0.22s)\n"}
{"Time":"2026-09-14T17:30:24.011414665+01:00","Action":"pass","Package":"github.com/JohnnyPBelo/relayloom/native/profiledb","Test":"TestPreparedResumeAndChangedSourceRefusal","Elapsed":0.22}
{"Time":"2026-09-14T17:30:24.01143884+01:00","Action":"run","Package":"github.com/JohnnyPBelo/relayloom/native/profiledb","Test":"TestInitializationMarkerCannotBeDeletedThroughTransaction"}
{"Time":"2026-09-14T17:30:24.011440693+01:00","Action":"output","Package":"github.com/JohnnyPBelo/relayloom/native/profiledb","Test":"TestInitializationMarkerCannotBeDeletedThroughTransaction","Output":"=== RUN   TestInitializationMarkerCannotBeDeletedThroughTransaction\n"}
{"Time":"2026-09-14T17:30:24.129928858+01:00","Action":"output","Package":"github.com/JohnnyPBelo/relayloom/native/profiledb","Test":"TestInitializationMarkerCannotBeDeletedThroughTransaction","Output":"--- PASS: TestInitializationMarkerCannotBeDeletedThroughTransaction (0.12s)\n"}
{"Time":"2026-09-14T17:30:24.129969123+01:00","Action":"pass","Package":"github.com/JohnnyPBelo/relayloom/native/profiledb","Test":"TestInitializationMarkerCannotBeDeletedThroughTransaction","Elapsed":0.12}
{"Time":"2026-09-14T17:30:24.129978951+01:00","Action":"run","Package":"github.com/JohnnyPBelo/relayloom/native/profiledb","Test":"TestProfileDatabaseInteropFixture"}
{"Time":"2026-09-14T17:30:24.129981727+01:00","Action":"output","Package":"github.com/JohnnyPBelo/relayloom/native/profiledb","Test":"TestProfileDatabaseInteropFixture","Output":"=== RUN   TestProfileDatabaseInteropFixture\n"}
{"Time":"2026-09-14T17:30:24.129990112+01:00","Action":"output","Package":"github.com/JohnnyPBelo/relayloom/native/profiledb","Test":"TestProfileDatabaseInteropFixture","Output":"    worker_test.go:18: driven by the Node/Go private-state process test\n"}
{"Time":"2026-09-14T17:30:24.130016452+01:00","Action":"output","Package":"github.com/JohnnyPBelo/relayloom/native/profiledb","Test":"TestProfileDatabaseInteropFixture","Output":"--- SKIP: TestProfileDatabaseInteropFixture (0.00s)\n"}
{"Time":"2026-09-14T17:30:24.130019477+01:00","Action":"skip","Package":"github.com/JohnnyPBelo/relayloom/native/profiledb","Test":"TestProfileDatabaseInteropFixture","Elapsed":0}
{"Time":"2026-09-14T17:30:24.130048592+01:00","Action":"output","Package":"github.com/JohnnyPBelo/relayloom/native/profiledb","Output":"PASS\n"}
{"Time":"2026-09-14T17:30:25.13386052+01:00","Action":"output","Package":"github.com/JohnnyPBelo/relayloom/native/profiledb","Output":"ok  \tgithub.com/JohnnyPBelo/relayloom/native/profiledb\t1.781s\n"}
{"Time":"2026-09-14T17:30:25.133916895+01:00","Action":"pass","Package":"github.com/JohnnyPBelo/relayloom/native/profiledb","Elapsed":1.7810000000000001}
{"Time":"2026-09-14T17:30:25.473250024+01:00","Action":"start","Package":"github.com/JohnnyPBelo/relayloom/native/sqlitedriver"}
{"Time":"2026-09-14T17:30:25.481663097+01:00","Action":"run","Package":"github.com/JohnnyPBelo/relayloom/native/sqlitedriver","Test":"TestSelectedDriverPreservesTransactionalBlobAndNoExtensionLoading"}
{"Time":"2026-09-14T17:30:25.481701349+01:00","Action":"output","Package":"github.com/JohnnyPBelo/relayloom/native/sqlitedriver","Test":"TestSelectedDriverPreservesTransactionalBlobAndNoExtensionLoading","Output":"=== RUN   TestSelectedDriverPreservesTransactionalBlobAndNoExtensionLoading\n"}
{"Time":"2026-09-14T17:30:25.500182718+01:00","Action":"output","Package":"github.com/JohnnyPBelo/relayloom/native/sqlitedriver","Test":"TestSelectedDriverPreservesTransactionalBlobAndNoExtensionLoading","Output":"--- PASS: TestSelectedDriverPreservesTransactionalBlobAndNoExtensionLoading (0.02s)\n"}
{"Time":"2026-09-14T17:30:25.500209228+01:00","Action":"pass","Package":"github.com/JohnnyPBelo/relayloom/native/sqlitedriver","Test":"TestSelectedDriverPreservesTransactionalBlobAndNoExtensionLoading","Elapsed":0.02}
{"Time":"2026-09-14T17:30:25.500216532+01:00","Action":"output","Package":"github.com/JohnnyPBelo/relayloom/native/sqlitedriver","Output":"PASS\n"}
{"Time":"2026-09-14T17:30:26.502616382+01:00","Action":"output","Package":"github.com/JohnnyPBelo/relayloom/native/sqlitedriver","Output":"ok  \tgithub.com/JohnnyPBelo/relayloom/native/sqlitedriver\t1.029s\n"}
{"Time":"2026-09-14T17:30:26.502683738+01:00","Action":"pass","Package":"github.com/JohnnyPBelo/relayloom/native/sqlitedriver","Elapsed":1.029}
{"Time":"2026-09-14T17:30:37.885602275+01:00","Action":"output","Package":"github.com/JohnnyPBelo/relayloom/native/app","Test":"TestGroupControlResponsesRespectProducerQuota","Output":"--- PASS: TestGroupControlResponsesRespectProducerQuota (28.55s)\n"}
{"Time":"2026-09-14T17:30:37.885657799+01:00","Action":"pass","Package":"github.com/JohnnyPBelo/relayloom/native/app","Test":"TestGroupControlResponsesRespectProducerQuota","Elapsed":28.55}
{"Time":"2026-09-14T17:30:37.885667286+01:00","Action":"run","Package":"github.com/JohnnyPBelo/relayloom/native/app","Test":"TestGroupControlUnknownGroupCannotEnrol"}
{"Time":"2026-09-14T17:30:37.885669771+01:00","Action":"output","Package":"github.com/JohnnyPBelo/relayloom/native/app","Test":"TestGroupControlUnknownGroupCannotEnrol","Output":"=== RUN   TestGroupControlUnknownGroupCannotEnrol\n"}
{"Time":"2026-09-14T17:30:38.953637009+01:00","Action":"output","Package":"github.com/JohnnyPBelo/relayloom/native/app","Test":"TestGroupControlUnknownGroupCannotEnrol","Output":"--- PASS: TestGroupControlUnknownGroupCannotEnrol (1.07s)\n"}
{"Time":"2026-09-14T17:30:38.953683005+01:00","Action":"pass","Package":"github.com/JohnnyPBelo/relayloom/native/app","Test":"TestGroupControlUnknownGroupCannotEnrol","Elapsed":1.07}
{"Time":"2026-09-14T17:30:38.953694536+01:00","Action":"run","Package":"github.com/JohnnyPBelo/relayloom/native/app","Test":"TestGroupControlFailedIndexWritesConsumeOutputBudget"}
{"Time":"2026-09-14T17:30:38.953698163+01:00","Action":"output","Package":"github.com/JohnnyPBelo/relayloom/native/app","Test":"TestGroupControlFailedIndexWritesConsumeOutputBudget","Output":"=== RUN   TestGroupControlFailedIndexWritesConsumeOutputBudget\n"}
{"Time":"2026-09-14T17:30:45.490709479+01:00","Action":"output","Package":"github.com/JohnnyPBelo/relayloom/native/app","Test":"TestGroupControlFailedIndexWritesConsumeOutputBudget","Output":"--- PASS: TestGroupControlFailedIndexWritesConsumeOutputBudget (6.54s)\n"}
{"Time":"2026-09-14T17:30:45.490753282+01:00","Action":"pass","Package":"github.com/JohnnyPBelo/relayloom/native/app","Test":"TestGroupControlFailedIndexWritesConsumeOutputBudget","Elapsed":6.54}
{"Time":"2026-09-14T17:30:45.490962404+01:00","Action":"run","Package":"github.com/JohnnyPBelo/relayloom/native/app","Test":"TestGroupControlInvalidSnapshotStillCommitsVerifiedRemovalHeader"}
{"Time":"2026-09-14T17:30:45.490967704+01:00","Action":"output","Package":"github.com/JohnnyPBelo/relayloom/native/app","Test":"TestGroupControlInvalidSnapshotStillCommitsVerifiedRemovalHeader","Output":"=== RUN   TestGroupControlInvalidSnapshotStillCommitsVerifiedRemovalHeader\n"}
{"Time":"2026-09-14T17:30:50.043894226+01:00","Action":"output","Package":"github.com/JohnnyPBelo/relayloom/native/app","Test":"TestGroupControlInvalidSnapshotStillCommitsVerifiedRemovalHeader","Output":"--- PASS: TestGroupControlInvalidSnapshotStillCommitsVerifiedRemovalHeader (4.55s)\n"}
{"Time":"2026-09-14T17:30:50.043964979+01:00","Action":"pass","Package":"github.com/JohnnyPBelo/relayloom/native/app","Test":"TestGroupControlInvalidSnapshotStillCommitsVerifiedRemovalHeader","Elapsed":4.55}
{"Time":"2026-09-14T17:30:50.04397628+01:00","Action":"run","Package":"github.com/JohnnyPBelo/relayloom/native/app","Test":"TestRequestTrackingBoundSurvivesCapacityErrors"}
{"Time":"2026-09-14T17:30:50.043980147+01:00","Action":"output","Package":"github.com/JohnnyPBelo/relayloom/native/app","Test":"TestRequestTrackingBoundSurvivesCapacityErrors","Output":"=== RUN   TestRequestTrackingBoundSurvivesCapacityErrors\n"}
{"Time":"2026-09-14T17:30:51.849878043+01:00","Action":"output","Package":"github.com/JohnnyPBelo/relayloom/native/app","Test":"TestRequestTrackingBoundSurvivesCapacityErrors","Output":"--- PASS: TestRequestTrackingBoundSurvivesCapacityErrors (1.81s)\n"}
{"Time":"2026-09-14T17:30:51.849920863+01:00","Action":"pass","Package":"github.com/JohnnyPBelo/relayloom/native/app","Test":"TestRequestTrackingBoundSurvivesCapacityErrors","Elapsed":1.81}
{"Time":"2026-09-14T17:30:51.849933466+01:00","Action":"run","Package":"github.com/JohnnyPBelo/relayloom/native/app","Test":"TestIncomingDeletionJournalsBeforeOriginalEvictionAndRestart"}
{"Time":"2026-09-14T17:30:51.849935751+01:00","Action":"output","Package":"github.com/JohnnyPBelo/relayloom/native/app","Test":"TestIncomingDeletionJournalsBeforeOriginalEvictionAndRestart","Output":"=== RUN   TestIncomingDeletionJournalsBeforeOriginalEvictionAndRestart\n"}
{"Time":"2026-09-14T17:30:53.405756867+01:00","Action":"output","Package":"github.com/JohnnyPBelo/relayloom/native/app","Test":"TestIncomingDeletionJournalsBeforeOriginalEvictionAndRestart","Output":"--- PASS: TestIncomingDeletionJournalsBeforeOriginalEvictionAndRestart (1.56s)\n"}
{"Time":"2026-09-14T17:30:53.405800218+01:00","Action":"pass","Package":"github.com/JohnnyPBelo/relayloom/native/app","Test":"TestIncomingDeletionJournalsBeforeOriginalEvictionAndRestart","Elapsed":1.56}
{"Time":"2026-09-14T17:30:53.405810347+01:00","Action":"run","Package":"github.com/JohnnyPBelo/relayloom/native/app","Test":"TestIncomingMutationRequiresAuthorAndMatchingReaderScope"}
{"Time":"2026-09-14T17:30:53.405812842+01:00","Action":"output","Package":"github.com/JohnnyPBelo/relayloom/native/app","Test":"TestIncomingMutationRequiresAuthorAndMatchingReaderScope","Output":"=== RUN   TestIncomingMutationRequiresAuthorAndMatchingReaderScope\n"}
{"Time":"2026-09-14T17:30:54.197015455+01:00","Action":"output","Package":"github.com/JohnnyPBelo/relayloom/native/app","Test":"TestIncomingMutationRequiresAuthorAndMatchingReaderScope","Output":"--- PASS: TestIncomingMutationRequiresAuthorAndMatchingReaderScope (0.79s)\n"}
{"Time":"2026-09-14T17:30:54.197057083+01:00","Action":"pass","Package":"github.com/JohnnyPBelo/relayloom/native/app","Test":"TestIncomingMutationRequiresAuthorAndMatchingReaderScope","Elapsed":0.79}
{"Time":"2026-09-14T17:30:54.197067232+01:00","Action":"run","Package":"github.com/JohnnyPBelo/relayloom/native/app","Test":"TestLockedReceivedDeleteIsDeferredUntilAuthenticatedMaterialization"}
{"Time":"2026-09-14T17:30:54.197070168+01:00","Action":"output","Package":"github.com/JohnnyPBelo/relayloom/native/app","Test":"TestLockedReceivedDeleteIsDeferredUntilAuthenticatedMaterialization","Output":"=== RUN   TestLockedReceivedDeleteIsDeferredUntilAuthenticatedMaterialization\n"}
{"Time":"2026-09-14T17:30:55.439649983+01:00","Action":"output","Package":"github.com/JohnnyPBelo/relayloom/native/app","Test":"TestLockedReceivedDeleteIsDeferredUntilAuthenticatedMaterialization","Output":"--- PASS: TestLockedReceivedDeleteIsDeferredUntilAuthenticatedMaterialization (1.24s)\n"}
{"Time":"2026-09-14T17:30:55.43969105+01:00","Action":"pass","Package":"github.com/JohnnyPBelo/relayloom/native/app","Test":"TestLockedReceivedDeleteIsDeferredUntilAuthenticatedMaterialization","Elapsed":1.24}
{"Time":"2026-09-14T17:30:55.439712029+01:00","Action":"run","Package":"github.com/JohnnyPBelo/relayloom/native/app","Test":"TestHistoryPagesBoundCountAndBytesAndKeepIDCursorStable"}
{"Time":"2026-09-14T17:30:55.439715325+01:00","Action":"output","Package":"github.com/JohnnyPBelo/relayloom/native/app","Test":"TestHistoryPagesBoundCountAndBytesAndKeepIDCursorStable","Output":"=== RUN   TestHistoryPagesBoundCountAndBytesAndKeepIDCursorStable\n"}
{"Time":"2026-09-14T17:30:58.687205237+01:00","Action":"output","Package":"github.com/JohnnyPBelo/relayloom/native/app","Test":"TestHistoryPagesBoundCountAndBytesAndKeepIDCursorStable","Output":"--- PASS: TestHistoryPagesBoundCountAndBytesAndKeepIDCursorStable (3.25s)\n"}
{"Time":"2026-09-14T17:30:58.687257726+01:00","Action":"pass","Package":"github.com/JohnnyPBelo/relayloom/native/app","Test":"TestHistoryPagesBoundCountAndBytesAndKeepIDCursorStable","Elapsed":3.25}
{"Time":"2026-09-14T17:30:58.687265851+01:00","Action":"run","Package":"github.com/JohnnyPBelo/relayloom/native/app","Test":"TestLargeEncryptedStoreServesBoundedHistoryAndExactOnDemandAttachment"}
{"Time":"2026-09-14T17:30:58.687268536+01:00","Action":"output","Package":"github.com/JohnnyPBelo/relayloom/native/app","Test":"TestLargeEncryptedStoreServesBoundedHistoryAndExactOnDemandAttachment","Output":"=== RUN   TestLargeEncryptedStoreServesBoundedHistoryAndExactOnDemandAttachment\n"}
{"Time":"2026-09-14T17:31:28.400648225+01:00","Action":"output","Package":"github.com/JohnnyPBelo/relayloom/native/app","Test":"TestLargeEncryptedStoreServesBoundedHistoryAndExactOnDemandAttachment","Output":"    history_test.go:368: encrypted store=37595070 bytes; authorized aggregate payload=27963260 bytes; state=68581 bytes\n"}
{"Time":"2026-09-14T17:31:28.641311847+01:00","Action":"output","Package":"github.com/JohnnyPBelo/relayloom/native/app","Test":"TestLargeEncryptedStoreServesBoundedHistoryAndExactOnDemandAttachment","Output":"    history_test.go:373: initial state=5.769143071s; repeated state with verified summary cache=240.569485ms\n"}
{"Time":"2026-09-14T17:31:37.224646041+01:00","Action":"output","Package":"github.com/JohnnyPBelo/relayloom/native/app","Test":"TestLargeEncryptedStoreServesBoundedHistoryAndExactOnDemandAttachment","Output":"--- PASS: TestLargeEncryptedStoreServesBoundedHistoryAndExactOnDemandAttachment (38.54s)\n"}
{"Time":"2026-09-14T17:31:37.224689713+01:00","Action":"pass","Package":"github.com/JohnnyPBelo/relayloom/native/app","Test":"TestLargeEncryptedStoreServesBoundedHistoryAndExactOnDemandAttachment","Elapsed":38.54}
{"Time":"2026-09-14T17:31:37.224699771+01:00","Action":"run","Package":"github.com/JohnnyPBelo/relayloom/native/app","Test":"TestAttachmentEndpointRejectsUnauthorizedForgedAndCorruptedObjects"}
{"Time":"2026-09-14T17:31:37.224702116+01:00","Action":"output","Package":"github.com/JohnnyPBelo/relayloom/native/app","Test":"TestAttachmentEndpointRejectsUnauthorizedForgedAndCorruptedObjects","Output":"=== RUN   TestAttachmentEndpointRejectsUnauthorizedForgedAndCorruptedObjects\n"}
{"Time":"2026-09-14T17:31:38.010887883+01:00","Action":"output","Package":"github.com/JohnnyPBelo/relayloom/native/app","Test":"TestAttachmentEndpointRejectsUnauthorizedForgedAndCorruptedObjects","Output":"--- PASS: TestAttachmentEndpointRejectsUnauthorizedForgedAndCorruptedObjects (0.79s)\n"}
{"Time":"2026-09-14T17:31:38.010931275+01:00","Action":"pass","Package":"github.com/JohnnyPBelo/relayloom/native/app","Test":"TestAttachmentEndpointRejectsUnauthorizedForgedAndCorruptedObjects","Elapsed":0.79}
{"Time":"2026-09-14T17:31:38.010941243+01:00","Action":"run","Package":"github.com/JohnnyPBelo/relayloom/native/app","Test":"TestSummaryProjectionDropsNestedExtensionsAndRejectsInvalidTypedFields"}
{"Time":"2026-09-14T17:31:38.010943878+01:00","Action":"output","Package":"github.com/JohnnyPBelo/relayloom/native/app","Test":"TestSummaryProjectionDropsNestedExtensionsAndRejectsInvalidTypedFields","Output":"=== RUN   TestSummaryProjectionDropsNestedExtensionsAndRejectsInvalidTypedFields\n"}
{"Time":"2026-09-14T17:31:42.740031742+01:00","Action":"output","Package":"github.com/JohnnyPBelo/relayloom/native/app","Test":"TestSummaryProjectionDropsNestedExtensionsAndRejectsInvalidTypedFields","Output":"--- PASS: TestSummaryProjectionDropsNestedExtensionsAndRejectsInvalidTypedFields (4.73s)\n"}
{"Time":"2026-09-14T17:31:42.740079912+01:00","Action":"pass","Package":"github.com/JohnnyPBelo/relayloom/native/app","Test":"TestSummaryProjectionDropsNestedExtensionsAndRejectsInvalidTypedFields","Elapsed":4.73}
{"Time":"2026-09-14T17:31:42.740092335+01:00","Action":"run","Package":"github.com/JohnnyPBelo/relayloom/native/app","Test":"TestSummaryCacheReusesMetadataButInvalidatesTamperEvictionAndLock"}
{"Time":"2026-09-14T17:31:42.740099409+01:00","Action":"output","Package":"github.com/JohnnyPBelo/relayloom/native/app","Test":"TestSummaryCacheReusesMetadataButInvalidatesTamperEvictionAndLock","Output":"=== RUN   TestSummaryCacheReusesMetadataButInvalidatesTamperEvictionAndLock\n"}
{"Time":"2026-09-14T17:31:44.001719601+01:00","Action":"output","Package":"github.com/JohnnyPBelo/relayloom/native/app","Test":"TestSummaryCacheReusesMetadataButInvalidatesTamperEvictionAndLock","Output":"--- PASS: TestSummaryCacheReusesMetadataButInvalidatesTamperEvictionAndLock (1.26s)\n"}
{"Time":"2026-09-14T17:31:44.001761038+01:00","Action":"pass","Package":"github.com/JohnnyPBelo/relayloom/native/app","Test":"TestSummaryCacheReusesMetadataButInvalidatesTamperEvictionAndLock","Elapsed":1.26}
{"Time":"2026-09-14T17:31:44.001779994+01:00","Action":"run","Package":"github.com/JohnnyPBelo/relayloom/native/app","Test":"TestSummaryCacheCountAndByteBudgets"}
{"Time":"2026-09-14T17:31:44.001788811+01:00","Action":"output","Package":"github.com/JohnnyPBelo/relayloom/native/app","Test":"TestSummaryCacheCountAndByteBudgets","Output":"=== RUN   TestSummaryCacheCountAndByteBudgets\n"}
{"Time":"2026-09-14T17:31:46.781669539+01:00","Action":"output","Package":"github.com/JohnnyPBelo/relayloom/native/app","Test":"TestSummaryCacheCountAndByteBudgets","Output":"--- PASS: TestSummaryCacheCountAndByteBudgets (2.78s)\n"}
{"Time":"2026-09-14T17:31:46.781725424+01:00","Action":"pass","Package":"github.com/JohnnyPBelo/relayloom/native/app","Test":"TestSummaryCacheCountAndByteBudgets","Elapsed":2.78}
{"Time":"2026-09-14T17:31:46.781734952+01:00","Action":"run","Package":"github.com/JohnnyPBelo/relayloom/native/app","Test":"TestOutboxOfflineRestartRelayDisabledAndRecipientTCP"}
{"Time":"2026-09-14T17:31:46.781737116+01:00","Action":"output","Package":"github.com/JohnnyPBelo/relayloom/native/app","Test":"TestOutboxOfflineRestartRelayDisabledAndRecipientTCP","Output":"=== RUN   TestOutboxOfflineRestartRelayDisabledAndRecipientTCP\n"}
{"Time":"2026-09-14T17:31:52.190501632+01:00","Action":"output","Package":"github.com/JohnnyPBelo/relayloom/native/app","Test":"TestOutboxOfflineRestartRelayDisabledAndRecipientTCP","Output":"--- PASS: TestOutboxOfflineRestartRelayDisabledAndRecipientTCP (5.41s)\n"}
{"Time":"2026-09-14T17:31:52.190558518+01:00","Action":"pass","Package":"github.com/JohnnyPBelo/relayloom/native/app","Test":"TestOutboxOfflineRestartRelayDisabledAndRecipientTCP","Elapsed":5.41}
{"Time":"2026-09-14T17:31:52.190578896+01:00","Action":"run","Package":"github.com/JohnnyPBelo/relayloom/native/app","Test":"TestOutboxIdempotencyAndValidation"}
{"Time":"2026-09-14T17:31:52.190583685+01:00","Action":"output","Package":"github.com/JohnnyPBelo/relayloom/native/app","Test":"TestOutboxIdempotencyAndValidation","Output":"=== RUN   TestOutboxIdempotencyAndValidation\n"}
{"Time":"2026-09-14T17:31:52.957659866+01:00","Action":"output","Package":"github.com/JohnnyPBelo/relayloom/native/app","Test":"TestOutboxIdempotencyAndValidation","Output":"--- PASS: TestOutboxIdempotencyAndValidation (0.77s)\n"}
{"Time":"2026-09-14T17:31:52.957705461+01:00","Action":"pass","Package":"github.com/JohnnyPBelo/relayloom/native/app","Test":"TestOutboxIdempotencyAndValidation","Elapsed":0.77}
{"Time":"2026-09-14T17:31:52.957716492+01:00","Action":"run","Package":"github.com/JohnnyPBelo/relayloom/native/app","Test":"TestOutboxPreparingRecoveryMissingCorruptAndExpired"}
{"Time":"2026-09-14T17:31:52.957719919+01:00","Action":"output","Package":"github.com/JohnnyPBelo/relayloom/native/app","Test":"TestOutboxPreparingRecoveryMissingCorruptAndExpired","Output":"=== RUN   TestOutboxPreparingRecoveryMissingCorruptAndExpired\n"}
{"Time":"2026-09-14T17:31:52.957725689+01:00","Action":"run","Package":"github.com/JohnnyPBelo/relayloom/native/app","Test":"TestOutboxPreparingRecoveryMissingCorruptAndExpired/ready-boundary"}
{"Time":"2026-09-14T17:31:52.957729376+01:00","Action":"output","Package":"github.com/JohnnyPBelo/relayloom/native/app","Test":"TestOutboxPreparingRecoveryMissingCorruptAndExpired/ready-boundary","Output":"=== RUN   TestOutboxPreparingRecoveryMissingCorruptAndExpired/ready-boundary\n"}
{"Time":"2026-09-14T17:31:54.354456951+01:00","Action":"output","Package":"github.com/JohnnyPBelo/relayloom/native/app","Test":"TestOutboxPreparingRecoveryMissingCorruptAndExpired/ready-boundary","Output":"--- PASS: TestOutboxPreparingRecoveryMissingCorruptAndExpired/ready-boundary (1.40s)\n"}
{"Time":"2026-09-14T17:31:54.354507956+01:00","Action":"pass","Package":"github.com/JohnnyPBelo/relayloom/native/app","Test":"TestOutboxPreparingRecoveryMissingCorruptAndExpired/ready-boundary","Elapsed":1.4}
{"Time":"2026-09-14T17:31:54.354521181+01:00","Action":"run","Package":"github.com/JohnnyPBelo/relayloom/native/app","Test":"TestOutboxPreparingRecoveryMissingCorruptAndExpired/missing-boundary"}
{"Time":"2026-09-14T17:31:54.354532973+01:00","Action":"output","Package":"github.com/JohnnyPBelo/relayloom/native/app","Test":"TestOutboxPreparingRecoveryMissingCorruptAndExpired/missing-boundary","Output":"=== RUN   TestOutboxPreparingRecoveryMissingCorruptAndExpired/missing-boundary\n"}
{"Time":"2026-09-14T17:31:55.689881523+01:00","Action":"output","Package":"github.com/JohnnyPBelo/relayloom/native/app","Test":"TestOutboxPreparingRecoveryMissingCorruptAndExpired/missing-boundary","Output":"--- PASS: TestOutboxPreparingRecoveryMissingCorruptAndExpired/missing-boundary (1.34s)\n"}
{"Time":"2026-09-14T17:31:55.689927308+01:00","Action":"pass","Package":"github.com/JohnnyPBelo/relayloom/native/app","Test":"TestOutboxPreparingRecoveryMissingCorruptAndExpired/missing-boundary","Elapsed":1.34}
{"Time":"2026-09-14T17:31:55.689937818+01:00","Action":"run","Package":"github.com/JohnnyPBelo/relayloom/native/app","Test":"TestOutboxPreparingRecoveryMissingCorruptAndExpired/corrupt"}
{"Time":"2026-09-14T17:31:55.689940583+01:00","Action":"output","Package":"github.com/JohnnyPBelo/relayloom/native/app","Test":"TestOutboxPreparingRecoveryMissingCorruptAndExpired/corrupt","Output":"=== RUN   TestOutboxPreparingRecoveryMissingCorruptAndExpired/corrupt\n"}
{"Time":"2026-09-14T17:31:57.056342873+01:00","Action":"output","Package":"github.com/JohnnyPBelo/relayloom/native/app","Test":"TestOutboxPreparingRecoveryMissingCorruptAndExpired/corrupt","Output":"--- PASS: TestOutboxPreparingRecoveryMissingCorruptAndExpired/corrupt (1.37s)\n"}
{"Time":"2026-09-14T17:31:57.056383599+01:00","Action":"pass","Package":"github.com/JohnnyPBelo/relayloom/native/app","Test":"TestOutboxPreparingRecoveryMissingCorruptAndExpired/corrupt","Elapsed":1.37}
{"Time":"2026-09-14T17:31:57.056393258+01:00","Action":"run","Package":"github.com/JohnnyPBelo/relayloom/native/app","Test":"TestOutboxPreparingRecoveryMissingCorruptAndExpired/expired"}
{"Time":"2026-09-14T17:31:57.056396133+01:00","Action":"output","Package":"github.com/JohnnyPBelo/relayloom/native/app","Test":"TestOutboxPreparingRecoveryMissingCorruptAndExpired/expired","Output":"=== RUN   TestOutboxPreparingRecoveryMissingCorruptAndExpired/expired\n"}
{"Time":"2026-09-14T17:31:59.43142114+01:00","Action":"output","Package":"github.com/JohnnyPBelo/relayloom/native/app","Test":"TestOutboxPreparingRecoveryMissingCorruptAndExpired/expired","Output":"--- PASS: TestOutboxPreparingRecoveryMissingCorruptAndExpired/expired (2.37s)\n"}
{"Time":"2026-09-14T17:31:59.431466174+01:00","Action":"pass","Package":"github.com/JohnnyPBelo/relayloom/native/app","Test":"TestOutboxPreparingRecoveryMissingCorruptAndExpired/expired","Elapsed":2.37}
{"Time":"2026-09-14T17:31:59.431477215+01:00","Action":"output","Package":"github.com/JohnnyPBelo/relayloom/native/app","Test":"TestOutboxPreparingRecoveryMissingCorruptAndExpired","Output":"--- PASS: TestOutboxPreparingRecoveryMissingCorruptAndExpired (6.47s)\n"}
{"Time":"2026-09-14T17:31:59.43148018+01:00","Action":"pass","Package":"github.com/JohnnyPBelo/relayloom/native/app","Test":"TestOutboxPreparingRecoveryMissingCorruptAndExpired","Elapsed":6.47}
{"Time":"2026-09-14T17:31:59.431495229+01:00","Action":"run","Package":"github.com/JohnnyPBelo/relayloom/native/app","Test":"TestOutboxStorageAndJournalFailureBoundaries"}
{"Time":"2026-09-14T17:31:59.431498325+01:00","Action":"output","Package":"github.com/JohnnyPBelo/relayloom/native/app","Test":"TestOutboxStorageAndJournalFailureBoundaries","Output":"=== RUN   TestOutboxStorageAndJournalFailureBoundaries\n"}
{"Time":"2026-09-14T17:32:02.311402269+01:00","Action":"output","Package":"github.com/JohnnyPBelo/relayloom/native/app","Test":"TestOutboxStorageAndJournalFailureBoundaries","Output":"--- PASS: TestOutboxStorageAndJournalFailureBoundaries (2.88s)\n"}
{"Time":"2026-09-14T17:32:02.311449598+01:00","Action":"pass","Package":"github.com/JohnnyPBelo/relayloom/native/app","Test":"TestOutboxStorageAndJournalFailureBoundaries","Elapsed":2.88}
{"Time":"2026-09-14T17:32:02.311459236+01:00","Action":"run","Package":"github.com/JohnnyPBelo/relayloom/native/app","Test":"TestOutboxConfirmationsPerMemberACLReplayAndHistory"}
{"Time":"2026-09-14T17:32:02.311473092+01:00","Action":"output","Package":"github.com/JohnnyPBelo/relayloom/native/app","Test":"TestOutboxConfirmationsPerMemberACLReplayAndHistory","Output":"=== RUN   TestOutboxConfirmationsPerMemberACLReplayAndHistory\n"}
{"Time":"2026-09-14T17:32:07.587175309+01:00","Action":"output","Package":"github.com/JohnnyPBelo/relayloom/native/app","Test":"TestOutboxConfirmationsPerMemberACLReplayAndHistory","Output":"--- PASS: TestOutboxConfirmationsPerMemberACLReplayAndHistory (5.28s)\n"}
{"Time":"2026-09-14T17:32:07.587221566+01:00","Action":"pass","Package":"github.com/JohnnyPBelo/relayloom/native/app","Test":"TestOutboxConfirmationsPerMemberACLReplayAndHistory","Elapsed":5.28}
{"Time":"2026-09-14T17:32:07.587231214+01:00","Action":"run","Package":"github.com/JohnnyPBelo/relayloom/native/app","Test":"TestOutboxBlockedGroupViewAndManualPin"}
{"Time":"2026-09-14T17:32:07.5872345+01:00","Action":"output","Package":"github.com/JohnnyPBelo/relayloom/native/app","Test":"TestOutboxBlockedGroupViewAndManualPin","Output":"=== RUN   TestOutboxBlockedGroupViewAndManualPin\n"}
{"Time":"2026-09-14T17:32:09.541796715+01:00","Action":"output","Package":"github.com/JohnnyPBelo/relayloom/native/app","Test":"TestOutboxBlockedGroupViewAndManualPin","Output":"--- PASS: TestOutboxBlockedGroupViewAndManualPin (1.95s)\n"}
{"Time":"2026-09-14T17:32:09.541838142+01:00","Action":"pass","Package":"github.com/JohnnyPBelo/relayloom/native/app","Test":"TestOutboxBlockedGroupViewAndManualPin","Elapsed":1.95}
{"Time":"2026-09-14T17:32:09.541848081+01:00","Action":"run","Package":"github.com/JohnnyPBelo/relayloom/native/app","Test":"TestOutboxAttemptFailureAndRetryPolicy"}
{"Time":"2026-09-14T17:32:09.541853561+01:00","Action":"output","Package":"github.com/JohnnyPBelo/relayloom/native/app","Test":"TestOutboxAttemptFailureAndRetryPolicy","Output":"=== RUN   TestOutboxAttemptFailureAndRetryPolicy\n"}
{"Time":"2026-09-14T17:32:10.388182526+01:00","Action":"output","Package":"github.com/JohnnyPBelo/relayloom/native/app","Test":"TestOutboxAttemptFailureAndRetryPolicy","Output":"--- PASS: TestOutboxAttemptFailureAndRetryPolicy (0.85s)\n"}
{"Time":"2026-09-14T17:32:10.388230957+01:00","Action":"pass","Package":"github.com/JohnnyPBelo/relayloom/native/app","Test":"TestOutboxAttemptFailureAndRetryPolicy","Elapsed":0.85}
{"Time":"2026-09-14T17:32:10.388239393+01:00","Action":"run","Package":"github.com/JohnnyPBelo/relayloom/native/app","Test":"TestOutboxAutomaticDeliveryBoundAndEvictionReissue"}
{"Time":"2026-09-14T17:32:10.388242008+01:00","Action":"output","Package":"github.com/JohnnyPBelo/relayloom/native/app","Test":"TestOutboxAutomaticDeliveryBoundAndEvictionReissue","Output":"=== RUN   TestOutboxAutomaticDeliveryBoundAndEvictionReissue\n"}
{"Time":"2026-09-14T17:32:13.118126703+01:00","Action":"output","Package":"github.com/JohnnyPBelo/relayloom/native/app","Test":"TestOutboxAutomaticDeliveryBoundAndEvictionReissue","Output":"--- PASS: TestOutboxAutomaticDeliveryBoundAndEvictionReissue (2.73s)\n"}
{"Time":"2026-09-14T17:32:13.118175134+01:00","Action":"pass","Package":"github.com/JohnnyPBelo/relayloom/native/app","Test":"TestOutboxAutomaticDeliveryBoundAndEvictionReissue","Elapsed":2.73}
{"Time":"2026-09-14T17:32:13.118186135+01:00","Action":"run","Package":"github.com/JohnnyPBelo/relayloom/native/app","Test":"TestOutboxRestoredSchemaBoundsAndPendingAdmission"}
{"Time":"2026-09-14T17:32:13.118189371+01:00","Action":"output","Package":"github.com/JohnnyPBelo/relayloom/native/app","Test":"TestOutboxRestoredSchemaBoundsAndPendingAdmission","Output":"=== RUN   TestOutboxRestoredSchemaBoundsAndPendingAdmission\n"}
{"Time":"2026-09-14T17:32:19.127384025+01:00","Action":"output","Package":"github.com/JohnnyPBelo/relayloom/native/app","Test":"TestOutboxRestoredSchemaBoundsAndPendingAdmission","Output":"--- PASS: TestOutboxRestoredSchemaBoundsAndPendingAdmission (6.01s)\n"}
{"Time":"2026-09-14T17:32:19.127425082+01:00","Action":"pass","Package":"github.com/JohnnyPBelo/relayloom/native/app","Test":"TestOutboxRestoredSchemaBoundsAndPendingAdmission","Elapsed":6.01}
{"Time":"2026-09-14T17:32:19.127441984+01:00","Action":"run","Package":"github.com/JohnnyPBelo/relayloom/native/app","Test":"TestOutboxTerminalMetadataEvictsOldestOnly"}
{"Time":"2026-09-14T17:32:19.127448045+01:00","Action":"output","Package":"github.com/JohnnyPBelo/relayloom/native/app","Test":"TestOutboxTerminalMetadataEvictsOldestOnly","Output":"=== RUN   TestOutboxTerminalMetadataEvictsOldestOnly\n"}
{"Time":"2026-09-14T17:32:20.712816668+01:00","Action":"output","Package":"github.com/JohnnyPBelo/relayloom/native/app","Test":"TestOutboxTerminalMetadataEvictsOldestOnly","Output":"--- PASS: TestOutboxTerminalMetadataEvictsOldestOnly (1.59s)\n"}
{"Time":"2026-09-14T17:32:20.712859719+01:00","Action":"pass","Package":"github.com/JohnnyPBelo/relayloom/native/app","Test":"TestOutboxTerminalMetadataEvictsOldestOnly","Elapsed":1.59}
{"Time":"2026-09-14T17:32:20.712869607+01:00","Action":"run","Package":"github.com/JohnnyPBelo/relayloom/native/app","Test":"TestOutboxReadSurvivesAdmissionEvictingOriginal"}
{"Time":"2026-09-14T17:32:20.712872362+01:00","Action":"output","Package":"github.com/JohnnyPBelo/relayloom/native/app","Test":"TestOutboxReadSurvivesAdmissionEvictingOriginal","Output":"=== RUN   TestOutboxReadSurvivesAdmissionEvictingOriginal\n"}
{"Time":"2026-09-14T17:32:21.609205476+01:00","Action":"output","Package":"github.com/JohnnyPBelo/relayloom/native/app","Test":"TestOutboxReadSurvivesAdmissionEvictingOriginal","Output":"--- PASS: TestOutboxReadSurvivesAdmissionEvictingOriginal (0.90s)\n"}
{"Time":"2026-09-14T17:32:21.609245542+01:00","Action":"pass","Package":"github.com/JohnnyPBelo/relayloom/native/app","Test":"TestOutboxReadSurvivesAdmissionEvictingOriginal","Elapsed":0.9}
{"Time":"2026-09-14T17:32:21.609255661+01:00","Action":"run","Package":"github.com/JohnnyPBelo/relayloom/native/app","Test":"TestOutboxByteReserveRejectsAdmissionWithoutEviction"}
{"Time":"2026-09-14T17:32:21.609257815+01:00","Action":"output","Package":"github.com/JohnnyPBelo/relayloom/native/app","Test":"TestOutboxByteReserveRejectsAdmissionWithoutEviction","Output":"=== RUN   TestOutboxByteReserveRejectsAdmissionWithoutEviction\n"}
{"Time":"2026-09-14T17:33:18.036605546+01:00","Action":"output","Package":"github.com/JohnnyPBelo/relayloom/native/app","Test":"TestOutboxByteReserveRejectsAdmissionWithoutEviction","Output":"--- PASS: TestOutboxByteReserveRejectsAdmissionWithoutEviction (56.43s)\n"}
{"Time":"2026-09-14T17:33:18.03898132+01:00","Action":"pass","Package":"github.com/JohnnyPBelo/relayloom/native/app","Test":"TestOutboxByteReserveRejectsAdmissionWithoutEviction","Elapsed":56.43}
{"Time":"2026-09-14T17:33:18.039008511+01:00","Action":"run","Package":"github.com/JohnnyPBelo/relayloom/native/app","Test":"TestOutboxFlushBoundsPriorityAndLockedSuppression"}
{"Time":"2026-09-14T17:33:18.039012398+01:00","Action":"output","Package":"github.com/JohnnyPBelo/relayloom/native/app","Test":"TestOutboxFlushBoundsPriorityAndLockedSuppression","Output":"=== RUN   TestOutboxFlushBoundsPriorityAndLockedSuppression\n"}
{"Time":"2026-09-14T17:33:20.002463753+01:00","Action":"output","Package":"github.com/JohnnyPBelo/relayloom/native/app","Test":"TestOutboxFlushBoundsPriorityAndLockedSuppression","Output":"--- PASS: TestOutboxFlushBoundsPriorityAndLockedSuppression (1.97s)\n"}
{"Time":"2026-09-14T17:33:20.002570854+01:00","Action":"pass","Package":"github.com/JohnnyPBelo/relayloom/native/app","Test":"TestOutboxFlushBoundsPriorityAndLockedSuppression","Elapsed":1.97}
{"Time":"2026-09-14T17:33:20.002619846+01:00","Action":"run","Package":"github.com/JohnnyPBelo/relayloom/native/app","Test":"TestOutboxHistoricalConfirmationSurvivesContentExpiry"}
{"Time":"2026-09-14T17:33:20.002624194+01:00","Action":"output","Package":"github.com/JohnnyPBelo/relayloom/native/app","Test":"TestOutboxHistoricalConfirmationSurvivesContentExpiry","Output":"=== RUN   TestOutboxHistoricalConfirmationSurvivesContentExpiry\n"}
{"Time":"2026-09-14T17:33:22.543808062+01:00","Action":"output","Package":"github.com/JohnnyPBelo/relayloom/native/app","Test":"TestOutboxHistoricalConfirmationSurvivesContentExpiry","Output":"--- PASS: TestOutboxHistoricalConfirmationSurvivesContentExpiry (2.54s)\n"}
{"Time":"2026-09-14T17:33:22.543861462+01:00","Action":"pass","Package":"github.com/JohnnyPBelo/relayloom/native/app","Test":"TestOutboxHistoricalConfirmationSurvivesContentExpiry","Elapsed":2.54}
{"Time":"2026-09-14T17:33:22.543875097+01:00","Action":"run","Package":"github.com/JohnnyPBelo/relayloom/native/app","Test":"TestOutboxAfterWriteErrorRetainsOperation"}
{"Time":"2026-09-14T17:33:22.543878013+01:00","Action":"output","Package":"github.com/JohnnyPBelo/relayloom/native/app","Test":"TestOutboxAfterWriteErrorRetainsOperation","Output":"=== RUN   TestOutboxAfterWriteErrorRetainsOperation\n"}
{"Time":"2026-09-14T17:33:22.54388194+01:00","Action":"run","Package":"github.com/JohnnyPBelo/relayloom/native/app","Test":"TestOutboxAfterWriteErrorRetainsOperation/1"}
{"Time":"2026-09-14T17:33:22.543883663+01:00","Action":"output","Package":"github.com/JohnnyPBelo/relayloom/native/app","Test":"TestOutboxAfterWriteErrorRetainsOperation/1","Output":"=== RUN   TestOutboxAfterWriteErrorRetainsOperation/1\n"}
{"Time":"2026-09-14T17:33:23.83355349+01:00","Action":"output","Package":"github.com/JohnnyPBelo/relayloom/native/app","Test":"TestOutboxAfterWriteErrorRetainsOperation/1","Output":"--- PASS: TestOutboxAfterWriteErrorRetainsOperation/1 (1.29s)\n"}
{"Time":"2026-09-14T17:33:23.83359596+01:00","Action":"pass","Package":"github.com/JohnnyPBelo/relayloom/native/app","Test":"TestOutboxAfterWriteErrorRetainsOperation/1","Elapsed":1.29}
{"Time":"2026-09-14T17:33:23.833605387+01:00","Action":"run","Package":"github.com/JohnnyPBelo/relayloom/native/app","Test":"TestOutboxAfterWriteErrorRetainsOperation/2"}
{"Time":"2026-09-14T17:33:23.833607632+01:00","Action":"output","Package":"github.com/JohnnyPBelo/relayloom/native/app","Test":"TestOutboxAfterWriteErrorRetainsOperation/2","Output":"=== RUN   TestOutboxAfterWriteErrorRetainsOperation/2\n"}
{"Time":"2026-09-14T17:33:25.174708643+01:00","Action":"output","Package":"github.com/JohnnyPBelo/relayloom/native/app","Test":"TestOutboxAfterWriteErrorRetainsOperation/2","Output":"--- PASS: TestOutboxAfterWriteErrorRetainsOperation/2 (1.34s)\n"}
{"Time":"2026-09-14T17:33:25.174773745+01:00","Action":"pass","Package":"github.com/JohnnyPBelo/relayloom/native/app","Test":"TestOutboxAfterWriteErrorRetainsOperation/2","Elapsed":1.34}
{"Time":"2026-09-14T17:33:25.174790717+01:00","Action":"output","Package":"github.com/JohnnyPBelo/relayloom/native/app","Test":"TestOutboxAfterWriteErrorRetainsOperation","Output":"--- PASS: TestOutboxAfterWriteErrorRetainsOperation (2.63s)\n"}
{"Time":"2026-09-14T17:33:25.174793462+01:00","Action":"pass","Package":"github.com/JohnnyPBelo/relayloom/native/app","Test":"TestOutboxAfterWriteErrorRetainsOperation","Elapsed":2.63}
{"Time":"2026-09-14T17:33:25.174796327+01:00","Action":"run","Package":"github.com/JohnnyPBelo/relayloom/native/app","Test":"TestOutboxUnreadableUncertainWriteLocksUntilRecovery"}
{"Time":"2026-09-14T17:33:25.174798321+01:00","Action":"output","Package":"github.com/JohnnyPBelo/relayloom/native/app","Test":"TestOutboxUnreadableUncertainWriteLocksUntilRecovery","Output":"=== RUN   TestOutboxUnreadableUncertainWriteLocksUntilRecovery\n"}
{"Time":"2026-09-14T17:33:26.421305335+01:00","Action":"output","Package":"github.com/JohnnyPBelo/relayloom/native/app","Test":"TestOutboxUnreadableUncertainWriteLocksUntilRecovery","Output":"--- PASS: TestOutboxUnreadableUncertainWriteLocksUntilRecovery (1.25s)\n"}
{"Time":"2026-09-14T17:33:26.421344688+01:00","Action":"pass","Package":"github.com/JohnnyPBelo/relayloom/native/app","Test":"TestOutboxUnreadableUncertainWriteLocksUntilRecovery","Elapsed":1.25}
{"Time":"2026-09-14T17:33:26.421354938+01:00","Action":"run","Package":"github.com/JohnnyPBelo/relayloom/native/app","Test":"TestOutboxWarmStateDoesNotRehydrateReservedAttachment"}
{"Time":"2026-09-14T17:33:26.421357512+01:00","Action":"output","Package":"github.com/JohnnyPBelo/relayloom/native/app","Test":"TestOutboxWarmStateDoesNotRehydrateReservedAttachment","Output":"=== RUN   TestOutboxWarmStateDoesNotRehydrateReservedAttachment\n"}
{"Time":"2026-09-14T17:33:32.330357535+01:00","Action":"output","Package":"github.com/JohnnyPBelo/relayloom/native/app","Test":"TestOutboxWarmStateDoesNotRehydrateReservedAttachment","Output":"--- PASS: TestOutboxWarmStateDoesNotRehydrateReservedAttachment (5.91s)\n"}
{"Time":"2026-09-14T17:33:32.330398112+01:00","Action":"pass","Package":"github.com/JohnnyPBelo/relayloom/native/app","Test":"TestOutboxWarmStateDoesNotRehydrateReservedAttachment","Elapsed":5.91}
{"Time":"2026-09-14T17:33:32.330408802+01:00","Action":"run","Package":"github.com/JohnnyPBelo/relayloom/native/app","Test":"TestOutboxManualRetryCooldownAndOfflineDueCheckpoint"}
{"Time":"2026-09-14T17:33:32.330411296+01:00","Action":"output","Package":"github.com/JohnnyPBelo/relayloom/native/app","Test":"TestOutboxManualRetryCooldownAndOfflineDueCheckpoint","Output":"=== RUN   TestOutboxManualRetryCooldownAndOfflineDueCheckpoint\n"}
{"Time":"2026-09-14T17:33:33.757306748+01:00","Action":"output","Package":"github.com/JohnnyPBelo/relayloom/native/app","Test":"TestOutboxManualRetryCooldownAndOfflineDueCheckpoint","Output":"--- PASS: TestOutboxManualRetryCooldownAndOfflineDueCheckpoint (1.43s)\n"}
{"Time":"2026-09-14T17:33:33.757348747+01:00","Action":"pass","Package":"github.com/JohnnyPBelo/relayloom/native/app","Test":"TestOutboxManualRetryCooldownAndOfflineDueCheckpoint","Elapsed":1.43}
{"Time":"2026-09-14T17:33:33.757358886+01:00","Action":"run","Package":"github.com/JohnnyPBelo/relayloom/native/app","Test":"TestOutboxSnapshotExpiryDuringJournalWriteKeepsReservationConsistent"}
{"Time":"2026-09-14T17:33:33.75736106+01:00","Action":"output","Package":"github.com/JohnnyPBelo/relayloom/native/app","Test":"TestOutboxSnapshotExpiryDuringJournalWriteKeepsReservationConsistent","Output":"=== RUN   TestOutboxSnapshotExpiryDuringJournalWriteKeepsReservationConsistent\n"}
{"Time":"2026-09-14T17:33:33.757385225+01:00","Action":"run","Package":"github.com/JohnnyPBelo/relayloom/native/app","Test":"TestOutboxSnapshotExpiryDuringJournalWriteKeepsReservationConsistent/state"}
{"Time":"2026-09-14T17:33:33.757387159+01:00","Action":"output","Package":"github.com/JohnnyPBelo/relayloom/native/app","Test":"TestOutboxSnapshotExpiryDuringJournalWriteKeepsReservationConsistent/state","Output":"=== RUN   TestOutboxSnapshotExpiryDuringJournalWriteKeepsReservationConsistent/state\n"}
{"Time":"2026-09-14T17:33:37.477789615+01:00","Action":"output","Package":"github.com/JohnnyPBelo/relayloom/native/app","Test":"TestOutboxSnapshotExpiryDuringJournalWriteKeepsReservationConsistent/state","Output":"--- PASS: TestOutboxSnapshotExpiryDuringJournalWriteKeepsReservationConsistent/state (3.72s)\n"}
{"Time":"2026-09-14T17:33:37.477830372+01:00","Action":"pass","Package":"github.com/JohnnyPBelo/relayloom/native/app","Test":"TestOutboxSnapshotExpiryDuringJournalWriteKeepsReservationConsistent/state","Elapsed":3.72}
{"Time":"2026-09-14T17:33:37.477850489+01:00","Action":"run","Package":"github.com/JohnnyPBelo/relayloom/native/app","Test":"TestOutboxSnapshotExpiryDuringJournalWriteKeepsReservationConsistent/send"}
{"Time":"2026-09-14T17:33:37.477853685+01:00","Action":"output","Package":"github.com/JohnnyPBelo/relayloom/native/app","Test":"TestOutboxSnapshotExpiryDuringJournalWriteKeepsReservationConsistent/send","Output":"=== RUN   TestOutboxSnapshotExpiryDuringJournalWriteKeepsReservationConsistent/send\n"}
{"Time":"2026-09-14T17:33:41.21471563+01:00","Action":"output","Package":"github.com/JohnnyPBelo/relayloom/native/app","Test":"TestOutboxSnapshotExpiryDuringJournalWriteKeepsReservationConsistent/send","Output":"--- PASS: TestOutboxSnapshotExpiryDuringJournalWriteKeepsReservationConsistent/send (3.74s)\n"}
{"Time":"2026-09-14T17:33:41.214759092+01:00","Action":"pass","Package":"github.com/JohnnyPBelo/relayloom/native/app","Test":"TestOutboxSnapshotExpiryDuringJournalWriteKeepsReservationConsistent/send","Elapsed":3.74}
{"Time":"2026-09-14T17:33:41.214778198+01:00","Action":"run","Package":"github.com/JohnnyPBelo/relayloom/native/app","Test":"TestOutboxSnapshotExpiryDuringJournalWriteKeepsReservationConsistent/retry"}
{"Time":"2026-09-14T17:33:41.214781173+01:00","Action":"output","Package":"github.com/JohnnyPBelo/relayloom/native/app","Test":"TestOutboxSnapshotExpiryDuringJournalWriteKeepsReservationConsistent/retry","Output":"=== RUN   TestOutboxSnapshotExpiryDuringJournalWriteKeepsReservationConsistent/retry\n"}
{"Time":"2026-09-14T17:33:44.955957207+01:00","Action":"output","Package":"github.com/JohnnyPBelo/relayloom/native/app","Test":"TestOutboxSnapshotExpiryDuringJournalWriteKeepsReservationConsistent/retry","Output":"--- PASS: TestOutboxSnapshotExpiryDuringJournalWriteKeepsReservationConsistent/retry (3.74s)\n"}
{"Time":"2026-09-14T17:33:44.956002071+01:00","Action":"pass","Package":"github.com/JohnnyPBelo/relayloom/native/app","Test":"TestOutboxSnapshotExpiryDuringJournalWriteKeepsReservationConsistent/retry","Elapsed":3.74}
{"Time":"2026-09-14T17:33:44.956011298+01:00","Action":"output","Package":"github.com/JohnnyPBelo/relayloom/native/app","Test":"TestOutboxSnapshotExpiryDuringJournalWriteKeepsReservationConsistent","Output":"--- PASS: TestOutboxSnapshotExpiryDuringJournalWriteKeepsReservationConsistent (11.20s)\n"}
{"Time":"2026-09-14T17:33:44.956014133+01:00","Action":"pass","Package":"github.com/JohnnyPBelo/relayloom/native/app","Test":"TestOutboxSnapshotExpiryDuringJournalWriteKeepsReservationConsistent","Elapsed":11.2}
{"Time":"2026-09-14T17:33:44.95601772+01:00","Action":"run","Package":"github.com/JohnnyPBelo/relayloom/native/app","Test":"TestProfileOwnershipAndStaleNodeAfterClose"}
{"Time":"2026-09-14T17:33:44.956020105+01:00","Action":"output","Package":"github.com/JohnnyPBelo/relayloom/native/app","Test":"TestProfileOwnershipAndStaleNodeAfterClose","Output":"=== RUN   TestProfileOwnershipAndStaleNodeAfterClose\n"}
{"Time":"2026-09-14T17:33:46.224763848+01:00","Action":"output","Package":"github.com/JohnnyPBelo/relayloom/native/app","Test":"TestProfileOwnershipAndStaleNodeAfterClose","Output":"--- PASS: TestProfileOwnershipAndStaleNodeAfterClose (1.27s)\n"}
{"Time":"2026-09-14T17:33:46.224812059+01:00","Action":"pass","Package":"github.com/JohnnyPBelo/relayloom/native/app","Test":"TestProfileOwnershipAndStaleNodeAfterClose","Elapsed":1.27}
{"Time":"2026-09-14T17:33:46.224822999+01:00","Action":"run","Package":"github.com/JohnnyPBelo/relayloom/native/app","Test":"TestProfileConstructorFailureReleasesOwnership"}
{"Time":"2026-09-14T17:33:46.224826295+01:00","Action":"output","Package":"github.com/JohnnyPBelo/relayloom/native/app","Test":"TestProfileConstructorFailureReleasesOwnership","Output":"=== RUN   TestProfileConstructorFailureReleasesOwnership\n"}
{"Time":"2026-09-14T17:33:46.26138153+01:00","Action":"output","Package":"github.com/JohnnyPBelo/relayloom/native/app","Test":"TestProfileConstructorFailureReleasesOwnership","Output":"--- PASS: TestProfileConstructorFailureReleasesOwnership (0.04s)\n"}
{"Time":"2026-09-14T17:33:46.261427977+01:00","Action":"pass","Package":"github.com/JohnnyPBelo/relayloom/native/app","Test":"TestProfileConstructorFailureReleasesOwnership","Elapsed":0.04}
{"Time":"2026-09-14T17:33:46.261437295+01:00","Action":"run","Package":"github.com/JohnnyPBelo/relayloom/native/app","Test":"TestWebPeerInvalidInputPreservesListenerAndCloseRetiresCapability"}
{"Time":"2026-09-14T17:33:46.261441322+01:00","Action":"output","Package":"github.com/JohnnyPBelo/relayloom/native/app","Test":"TestWebPeerInvalidInputPreservesListenerAndCloseRetiresCapability","Output":"=== RUN   TestWebPeerInvalidInputPreservesListenerAndCloseRetiresCapability\n"}
{"Time":"2026-09-14T17:33:46.921852874+01:00","Action":"output","Package":"github.com/JohnnyPBelo/relayloom/native/app","Test":"TestWebPeerInvalidInputPreservesListenerAndCloseRetiresCapability","Output":"--- PASS: TestWebPeerInvalidInputPreservesListenerAndCloseRetiresCapability (0.66s)\n"}
{"Time":"2026-09-14T17:33:46.921894943+01:00","Action":"pass","Package":"github.com/JohnnyPBelo/relayloom/native/app","Test":"TestWebPeerInvalidInputPreservesListenerAndCloseRetiresCapability","Elapsed":0.66}
{"Time":"2026-09-14T17:33:46.921920431+01:00","Action":"output","Package":"github.com/JohnnyPBelo/relayloom/native/app","Output":"PASS\n"}
{"Time":"2026-09-14T17:33:47.956865952+01:00","Action":"output","Package":"github.com/JohnnyPBelo/relayloom/native/app","Output":"ok  \tgithub.com/JohnnyPBelo/relayloom/native/app\t429.493s\n"}
{"Time":"2026-09-14T17:33:47.956920233+01:00","Action":"pass","Package":"github.com/JohnnyPBelo/relayloom/native/app","Elapsed":429.493}
