{"Time":"2026-09-13T13:04:59.48456359+01:00","Action":"start","Package":"github.com/JohnnyPBelo/relayloom/native/core"}
{"Time":"2026-09-13T13:04:59.492428116+01:00","Action":"run","Package":"github.com/JohnnyPBelo/relayloom/native/core","Test":"TestCanonicalJavaScriptVectors"}
{"Time":"2026-09-13T13:04:59.492475976+01:00","Action":"output","Package":"github.com/JohnnyPBelo/relayloom/native/core","Test":"TestCanonicalJavaScriptVectors","Output":"=== RUN   TestCanonicalJavaScriptVectors\n"}
{"Time":"2026-09-13T13:04:59.492492406+01:00","Action":"output","Package":"github.com/JohnnyPBelo/relayloom/native/core","Test":"TestCanonicalJavaScriptVectors","Output":"--- PASS: TestCanonicalJavaScriptVectors (0.00s)\n"}
{"Time":"2026-09-13T13:04:59.492495242+01:00","Action":"pass","Package":"github.com/JohnnyPBelo/relayloom/native/core","Test":"TestCanonicalJavaScriptVectors","Elapsed":0}
{"Time":"2026-09-13T13:04:59.492500001+01:00","Action":"run","Package":"github.com/JohnnyPBelo/relayloom/native/core","Test":"TestParserBoundsAndMalformedData"}
{"Time":"2026-09-13T13:04:59.492512244+01:00","Action":"output","Package":"github.com/JohnnyPBelo/relayloom/native/core","Test":"TestParserBoundsAndMalformedData","Output":"=== RUN   TestParserBoundsAndMalformedData\n"}
{"Time":"2026-09-13T13:04:59.492515269+01:00","Action":"output","Package":"github.com/JohnnyPBelo/relayloom/native/core","Test":"TestParserBoundsAndMalformedData","Output":"--- PASS: TestParserBoundsAndMalformedData (0.00s)\n"}
{"Time":"2026-09-13T13:04:59.492518065+01:00","Action":"pass","Package":"github.com/JohnnyPBelo/relayloom/native/core","Test":"TestParserBoundsAndMalformedData","Elapsed":0}
{"Time":"2026-09-13T13:04:59.492519998+01:00","Action":"run","Package":"github.com/JohnnyPBelo/relayloom/native/core","Test":"TestIdentityAuthorityAndVaultRecovery"}
{"Time":"2026-09-13T13:04:59.492521541+01:00","Action":"output","Package":"github.com/JohnnyPBelo/relayloom/native/core","Test":"TestIdentityAuthorityAndVaultRecovery","Output":"=== RUN   TestIdentityAuthorityAndVaultRecovery\n"}
{"Time":"2026-09-13T13:05:01.01519951+01:00","Action":"output","Package":"github.com/JohnnyPBelo/relayloom/native/core","Test":"TestIdentityAuthorityAndVaultRecovery","Output":"--- PASS: TestIdentityAuthorityAndVaultRecovery (1.52s)\n"}
{"Time":"2026-09-13T13:05:01.015256247+01:00","Action":"pass","Package":"github.com/JohnnyPBelo/relayloom/native/core","Test":"TestIdentityAuthorityAndVaultRecovery","Elapsed":1.52}
{"Time":"2026-09-13T13:05:01.015276334+01:00","Action":"run","Package":"github.com/JohnnyPBelo/relayloom/native/core","Test":"TestBundleReaderDoesNotBecomeAuthor"}
{"Time":"2026-09-13T13:05:01.01527914+01:00","Action":"output","Package":"github.com/JohnnyPBelo/relayloom/native/core","Test":"TestBundleReaderDoesNotBecomeAuthor","Output":"=== RUN   TestBundleReaderDoesNotBecomeAuthor\n"}
{"Time":"2026-09-13T13:05:01.035341495+01:00","Action":"output","Package":"github.com/JohnnyPBelo/relayloom/native/core","Test":"TestBundleReaderDoesNotBecomeAuthor","Output":"--- PASS: TestBundleReaderDoesNotBecomeAuthor (0.02s)\n"}
{"Time":"2026-09-13T13:05:01.035357144+01:00","Action":"pass","Package":"github.com/JohnnyPBelo/relayloom/native/core","Test":"TestBundleReaderDoesNotBecomeAuthor","Elapsed":0.02}
{"Time":"2026-09-13T13:05:01.035362274+01:00","Action":"run","Package":"github.com/JohnnyPBelo/relayloom/native/core","Test":"TestManifestBoundsExpiryAndKeySeparation"}
{"Time":"2026-09-13T13:05:01.035364468+01:00","Action":"output","Package":"github.com/JohnnyPBelo/relayloom/native/core","Test":"TestManifestBoundsExpiryAndKeySeparation","Output":"=== RUN   TestManifestBoundsExpiryAndKeySeparation\n"}
{"Time":"2026-09-13T13:05:01.447518437+01:00","Action":"output","Package":"github.com/JohnnyPBelo/relayloom/native/core","Test":"TestManifestBoundsExpiryAndKeySeparation","Output":"--- PASS: TestManifestBoundsExpiryAndKeySeparation (0.41s)\n"}
{"Time":"2026-09-13T13:05:01.447572568+01:00","Action":"pass","Package":"github.com/JohnnyPBelo/relayloom/native/core","Test":"TestManifestBoundsExpiryAndKeySeparation","Elapsed":0.41}
{"Time":"2026-09-13T13:05:01.447594299+01:00","Action":"run","Package":"github.com/JohnnyPBelo/relayloom/native/core","Test":"TestStoreRestartDedupCountPinsAndDiskVerification"}
{"Time":"2026-09-13T13:05:01.447596894+01:00","Action":"output","Package":"github.com/JohnnyPBelo/relayloom/native/core","Test":"TestStoreRestartDedupCountPinsAndDiskVerification","Output":"=== RUN   TestStoreRestartDedupCountPinsAndDiskVerification\n"}
{"Time":"2026-09-13T13:05:01.76814087+01:00","Action":"output","Package":"github.com/JohnnyPBelo/relayloom/native/core","Test":"TestStoreRestartDedupCountPinsAndDiskVerification","Output":"--- PASS: TestStoreRestartDedupCountPinsAndDiskVerification (0.32s)\n"}
{"Time":"2026-09-13T13:05:01.768190423+01:00","Action":"pass","Package":"github.com/JohnnyPBelo/relayloom/native/core","Test":"TestStoreRestartDedupCountPinsAndDiskVerification","Elapsed":0.32}
{"Time":"2026-09-13T13:05:01.768198548+01:00","Action":"run","Package":"github.com/JohnnyPBelo/relayloom/native/core","Test":"TestStoreMetadataReadDoesNotTouchLRU"}
{"Time":"2026-09-13T13:05:01.768201253+01:00","Action":"output","Package":"github.com/JohnnyPBelo/relayloom/native/core","Test":"TestStoreMetadataReadDoesNotTouchLRU","Output":"=== RUN   TestStoreMetadataReadDoesNotTouchLRU\n"}
{"Time":"2026-09-13T13:05:01.836777389+01:00","Action":"output","Package":"github.com/JohnnyPBelo/relayloom/native/core","Test":"TestStoreMetadataReadDoesNotTouchLRU","Output":"--- PASS: TestStoreMetadataReadDoesNotTouchLRU (0.07s)\n"}
{"Time":"2026-09-13T13:05:01.836814077+01:00","Action":"pass","Package":"github.com/JohnnyPBelo/relayloom/native/core","Test":"TestStoreMetadataReadDoesNotTouchLRU","Elapsed":0.07}
{"Time":"2026-09-13T13:05:01.836821431+01:00","Action":"run","Package":"github.com/JohnnyPBelo/relayloom/native/core","Test":"TestQuotaRejectionPreservesObjectsAndMalformedIndexFailsSafely"}
{"Time":"2026-09-13T13:05:01.836823725+01:00","Action":"output","Package":"github.com/JohnnyPBelo/relayloom/native/core","Test":"TestQuotaRejectionPreservesObjectsAndMalformedIndexFailsSafely","Output":"=== RUN   TestQuotaRejectionPreservesObjectsAndMalformedIndexFailsSafely\n"}
{"Time":"2026-09-13T13:05:02.928953208+01:00","Action":"output","Package":"github.com/JohnnyPBelo/relayloom/native/core","Test":"TestQuotaRejectionPreservesObjectsAndMalformedIndexFailsSafely","Output":"--- PASS: TestQuotaRejectionPreservesObjectsAndMalformedIndexFailsSafely (1.09s)\n"}
{"Time":"2026-09-13T13:05:02.928993323+01:00","Action":"pass","Package":"github.com/JohnnyPBelo/relayloom/native/core","Test":"TestQuotaRejectionPreservesObjectsAndMalformedIndexFailsSafely","Elapsed":1.09}
{"Time":"2026-09-13T13:05:02.929001459+01:00","Action":"run","Package":"github.com/JohnnyPBelo/relayloom/native/core","Test":"TestPasswordUnpairedSurrogatesMatchNodeUTF8"}
{"Time":"2026-09-13T13:05:02.929004254+01:00","Action":"output","Package":"github.com/JohnnyPBelo/relayloom/native/core","Test":"TestPasswordUnpairedSurrogatesMatchNodeUTF8","Output":"=== RUN   TestPasswordUnpairedSurrogatesMatchNodeUTF8\n"}
{"Time":"2026-09-13T13:05:03.927831782+01:00","Action":"output","Package":"github.com/JohnnyPBelo/relayloom/native/core","Test":"TestPasswordUnpairedSurrogatesMatchNodeUTF8","Output":"--- PASS: TestPasswordUnpairedSurrogatesMatchNodeUTF8 (1.00s)\n"}
{"Time":"2026-09-13T13:05:03.927873911+01:00","Action":"pass","Package":"github.com/JohnnyPBelo/relayloom/native/core","Test":"TestPasswordUnpairedSurrogatesMatchNodeUTF8","Elapsed":1}
{"Time":"2026-09-13T13:05:03.927883058+01:00","Action":"run","Package":"github.com/JohnnyPBelo/relayloom/native/core","Test":"TestStructuralParserBudget"}
{"Time":"2026-09-13T13:05:03.927895562+01:00","Action":"output","Package":"github.com/JohnnyPBelo/relayloom/native/core","Test":"TestStructuralParserBudget","Output":"=== RUN   TestStructuralParserBudget\n"}
{"Time":"2026-09-13T13:05:03.986761341+01:00","Action":"output","Package":"github.com/JohnnyPBelo/relayloom/native/core","Test":"TestStructuralParserBudget","Output":"--- PASS: TestStructuralParserBudget (0.06s)\n"}
{"Time":"2026-09-13T13:05:03.986812847+01:00","Action":"pass","Package":"github.com/JohnnyPBelo/relayloom/native/core","Test":"TestStructuralParserBudget","Elapsed":0.06}
{"Time":"2026-09-13T13:05:03.986821474+01:00","Action":"run","Package":"github.com/JohnnyPBelo/relayloom/native/core","Test":"TestStoredFingerprintChecksBytesDespiteRestoredTimestamp"}
{"Time":"2026-09-13T13:05:03.986823918+01:00","Action":"output","Package":"github.com/JohnnyPBelo/relayloom/native/core","Test":"TestStoredFingerprintChecksBytesDespiteRestoredTimestamp","Output":"=== RUN   TestStoredFingerprintChecksBytesDespiteRestoredTimestamp\n"}
{"Time":"2026-09-13T13:05:04.021918328+01:00","Action":"output","Package":"github.com/JohnnyPBelo/relayloom/native/core","Test":"TestStoredFingerprintChecksBytesDespiteRestoredTimestamp","Output":"--- PASS: TestStoredFingerprintChecksBytesDespiteRestoredTimestamp (0.04s)\n"}
{"Time":"2026-09-13T13:05:04.02193555+01:00","Action":"pass","Package":"github.com/JohnnyPBelo/relayloom/native/core","Test":"TestStoredFingerprintChecksBytesDespiteRestoredTimestamp","Elapsed":0.04}
{"Time":"2026-09-13T13:05:04.02194088+01:00","Action":"run","Package":"github.com/JohnnyPBelo/relayloom/native/core","Test":"TestReservationsSurviveRestartAndPressureWithoutChangingPins"}
{"Time":"2026-09-13T13:05:04.021943204+01:00","Action":"output","Package":"github.com/JohnnyPBelo/relayloom/native/core","Test":"TestReservationsSurviveRestartAndPressureWithoutChangingPins","Output":"=== RUN   TestReservationsSurviveRestartAndPressureWithoutChangingPins\n"}
{"Time":"2026-09-13T13:05:04.112205069+01:00","Action":"output","Package":"github.com/JohnnyPBelo/relayloom/native/core","Test":"TestReservationsSurviveRestartAndPressureWithoutChangingPins","Output":"--- PASS: TestReservationsSurviveRestartAndPressureWithoutChangingPins (0.09s)\n"}
{"Time":"2026-09-13T13:05:04.11222165+01:00","Action":"pass","Package":"github.com/JohnnyPBelo/relayloom/native/core","Test":"TestReservationsSurviveRestartAndPressureWithoutChangingPins","Elapsed":0.09}
{"Time":"2026-09-13T13:05:04.112229394+01:00","Action":"run","Package":"github.com/JohnnyPBelo/relayloom/native/core","Test":"TestReservationByteQuotaRefusalIsAtomic"}
{"Time":"2026-09-13T13:05:04.112232159+01:00","Action":"output","Package":"github.com/JohnnyPBelo/relayloom/native/core","Test":"TestReservationByteQuotaRefusalIsAtomic","Output":"=== RUN   TestReservationByteQuotaRefusalIsAtomic\n"}
{"Time":"2026-09-13T13:05:04.67852652+01:00","Action":"output","Package":"github.com/JohnnyPBelo/relayloom/native/core","Test":"TestReservationByteQuotaRefusalIsAtomic","Output":"--- PASS: TestReservationByteQuotaRefusalIsAtomic (0.57s)\n"}
{"Time":"2026-09-13T13:05:04.678579389+01:00","Action":"pass","Package":"github.com/JohnnyPBelo/relayloom/native/core","Test":"TestReservationByteQuotaRefusalIsAtomic","Elapsed":0.57}
{"Time":"2026-09-13T13:05:04.678586963+01:00","Action":"run","Package":"github.com/JohnnyPBelo/relayloom/native/core","Test":"TestReservationDoesNotExtendSignedExpiry"}
{"Time":"2026-09-13T13:05:04.678589508+01:00","Action":"output","Package":"github.com/JohnnyPBelo/relayloom/native/core","Test":"TestReservationDoesNotExtendSignedExpiry","Output":"=== RUN   TestReservationDoesNotExtendSignedExpiry\n"}
{"Time":"2026-09-13T13:05:05.822551332+01:00","Action":"output","Package":"github.com/JohnnyPBelo/relayloom/native/core","Test":"TestReservationDoesNotExtendSignedExpiry","Output":"--- PASS: TestReservationDoesNotExtendSignedExpiry (1.14s)\n"}
{"Time":"2026-09-13T13:05:05.822598661+01:00","Action":"pass","Package":"github.com/JohnnyPBelo/relayloom/native/core","Test":"TestReservationDoesNotExtendSignedExpiry","Elapsed":1.14}
{"Time":"2026-09-13T13:05:05.82260875+01:00","Action":"run","Package":"github.com/JohnnyPBelo/relayloom/native/core","Test":"TestReservationCorruptionCannotReleaseExistingProtection"}
{"Time":"2026-09-13T13:05:05.822612497+01:00","Action":"output","Package":"github.com/JohnnyPBelo/relayloom/native/core","Test":"TestReservationCorruptionCannotReleaseExistingProtection","Output":"=== RUN   TestReservationCorruptionCannotReleaseExistingProtection\n"}
{"Time":"2026-09-13T13:05:05.87714963+01:00","Action":"output","Package":"github.com/JohnnyPBelo/relayloom/native/core","Test":"TestReservationCorruptionCannotReleaseExistingProtection","Output":"--- PASS: TestReservationCorruptionCannotReleaseExistingProtection (0.05s)\n"}
{"Time":"2026-09-13T13:05:05.877188363+01:00","Action":"pass","Package":"github.com/JohnnyPBelo/relayloom/native/core","Test":"TestReservationCorruptionCannotReleaseExistingProtection","Elapsed":0.05}
{"Time":"2026-09-13T13:05:05.877196728+01:00","Action":"run","Package":"github.com/JohnnyPBelo/relayloom/native/core","Test":"TestReservationWriteFailureProtectsUnionUntilReconciliation"}
{"Time":"2026-09-13T13:05:05.877199433+01:00","Action":"output","Package":"github.com/JohnnyPBelo/relayloom/native/core","Test":"TestReservationWriteFailureProtectsUnionUntilReconciliation","Output":"=== RUN   TestReservationWriteFailureProtectsUnionUntilReconciliation\n"}
{"Time":"2026-09-13T13:05:05.95416077+01:00","Action":"output","Package":"github.com/JohnnyPBelo/relayloom/native/core","Test":"TestReservationWriteFailureProtectsUnionUntilReconciliation","Output":"--- PASS: TestReservationWriteFailureProtectsUnionUntilReconciliation (0.08s)\n"}
{"Time":"2026-09-13T13:05:05.954188262+01:00","Action":"pass","Package":"github.com/JohnnyPBelo/relayloom/native/core","Test":"TestReservationWriteFailureProtectsUnionUntilReconciliation","Elapsed":0.08}
{"Time":"2026-09-13T13:05:05.954194694+01:00","Action":"run","Package":"github.com/JohnnyPBelo/relayloom/native/core","Test":"TestReservationDuplicateAtCountLimitAndMalformedIndex"}
{"Time":"2026-09-13T13:05:05.954197339+01:00","Action":"output","Package":"github.com/JohnnyPBelo/relayloom/native/core","Test":"TestReservationDuplicateAtCountLimitAndMalformedIndex","Output":"=== RUN   TestReservationDuplicateAtCountLimitAndMalformedIndex\n"}
{"Time":"2026-09-13T13:05:05.995237676+01:00","Action":"output","Package":"github.com/JohnnyPBelo/relayloom/native/core","Test":"TestReservationDuplicateAtCountLimitAndMalformedIndex","Output":"--- PASS: TestReservationDuplicateAtCountLimitAndMalformedIndex (0.04s)\n"}
{"Time":"2026-09-13T13:05:05.99525002+01:00","Action":"pass","Package":"github.com/JohnnyPBelo/relayloom/native/core","Test":"TestReservationDuplicateAtCountLimitAndMalformedIndex","Elapsed":0.04}
{"Time":"2026-09-13T13:05:05.995270478+01:00","Action":"run","Package":"github.com/JohnnyPBelo/relayloom/native/core","Test":"TestContentReservationProcessFixture"}
{"Time":"2026-09-13T13:05:05.995272872+01:00","Action":"output","Package":"github.com/JohnnyPBelo/relayloom/native/core","Test":"TestContentReservationProcessFixture","Output":"=== RUN   TestContentReservationProcessFixture\n"}
{"Time":"2026-09-13T13:05:05.995371517+01:00","Action":"output","Package":"github.com/JohnnyPBelo/relayloom/native/core","Test":"TestContentReservationProcessFixture","Output":"    reservations_worker_test.go:12: driven by the real Node/Go reservation process test\n"}
{"Time":"2026-09-13T13:05:05.995387918+01:00","Action":"output","Package":"github.com/JohnnyPBelo/relayloom/native/core","Test":"TestContentReservationProcessFixture","Output":"--- SKIP: TestContentReservationProcessFixture (0.00s)\n"}
{"Time":"2026-09-13T13:05:05.995400482+01:00","Action":"skip","Package":"github.com/JohnnyPBelo/relayloom/native/core","Test":"TestContentReservationProcessFixture","Elapsed":0}
{"Time":"2026-09-13T13:05:05.995422223+01:00","Action":"output","Package":"github.com/JohnnyPBelo/relayloom/native/core","Output":"PASS\n"}
{"Time":"2026-09-13T13:05:07.015191275+01:00","Action":"output","Package":"github.com/JohnnyPBelo/relayloom/native/core","Output":"ok  \tgithub.com/JohnnyPBelo/relayloom/native/core\t7.530s\n"}
{"Time":"2026-09-13T13:05:07.01525793+01:00","Action":"pass","Package":"github.com/JohnnyPBelo/relayloom/native/core","Elapsed":7.531}
{"Time":"2026-09-13T13:05:07.252235586+01:00","Action":"start","Package":"github.com/JohnnyPBelo/relayloom/native/transport"}
{"Time":"2026-09-13T13:05:07.260356402+01:00","Action":"run","Package":"github.com/JohnnyPBelo/relayloom/native/transport","Test":"TestLocalCancellationRemovesQueuedTCPAndReconnectCopy"}
{"Time":"2026-09-13T13:05:07.26038762+01:00","Action":"output","Package":"github.com/JohnnyPBelo/relayloom/native/transport","Test":"TestLocalCancellationRemovesQueuedTCPAndReconnectCopy","Output":"=== RUN   TestLocalCancellationRemovesQueuedTCPAndReconnectCopy\n"}
{"Time":"2026-09-13T13:05:07.260420201+01:00","Action":"run","Package":"github.com/JohnnyPBelo/relayloom/native/transport","Test":"TestLocalCancellationRemovesQueuedTCPAndReconnectCopy/cancel"}
{"Time":"2026-09-13T13:05:07.260435289+01:00","Action":"output","Package":"github.com/JohnnyPBelo/relayloom/native/transport","Test":"TestLocalCancellationRemovesQueuedTCPAndReconnectCopy/cancel","Output":"=== RUN   TestLocalCancellationRemovesQueuedTCPAndReconnectCopy/cancel\n"}
{"Time":"2026-09-13T13:05:08.892930137+01:00","Action":"output","Package":"github.com/JohnnyPBelo/relayloom/native/transport","Test":"TestLocalCancellationRemovesQueuedTCPAndReconnectCopy/cancel","Output":"--- PASS: TestLocalCancellationRemovesQueuedTCPAndReconnectCopy/cancel (1.63s)\n"}
{"Time":"2026-09-13T13:05:08.892972477+01:00","Action":"pass","Package":"github.com/JohnnyPBelo/relayloom/native/transport","Test":"TestLocalCancellationRemovesQueuedTCPAndReconnectCopy/cancel","Elapsed":1.63}
{"Time":"2026-09-13T13:05:08.892982365+01:00","Action":"run","Package":"github.com/JohnnyPBelo/relayloom/native/transport","Test":"TestLocalCancellationRemovesQueuedTCPAndReconnectCopy/negative-control-delivers"}
{"Time":"2026-09-13T13:05:08.892984549+01:00","Action":"output","Package":"github.com/JohnnyPBelo/relayloom/native/transport","Test":"TestLocalCancellationRemovesQueuedTCPAndReconnectCopy/negative-control-delivers","Output":"=== RUN   TestLocalCancellationRemovesQueuedTCPAndReconnectCopy/negative-control-delivers\n"}
{"Time":"2026-09-13T13:05:10.591445379+01:00","Action":"output","Package":"github.com/JohnnyPBelo/relayloom/native/transport","Test":"TestLocalCancellationRemovesQueuedTCPAndReconnectCopy/negative-control-delivers","Output":"--- PASS: TestLocalCancellationRemovesQueuedTCPAndReconnectCopy/negative-control-delivers (1.70s)\n"}
{"Time":"2026-09-13T13:05:10.591495302+01:00","Action":"pass","Package":"github.com/JohnnyPBelo/relayloom/native/transport","Test":"TestLocalCancellationRemovesQueuedTCPAndReconnectCopy/negative-control-delivers","Elapsed":1.7}
{"Time":"2026-09-13T13:05:10.591506764+01:00","Action":"output","Package":"github.com/JohnnyPBelo/relayloom/native/transport","Test":"TestLocalCancellationRemovesQueuedTCPAndReconnectCopy","Output":"--- PASS: TestLocalCancellationRemovesQueuedTCPAndReconnectCopy (3.33s)\n"}
{"Time":"2026-09-13T13:05:10.591509699+01:00","Action":"pass","Package":"github.com/JohnnyPBelo/relayloom/native/transport","Test":"TestLocalCancellationRemovesQueuedTCPAndReconnectCopy","Elapsed":3.33}
{"Time":"2026-09-13T13:05:10.591530198+01:00","Action":"run","Package":"github.com/JohnnyPBelo/relayloom/native/transport","Test":"TestLocalCancellationPreservesForeignOriginRelay"}
{"Time":"2026-09-13T13:05:10.591532512+01:00","Action":"output","Package":"github.com/JohnnyPBelo/relayloom/native/transport","Test":"TestLocalCancellationPreservesForeignOriginRelay","Output":"=== RUN   TestLocalCancellationPreservesForeignOriginRelay\n"}
{"Time":"2026-09-13T13:05:10.603900171+01:00","Action":"output","Package":"github.com/JohnnyPBelo/relayloom/native/transport","Test":"TestLocalCancellationPreservesForeignOriginRelay","Output":"--- PASS: TestLocalCancellationPreservesForeignOriginRelay (0.01s)\n"}
{"Time":"2026-09-13T13:05:10.6039533+01:00","Action":"pass","Package":"github.com/JohnnyPBelo/relayloom/native/transport","Test":"TestLocalCancellationPreservesForeignOriginRelay","Elapsed":0.01}
{"Time":"2026-09-13T13:05:10.603962067+01:00","Action":"run","Package":"github.com/JohnnyPBelo/relayloom/native/transport","Test":"TestNodeGoRealProcessTCPInteroperability"}
{"Time":"2026-09-13T13:05:10.603965373+01:00","Action":"output","Package":"github.com/JohnnyPBelo/relayloom/native/transport","Test":"TestNodeGoRealProcessTCPInteroperability","Output":"=== RUN   TestNodeGoRealProcessTCPInteroperability\n"}
{"Time":"2026-09-13T13:05:10.86675837+01:00","Action":"output","Package":"github.com/JohnnyPBelo/relayloom/native/transport","Test":"TestNodeGoRealProcessTCPInteroperability","Output":"--- PASS: TestNodeGoRealProcessTCPInteroperability (0.26s)\n"}
{"Time":"2026-09-13T13:05:10.866806861+01:00","Action":"pass","Package":"github.com/JohnnyPBelo/relayloom/native/transport","Test":"TestNodeGoRealProcessTCPInteroperability","Elapsed":0.26}
{"Time":"2026-09-13T13:05:10.86681664+01:00","Action":"run","Package":"github.com/JohnnyPBelo/relayloom/native/transport","Test":"TestRetainedReplayAfterSeenEvictionKeepsExactAccounting"}
{"Time":"2026-09-13T13:05:10.866819094+01:00","Action":"output","Package":"github.com/JohnnyPBelo/relayloom/native/transport","Test":"TestRetainedReplayAfterSeenEvictionKeepsExactAccounting","Output":"=== RUN   TestRetainedReplayAfterSeenEvictionKeepsExactAccounting\n"}
{"Time":"2026-09-13T13:05:11.843033515+01:00","Action":"output","Package":"github.com/JohnnyPBelo/relayloom/native/transport","Test":"TestRetainedReplayAfterSeenEvictionKeepsExactAccounting","Output":"--- PASS: TestRetainedReplayAfterSeenEvictionKeepsExactAccounting (0.98s)\n"}
{"Time":"2026-09-13T13:05:11.843074652+01:00","Action":"pass","Package":"github.com/JohnnyPBelo/relayloom/native/transport","Test":"TestRetainedReplayAfterSeenEvictionKeepsExactAccounting","Elapsed":0.98}
{"Time":"2026-09-13T13:05:11.843082156+01:00","Action":"run","Package":"github.com/JohnnyPBelo/relayloom/native/transport","Test":"TestRetainedDuplicatePressurePreservesConsentAndExpiresToZero"}
{"Time":"2026-09-13T13:05:11.8430845+01:00","Action":"output","Package":"github.com/JohnnyPBelo/relayloom/native/transport","Test":"TestRetainedDuplicatePressurePreservesConsentAndExpiresToZero","Output":"=== RUN   TestRetainedDuplicatePressurePreservesConsentAndExpiresToZero\n"}
{"Time":"2026-09-13T13:05:11.917647831+01:00","Action":"output","Package":"github.com/JohnnyPBelo/relayloom/native/transport","Test":"TestRetainedDuplicatePressurePreservesConsentAndExpiresToZero","Output":"--- PASS: TestRetainedDuplicatePressurePreservesConsentAndExpiresToZero (0.07s)\n"}
{"Time":"2026-09-13T13:05:11.917677587+01:00","Action":"pass","Package":"github.com/JohnnyPBelo/relayloom/native/transport","Test":"TestRetainedDuplicatePressurePreservesConsentAndExpiresToZero","Elapsed":0.07}
{"Time":"2026-09-13T13:05:11.917683448+01:00","Action":"run","Package":"github.com/JohnnyPBelo/relayloom/native/transport","Test":"TestTCPAndGenericStreamMultihop"}
{"Time":"2026-09-13T13:05:11.917686393+01:00","Action":"output","Package":"github.com/JohnnyPBelo/relayloom/native/transport","Test":"TestTCPAndGenericStreamMultihop","Output":"=== RUN   TestTCPAndGenericStreamMultihop\n"}
{"Time":"2026-09-13T13:05:12.138895083+01:00","Action":"output","Package":"github.com/JohnnyPBelo/relayloom/native/transport","Test":"TestTCPAndGenericStreamMultihop","Output":"--- PASS: TestTCPAndGenericStreamMultihop (0.22s)\n"}
{"Time":"2026-09-13T13:05:12.138947502+01:00","Action":"pass","Package":"github.com/JohnnyPBelo/relayloom/native/transport","Test":"TestTCPAndGenericStreamMultihop","Elapsed":0.22}
{"Time":"2026-09-13T13:05:12.138959284+01:00","Action":"run","Package":"github.com/JohnnyPBelo/relayloom/native/transport","Test":"TestParserReplayTamperTTLAndBounds"}
{"Time":"2026-09-13T13:05:12.138961949+01:00","Action":"output","Package":"github.com/JohnnyPBelo/relayloom/native/transport","Test":"TestParserReplayTamperTTLAndBounds","Output":"=== RUN   TestParserReplayTamperTTLAndBounds\n"}
{"Time":"2026-09-13T13:05:12.474657644+01:00","Action":"output","Package":"github.com/JohnnyPBelo/relayloom/native/transport","Test":"TestParserReplayTamperTTLAndBounds","Output":"--- PASS: TestParserReplayTamperTTLAndBounds (0.34s)\n"}
{"Time":"2026-09-13T13:05:12.474709811+01:00","Action":"pass","Package":"github.com/JohnnyPBelo/relayloom/native/transport","Test":"TestParserReplayTamperTTLAndBounds","Elapsed":0.34}
{"Time":"2026-09-13T13:05:12.474734197+01:00","Action":"run","Package":"github.com/JohnnyPBelo/relayloom/native/transport","Test":"TestMalformedFloodAndQueuedExpiry"}
{"Time":"2026-09-13T13:05:12.474736592+01:00","Action":"output","Package":"github.com/JohnnyPBelo/relayloom/native/transport","Test":"TestMalformedFloodAndQueuedExpiry","Output":"=== RUN   TestMalformedFloodAndQueuedExpiry\n"}
{"Time":"2026-09-13T13:05:12.682298044+01:00","Action":"output","Package":"github.com/JohnnyPBelo/relayloom/native/transport","Test":"TestMalformedFloodAndQueuedExpiry","Output":"--- PASS: TestMalformedFloodAndQueuedExpiry (0.21s)\n"}
{"Time":"2026-09-13T13:05:12.6823494+01:00","Action":"pass","Package":"github.com/JohnnyPBelo/relayloom/native/transport","Test":"TestMalformedFloodAndQueuedExpiry","Elapsed":0.21}
{"Time":"2026-09-13T13:05:12.682358427+01:00","Action":"run","Package":"github.com/JohnnyPBelo/relayloom/native/transport","Test":"TestFragmentPriorityAndFairness"}
{"Time":"2026-09-13T13:05:12.682361062+01:00","Action":"output","Package":"github.com/JohnnyPBelo/relayloom/native/transport","Test":"TestFragmentPriorityAndFairness","Output":"=== RUN   TestFragmentPriorityAndFairness\n"}
{"Time":"2026-09-13T13:05:12.823285856+01:00","Action":"output","Package":"github.com/JohnnyPBelo/relayloom/native/transport","Test":"TestFragmentPriorityAndFairness","Output":"--- PASS: TestFragmentPriorityAndFairness (0.14s)\n"}
{"Time":"2026-09-13T13:05:12.82333088+01:00","Action":"pass","Package":"github.com/JohnnyPBelo/relayloom/native/transport","Test":"TestFragmentPriorityAndFairness","Elapsed":0.14}
{"Time":"2026-09-13T13:05:12.823462727+01:00","Action":"run","Package":"github.com/JohnnyPBelo/relayloom/native/transport","Test":"TestReconnectAndRelayConsent"}
{"Time":"2026-09-13T13:05:12.823520456+01:00","Action":"output","Package":"github.com/JohnnyPBelo/relayloom/native/transport","Test":"TestReconnectAndRelayConsent","Output":"=== RUN   TestReconnectAndRelayConsent\n"}
{"Time":"2026-09-13T13:05:14.032617284+01:00","Action":"output","Package":"github.com/JohnnyPBelo/relayloom/native/transport","Test":"TestReconnectAndRelayConsent","Output":"--- PASS: TestReconnectAndRelayConsent (1.21s)\n"}
{"Time":"2026-09-13T13:05:14.032678319+01:00","Action":"pass","Package":"github.com/JohnnyPBelo/relayloom/native/transport","Test":"TestReconnectAndRelayConsent","Elapsed":1.21}
{"Time":"2026-09-13T13:05:14.032687215+01:00","Action":"run","Package":"github.com/JohnnyPBelo/relayloom/native/transport","Test":"TestMissingFragmentAndACKRetryOverTCP"}
{"Time":"2026-09-13T13:05:14.03268962+01:00","Action":"output","Package":"github.com/JohnnyPBelo/relayloom/native/transport","Test":"TestMissingFragmentAndACKRetryOverTCP","Output":"=== RUN   TestMissingFragmentAndACKRetryOverTCP\n"}
{"Time":"2026-09-13T13:05:18.444107656+01:00","Action":"output","Package":"github.com/JohnnyPBelo/relayloom/native/transport","Test":"TestMissingFragmentAndACKRetryOverTCP","Output":"--- PASS: TestMissingFragmentAndACKRetryOverTCP (4.41s)\n"}
{"Time":"2026-09-13T13:05:18.44415747+01:00","Action":"pass","Package":"github.com/JohnnyPBelo/relayloom/native/transport","Test":"TestMissingFragmentAndACKRetryOverTCP","Elapsed":4.41}
{"Time":"2026-09-13T13:05:18.444166948+01:00","Action":"run","Package":"github.com/JohnnyPBelo/relayloom/native/transport","Test":"TestDeliveryAndDialQueuesAreBounded"}
{"Time":"2026-09-13T13:05:18.444169572+01:00","Action":"output","Package":"github.com/JohnnyPBelo/relayloom/native/transport","Test":"TestDeliveryAndDialQueuesAreBounded","Output":"=== RUN   TestDeliveryAndDialQueuesAreBounded\n"}
{"Time":"2026-09-13T13:05:18.463309669+01:00","Action":"output","Package":"github.com/JohnnyPBelo/relayloom/native/transport","Test":"TestDeliveryAndDialQueuesAreBounded","Output":"--- PASS: TestDeliveryAndDialQueuesAreBounded (0.02s)\n"}
{"Time":"2026-09-13T13:05:18.463329025+01:00","Action":"pass","Package":"github.com/JohnnyPBelo/relayloom/native/transport","Test":"TestDeliveryAndDialQueuesAreBounded","Elapsed":0.02}
{"Time":"2026-09-13T13:05:18.463345085+01:00","Action":"run","Package":"github.com/JohnnyPBelo/relayloom/native/transport","Test":"TestHopLimitAndValidationBeforeForwarding"}
{"Time":"2026-09-13T13:05:18.46334754+01:00","Action":"output","Package":"github.com/JohnnyPBelo/relayloom/native/transport","Test":"TestHopLimitAndValidationBeforeForwarding","Output":"=== RUN   TestHopLimitAndValidationBeforeForwarding\n"}
{"Time":"2026-09-13T13:05:18.56568784+01:00","Action":"output","Package":"github.com/JohnnyPBelo/relayloom/native/transport","Test":"TestHopLimitAndValidationBeforeForwarding","Output":"--- PASS: TestHopLimitAndValidationBeforeForwarding (0.10s)\n"}
{"Time":"2026-09-13T13:05:18.565746701+01:00","Action":"pass","Package":"github.com/JohnnyPBelo/relayloom/native/transport","Test":"TestHopLimitAndValidationBeforeForwarding","Elapsed":0.1}
{"Time":"2026-09-13T13:05:18.565754625+01:00","Action":"output","Package":"github.com/JohnnyPBelo/relayloom/native/transport","Output":"PASS\n"}
{"Time":"2026-09-13T13:05:19.570379093+01:00","Action":"output","Package":"github.com/JohnnyPBelo/relayloom/native/transport","Output":"ok  \tgithub.com/JohnnyPBelo/relayloom/native/transport\t12.318s\n"}
{"Time":"2026-09-13T13:05:19.570433005+01:00","Action":"pass","Package":"github.com/JohnnyPBelo/relayloom/native/transport","Elapsed":12.318}
{"Time":"2026-09-13T13:05:20.088329092+01:00","Action":"start","Package":"github.com/JohnnyPBelo/relayloom/native/app"}
{"Time":"2026-09-13T13:05:20.098059135+01:00","Action":"run","Package":"github.com/JohnnyPBelo/relayloom/native/app","Test":"TestConnectSavedEndpointAtCapacityIsIdempotent"}
{"Time":"2026-09-13T13:05:20.098111072+01:00","Action":"output","Package":"github.com/JohnnyPBelo/relayloom/native/app","Test":"TestConnectSavedEndpointAtCapacityIsIdempotent","Output":"=== RUN   TestConnectSavedEndpointAtCapacityIsIdempotent\n"}
{"Time":"2026-09-13T13:05:20.765734958+01:00","Action":"output","Package":"github.com/JohnnyPBelo/relayloom/native/app","Test":"TestConnectSavedEndpointAtCapacityIsIdempotent","Output":"--- PASS: TestConnectSavedEndpointAtCapacityIsIdempotent (0.67s)\n"}
{"Time":"2026-09-13T13:05:20.765772448+01:00","Action":"pass","Package":"github.com/JohnnyPBelo/relayloom/native/app","Test":"TestConnectSavedEndpointAtCapacityIsIdempotent","Elapsed":0.67}
{"Time":"2026-09-13T13:05:20.765780513+01:00","Action":"run","Package":"github.com/JohnnyPBelo/relayloom/native/app","Test":"TestApplicationMessagesGroupsReceiptsAndPrivacy"}
{"Time":"2026-09-13T13:05:20.765783509+01:00","Action":"output","Package":"github.com/JohnnyPBelo/relayloom/native/app","Test":"TestApplicationMessagesGroupsReceiptsAndPrivacy","Output":"=== RUN   TestApplicationMessagesGroupsReceiptsAndPrivacy\n"}
{"Time":"2026-09-13T13:05:22.452362471+01:00","Action":"output","Package":"github.com/JohnnyPBelo/relayloom/native/app","Test":"TestApplicationMessagesGroupsReceiptsAndPrivacy","Output":"--- PASS: TestApplicationMessagesGroupsReceiptsAndPrivacy (1.69s)\n"}
{"Time":"2026-09-13T13:05:22.452408257+01:00","Action":"pass","Package":"github.com/JohnnyPBelo/relayloom/native/app","Test":"TestApplicationMessagesGroupsReceiptsAndPrivacy","Elapsed":1.69}
{"Time":"2026-09-13T13:05:22.452418015+01:00","Action":"run","Package":"github.com/JohnnyPBelo/relayloom/native/app","Test":"TestInboundSemanticACLRejectsSignedForgeriesAndViewBypass"}
{"Time":"2026-09-13T13:05:22.452420209+01:00","Action":"output","Package":"github.com/JohnnyPBelo/relayloom/native/app","Test":"TestInboundSemanticACLRejectsSignedForgeriesAndViewBypass","Output":"=== RUN   TestInboundSemanticACLRejectsSignedForgeriesAndViewBypass\n"}
{"Time":"2026-09-13T13:05:23.382277103+01:00","Action":"output","Package":"github.com/JohnnyPBelo/relayloom/native/app","Test":"TestInboundSemanticACLRejectsSignedForgeriesAndViewBypass","Output":"--- PASS: TestInboundSemanticACLRejectsSignedForgeriesAndViewBypass (0.93s)\n"}
{"Time":"2026-09-13T13:05:23.382323439+01:00","Action":"pass","Package":"github.com/JohnnyPBelo/relayloom/native/app","Test":"TestInboundSemanticACLRejectsSignedForgeriesAndViewBypass","Elapsed":0.93}
{"Time":"2026-09-13T13:05:23.382346653+01:00","Action":"run","Package":"github.com/JohnnyPBelo/relayloom/native/app","Test":"TestDeletionSurvivesImmediateOriginalEvictionEventLossAndRestart"}
{"Time":"2026-09-13T13:05:23.38235051+01:00","Action":"output","Package":"github.com/JohnnyPBelo/relayloom/native/app","Test":"TestDeletionSurvivesImmediateOriginalEvictionEventLossAndRestart","Output":"=== RUN   TestDeletionSurvivesImmediateOriginalEvictionEventLossAndRestart\n"}
{"Time":"2026-09-13T13:05:24.796557084+01:00","Action":"output","Package":"github.com/JohnnyPBelo/relayloom/native/app","Test":"TestDeletionSurvivesImmediateOriginalEvictionEventLossAndRestart","Output":"--- PASS: TestDeletionSurvivesImmediateOriginalEvictionEventLossAndRestart (1.41s)\n"}
{"Time":"2026-09-13T13:05:24.796596768+01:00","Action":"pass","Package":"github.com/JohnnyPBelo/relayloom/native/app","Test":"TestDeletionSurvivesImmediateOriginalEvictionEventLossAndRestart","Elapsed":1.41}
{"Time":"2026-09-13T13:05:24.796611155+01:00","Action":"run","Package":"github.com/JohnnyPBelo/relayloom/native/app","Test":"TestJournalEditTieOrderDraftEncryptionAndTamperRejection"}
{"Time":"2026-09-13T13:05:24.79661394+01:00","Action":"output","Package":"github.com/JohnnyPBelo/relayloom/native/app","Test":"TestJournalEditTieOrderDraftEncryptionAndTamperRejection","Output":"=== RUN   TestJournalEditTieOrderDraftEncryptionAndTamperRejection\n"}
{"Time":"2026-09-13T13:05:26.645099676+01:00","Action":"output","Package":"github.com/JohnnyPBelo/relayloom/native/app","Test":"TestJournalEditTieOrderDraftEncryptionAndTamperRejection","Output":"--- PASS: TestJournalEditTieOrderDraftEncryptionAndTamperRejection (1.85s)\n"}
{"Time":"2026-09-13T13:05:26.645142386+01:00","Action":"pass","Package":"github.com/JohnnyPBelo/relayloom/native/app","Test":"TestJournalEditTieOrderDraftEncryptionAndTamperRejection","Elapsed":1.85}
{"Time":"2026-09-13T13:05:26.64515007+01:00","Action":"run","Package":"github.com/JohnnyPBelo/relayloom/native/app","Test":"TestCollectionsFollowingRetrievalAndPrivateMetadata"}
{"Time":"2026-09-13T13:05:26.645153046+01:00","Action":"output","Package":"github.com/JohnnyPBelo/relayloom/native/app","Test":"TestCollectionsFollowingRetrievalAndPrivateMetadata","Output":"=== RUN   TestCollectionsFollowingRetrievalAndPrivateMetadata\n"}
{"Time":"2026-09-13T13:05:27.466759898+01:00","Action":"output","Package":"github.com/JohnnyPBelo/relayloom/native/app","Test":"TestCollectionsFollowingRetrievalAndPrivateMetadata","Output":"--- PASS: TestCollectionsFollowingRetrievalAndPrivateMetadata (0.82s)\n"}
{"Time":"2026-09-13T13:05:27.466801526+01:00","Action":"pass","Package":"github.com/JohnnyPBelo/relayloom/native/app","Test":"TestCollectionsFollowingRetrievalAndPrivateMetadata","Elapsed":0.82}
{"Time":"2026-09-13T13:05:27.466811465+01:00","Action":"run","Package":"github.com/JohnnyPBelo/relayloom/native/app","Test":"TestHTTPAuthenticationOriginPathsAndStateArrays"}
{"Time":"2026-09-13T13:05:27.4668142+01:00","Action":"output","Package":"github.com/JohnnyPBelo/relayloom/native/app","Test":"TestHTTPAuthenticationOriginPathsAndStateArrays","Output":"=== RUN   TestHTTPAuthenticationOriginPathsAndStateArrays\n"}
{"Time":"2026-09-13T13:05:27.502982533+01:00","Action":"output","Package":"github.com/JohnnyPBelo/relayloom/native/app","Test":"TestHTTPAuthenticationOriginPathsAndStateArrays","Output":"--- PASS: TestHTTPAuthenticationOriginPathsAndStateArrays (0.04s)\n"}
{"Time":"2026-09-13T13:05:27.503011467+01:00","Action":"pass","Package":"github.com/JohnnyPBelo/relayloom/native/app","Test":"TestHTTPAuthenticationOriginPathsAndStateArrays","Elapsed":0.04}
{"Time":"2026-09-13T13:05:27.503019973+01:00","Action":"run","Package":"github.com/JohnnyPBelo/relayloom/native/app","Test":"TestApplicationRelayPauseBlocksCachedServing"}
{"Time":"2026-09-13T13:05:27.5030234+01:00","Action":"output","Package":"github.com/JohnnyPBelo/relayloom/native/app","Test":"TestApplicationRelayPauseBlocksCachedServing","Output":"=== RUN   TestApplicationRelayPauseBlocksCachedServing\n"}
{"Time":"2026-09-13T13:05:28.467171396+01:00","Action":"output","Package":"github.com/JohnnyPBelo/relayloom/native/app","Test":"TestApplicationRelayPauseBlocksCachedServing","Output":"--- PASS: TestApplicationRelayPauseBlocksCachedServing (0.96s)\n"}
{"Time":"2026-09-13T13:05:28.467217002+01:00","Action":"pass","Package":"github.com/JohnnyPBelo/relayloom/native/app","Test":"TestApplicationRelayPauseBlocksCachedServing","Elapsed":0.96}
{"Time":"2026-09-13T13:05:28.467227862+01:00","Action":"run","Package":"github.com/JohnnyPBelo/relayloom/native/app","Test":"TestGroupCommandLostResponseRecoversOnlyCommittedResult"}
{"Time":"2026-09-13T13:05:28.467231389+01:00","Action":"output","Package":"github.com/JohnnyPBelo/relayloom/native/app","Test":"TestGroupCommandLostResponseRecoversOnlyCommittedResult","Output":"=== RUN   TestGroupCommandLostResponseRecoversOnlyCommittedResult\n"}
{"Time":"2026-09-13T13:05:28.46724235+01:00","Action":"run","Package":"github.com/JohnnyPBelo/relayloom/native/app","Test":"TestGroupCommandLostResponseRecoversOnlyCommittedResult/before-commit"}
{"Time":"2026-09-13T13:05:28.467245586+01:00","Action":"output","Package":"github.com/JohnnyPBelo/relayloom/native/app","Test":"TestGroupCommandLostResponseRecoversOnlyCommittedResult/before-commit","Output":"=== RUN   TestGroupCommandLostResponseRecoversOnlyCommittedResult/before-commit\n"}
{"Time":"2026-09-13T13:05:29.366752385+01:00","Action":"output","Package":"github.com/JohnnyPBelo/relayloom/native/app","Test":"TestGroupCommandLostResponseRecoversOnlyCommittedResult/before-commit","Output":"--- PASS: TestGroupCommandLostResponseRecoversOnlyCommittedResult/before-commit (0.90s)\n"}
{"Time":"2026-09-13T13:05:29.366795586+01:00","Action":"pass","Package":"github.com/JohnnyPBelo/relayloom/native/app","Test":"TestGroupCommandLostResponseRecoversOnlyCommittedResult/before-commit","Elapsed":0.9}
{"Time":"2026-09-13T13:05:29.366811626+01:00","Action":"run","Package":"github.com/JohnnyPBelo/relayloom/native/app","Test":"TestGroupCommandLostResponseRecoversOnlyCommittedResult/after-commit"}
{"Time":"2026-09-13T13:05:29.366814752+01:00","Action":"output","Package":"github.com/JohnnyPBelo/relayloom/native/app","Test":"TestGroupCommandLostResponseRecoversOnlyCommittedResult/after-commit","Output":"=== RUN   TestGroupCommandLostResponseRecoversOnlyCommittedResult/after-commit\n"}
{"Time":"2026-09-13T13:05:30.261726055+01:00","Action":"output","Package":"github.com/JohnnyPBelo/relayloom/native/app","Test":"TestGroupCommandLostResponseRecoversOnlyCommittedResult/after-commit","Output":"--- PASS: TestGroupCommandLostResponseRecoversOnlyCommittedResult/after-commit (0.89s)\n"}
{"Time":"2026-09-13T13:05:30.261774516+01:00","Action":"pass","Package":"github.com/JohnnyPBelo/relayloom/native/app","Test":"TestGroupCommandLostResponseRecoversOnlyCommittedResult/after-commit","Elapsed":0.89}
{"Time":"2026-09-13T13:05:30.261783883+01:00","Action":"output","Package":"github.com/JohnnyPBelo/relayloom/native/app","Test":"TestGroupCommandLostResponseRecoversOnlyCommittedResult","Output":"--- PASS: TestGroupCommandLostResponseRecoversOnlyCommittedResult (1.79s)\n"}
{"Time":"2026-09-13T13:05:30.261788402+01:00","Action":"pass","Package":"github.com/JohnnyPBelo/relayloom/native/app","Test":"TestGroupCommandLostResponseRecoversOnlyCommittedResult","Elapsed":1.79}
{"Time":"2026-09-13T13:05:30.261829519+01:00","Action":"run","Package":"github.com/JohnnyPBelo/relayloom/native/app","Test":"TestGroupCommandRejectsStalePrivateDigestAndRecovers"}
{"Time":"2026-09-13T13:05:30.261832935+01:00","Action":"output","Package":"github.com/JohnnyPBelo/relayloom/native/app","Test":"TestGroupCommandRejectsStalePrivateDigestAndRecovers","Output":"=== RUN   TestGroupCommandRejectsStalePrivateDigestAndRecovers\n"}
{"Time":"2026-09-13T13:05:31.031357718+01:00","Action":"output","Package":"github.com/JohnnyPBelo/relayloom/native/app","Test":"TestGroupCommandRejectsStalePrivateDigestAndRecovers","Output":"--- PASS: TestGroupCommandRejectsStalePrivateDigestAndRecovers (0.77s)\n"}
{"Time":"2026-09-13T13:05:31.031404475+01:00","Action":"pass","Package":"github.com/JohnnyPBelo/relayloom/native/app","Test":"TestGroupCommandRejectsStalePrivateDigestAndRecovers","Elapsed":0.77}
{"Time":"2026-09-13T13:05:31.03141254+01:00","Action":"run","Package":"github.com/JohnnyPBelo/relayloom/native/app","Test":"TestGroupConfirmationCommitFailure"}
{"Time":"2026-09-13T13:05:31.03141764+01:00","Action":"output","Package":"github.com/JohnnyPBelo/relayloom/native/app","Test":"TestGroupConfirmationCommitFailure","Output":"=== RUN   TestGroupConfirmationCommitFailure\n"}
{"Time":"2026-09-13T13:05:31.031462304+01:00","Action":"run","Package":"github.com/JohnnyPBelo/relayloom/native/app","Test":"TestGroupConfirmationCommitFailure/rollback"}
{"Time":"2026-09-13T13:05:31.031464718+01:00","Action":"output","Package":"github.com/JohnnyPBelo/relayloom/native/app","Test":"TestGroupConfirmationCommitFailure/rollback","Output":"=== RUN   TestGroupConfirmationCommitFailure/rollback\n"}
{"Time":"2026-09-13T13:05:36.65253306+01:00","Action":"output","Package":"github.com/JohnnyPBelo/relayloom/native/app","Test":"TestGroupConfirmationCommitFailure/rollback","Output":"--- PASS: TestGroupConfirmationCommitFailure/rollback (5.62s)\n"}
{"Time":"2026-09-13T13:05:36.65257027+01:00","Action":"pass","Package":"github.com/JohnnyPBelo/relayloom/native/app","Test":"TestGroupConfirmationCommitFailure/rollback","Elapsed":5.62}
{"Time":"2026-09-13T13:05:36.652579507+01:00","Action":"run","Package":"github.com/JohnnyPBelo/relayloom/native/app","Test":"TestGroupConfirmationCommitFailure/lost-response"}
{"Time":"2026-09-13T13:05:36.652582152+01:00","Action":"output","Package":"github.com/JohnnyPBelo/relayloom/native/app","Test":"TestGroupConfirmationCommitFailure/lost-response","Output":"=== RUN   TestGroupConfirmationCommitFailure/lost-response\n"}
{"Time":"2026-09-13T13:05:42.327006782+01:00","Action":"output","Package":"github.com/JohnnyPBelo/relayloom/native/app","Test":"TestGroupConfirmationCommitFailure/lost-response","Output":"--- PASS: TestGroupConfirmationCommitFailure/lost-response (5.67s)\n"}
{"Time":"2026-09-13T13:05:42.327055984+01:00","Action":"pass","Package":"github.com/JohnnyPBelo/relayloom/native/app","Test":"TestGroupConfirmationCommitFailure/lost-response","Elapsed":5.67}
{"Time":"2026-09-13T13:05:42.32706474+01:00","Action":"output","Package":"github.com/JohnnyPBelo/relayloom/native/app","Test":"TestGroupConfirmationCommitFailure","Output":"--- PASS: TestGroupConfirmationCommitFailure (11.30s)\n"}
{"Time":"2026-09-13T13:05:42.327103223+01:00","Action":"pass","Package":"github.com/JohnnyPBelo/relayloom/native/app","Test":"TestGroupConfirmationCommitFailure","Elapsed":11.3}
{"Time":"2026-09-13T13:05:42.327144059+01:00","Action":"run","Package":"github.com/JohnnyPBelo/relayloom/native/app","Test":"TestGroupConfirmationBlockedAndMissingOriginal"}
{"Time":"2026-09-13T13:05:42.327148858+01:00","Action":"output","Package":"github.com/JohnnyPBelo/relayloom/native/app","Test":"TestGroupConfirmationBlockedAndMissingOriginal","Output":"=== RUN   TestGroupConfirmationBlockedAndMissingOriginal\n"}
{"Time":"2026-09-13T13:05:47.012451246+01:00","Action":"output","Package":"github.com/JohnnyPBelo/relayloom/native/app","Test":"TestGroupConfirmationBlockedAndMissingOriginal","Output":"--- PASS: TestGroupConfirmationBlockedAndMissingOriginal (4.69s)\n"}
{"Time":"2026-09-13T13:05:47.012498715+01:00","Action":"pass","Package":"github.com/JohnnyPBelo/relayloom/native/app","Test":"TestGroupConfirmationBlockedAndMissingOriginal","Elapsed":4.69}
{"Time":"2026-09-13T13:05:47.012510076+01:00","Action":"run","Package":"github.com/JohnnyPBelo/relayloom/native/app","Test":"TestGroupConfirmationWrongBindingCannotSuppressValidFact"}
{"Time":"2026-09-13T13:05:47.012512621+01:00","Action":"output","Package":"github.com/JohnnyPBelo/relayloom/native/app","Test":"TestGroupConfirmationWrongBindingCannotSuppressValidFact","Output":"=== RUN   TestGroupConfirmationWrongBindingCannotSuppressValidFact\n"}
{"Time":"2026-09-13T13:05:51.436430443+01:00","Action":"output","Package":"github.com/JohnnyPBelo/relayloom/native/app","Test":"TestGroupConfirmationWrongBindingCannotSuppressValidFact","Output":"--- PASS: TestGroupConfirmationWrongBindingCannotSuppressValidFact (4.42s)\n"}
{"Time":"2026-09-13T13:05:51.436479144+01:00","Action":"pass","Package":"github.com/JohnnyPBelo/relayloom/native/app","Test":"TestGroupConfirmationWrongBindingCannotSuppressValidFact","Elapsed":4.42}
{"Time":"2026-09-13T13:05:51.436489073+01:00","Action":"run","Package":"github.com/JohnnyPBelo/relayloom/native/app","Test":"TestGroupConfirmationMissingHistoricalProof"}
{"Time":"2026-09-13T13:05:51.436500905+01:00","Action":"output","Package":"github.com/JohnnyPBelo/relayloom/native/app","Test":"TestGroupConfirmationMissingHistoricalProof","Output":"=== RUN   TestGroupConfirmationMissingHistoricalProof\n"}
{"Time":"2026-09-13T13:05:59.365825417+01:00","Action":"output","Package":"github.com/JohnnyPBelo/relayloom/native/app","Test":"TestGroupConfirmationMissingHistoricalProof","Output":"--- PASS: TestGroupConfirmationMissingHistoricalProof (7.93s)\n"}
{"Time":"2026-09-13T13:05:59.365868067+01:00","Action":"pass","Package":"github.com/JohnnyPBelo/relayloom/native/app","Test":"TestGroupConfirmationMissingHistoricalProof","Elapsed":7.93}
{"Time":"2026-09-13T13:05:59.365875891+01:00","Action":"run","Package":"github.com/JohnnyPBelo/relayloom/native/app","Test":"TestGroupAdmissionOuterRollbackCannotDisplay"}
{"Time":"2026-09-13T13:05:59.365878536+01:00","Action":"output","Package":"github.com/JohnnyPBelo/relayloom/native/app","Test":"TestGroupAdmissionOuterRollbackCannotDisplay","Output":"=== RUN   TestGroupAdmissionOuterRollbackCannotDisplay\n"}
{"Time":"2026-09-13T13:06:00.734542982+01:00","Action":"output","Package":"github.com/JohnnyPBelo/relayloom/native/app","Test":"TestGroupAdmissionOuterRollbackCannotDisplay","Output":"--- PASS: TestGroupAdmissionOuterRollbackCannotDisplay (1.37s)\n"}
{"Time":"2026-09-13T13:06:00.734587255+01:00","Action":"pass","Package":"github.com/JohnnyPBelo/relayloom/native/app","Test":"TestGroupAdmissionOuterRollbackCannotDisplay","Elapsed":1.37}
{"Time":"2026-09-13T13:06:00.734598486+01:00","Action":"run","Package":"github.com/JohnnyPBelo/relayloom/native/app","Test":"TestGroupHistoricalDeleteAndAdmissionRecoverAfterLostResponse"}
{"Time":"2026-09-13T13:06:00.734601311+01:00","Action":"output","Package":"github.com/JohnnyPBelo/relayloom/native/app","Test":"TestGroupHistoricalDeleteAndAdmissionRecoverAfterLostResponse","Output":"=== RUN   TestGroupHistoricalDeleteAndAdmissionRecoverAfterLostResponse\n"}
{"Time":"2026-09-13T13:06:02.874820084+01:00","Action":"output","Package":"github.com/JohnnyPBelo/relayloom/native/app","Test":"TestGroupHistoricalDeleteAndAdmissionRecoverAfterLostResponse","Output":"--- PASS: TestGroupHistoricalDeleteAndAdmissionRecoverAfterLostResponse (2.14s)\n"}
{"Time":"2026-09-13T13:06:02.874861582+01:00","Action":"pass","Package":"github.com/JohnnyPBelo/relayloom/native/app","Test":"TestGroupHistoricalDeleteAndAdmissionRecoverAfterLostResponse","Elapsed":2.14}
{"Time":"2026-09-13T13:06:02.874870338+01:00","Action":"run","Package":"github.com/JohnnyPBelo/relayloom/native/app","Test":"TestGroupQuarantineReservationFailureRollsBackAndLocks"}
{"Time":"2026-09-13T13:06:02.874873605+01:00","Action":"output","Package":"github.com/JohnnyPBelo/relayloom/native/app","Test":"TestGroupQuarantineReservationFailureRollsBackAndLocks","Output":"=== RUN   TestGroupQuarantineReservationFailureRollsBackAndLocks\n"}
{"Time":"2026-09-13T13:06:04.708250121+01:00","Action":"output","Package":"github.com/JohnnyPBelo/relayloom/native/app","Test":"TestGroupQuarantineReservationFailureRollsBackAndLocks","Output":"--- PASS: TestGroupQuarantineReservationFailureRollsBackAndLocks (1.83s)\n"}
{"Time":"2026-09-13T13:06:04.708299784+01:00","Action":"pass","Package":"github.com/JohnnyPBelo/relayloom/native/app","Test":"TestGroupQuarantineReservationFailureRollsBackAndLocks","Elapsed":1.83}
{"Time":"2026-09-13T13:06:04.708310154+01:00","Action":"run","Package":"github.com/JohnnyPBelo/relayloom/native/app","Test":"TestGroupCorruptQuarantineDoesNotBlockHealthyAdmission"}
{"Time":"2026-09-13T13:06:04.70832403+01:00","Action":"output","Package":"github.com/JohnnyPBelo/relayloom/native/app","Test":"TestGroupCorruptQuarantineDoesNotBlockHealthyAdmission","Output":"=== RUN   TestGroupCorruptQuarantineDoesNotBlockHealthyAdmission\n"}
{"Time":"2026-09-13T13:06:06.038178329+01:00","Action":"output","Package":"github.com/JohnnyPBelo/relayloom/native/app","Test":"TestGroupCorruptQuarantineDoesNotBlockHealthyAdmission","Output":"--- PASS: TestGroupCorruptQuarantineDoesNotBlockHealthyAdmission (1.33s)\n"}
{"Time":"2026-09-13T13:06:06.038220458+01:00","Action":"pass","Package":"github.com/JohnnyPBelo/relayloom/native/app","Test":"TestGroupCorruptQuarantineDoesNotBlockHealthyAdmission","Elapsed":1.33}
{"Time":"2026-09-13T13:06:06.038228503+01:00","Action":"run","Package":"github.com/JohnnyPBelo/relayloom/native/app","Test":"TestGroupHistoryExpiryMustMatchSignedBundle"}
{"Time":"2026-09-13T13:06:06.038231368+01:00","Action":"output","Package":"github.com/JohnnyPBelo/relayloom/native/app","Test":"TestGroupHistoryExpiryMustMatchSignedBundle","Output":"=== RUN   TestGroupHistoryExpiryMustMatchSignedBundle\n"}
{"Time":"2026-09-13T13:06:07.35253438+01:00","Action":"output","Package":"github.com/JohnnyPBelo/relayloom/native/app","Test":"TestGroupHistoryExpiryMustMatchSignedBundle","Output":"--- PASS: TestGroupHistoryExpiryMustMatchSignedBundle (1.31s)\n"}
{"Time":"2026-09-13T13:06:07.352578954+01:00","Action":"pass","Package":"github.com/JohnnyPBelo/relayloom/native/app","Test":"TestGroupHistoryExpiryMustMatchSignedBundle","Elapsed":1.31}
{"Time":"2026-09-13T13:06:07.352586528+01:00","Action":"run","Package":"github.com/JohnnyPBelo/relayloom/native/app","Test":"TestGroupOutboxProcessExitFixture"}
{"Time":"2026-09-13T13:06:07.352589253+01:00","Action":"output","Package":"github.com/JohnnyPBelo/relayloom/native/app","Test":"TestGroupOutboxProcessExitFixture","Output":"=== RUN   TestGroupOutboxProcessExitFixture\n"}
{"Time":"2026-09-13T13:06:07.352626913+01:00","Action":"output","Package":"github.com/JohnnyPBelo/relayloom/native/app","Test":"TestGroupOutboxProcessExitFixture","Output":"    group_outbox_process_test.go:18: requires the cross-runtime process fixture\n"}
{"Time":"2026-09-13T13:06:07.352652111+01:00","Action":"output","Package":"github.com/JohnnyPBelo/relayloom/native/app","Test":"TestGroupOutboxProcessExitFixture","Output":"--- SKIP: TestGroupOutboxProcessExitFixture (0.00s)\n"}
{"Time":"2026-09-13T13:06:07.352664464+01:00","Action":"skip","Package":"github.com/JohnnyPBelo/relayloom/native/app","Test":"TestGroupOutboxProcessExitFixture","Elapsed":0}
{"Time":"2026-09-13T13:06:07.352676356+01:00","Action":"run","Package":"github.com/JohnnyPBelo/relayloom/native/app","Test":"TestGroupOutboxMissingSnapshotPausesWithoutLosingAvailability"}
{"Time":"2026-09-13T13:06:07.35267824+01:00","Action":"output","Package":"github.com/JohnnyPBelo/relayloom/native/app","Test":"TestGroupOutboxMissingSnapshotPausesWithoutLosingAvailability","Output":"=== RUN   TestGroupOutboxMissingSnapshotPausesWithoutLosingAvailability\n"}
{"Time":"2026-09-13T13:06:15.001732806+01:00","Action":"output","Package":"github.com/JohnnyPBelo/relayloom/native/app","Test":"TestGroupOutboxMissingSnapshotPausesWithoutLosingAvailability","Output":"--- PASS: TestGroupOutboxMissingSnapshotPausesWithoutLosingAvailability (7.65s)\n"}
{"Time":"2026-09-13T13:06:15.001774454+01:00","Action":"pass","Package":"github.com/JohnnyPBelo/relayloom/native/app","Test":"TestGroupOutboxMissingSnapshotPausesWithoutLosingAvailability","Elapsed":7.65}
{"Time":"2026-09-13T13:06:15.001784613+01:00","Action":"run","Package":"github.com/JohnnyPBelo/relayloom/native/app","Test":"TestGroupOutboxMinimalStopAndManualPinSurviveReopen"}
{"Time":"2026-09-13T13:06:15.001787218+01:00","Action":"output","Package":"github.com/JohnnyPBelo/relayloom/native/app","Test":"TestGroupOutboxMinimalStopAndManualPinSurviveReopen","Output":"=== RUN   TestGroupOutboxMinimalStopAndManualPinSurviveReopen\n"}
{"Time":"2026-09-13T13:06:20.539478011+01:00","Action":"output","Package":"github.com/JohnnyPBelo/relayloom/native/app","Test":"TestGroupOutboxMinimalStopAndManualPinSurviveReopen","Output":"--- PASS: TestGroupOutboxMinimalStopAndManualPinSurviveReopen (5.54s)\n"}
{"Time":"2026-09-13T13:06:20.539529247+01:00","Action":"pass","Package":"github.com/JohnnyPBelo/relayloom/native/app","Test":"TestGroupOutboxMinimalStopAndManualPinSurviveReopen","Elapsed":5.54}
{"Time":"2026-09-13T13:06:20.539539246+01:00","Action":"run","Package":"github.com/JohnnyPBelo/relayloom/native/app","Test":"TestGroupOutboxStopAndAuthorityShareFailureBoundary"}
{"Time":"2026-09-13T13:06:20.539542001+01:00","Action":"output","Package":"github.com/JohnnyPBelo/relayloom/native/app","Test":"TestGroupOutboxStopAndAuthorityShareFailureBoundary","Output":"=== RUN   TestGroupOutboxStopAndAuthorityShareFailureBoundary\n"}
{"Time":"2026-09-13T13:06:20.539554986+01:00","Action":"run","Package":"github.com/JohnnyPBelo/relayloom/native/app","Test":"TestGroupOutboxStopAndAuthorityShareFailureBoundary/rollback"}
{"Time":"2026-09-13T13:06:20.539556749+01:00","Action":"output","Package":"github.com/JohnnyPBelo/relayloom/native/app","Test":"TestGroupOutboxStopAndAuthorityShareFailureBoundary/rollback","Output":"=== RUN   TestGroupOutboxStopAndAuthorityShareFailureBoundary/rollback\n"}
{"Time":"2026-09-13T13:06:25.173287174+01:00","Action":"output","Package":"github.com/JohnnyPBelo/relayloom/native/app","Test":"TestGroupOutboxStopAndAuthorityShareFailureBoundary/rollback","Output":"--- PASS: TestGroupOutboxStopAndAuthorityShareFailureBoundary/rollback (4.63s)\n"}
{"Time":"2026-09-13T13:06:25.173341375+01:00","Action":"pass","Package":"github.com/JohnnyPBelo/relayloom/native/app","Test":"TestGroupOutboxStopAndAuthorityShareFailureBoundary/rollback","Elapsed":4.63}
{"Time":"2026-09-13T13:06:25.17334928+01:00","Action":"run","Package":"github.com/JohnnyPBelo/relayloom/native/app","Test":"TestGroupOutboxStopAndAuthorityShareFailureBoundary/lost-commit-response"}
{"Time":"2026-09-13T13:06:25.173351695+01:00","Action":"output","Package":"github.com/JohnnyPBelo/relayloom/native/app","Test":"TestGroupOutboxStopAndAuthorityShareFailureBoundary/lost-commit-response","Output":"=== RUN   TestGroupOutboxStopAndAuthorityShareFailureBoundary/lost-commit-response\n"}
{"Time":"2026-09-13T13:06:28.566699242+01:00","Action":"output","Package":"github.com/JohnnyPBelo/relayloom/native/app","Test":"TestGroupOutboxStopAndAuthorityShareFailureBoundary/lost-commit-response","Output":"--- PASS: TestGroupOutboxStopAndAuthorityShareFailureBoundary/lost-commit-response (3.39s)\n"}
{"Time":"2026-09-13T13:06:28.566741892+01:00","Action":"pass","Package":"github.com/JohnnyPBelo/relayloom/native/app","Test":"TestGroupOutboxStopAndAuthorityShareFailureBoundary/lost-commit-response","Elapsed":3.39}
{"Time":"2026-09-13T13:06:28.566753524+01:00","Action":"output","Package":"github.com/JohnnyPBelo/relayloom/native/app","Test":"TestGroupOutboxStopAndAuthorityShareFailureBoundary","Output":"--- PASS: TestGroupOutboxStopAndAuthorityShareFailureBoundary (8.03s)\n"}
{"Time":"2026-09-13T13:06:28.566765777+01:00","Action":"pass","Package":"github.com/JohnnyPBelo/relayloom/native/app","Test":"TestGroupOutboxStopAndAuthorityShareFailureBoundary","Elapsed":8.03}
{"Time":"2026-09-13T13:06:28.566769384+01:00","Action":"run","Package":"github.com/JohnnyPBelo/relayloom/native/app","Test":"TestGroupOutboxStopCommitsWithFullNormalQuota"}
{"Time":"2026-09-13T13:06:28.566771638+01:00","Action":"output","Package":"github.com/JohnnyPBelo/relayloom/native/app","Test":"TestGroupOutboxStopCommitsWithFullNormalQuota","Output":"=== RUN   TestGroupOutboxStopCommitsWithFullNormalQuota\n"}
{"Time":"2026-09-13T13:06:39.945434125+01:00","Action":"output","Package":"github.com/JohnnyPBelo/relayloom/native/app","Test":"TestGroupOutboxStopCommitsWithFullNormalQuota","Output":"--- PASS: TestGroupOutboxStopCommitsWithFullNormalQuota (11.38s)\n"}
{"Time":"2026-09-13T13:06:39.945476325+01:00","Action":"pass","Package":"github.com/JohnnyPBelo/relayloom/native/app","Test":"TestGroupOutboxStopCommitsWithFullNormalQuota","Elapsed":11.38}
{"Time":"2026-09-13T13:06:39.945501983+01:00","Action":"run","Package":"github.com/JohnnyPBelo/relayloom/native/app","Test":"TestGroupOutboxRejectsForgedMirrorBindingAndOrphan"}
{"Time":"2026-09-13T13:06:39.945504858+01:00","Action":"output","Package":"github.com/JohnnyPBelo/relayloom/native/app","Test":"TestGroupOutboxRejectsForgedMirrorBindingAndOrphan","Output":"=== RUN   TestGroupOutboxRejectsForgedMirrorBindingAndOrphan\n"}
{"Time":"2026-09-13T13:06:39.945507473+01:00","Action":"run","Package":"github.com/JohnnyPBelo/relayloom/native/app","Test":"TestGroupOutboxRejectsForgedMirrorBindingAndOrphan/mirror"}
{"Time":"2026-09-13T13:06:39.945509477+01:00","Action":"output","Package":"github.com/JohnnyPBelo/relayloom/native/app","Test":"TestGroupOutboxRejectsForgedMirrorBindingAndOrphan/mirror","Output":"=== RUN   TestGroupOutboxRejectsForgedMirrorBindingAndOrphan/mirror\n"}
{"Time":"2026-09-13T13:06:43.164646402+01:00","Action":"output","Package":"github.com/JohnnyPBelo/relayloom/native/app","Test":"TestGroupOutboxRejectsForgedMirrorBindingAndOrphan/mirror","Output":"--- PASS: TestGroupOutboxRejectsForgedMirrorBindingAndOrphan/mirror (3.22s)\n"}
{"Time":"2026-09-13T13:06:43.164683812+01:00","Action":"pass","Package":"github.com/JohnnyPBelo/relayloom/native/app","Test":"TestGroupOutboxRejectsForgedMirrorBindingAndOrphan/mirror","Elapsed":3.22}
{"Time":"2026-09-13T13:06:43.164691387+01:00","Action":"run","Package":"github.com/JohnnyPBelo/relayloom/native/app","Test":"TestGroupOutboxRejectsForgedMirrorBindingAndOrphan/binding"}
{"Time":"2026-09-13T13:06:43.164697378+01:00","Action":"output","Package":"github.com/JohnnyPBelo/relayloom/native/app","Test":"TestGroupOutboxRejectsForgedMirrorBindingAndOrphan/binding","Output":"=== RUN   TestGroupOutboxRejectsForgedMirrorBindingAndOrphan/binding\n"}
{"Time":"2026-09-13T13:06:46.849005355+01:00","Action":"output","Package":"github.com/JohnnyPBelo/relayloom/native/app","Test":"TestGroupOutboxRejectsForgedMirrorBindingAndOrphan/binding","Output":"--- PASS: TestGroupOutboxRejectsForgedMirrorBindingAndOrphan/binding (3.68s)\n"}
{"Time":"2026-09-13T13:06:46.849041944+01:00","Action":"pass","Package":"github.com/JohnnyPBelo/relayloom/native/app","Test":"TestGroupOutboxRejectsForgedMirrorBindingAndOrphan/binding","Elapsed":3.68}
{"Time":"2026-09-13T13:06:46.849051281+01:00","Action":"run","Package":"github.com/JohnnyPBelo/relayloom/native/app","Test":"TestGroupOutboxRejectsForgedMirrorBindingAndOrphan/orphan"}
{"Time":"2026-09-13T13:06:46.849054207+01:00","Action":"output","Package":"github.com/JohnnyPBelo/relayloom/native/app","Test":"TestGroupOutboxRejectsForgedMirrorBindingAndOrphan/orphan","Output":"=== RUN   TestGroupOutboxRejectsForgedMirrorBindingAndOrphan/orphan\n"}
{"Time":"2026-09-13T13:06:50.500900952+01:00","Action":"output","Package":"github.com/JohnnyPBelo/relayloom/native/app","Test":"TestGroupOutboxRejectsForgedMirrorBindingAndOrphan/orphan","Output":"--- PASS: TestGroupOutboxRejectsForgedMirrorBindingAndOrphan/orphan (3.65s)\n"}
{"Time":"2026-09-13T13:06:50.500945746+01:00","Action":"pass","Package":"github.com/JohnnyPBelo/relayloom/native/app","Test":"TestGroupOutboxRejectsForgedMirrorBindingAndOrphan/orphan","Elapsed":3.65}
{"Time":"2026-09-13T13:06:50.500953972+01:00","Action":"output","Package":"github.com/JohnnyPBelo/relayloom/native/app","Test":"TestGroupOutboxRejectsForgedMirrorBindingAndOrphan","Output":"--- PASS: TestGroupOutboxRejectsForgedMirrorBindingAndOrphan (10.56s)\n"}
{"Time":"2026-09-13T13:06:50.500956907+01:00","Action":"pass","Package":"github.com/JohnnyPBelo/relayloom/native/app","Test":"TestGroupOutboxRejectsForgedMirrorBindingAndOrphan","Elapsed":10.56}
{"Time":"2026-09-13T13:06:50.500960003+01:00","Action":"run","Package":"github.com/JohnnyPBelo/relayloom/native/app","Test":"TestGroupOutboxBoundedMirrorSchema"}
{"Time":"2026-09-13T13:06:50.500962217+01:00","Action":"output","Package":"github.com/JohnnyPBelo/relayloom/native/app","Test":"TestGroupOutboxBoundedMirrorSchema","Output":"=== RUN   TestGroupOutboxBoundedMirrorSchema\n"}
{"Time":"2026-09-13T13:06:53.225562893+01:00","Action":"output","Package":"github.com/JohnnyPBelo/relayloom/native/app","Test":"TestGroupOutboxBoundedMirrorSchema","Output":"--- PASS: TestGroupOutboxBoundedMirrorSchema (2.72s)\n"}
{"Time":"2026-09-13T13:06:53.225607798+01:00","Action":"pass","Package":"github.com/JohnnyPBelo/relayloom/native/app","Test":"TestGroupOutboxBoundedMirrorSchema","Elapsed":2.72}
{"Time":"2026-09-13T13:06:53.225615452+01:00","Action":"run","Package":"github.com/JohnnyPBelo/relayloom/native/app","Test":"TestGroupOutboxRestrictivePrefixWithInvalidTail"}
{"Time":"2026-09-13T13:06:53.225618227+01:00","Action":"output","Package":"github.com/JohnnyPBelo/relayloom/native/app","Test":"TestGroupOutboxRestrictivePrefixWithInvalidTail","Output":"=== RUN   TestGroupOutboxRestrictivePrefixWithInvalidTail\n"}
{"Time":"2026-09-13T13:06:56.481819856+01:00","Action":"output","Package":"github.com/JohnnyPBelo/relayloom/native/app","Test":"TestGroupOutboxRestrictivePrefixWithInvalidTail","Output":"--- PASS: TestGroupOutboxRestrictivePrefixWithInvalidTail (3.26s)\n"}
{"Time":"2026-09-13T13:06:56.481867115+01:00","Action":"pass","Package":"github.com/JohnnyPBelo/relayloom/native/app","Test":"TestGroupOutboxRestrictivePrefixWithInvalidTail","Elapsed":3.26}
{"Time":"2026-09-13T13:06:56.481876152+01:00","Action":"run","Package":"github.com/JohnnyPBelo/relayloom/native/app","Test":"TestGroupOutboxStopCancelsActualLocalTransportQueue"}
{"Time":"2026-09-13T13:06:56.481879338+01:00","Action":"output","Package":"github.com/JohnnyPBelo/relayloom/native/app","Test":"TestGroupOutboxStopCancelsActualLocalTransportQueue","Output":"=== RUN   TestGroupOutboxStopCancelsActualLocalTransportQueue\n"}
{"Time":"2026-09-13T13:06:56.481884006+01:00","Action":"run","Package":"github.com/JohnnyPBelo/relayloom/native/app","Test":"TestGroupOutboxStopCancelsActualLocalTransportQueue/stop"}
{"Time":"2026-09-13T13:06:56.481886731+01:00","Action":"output","Package":"github.com/JohnnyPBelo/relayloom/native/app","Test":"TestGroupOutboxStopCancelsActualLocalTransportQueue/stop","Output":"=== RUN   TestGroupOutboxStopCancelsActualLocalTransportQueue/stop\n"}
{"Time":"2026-09-13T13:06:59.786742533+01:00","Action":"output","Package":"github.com/JohnnyPBelo/relayloom/native/app","Test":"TestGroupOutboxStopCancelsActualLocalTransportQueue/stop","Output":"--- PASS: TestGroupOutboxStopCancelsActualLocalTransportQueue/stop (3.30s)\n"}
{"Time":"2026-09-13T13:06:59.78678864+01:00","Action":"pass","Package":"github.com/JohnnyPBelo/relayloom/native/app","Test":"TestGroupOutboxStopCancelsActualLocalTransportQueue/stop","Elapsed":3.3}
{"Time":"2026-09-13T13:06:59.787035372+01:00","Action":"run","Package":"github.com/JohnnyPBelo/relayloom/native/app","Test":"TestGroupOutboxStopCancelsActualLocalTransportQueue/negative-control-delivers"}
{"Time":"2026-09-13T13:06:59.787040141+01:00","Action":"output","Package":"github.com/JohnnyPBelo/relayloom/native/app","Test":"TestGroupOutboxStopCancelsActualLocalTransportQueue/negative-control-delivers","Output":"=== RUN   TestGroupOutboxStopCancelsActualLocalTransportQueue/negative-control-delivers\n"}
{"Time":"2026-09-13T13:07:02.709503535+01:00","Action":"output","Package":"github.com/JohnnyPBelo/relayloom/native/app","Test":"TestGroupOutboxStopCancelsActualLocalTransportQueue/negative-control-delivers","Output":"--- PASS: TestGroupOutboxStopCancelsActualLocalTransportQueue/negative-control-delivers (2.92s)\n"}
{"Time":"2026-09-13T13:07:02.709545905+01:00","Action":"pass","Package":"github.com/JohnnyPBelo/relayloom/native/app","Test":"TestGroupOutboxStopCancelsActualLocalTransportQueue/negative-control-delivers","Elapsed":2.92}
{"Time":"2026-09-13T13:07:02.709560592+01:00","Action":"output","Package":"github.com/JohnnyPBelo/relayloom/native/app","Test":"TestGroupOutboxStopCancelsActualLocalTransportQueue","Output":"--- PASS: TestGroupOutboxStopCancelsActualLocalTransportQueue (6.23s)\n"}
{"Time":"2026-09-13T13:07:02.709563848+01:00","Action":"pass","Package":"github.com/JohnnyPBelo/relayloom/native/app","Test":"TestGroupOutboxStopCancelsActualLocalTransportQueue","Elapsed":6.23}
{"Time":"2026-09-13T13:07:02.709578586+01:00","Action":"run","Package":"github.com/JohnnyPBelo/relayloom/native/app","Test":"TestGroupOutboxServeChecksCompletedAuthorAuthority"}
{"Time":"2026-09-13T13:07:02.709581251+01:00","Action":"output","Package":"github.com/JohnnyPBelo/relayloom/native/app","Test":"TestGroupOutboxServeChecksCompletedAuthorAuthority","Output":"=== RUN   TestGroupOutboxServeChecksCompletedAuthorAuthority\n"}
{"Time":"2026-09-13T13:07:02.709610325+01:00","Action":"run","Package":"github.com/JohnnyPBelo/relayloom/native/app","Test":"TestGroupOutboxServeChecksCompletedAuthorAuthority/active"}
{"Time":"2026-09-13T13:07:02.709612229+01:00","Action":"output","Package":"github.com/JohnnyPBelo/relayloom/native/app","Test":"TestGroupOutboxServeChecksCompletedAuthorAuthority/active","Output":"=== RUN   TestGroupOutboxServeChecksCompletedAuthorAuthority/active\n"}
{"Time":"2026-09-13T13:07:09.939077346+01:00","Action":"output","Package":"github.com/JohnnyPBelo/relayloom/native/app","Test":"TestGroupOutboxServeChecksCompletedAuthorAuthority/active","Output":"--- PASS: TestGroupOutboxServeChecksCompletedAuthorAuthority/active (7.23s)\n"}
{"Time":"2026-09-13T13:07:09.939120016+01:00","Action":"pass","Package":"github.com/JohnnyPBelo/relayloom/native/app","Test":"TestGroupOutboxServeChecksCompletedAuthorAuthority/active","Elapsed":7.23}
{"Time":"2026-09-13T13:07:09.939129353+01:00","Action":"run","Package":"github.com/JohnnyPBelo/relayloom/native/app","Test":"TestGroupOutboxServeChecksCompletedAuthorAuthority/closed"}
{"Time":"2026-09-13T13:07:09.939132068+01:00","Action":"output","Package":"github.com/JohnnyPBelo/relayloom/native/app","Test":"TestGroupOutboxServeChecksCompletedAuthorAuthority/closed","Output":"=== RUN   TestGroupOutboxServeChecksCompletedAuthorAuthority/closed\n"}
{"Time":"2026-09-13T13:07:16.231547856+01:00","Action":"output","Package":"github.com/JohnnyPBelo/relayloom/native/app","Test":"TestGroupOutboxServeChecksCompletedAuthorAuthority/closed","Output":"--- PASS: TestGroupOutboxServeChecksCompletedAuthorAuthority/closed (6.29s)\n"}
{"Time":"2026-09-13T13:07:16.231596758+01:00","Action":"pass","Package":"github.com/JohnnyPBelo/relayloom/native/app","Test":"TestGroupOutboxServeChecksCompletedAuthorAuthority/closed","Elapsed":6.29}
{"Time":"2026-09-13T13:07:16.231604903+01:00","Action":"run","Package":"github.com/JohnnyPBelo/relayloom/native/app","Test":"TestGroupOutboxServeChecksCompletedAuthorAuthority/locked"}
{"Time":"2026-09-13T13:07:16.231608269+01:00","Action":"output","Package":"github.com/JohnnyPBelo/relayloom/native/app","Test":"TestGroupOutboxServeChecksCompletedAuthorAuthority/locked","Output":"=== RUN   TestGroupOutboxServeChecksCompletedAuthorAuthority/locked\n"}
{"Time":"2026-09-13T13:07:19.553502668+01:00","Action":"output","Package":"github.com/JohnnyPBelo/relayloom/native/app","Test":"TestGroupOutboxServeChecksCompletedAuthorAuthority/locked","Output":"--- PASS: TestGroupOutboxServeChecksCompletedAuthorAuthority/locked (3.32s)\n"}
{"Time":"2026-09-13T13:07:19.553576636+01:00","Action":"pass","Package":"github.com/JohnnyPBelo/relayloom/native/app","Test":"TestGroupOutboxServeChecksCompletedAuthorAuthority/locked","Elapsed":3.32}
{"Time":"2026-09-13T13:07:19.553591284+01:00","Action":"output","Package":"github.com/JohnnyPBelo/relayloom/native/app","Test":"TestGroupOutboxServeChecksCompletedAuthorAuthority","Output":"--- PASS: TestGroupOutboxServeChecksCompletedAuthorAuthority (16.84s)\n"}
{"Time":"2026-09-13T13:07:19.553597926+01:00","Action":"pass","Package":"github.com/JohnnyPBelo/relayloom/native/app","Test":"TestGroupOutboxServeChecksCompletedAuthorAuthority","Elapsed":16.84}
{"Time":"2026-09-13T13:07:19.553602905+01:00","Action":"run","Package":"github.com/JohnnyPBelo/relayloom/native/app","Test":"TestGroupSendProcessExitFixture"}
{"Time":"2026-09-13T13:07:19.553606813+01:00","Action":"output","Package":"github.com/JohnnyPBelo/relayloom/native/app","Test":"TestGroupSendProcessExitFixture","Output":"=== RUN   TestGroupSendProcessExitFixture\n"}
{"Time":"2026-09-13T13:07:19.553650885+01:00","Action":"output","Package":"github.com/JohnnyPBelo/relayloom/native/app","Test":"TestGroupSendProcessExitFixture","Output":"    group_send_process_test.go:24: requires cross-engine group send driver\n"}
{"Time":"2026-09-13T13:07:19.55367988+01:00","Action":"output","Package":"github.com/JohnnyPBelo/relayloom/native/app","Test":"TestGroupSendProcessExitFixture","Output":"--- SKIP: TestGroupSendProcessExitFixture (0.00s)\n"}
{"Time":"2026-09-13T13:07:19.553686823+01:00","Action":"skip","Package":"github.com/JohnnyPBelo/relayloom/native/app","Test":"TestGroupSendProcessExitFixture","Elapsed":0}
{"Time":"2026-09-13T13:07:19.553698134+01:00","Action":"run","Package":"github.com/JohnnyPBelo/relayloom/native/app","Test":"TestGroupSendLegacyPreviewRecovery"}
{"Time":"2026-09-13T13:07:19.553699847+01:00","Action":"output","Package":"github.com/JohnnyPBelo/relayloom/native/app","Test":"TestGroupSendLegacyPreviewRecovery","Output":"=== RUN   TestGroupSendLegacyPreviewRecovery\n"}
{"Time":"2026-09-13T13:07:26.701258705+01:00","Action":"output","Package":"github.com/JohnnyPBelo/relayloom/native/app","Test":"TestGroupSendLegacyPreviewRecovery","Output":"--- PASS: TestGroupSendLegacyPreviewRecovery (7.15s)\n"}
{"Time":"2026-09-13T13:07:26.701438522+01:00","Action":"pass","Package":"github.com/JohnnyPBelo/relayloom/native/app","Test":"TestGroupSendLegacyPreviewRecovery","Elapsed":7.15}
{"Time":"2026-09-13T13:07:26.701478828+01:00","Action":"run","Package":"github.com/JohnnyPBelo/relayloom/native/app","Test":"TestGroupSendCommitFailures"}
{"Time":"2026-09-13T13:07:26.701484509+01:00","Action":"output","Package":"github.com/JohnnyPBelo/relayloom/native/app","Test":"TestGroupSendCommitFailures","Output":"=== RUN   TestGroupSendCommitFailures\n"}
{"Time":"2026-09-13T13:07:26.701509586+01:00","Action":"run","Package":"github.com/JohnnyPBelo/relayloom/native/app","Test":"TestGroupSendCommitFailures/preparing-rollback"}
{"Time":"2026-09-13T13:07:26.701513653+01:00","Action":"output","Package":"github.com/JohnnyPBelo/relayloom/native/app","Test":"TestGroupSendCommitFailures/preparing-rollback","Output":"=== RUN   TestGroupSendCommitFailures/preparing-rollback\n"}
{"Time":"2026-09-13T13:07:34.17762855+01:00","Action":"output","Package":"github.com/JohnnyPBelo/relayloom/native/app","Test":"TestGroupSendCommitFailures/preparing-rollback","Output":"--- PASS: TestGroupSendCommitFailures/preparing-rollback (7.48s)\n"}
{"Time":"2026-09-13T13:07:34.177693872+01:00","Action":"pass","Package":"github.com/JohnnyPBelo/relayloom/native/app","Test":"TestGroupSendCommitFailures/preparing-rollback","Elapsed":7.48}
{"Time":"2026-09-13T13:07:34.177713769+01:00","Action":"run","Package":"github.com/JohnnyPBelo/relayloom/native/app","Test":"TestGroupSendCommitFailures/preparing-lost-response"}
{"Time":"2026-09-13T13:07:34.17771922+01:00","Action":"output","Package":"github.com/JohnnyPBelo/relayloom/native/app","Test":"TestGroupSendCommitFailures/preparing-lost-response","Output":"=== RUN   TestGroupSendCommitFailures/preparing-lost-response\n"}
{"Time":"2026-09-13T13:07:41.619265323+01:00","Action":"output","Package":"github.com/JohnnyPBelo/relayloom/native/app","Test":"TestGroupSendCommitFailures/preparing-lost-response","Output":"--- PASS: TestGroupSendCommitFailures/preparing-lost-response (7.44s)\n"}
{"Time":"2026-09-13T13:07:41.61931708+01:00","Action":"pass","Package":"github.com/JohnnyPBelo/relayloom/native/app","Test":"TestGroupSendCommitFailures/preparing-lost-response","Elapsed":7.44}
{"Time":"2026-09-13T13:07:41.619328832+01:00","Action":"run","Package":"github.com/JohnnyPBelo/relayloom/native/app","Test":"TestGroupSendCommitFailures/ready-rollback"}
{"Time":"2026-09-13T13:07:41.61933325+01:00","Action":"output","Package":"github.com/JohnnyPBelo/relayloom/native/app","Test":"TestGroupSendCommitFailures/ready-rollback","Output":"=== RUN   TestGroupSendCommitFailures/ready-rollback\n"}
{"Time":"2026-09-13T13:07:49.328101326+01:00","Action":"output","Package":"github.com/JohnnyPBelo/relayloom/native/app","Test":"TestGroupSendCommitFailures/ready-rollback","Output":"--- PASS: TestGroupSendCommitFailures/ready-rollback (7.71s)\n"}
{"Time":"2026-09-13T13:07:49.328158944+01:00","Action":"pass","Package":"github.com/JohnnyPBelo/relayloom/native/app","Test":"TestGroupSendCommitFailures/ready-rollback","Elapsed":7.71}
{"Time":"2026-09-13T13:07:49.32817301+01:00","Action":"run","Package":"github.com/JohnnyPBelo/relayloom/native/app","Test":"TestGroupSendCommitFailures/ready-lost-response"}
{"Time":"2026-09-13T13:07:49.328175645+01:00","Action":"output","Package":"github.com/JohnnyPBelo/relayloom/native/app","Test":"TestGroupSendCommitFailures/ready-lost-response","Output":"=== RUN   TestGroupSendCommitFailures/ready-lost-response\n"}
{"Time":"2026-09-13T13:07:56.843578945+01:00","Action":"output","Package":"github.com/JohnnyPBelo/relayloom/native/app","Test":"TestGroupSendCommitFailures/ready-lost-response","Output":"--- PASS: TestGroupSendCommitFailures/ready-lost-response (7.52s)\n"}
{"Time":"2026-09-13T13:07:56.843621605+01:00","Action":"pass","Package":"github.com/JohnnyPBelo/relayloom/native/app","Test":"TestGroupSendCommitFailures/ready-lost-response","Elapsed":7.52}
{"Time":"2026-09-13T13:07:56.843631614+01:00","Action":"output","Package":"github.com/JohnnyPBelo/relayloom/native/app","Test":"TestGroupSendCommitFailures","Output":"--- PASS: TestGroupSendCommitFailures (30.14s)\n"}
{"Time":"2026-09-13T13:07:56.843641012+01:00","Action":"pass","Package":"github.com/JohnnyPBelo/relayloom/native/app","Test":"TestGroupSendCommitFailures","Elapsed":30.14}
{"Time":"2026-09-13T13:07:56.843643917+01:00","Action":"run","Package":"github.com/JohnnyPBelo/relayloom/native/app","Test":"TestGroupSendContentIndexFailure"}
{"Time":"2026-09-13T13:07:56.843647333+01:00","Action":"output","Package":"github.com/JohnnyPBelo/relayloom/native/app","Test":"TestGroupSendContentIndexFailure","Output":"=== RUN   TestGroupSendContentIndexFailure\n"}
{"Time":"2026-09-13T13:08:05.064908464+01:00","Action":"output","Package":"github.com/JohnnyPBelo/relayloom/native/app","Test":"TestGroupSendContentIndexFailure","Output":"--- PASS: TestGroupSendContentIndexFailure (8.22s)\n"}
{"Time":"2026-09-13T13:08:05.064955112+01:00","Action":"pass","Package":"github.com/JohnnyPBelo/relayloom/native/app","Test":"TestGroupSendContentIndexFailure","Elapsed":8.22}
{"Time":"2026-09-13T13:08:05.064963287+01:00","Action":"run","Package":"github.com/JohnnyPBelo/relayloom/native/app","Test":"TestRequestTrackingBoundSurvivesCapacityErrors"}
{"Time":"2026-09-13T13:08:05.064965722+01:00","Action":"output","Package":"github.com/JohnnyPBelo/relayloom/native/app","Test":"TestRequestTrackingBoundSurvivesCapacityErrors","Output":"=== RUN   TestRequestTrackingBoundSurvivesCapacityErrors\n"}
{"Time":"2026-09-13T13:08:06.863690028+01:00","Action":"output","Package":"github.com/JohnnyPBelo/relayloom/native/app","Test":"TestRequestTrackingBoundSurvivesCapacityErrors","Output":"--- PASS: TestRequestTrackingBoundSurvivesCapacityErrors (1.80s)\n"}
{"Time":"2026-09-13T13:08:06.86373392+01:00","Action":"pass","Package":"github.com/JohnnyPBelo/relayloom/native/app","Test":"TestRequestTrackingBoundSurvivesCapacityErrors","Elapsed":1.8}
{"Time":"2026-09-13T13:08:06.863743718+01:00","Action":"run","Package":"github.com/JohnnyPBelo/relayloom/native/app","Test":"TestIncomingDeletionJournalsBeforeOriginalEvictionAndRestart"}
{"Time":"2026-09-13T13:08:06.863745933+01:00","Action":"output","Package":"github.com/JohnnyPBelo/relayloom/native/app","Test":"TestIncomingDeletionJournalsBeforeOriginalEvictionAndRestart","Output":"=== RUN   TestIncomingDeletionJournalsBeforeOriginalEvictionAndRestart\n"}
{"Time":"2026-09-13T13:08:08.36820332+01:00","Action":"output","Package":"github.com/JohnnyPBelo/relayloom/native/app","Test":"TestIncomingDeletionJournalsBeforeOriginalEvictionAndRestart","Output":"--- PASS: TestIncomingDeletionJournalsBeforeOriginalEvictionAndRestart (1.50s)\n"}
{"Time":"2026-09-13T13:08:08.368244828+01:00","Action":"pass","Package":"github.com/JohnnyPBelo/relayloom/native/app","Test":"TestIncomingDeletionJournalsBeforeOriginalEvictionAndRestart","Elapsed":1.5}
{"Time":"2026-09-13T13:08:08.368266067+01:00","Action":"run","Package":"github.com/JohnnyPBelo/relayloom/native/app","Test":"TestIncomingMutationRequiresAuthorAndMatchingReaderScope"}
{"Time":"2026-09-13T13:08:08.368268953+01:00","Action":"output","Package":"github.com/JohnnyPBelo/relayloom/native/app","Test":"TestIncomingMutationRequiresAuthorAndMatchingReaderScope","Output":"=== RUN   TestIncomingMutationRequiresAuthorAndMatchingReaderScope\n"}
{"Time":"2026-09-13T13:08:09.144024357+01:00","Action":"output","Package":"github.com/JohnnyPBelo/relayloom/native/app","Test":"TestIncomingMutationRequiresAuthorAndMatchingReaderScope","Output":"--- PASS: TestIncomingMutationRequiresAuthorAndMatchingReaderScope (0.78s)\n"}
{"Time":"2026-09-13T13:08:09.144063651+01:00","Action":"pass","Package":"github.com/JohnnyPBelo/relayloom/native/app","Test":"TestIncomingMutationRequiresAuthorAndMatchingReaderScope","Elapsed":0.78}
{"Time":"2026-09-13T13:08:09.144073119+01:00","Action":"run","Package":"github.com/JohnnyPBelo/relayloom/native/app","Test":"TestLockedReceivedDeleteIsDeferredUntilAuthenticatedMaterialization"}
{"Time":"2026-09-13T13:08:09.144075663+01:00","Action":"output","Package":"github.com/JohnnyPBelo/relayloom/native/app","Test":"TestLockedReceivedDeleteIsDeferredUntilAuthenticatedMaterialization","Output":"=== RUN   TestLockedReceivedDeleteIsDeferredUntilAuthenticatedMaterialization\n"}
{"Time":"2026-09-13T13:08:10.446661907+01:00","Action":"output","Package":"github.com/JohnnyPBelo/relayloom/native/app","Test":"TestLockedReceivedDeleteIsDeferredUntilAuthenticatedMaterialization","Output":"--- PASS: TestLockedReceivedDeleteIsDeferredUntilAuthenticatedMaterialization (1.30s)\n"}
{"Time":"2026-09-13T13:08:10.446704246+01:00","Action":"pass","Package":"github.com/JohnnyPBelo/relayloom/native/app","Test":"TestLockedReceivedDeleteIsDeferredUntilAuthenticatedMaterialization","Elapsed":1.3}
{"Time":"2026-09-13T13:08:10.446712312+01:00","Action":"run","Package":"github.com/JohnnyPBelo/relayloom/native/app","Test":"TestHistoryPagesBoundCountAndBytesAndKeepIDCursorStable"}
{"Time":"2026-09-13T13:08:10.446715007+01:00","Action":"output","Package":"github.com/JohnnyPBelo/relayloom/native/app","Test":"TestHistoryPagesBoundCountAndBytesAndKeepIDCursorStable","Output":"=== RUN   TestHistoryPagesBoundCountAndBytesAndKeepIDCursorStable\n"}
{"Time":"2026-09-13T13:08:13.589519805+01:00","Action":"output","Package":"github.com/JohnnyPBelo/relayloom/native/app","Test":"TestHistoryPagesBoundCountAndBytesAndKeepIDCursorStable","Output":"--- PASS: TestHistoryPagesBoundCountAndBytesAndKeepIDCursorStable (3.14s)\n"}
{"Time":"2026-09-13T13:08:13.589574748+01:00","Action":"pass","Package":"github.com/JohnnyPBelo/relayloom/native/app","Test":"TestHistoryPagesBoundCountAndBytesAndKeepIDCursorStable","Elapsed":3.14}
{"Time":"2026-09-13T13:08:13.589582292+01:00","Action":"run","Package":"github.com/JohnnyPBelo/relayloom/native/app","Test":"TestLargeEncryptedStoreServesBoundedHistoryAndExactOnDemandAttachment"}
{"Time":"2026-09-13T13:08:13.589584526+01:00","Action":"output","Package":"github.com/JohnnyPBelo/relayloom/native/app","Test":"TestLargeEncryptedStoreServesBoundedHistoryAndExactOnDemandAttachment","Output":"=== RUN   TestLargeEncryptedStoreServesBoundedHistoryAndExactOnDemandAttachment\n"}
{"Time":"2026-09-13T13:08:42.82594662+01:00","Action":"output","Package":"github.com/JohnnyPBelo/relayloom/native/app","Test":"TestLargeEncryptedStoreServesBoundedHistoryAndExactOnDemandAttachment","Output":"    history_test.go:368: encrypted store=37595070 bytes; authorized aggregate payload=27963260 bytes; state=68566 bytes\n"}
{"Time":"2026-09-13T13:08:43.080152728+01:00","Action":"output","Package":"github.com/JohnnyPBelo/relayloom/native/app","Test":"TestLargeEncryptedStoreServesBoundedHistoryAndExactOnDemandAttachment","Output":"    history_test.go:373: initial state=4.219451301s; repeated state with verified summary cache=254.137099ms\n"}
{"Time":"2026-09-13T13:08:52.130164495+01:00","Action":"output","Package":"github.com/JohnnyPBelo/relayloom/native/app","Test":"TestLargeEncryptedStoreServesBoundedHistoryAndExactOnDemandAttachment","Output":"--- PASS: TestLargeEncryptedStoreServesBoundedHistoryAndExactOnDemandAttachment (38.54s)\n"}
{"Time":"2026-09-13T13:08:52.130203549+01:00","Action":"pass","Package":"github.com/JohnnyPBelo/relayloom/native/app","Test":"TestLargeEncryptedStoreServesBoundedHistoryAndExactOnDemandAttachment","Elapsed":38.54}
{"Time":"2026-09-13T13:08:52.130216152+01:00","Action":"run","Package":"github.com/JohnnyPBelo/relayloom/native/app","Test":"TestAttachmentEndpointRejectsUnauthorizedForgedAndCorruptedObjects"}
{"Time":"2026-09-13T13:08:52.130219599+01:00","Action":"output","Package":"github.com/JohnnyPBelo/relayloom/native/app","Test":"TestAttachmentEndpointRejectsUnauthorizedForgedAndCorruptedObjects","Output":"=== RUN   TestAttachmentEndpointRejectsUnauthorizedForgedAndCorruptedObjects\n"}
{"Time":"2026-09-13T13:08:52.87368925+01:00","Action":"output","Package":"github.com/JohnnyPBelo/relayloom/native/app","Test":"TestAttachmentEndpointRejectsUnauthorizedForgedAndCorruptedObjects","Output":"--- PASS: TestAttachmentEndpointRejectsUnauthorizedForgedAndCorruptedObjects (0.74s)\n"}
{"Time":"2026-09-13T13:08:52.873729866+01:00","Action":"pass","Package":"github.com/JohnnyPBelo/relayloom/native/app","Test":"TestAttachmentEndpointRejectsUnauthorizedForgedAndCorruptedObjects","Elapsed":0.74}
{"Time":"2026-09-13T13:08:52.873738021+01:00","Action":"run","Package":"github.com/JohnnyPBelo/relayloom/native/app","Test":"TestSummaryProjectionDropsNestedExtensionsAndRejectsInvalidTypedFields"}
{"Time":"2026-09-13T13:08:52.873740937+01:00","Action":"output","Package":"github.com/JohnnyPBelo/relayloom/native/app","Test":"TestSummaryProjectionDropsNestedExtensionsAndRejectsInvalidTypedFields","Output":"=== RUN   TestSummaryProjectionDropsNestedExtensionsAndRejectsInvalidTypedFields\n"}
{"Time":"2026-09-13T13:08:57.578070079+01:00","Action":"output","Package":"github.com/JohnnyPBelo/relayloom/native/app","Test":"TestSummaryProjectionDropsNestedExtensionsAndRejectsInvalidTypedFields","Output":"--- PASS: TestSummaryProjectionDropsNestedExtensionsAndRejectsInvalidTypedFields (4.70s)\n"}
{"Time":"2026-09-13T13:08:57.578105856+01:00","Action":"pass","Package":"github.com/JohnnyPBelo/relayloom/native/app","Test":"TestSummaryProjectionDropsNestedExtensionsAndRejectsInvalidTypedFields","Elapsed":4.7}
{"Time":"2026-09-13T13:08:57.578113791+01:00","Action":"run","Package":"github.com/JohnnyPBelo/relayloom/native/app","Test":"TestSummaryCacheReusesMetadataButInvalidatesTamperEvictionAndLock"}
{"Time":"2026-09-13T13:08:57.57811875+01:00","Action":"output","Package":"github.com/JohnnyPBelo/relayloom/native/app","Test":"TestSummaryCacheReusesMetadataButInvalidatesTamperEvictionAndLock","Output":"=== RUN   TestSummaryCacheReusesMetadataButInvalidatesTamperEvictionAndLock\n"}
{"Time":"2026-09-13T13:08:58.867680554+01:00","Action":"output","Package":"github.com/JohnnyPBelo/relayloom/native/app","Test":"TestSummaryCacheReusesMetadataButInvalidatesTamperEvictionAndLock","Output":"--- PASS: TestSummaryCacheReusesMetadataButInvalidatesTamperEvictionAndLock (1.29s)\n"}
{"Time":"2026-09-13T13:08:58.867722142+01:00","Action":"pass","Package":"github.com/JohnnyPBelo/relayloom/native/app","Test":"TestSummaryCacheReusesMetadataButInvalidatesTamperEvictionAndLock","Elapsed":1.29}
{"Time":"2026-09-13T13:08:58.867732291+01:00","Action":"run","Package":"github.com/JohnnyPBelo/relayloom/native/app","Test":"TestSummaryCacheCountAndByteBudgets"}
{"Time":"2026-09-13T13:08:58.867735357+01:00","Action":"output","Package":"github.com/JohnnyPBelo/relayloom/native/app","Test":"TestSummaryCacheCountAndByteBudgets","Output":"=== RUN   TestSummaryCacheCountAndByteBudgets\n"}
{"Time":"2026-09-13T13:09:01.684539277+01:00","Action":"output","Package":"github.com/JohnnyPBelo/relayloom/native/app","Test":"TestSummaryCacheCountAndByteBudgets","Output":"--- PASS: TestSummaryCacheCountAndByteBudgets (2.82s)\n"}
{"Time":"2026-09-13T13:09:01.684593499+01:00","Action":"pass","Package":"github.com/JohnnyPBelo/relayloom/native/app","Test":"TestSummaryCacheCountAndByteBudgets","Elapsed":2.82}
{"Time":"2026-09-13T13:09:01.684602756+01:00","Action":"run","Package":"github.com/JohnnyPBelo/relayloom/native/app","Test":"TestOutboxOfflineRestartRelayDisabledAndRecipientTCP"}
{"Time":"2026-09-13T13:09:01.684605812+01:00","Action":"output","Package":"github.com/JohnnyPBelo/relayloom/native/app","Test":"TestOutboxOfflineRestartRelayDisabledAndRecipientTCP","Output":"=== RUN   TestOutboxOfflineRestartRelayDisabledAndRecipientTCP\n"}
{"Time":"2026-09-13T13:09:06.976868648+01:00","Action":"output","Package":"github.com/JohnnyPBelo/relayloom/native/app","Test":"TestOutboxOfflineRestartRelayDisabledAndRecipientTCP","Output":"--- PASS: TestOutboxOfflineRestartRelayDisabledAndRecipientTCP (5.29s)\n"}
{"Time":"2026-09-13T13:09:06.976908783+01:00","Action":"pass","Package":"github.com/JohnnyPBelo/relayloom/native/app","Test":"TestOutboxOfflineRestartRelayDisabledAndRecipientTCP","Elapsed":5.29}
{"Time":"2026-09-13T13:09:06.976918241+01:00","Action":"run","Package":"github.com/JohnnyPBelo/relayloom/native/app","Test":"TestOutboxIdempotencyAndValidation"}
{"Time":"2026-09-13T13:09:06.976921407+01:00","Action":"output","Package":"github.com/JohnnyPBelo/relayloom/native/app","Test":"TestOutboxIdempotencyAndValidation","Output":"=== RUN   TestOutboxIdempotencyAndValidation\n"}
{"Time":"2026-09-13T13:09:07.688502158+01:00","Action":"output","Package":"github.com/JohnnyPBelo/relayloom/native/app","Test":"TestOutboxIdempotencyAndValidation","Output":"--- PASS: TestOutboxIdempotencyAndValidation (0.71s)\n"}
{"Time":"2026-09-13T13:09:07.688543235+01:00","Action":"pass","Package":"github.com/JohnnyPBelo/relayloom/native/app","Test":"TestOutboxIdempotencyAndValidation","Elapsed":0.71}
{"Time":"2026-09-13T13:09:07.688550559+01:00","Action":"run","Package":"github.com/JohnnyPBelo/relayloom/native/app","Test":"TestOutboxPreparingRecoveryMissingCorruptAndExpired"}
{"Time":"2026-09-13T13:09:07.688552954+01:00","Action":"output","Package":"github.com/JohnnyPBelo/relayloom/native/app","Test":"TestOutboxPreparingRecoveryMissingCorruptAndExpired","Output":"=== RUN   TestOutboxPreparingRecoveryMissingCorruptAndExpired\n"}
{"Time":"2026-09-13T13:09:07.688565868+01:00","Action":"run","Package":"github.com/JohnnyPBelo/relayloom/native/app","Test":"TestOutboxPreparingRecoveryMissingCorruptAndExpired/ready-boundary"}
{"Time":"2026-09-13T13:09:07.688568333+01:00","Action":"output","Package":"github.com/JohnnyPBelo/relayloom/native/app","Test":"TestOutboxPreparingRecoveryMissingCorruptAndExpired/ready-boundary","Output":"=== RUN   TestOutboxPreparingRecoveryMissingCorruptAndExpired/ready-boundary\n"}
{"Time":"2026-09-13T13:09:09.102039347+01:00","Action":"output","Package":"github.com/JohnnyPBelo/relayloom/native/app","Test":"TestOutboxPreparingRecoveryMissingCorruptAndExpired/ready-boundary","Output":"--- PASS: TestOutboxPreparingRecoveryMissingCorruptAndExpired/ready-boundary (1.41s)\n"}
{"Time":"2026-09-13T13:09:09.102077488+01:00","Action":"pass","Package":"github.com/JohnnyPBelo/relayloom/native/app","Test":"TestOutboxPreparingRecoveryMissingCorruptAndExpired/ready-boundary","Elapsed":1.41}
{"Time":"2026-09-13T13:09:09.102085614+01:00","Action":"run","Package":"github.com/JohnnyPBelo/relayloom/native/app","Test":"TestOutboxPreparingRecoveryMissingCorruptAndExpired/missing-boundary"}
{"Time":"2026-09-13T13:09:09.10208895+01:00","Action":"output","Package":"github.com/JohnnyPBelo/relayloom/native/app","Test":"TestOutboxPreparingRecoveryMissingCorruptAndExpired/missing-boundary","Output":"=== RUN   TestOutboxPreparingRecoveryMissingCorruptAndExpired/missing-boundary\n"}
{"Time":"2026-09-13T13:09:10.392672499+01:00","Action":"output","Package":"github.com/JohnnyPBelo/relayloom/native/app","Test":"TestOutboxPreparingRecoveryMissingCorruptAndExpired/missing-boundary","Output":"--- PASS: TestOutboxPreparingRecoveryMissingCorruptAndExpired/missing-boundary (1.29s)\n"}
{"Time":"2026-09-13T13:09:10.392724637+01:00","Action":"pass","Package":"github.com/JohnnyPBelo/relayloom/native/app","Test":"TestOutboxPreparingRecoveryMissingCorruptAndExpired/missing-boundary","Elapsed":1.29}
{"Time":"2026-09-13T13:09:10.392732792+01:00","Action":"run","Package":"github.com/JohnnyPBelo/relayloom/native/app","Test":"TestOutboxPreparingRecoveryMissingCorruptAndExpired/corrupt"}
{"Time":"2026-09-13T13:09:10.392735858+01:00","Action":"output","Package":"github.com/JohnnyPBelo/relayloom/native/app","Test":"TestOutboxPreparingRecoveryMissingCorruptAndExpired/corrupt","Output":"=== RUN   TestOutboxPreparingRecoveryMissingCorruptAndExpired/corrupt\n"}
{"Time":"2026-09-13T13:09:11.717395838+01:00","Action":"output","Package":"github.com/JohnnyPBelo/relayloom/native/app","Test":"TestOutboxPreparingRecoveryMissingCorruptAndExpired/corrupt","Output":"--- PASS: TestOutboxPreparingRecoveryMissingCorruptAndExpired/corrupt (1.32s)\n"}
{"Time":"2026-09-13T13:09:11.717445451+01:00","Action":"pass","Package":"github.com/JohnnyPBelo/relayloom/native/app","Test":"TestOutboxPreparingRecoveryMissingCorruptAndExpired/corrupt","Elapsed":1.32}
{"Time":"2026-09-13T13:09:11.717457434+01:00","Action":"run","Package":"github.com/JohnnyPBelo/relayloom/native/app","Test":"TestOutboxPreparingRecoveryMissingCorruptAndExpired/expired"}
{"Time":"2026-09-13T13:09:11.717461892+01:00","Action":"output","Package":"github.com/JohnnyPBelo/relayloom/native/app","Test":"TestOutboxPreparingRecoveryMissingCorruptAndExpired/expired","Output":"=== RUN   TestOutboxPreparingRecoveryMissingCorruptAndExpired/expired\n"}
{"Time":"2026-09-13T13:09:14.098859248+01:00","Action":"output","Package":"github.com/JohnnyPBelo/relayloom/native/app","Test":"TestOutboxPreparingRecoveryMissingCorruptAndExpired/expired","Output":"--- PASS: TestOutboxPreparingRecoveryMissingCorruptAndExpired/expired (2.38s)\n"}
{"Time":"2026-09-13T13:09:14.098905063+01:00","Action":"pass","Package":"github.com/JohnnyPBelo/relayloom/native/app","Test":"TestOutboxPreparingRecoveryMissingCorruptAndExpired/expired","Elapsed":2.38}
{"Time":"2026-09-13T13:09:14.098913199+01:00","Action":"output","Package":"github.com/JohnnyPBelo/relayloom/native/app","Test":"TestOutboxPreparingRecoveryMissingCorruptAndExpired","Output":"--- PASS: TestOutboxPreparingRecoveryMissingCorruptAndExpired (6.41s)\n"}
{"Time":"2026-09-13T13:09:14.098916996+01:00","Action":"pass","Package":"github.com/JohnnyPBelo/relayloom/native/app","Test":"TestOutboxPreparingRecoveryMissingCorruptAndExpired","Elapsed":6.41}
{"Time":"2026-09-13T13:09:14.09894079+01:00","Action":"run","Package":"github.com/JohnnyPBelo/relayloom/native/app","Test":"TestOutboxStorageAndJournalFailureBoundaries"}
{"Time":"2026-09-13T13:09:14.098943586+01:00","Action":"output","Package":"github.com/JohnnyPBelo/relayloom/native/app","Test":"TestOutboxStorageAndJournalFailureBoundaries","Output":"=== RUN   TestOutboxStorageAndJournalFailureBoundaries\n"}
{"Time":"2026-09-13T13:09:16.970108489+01:00","Action":"output","Package":"github.com/JohnnyPBelo/relayloom/native/app","Test":"TestOutboxStorageAndJournalFailureBoundaries","Output":"--- PASS: TestOutboxStorageAndJournalFailureBoundaries (2.87s)\n"}
{"Time":"2026-09-13T13:09:16.970155237+01:00","Action":"pass","Package":"github.com/JohnnyPBelo/relayloom/native/app","Test":"TestOutboxStorageAndJournalFailureBoundaries","Elapsed":2.87}
{"Time":"2026-09-13T13:09:16.970162991+01:00","Action":"run","Package":"github.com/JohnnyPBelo/relayloom/native/app","Test":"TestOutboxConfirmationsPerMemberACLReplayAndHistory"}
{"Time":"2026-09-13T13:09:16.970165606+01:00","Action":"output","Package":"github.com/JohnnyPBelo/relayloom/native/app","Test":"TestOutboxConfirmationsPerMemberACLReplayAndHistory","Output":"=== RUN   TestOutboxConfirmationsPerMemberACLReplayAndHistory\n"}
{"Time":"2026-09-13T13:09:21.115341487+01:00","Action":"output","Package":"github.com/JohnnyPBelo/relayloom/native/app","Test":"TestOutboxConfirmationsPerMemberACLReplayAndHistory","Output":"--- PASS: TestOutboxConfirmationsPerMemberACLReplayAndHistory (4.15s)\n"}
{"Time":"2026-09-13T13:09:21.115395979+01:00","Action":"pass","Package":"github.com/JohnnyPBelo/relayloom/native/app","Test":"TestOutboxConfirmationsPerMemberACLReplayAndHistory","Elapsed":4.15}
{"Time":"2026-09-13T13:09:21.115403713+01:00","Action":"run","Package":"github.com/JohnnyPBelo/relayloom/native/app","Test":"TestOutboxBlockedGroupViewAndManualPin"}
{"Time":"2026-09-13T13:09:21.115406679+01:00","Action":"output","Package":"github.com/JohnnyPBelo/relayloom/native/app","Test":"TestOutboxBlockedGroupViewAndManualPin","Output":"=== RUN   TestOutboxBlockedGroupViewAndManualPin\n"}
{"Time":"2026-09-13T13:09:22.827856587+01:00","Action":"output","Package":"github.com/JohnnyPBelo/relayloom/native/app","Test":"TestOutboxBlockedGroupViewAndManualPin","Output":"--- PASS: TestOutboxBlockedGroupViewAndManualPin (1.71s)\n"}
{"Time":"2026-09-13T13:09:22.827897423+01:00","Action":"pass","Package":"github.com/JohnnyPBelo/relayloom/native/app","Test":"TestOutboxBlockedGroupViewAndManualPin","Elapsed":1.71}
{"Time":"2026-09-13T13:09:22.827908133+01:00","Action":"run","Package":"github.com/JohnnyPBelo/relayloom/native/app","Test":"TestOutboxAttemptFailureAndRetryPolicy"}
{"Time":"2026-09-13T13:09:22.82791152+01:00","Action":"output","Package":"github.com/JohnnyPBelo/relayloom/native/app","Test":"TestOutboxAttemptFailureAndRetryPolicy","Output":"=== RUN   TestOutboxAttemptFailureAndRetryPolicy\n"}
{"Time":"2026-09-13T13:09:23.593065016+01:00","Action":"output","Package":"github.com/JohnnyPBelo/relayloom/native/app","Test":"TestOutboxAttemptFailureAndRetryPolicy","Output":"--- PASS: TestOutboxAttemptFailureAndRetryPolicy (0.77s)\n"}
{"Time":"2026-09-13T13:09:23.593107145+01:00","Action":"pass","Package":"github.com/JohnnyPBelo/relayloom/native/app","Test":"TestOutboxAttemptFailureAndRetryPolicy","Elapsed":0.77}
{"Time":"2026-09-13T13:09:23.593117605+01:00","Action":"run","Package":"github.com/JohnnyPBelo/relayloom/native/app","Test":"TestOutboxAutomaticDeliveryBoundAndEvictionReissue"}
{"Time":"2026-09-13T13:09:23.59312025+01:00","Action":"output","Package":"github.com/JohnnyPBelo/relayloom/native/app","Test":"TestOutboxAutomaticDeliveryBoundAndEvictionReissue","Output":"=== RUN   TestOutboxAutomaticDeliveryBoundAndEvictionReissue\n"}
{"Time":"2026-09-13T13:09:26.024091212+01:00","Action":"output","Package":"github.com/JohnnyPBelo/relayloom/native/app","Test":"TestOutboxAutomaticDeliveryBoundAndEvictionReissue","Output":"--- PASS: TestOutboxAutomaticDeliveryBoundAndEvictionReissue (2.43s)\n"}
{"Time":"2026-09-13T13:09:26.024130666+01:00","Action":"pass","Package":"github.com/JohnnyPBelo/relayloom/native/app","Test":"TestOutboxAutomaticDeliveryBoundAndEvictionReissue","Elapsed":2.43}
{"Time":"2026-09-13T13:09:26.024141266+01:00","Action":"run","Package":"github.com/JohnnyPBelo/relayloom/native/app","Test":"TestOutboxRestoredSchemaBoundsAndPendingAdmission"}
{"Time":"2026-09-13T13:09:26.024144191+01:00","Action":"output","Package":"github.com/JohnnyPBelo/relayloom/native/app","Test":"TestOutboxRestoredSchemaBoundsAndPendingAdmission","Output":"=== RUN   TestOutboxRestoredSchemaBoundsAndPendingAdmission\n"}
{"Time":"2026-09-13T13:09:30.749860022+01:00","Action":"output","Package":"github.com/JohnnyPBelo/relayloom/native/app","Test":"TestOutboxRestoredSchemaBoundsAndPendingAdmission","Output":"--- PASS: TestOutboxRestoredSchemaBoundsAndPendingAdmission (4.73s)\n"}
{"Time":"2026-09-13T13:09:30.749899235+01:00","Action":"pass","Package":"github.com/JohnnyPBelo/relayloom/native/app","Test":"TestOutboxRestoredSchemaBoundsAndPendingAdmission","Elapsed":4.73}
{"Time":"2026-09-13T13:09:30.750109559+01:00","Action":"run","Package":"github.com/JohnnyPBelo/relayloom/native/app","Test":"TestOutboxTerminalMetadataEvictsOldestOnly"}
{"Time":"2026-09-13T13:09:30.750141289+01:00","Action":"output","Package":"github.com/JohnnyPBelo/relayloom/native/app","Test":"TestOutboxTerminalMetadataEvictsOldestOnly","Output":"=== RUN   TestOutboxTerminalMetadataEvictsOldestOnly\n"}
{"Time":"2026-09-13T13:09:32.251873036+01:00","Action":"output","Package":"github.com/JohnnyPBelo/relayloom/native/app","Test":"TestOutboxTerminalMetadataEvictsOldestOnly","Output":"--- PASS: TestOutboxTerminalMetadataEvictsOldestOnly (1.50s)\n"}
{"Time":"2026-09-13T13:09:32.251925374+01:00","Action":"pass","Package":"github.com/JohnnyPBelo/relayloom/native/app","Test":"TestOutboxTerminalMetadataEvictsOldestOnly","Elapsed":1.5}
{"Time":"2026-09-13T13:09:32.251936875+01:00","Action":"run","Package":"github.com/JohnnyPBelo/relayloom/native/app","Test":"TestOutboxReadSurvivesAdmissionEvictingOriginal"}
{"Time":"2026-09-13T13:09:32.251943027+01:00","Action":"output","Package":"github.com/JohnnyPBelo/relayloom/native/app","Test":"TestOutboxReadSurvivesAdmissionEvictingOriginal","Output":"=== RUN   TestOutboxReadSurvivesAdmissionEvictingOriginal\n"}
{"Time":"2026-09-13T13:09:33.060495944+01:00","Action":"output","Package":"github.com/JohnnyPBelo/relayloom/native/app","Test":"TestOutboxReadSurvivesAdmissionEvictingOriginal","Output":"--- PASS: TestOutboxReadSurvivesAdmissionEvictingOriginal (0.81s)\n"}
{"Time":"2026-09-13T13:09:33.060548373+01:00","Action":"pass","Package":"github.com/JohnnyPBelo/relayloom/native/app","Test":"TestOutboxReadSurvivesAdmissionEvictingOriginal","Elapsed":0.81}
{"Time":"2026-09-13T13:09:33.060566076+01:00","Action":"run","Package":"github.com/JohnnyPBelo/relayloom/native/app","Test":"TestOutboxByteReserveRejectsAdmissionWithoutEviction"}
{"Time":"2026-09-13T13:09:33.060568651+01:00","Action":"output","Package":"github.com/JohnnyPBelo/relayloom/native/app","Test":"TestOutboxByteReserveRejectsAdmissionWithoutEviction","Output":"=== RUN   TestOutboxByteReserveRejectsAdmissionWithoutEviction\n"}
{"Time":"2026-09-13T13:10:28.617561687+01:00","Action":"output","Package":"github.com/JohnnyPBelo/relayloom/native/app","Test":"TestOutboxByteReserveRejectsAdmissionWithoutEviction","Output":"--- PASS: TestOutboxByteReserveRejectsAdmissionWithoutEviction (55.56s)\n"}
{"Time":"2026-09-13T13:10:28.61761174+01:00","Action":"pass","Package":"github.com/JohnnyPBelo/relayloom/native/app","Test":"TestOutboxByteReserveRejectsAdmissionWithoutEviction","Elapsed":55.56}
{"Time":"2026-09-13T13:10:28.617621409+01:00","Action":"run","Package":"github.com/JohnnyPBelo/relayloom/native/app","Test":"TestOutboxFlushBoundsPriorityAndLockedSuppression"}
{"Time":"2026-09-13T13:10:28.617631748+01:00","Action":"output","Package":"github.com/JohnnyPBelo/relayloom/native/app","Test":"TestOutboxFlushBoundsPriorityAndLockedSuppression","Output":"=== RUN   TestOutboxFlushBoundsPriorityAndLockedSuppression\n"}
{"Time":"2026-09-13T13:10:30.324992013+01:00","Action":"output","Package":"github.com/JohnnyPBelo/relayloom/native/app","Test":"TestOutboxFlushBoundsPriorityAndLockedSuppression","Output":"--- PASS: TestOutboxFlushBoundsPriorityAndLockedSuppression (1.71s)\n"}
{"Time":"2026-09-13T13:10:30.32503326+01:00","Action":"pass","Package":"github.com/JohnnyPBelo/relayloom/native/app","Test":"TestOutboxFlushBoundsPriorityAndLockedSuppression","Elapsed":1.71}
{"Time":"2026-09-13T13:10:30.325041306+01:00","Action":"run","Package":"github.com/JohnnyPBelo/relayloom/native/app","Test":"TestOutboxHistoricalConfirmationSurvivesContentExpiry"}
{"Time":"2026-09-13T13:10:30.325043961+01:00","Action":"output","Package":"github.com/JohnnyPBelo/relayloom/native/app","Test":"TestOutboxHistoricalConfirmationSurvivesContentExpiry","Output":"=== RUN   TestOutboxHistoricalConfirmationSurvivesContentExpiry\n"}
{"Time":"2026-09-13T13:10:32.721263626+01:00","Action":"output","Package":"github.com/JohnnyPBelo/relayloom/native/app","Test":"TestOutboxHistoricalConfirmationSurvivesContentExpiry","Output":"--- PASS: TestOutboxHistoricalConfirmationSurvivesContentExpiry (2.40s)\n"}
{"Time":"2026-09-13T13:10:32.721307679+01:00","Action":"pass","Package":"github.com/JohnnyPBelo/relayloom/native/app","Test":"TestOutboxHistoricalConfirmationSurvivesContentExpiry","Elapsed":2.4}
{"Time":"2026-09-13T13:10:32.721317557+01:00","Action":"run","Package":"github.com/JohnnyPBelo/relayloom/native/app","Test":"TestOutboxAfterWriteErrorRetainsOperation"}
{"Time":"2026-09-13T13:10:32.721334219+01:00","Action":"output","Package":"github.com/JohnnyPBelo/relayloom/native/app","Test":"TestOutboxAfterWriteErrorRetainsOperation","Output":"=== RUN   TestOutboxAfterWriteErrorRetainsOperation\n"}
{"Time":"2026-09-13T13:10:32.72133998+01:00","Action":"run","Package":"github.com/JohnnyPBelo/relayloom/native/app","Test":"TestOutboxAfterWriteErrorRetainsOperation/1"}
{"Time":"2026-09-13T13:10:32.721341663+01:00","Action":"output","Package":"github.com/JohnnyPBelo/relayloom/native/app","Test":"TestOutboxAfterWriteErrorRetainsOperation/1","Output":"=== RUN   TestOutboxAfterWriteErrorRetainsOperation/1\n"}
{"Time":"2026-09-13T13:10:33.965356689+01:00","Action":"output","Package":"github.com/JohnnyPBelo/relayloom/native/app","Test":"TestOutboxAfterWriteErrorRetainsOperation/1","Output":"--- PASS: TestOutboxAfterWriteErrorRetainsOperation/1 (1.24s)\n"}
{"Time":"2026-09-13T13:10:33.965399249+01:00","Action":"pass","Package":"github.com/JohnnyPBelo/relayloom/native/app","Test":"TestOutboxAfterWriteErrorRetainsOperation/1","Elapsed":1.24}
{"Time":"2026-09-13T13:10:33.965408657+01:00","Action":"run","Package":"github.com/JohnnyPBelo/relayloom/native/app","Test":"TestOutboxAfterWriteErrorRetainsOperation/2"}
{"Time":"2026-09-13T13:10:33.965411582+01:00","Action":"output","Package":"github.com/JohnnyPBelo/relayloom/native/app","Test":"TestOutboxAfterWriteErrorRetainsOperation/2","Output":"=== RUN   TestOutboxAfterWriteErrorRetainsOperation/2\n"}
{"Time":"2026-09-13T13:10:35.253470438+01:00","Action":"output","Package":"github.com/JohnnyPBelo/relayloom/native/app","Test":"TestOutboxAfterWriteErrorRetainsOperation/2","Output":"--- PASS: TestOutboxAfterWriteErrorRetainsOperation/2 (1.29s)\n"}
{"Time":"2026-09-13T13:10:35.25354589+01:00","Action":"pass","Package":"github.com/JohnnyPBelo/relayloom/native/app","Test":"TestOutboxAfterWriteErrorRetainsOperation/2","Elapsed":1.29}
{"Time":"2026-09-13T13:10:35.253564875+01:00","Action":"output","Package":"github.com/JohnnyPBelo/relayloom/native/app","Test":"TestOutboxAfterWriteErrorRetainsOperation","Output":"--- PASS: TestOutboxAfterWriteErrorRetainsOperation (2.53s)\n"}
{"Time":"2026-09-13T13:10:35.253569454+01:00","Action":"pass","Package":"github.com/JohnnyPBelo/relayloom/native/app","Test":"TestOutboxAfterWriteErrorRetainsOperation","Elapsed":2.53}
{"Time":"2026-09-13T13:10:35.253572339+01:00","Action":"run","Package":"github.com/JohnnyPBelo/relayloom/native/app","Test":"TestOutboxUnreadableUncertainWriteLocksUntilRecovery"}
{"Time":"2026-09-13T13:10:35.253574193+01:00","Action":"output","Package":"github.com/JohnnyPBelo/relayloom/native/app","Test":"TestOutboxUnreadableUncertainWriteLocksUntilRecovery","Output":"=== RUN   TestOutboxUnreadableUncertainWriteLocksUntilRecovery\n"}
{"Time":"2026-09-13T13:10:36.478980039+01:00","Action":"output","Package":"github.com/JohnnyPBelo/relayloom/native/app","Test":"TestOutboxUnreadableUncertainWriteLocksUntilRecovery","Output":"--- PASS: TestOutboxUnreadableUncertainWriteLocksUntilRecovery (1.23s)\n"}
{"Time":"2026-09-13T13:10:36.479019874+01:00","Action":"pass","Package":"github.com/JohnnyPBelo/relayloom/native/app","Test":"TestOutboxUnreadableUncertainWriteLocksUntilRecovery","Elapsed":1.23}
{"Time":"2026-09-13T13:10:36.479029592+01:00","Action":"run","Package":"github.com/JohnnyPBelo/relayloom/native/app","Test":"TestOutboxWarmStateDoesNotRehydrateReservedAttachment"}
{"Time":"2026-09-13T13:10:36.479032277+01:00","Action":"output","Package":"github.com/JohnnyPBelo/relayloom/native/app","Test":"TestOutboxWarmStateDoesNotRehydrateReservedAttachment","Output":"=== RUN   TestOutboxWarmStateDoesNotRehydrateReservedAttachment\n"}
{"Time":"2026-09-13T13:10:42.26039635+01:00","Action":"output","Package":"github.com/JohnnyPBelo/relayloom/native/app","Test":"TestOutboxWarmStateDoesNotRehydrateReservedAttachment","Output":"--- PASS: TestOutboxWarmStateDoesNotRehydrateReservedAttachment (5.78s)\n"}
{"Time":"2026-09-13T13:10:42.260435123+01:00","Action":"pass","Package":"github.com/JohnnyPBelo/relayloom/native/app","Test":"TestOutboxWarmStateDoesNotRehydrateReservedAttachment","Elapsed":5.78}
{"Time":"2026-09-13T13:10:42.260451574+01:00","Action":"run","Package":"github.com/JohnnyPBelo/relayloom/native/app","Test":"TestOutboxManualRetryCooldownAndOfflineDueCheckpoint"}
{"Time":"2026-09-13T13:10:42.260454409+01:00","Action":"output","Package":"github.com/JohnnyPBelo/relayloom/native/app","Test":"TestOutboxManualRetryCooldownAndOfflineDueCheckpoint","Output":"=== RUN   TestOutboxManualRetryCooldownAndOfflineDueCheckpoint\n"}
{"Time":"2026-09-13T13:10:43.584417082+01:00","Action":"output","Package":"github.com/JohnnyPBelo/relayloom/native/app","Test":"TestOutboxManualRetryCooldownAndOfflineDueCheckpoint","Output":"--- PASS: TestOutboxManualRetryCooldownAndOfflineDueCheckpoint (1.32s)\n"}
{"Time":"2026-09-13T13:10:43.584455514+01:00","Action":"pass","Package":"github.com/JohnnyPBelo/relayloom/native/app","Test":"TestOutboxManualRetryCooldownAndOfflineDueCheckpoint","Elapsed":1.32}
{"Time":"2026-09-13T13:10:43.584465042+01:00","Action":"run","Package":"github.com/JohnnyPBelo/relayloom/native/app","Test":"TestOutboxSnapshotExpiryDuringJournalWriteKeepsReservationConsistent"}
{"Time":"2026-09-13T13:10:43.584467206+01:00","Action":"output","Package":"github.com/JohnnyPBelo/relayloom/native/app","Test":"TestOutboxSnapshotExpiryDuringJournalWriteKeepsReservationConsistent","Output":"=== RUN   TestOutboxSnapshotExpiryDuringJournalWriteKeepsReservationConsistent\n"}
{"Time":"2026-09-13T13:10:43.584507772+01:00","Action":"run","Package":"github.com/JohnnyPBelo/relayloom/native/app","Test":"TestOutboxSnapshotExpiryDuringJournalWriteKeepsReservationConsistent/state"}
{"Time":"2026-09-13T13:10:43.584510898+01:00","Action":"output","Package":"github.com/JohnnyPBelo/relayloom/native/app","Test":"TestOutboxSnapshotExpiryDuringJournalWriteKeepsReservationConsistent/state","Output":"=== RUN   TestOutboxSnapshotExpiryDuringJournalWriteKeepsReservationConsistent/state\n"}
{"Time":"2026-09-13T13:10:47.252484349+01:00","Action":"output","Package":"github.com/JohnnyPBelo/relayloom/native/app","Test":"TestOutboxSnapshotExpiryDuringJournalWriteKeepsReservationConsistent/state","Output":"--- PASS: TestOutboxSnapshotExpiryDuringJournalWriteKeepsReservationConsistent/state (3.67s)\n"}
{"Time":"2026-09-13T13:10:47.252545424+01:00","Action":"pass","Package":"github.com/JohnnyPBelo/relayloom/native/app","Test":"TestOutboxSnapshotExpiryDuringJournalWriteKeepsReservationConsistent/state","Elapsed":3.67}
{"Time":"2026-09-13T13:10:47.252562586+01:00","Action":"run","Package":"github.com/JohnnyPBelo/relayloom/native/app","Test":"TestOutboxSnapshotExpiryDuringJournalWriteKeepsReservationConsistent/send"}
{"Time":"2026-09-13T13:10:47.252565732+01:00","Action":"output","Package":"github.com/JohnnyPBelo/relayloom/native/app","Test":"TestOutboxSnapshotExpiryDuringJournalWriteKeepsReservationConsistent/send","Output":"=== RUN   TestOutboxSnapshotExpiryDuringJournalWriteKeepsReservationConsistent/send\n"}
{"Time":"2026-09-13T13:10:50.919796301+01:00","Action":"output","Package":"github.com/JohnnyPBelo/relayloom/native/app","Test":"TestOutboxSnapshotExpiryDuringJournalWriteKeepsReservationConsistent/send","Output":"--- PASS: TestOutboxSnapshotExpiryDuringJournalWriteKeepsReservationConsistent/send (3.67s)\n"}
{"Time":"2026-09-13T13:10:50.919836226+01:00","Action":"pass","Package":"github.com/JohnnyPBelo/relayloom/native/app","Test":"TestOutboxSnapshotExpiryDuringJournalWriteKeepsReservationConsistent/send","Elapsed":3.67}
{"Time":"2026-09-13T13:10:50.919845383+01:00","Action":"run","Package":"github.com/JohnnyPBelo/relayloom/native/app","Test":"TestOutboxSnapshotExpiryDuringJournalWriteKeepsReservationConsistent/retry"}
{"Time":"2026-09-13T13:10:50.919848499+01:00","Action":"output","Package":"github.com/JohnnyPBelo/relayloom/native/app","Test":"TestOutboxSnapshotExpiryDuringJournalWriteKeepsReservationConsistent/retry","Output":"=== RUN   TestOutboxSnapshotExpiryDuringJournalWriteKeepsReservationConsistent/retry\n"}
{"Time":"2026-09-13T13:10:54.570433959+01:00","Action":"output","Package":"github.com/JohnnyPBelo/relayloom/native/app","Test":"TestOutboxSnapshotExpiryDuringJournalWriteKeepsReservationConsistent/retry","Output":"--- PASS: TestOutboxSnapshotExpiryDuringJournalWriteKeepsReservationConsistent/retry (3.65s)\n"}
{"Time":"2026-09-13T13:10:54.570475316+01:00","Action":"pass","Package":"github.com/JohnnyPBelo/relayloom/native/app","Test":"TestOutboxSnapshotExpiryDuringJournalWriteKeepsReservationConsistent/retry","Elapsed":3.65}
{"Time":"2026-09-13T13:10:54.570483932+01:00","Action":"output","Package":"github.com/JohnnyPBelo/relayloom/native/app","Test":"TestOutboxSnapshotExpiryDuringJournalWriteKeepsReservationConsistent","Output":"--- PASS: TestOutboxSnapshotExpiryDuringJournalWriteKeepsReservationConsistent (10.99s)\n"}
{"Time":"2026-09-13T13:10:54.570497748+01:00","Action":"pass","Package":"github.com/JohnnyPBelo/relayloom/native/app","Test":"TestOutboxSnapshotExpiryDuringJournalWriteKeepsReservationConsistent","Elapsed":10.99}
{"Time":"2026-09-13T13:10:54.570527654+01:00","Action":"run","Package":"github.com/JohnnyPBelo/relayloom/native/app","Test":"TestProfileOwnershipAndStaleNodeAfterClose"}
{"Time":"2026-09-13T13:10:54.57053072+01:00","Action":"output","Package":"github.com/JohnnyPBelo/relayloom/native/app","Test":"TestProfileOwnershipAndStaleNodeAfterClose","Output":"=== RUN   TestProfileOwnershipAndStaleNodeAfterClose\n"}
{"Time":"2026-09-13T13:10:55.737994409+01:00","Action":"output","Package":"github.com/JohnnyPBelo/relayloom/native/app","Test":"TestProfileOwnershipAndStaleNodeAfterClose","Output":"--- PASS: TestProfileOwnershipAndStaleNodeAfterClose (1.17s)\n"}
{"Time":"2026-09-13T13:10:55.738040124+01:00","Action":"pass","Package":"github.com/JohnnyPBelo/relayloom/native/app","Test":"TestProfileOwnershipAndStaleNodeAfterClose","Elapsed":1.17}
{"Time":"2026-09-13T13:10:55.738050514+01:00","Action":"run","Package":"github.com/JohnnyPBelo/relayloom/native/app","Test":"TestProfileConstructorFailureReleasesOwnership"}
{"Time":"2026-09-13T13:10:55.738052938+01:00","Action":"output","Package":"github.com/JohnnyPBelo/relayloom/native/app","Test":"TestProfileConstructorFailureReleasesOwnership","Output":"=== RUN   TestProfileConstructorFailureReleasesOwnership\n"}
{"Time":"2026-09-13T13:10:55.762317603+01:00","Action":"output","Package":"github.com/JohnnyPBelo/relayloom/native/app","Test":"TestProfileConstructorFailureReleasesOwnership","Output":"--- PASS: TestProfileConstructorFailureReleasesOwnership (0.02s)\n"}
{"Time":"2026-09-13T13:10:55.762335697+01:00","Action":"pass","Package":"github.com/JohnnyPBelo/relayloom/native/app","Test":"TestProfileConstructorFailureReleasesOwnership","Elapsed":0.02}
{"Time":"2026-09-13T13:10:55.762527005+01:00","Action":"output","Package":"github.com/JohnnyPBelo/relayloom/native/app","Output":"PASS\n"}
{"Time":"2026-09-13T13:10:56.789563195+01:00","Action":"output","Package":"github.com/JohnnyPBelo/relayloom/native/app","Output":"ok  \tgithub.com/JohnnyPBelo/relayloom/native/app\t336.701s\n"}
{"Time":"2026-09-13T13:10:56.789616635+01:00","Action":"pass","Package":"github.com/JohnnyPBelo/relayloom/native/app","Elapsed":336.701}
{"Time":"2026-09-13T13:10:57.011933462+01:00","Action":"start","Package":"github.com/JohnnyPBelo/relayloom/native/groups"}
{"Time":"2026-09-13T13:10:57.019726013+01:00","Action":"run","Package":"github.com/JohnnyPBelo/relayloom/native/groups","Test":"TestNewcomerValidatesJoinWithoutPreviousPrivateSnapshot"}
{"Time":"2026-09-13T13:10:57.019746922+01:00","Action":"output","Package":"github.com/JohnnyPBelo/relayloom/native/groups","Test":"TestNewcomerValidatesJoinWithoutPreviousPrivateSnapshot","Output":"=== RUN   TestNewcomerValidatesJoinWithoutPreviousPrivateSnapshot\n"}
{"Time":"2026-09-13T13:10:57.150497861+01:00","Action":"output","Package":"github.com/JohnnyPBelo/relayloom/native/groups","Test":"TestNewcomerValidatesJoinWithoutPreviousPrivateSnapshot","Output":"--- PASS: TestNewcomerValidatesJoinWithoutPreviousPrivateSnapshot (0.13s)\n"}
{"Time":"2026-09-13T13:10:57.150520723+01:00","Action":"pass","Package":"github.com/JohnnyPBelo/relayloom/native/groups","Test":"TestNewcomerValidatesJoinWithoutPreviousPrivateSnapshot","Elapsed":0.13}
{"Time":"2026-09-13T13:10:57.150535481+01:00","Action":"run","Package":"github.com/JohnnyPBelo/relayloom/native/groups","Test":"TestAnchorSignatureAndPermanentAuthority"}
{"Time":"2026-09-13T13:10:57.150537956+01:00","Action":"output","Package":"github.com/JohnnyPBelo/relayloom/native/groups","Test":"TestAnchorSignatureAndPermanentAuthority","Output":"=== RUN   TestAnchorSignatureAndPermanentAuthority\n"}
{"Time":"2026-09-13T13:10:57.178468253+01:00","Action":"output","Package":"github.com/JohnnyPBelo/relayloom/native/groups","Test":"TestAnchorSignatureAndPermanentAuthority","Output":"--- PASS: TestAnchorSignatureAndPermanentAuthority (0.03s)\n"}
{"Time":"2026-09-13T13:10:57.178474915+01:00","Action":"pass","Package":"github.com/JohnnyPBelo/relayloom/native/groups","Test":"TestAnchorSignatureAndPermanentAuthority","Elapsed":0.03}
{"Time":"2026-09-13T13:10:57.178498159+01:00","Action":"run","Package":"github.com/JohnnyPBelo/relayloom/native/groups","Test":"TestInvitationConsentAndExactParent"}
{"Time":"2026-09-13T13:10:57.178520511+01:00","Action":"output","Package":"github.com/JohnnyPBelo/relayloom/native/groups","Test":"TestInvitationConsentAndExactParent","Output":"=== RUN   TestInvitationConsentAndExactParent\n"}
{"Time":"2026-09-13T13:10:57.282797342+01:00","Action":"output","Package":"github.com/JohnnyPBelo/relayloom/native/groups","Test":"TestInvitationConsentAndExactParent","Output":"--- PASS: TestInvitationConsentAndExactParent (0.10s)\n"}
{"Time":"2026-09-13T13:10:57.282845903+01:00","Action":"pass","Package":"github.com/JohnnyPBelo/relayloom/native/groups","Test":"TestInvitationConsentAndExactParent","Elapsed":0.1}
{"Time":"2026-09-13T13:10:57.282853468+01:00","Action":"run","Package":"github.com/JohnnyPBelo/relayloom/native/groups","Test":"TestRealReaderEnvelopesRemovalAndRejoinPath"}
{"Time":"2026-09-13T13:10:57.282856072+01:00","Action":"output","Package":"github.com/JohnnyPBelo/relayloom/native/groups","Test":"TestRealReaderEnvelopesRemovalAndRejoinPath","Output":"=== RUN   TestRealReaderEnvelopesRemovalAndRejoinPath\n"}
{"Time":"2026-09-13T13:10:57.486852781+01:00","Action":"output","Package":"github.com/JohnnyPBelo/relayloom/native/groups","Test":"TestRealReaderEnvelopesRemovalAndRejoinPath","Output":"--- PASS: TestRealReaderEnvelopesRemovalAndRejoinPath (0.20s)\n"}
{"Time":"2026-09-13T13:10:57.486901683+01:00","Action":"pass","Package":"github.com/JohnnyPBelo/relayloom/native/groups","Test":"TestRealReaderEnvelopesRemovalAndRejoinPath","Elapsed":0.2}
{"Time":"2026-09-13T13:10:57.486911211+01:00","Action":"run","Package":"github.com/JohnnyPBelo/relayloom/native/groups","Test":"TestCreatorRekeyKeepsSigningAuthority"}
{"Time":"2026-09-13T13:10:57.486913485+01:00","Action":"output","Package":"github.com/JohnnyPBelo/relayloom/native/groups","Test":"TestCreatorRekeyKeepsSigningAuthority","Output":"=== RUN   TestCreatorRekeyKeepsSigningAuthority\n"}
{"Time":"2026-09-13T13:10:57.599926236+01:00","Action":"output","Package":"github.com/JohnnyPBelo/relayloom/native/groups","Test":"TestCreatorRekeyKeepsSigningAuthority","Output":"--- PASS: TestCreatorRekeyKeepsSigningAuthority (0.11s)\n"}
{"Time":"2026-09-13T13:10:57.599946233+01:00","Action":"pass","Package":"github.com/JohnnyPBelo/relayloom/native/groups","Test":"TestCreatorRekeyKeepsSigningAuthority","Elapsed":0.11}
{"Time":"2026-09-13T13:10:57.599954519+01:00","Action":"run","Package":"github.com/JohnnyPBelo/relayloom/native/groups","Test":"TestExactSchemaAndSignedMalformedInputs"}
{"Time":"2026-09-13T13:10:57.599956713+01:00","Action":"output","Package":"github.com/JohnnyPBelo/relayloom/native/groups","Test":"TestExactSchemaAndSignedMalformedInputs","Output":"=== RUN   TestExactSchemaAndSignedMalformedInputs\n"}
{"Time":"2026-09-13T13:10:57.670008936+01:00","Action":"output","Package":"github.com/JohnnyPBelo/relayloom/native/groups","Test":"TestExactSchemaAndSignedMalformedInputs","Output":"--- PASS: TestExactSchemaAndSignedMalformedInputs (0.07s)\n"}
{"Time":"2026-09-13T13:10:57.670034744+01:00","Action":"pass","Package":"github.com/JohnnyPBelo/relayloom/native/groups","Test":"TestExactSchemaAndSignedMalformedInputs","Elapsed":0.07}
{"Time":"2026-09-13T13:10:57.670041407+01:00","Action":"run","Package":"github.com/JohnnyPBelo/relayloom/native/groups","Test":"TestClosureLeaveAndForkBoundaries"}
{"Time":"2026-09-13T13:10:57.670043541+01:00","Action":"output","Package":"github.com/JohnnyPBelo/relayloom/native/groups","Test":"TestClosureLeaveAndForkBoundaries","Output":"=== RUN   TestClosureLeaveAndForkBoundaries\n"}
{"Time":"2026-09-13T13:10:57.827245753+01:00","Action":"output","Package":"github.com/JohnnyPBelo/relayloom/native/groups","Test":"TestClosureLeaveAndForkBoundaries","Output":"--- PASS: TestClosureLeaveAndForkBoundaries (0.16s)\n"}
{"Time":"2026-09-13T13:10:57.827295587+01:00","Action":"pass","Package":"github.com/JohnnyPBelo/relayloom/native/groups","Test":"TestClosureLeaveAndForkBoundaries","Elapsed":0.16}
{"Time":"2026-09-13T13:10:57.827304784+01:00","Action":"run","Package":"github.com/JohnnyPBelo/relayloom/native/groups","Test":"TestRosterBoundsAndUTF16Titles"}
{"Time":"2026-09-13T13:10:57.827307649+01:00","Action":"output","Package":"github.com/JohnnyPBelo/relayloom/native/groups","Test":"TestRosterBoundsAndUTF16Titles","Output":"=== RUN   TestRosterBoundsAndUTF16Titles\n"}
{"Time":"2026-09-13T13:10:59.633668383+01:00","Action":"output","Package":"github.com/JohnnyPBelo/relayloom/native/groups","Test":"TestRosterBoundsAndUTF16Titles","Output":"--- PASS: TestRosterBoundsAndUTF16Titles (1.81s)\n"}
{"Time":"2026-09-13T13:10:59.633717595+01:00","Action":"pass","Package":"github.com/JohnnyPBelo/relayloom/native/groups","Test":"TestRosterBoundsAndUTF16Titles","Elapsed":1.81}
{"Time":"2026-09-13T13:10:59.633727824+01:00","Action":"run","Package":"github.com/JohnnyPBelo/relayloom/native/groups","Test":"TestSnapshotNeedsExactConsentSetAndPinnedCards"}
{"Time":"2026-09-13T13:10:59.63373104+01:00","Action":"output","Package":"github.com/JohnnyPBelo/relayloom/native/groups","Test":"TestSnapshotNeedsExactConsentSetAndPinnedCards","Output":"=== RUN   TestSnapshotNeedsExactConsentSetAndPinnedCards\n"}
{"Time":"2026-09-13T13:10:59.755640492+01:00","Action":"output","Package":"github.com/JohnnyPBelo/relayloom/native/groups","Test":"TestSnapshotNeedsExactConsentSetAndPinnedCards","Output":"--- PASS: TestSnapshotNeedsExactConsentSetAndPinnedCards (0.12s)\n"}
{"Time":"2026-09-13T13:10:59.755677511+01:00","Action":"pass","Package":"github.com/JohnnyPBelo/relayloom/native/groups","Test":"TestSnapshotNeedsExactConsentSetAndPinnedCards","Elapsed":0.12}
{"Time":"2026-09-13T13:10:59.755685676+01:00","Action":"run","Package":"github.com/JohnnyPBelo/relayloom/native/groups","Test":"TestGroupCertificateInteropFixture"}
{"Time":"2026-09-13T13:10:59.755688933+01:00","Action":"output","Package":"github.com/JohnnyPBelo/relayloom/native/groups","Test":"TestGroupCertificateInteropFixture","Output":"=== RUN   TestGroupCertificateInteropFixture\n"}
{"Time":"2026-09-13T13:10:59.755788489+01:00","Action":"output","Package":"github.com/JohnnyPBelo/relayloom/native/groups","Test":"TestGroupCertificateInteropFixture","Output":"    interop_test.go:16: driven by the Node/Go vector test\n"}
{"Time":"2026-09-13T13:10:59.755795492+01:00","Action":"output","Package":"github.com/JohnnyPBelo/relayloom/native/groups","Test":"TestGroupCertificateInteropFixture","Output":"--- SKIP: TestGroupCertificateInteropFixture (0.00s)\n"}
{"Time":"2026-09-13T13:10:59.755806794+01:00","Action":"skip","Package":"github.com/JohnnyPBelo/relayloom/native/groups","Test":"TestGroupCertificateInteropFixture","Elapsed":0}
{"Time":"2026-09-13T13:10:59.755833243+01:00","Action":"output","Package":"github.com/JohnnyPBelo/relayloom/native/groups","Output":"PASS\n"}
{"Time":"2026-09-13T13:11:00.760238019+01:00","Action":"output","Package":"github.com/JohnnyPBelo/relayloom/native/groups","Output":"ok  \tgithub.com/JohnnyPBelo/relayloom/native/groups\t3.748s\n"}
{"Time":"2026-09-13T13:11:00.760305656+01:00","Action":"pass","Package":"github.com/JohnnyPBelo/relayloom/native/groups","Elapsed":3.748}
{"Time":"2026-09-13T13:11:01.113403349+01:00","Action":"start","Package":"github.com/JohnnyPBelo/relayloom/native/groupstore"}
{"Time":"2026-09-13T13:11:01.122386281+01:00","Action":"run","Package":"github.com/JohnnyPBelo/relayloom/native/groupstore","Test":"TestUnknownSchemaCannotHideBehindSQLitePrefix"}
{"Time":"2026-09-13T13:11:01.122427658+01:00","Action":"output","Package":"github.com/JohnnyPBelo/relayloom/native/groupstore","Test":"TestUnknownSchemaCannotHideBehindSQLitePrefix","Output":"=== RUN   TestUnknownSchemaCannotHideBehindSQLitePrefix\n"}
{"Time":"2026-09-13T13:11:01.155241452+01:00","Action":"output","Package":"github.com/JohnnyPBelo/relayloom/native/groupstore","Test":"TestUnknownSchemaCannotHideBehindSQLitePrefix","Output":"--- PASS: TestUnknownSchemaCannotHideBehindSQLitePrefix (0.03s)\n"}
{"Time":"2026-09-13T13:11:01.155270416+01:00","Action":"pass","Package":"github.com/JohnnyPBelo/relayloom/native/groupstore","Test":"TestUnknownSchemaCannotHideBehindSQLitePrefix","Elapsed":0.03}
{"Time":"2026-09-13T13:11:01.155278+01:00","Action":"run","Package":"github.com/JohnnyPBelo/relayloom/native/groupstore","Test":"TestIntegrityFailureStillPoisonsHandleAfterCallbackPanic"}
{"Time":"2026-09-13T13:11:01.155280545+01:00","Action":"output","Package":"github.com/JohnnyPBelo/relayloom/native/groupstore","Test":"TestIntegrityFailureStillPoisonsHandleAfterCallbackPanic","Output":"=== RUN   TestIntegrityFailureStillPoisonsHandleAfterCallbackPanic\n"}
{"Time":"2026-09-13T13:11:01.190705985+01:00","Action":"output","Package":"github.com/JohnnyPBelo/relayloom/native/groupstore","Test":"TestIntegrityFailureStillPoisonsHandleAfterCallbackPanic","Output":"--- PASS: TestIntegrityFailureStillPoisonsHandleAfterCallbackPanic (0.04s)\n"}
{"Time":"2026-09-13T13:11:01.19072473+01:00","Action":"pass","Package":"github.com/JohnnyPBelo/relayloom/native/groupstore","Test":"TestIntegrityFailureStillPoisonsHandleAfterCallbackPanic","Elapsed":0.04}
{"Time":"2026-09-13T13:11:01.190733256+01:00","Action":"run","Package":"github.com/JohnnyPBelo/relayloom/native/groupstore","Test":"TestPersistentEncryptedRecordsAndRollback"}
{"Time":"2026-09-13T13:11:01.190735721+01:00","Action":"output","Package":"github.com/JohnnyPBelo/relayloom/native/groupstore","Test":"TestPersistentEncryptedRecordsAndRollback","Output":"=== RUN   TestPersistentEncryptedRecordsAndRollback\n"}
{"Time":"2026-09-13T13:11:01.244172291+01:00","Action":"output","Package":"github.com/JohnnyPBelo/relayloom/native/groupstore","Test":"TestPersistentEncryptedRecordsAndRollback","Output":"--- PASS: TestPersistentEncryptedRecordsAndRollback (0.05s)\n"}
{"Time":"2026-09-13T13:11:01.244189132+01:00","Action":"pass","Package":"github.com/JohnnyPBelo/relayloom/native/groupstore","Test":"TestPersistentEncryptedRecordsAndRollback","Elapsed":0.05}
{"Time":"2026-09-13T13:11:01.244194583+01:00","Action":"run","Package":"github.com/JohnnyPBelo/relayloom/native/groupstore","Test":"TestMissingDamagedStateAndWrongIdentityFailClosed"}
{"Time":"2026-09-13T13:11:01.244196646+01:00","Action":"output","Package":"github.com/JohnnyPBelo/relayloom/native/groupstore","Test":"TestMissingDamagedStateAndWrongIdentityFailClosed","Output":"=== RUN   TestMissingDamagedStateAndWrongIdentityFailClosed\n"}
{"Time":"2026-09-13T13:11:01.276177538+01:00","Action":"output","Package":"github.com/JohnnyPBelo/relayloom/native/groupstore","Test":"TestMissingDamagedStateAndWrongIdentityFailClosed","Output":"--- PASS: TestMissingDamagedStateAndWrongIdentityFailClosed (0.03s)\n"}
{"Time":"2026-09-13T13:11:01.276194049+01:00","Action":"pass","Package":"github.com/JohnnyPBelo/relayloom/native/groupstore","Test":"TestMissingDamagedStateAndWrongIdentityFailClosed","Elapsed":0.03}
{"Time":"2026-09-13T13:11:01.276200251+01:00","Action":"run","Package":"github.com/JohnnyPBelo/relayloom/native/groupstore","Test":"TestReadingKeyCannotForgeLocalSigningFence"}
{"Time":"2026-09-13T13:11:01.276204689+01:00","Action":"output","Package":"github.com/JohnnyPBelo/relayloom/native/groupstore","Test":"TestReadingKeyCannotForgeLocalSigningFence","Output":"=== RUN   TestReadingKeyCannotForgeLocalSigningFence\n"}
{"Time":"2026-09-13T13:11:01.326528934+01:00","Action":"output","Package":"github.com/JohnnyPBelo/relayloom/native/groupstore","Test":"TestReadingKeyCannotForgeLocalSigningFence","Output":"--- PASS: TestReadingKeyCannotForgeLocalSigningFence (0.05s)\n"}
{"Time":"2026-09-13T13:11:01.326546637+01:00","Action":"pass","Package":"github.com/JohnnyPBelo/relayloom/native/groupstore","Test":"TestReadingKeyCannotForgeLocalSigningFence","Elapsed":0.05}
{"Time":"2026-09-13T13:11:01.326551556+01:00","Action":"run","Package":"github.com/JohnnyPBelo/relayloom/native/groupstore","Test":"TestSwallowedRowTamperingStillAbortsAndPoisonsHandle"}
{"Time":"2026-09-13T13:11:01.32655368+01:00","Action":"output","Package":"github.com/JohnnyPBelo/relayloom/native/groupstore","Test":"TestSwallowedRowTamperingStillAbortsAndPoisonsHandle","Output":"=== RUN   TestSwallowedRowTamperingStillAbortsAndPoisonsHandle\n"}
{"Time":"2026-09-13T13:11:01.361827165+01:00","Action":"output","Package":"github.com/JohnnyPBelo/relayloom/native/groupstore","Test":"TestSwallowedRowTamperingStillAbortsAndPoisonsHandle","Output":"--- PASS: TestSwallowedRowTamperingStillAbortsAndPoisonsHandle (0.04s)\n"}
{"Time":"2026-09-13T13:11:01.361843706+01:00","Action":"pass","Package":"github.com/JohnnyPBelo/relayloom/native/groupstore","Test":"TestSwallowedRowTamperingStillAbortsAndPoisonsHandle","Elapsed":0.04}
{"Time":"2026-09-13T13:11:01.361848806+01:00","Action":"run","Package":"github.com/JohnnyPBelo/relayloom/native/groupstore","Test":"TestAADBindsStoreRecordAndRevision"}
{"Time":"2026-09-13T13:11:01.36185099+01:00","Action":"output","Package":"github.com/JohnnyPBelo/relayloom/native/groupstore","Test":"TestAADBindsStoreRecordAndRevision","Output":"=== RUN   TestAADBindsStoreRecordAndRevision\n"}
{"Time":"2026-09-13T13:11:01.364407764+01:00","Action":"output","Package":"github.com/JohnnyPBelo/relayloom/native/groupstore","Test":"TestAADBindsStoreRecordAndRevision","Output":"--- PASS: TestAADBindsStoreRecordAndRevision (0.00s)\n"}
{"Time":"2026-09-13T13:11:01.364413975+01:00","Action":"pass","Package":"github.com/JohnnyPBelo/relayloom/native/groupstore","Test":"TestAADBindsStoreRecordAndRevision","Elapsed":0}
{"Time":"2026-09-13T13:11:01.364425717+01:00","Action":"run","Package":"github.com/JohnnyPBelo/relayloom/native/groupstore","Test":"TestQuotaRefusalCanAtomicallySaveCheckpointReserve"}
{"Time":"2026-09-13T13:11:01.36442746+01:00","Action":"output","Package":"github.com/JohnnyPBelo/relayloom/native/groupstore","Test":"TestQuotaRefusalCanAtomicallySaveCheckpointReserve","Output":"=== RUN   TestQuotaRefusalCanAtomicallySaveCheckpointReserve\n"}
{"Time":"2026-09-13T13:11:01.425893725+01:00","Action":"output","Package":"github.com/JohnnyPBelo/relayloom/native/groupstore","Test":"TestQuotaRefusalCanAtomicallySaveCheckpointReserve","Output":"--- PASS: TestQuotaRefusalCanAtomicallySaveCheckpointReserve (0.06s)\n"}
{"Time":"2026-09-13T13:11:01.425921598+01:00","Action":"pass","Package":"github.com/JohnnyPBelo/relayloom/native/groupstore","Test":"TestQuotaRefusalCanAtomicallySaveCheckpointReserve","Elapsed":0.06}
{"Time":"2026-09-13T13:11:01.42592816+01:00","Action":"run","Package":"github.com/JohnnyPBelo/relayloom/native/groupstore","Test":"TestPartialIndexReplayFailsWhileFullValidBackupRemainsLimitation"}
{"Time":"2026-09-13T13:11:01.425930604+01:00","Action":"output","Package":"github.com/JohnnyPBelo/relayloom/native/groupstore","Test":"TestPartialIndexReplayFailsWhileFullValidBackupRemainsLimitation","Output":"=== RUN   TestPartialIndexReplayFailsWhileFullValidBackupRemainsLimitation\n"}
{"Time":"2026-09-13T13:11:01.481165806+01:00","Action":"output","Package":"github.com/JohnnyPBelo/relayloom/native/groupstore","Test":"TestPartialIndexReplayFailsWhileFullValidBackupRemainsLimitation","Output":"--- PASS: TestPartialIndexReplayFailsWhileFullValidBackupRemainsLimitation (0.06s)\n"}
{"Time":"2026-09-13T13:11:01.481230788+01:00","Action":"pass","Package":"github.com/JohnnyPBelo/relayloom/native/groupstore","Test":"TestPartialIndexReplayFailsWhileFullValidBackupRemainsLimitation","Elapsed":0.06}
{"Time":"2026-09-13T13:11:01.481241839+01:00","Action":"run","Package":"github.com/JohnnyPBelo/relayloom/native/groupstore","Test":"TestPanicRollsBackAndReleasesTransaction"}
{"Time":"2026-09-13T13:11:01.481245285+01:00","Action":"output","Package":"github.com/JohnnyPBelo/relayloom/native/groupstore","Test":"TestPanicRollsBackAndReleasesTransaction","Output":"=== RUN   TestPanicRollsBackAndReleasesTransaction\n"}
{"Time":"2026-09-13T13:11:01.506452257+01:00","Action":"output","Package":"github.com/JohnnyPBelo/relayloom/native/groupstore","Test":"TestPanicRollsBackAndReleasesTransaction","Output":"--- PASS: TestPanicRollsBackAndReleasesTransaction (0.03s)\n"}
{"Time":"2026-09-13T13:11:01.506499485+01:00","Action":"pass","Package":"github.com/JohnnyPBelo/relayloom/native/groupstore","Test":"TestPanicRollsBackAndReleasesTransaction","Elapsed":0.03}
{"Time":"2026-09-13T13:11:01.506509674+01:00","Action":"run","Package":"github.com/JohnnyPBelo/relayloom/native/groupstore","Test":"TestAuthenticatedMetadataReadAccessorsRespectTransactionLifetime"}
{"Time":"2026-09-13T13:11:01.506518391+01:00","Action":"output","Package":"github.com/JohnnyPBelo/relayloom/native/groupstore","Test":"TestAuthenticatedMetadataReadAccessorsRespectTransactionLifetime","Output":"=== RUN   TestAuthenticatedMetadataReadAccessorsRespectTransactionLifetime\n"}
{"Time":"2026-09-13T13:11:01.536094654+01:00","Action":"output","Package":"github.com/JohnnyPBelo/relayloom/native/groupstore","Test":"TestAuthenticatedMetadataReadAccessorsRespectTransactionLifetime","Output":"--- PASS: TestAuthenticatedMetadataReadAccessorsRespectTransactionLifetime (0.03s)\n"}
{"Time":"2026-09-13T13:11:01.536139137+01:00","Action":"pass","Package":"github.com/JohnnyPBelo/relayloom/native/groupstore","Test":"TestAuthenticatedMetadataReadAccessorsRespectTransactionLifetime","Elapsed":0.03}
{"Time":"2026-09-13T13:11:01.536147723+01:00","Action":"run","Package":"github.com/JohnnyPBelo/relayloom/native/groupstore","Test":"TestStoreProcessWorker"}
{"Time":"2026-09-13T13:11:01.53615148+01:00","Action":"output","Package":"github.com/JohnnyPBelo/relayloom/native/groupstore","Test":"TestStoreProcessWorker","Output":"=== RUN   TestStoreProcessWorker\n"}
{"Time":"2026-09-13T13:11:01.536189933+01:00","Action":"output","Package":"github.com/JohnnyPBelo/relayloom/native/groupstore","Test":"TestStoreProcessWorker","Output":"    worker_test.go:20: executed by the Node cross-runtime process test\n"}
{"Time":"2026-09-13T13:11:01.536203257+01:00","Action":"output","Package":"github.com/JohnnyPBelo/relayloom/native/groupstore","Test":"TestStoreProcessWorker","Output":"--- SKIP: TestStoreProcessWorker (0.00s)\n"}
{"Time":"2026-09-13T13:11:01.536213867+01:00","Action":"skip","Package":"github.com/JohnnyPBelo/relayloom/native/groupstore","Test":"TestStoreProcessWorker","Elapsed":0}
{"Time":"2026-09-13T13:11:01.53623637+01:00","Action":"output","Package":"github.com/JohnnyPBelo/relayloom/native/groupstore","Output":"PASS\n"}
{"Time":"2026-09-13T13:11:02.540298983+01:00","Action":"output","Package":"github.com/JohnnyPBelo/relayloom/native/groupstore","Output":"ok  \tgithub.com/JohnnyPBelo/relayloom/native/groupstore\t1.427s\n"}
{"Time":"2026-09-13T13:11:02.540355319+01:00","Action":"pass","Package":"github.com/JohnnyPBelo/relayloom/native/groupstore","Elapsed":1.427}
{"Time":"2026-09-13T13:11:02.915005661+01:00","Action":"start","Package":"github.com/JohnnyPBelo/relayloom/native/groupauthority"}
{"Time":"2026-09-13T13:11:02.92473887+01:00","Action":"run","Package":"github.com/JohnnyPBelo/relayloom/native/groupauthority","Test":"TestGroupProfileTransactionFixture"}
{"Time":"2026-09-13T13:11:02.924775779+01:00","Action":"output","Package":"github.com/JohnnyPBelo/relayloom/native/groupauthority","Test":"TestGroupProfileTransactionFixture","Output":"=== RUN   TestGroupProfileTransactionFixture\n"}
{"Time":"2026-09-13T13:11:02.924816786+01:00","Action":"output","Package":"github.com/JohnnyPBelo/relayloom/native/groupauthority","Test":"TestGroupProfileTransactionFixture","Output":"    profile_worker_test.go:20: driven by the real Node/Go group/private transaction test\n"}
{"Time":"2026-09-13T13:11:02.924861991+01:00","Action":"output","Package":"github.com/JohnnyPBelo/relayloom/native/groupauthority","Test":"TestGroupProfileTransactionFixture","Output":"--- SKIP: TestGroupProfileTransactionFixture (0.00s)\n"}
{"Time":"2026-09-13T13:11:02.92487217+01:00","Action":"skip","Package":"github.com/JohnnyPBelo/relayloom/native/groupauthority","Test":"TestGroupProfileTransactionFixture","Elapsed":0}
{"Time":"2026-09-13T13:11:02.92488801+01:00","Action":"run","Package":"github.com/JohnnyPBelo/relayloom/native/groupauthority","Test":"TestCreationPersistenceAndFiniteIdempotence"}
{"Time":"2026-09-13T13:11:02.924890194+01:00","Action":"output","Package":"github.com/JohnnyPBelo/relayloom/native/groupauthority","Test":"TestCreationPersistenceAndFiniteIdempotence","Output":"=== RUN   TestCreationPersistenceAndFiniteIdempotence\n"}
{"Time":"2026-09-13T13:11:03.067142556+01:00","Action":"output","Package":"github.com/JohnnyPBelo/relayloom/native/groupauthority","Test":"TestCreationPersistenceAndFiniteIdempotence","Output":"--- PASS: TestCreationPersistenceAndFiniteIdempotence (0.14s)\n"}
{"Time":"2026-09-13T13:11:03.06718702+01:00","Action":"pass","Package":"github.com/JohnnyPBelo/relayloom/native/groupauthority","Test":"TestCreationPersistenceAndFiniteIdempotence","Elapsed":0.14}
{"Time":"2026-09-13T13:11:03.067195355+01:00","Action":"run","Package":"github.com/JohnnyPBelo/relayloom/native/groupauthority","Test":"TestInvitationFreshConsentAndLeaveReentry"}
{"Time":"2026-09-13T13:11:03.067198121+01:00","Action":"output","Package":"github.com/JohnnyPBelo/relayloom/native/groupauthority","Test":"TestInvitationFreshConsentAndLeaveReentry","Output":"=== RUN   TestInvitationFreshConsentAndLeaveReentry\n"}
{"Time":"2026-09-13T13:11:05.753808258+01:00","Action":"output","Package":"github.com/JohnnyPBelo/relayloom/native/groupauthority","Test":"TestInvitationFreshConsentAndLeaveReentry","Output":"--- PASS: TestInvitationFreshConsentAndLeaveReentry (2.69s)\n"}
{"Time":"2026-09-13T13:11:05.753851208+01:00","Action":"pass","Package":"github.com/JohnnyPBelo/relayloom/native/groupauthority","Test":"TestInvitationFreshConsentAndLeaveReentry","Elapsed":2.69}
{"Time":"2026-09-13T13:11:05.753860676+01:00","Action":"run","Package":"github.com/JohnnyPBelo/relayloom/native/groupauthority","Test":"TestCursorWaitsForIntermediateSnapshot"}
{"Time":"2026-09-13T13:11:05.753870765+01:00","Action":"output","Package":"github.com/JohnnyPBelo/relayloom/native/groupauthority","Test":"TestCursorWaitsForIntermediateSnapshot","Output":"=== RUN   TestCursorWaitsForIntermediateSnapshot\n"}
{"Time":"2026-09-13T13:11:07.975626243+01:00","Action":"output","Package":"github.com/JohnnyPBelo/relayloom/native/groupauthority","Test":"TestCursorWaitsForIntermediateSnapshot","Output":"--- PASS: TestCursorWaitsForIntermediateSnapshot (2.22s)\n"}
{"Time":"2026-09-13T13:11:07.975669785+01:00","Action":"pass","Package":"github.com/JohnnyPBelo/relayloom/native/groupauthority","Test":"TestCursorWaitsForIntermediateSnapshot","Elapsed":2.22}
{"Time":"2026-09-13T13:11:07.975686286+01:00","Action":"run","Package":"github.com/JohnnyPBelo/relayloom/native/groupauthority","Test":"TestCapacityRecoveryAndDurableStops"}
{"Time":"2026-09-13T13:11:07.975690304+01:00","Action":"output","Package":"github.com/JohnnyPBelo/relayloom/native/groupauthority","Test":"TestCapacityRecoveryAndDurableStops","Output":"=== RUN   TestCapacityRecoveryAndDurableStops\n"}
{"Time":"2026-09-13T13:11:10.054554371+01:00","Action":"output","Package":"github.com/JohnnyPBelo/relayloom/native/groupauthority","Test":"TestCapacityRecoveryAndDurableStops","Output":"--- PASS: TestCapacityRecoveryAndDurableStops (2.08s)\n"}
{"Time":"2026-09-13T13:11:10.05460712+01:00","Action":"pass","Package":"github.com/JohnnyPBelo/relayloom/native/groupauthority","Test":"TestCapacityRecoveryAndDurableStops","Elapsed":2.08}
{"Time":"2026-09-13T13:11:10.054624002+01:00","Action":"run","Package":"github.com/JohnnyPBelo/relayloom/native/groupauthority","Test":"TestConcurrentHandlesCommitOnlyOneSuccessor"}
{"Time":"2026-09-13T13:11:10.054626236+01:00","Action":"output","Package":"github.com/JohnnyPBelo/relayloom/native/groupauthority","Test":"TestConcurrentHandlesCommitOnlyOneSuccessor","Output":"=== RUN   TestConcurrentHandlesCommitOnlyOneSuccessor\n"}
{"Time":"2026-09-13T13:11:10.34577611+01:00","Action":"output","Package":"github.com/JohnnyPBelo/relayloom/native/groupauthority","Test":"TestConcurrentHandlesCommitOnlyOneSuccessor","Output":"--- PASS: TestConcurrentHandlesCommitOnlyOneSuccessor (0.29s)\n"}
{"Time":"2026-09-13T13:11:10.345811928+01:00","Action":"pass","Package":"github.com/JohnnyPBelo/relayloom/native/groupauthority","Test":"TestConcurrentHandlesCommitOnlyOneSuccessor","Elapsed":0.29}
{"Time":"2026-09-13T13:11:10.345822668+01:00","Action":"run","Package":"github.com/JohnnyPBelo/relayloom/native/groupauthority","Test":"TestMalformedCheckpointPoisonsHandle"}
{"Time":"2026-09-13T13:11:10.345826114+01:00","Action":"output","Package":"github.com/JohnnyPBelo/relayloom/native/groupauthority","Test":"TestMalformedCheckpointPoisonsHandle","Output":"=== RUN   TestMalformedCheckpointPoisonsHandle\n"}
{"Time":"2026-09-13T13:11:10.412637751+01:00","Action":"output","Package":"github.com/JohnnyPBelo/relayloom/native/groupauthority","Test":"TestMalformedCheckpointPoisonsHandle","Output":"--- PASS: TestMalformedCheckpointPoisonsHandle (0.07s)\n"}
{"Time":"2026-09-13T13:11:10.412677806+01:00","Action":"pass","Package":"github.com/JohnnyPBelo/relayloom/native/groupauthority","Test":"TestMalformedCheckpointPoisonsHandle","Elapsed":0.07}
{"Time":"2026-09-13T13:11:10.412687505+01:00","Action":"run","Package":"github.com/JohnnyPBelo/relayloom/native/groupauthority","Test":"TestValidRemovalSurvivesInvalidTrailingProof"}
{"Time":"2026-09-13T13:11:10.412689919+01:00","Action":"output","Package":"github.com/JohnnyPBelo/relayloom/native/groupauthority","Test":"TestValidRemovalSurvivesInvalidTrailingProof","Output":"=== RUN   TestValidRemovalSurvivesInvalidTrailingProof\n"}
{"Time":"2026-09-13T13:11:11.594534591+01:00","Action":"output","Package":"github.com/JohnnyPBelo/relayloom/native/groupauthority","Test":"TestValidRemovalSurvivesInvalidTrailingProof","Output":"--- PASS: TestValidRemovalSurvivesInvalidTrailingProof (1.18s)\n"}
{"Time":"2026-09-13T13:11:11.594576019+01:00","Action":"pass","Package":"github.com/JohnnyPBelo/relayloom/native/groupauthority","Test":"TestValidRemovalSurvivesInvalidTrailingProof","Elapsed":1.18}
{"Time":"2026-09-13T13:11:11.594585547+01:00","Action":"run","Package":"github.com/JohnnyPBelo/relayloom/native/groupauthority","Test":"TestInvalidIntermediateConsentCannotBeSkipped"}
{"Time":"2026-09-13T13:11:11.594588161+01:00","Action":"output","Package":"github.com/JohnnyPBelo/relayloom/native/groupauthority","Test":"TestInvalidIntermediateConsentCannotBeSkipped","Output":"=== RUN   TestInvalidIntermediateConsentCannotBeSkipped\n"}
{"Time":"2026-09-13T13:11:12.161670439+01:00","Action":"output","Package":"github.com/JohnnyPBelo/relayloom/native/groupauthority","Test":"TestInvalidIntermediateConsentCannotBeSkipped","Output":"--- PASS: TestInvalidIntermediateConsentCannotBeSkipped (0.57s)\n"}
{"Time":"2026-09-13T13:11:12.161708841+01:00","Action":"pass","Package":"github.com/JohnnyPBelo/relayloom/native/groupauthority","Test":"TestInvalidIntermediateConsentCannotBeSkipped","Elapsed":0.57}
{"Time":"2026-09-13T13:11:12.161722096+01:00","Action":"run","Package":"github.com/JohnnyPBelo/relayloom/native/groupauthority","Test":"TestSignedOrphansCannotFreezeAndAnchoredForkCannotRecover"}
{"Time":"2026-09-13T13:11:12.161724621+01:00","Action":"output","Package":"github.com/JohnnyPBelo/relayloom/native/groupauthority","Test":"TestSignedOrphansCannotFreezeAndAnchoredForkCannotRecover","Output":"=== RUN   TestSignedOrphansCannotFreezeAndAnchoredForkCannotRecover\n"}
{"Time":"2026-09-13T13:11:12.8911503+01:00","Action":"output","Package":"github.com/JohnnyPBelo/relayloom/native/groupauthority","Test":"TestSignedOrphansCannotFreezeAndAnchoredForkCannotRecover","Output":"--- PASS: TestSignedOrphansCannotFreezeAndAnchoredForkCannotRecover (0.73s)\n"}
{"Time":"2026-09-13T13:11:12.89119272+01:00","Action":"pass","Package":"github.com/JohnnyPBelo/relayloom/native/groupauthority","Test":"TestSignedOrphansCannotFreezeAndAnchoredForkCannotRecover","Elapsed":0.73}
{"Time":"2026-09-13T13:11:12.891200785+01:00","Action":"run","Package":"github.com/JohnnyPBelo/relayloom/native/groupauthority","Test":"TestFiniteRetentionAndRememberedGroupLimit"}
{"Time":"2026-09-13T13:11:12.891203691+01:00","Action":"output","Package":"github.com/JohnnyPBelo/relayloom/native/groupauthority","Test":"TestFiniteRetentionAndRememberedGroupLimit","Output":"=== RUN   TestFiniteRetentionAndRememberedGroupLimit\n"}
{"Time":"2026-09-13T13:13:20.271326496+01:00","Action":"output","Package":"github.com/JohnnyPBelo/relayloom/native/groupauthority","Test":"TestFiniteRetentionAndRememberedGroupLimit","Output":"--- PASS: TestFiniteRetentionAndRememberedGroupLimit (127.38s)\n"}
{"Time":"2026-09-13T13:13:20.271428207+01:00","Action":"pass","Package":"github.com/JohnnyPBelo/relayloom/native/groupauthority","Test":"TestFiniteRetentionAndRememberedGroupLimit","Elapsed":127.38}
{"Time":"2026-09-13T13:13:20.271439007+01:00","Action":"run","Package":"github.com/JohnnyPBelo/relayloom/native/groupauthority","Test":"TestMalformedRetainedResultCannotClaimSuccess"}
{"Time":"2026-09-13T13:13:20.271446201+01:00","Action":"output","Package":"github.com/JohnnyPBelo/relayloom/native/groupauthority","Test":"TestMalformedRetainedResultCannotClaimSuccess","Output":"=== RUN   TestMalformedRetainedResultCannotClaimSuccess\n"}
{"Time":"2026-09-13T13:13:20.338557646+01:00","Action":"output","Package":"github.com/JohnnyPBelo/relayloom/native/groupauthority","Test":"TestMalformedRetainedResultCannotClaimSuccess","Output":"--- PASS: TestMalformedRetainedResultCannotClaimSuccess (0.07s)\n"}
{"Time":"2026-09-13T13:13:20.33858096+01:00","Action":"pass","Package":"github.com/JohnnyPBelo/relayloom/native/groupauthority","Test":"TestMalformedRetainedResultCannotClaimSuccess","Elapsed":0.07}
{"Time":"2026-09-13T13:13:20.338586931+01:00","Action":"run","Package":"github.com/JohnnyPBelo/relayloom/native/groupauthority","Test":"TestRetirementStillChecksEachSignatureAfterCachingAGroup"}
{"Time":"2026-09-13T13:13:20.338589706+01:00","Action":"output","Package":"github.com/JohnnyPBelo/relayloom/native/groupauthority","Test":"TestRetirementStillChecksEachSignatureAfterCachingAGroup","Output":"=== RUN   TestRetirementStillChecksEachSignatureAfterCachingAGroup\n"}
{"Time":"2026-09-13T13:13:46.361524056+01:00","Action":"output","Package":"github.com/JohnnyPBelo/relayloom/native/groupauthority","Test":"TestRetirementStillChecksEachSignatureAfterCachingAGroup","Output":"--- PASS: TestRetirementStillChecksEachSignatureAfterCachingAGroup (26.02s)\n"}
{"Time":"2026-09-13T13:13:46.361562278+01:00","Action":"pass","Package":"github.com/JohnnyPBelo/relayloom/native/groupauthority","Test":"TestRetirementStillChecksEachSignatureAfterCachingAGroup","Elapsed":26.02}
{"Time":"2026-09-13T13:13:46.36157421+01:00","Action":"run","Package":"github.com/JohnnyPBelo/relayloom/native/groupauthority","Test":"TestScopedGroupAndPrivateCommitRollbackAndExpiry"}
{"Time":"2026-09-13T13:13:46.361577376+01:00","Action":"output","Package":"github.com/JohnnyPBelo/relayloom/native/groupauthority","Test":"TestScopedGroupAndPrivateCommitRollbackAndExpiry","Output":"=== RUN   TestScopedGroupAndPrivateCommitRollbackAndExpiry\n"}
{"Time":"2026-09-13T13:13:46.506832361+01:00","Action":"output","Package":"github.com/JohnnyPBelo/relayloom/native/groupauthority","Test":"TestScopedGroupAndPrivateCommitRollbackAndExpiry","Output":"--- PASS: TestScopedGroupAndPrivateCommitRollbackAndExpiry (0.15s)\n"}
{"Time":"2026-09-13T13:13:46.506877145+01:00","Action":"pass","Package":"github.com/JohnnyPBelo/relayloom/native/groupauthority","Test":"TestScopedGroupAndPrivateCommitRollbackAndExpiry","Elapsed":0.15}
{"Time":"2026-09-13T13:13:46.506895058+01:00","Action":"run","Package":"github.com/JohnnyPBelo/relayloom/native/groupauthority","Test":"TestScopedSwallowedOperationFailureRollsBackEverything"}
{"Time":"2026-09-13T13:13:46.506899967+01:00","Action":"output","Package":"github.com/JohnnyPBelo/relayloom/native/groupauthority","Test":"TestScopedSwallowedOperationFailureRollsBackEverything","Output":"=== RUN   TestScopedSwallowedOperationFailureRollsBackEverything\n"}
{"Time":"2026-09-13T13:13:46.573581427+01:00","Action":"output","Package":"github.com/JohnnyPBelo/relayloom/native/groupauthority","Test":"TestScopedSwallowedOperationFailureRollsBackEverything","Output":"--- PASS: TestScopedSwallowedOperationFailureRollsBackEverything (0.07s)\n"}
{"Time":"2026-09-13T13:13:46.573618897+01:00","Action":"pass","Package":"github.com/JohnnyPBelo/relayloom/native/groupauthority","Test":"TestScopedSwallowedOperationFailureRollsBackEverything","Elapsed":0.07}
{"Time":"2026-09-13T13:13:46.573632412+01:00","Action":"run","Package":"github.com/JohnnyPBelo/relayloom/native/groupauthority","Test":"TestScopedRestrictivePrefixAndPrivateDecisionCommitBeforeRejection"}
{"Time":"2026-09-13T13:13:46.573634887+01:00","Action":"output","Package":"github.com/JohnnyPBelo/relayloom/native/groupauthority","Test":"TestScopedRestrictivePrefixAndPrivateDecisionCommitBeforeRejection","Output":"=== RUN   TestScopedRestrictivePrefixAndPrivateDecisionCommitBeforeRejection\n"}
{"Time":"2026-09-13T13:13:46.796641055+01:00","Action":"output","Package":"github.com/JohnnyPBelo/relayloom/native/groupauthority","Test":"TestScopedRestrictivePrefixAndPrivateDecisionCommitBeforeRejection","Output":"--- PASS: TestScopedRestrictivePrefixAndPrivateDecisionCommitBeforeRejection (0.22s)\n"}
{"Time":"2026-09-13T13:13:46.796691209+01:00","Action":"pass","Package":"github.com/JohnnyPBelo/relayloom/native/groupauthority","Test":"TestScopedRestrictivePrefixAndPrivateDecisionCommitBeforeRejection","Elapsed":0.22}
{"Time":"2026-09-13T13:13:46.796700927+01:00","Action":"run","Package":"github.com/JohnnyPBelo/relayloom/native/groupauthority","Test":"TestScopedRawProofTailRetainsExactRestrictivePrefix"}
{"Time":"2026-09-13T13:13:46.796705225+01:00","Action":"output","Package":"github.com/JohnnyPBelo/relayloom/native/groupauthority","Test":"TestScopedRawProofTailRetainsExactRestrictivePrefix","Output":"=== RUN   TestScopedRawProofTailRetainsExactRestrictivePrefix\n"}
{"Time":"2026-09-13T13:13:46.796717398+01:00","Action":"run","Package":"github.com/JohnnyPBelo/relayloom/native/groupauthority","Test":"TestScopedRawProofTailRetainsExactRestrictivePrefix/null"}
{"Time":"2026-09-13T13:13:46.796720674+01:00","Action":"output","Package":"github.com/JohnnyPBelo/relayloom/native/groupauthority","Test":"TestScopedRawProofTailRetainsExactRestrictivePrefix/null","Output":"=== RUN   TestScopedRawProofTailRetainsExactRestrictivePrefix/null\n"}
{"Time":"2026-09-13T13:13:47.00162866+01:00","Action":"output","Package":"github.com/JohnnyPBelo/relayloom/native/groupauthority","Test":"TestScopedRawProofTailRetainsExactRestrictivePrefix/null","Output":"--- PASS: TestScopedRawProofTailRetainsExactRestrictivePrefix/null (0.20s)\n"}
{"Time":"2026-09-13T13:13:47.001673394+01:00","Action":"pass","Package":"github.com/JohnnyPBelo/relayloom/native/groupauthority","Test":"TestScopedRawProofTailRetainsExactRestrictivePrefix/null","Elapsed":0.2}
{"Time":"2026-09-13T13:13:47.001681088+01:00","Action":"run","Package":"github.com/JohnnyPBelo/relayloom/native/groupauthority","Test":"TestScopedRawProofTailRetainsExactRestrictivePrefix/unknown-field"}
{"Time":"2026-09-13T13:13:47.001683944+01:00","Action":"output","Package":"github.com/JohnnyPBelo/relayloom/native/groupauthority","Test":"TestScopedRawProofTailRetainsExactRestrictivePrefix/unknown-field","Output":"=== RUN   TestScopedRawProofTailRetainsExactRestrictivePrefix/unknown-field\n"}
{"Time":"2026-09-13T13:13:47.188192874+01:00","Action":"output","Package":"github.com/JohnnyPBelo/relayloom/native/groupauthority","Test":"TestScopedRawProofTailRetainsExactRestrictivePrefix/unknown-field","Output":"--- PASS: TestScopedRawProofTailRetainsExactRestrictivePrefix/unknown-field (0.19s)\n"}
{"Time":"2026-09-13T13:13:47.188250973+01:00","Action":"pass","Package":"github.com/JohnnyPBelo/relayloom/native/groupauthority","Test":"TestScopedRawProofTailRetainsExactRestrictivePrefix/unknown-field","Elapsed":0.19}
{"Time":"2026-09-13T13:13:47.188260791+01:00","Action":"run","Package":"github.com/JohnnyPBelo/relayloom/native/groupauthority","Test":"TestScopedRawProofTailRetainsExactRestrictivePrefix/missing-field"}
{"Time":"2026-09-13T13:13:47.188266141+01:00","Action":"output","Package":"github.com/JohnnyPBelo/relayloom/native/groupauthority","Test":"TestScopedRawProofTailRetainsExactRestrictivePrefix/missing-field","Output":"=== RUN   TestScopedRawProofTailRetainsExactRestrictivePrefix/missing-field\n"}
{"Time":"2026-09-13T13:13:47.383561254+01:00","Action":"output","Package":"github.com/JohnnyPBelo/relayloom/native/groupauthority","Test":"TestScopedRawProofTailRetainsExactRestrictivePrefix/missing-field","Output":"--- PASS: TestScopedRawProofTailRetainsExactRestrictivePrefix/missing-field (0.20s)\n"}
{"Time":"2026-09-13T13:13:47.383602291+01:00","Action":"pass","Package":"github.com/JohnnyPBelo/relayloom/native/groupauthority","Test":"TestScopedRawProofTailRetainsExactRestrictivePrefix/missing-field","Elapsed":0.2}
{"Time":"2026-09-13T13:13:47.383610046+01:00","Action":"run","Package":"github.com/JohnnyPBelo/relayloom/native/groupauthority","Test":"TestScopedRawProofTailRetainsExactRestrictivePrefix/wrong-type"}
{"Time":"2026-09-13T13:13:47.383612851+01:00","Action":"output","Package":"github.com/JohnnyPBelo/relayloom/native/groupauthority","Test":"TestScopedRawProofTailRetainsExactRestrictivePrefix/wrong-type","Output":"=== RUN   TestScopedRawProofTailRetainsExactRestrictivePrefix/wrong-type\n"}
{"Time":"2026-09-13T13:13:47.575431897+01:00","Action":"output","Package":"github.com/JohnnyPBelo/relayloom/native/groupauthority","Test":"TestScopedRawProofTailRetainsExactRestrictivePrefix/wrong-type","Output":"--- PASS: TestScopedRawProofTailRetainsExactRestrictivePrefix/wrong-type (0.19s)\n"}
{"Time":"2026-09-13T13:13:47.575472964+01:00","Action":"pass","Package":"github.com/JohnnyPBelo/relayloom/native/groupauthority","Test":"TestScopedRawProofTailRetainsExactRestrictivePrefix/wrong-type","Elapsed":0.19}
{"Time":"2026-09-13T13:13:47.575483424+01:00","Action":"run","Package":"github.com/JohnnyPBelo/relayloom/native/groupauthority","Test":"TestScopedRawProofTailRetainsExactRestrictivePrefix/signature"}
{"Time":"2026-09-13T13:13:47.57548661+01:00","Action":"output","Package":"github.com/JohnnyPBelo/relayloom/native/groupauthority","Test":"TestScopedRawProofTailRetainsExactRestrictivePrefix/signature","Output":"=== RUN   TestScopedRawProofTailRetainsExactRestrictivePrefix/signature\n"}
{"Time":"2026-09-13T13:13:47.761451189+01:00","Action":"output","Package":"github.com/JohnnyPBelo/relayloom/native/groupauthority","Test":"TestScopedRawProofTailRetainsExactRestrictivePrefix/signature","Output":"--- PASS: TestScopedRawProofTailRetainsExactRestrictivePrefix/signature (0.19s)\n"}
{"Time":"2026-09-13T13:13:47.761501253+01:00","Action":"pass","Package":"github.com/JohnnyPBelo/relayloom/native/groupauthority","Test":"TestScopedRawProofTailRetainsExactRestrictivePrefix/signature","Elapsed":0.19}
{"Time":"2026-09-13T13:13:47.7615104+01:00","Action":"output","Package":"github.com/JohnnyPBelo/relayloom/native/groupauthority","Test":"TestScopedRawProofTailRetainsExactRestrictivePrefix","Output":"--- PASS: TestScopedRawProofTailRetainsExactRestrictivePrefix (0.96s)\n"}
{"Time":"2026-09-13T13:13:47.761514428+01:00","Action":"pass","Package":"github.com/JohnnyPBelo/relayloom/native/groupauthority","Test":"TestScopedRawProofTailRetainsExactRestrictivePrefix","Elapsed":0.96}
{"Time":"2026-09-13T13:13:47.761545396+01:00","Action":"run","Package":"github.com/JohnnyPBelo/relayloom/native/groupauthority","Test":"TestSwallowedEntireScopeErrorStillAbortsOuterTransaction"}
{"Time":"2026-09-13T13:13:47.76155811+01:00","Action":"output","Package":"github.com/JohnnyPBelo/relayloom/native/groupauthority","Test":"TestSwallowedEntireScopeErrorStillAbortsOuterTransaction","Output":"=== RUN   TestSwallowedEntireScopeErrorStillAbortsOuterTransaction\n"}
{"Time":"2026-09-13T13:13:47.804278445+01:00","Action":"output","Package":"github.com/JohnnyPBelo/relayloom/native/groupauthority","Test":"TestSwallowedEntireScopeErrorStillAbortsOuterTransaction","Output":"--- PASS: TestSwallowedEntireScopeErrorStillAbortsOuterTransaction (0.04s)\n"}
{"Time":"2026-09-13T13:13:47.804320013+01:00","Action":"pass","Package":"github.com/JohnnyPBelo/relayloom/native/groupauthority","Test":"TestSwallowedEntireScopeErrorStillAbortsOuterTransaction","Elapsed":0.04}
{"Time":"2026-09-13T13:13:47.804330533+01:00","Action":"run","Package":"github.com/JohnnyPBelo/relayloom/native/groupauthority","Test":"TestScopedFenceSurvivesFullOrdinaryQuotaWithoutPrivateGrowth"}
{"Time":"2026-09-13T13:13:47.804333588+01:00","Action":"output","Package":"github.com/JohnnyPBelo/relayloom/native/groupauthority","Test":"TestScopedFenceSurvivesFullOrdinaryQuotaWithoutPrivateGrowth","Output":"=== RUN   TestScopedFenceSurvivesFullOrdinaryQuotaWithoutPrivateGrowth\n"}
{"Time":"2026-09-13T13:13:48.112076617+01:00","Action":"output","Package":"github.com/JohnnyPBelo/relayloom/native/groupauthority","Test":"TestScopedFenceSurvivesFullOrdinaryQuotaWithoutPrivateGrowth","Output":"--- PASS: TestScopedFenceSurvivesFullOrdinaryQuotaWithoutPrivateGrowth (0.31s)\n"}
{"Time":"2026-09-13T13:13:48.112117975+01:00","Action":"pass","Package":"github.com/JohnnyPBelo/relayloom/native/groupauthority","Test":"TestScopedFenceSurvivesFullOrdinaryQuotaWithoutPrivateGrowth","Elapsed":0.31}
{"Time":"2026-09-13T13:13:48.112127673+01:00","Action":"run","Package":"github.com/JohnnyPBelo/relayloom/native/groupauthority","Test":"TestGroupAuthorityInteropFixture"}
{"Time":"2026-09-13T13:13:48.112132812+01:00","Action":"output","Package":"github.com/JohnnyPBelo/relayloom/native/groupauthority","Test":"TestGroupAuthorityInteropFixture","Output":"=== RUN   TestGroupAuthorityInteropFixture\n"}
{"Time":"2026-09-13T13:13:48.112155014+01:00","Action":"output","Package":"github.com/JohnnyPBelo/relayloom/native/groupauthority","Test":"TestGroupAuthorityInteropFixture","Output":"    worker_test.go:50: driven by the Node/Go authority process test\n"}
{"Time":"2026-09-13T13:13:48.112188847+01:00","Action":"output","Package":"github.com/JohnnyPBelo/relayloom/native/groupauthority","Test":"TestGroupAuthorityInteropFixture","Output":"--- SKIP: TestGroupAuthorityInteropFixture (0.00s)\n"}
{"Time":"2026-09-13T13:13:48.112191332+01:00","Action":"skip","Package":"github.com/JohnnyPBelo/relayloom/native/groupauthority","Test":"TestGroupAuthorityInteropFixture","Elapsed":0}
{"Time":"2026-09-13T13:13:48.11221165+01:00","Action":"output","Package":"github.com/JohnnyPBelo/relayloom/native/groupauthority","Output":"PASS\n"}
{"Time":"2026-09-13T13:13:49.1167928+01:00","Action":"output","Package":"github.com/JohnnyPBelo/relayloom/native/groupauthority","Output":"ok  \tgithub.com/JohnnyPBelo/relayloom/native/groupauthority\t166.202s\n"}
{"Time":"2026-09-13T13:13:49.116838626+01:00","Action":"pass","Package":"github.com/JohnnyPBelo/relayloom/native/groupauthority","Elapsed":166.202}
{"Time":"2026-09-13T13:13:49.608018936+01:00","Action":"start","Package":"github.com/JohnnyPBelo/relayloom/native/groupaccess"}
{"Time":"2026-09-13T13:13:49.618474028+01:00","Action":"run","Package":"github.com/JohnnyPBelo/relayloom/native/groupaccess","Test":"TestScopeLifetimeAndMutationInvalidation"}
{"Time":"2026-09-13T13:13:49.618519674+01:00","Action":"output","Package":"github.com/JohnnyPBelo/relayloom/native/groupaccess","Test":"TestScopeLifetimeAndMutationInvalidation","Output":"=== RUN   TestScopeLifetimeAndMutationInvalidation\n"}
{"Time":"2026-09-13T13:13:49.977665396+01:00","Action":"output","Package":"github.com/JohnnyPBelo/relayloom/native/groupaccess","Test":"TestScopeLifetimeAndMutationInvalidation","Output":"--- PASS: TestScopeLifetimeAndMutationInvalidation (0.36s)\n"}
{"Time":"2026-09-13T13:13:49.977716702+01:00","Action":"pass","Package":"github.com/JohnnyPBelo/relayloom/native/groupaccess","Test":"TestScopeLifetimeAndMutationInvalidation","Elapsed":0.36}
{"Time":"2026-09-13T13:13:49.977724106+01:00","Action":"run","Package":"github.com/JohnnyPBelo/relayloom/native/groupaccess","Test":"TestBindingPresenceAndStrictHistoricalPayload"}
{"Time":"2026-09-13T13:13:49.97772619+01:00","Action":"output","Package":"github.com/JohnnyPBelo/relayloom/native/groupaccess","Test":"TestBindingPresenceAndStrictHistoricalPayload","Output":"=== RUN   TestBindingPresenceAndStrictHistoricalPayload\n"}
{"Time":"2026-09-13T13:13:49.977840203+01:00","Action":"output","Package":"github.com/JohnnyPBelo/relayloom/native/groupaccess","Test":"TestBindingPresenceAndStrictHistoricalPayload","Output":"--- PASS: TestBindingPresenceAndStrictHistoricalPayload (0.00s)\n"}
{"Time":"2026-09-13T13:13:49.977849751+01:00","Action":"pass","Package":"github.com/JohnnyPBelo/relayloom/native/groupaccess","Test":"TestBindingPresenceAndStrictHistoricalPayload","Elapsed":0}
{"Time":"2026-09-13T13:13:49.977872674+01:00","Action":"run","Package":"github.com/JohnnyPBelo/relayloom/native/groupaccess","Test":"TestGroupAccessProcessFixture"}
{"Time":"2026-09-13T13:13:49.977875139+01:00","Action":"output","Package":"github.com/JohnnyPBelo/relayloom/native/groupaccess","Test":"TestGroupAccessProcessFixture","Output":"=== RUN   TestGroupAccessProcessFixture\n"}
{"Time":"2026-09-13T13:13:49.97792931+01:00","Action":"output","Package":"github.com/JohnnyPBelo/relayloom/native/groupaccess","Test":"TestGroupAccessProcessFixture","Output":"    worker_test.go:16: driven by the Node/Go signed group-access test\n"}
{"Time":"2026-09-13T13:13:49.977949949+01:00","Action":"output","Package":"github.com/JohnnyPBelo/relayloom/native/groupaccess","Test":"TestGroupAccessProcessFixture","Output":"--- SKIP: TestGroupAccessProcessFixture (0.00s)\n"}
{"Time":"2026-09-13T13:13:49.977958185+01:00","Action":"skip","Package":"github.com/JohnnyPBelo/relayloom/native/groupaccess","Test":"TestGroupAccessProcessFixture","Elapsed":0}
{"Time":"2026-09-13T13:13:49.977983211+01:00","Action":"output","Package":"github.com/JohnnyPBelo/relayloom/native/groupaccess","Output":"PASS\n"}
{"Time":"2026-09-13T13:13:50.980941128+01:00","Action":"output","Package":"github.com/JohnnyPBelo/relayloom/native/groupaccess","Output":"ok  \tgithub.com/JohnnyPBelo/relayloom/native/groupaccess\t1.373s\n"}
{"Time":"2026-09-13T13:13:50.980985291+01:00","Action":"pass","Package":"github.com/JohnnyPBelo/relayloom/native/groupaccess","Elapsed":1.373}
{"Time":"2026-09-13T13:13:51.459865971+01:00","Action":"start","Package":"github.com/JohnnyPBelo/relayloom/native/groupledger"}
{"Time":"2026-09-13T13:13:51.470121358+01:00","Action":"run","Package":"github.com/JohnnyPBelo/relayloom/native/groupledger","Test":"TestStopSnapshotInvalidatesOnMutationAndScopeExit"}
{"Time":"2026-09-13T13:13:51.470169769+01:00","Action":"output","Package":"github.com/JohnnyPBelo/relayloom/native/groupledger","Test":"TestStopSnapshotInvalidatesOnMutationAndScopeExit","Output":"=== RUN   TestStopSnapshotInvalidatesOnMutationAndScopeExit\n"}
{"Time":"2026-09-13T13:13:51.805053743+01:00","Action":"output","Package":"github.com/JohnnyPBelo/relayloom/native/groupledger","Test":"TestStopSnapshotInvalidatesOnMutationAndScopeExit","Output":"--- PASS: TestStopSnapshotInvalidatesOnMutationAndScopeExit (0.33s)\n"}
{"Time":"2026-09-13T13:13:51.805093328+01:00","Action":"pass","Package":"github.com/JohnnyPBelo/relayloom/native/groupledger","Test":"TestStopSnapshotInvalidatesOnMutationAndScopeExit","Elapsed":0.33}
{"Time":"2026-09-13T13:13:51.805100491+01:00","Action":"run","Package":"github.com/JohnnyPBelo/relayloom/native/groupledger","Test":"TestClosureStopsAndRetirementStayAtomic"}
{"Time":"2026-09-13T13:13:51.805102926+01:00","Action":"output","Package":"github.com/JohnnyPBelo/relayloom/native/groupledger","Test":"TestClosureStopsAndRetirementStayAtomic","Output":"=== RUN   TestClosureStopsAndRetirementStayAtomic\n"}
{"Time":"2026-09-13T13:13:52.314974679+01:00","Action":"output","Package":"github.com/JohnnyPBelo/relayloom/native/groupledger","Test":"TestClosureStopsAndRetirementStayAtomic","Output":"--- PASS: TestClosureStopsAndRetirementStayAtomic (0.51s)\n"}
{"Time":"2026-09-13T13:13:52.315018652+01:00","Action":"pass","Package":"github.com/JohnnyPBelo/relayloom/native/groupledger","Test":"TestClosureStopsAndRetirementStayAtomic","Elapsed":0.51}
{"Time":"2026-09-13T13:13:52.315026617+01:00","Action":"run","Package":"github.com/JohnnyPBelo/relayloom/native/groupledger","Test":"TestMalformedCountersFailClosedAndUTF16Bounds"}
{"Time":"2026-09-13T13:13:52.315028921+01:00","Action":"output","Package":"github.com/JohnnyPBelo/relayloom/native/groupledger","Test":"TestMalformedCountersFailClosedAndUTF16Bounds","Output":"=== RUN   TestMalformedCountersFailClosedAndUTF16Bounds\n"}
{"Time":"2026-09-13T13:13:52.359769183+01:00","Action":"output","Package":"github.com/JohnnyPBelo/relayloom/native/groupledger","Test":"TestMalformedCountersFailClosedAndUTF16Bounds","Output":"--- PASS: TestMalformedCountersFailClosedAndUTF16Bounds (0.04s)\n"}
{"Time":"2026-09-13T13:13:52.35981536+01:00","Action":"pass","Package":"github.com/JohnnyPBelo/relayloom/native/groupledger","Test":"TestMalformedCountersFailClosedAndUTF16Bounds","Elapsed":0.04}
{"Time":"2026-09-13T13:13:52.359824788+01:00","Action":"run","Package":"github.com/JohnnyPBelo/relayloom/native/groupledger","Test":"TestGroupLedgerProcessFixture"}
{"Time":"2026-09-13T13:13:52.359828454+01:00","Action":"output","Package":"github.com/JohnnyPBelo/relayloom/native/groupledger","Test":"TestGroupLedgerProcessFixture","Output":"=== RUN   TestGroupLedgerProcessFixture\n"}
{"Time":"2026-09-13T13:13:52.359867928+01:00","Action":"output","Package":"github.com/JohnnyPBelo/relayloom/native/groupledger","Test":"TestGroupLedgerProcessFixture","Output":"    worker_test.go:18: driven by real Node/Go ledger processes\n"}
{"Time":"2026-09-13T13:13:52.359895841+01:00","Action":"output","Package":"github.com/JohnnyPBelo/relayloom/native/groupledger","Test":"TestGroupLedgerProcessFixture","Output":"--- SKIP: TestGroupLedgerProcessFixture (0.00s)\n"}
{"Time":"2026-09-13T13:13:52.35991685+01:00","Action":"skip","Package":"github.com/JohnnyPBelo/relayloom/native/groupledger","Test":"TestGroupLedgerProcessFixture","Elapsed":0}
{"Time":"2026-09-13T13:13:52.359943711+01:00","Action":"output","Package":"github.com/JohnnyPBelo/relayloom/native/groupledger","Output":"PASS\n"}
{"Time":"2026-09-13T13:13:53.36352719+01:00","Action":"output","Package":"github.com/JohnnyPBelo/relayloom/native/groupledger","Output":"ok  \tgithub.com/JohnnyPBelo/relayloom/native/groupledger\t1.904s\n"}
{"Time":"2026-09-13T13:13:53.363581492+01:00","Action":"pass","Package":"github.com/JohnnyPBelo/relayloom/native/groupledger","Elapsed":1.904}
{"Time":"2026-09-13T13:13:53.760393684+01:00","Action":"start","Package":"github.com/JohnnyPBelo/relayloom/native/profilelock"}
{"Time":"2026-09-13T13:13:53.768210119+01:00","Action":"run","Package":"github.com/JohnnyPBelo/relayloom/native/profilelock","Test":"TestExclusiveOwnershipIndependentProfilesAndRestart"}
{"Time":"2026-09-13T13:13:53.768252298+01:00","Action":"output","Package":"github.com/JohnnyPBelo/relayloom/native/profilelock","Test":"TestExclusiveOwnershipIndependentProfilesAndRestart","Output":"=== RUN   TestExclusiveOwnershipIndependentProfilesAndRestart\n"}
{"Time":"2026-09-13T13:13:53.808509054+01:00","Action":"output","Package":"github.com/JohnnyPBelo/relayloom/native/profilelock","Test":"TestExclusiveOwnershipIndependentProfilesAndRestart","Output":"--- PASS: TestExclusiveOwnershipIndependentProfilesAndRestart (0.04s)\n"}
{"Time":"2026-09-13T13:13:53.808550261+01:00","Action":"pass","Package":"github.com/JohnnyPBelo/relayloom/native/profilelock","Test":"TestExclusiveOwnershipIndependentProfilesAndRestart","Elapsed":0.04}
{"Time":"2026-09-13T13:13:53.808561452+01:00","Action":"run","Package":"github.com/JohnnyPBelo/relayloom/native/profilelock","Test":"TestEmptyInitializationAndForeignFile"}
{"Time":"2026-09-13T13:13:53.808573876+01:00","Action":"output","Package":"github.com/JohnnyPBelo/relayloom/native/profilelock","Test":"TestEmptyInitializationAndForeignFile","Output":"=== RUN   TestEmptyInitializationAndForeignFile\n"}
{"Time":"2026-09-13T13:13:53.825230344+01:00","Action":"output","Package":"github.com/JohnnyPBelo/relayloom/native/profilelock","Test":"TestEmptyInitializationAndForeignFile","Output":"--- PASS: TestEmptyInitializationAndForeignFile (0.02s)\n"}
{"Time":"2026-09-13T13:13:53.825269999+01:00","Action":"pass","Package":"github.com/JohnnyPBelo/relayloom/native/profilelock","Test":"TestEmptyInitializationAndForeignFile","Elapsed":0.02}
{"Time":"2026-09-13T13:13:53.82528676+01:00","Action":"run","Package":"github.com/JohnnyPBelo/relayloom/native/profilelock","Test":"TestProfileOwnershipInteropFixture"}
{"Time":"2026-09-13T13:13:53.825289706+01:00","Action":"output","Package":"github.com/JohnnyPBelo/relayloom/native/profilelock","Test":"TestProfileOwnershipInteropFixture","Output":"=== RUN   TestProfileOwnershipInteropFixture\n"}
{"Time":"2026-09-13T13:13:53.825368533+01:00","Action":"output","Package":"github.com/JohnnyPBelo/relayloom/native/profilelock","Test":"TestProfileOwnershipInteropFixture","Output":"    worker_test.go:14: driven by real Node/Go profile ownership processes\n"}
{"Time":"2026-09-13T13:13:53.825397698+01:00","Action":"output","Package":"github.com/JohnnyPBelo/relayloom/native/profilelock","Test":"TestProfileOwnershipInteropFixture","Output":"--- SKIP: TestProfileOwnershipInteropFixture (0.00s)\n"}
{"Time":"2026-09-13T13:13:53.825413357+01:00","Action":"skip","Package":"github.com/JohnnyPBelo/relayloom/native/profilelock","Test":"TestProfileOwnershipInteropFixture","Elapsed":0}
{"Time":"2026-09-13T13:13:53.82543619+01:00","Action":"output","Package":"github.com/JohnnyPBelo/relayloom/native/profilelock","Output":"PASS\n"}
{"Time":"2026-09-13T13:13:54.827449326+01:00","Action":"output","Package":"github.com/JohnnyPBelo/relayloom/native/profilelock","Output":"ok  \tgithub.com/JohnnyPBelo/relayloom/native/profilelock\t1.067s\n"}
{"Time":"2026-09-13T13:13:54.827496644+01:00","Action":"pass","Package":"github.com/JohnnyPBelo/relayloom/native/profilelock","Elapsed":1.067}
{"Time":"2026-09-13T13:13:55.236342858+01:00","Action":"start","Package":"github.com/JohnnyPBelo/relayloom/native/profilestate"}
{"Time":"2026-09-13T13:13:55.245403316+01:00","Action":"run","Package":"github.com/JohnnyPBelo/relayloom/native/profilestate","Test":"TestPersistedPrivateBytesAndAtomicShrink"}
{"Time":"2026-09-13T13:13:55.24544817+01:00","Action":"output","Package":"github.com/JohnnyPBelo/relayloom/native/profilestate","Test":"TestPersistedPrivateBytesAndAtomicShrink","Output":"=== RUN   TestPersistedPrivateBytesAndAtomicShrink\n"}
{"Time":"2026-09-13T13:13:55.9944279+01:00","Action":"output","Package":"github.com/JohnnyPBelo/relayloom/native/profilestate","Test":"TestPersistedPrivateBytesAndAtomicShrink","Output":"--- PASS: TestPersistedPrivateBytesAndAtomicShrink (0.75s)\n"}
{"Time":"2026-09-13T13:13:55.994474448+01:00","Action":"pass","Package":"github.com/JohnnyPBelo/relayloom/native/profilestate","Test":"TestPersistedPrivateBytesAndAtomicShrink","Elapsed":0.75}
{"Time":"2026-09-13T13:13:55.994482653+01:00","Action":"run","Package":"github.com/JohnnyPBelo/relayloom/native/profilestate","Test":"TestPrivateStateAndFenceCommitOrRollbackWithCAS"}
{"Time":"2026-09-13T13:13:55.994485238+01:00","Action":"output","Package":"github.com/JohnnyPBelo/relayloom/native/profilestate","Test":"TestPrivateStateAndFenceCommitOrRollbackWithCAS","Output":"=== RUN   TestPrivateStateAndFenceCommitOrRollbackWithCAS\n"}
{"Time":"2026-09-13T13:13:56.068170618+01:00","Action":"output","Package":"github.com/JohnnyPBelo/relayloom/native/profilestate","Test":"TestPrivateStateAndFenceCommitOrRollbackWithCAS","Output":"--- PASS: TestPrivateStateAndFenceCommitOrRollbackWithCAS (0.07s)\n"}
{"Time":"2026-09-13T13:13:56.068201406+01:00","Action":"pass","Package":"github.com/JohnnyPBelo/relayloom/native/profilestate","Test":"TestPrivateStateAndFenceCommitOrRollbackWithCAS","Elapsed":0.07}
{"Time":"2026-09-13T13:13:56.068214591+01:00","Action":"run","Package":"github.com/JohnnyPBelo/relayloom/native/profilestate","Test":"TestBrokenAndOrphanChunksFailClosed"}
{"Time":"2026-09-13T13:13:56.068217396+01:00","Action":"output","Package":"github.com/JohnnyPBelo/relayloom/native/profilestate","Test":"TestBrokenAndOrphanChunksFailClosed","Output":"=== RUN   TestBrokenAndOrphanChunksFailClosed\n"}
{"Time":"2026-09-13T13:13:56.068234418+01:00","Action":"run","Package":"github.com/JohnnyPBelo/relayloom/native/profilestate","Test":"TestBrokenAndOrphanChunksFailClosed/missing"}
{"Time":"2026-09-13T13:13:56.068236823+01:00","Action":"output","Package":"github.com/JohnnyPBelo/relayloom/native/profilestate","Test":"TestBrokenAndOrphanChunksFailClosed/missing","Output":"=== RUN   TestBrokenAndOrphanChunksFailClosed/missing\n"}
{"Time":"2026-09-13T13:13:56.112536128+01:00","Action":"output","Package":"github.com/JohnnyPBelo/relayloom/native/profilestate","Test":"TestBrokenAndOrphanChunksFailClosed/missing","Output":"--- PASS: TestBrokenAndOrphanChunksFailClosed/missing (0.04s)\n"}
{"Time":"2026-09-13T13:13:56.112575211+01:00","Action":"pass","Package":"github.com/JohnnyPBelo/relayloom/native/profilestate","Test":"TestBrokenAndOrphanChunksFailClosed/missing","Elapsed":0.04}
{"Time":"2026-09-13T13:13:56.112582816+01:00","Action":"run","Package":"github.com/JohnnyPBelo/relayloom/native/profilestate","Test":"TestBrokenAndOrphanChunksFailClosed/orphan"}
{"Time":"2026-09-13T13:13:56.11258539+01:00","Action":"output","Package":"github.com/JohnnyPBelo/relayloom/native/profilestate","Test":"TestBrokenAndOrphanChunksFailClosed/orphan","Output":"=== RUN   TestBrokenAndOrphanChunksFailClosed/orphan\n"}
{"Time":"2026-09-13T13:13:56.153022665+01:00","Action":"output","Package":"github.com/JohnnyPBelo/relayloom/native/profilestate","Test":"TestBrokenAndOrphanChunksFailClosed/orphan","Output":"--- PASS: TestBrokenAndOrphanChunksFailClosed/orphan (0.04s)\n"}
{"Time":"2026-09-13T13:13:56.153050187+01:00","Action":"pass","Package":"github.com/JohnnyPBelo/relayloom/native/profilestate","Test":"TestBrokenAndOrphanChunksFailClosed/orphan","Elapsed":0.04}
{"Time":"2026-09-13T13:13:56.153129175+01:00","Action":"run","Package":"github.com/JohnnyPBelo/relayloom/native/profilestate","Test":"TestBrokenAndOrphanChunksFailClosed/hash"}
{"Time":"2026-09-13T13:13:56.15315881+01:00","Action":"output","Package":"github.com/JohnnyPBelo/relayloom/native/profilestate","Test":"TestBrokenAndOrphanChunksFailClosed/hash","Output":"=== RUN   TestBrokenAndOrphanChunksFailClosed/hash\n"}
{"Time":"2026-09-13T13:13:56.196152127+01:00","Action":"output","Package":"github.com/JohnnyPBelo/relayloom/native/profilestate","Test":"TestBrokenAndOrphanChunksFailClosed/hash","Output":"--- PASS: TestBrokenAndOrphanChunksFailClosed/hash (0.04s)\n"}
{"Time":"2026-09-13T13:13:56.196187724+01:00","Action":"pass","Package":"github.com/JohnnyPBelo/relayloom/native/profilestate","Test":"TestBrokenAndOrphanChunksFailClosed/hash","Elapsed":0.04}
{"Time":"2026-09-13T13:13:56.196195929+01:00","Action":"output","Package":"github.com/JohnnyPBelo/relayloom/native/profilestate","Test":"TestBrokenAndOrphanChunksFailClosed","Output":"--- PASS: TestBrokenAndOrphanChunksFailClosed (0.13s)\n"}
{"Time":"2026-09-13T13:13:56.196199075+01:00","Action":"pass","Package":"github.com/JohnnyPBelo/relayloom/native/profilestate","Test":"TestBrokenAndOrphanChunksFailClosed","Elapsed":0.13}
{"Time":"2026-09-13T13:13:56.196234592+01:00","Action":"run","Package":"github.com/JohnnyPBelo/relayloom/native/profilestate","Test":"TestPrivateStateByteBounds"}
{"Time":"2026-09-13T13:13:56.196237547+01:00","Action":"output","Package":"github.com/JohnnyPBelo/relayloom/native/profilestate","Test":"TestPrivateStateByteBounds","Output":"=== RUN   TestPrivateStateByteBounds\n"}
{"Time":"2026-09-13T13:14:01.933746477+01:00","Action":"output","Package":"github.com/JohnnyPBelo/relayloom/native/profilestate","Test":"TestPrivateStateByteBounds","Output":"--- PASS: TestPrivateStateByteBounds (5.74s)\n"}
{"Time":"2026-09-13T13:14:01.933798104+01:00","Action":"pass","Package":"github.com/JohnnyPBelo/relayloom/native/profilestate","Test":"TestPrivateStateByteBounds","Elapsed":5.74}
{"Time":"2026-09-13T13:14:01.933807602+01:00","Action":"output","Package":"github.com/JohnnyPBelo/relayloom/native/profilestate","Output":"PASS\n"}
{"Time":"2026-09-13T13:14:02.950307458+01:00","Action":"output","Package":"github.com/JohnnyPBelo/relayloom/native/profilestate","Output":"ok  \tgithub.com/JohnnyPBelo/relayloom/native/profilestate\t7.714s\n"}
{"Time":"2026-09-13T13:14:02.950368874+01:00","Action":"pass","Package":"github.com/JohnnyPBelo/relayloom/native/profilestate","Elapsed":7.714}
{"Time":"2026-09-13T13:14:03.351928176+01:00","Action":"start","Package":"github.com/JohnnyPBelo/relayloom/native/profilebinding"}
{"Time":"2026-09-13T13:14:03.362139731+01:00","Action":"run","Package":"github.com/JohnnyPBelo/relayloom/native/profilebinding","Test":"TestBindingOwnerStoreSourceAndPhases"}
{"Time":"2026-09-13T13:14:03.36218184+01:00","Action":"output","Package":"github.com/JohnnyPBelo/relayloom/native/profilebinding","Test":"TestBindingOwnerStoreSourceAndPhases","Output":"=== RUN   TestBindingOwnerStoreSourceAndPhases\n"}
{"Time":"2026-09-13T13:14:03.380262429+01:00","Action":"output","Package":"github.com/JohnnyPBelo/relayloom/native/profilebinding","Test":"TestBindingOwnerStoreSourceAndPhases","Output":"--- PASS: TestBindingOwnerStoreSourceAndPhases (0.02s)\n"}
{"Time":"2026-09-13T13:14:03.380291263+01:00","Action":"pass","Package":"github.com/JohnnyPBelo/relayloom/native/profilebinding","Test":"TestBindingOwnerStoreSourceAndPhases","Elapsed":0.02}
{"Time":"2026-09-13T13:14:03.380299007+01:00","Action":"run","Package":"github.com/JohnnyPBelo/relayloom/native/profilebinding","Test":"TestPreassignedStoreIDDoesNotPermitReset"}
{"Time":"2026-09-13T13:14:03.380301251+01:00","Action":"output","Package":"github.com/JohnnyPBelo/relayloom/native/profilebinding","Test":"TestPreassignedStoreIDDoesNotPermitReset","Output":"=== RUN   TestPreassignedStoreIDDoesNotPermitReset\n"}
{"Time":"2026-09-13T13:14:03.411444741+01:00","Action":"output","Package":"github.com/JohnnyPBelo/relayloom/native/profilebinding","Test":"TestPreassignedStoreIDDoesNotPermitReset","Output":"--- PASS: TestPreassignedStoreIDDoesNotPermitReset (0.03s)\n"}
{"Time":"2026-09-13T13:14:03.411487321+01:00","Action":"pass","Package":"github.com/JohnnyPBelo/relayloom/native/profilebinding","Test":"TestPreassignedStoreIDDoesNotPermitReset","Elapsed":0.03}
{"Time":"2026-09-13T13:14:03.4115132+01:00","Action":"output","Package":"github.com/JohnnyPBelo/relayloom/native/profilebinding","Output":"PASS\n"}
{"Time":"2026-09-13T13:14:04.413534451+01:00","Action":"output","Package":"github.com/JohnnyPBelo/relayloom/native/profilebinding","Output":"ok  \tgithub.com/JohnnyPBelo/relayloom/native/profilebinding\t1.062s\n"}
{"Time":"2026-09-13T13:14:04.413601777+01:00","Action":"pass","Package":"github.com/JohnnyPBelo/relayloom/native/profilebinding","Elapsed":1.062}
{"Time":"2026-09-13T13:14:04.787881333+01:00","Action":"start","Package":"github.com/JohnnyPBelo/relayloom/native/profiledb"}
{"Time":"2026-09-13T13:14:04.797018464+01:00","Action":"run","Package":"github.com/JohnnyPBelo/relayloom/native/profiledb","Test":"TestMigrationBindingAndCommittedNoFallback"}
{"Time":"2026-09-13T13:14:04.797049933+01:00","Action":"output","Package":"github.com/JohnnyPBelo/relayloom/native/profiledb","Test":"TestMigrationBindingAndCommittedNoFallback","Output":"=== RUN   TestMigrationBindingAndCommittedNoFallback\n"}
{"Time":"2026-09-13T13:14:04.908506279+01:00","Action":"output","Package":"github.com/JohnnyPBelo/relayloom/native/profiledb","Test":"TestMigrationBindingAndCommittedNoFallback","Output":"--- PASS: TestMigrationBindingAndCommittedNoFallback (0.11s)\n"}
{"Time":"2026-09-13T13:14:04.908534211+01:00","Action":"pass","Package":"github.com/JohnnyPBelo/relayloom/native/profiledb","Test":"TestMigrationBindingAndCommittedNoFallback","Elapsed":0.11}
{"Time":"2026-09-13T13:14:04.908549971+01:00","Action":"run","Package":"github.com/JohnnyPBelo/relayloom/native/profiledb","Test":"TestMissingSwappedOrUnboundDatabaseIsNotReset"}
{"Time":"2026-09-13T13:14:04.908552305+01:00","Action":"output","Package":"github.com/JohnnyPBelo/relayloom/native/profiledb","Test":"TestMissingSwappedOrUnboundDatabaseIsNotReset","Output":"=== RUN   TestMissingSwappedOrUnboundDatabaseIsNotReset\n"}
{"Time":"2026-09-13T13:14:04.9085707+01:00","Action":"run","Package":"github.com/JohnnyPBelo/relayloom/native/profiledb","Test":"TestMissingSwappedOrUnboundDatabaseIsNotReset/missing"}
{"Time":"2026-09-13T13:14:04.908572503+01:00","Action":"output","Package":"github.com/JohnnyPBelo/relayloom/native/profiledb","Test":"TestMissingSwappedOrUnboundDatabaseIsNotReset/missing","Output":"=== RUN   TestMissingSwappedOrUnboundDatabaseIsNotReset/missing\n"}
{"Time":"2026-09-13T13:14:04.971813893+01:00","Action":"output","Package":"github.com/JohnnyPBelo/relayloom/native/profiledb","Test":"TestMissingSwappedOrUnboundDatabaseIsNotReset/missing","Output":"--- PASS: TestMissingSwappedOrUnboundDatabaseIsNotReset/missing (0.06s)\n"}
{"Time":"2026-09-13T13:14:04.971845011+01:00","Action":"pass","Package":"github.com/JohnnyPBelo/relayloom/native/profiledb","Test":"TestMissingSwappedOrUnboundDatabaseIsNotReset/missing","Elapsed":0.06}
{"Time":"2026-09-13T13:14:04.971866411+01:00","Action":"run","Package":"github.com/JohnnyPBelo/relayloom/native/profiledb","Test":"TestMissingSwappedOrUnboundDatabaseIsNotReset/swapped"}
{"Time":"2026-09-13T13:14:04.971869086+01:00","Action":"output","Package":"github.com/JohnnyPBelo/relayloom/native/profiledb","Test":"TestMissingSwappedOrUnboundDatabaseIsNotReset/swapped","Output":"=== RUN   TestMissingSwappedOrUnboundDatabaseIsNotReset/swapped\n"}
{"Time":"2026-09-13T13:14:05.056536206+01:00","Action":"output","Package":"github.com/JohnnyPBelo/relayloom/native/profiledb","Test":"TestMissingSwappedOrUnboundDatabaseIsNotReset/swapped","Output":"--- PASS: TestMissingSwappedOrUnboundDatabaseIsNotReset/swapped (0.08s)\n"}
{"Time":"2026-09-13T13:14:05.056573576+01:00","Action":"pass","Package":"github.com/JohnnyPBelo/relayloom/native/profiledb","Test":"TestMissingSwappedOrUnboundDatabaseIsNotReset/swapped","Elapsed":0.08}
{"Time":"2026-09-13T13:14:05.056584236+01:00","Action":"run","Package":"github.com/JohnnyPBelo/relayloom/native/profiledb","Test":"TestMissingSwappedOrUnboundDatabaseIsNotReset/unbound"}
{"Time":"2026-09-13T13:14:05.056586921+01:00","Action":"output","Package":"github.com/JohnnyPBelo/relayloom/native/profiledb","Test":"TestMissingSwappedOrUnboundDatabaseIsNotReset/unbound","Output":"=== RUN   TestMissingSwappedOrUnboundDatabaseIsNotReset/unbound\n"}
{"Time":"2026-09-13T13:14:05.085470674+01:00","Action":"output","Package":"github.com/JohnnyPBelo/relayloom/native/profiledb","Test":"TestMissingSwappedOrUnboundDatabaseIsNotReset/unbound","Output":"--- PASS: TestMissingSwappedOrUnboundDatabaseIsNotReset/unbound (0.03s)\n"}
{"Time":"2026-09-13T13:14:05.085510369+01:00","Action":"pass","Package":"github.com/JohnnyPBelo/relayloom/native/profiledb","Test":"TestMissingSwappedOrUnboundDatabaseIsNotReset/unbound","Elapsed":0.03}
{"Time":"2026-09-13T13:14:05.085550364+01:00","Action":"output","Package":"github.com/JohnnyPBelo/relayloom/native/profiledb","Test":"TestMissingSwappedOrUnboundDatabaseIsNotReset","Output":"--- PASS: TestMissingSwappedOrUnboundDatabaseIsNotReset (0.18s)\n"}
{"Time":"2026-09-13T13:14:05.085558038+01:00","Action":"pass","Package":"github.com/JohnnyPBelo/relayloom/native/profiledb","Test":"TestMissingSwappedOrUnboundDatabaseIsNotReset","Elapsed":0.18}
{"Time":"2026-09-13T13:14:05.085561415+01:00","Action":"run","Package":"github.com/JohnnyPBelo/relayloom/native/profiledb","Test":"TestPreparedResumeAndChangedSourceRefusal"}
{"Time":"2026-09-13T13:14:05.085563839+01:00","Action":"output","Package":"github.com/JohnnyPBelo/relayloom/native/profiledb","Test":"TestPreparedResumeAndChangedSourceRefusal","Output":"=== RUN   TestPreparedResumeAndChangedSourceRefusal\n"}
{"Time":"2026-09-13T13:14:05.085576753+01:00","Action":"run","Package":"github.com/JohnnyPBelo/relayloom/native/profiledb","Test":"TestPreparedResumeAndChangedSourceRefusal/no-db"}
{"Time":"2026-09-13T13:14:05.085579048+01:00","Action":"output","Package":"github.com/JohnnyPBelo/relayloom/native/profiledb","Test":"TestPreparedResumeAndChangedSourceRefusal/no-db","Output":"=== RUN   TestPreparedResumeAndChangedSourceRefusal/no-db\n"}
{"Time":"2026-09-13T13:14:05.153417125+01:00","Action":"output","Package":"github.com/JohnnyPBelo/relayloom/native/profiledb","Test":"TestPreparedResumeAndChangedSourceRefusal/no-db","Output":"--- PASS: TestPreparedResumeAndChangedSourceRefusal/no-db (0.07s)\n"}
{"Time":"2026-09-13T13:14:05.153435329+01:00","Action":"pass","Package":"github.com/JohnnyPBelo/relayloom/native/profiledb","Test":"TestPreparedResumeAndChangedSourceRefusal/no-db","Elapsed":0.07}
{"Time":"2026-09-13T13:14:05.1534463+01:00","Action":"run","Package":"github.com/JohnnyPBelo/relayloom/native/profiledb","Test":"TestPreparedResumeAndChangedSourceRefusal/empty-db"}
{"Time":"2026-09-13T13:14:05.153448704+01:00","Action":"output","Package":"github.com/JohnnyPBelo/relayloom/native/profiledb","Test":"TestPreparedResumeAndChangedSourceRefusal/empty-db","Output":"=== RUN   TestPreparedResumeAndChangedSourceRefusal/empty-db\n"}
{"Time":"2026-09-13T13:14:05.237088378+01:00","Action":"output","Package":"github.com/JohnnyPBelo/relayloom/native/profiledb","Test":"TestPreparedResumeAndChangedSourceRefusal/empty-db","Output":"--- PASS: TestPreparedResumeAndChangedSourceRefusal/empty-db (0.08s)\n"}
{"Time":"2026-09-13T13:14:05.237130166+01:00","Action":"pass","Package":"github.com/JohnnyPBelo/relayloom/native/profiledb","Test":"TestPreparedResumeAndChangedSourceRefusal/empty-db","Elapsed":0.08}
{"Time":"2026-09-13T13:14:05.237140576+01:00","Action":"output","Package":"github.com/JohnnyPBelo/relayloom/native/profiledb","Test":"TestPreparedResumeAndChangedSourceRefusal","Output":"--- PASS: TestPreparedResumeAndChangedSourceRefusal (0.15s)\n"}
{"Time":"2026-09-13T13:14:05.237143722+01:00","Action":"pass","Package":"github.com/JohnnyPBelo/relayloom/native/profiledb","Test":"TestPreparedResumeAndChangedSourceRefusal","Elapsed":0.15}
{"Time":"2026-09-13T13:14:05.237147208+01:00","Action":"run","Package":"github.com/JohnnyPBelo/relayloom/native/profiledb","Test":"TestInitializationMarkerCannotBeDeletedThroughTransaction"}
{"Time":"2026-09-13T13:14:05.237149062+01:00","Action":"output","Package":"github.com/JohnnyPBelo/relayloom/native/profiledb","Test":"TestInitializationMarkerCannotBeDeletedThroughTransaction","Output":"=== RUN   TestInitializationMarkerCannotBeDeletedThroughTransaction\n"}
{"Time":"2026-09-13T13:14:05.318096999+01:00","Action":"output","Package":"github.com/JohnnyPBelo/relayloom/native/profiledb","Test":"TestInitializationMarkerCannotBeDeletedThroughTransaction","Output":"--- PASS: TestInitializationMarkerCannotBeDeletedThroughTransaction (0.08s)\n"}
{"Time":"2026-09-13T13:14:05.318134279+01:00","Action":"pass","Package":"github.com/JohnnyPBelo/relayloom/native/profiledb","Test":"TestInitializationMarkerCannotBeDeletedThroughTransaction","Elapsed":0.08}
{"Time":"2026-09-13T13:14:05.318144247+01:00","Action":"run","Package":"github.com/JohnnyPBelo/relayloom/native/profiledb","Test":"TestProfileDatabaseInteropFixture"}
{"Time":"2026-09-13T13:14:05.318147103+01:00","Action":"output","Package":"github.com/JohnnyPBelo/relayloom/native/profiledb","Test":"TestProfileDatabaseInteropFixture","Output":"=== RUN   TestProfileDatabaseInteropFixture\n"}
{"Time":"2026-09-13T13:14:05.318149457+01:00","Action":"output","Package":"github.com/JohnnyPBelo/relayloom/native/profiledb","Test":"TestProfileDatabaseInteropFixture","Output":"    worker_test.go:18: driven by the Node/Go private-state process test\n"}
{"Time":"2026-09-13T13:14:05.318166599+01:00","Action":"output","Package":"github.com/JohnnyPBelo/relayloom/native/profiledb","Test":"TestProfileDatabaseInteropFixture","Output":"--- SKIP: TestProfileDatabaseInteropFixture (0.00s)\n"}
{"Time":"2026-09-13T13:14:05.318188981+01:00","Action":"skip","Package":"github.com/JohnnyPBelo/relayloom/native/profiledb","Test":"TestProfileDatabaseInteropFixture","Elapsed":0}
{"Time":"2026-09-13T13:14:05.318192047+01:00","Action":"output","Package":"github.com/JohnnyPBelo/relayloom/native/profiledb","Output":"PASS\n"}
{"Time":"2026-09-13T13:14:06.321683935+01:00","Action":"output","Package":"github.com/JohnnyPBelo/relayloom/native/profiledb","Output":"ok  \tgithub.com/JohnnyPBelo/relayloom/native/profiledb\t1.534s\n"}
{"Time":"2026-09-13T13:14:06.321770026+01:00","Action":"pass","Package":"github.com/JohnnyPBelo/relayloom/native/profiledb","Elapsed":1.534}
{"Time":"2026-09-13T13:14:06.682343125+01:00","Action":"start","Package":"github.com/JohnnyPBelo/relayloom/native/sqlitedriver"}
{"Time":"2026-09-13T13:14:06.689879354+01:00","Action":"run","Package":"github.com/JohnnyPBelo/relayloom/native/sqlitedriver","Test":"TestSelectedDriverPreservesTransactionalBlobAndNoExtensionLoading"}
{"Time":"2026-09-13T13:14:06.689898149+01:00","Action":"output","Package":"github.com/JohnnyPBelo/relayloom/native/sqlitedriver","Test":"TestSelectedDriverPreservesTransactionalBlobAndNoExtensionLoading","Output":"=== RUN   TestSelectedDriverPreservesTransactionalBlobAndNoExtensionLoading\n"}
{"Time":"2026-09-13T13:14:06.702584434+01:00","Action":"output","Package":"github.com/JohnnyPBelo/relayloom/native/sqlitedriver","Test":"TestSelectedDriverPreservesTransactionalBlobAndNoExtensionLoading","Output":"--- PASS: TestSelectedDriverPreservesTransactionalBlobAndNoExtensionLoading (0.01s)\n"}
{"Time":"2026-09-13T13:14:06.702627836+01:00","Action":"pass","Package":"github.com/JohnnyPBelo/relayloom/native/sqlitedriver","Test":"TestSelectedDriverPreservesTransactionalBlobAndNoExtensionLoading","Elapsed":0.01}
{"Time":"2026-09-13T13:14:06.702634669+01:00","Action":"output","Package":"github.com/JohnnyPBelo/relayloom/native/sqlitedriver","Output":"PASS\n"}
{"Time":"2026-09-13T13:14:07.704489127+01:00","Action":"output","Package":"github.com/JohnnyPBelo/relayloom/native/sqlitedriver","Output":"ok  \tgithub.com/JohnnyPBelo/relayloom/native/sqlitedriver\t1.022s\n"}
{"Time":"2026-09-13T13:14:07.704543679+01:00","Action":"pass","Package":"github.com/JohnnyPBelo/relayloom/native/sqlitedriver","Elapsed":1.022}
