TAP version 13
# Subtest: Node bundle creation derives expiry from one clock observation even when the clock advances between reads
ok 1 - Node bundle creation derives expiry from one clock observation even when the clock advances between reads
  ---
  duration_ms: 11.688299
  type: 'test'
  ...
# Subtest: automatic reservations survive restart and count pressure without becoming manual pins
ok 2 - automatic reservations survive restart and count pressure without becoming manual pins
  ---
  duration_ms: 66.683152
  type: 'test'
  ...
# Subtest: byte quota refusal is atomic with a reserved payload and preserves unrelated stored bytes
ok 3 - byte quota refusal is atomic with a reserved payload and preserves unrelated stored bytes
  ---
  duration_ms: 64.985429
  type: 'test'
  ...
# Subtest: reservation does not extend signed expiry
ok 4 - reservation does not extend signed expiry
  ---
  duration_ms: 20.735416
  type: 'test'
  ...
# Subtest: unknown or corrupt reservation input cannot partially release a valid reservation
ok 5 - unknown or corrupt reservation input cannot partially release a valid reservation
  ---
  duration_ms: 24.143445
  type: 'test'
  ...
# Subtest: failed reservation index write protects the union until explicit reconciliation
ok 6 - failed reservation index write protects the union until explicit reconciliation
  ---
  duration_ms: 37.20063
  type: 'test'
  ...
# Subtest: duplicate reserved insertion at the count limit preserves a manual pin and verifies stored bytes
ok 7 - duplicate reserved insertion at the count limit preserves a manual pin and verifies stored bytes
  ---
  duration_ms: 20.524151
  type: 'test'
  ...
# Subtest: contact rows use the established Node/Go DM reader-address wire format before the first send
ok 8 - contact rows use the established Node/Go DM reader-address wire format before the first send
  ---
  duration_ms: 1.890022
  type: 'test'
  ...
# Subtest: a repeated own reader remains one reader in the DM address
ok 9 - a repeated own reader remains one reader in the DM address
  ---
  duration_ms: 0.237375
  type: 'test'
  ...
# Subtest: fixed envelope time preserves the saved deadline while nonce identity still requires durable retention
ok 10 - fixed envelope time preserves the saved deadline while nonce identity still requires durable retention
  ---
  duration_ms: 151.404585
  type: 'test'
  ...
# Subtest: Node and portable fixed clocks reject invalid/overflowing dates and unrelated secrets before producing a bundle
ok 11 - Node and portable fixed clocks reject invalid/overflowing dates and unrelated secrets before producing a bundle
  ---
  duration_ms: 6.747988
  type: 'test'
  ...
# Subtest: Node and portable fixed envelopes verify in a real Go process; Go ciphertext decrypts in both adapters
ok 12 - Node and portable fixed envelopes verify in a real Go process; Go ciphertext decrypts in both adapters
  ---
  duration_ms: 365.516781
  type: 'test'
  ...
# Subtest: historical storage reads authenticate expired bytes without priming the live manifest cache
ok 13 - historical storage reads authenticate expired bytes without priming the live manifest cache
  ---
  duration_ms: 34.542817
  type: 'test'
  ...
# (node:237510) ExperimentalWarning: The MockTimers API is an experimental feature and might change at any time
# (Use `node --trace-warnings ...` to show where the warning was created)
# Subtest: identity proof binds signing address, name and decryption key
ok 14 - identity proof binds signing address, name and decryption key
  ---
  duration_ms: 2.477213
  type: 'test'
  ...
# Subtest: vault encrypts private keys; recovery and wrong-password controls
ok 15 - vault encrypts private keys; recovery and wrong-password controls
  ---
  duration_ms: 259.807037
  type: 'test'
  ...
# Subtest: reader decrypts and seeds but cannot become author; unauthorized reader fails
ok 16 - reader decrypts and seeds but cannot become author; unauthorized reader fails
  ---
  duration_ms: 6.703596
  type: 'test'
  ...
# Subtest: ciphertext, manifest, expiry, depth and address negative controls
ok 17 - ciphertext, manifest, expiry, depth and address negative controls
  ---
  duration_ms: 17.104
  type: 'test'
  ...
# Subtest: encrypted persistent seed takeover, deduplication, pin/quota, disk corruption
ok 18 - encrypted persistent seed takeover, deduplication, pin/quota, disk corruption
  ---
  duration_ms: 30.26044
  type: 'test'
  ...
# Subtest: object-count cap bounds small-object floods, survives restart and preserves pinned content
ok 19 - object-count cap bounds small-object floods, survives restart and preserves pinned content
  ---
  duration_ms: 141.073511
  type: 'test'
  ...
# Subtest: metadata listing does not replace real viewing order in LRU eviction
ok 20 - metadata listing does not replace real viewing order in LRU eviction
  ---
  duration_ms: 30.436361
  type: 'test'
  ...
# Subtest: cached manifest metadata is isolated, invalidated by disk changes, and never bypasses get verification
ok 21 - cached manifest metadata is isolated, invalidated by disk changes, and never bypasses get verification
  ---
  duration_ms: 16.330791
  type: 'test'
  ...
# Subtest: rejected quota decrease preserves existing files and policy; feasible decrease evicts only unpinned content
ok 22 - rejected quota decrease preserves existing files and policy; feasible decrease evicts only unpinned content
  ---
  duration_ms: 144.64197
  type: 'test'
  ...
# Subtest: invalid persisted index fails safely without deleting verified objects
ok 23 - invalid persisted index fails safely without deleting verified objects
  ---
  duration_ms: 14.428125
  type: 'test'
  ...
# Subtest: strict wire fields and every recipient envelope are validated before accepting signatures
ok 24 - strict wire fields and every recipient envelope are validated before accepting signatures
  ---
  duration_ms: 4.361725
  type: 'test'
  ...
# Subtest: desktop accepts only the owned daemon loopback bootstrap capability
ok 25 - desktop accepts only the owned daemon loopback bootstrap capability
  ---
  duration_ms: 1.295889
  type: 'test'
  ...
# Subtest: desktop request policy blocks other hosts, ports, schemes, subframes and WebSockets
ok 26 - desktop request policy blocks other hosts, ports, schemes, subframes and WebSockets
  ---
  duration_ms: 0.278191
  type: 'test'
  ...
# Subtest: desktop navigation stays on its exact local app and rejects insecure runtime overrides
ok 27 - desktop navigation stays on its exact local app and rejects insecure runtime overrides
  ---
  duration_ms: 0.984315
  type: 'test'
  ...
# Subtest: desktop microphone eligibility excludes cameras, remote documents and subframes
ok 28 - desktop microphone eligibility excludes cameras, remote documents and subframes
  ---
  duration_ms: 0.243716
  type: 'test'
  ...
# Subtest: desktop download defaults cannot contain paths, device names or control bytes
ok 29 - desktop download defaults cannot contain paths, device names or control bytes
  ---
  duration_ms: 0.371366
  type: 'test'
  ...
# Subtest: fixture stop is idempotent after process termination by signal
ok 30 - fixture stop is idempotent after process termination by signal
  ---
  duration_ms: 378.391484
  type: 'test'
  ...
# (node:237644) ExperimentalWarning: SQLite is an experimental feature and might change at any time
# (Use `node --trace-warnings ...` to show where the warning was created)
# Subtest: current and additions-only delayed messages preserve exact old readers without granting newcomer history
ok 31 - current and additions-only delayed messages preserve exact old readers without granting newcomer history
  ---
  duration_ms: 992.317778
  type: 'test'
  ...
# Subtest: removal and rejoin quarantine unseen old content while retaining only exact accepted history
ok 32 - removal and rejoin quarantine unseen old content while retaining only exact accepted history
  ---
  duration_ms: 885.194664
  type: 'test'
  ...
# Subtest: historical receipts from a removed original reader are minimal and cannot admit an unknown target
ok 33 - historical receipts from a removed original reader are minimal and cannot admit an unknown target
  ---
  duration_ms: 513.07149
  type: 'test'
  ...
# Subtest: group tags cannot hide as falsy legacy fields and cached policy cannot escape its transaction
ok 34 - group tags cannot hide as falsy legacy fields and cached policy cannot escape its transaction
  ---
  duration_ms: 37.816694
  type: 'test'
  ...
# Subtest: a closure within the same transaction invalidates earlier cached permission
ok 35 - a closure within the same transaction invalidates earlier cached permission
  ---
  duration_ms: 64.061077
  type: 'test'
  ...
# Subtest: a new edit to old content uses only the original/current reader intersection
ok 36 - a new edit to old content uses only the original/current reader intersection
  ---
  duration_ms: 1051.700014
  type: 'test'
  ...
# (node:237887) ExperimentalWarning: SQLite is an experimental feature and might change at any time
# (Use `node --trace-warnings ...` to show where the warning was created)
# Subtest: an API observation cannot display an admission whose outer transaction rolled back
ok 37 - an API observation cannot display an admission whose outer transaction rolled back
  ---
  duration_ms: 355.636972
  type: 'test'
  ...
# Subtest: a historical delete and its accepted context recover together after lost commit response and real cache removal
ok 38 - a historical delete and its accepted context recover together after lost commit response and real cache removal
  ---
  duration_ms: 455.231514
  type: 'test'
  ...
# Subtest: failure to reserve quarantine bytes aborts the hold and locks until authenticated reconciliation succeeds
ok 39 - failure to reserve quarantine bytes aborts the hold and locks until authenticated reconciliation succeeds
  ---
  duration_ms: 390.75602
  type: 'test'
  ...
# Subtest: an unavailable quarantined blob cannot block admission of another valid group object
ok 40 - an unavailable quarantined blob cannot block admission of another valid group object
  ---
  duration_ms: 338.465365
  type: 'test'
  ...
# Subtest: authenticated history with an expiry inconsistent with its signed bundle is rejected
ok 41 - authenticated history with an expiry inconsistent with its signed bundle is rejected
  ---
  duration_ms: 285.813644
  type: 'test'
  ...
# (node:238124) ExperimentalWarning: SQLite is an experimental feature and might change at any time
# (Use `node --trace-warnings ...` to show where the warning was created)
# Subtest: an unchanged group snapshot walks its authority chain once, and a later closure still invalidates new admission
ok 42 - an unchanged group snapshot walks its authority chain once, and a later closure still invalidates new admission
  ---
  duration_ms: 9611.771232
  type: 'test'
  ...
# {"retainedObjects":32,"epochs":32,"visitedHeaders":32,"elapsedMs":98.52383399999962}
# Subtest: real Node receivers hold epoch content until its snapshot arrives and keep only accepted history after closure
ok 43 - real Node receivers hold epoch content until its snapshot arrives and keep only accepted history after closure
  ---
  duration_ms: 5570.720425
  type: 'test'
  ...
# (node:239229) ExperimentalWarning: SQLite is an experimental feature and might change at any time
# (Use `node --trace-warnings ...` to show where the warning was created)
# Subtest: control expiry rejects replay while the signed authority checkpoint survives
ok 44 - control expiry rejects replay while the signed authority checkpoint survives
  ---
  duration_ms: 63.391713
  type: 'test'
  ...
# Subtest: a reader may seal a creator snapshot for its exact original roster without gaining authority
ok 45 - a reader may seal a creator snapshot for its exact original roster without gaining authority
  ---
  duration_ms: 447.148303
  type: 'test'
  ...
# Subtest: removed readers receive their removal boundary but cannot enumerate future membership or request future snapshots
ok 46 - removed readers receive their removal boundary but cannot enumerate future membership or request future snapshots
  ---
  duration_ms: 742.586868
  type: 'test'
  ...
# Subtest: invitation authorizes bounded public ancestry, never a private snapshot before membership
ok 47 - invitation authorizes bounded public ancestry, never a private snapshot before membership
  ---
  duration_ms: 66.407896
  type: 'test'
  ...
# Subtest: carrier schema keeps malformed proof tails for the transactional verifier while bounding inputs
ok 48 - carrier schema keeps malformed proof tails for the transactional verifier while bounding inputs
  ---
  duration_ms: 395.972107
  type: 'test'
  ...
# Subtest: fork proofs are served together and private snapshots at the fork are not re-encrypted
ok 49 - fork proofs are served together and private snapshots at the fork are not re-encrypted
  ---
  duration_ms: 485.1851
  type: 'test'
  ...
# Subtest: newcomer validates exact join consent from signed parent header without old snapshot keys
ok 50 - newcomer validates exact join consent from signed parent header without old snapshot keys
  ---
  duration_ms: 57.755888
  type: 'test'
  ...
# Subtest: permanent group anchor has real creator signature, exact schema and separate carrier identity
ok 51 - permanent group anchor has real creator signature, exact schema and separate carrier identity
  ---
  duration_ms: 7.247895
  type: 'test'
  ...
# Subtest: invitation and signed consent do not alter roster until the creator commits the exact parent
ok 52 - invitation and signed consent do not alter roster until the creator commits the exact parent
  ---
  duration_ms: 28.272735
  type: 'test'
  ...
# Subtest: newcomer reads real new ciphertext without obtaining historical keys; removed reader cannot read new content
ok 53 - newcomer reads real new ciphertext without obtaining historical keys; removed reader cannot read new content
  ---
  duration_ms: 49.521765
  type: 'test'
  ...
# Subtest: stale, substituted, missing or extra member consents cannot commit a roster
ok 54 - stale, substituted, missing or extra member consents cannot commit a roster
  ---
  duration_ms: 58.445672
  type: 'test'
  ...
# Subtest: removal and rejoin remain restrictive across the complete path even with identical final cards
ok 55 - removal and rejoin remain restrictive across the complete path even with identical final cards
  ---
  duration_ms: 53.922102
  type: 'test'
  ...
# Subtest: creator reading-card replacement preserves signing authority but requires fresh signed consent
ok 56 - creator reading-card replacement preserves signing authority but requires fresh signed consent
  ---
  duration_ms: 39.7778
  type: 'test'
  ...
# Subtest: signed schema tampering, roster duplication, invalid order and snapshot substitution fail
ok 57 - signed schema tampering, roster duplication, invalid order and snapshot substitution fail
  ---
  duration_ms: 28.134966
  type: 'test'
  ...
# Subtest: closure preserves the committed historical state and reserves the final epoch
ok 58 - closure preserves the committed historical state and reserves the final epoch
  ---
  duration_ms: 39.620936
  type: 'test'
  ...
# Subtest: a valid creator fork cannot masquerade as a contiguous successor or grant reader authority
ok 59 - a valid creator fork cannot masquerade as a contiguous successor or grant reader authority
  ---
  duration_ms: 38.392945
  type: 'test'
  ...
# Subtest: full 64-member roster is bounded; capacity and title failures do not mutate its parent
ok 60 - full 64-member roster is bounded; capacity and title failures do not mutate its parent
  ---
  duration_ms: 519.17501
  type: 'test'
  ...
# Subtest: member leave is a signed request with no direct roster effect and cannot replace creator closure
ok 61 - member leave is a signed request with no direct roster effect and cannot replace creator closure
  ---
  duration_ms: 34.7787
  type: 'test'
  ...
# (node:239684) ExperimentalWarning: SQLite is an experimental feature and might change at any time
# (Use `node --trace-warnings ...` to show where the warning was created)
# Subtest: group confirmation rollback cannot transmit before successful admission
ok 62 - group confirmation rollback cannot transmit before successful admission
  ---
  duration_ms: 4459.104313
  type: 'test'
  ...
# Subtest: group confirmation lost commit response cannot transmit before successful admission
ok 63 - group confirmation lost commit response cannot transmit before successful admission
  ---
  duration_ms: 4364.761616
  type: 'test'
  ...
# Subtest: blocked readers and missing original bytes cannot mint a group read fact
ok 64 - blocked readers and missing original bytes cannot mint a group read fact
  ---
  duration_ms: 4131.148687
  type: 'test'
  ...
# Subtest: missing historical group proof pauses confirmation until verified proof is restored
ok 65 - missing historical group proof pauses confirmation until verified proof is restored
  ---
  duration_ms: 4705.105621
  type: 'test'
  ...
# Subtest: real Node group automatic delivery and historical read after closure retain original audience
ok 66 - real Node group automatic delivery and historical read after closure retain original audience
  ---
  duration_ms: 6414.14216
  type: 'test'
  ...
# Subtest: opaque Node relay rejects public, oversized and excessive-lifetime controls before storage and forwarding
ok 67 - opaque Node relay rejects public, oversized and excessive-lifetime controls before storage and forwarding
  ---
  duration_ms: 1526.714621
  type: 'test'
  ...
# (node:241600) ExperimentalWarning: SQLite is an experimental feature and might change at any time
# (Use `node --trace-warnings ...` to show where the warning was created)
# Subtest: proof no-op optimisation still checks recipient scope, snapshot bytes and local participation
ok 68 - proof no-op optimisation still checks recipient scope, snapshot bytes and local participation
  ---
  duration_ms: 489.137929
  type: 'test'
  ...
# Subtest: verified cached proof replay avoids authority reapplication but still adopts a new safety header before a bad snapshot
ok 69 - verified cached proof replay avoids authority reapplication but still adopts a new safety header before a bad snapshot
  ---
  duration_ms: 2178.425599
  type: 'test'
  ...
# {"replayed":11,"applications":0,"unlockMs":502.5823489999998}
# (node:241909) ExperimentalWarning: SQLite is an experimental feature and might change at any time
# (Use `node --trace-warnings ...` to show where the warning was created)
# Subtest: group event admission rollback cannot release bytes early
ok 70 - group event admission rollback cannot release bytes early
  ---
  duration_ms: 4497.25864
  type: 'test'
  ...
# Subtest: group event admission lost response cannot release bytes early
ok 71 - group event admission lost response cannot release bytes early
  ---
  duration_ms: 4422.893087
  type: 'test'
  ...
# Subtest: group event content-store failure before payload write preserves honest availability
ok 72 - group event content-store failure before payload write preserves honest availability
  ---
  duration_ms: 4259.660362
  type: 'test'
  ...
# Subtest: group event content-store failure after payload write preserves honest availability
ok 73 - group event content-store failure after payload write preserves honest availability
  ---
  duration_ms: 4340.27161
  type: 'test'
  ...
# Subtest: group event close retires retained packets and refuses later serving with a reachable control
ok 74 - group event close retires retained packets and refuses later serving with a reachable control
  ---
  duration_ms: 4534.06992
  type: 'test'
  ...
# Subtest: group event block retires retained packets and refuses later serving with a reachable control
ok 75 - group event block retires retained packets and refuses later serving with a reachable control
  ---
  duration_ms: 4266.362134
  type: 'test'
  ...
# Subtest: group event lock retires retained packets and refuses later serving with a reachable control
ok 76 - group event lock retires retained packets and refuses later serving with a reachable control
  ---
  duration_ms: 4075.689283
  type: 'test'
  ...
# Subtest: group event evicted retires retained packets and refuses later serving with a reachable control
ok 77 - group event evicted retires retained packets and refuses later serving with a reachable control
  ---
  duration_ms: 4429.442485
  type: 'test'
  ...
# Subtest: missing historical target proof pauses new event publication and seeding until exact proof returns
ok 78 - missing historical target proof pauses new event publication and seeding until exact proof returns
  ---
  duration_ms: 4718.902393
  type: 'test'
  ...
# Subtest: corrupt stored event cannot authorise a valid retained packet; exact bytes restore serving
ok 79 - corrupt stored event cannot authorise a valid retained packet; exact bytes restore serving
  ---
  duration_ms: 5044.727075
  type: 'test'
  ...
# Subtest: real Node group newcomer cannot read earlier audiences; peer serves author's edit while author is offline
ok 80 - real Node group newcomer cannot read earlier audiences; peer serves author's edit while author is offline
  ---
  duration_ms: 20593.299369
  type: 'test'
  ...
# Subtest: real Node group reactions/comments/author edits and historical deletion preserve signing ownership
ok 81 - real Node group reactions/comments/author edits and historical deletion preserve signing ownership
  ---
  duration_ms: 7400.079758
  type: 'test'
  ...
# (node:252161) ExperimentalWarning: SQLite is an experimental feature and might change at any time
# (Use `node --trace-warnings ...` to show where the warning was created)
# Subtest: an index consuming stop headroom is refused without changing existing data
ok 82 - an index consuming stop headroom is refused without changing existing data
  ---
  duration_ms: 968.444579
  type: 'test'
  ...
# Subtest: ordinary index growth stops before the protected checkpoint allocation is consumed
ok 83 - ordinary index growth stops before the protected checkpoint allocation is consumed
  ---
  duration_ms: 3226.847038
  type: 'test'
  ...
# (node:252508) ExperimentalWarning: SQLite is an experimental feature and might change at any time
# (Use `node --trace-warnings ...` to show where the warning was created)
# Subtest: stop reads share one validated snapshot but invalidate on mutation and scope exit
ok 84 - stop reads share one validated snapshot but invalidate on mutation and scope exit
  ---
  duration_ms: 125.520428
  type: 'test'
  ...
# Subtest: all256 immutable stops fit; retirement preserves retained facts and counts only removed records
ok 85 - all256 immutable stops fit; retirement preserves retained facts and counts only removed records
  ---
  duration_ms: 3322.107917
  type: 'test'
  ...
# Subtest: expired holds have counted removal and malformed counters cannot be used as valid state
ok 86 - expired holds have counted removal and malformed counters cannot be used as valid state
  ---
  duration_ms: 43.487443
  type: 'test'
  ...
# (node:252728) ExperimentalWarning: SQLite is an experimental feature and might change at any time
# (Use `node --trace-warnings ...` to show where the warning was created)
# Subtest: accepted history is authenticated and unknown old content stays separately held after removal
ok 87 - accepted history is authenticated and unknown old content stays separately held after removal
  ---
  duration_ms: 663.289782
  type: 'test'
  ...
# Subtest: group closure and immutable outbox stop commit together and callback failure rolls both back
ok 88 - group closure and immutable outbox stop commit together and callback failure rolls both back
  ---
  duration_ms: 132.61762
  type: 'test'
  ...
# Subtest: historical receipt uses only a locally persisted accepted target, never an ID supplied by its sender
ok 89 - historical receipt uses only a locally persisted accepted target, never an ID supplied by its sender
  ---
  duration_ms: 497.167439
  type: 'test'
  ...
# Subtest: missing observation clock or malformed authenticated context cannot grant historical access
ok 90 - missing observation clock or malformed authenticated context cannot grant historical access
  ---
  duration_ms: 60.471469
  type: 'test'
  ...
# Subtest: quarantine byte quota uses actual signed ciphertext sizes and refuses overflow
ok 91 - quarantine byte quota uses actual signed ciphertext sizes and refuses overflow
  ---
  duration_ms: 1011.079776
  type: 'test'
  ...
# Subtest: minimal outbox stop survives exhausted ordinary space without rewriting private content
ok 92 - minimal outbox stop survives exhausted ordinary space without rewriting private content
  ---
  duration_ms: 82.996991
  type: 'test'
  ...
# Subtest: ledger readers cannot escape the borrowed scope, even when every collection is empty
ok 93 - ledger readers cannot escape the borrowed scope, even when every collection is empty
  ---
  duration_ms: 12.807817
  type: 'test'
  ...
# Subtest: the authority reserve also accommodates every retained outbox stop
ok 94 - the authority reserve also accommodates every retained outbox stop
  ---
  duration_ms: 168.327396
  type: 'test'
  ...
# Subtest: quarantine count remains bounded and replay does not consume another slot
ok 95 - quarantine count remains bounded and replay does not consume another slot
  ---
  duration_ms: 1876.525101
  type: 'test'
  ...
# Subtest: full4096 history respects protected records and retains the exact accepted count on retirement
ok 96 - full4096 history respects protected records and retains the exact accepted count on retirement
  ---
  duration_ms: 42723.166878
  type: 'test'
  ...
# Subtest: Node invitation API retains exact delivery material, bounds pending notices and preserves closure
ok 97 - Node invitation API retains exact delivery material, bounds pending notices and preserves closure
  ---
  duration_ms: 17950.503336
  type: 'test'
  ...
# Subtest: real Node notices deliver invitation, explicit consent and leave without automatic group admission
ok 98 - real Node notices deliver invitation, explicit consent and leave without automatic group admission
  ---
  duration_ms: 3860.151856
  type: 'test'
  ...
# (node:282733) ExperimentalWarning: SQLite is an experimental feature and might change at any time
# (Use `node --trace-warnings ...` to show where the warning was created)
# Subtest: Node replays notice safety headers before sending, blocked source=false
ok 99 - Node replays notice safety headers before sending, blocked source=false
  ---
  duration_ms: 5799.836985
  type: 'test'
  ...
# Subtest: Node replays notice safety headers before sending, blocked source=true
ok 100 - Node replays notice safety headers before sending, blocked source=true
  ---
  duration_ms: 5300.853272
  type: 'test'
  ...
# (node:300651) ExperimentalWarning: SQLite is an experimental feature and might change at any time
# (Use `node --trace-warnings ...` to show where the warning was created)
# Subtest: opaque Node seeder delivers invitation and consent after each original author stops
ok 101 - opaque Node seeder delivers invitation and consent after each original author stops
  ---
  duration_ms: 4074.43416
  type: 'test'
  ...
# (node:301159) ExperimentalWarning: SQLite is an experimental feature and might change at any time
# (Use `node --trace-warnings ...` to show where the warning was created)
# Subtest: private notices bind invitation, consent and leave without conferring signing ownership or local admission
ok 102 - private notices bind invitation, consent and leave without conferring signing ownership or local admission
  ---
  duration_ms: 548.836799
  type: 'test'
  ...
# Subtest: invitation result and exact delivery card commit together and survive reopening encrypted SQLite
ok 103 - invitation result and exact delivery card commit together and survive reopening encrypted SQLite
  ---
  duration_ms: 133.254164
  type: 'test'
  ...
# Subtest: issuer quota, duplicate reads and dismissal replay memory stay bounded without changing group state
ok 104 - issuer quota, duplicate reads and dismissal replay memory stay bounded without changing group state
  ---
  duration_ms: 562.037102
  type: 'test'
  ...
# Subtest: finite notice history retires oldest entries without making a replay local consent
ok 105 - finite notice history retires oldest entries without making a replay local consent
  ---
  duration_ms: 5900.198966
  type: 'test'
  ...
# Subtest: authenticated malformed notice metadata aborts the outer transaction even if its error is caught
ok 106 - authenticated malformed notice metadata aborts the outer transaction even if its error is caught
  ---
  duration_ms: 103.145538
  type: 'test'
  ...
# Subtest: failed dismissal cannot lose an invitation when the caller swallows the write error
ok 107 - failed dismissal cannot lose an invitation when the caller swallows the write error
  ---
  duration_ms: 90.233194
  type: 'test'
  ...
# (node:302167) ExperimentalWarning: SQLite is an experimental feature and might change at any time
# (Use `node --trace-warnings ...` to show where the warning was created)
# Subtest: missing private proof pauses a valid reserved send without losing availability, then releases its obsolete hold
ok 108 - missing private proof pauses a valid reserved send without losing availability, then releases its obsolete hold
  ---
  duration_ms: 1734.179496
  type: 'test'
  ...
# Subtest: runtime closure persists the minimal stop without rewriting the private document and releases only automatic protection
ok 109 - runtime closure persists the minimal stop without rewriting the private document and releases only automatic protection
  ---
  duration_ms: 1504.780436
  type: 'test'
  ...
# Subtest: runtime group stop and closure recover together after rollback
ok 110 - runtime group stop and closure recover together after rollback
  ---
  duration_ms: 958.544532
  type: 'test'
  ...
# Subtest: runtime group stop and closure recover together after lost commit response
ok 111 - runtime group stop and closure recover together after lost commit response
  ---
  duration_ms: 812.615842
  type: 'test'
  ...
# Subtest: full normal database quota still commits a group stop while the ordinary growth control fails
ok 112 - full normal database quota still commits a group stop while the ordinary growth control fails
  ---
  duration_ms: 2058.977373
  type: 'test'
  ...
# Subtest: forged stop mirror, mismatched binding and orphan stop all fail authenticated reopening
    # Subtest: mirror
    ok 1 - mirror
      ---
      duration_ms: 809.251245
      type: 'test'
      ...
    # Subtest: binding
    ok 2 - binding
      ---
      duration_ms: 946.036317
      type: 'test'
      ...
    # Subtest: orphan
    ok 3 - orphan
      ---
      duration_ms: 915.033184
      type: 'test'
      ...
    1..3
ok 113 - forged stop mirror, mismatched binding and orphan stop all fail authenticated reopening
  ---
  duration_ms: 2671.524302
  type: 'test'
  ...
# Subtest: bounded stopped entries coexist with 128 new pending operations; half bindings and extra fields fail
ok 114 - bounded stopped entries coexist with 128 new pending operations; half bindings and extra fields fail
  ---
  duration_ms: 767.595565
  type: 'test'
  ...
# Subtest: a restrictive prefix with an invalid tail stops the runtime intent in its accepted transaction
ok 115 - a restrictive prefix with an invalid tail stops the runtime intent in its accepted transaction
  ---
  duration_ms: 865.357912
  type: 'test'
  ...
# Subtest: stop retirement and removal of the corresponding intent share a private commit
ok 116 - stop retirement and removal of the corresponding intent share a private commit
  ---
  duration_ms: 1260.201825
  type: 'test'
  ...
# Subtest: runtime stop cancels its existing transport queue
ok 117 - runtime stop cancels its existing transport queue
  ---
  duration_ms: 1280.844287
  type: 'test'
  ...
# Subtest: runtime negative control delivers its existing transport queue
ok 118 - runtime negative control delivers its existing transport queue
  ---
  duration_ms: 1235.7177
  type: 'test'
  ...
# Subtest: real TCP cache request checks active author authority even after delivery completed
ok 119 - real TCP cache request checks active author authority even after delivery completed
  ---
  duration_ms: 1794.069095
  type: 'test'
  ...
# Subtest: real TCP cache request checks closed author authority even after delivery completed
ok 120 - real TCP cache request checks closed author authority even after delivery completed
  ---
  duration_ms: 1770.105256
  type: 'test'
  ...
# Subtest: real TCP cache request checks locked author authority even after delivery completed
ok 121 - real TCP cache request checks locked author authority even after delivery completed
  ---
  duration_ms: 1431.244569
  type: 'test'
  ...
# (node:304010) ExperimentalWarning: SQLite is an experimental feature and might change at any time
# (Use `node --trace-warnings ...` to show where the warning was created)
# Subtest: repeated authority reads share verified checkpoint work only inside an unchanged transaction
ok 122 - repeated authority reads share verified checkpoint work only inside an unchanged transaction
  ---
  duration_ms: 85.919969
  type: 'test'
  ...
# Subtest: a write after a cached read revalidates corruption and aborts the outer transaction
ok 123 - a write after a cached read revalidates corruption and aborts the outer transaction
  ---
  duration_ms: 61.337762
  type: 'test'
  ...
# Subtest: a closure in the same authority scope invalidates an earlier active view
ok 124 - a closure in the same authority scope invalidates an earlier active view
  ---
  duration_ms: 102.439714
  type: 'test'
  ...
# Subtest: a cached checkpoint cannot hide deletion of its referenced epoch: proof
ok 125 - a cached checkpoint cannot hide deletion of its referenced epoch: proof
  ---
  duration_ms: 62.907555
  type: 'test'
  ...
# Subtest: a cached checkpoint cannot hide deletion of its referenced snapshot: proof
ok 126 - a cached checkpoint cannot hide deletion of its referenced snapshot: proof
  ---
  duration_ms: 63.275695
  type: 'test'
  ...
# Subtest: the scoped checkpoint work cache evicts old groups instead of retaining every read
ok 127 - the scoped checkpoint work cache evicts old groups instead of retaining every read
  ---
  duration_ms: 269.154948
  type: 'test'
  ...
# (node:304047) ExperimentalWarning: SQLite is an experimental feature and might change at any time
# (Use `node --trace-warnings ...` to show where the warning was created)
# Subtest: creator state is encrypted, permanent and idempotent while its operation is retained
ok 128 - creator state is encrypted, permanent and idempotent while its operation is retained
  ---
  duration_ms: 106.496729
  type: 'test'
  ...
# Subtest: explicit invitation needs complete ancestry and fresh consent before local membership
ok 129 - explicit invitation needs complete ancestry and fresh consent before local membership
  ---
  duration_ms: 433.534034
  type: 'test'
  ...
# Subtest: unknown groups, invalid signer and signed orphan hints cannot allocate, advance or freeze authority
ok 130 - unknown groups, invalid signer and signed orphan hints cannot allocate, advance or freeze authority
  ---
  duration_ms: 125.061196
  type: 'test'
  ...
# Subtest: an incumbent cannot skip an invalid intermediate membership snapshot
ok 131 - an incumbent cannot skip an invalid intermediate membership snapshot
  ---
  duration_ms: 249.49618
  type: 'test'
  ...
# Subtest: creator equivocation freezes durably; stale hints do not choose or erase a branch
ok 132 - creator equivocation freezes durably; stale hints do not choose or erase a branch
  ---
  duration_ms: 179.592702
  type: 'test'
  ...
# Subtest: local leave survives restart and old consent replay; reentry requires a new committed nonce
ok 133 - local leave survives restart and old consent replay; reentry requires a new committed nonce
  ---
  duration_ms: 858.945552
  type: 'test'
  ...
# Subtest: a late join response cannot restore membership across a subsequent removal
ok 134 - a late join response cannot restore membership across a subsequent removal
  ---
  duration_ms: 354.19537
  type: 'test'
  ...
# Subtest: storage pressure persists a stop checkpoint instead of using an obsolete roster
ok 135 - storage pressure persists a stop checkpoint instead of using an obsolete roster
  ---
  duration_ms: 114.032044
  type: 'test'
  ...
# Subtest: closure and a stale expected parent cannot create a successor or bypass idempotency
ok 136 - closure and a stale expected parent cannot create a successor or bypass idempotency
  ---
  duration_ms: 190.012062
  type: 'test'
  ...
# Subtest: 64 remembered groups are retained; capacity is not reset by closing them
ok 137 - 64 remembered groups are retained; capacity is not reset by closing them
  ---
  duration_ms: 2193.026186
  type: 'test'
  ...
# Subtest: two real creator processes use compare-and-set and cannot commit siblings in one registry
ok 138 - two real creator processes use compare-and-set and cannot commit siblings in one registry
  ---
  duration_ms: 257.269059
  type: 'test'
  ...
# Subtest: real process crashes preserve atomic authority and the original operation after a lost response
ok 139 - real process crashes preserve atomic authority and the original operation after a lost response
  ---
  duration_ms: 389.136123
  type: 'test'
  ...
# Subtest: later snapshots wait for a missing intermediate state and activate after its verified arrival
ok 140 - later snapshots wait for a missing intermediate state and activate after its verified arrival
  ---
  duration_ms: 693.923763
  type: 'test'
  ...
# Subtest: capacity recovery adopts the exact stopped header and still needs its private state
ok 141 - capacity recovery adopts the exact stopped header and still needs its private state
  ---
  duration_ms: 233.028613
  type: 'test'
  ...
# Subtest: snapshot capacity stops survive restart; freeing space alone cannot reactivate membership
ok 142 - snapshot capacity stops survive restart; freeing space alone cannot reactivate membership
  ---
  duration_ms: 229.411804
  type: 'test'
  ...
# Subtest: a real sibling proof during capacity suspension freezes permanently and is retrievable
ok 143 - a real sibling proof during capacity suspension freezes permanently and is retrievable
  ---
  duration_ms: 163.69336
  type: 'test'
  ...
# Subtest: finite operation retention follows authenticated revisions and leaves group proofs intact
ok 144 - finite operation retention follows authenticated revisions and leaves group proofs intact
  ---
  duration_ms: 6685.742503
  type: 'test'
  ...
# Subtest: authenticated but malformed authority records fail closed instead of trusting falsy fields or cursors
ok 145 - authenticated but malformed authority records fail closed instead of trusting falsy fields or cursors
  ---
  duration_ms: 233.627005
  type: 'test'
  ...
# Subtest: corrupt retained operation cannot fabricate a successful response
ok 146 - corrupt retained operation cannot fabricate a successful response
  ---
  duration_ms: 54.889936
  type: 'test'
  ...
# Subtest: local leave and creator closure remain durable under full ordinary metadata capacity
ok 147 - local leave and creator closure remain durable under full ordinary metadata capacity
  ---
  duration_ms: 492.25994
  type: 'test'
  ...
# Subtest: a malformed trailing proof cannot roll back an already verified removal in the same page
ok 148 - a malformed trailing proof cannot roll back an already verified removal in the same page
  ---
  duration_ms: 457.394759
  type: 'test'
  ...
# Subtest: the declared maximum checkpoints and stop receipts fit the reserved SQLite budget
ok 149 - the declared maximum checkpoints and stop receipts fit the reserved SQLite budget
  ---
  duration_ms: 191.710977
  type: 'test'
  ...
# Subtest: retirement rechecks every operation signature after caching a group in the same transaction
ok 150 - retirement rechecks every operation signature after caching a group in the same transaction
  ---
  duration_ms: 5840.875158
  type: 'test'
  ...
# (node:308758) ExperimentalWarning: SQLite is an experimental feature and might change at any time
# (Use `node --trace-warnings ...` to show where the warning was created)
# Subtest: authenticated Node group management persists membership and restrictive proofs
ok 151 - authenticated Node group management persists membership and restrictive proofs
  ---
  duration_ms: 3139.53562
  type: 'test'
  ...
# Subtest: group API recovers a committed command whose response was lost without creating a second group
ok 152 - group API recovers a committed command whose response was lost without creating a second group
  ---
  duration_ms: 299.243026
  type: 'test'
  ...
# (node:308915) ExperimentalWarning: SQLite is an experimental feature and might change at any time
# (Use `node --trace-warnings ...` to show where the warning was created)
# Subtest: group send intent rollback has no transport side effect
ok 153 - group send intent rollback has no transport side effect
  ---
  duration_ms: 1510.871774
  type: 'test'
  ...
# Subtest: group send intent lost response has no transport side effect
ok 154 - group send intent lost response has no transport side effect
  ---
  duration_ms: 1819.995341
  type: 'test'
  ...
# Subtest: group send recovers original stored bytes after ready rollback
ok 155 - group send recovers original stored bytes after ready rollback
  ---
  duration_ms: 2193.25234
  type: 'test'
  ...
# Subtest: group send recovers original stored bytes after lost ready response
ok 156 - group send recovers original stored bytes after lost ready response
  ---
  duration_ms: 2144.339928
  type: 'test'
  ...
# Subtest: a reported content-store failure cannot leak the new group packet or silently create another ID
ok 157 - a reported content-store failure cannot leak the new group packet or silently create another ID
  ---
  duration_ms: 1906.210764
  type: 'test'
  ...
# Subtest: actual group send APIs create durable encrypted text, attachment and reply over TCP without global contacts
ok 158 - actual group send APIs create durable encrypted text, attachment and reply over TCP without global contacts
  ---
  duration_ms: 4100.523843
  type: 'test'
  ...
# Subtest: new group sends require current head and exact snapshot audience; retained operation remains immutable
ok 159 - new group sends require current head and exact snapshot audience; retained operation remains immutable
  ---
  duration_ms: 3145.618372
  type: 'test'
  ...
# (node:310140) ExperimentalWarning: SQLite is an experimental feature and might change at any time
# (Use `node --trace-warnings ...` to show where the warning was created)
# Subtest: encrypted metadata survives close/reopen; uncommitted work and transaction handles cannot escape
ok 160 - encrypted metadata survives close/reopen; uncommitted work and transaction handles cannot escape
  ---
  duration_ms: 45.590065
  type: 'test'
  ...
# Subtest: absence, truncation, wrong identity, wrong signing authority and extra SQL schema fail closed
ok 161 - absence, truncation, wrong identity, wrong signing authority and extra SQL schema fail closed
  ---
  duration_ms: 37.922092
  type: 'test'
  ...
# Subtest: unknown schema cannot hide behind a similar SQLite prefix
ok 162 - unknown schema cannot hide behind a similar SQLite prefix
  ---
  duration_ms: 26.519549
  type: 'test'
  ...
# Subtest: valid encryption with only the reading key cannot forge a locally signed fence
ok 163 - valid encryption with only the reading key cannot forge a locally signed fence
  ---
  duration_ms: 53.161917
  type: 'test'
  ...
# Subtest: checkpoint corruption, deletion, wrong SQL type and oversize are rejected before trusting state
ok 164 - checkpoint corruption, deletion, wrong SQL type and oversize are rejected before trusting state
  ---
  duration_ms: 81.946802
  type: 'test'
  ...
# Subtest: complete valid backup rollback is an explicit limitation; a pinned different registry is rejected
ok 165 - complete valid backup rollback is an explicit limitation; a pinned different registry is rejected
  ---
  duration_ms: 56.89244
  type: 'test'
  ...
# Subtest: ciphertext substitution, swallowed integrity errors and stale index replay cannot change a committed record
ok 166 - ciphertext substitution, swallowed integrity errors and stale index replay cannot change a committed record
  ---
  duration_ms: 64.470063
  type: 'test'
  ...
# Subtest: a replacement callback error cannot erase an observed integrity failure
ok 167 - a replacement callback error cannot erase an observed integrity failure
  ---
  duration_ms: 38.355655
  type: 'test'
  ...
# Subtest: record AAD binds logical key and revision even beneath a freshly signed index
ok 168 - record AAD binds logical key and revision even beneath a freshly signed index
  ---
  duration_ms: 58.280271
  type: 'test'
  ...
# Subtest: ordinary metadata cannot consume the checkpoint reserve; capacity failure is atomic
ok 169 - ordinary metadata cannot consume the checkpoint reserve; capacity failure is atomic
  ---
  duration_ms: 42.311249
  type: 'test'
  ...
# Subtest: abrupt writer process death rolls back staged SQL and preserves the last authenticated checkpoint
ok 170 - abrupt writer process death rolls back staged SQL and preserves the last authenticated checkpoint
  ---
  duration_ms: 128.239284
  type: 'test'
  ...
# Subtest: two actual writer processes serialize read-modify-write without losing updates
ok 171 - two actual writer processes serialize read-modify-write without losing updates
  ---
  duration_ms: 455.160851
  type: 'test'
  ...
# (node:310195) ExperimentalWarning: SQLite is an experimental feature and might change at any time
# (Use `node --trace-warnings ...` to show where the warning was created)
# Subtest: control store failures still consume the bounded publication budget
ok 172 - control store failures still consume the bounded publication budget
  ---
  duration_ms: 1302.679946
  type: 'test'
  ...
# Subtest: control transport failures still consume the bounded publication budget
ok 173 - control transport failures still consume the bounded publication budget
  ---
  duration_ms: 1297.263423
  type: 'test'
  ...
# Subtest: network responses obey the producer cache quota without evicting pinned controls
ok 174 - network responses obey the producer cache quota without evicting pinned controls
  ---
  duration_ms: 1528.769101
  type: 'test'
  ...
# Subtest: real wire delivers newest snapshot before missing predecessors and projects the verified newest title
ok 175 - real wire delivers newest snapshot before missing predecessors and projects the verified newest title
  ---
  duration_ms: 3000.094068
  type: 'test'
  ...
# Subtest: available encrypted controls replay before a locked member can retry or sign after removal
ok 176 - available encrypted controls replay before a locked member can retry or sign after removal
  ---
  duration_ms: 3727.096695
  type: 'test'
  ...
# Subtest: Node control requests recover lost responses and revalidate authority on identical retries
ok 177 - Node control requests recover lost responses and revalidate authority on identical retries
  ---
  duration_ms: 13432.486827
  type: 'test'
  ...
# Subtest: real Node control proofs heal a partition from another member after creator stops
ok 178 - real Node control proofs heal a partition from another member after creator stops
  ---
  duration_ms: 8471.647915
  type: 'test'
  ...
# Subtest: Node control proofs traverse TCP and serial PTYs, with partition, relay-off and offline opaque seeder controls
ok 179 - Node control proofs traverse TCP and serial PTYs, with partition, relay-off and offline opaque seeder controls
  ---
  duration_ms: 10132.610641
  type: 'test'
  ...
# Subtest: real Node peers synchronise epoch snapshots and closure without HTTP proof transfer after setup
ok 180 - real Node peers synchronise epoch snapshots and closure without HTTP proof transfer after setup
  ---
  duration_ms: 2602.048184
  type: 'test'
  ...
# Subtest: remembered invitation fetches paginated public ancestry automatically but no pre-join private snapshot
ok 181 - remembered invitation fetches paginated public ancestry automatically but no pre-join private snapshot
  ---
  duration_ms: 8501.078099
  type: 'test'
  ...
# (node:316915) ExperimentalWarning: SQLite is an experimental feature and might change at any time
# (Use `node --trace-warnings ...` to show where the warning was created)
# Subtest: group and private document share one commit; callback rollback and expired scopes cannot leak writes
ok 182 - group and private document share one commit; callback rollback and expired scopes cannot leak writes
  ---
  duration_ms: 197.802143
  type: 'test'
  ...
# Subtest: swallowing a scoped operation failure cannot commit earlier group or private writes
ok 183 - swallowing a scoped operation failure cannot commit earlier group or private writes
  ---
  duration_ms: 126.522005
  type: 'test'
  ...
# Subtest: a verified closure and private decision commit despite a rejected proof tail
ok 184 - a verified closure and private decision commit despite a rejected proof tail
  ---
  duration_ms: 183.802683
  type: 'test'
  ...
# Subtest: even swallowing the entire authority scope error cannot commit the outer transaction
ok 185 - even swallowing the entire authority scope error cannot commit the outer transaction
  ---
  duration_ms: 108.655656
  type: 'test'
  ...
# Subtest: minimal authority fence commits at full ordinary quota without growing the private document
ok 186 - minimal authority fence commits at full ordinary quota without growing the private document
  ---
  duration_ms: 184.346703
  type: 'test'
  ...
# Subtest: three processes TCP → serial PTY, partition/heal, relay control and publisher-offline seeder takeover
ok 187 - three processes TCP → serial PTY, partition/heal, relay control and publisher-offline seeder takeover
  ---
  duration_ms: 9486.437222
  type: 'test'
  ...
# Subtest: a delayed fixture client submits a non-idempotent operation once after the server closes idle HTTP sockets
ok 188 - a delayed fixture client submits a non-idempotent operation once after the server closes idle HTTP sockets
  ---
  duration_ms: 6985.391469
  type: 'test'
  ...
# Subtest: language variants resolve to supported choices and invalid selection preserves the current language
ok 189 - language variants resolve to supported choices and invalid selection preserves the current language
  ---
  duration_ms: 0.796322
  type: 'test'
  ...
# Subtest: context and interpolation preserve raw names without recursively translating parameters
ok 190 - context and interpolation preserve raw names without recursively translating parameters
  ---
  duration_ms: 0.252613
  type: 'test'
  ...
# Subtest: every catalog entry is unique, nonempty and retains all named parameters in both languages
ok 191 - every catalog entry is unique, nonempty and retains all named parameters in both languages
  ---
  duration_ms: 6.57256
  type: 'test'
  ...
# Subtest: literal UI lookups and state-label maps all have catalog entries
ok 192 - literal UI lookups and state-label maps all have catalog entries
  ---
  duration_ms: 169.152613
  type: 'test'
  ...
# Subtest: real processes: private conversation, receipt, unauthorized edit, social and restart recovery
ok 193 - real processes: private conversation, receipt, unauthorized edit, social and restart recovery
  ---
  duration_ms: 1778.195982
  type: 'test'
  ...
# Subtest: offline control rejects a live origin and proves socket refusal after normal and signal termination
ok 194 - offline control rejects a live origin and proves socket refusal after normal and signal termination
  ---
  duration_ms: 561.016229
  type: 'test'
  ...
# (node:319337) ExperimentalWarning: SQLite is an experimental feature and might change at any time
# (Use `node --trace-warnings ...` to show where the warning was created)
# (node:319337) ExperimentalWarning: The MockTimers API is an experimental feature and might change at any time
# Subtest: offline send is encrypted, pinned, idempotent and recovers the same operation after restart
ok 195 - offline send is encrypted, pinned, idempotent and recovers the same operation after restart
  ---
  duration_ms: 356.730041
  type: 'test'
  ...
# Subtest: preparing journal reconciles surviving exact bytes and never regenerates missing content
ok 196 - preparing journal reconciles surviving exact bytes and never regenerates missing content
  ---
  duration_ms: 267.233107
  type: 'test'
  ...
# Subtest: transport rejection after local acceptance stays pending and cannot crash periodic sync
ok 197 - transport rejection after local acceptance stays pending and cannot crash periodic sync
  ---
  duration_ms: 267.999824
  type: 'test'
  ...
# Subtest: per-reader signed delivery/read confirmations survive paging, replay, eviction and restart
ok 198 - per-reader signed delivery/read confirmations survive paging, replay, eviction and restart
  ---
  duration_ms: 2530.673519
  type: 'test'
  ...
# Subtest: public, foreign-author and wrong-reader confirmations cannot advance a durable send
ok 199 - public, foreign-author and wrong-reader confirmations cannot advance a durable send
  ---
  duration_ms: 341.794396
  type: 'test'
  ...
# Subtest: expiry remains visible after payload removal and explicit user pin is preserved
ok 200 - expiry remains visible after payload removal and explicit user pin is preserved
  ---
  duration_ms: 384.28997
  type: 'test'
  ...
# Subtest: corrupted reserved bytes become unavailable without a new signed publication
ok 201 - corrupted reserved bytes become unavailable without a new signed publication
  ---
  duration_ms: 245.707428
  type: 'test'
  ...
# Subtest: blocked incomplete sends retain bounded reservation; blocked group readers do not break viewing
ok 202 - blocked incomplete sends retain bounded reservation; blocked group readers do not break viewing
  ---
  duration_ms: 529.95623
  type: 'test'
  ...
# Subtest: pending count/byte reservations and restored metadata ownership are bounded
ok 203 - pending count/byte reservations and restored metadata ownership are bounded
  ---
  duration_ms: 245.575592
  type: 'test'
  ...
# Subtest: a content-file directory flush error preserves the recorded operation instead of signing a replacement
ok 204 - a content-file directory flush error preserves the recorded operation instead of signing a replacement
  ---
  duration_ms: 206.676047
  type: 'test'
  ...
# Subtest: incoming read confirmation is journalled before its admission evicts the original
ok 205 - incoming read confirmation is journalled before its admission evicts the original
  ---
  duration_ms: 292.82176
  type: 'test'
  ...
# Subtest: read confirmation uses the signed roster when contact learning fails and can be reissued after eviction
ok 206 - read confirmation uses the signed roster when contact learning fails and can be reissued after eviction
  ---
  duration_ms: 243.608514
  type: 'test'
  ...
# Subtest: saved peer connection remains idempotent at capacity without opening another connection
ok 207 - saved peer connection remains idempotent at capacity without opening another connection
  ---
  duration_ms: 170.5223
  type: 'test'
  ...
# Subtest: snapshot crossing expiry during journal persistence keeps state and reservation consistent
ok 208 - snapshot crossing expiry during journal persistence keeps state and reservation consistent
  ---
  duration_ms: 1720.9558
  type: 'test'
  ...
# Subtest: snapshot crossing expiry during journal persistence keeps send and reservation consistent
ok 209 - snapshot crossing expiry during journal persistence keeps send and reservation consistent
  ---
  duration_ms: 1726.561316
  type: 'test'
  ...
# Subtest: snapshot crossing expiry during journal persistence keeps retry and reservation consistent
ok 210 - snapshot crossing expiry during journal persistence keeps retry and reservation consistent
  ---
  duration_ms: 1732.004549
  type: 'test'
  ...
# Subtest: an uncertain SQL completion at write 1 recovers the same outbox operation
ok 211 - an uncertain SQL completion at write 1 recovers the same outbox operation
  ---
  duration_ms: 203.445862
  type: 'test'
  ...
# Subtest: an uncertain SQL completion at write 2 recovers the same outbox operation
ok 212 - an uncertain SQL completion at write 2 recovers the same outbox operation
  ---
  duration_ms: 223.299376
  type: 'test'
  ...
# Subtest: outbox preview preserves full astral characters within its UTF-16 budget
ok 213 - outbox preview preserves full astral characters within its UTF-16 budget
  ---
  duration_ms: 0.337743
  type: 'test'
  ...
# (node:320073) ExperimentalWarning: SQLite is an experimental feature and might change at any time
# (Use `node --trace-warnings ...` to show where the warning was created)
# Subtest: legacy semantic failures are rejected before creating a signed migration intent
ok 214 - legacy semantic failures are rejected before creating a signed migration intent
  ---
  duration_ms: 55.69764
  type: 'test'
  ...
# (node:320082) ExperimentalWarning: SQLite is an experimental feature and might change at any time
# (Use `node --trace-warnings ...` to show where the warning was created)
# Subtest: signed initialization binds owner, random store ID and legacy ciphertext across phases
ok 215 - signed initialization binds owner, random store ID and legacy ciphertext across phases
  ---
  duration_ms: 10.130919
  type: 'test'
  ...
# Subtest: a signed intent can pin the exact new store before creation without allowing resets
ok 216 - a signed intent can pin the exact new store before creation without allowing resets
  ---
  duration_ms: 22.985204
  type: 'test'
  ...
# (node:320089) ExperimentalWarning: SQLite is an experimental feature and might change at any time
# (Use `node --trace-warnings ...` to show where the warning was created)
# Subtest: staged import binds the actual legacy ciphertext and committed reopen never falls back
ok 217 - staged import binds the actual legacy ciphertext and committed reopen never falls back
  ---
  duration_ms: 104.990797
  type: 'test'
  ...
# Subtest: existing unbound, missing initialized and wrong-store databases fail without reset
ok 218 - existing unbound, missing initialized and wrong-store databases fail without reset
  ---
  duration_ms: 187.457373
  type: 'test'
  ...
# Subtest: changed legacy source cannot complete a signed preparation
ok 219 - changed legacy source cannot complete a signed preparation
  ---
  duration_ms: 40.681905
  type: 'test'
  ...
# Subtest: transaction wrapper cannot erase initialization or the current private document
ok 220 - transaction wrapper cannot erase initialization or the current private document
  ---
  duration_ms: 72.448519
  type: 'test'
  ...
# Subtest: real process death after prepared initialization boundary preserves resumable private bytes
ok 221 - real process death after prepared initialization boundary preserves resumable private bytes
  ---
  duration_ms: 246.2632
  type: 'test'
  ...
# Subtest: real process death after imported initialization boundary preserves resumable private bytes
ok 222 - real process death after imported initialization boundary preserves resumable private bytes
  ---
  duration_ms: 250.80884
  type: 'test'
  ...
# Subtest: real process death after committed initialization boundary preserves resumable private bytes
ok 223 - real process death after committed initialization boundary preserves resumable private bytes
  ---
  duration_ms: 244.81743
  type: 'test'
  ...
# Subtest: replay of the complete earlier initialization state is an explicit rollback limitation
ok 224 - replay of the complete earlier initialization state is an explicit rollback limitation
  ---
  duration_ms: 133.30526
  type: 'test'
  ...
# (node:320215) ExperimentalWarning: SQLite is an experimental feature and might change at any time
# (Use `node --trace-warnings ...` to show where the warning was created)
# Subtest: one running owner per profile, another profile remains independent, close permits restart
ok 225 - one running owner per profile, another profile remains independent, close permits restart
  ---
  duration_ms: 32.674466
  type: 'test'
  ...
# Subtest: empty initialization can recover but foreign or malformed metadata is refused
ok 226 - empty initialization can recover but foreign or malformed metadata is refused
  ---
  duration_ms: 42.287334
  type: 'test'
  ...
# (node:320232) ExperimentalWarning: SQLite is an experimental feature and might change at any time
# (Use `node --trace-warnings ...` to show where the warning was created)
# Subtest: runtime owns the profile through transport shutdown and rejects stale writes after recovery
ok 227 - runtime owns the profile through transport shutdown and rejects stale writes after recovery
  ---
  duration_ms: 341.425423
  type: 'test'
  ...
# Subtest: constructor failure releases ownership without resetting the existing profile
ok 228 - constructor failure releases ownership without resetting the existing profile
  ---
  duration_ms: 26.764708
  type: 'test'
  ...
# (node:320242) ExperimentalWarning: SQLite is an experimental feature and might change at any time
# (Use `node --trace-warnings ...` to show where the warning was created)
# Subtest: chunked private state is encrypted, persists exactly and shrinks atomically
ok 229 - chunked private state is encrypted, persists exactly and shrinks atomically
  ---
  duration_ms: 115.441746
  type: 'test'
  ...
# Subtest: private state and an authority fence commit together or both roll back, with digest CAS
ok 230 - private state and an authority fence commit together or both roll back, with digest CAS
  ---
  duration_ms: 52.602509
  type: 'test'
  ...
# Subtest: missing, orphan and hash-mismatched chunks fail closed rather than yielding partial state
ok 231 - missing, orphan and hash-mismatched chunks fail closed rather than yielding partial state
  ---
  duration_ms: 127.736622
  type: 'test'
  ...
# Subtest: the full declared private-state byte bound fits while oversize input makes no writes
ok 232 - the full declared private-state byte bound fits while oversize input makes no writes
  ---
  duration_ms: 282.656396
  type: 'test'
  ...
# Subtest: UI runtime selection rejects an ambiguous alias and launches the actual requested engine
ok 233 - UI runtime selection rejects an ambiguous alias and launches the actual requested engine
  ---
  duration_ms: 376.286198
  type: 'test'
  ...
# Subtest: scenario timeout trace preserves the active operation without recording request secrets
ok 234 - scenario timeout trace preserves the active operation without recording request secrets
  ---
  duration_ms: 2.951482
  type: 'test'
  ...
# (node:320414) ExperimentalWarning: SQLite is an experimental feature and might change at any time
# (Use `node --trace-warnings ...` to show where the warning was created)
# Subtest: inbound semantic ACL: forged public receipt/message and private wrong-reader mutation are hidden
ok 235 - inbound semantic ACL: forged public receipt/message and private wrong-reader mutation are hidden
  ---
  duration_ms: 333.512051
  type: 'test'
  ...
# Subtest: malformed unauthenticated HTTP paths return 400; service survives and auth boundary holds
ok 236 - malformed unauthenticated HTTP paths return 400; service survives and auth boundary holds
  ---
  duration_ms: 51.220529
  type: 'test'
  ...
# Subtest: private site draft and local deletion survive cache removal/restart without plaintext on disk
ok 237 - private site draft and local deletion survive cache removal/restart without plaintext on disk
  ---
  duration_ms: 431.140577
  type: 'test'
  ...
# Subtest: relay consent: no application-level cached serving while paused, positive control after enabling
ok 238 - relay consent: no application-level cached serving while paused, positive control after enabling
  ---
  duration_ms: 1040.795876
  type: 'test'
  ...
# Subtest: deletion journal survives when publication itself evicts its unpinned original
ok 239 - deletion journal survives when publication itself evicts its unpinned original
  ---
  duration_ms: 235.029012
  type: 'test'
  ...
# Subtest: identity proof rejects small-order signing keys even when the underlying verifier accepts the equation
ok 240 - identity proof rejects small-order signing keys even when the underlying verifier accepts the equation
  ---
  duration_ms: 19.967197
  type: 'test'
  ...
# Subtest: the signing-key profile rejects all reference torsion points and noncanonical aliases without changing its input
ok 241 - the signing-key profile rejects all reference torsion points and noncanonical aliases without changing its input
  ---
  duration_ms: 13.624919
  type: 'test'
  ...
# Subtest: seeded virtual time is reproducible with independently generated secure fixtures
ok 242 - seeded virtual time is reproducible with independently generated secure fixtures
  ---
  duration_ms: 41.300965
  type: 'test'
  ...
# Subtest: loss, MTU fragmentation, partition/heal, low-power transition and SOS-before-bulk
ok 243 - loss, MTU fragmentation, partition/heal, low-power transition and SOS-before-bulk
  ---
  duration_ms: 10.377602
  type: 'test'
  ...
# Subtest: directed bandwidth, latency and MTU produce measurable asymmetric arrival times
ok 244 - directed bandwidth, latency and MTU produce measurable asymmetric arrival times
  ---
  duration_ms: 4.61475
  type: 'test'
  ...
# Subtest: congested bounded queues preserve SOS while bulk is deferred
ok 245 - congested bounded queues preserve SOS while bulk is deferred
  ---
  duration_ms: 7.012725
  type: 'test'
  ...
# Subtest: bounded cache distinguishes pinned exhaustion from unpinned eviction
ok 246 - bounded cache distinguishes pinned exhaustion from unpinned eviction
  ---
  duration_ms: 8.792291
  type: 'test'
  ...
# Subtest: TTL rejects in-flight expiration and retained replay respects the hop limit
ok 247 - TTL rejects in-flight expiration and retained replay respects the hop limit
  ---
  duration_ms: 5.132099
  type: 'test'
  ...
# Subtest: every-fourth-fragment fairness lets bulk advance during SOS pressure
ok 248 - every-fourth-fragment fairness lets bulk advance during SOS pressure
  ---
  duration_ms: 11.834092
  type: 'test'
  ...
# Subtest: real signature/chunk checks pass honest control and detect deliberately broken controls
ok 249 - real signature/chunk checks pass honest control and detect deliberately broken controls
  ---
  duration_ms: 15.933376
  type: 'test'
  ...
# Subtest: simulation rejects invalid transport bounds and complete report gates pass
ok 250 - simulation rejects invalid transport bounds and complete report gates pass
  ---
  duration_ms: 41.277141
  type: 'test'
  ...
# (node:320723) ExperimentalWarning: SQLite is an experimental feature and might change at any time
# (Use `node --trace-warnings ...` to show where the warning was created)
# Subtest: failed application profile commit cannot publish and a failed public copy remains recoverable
ok 251 - failed application profile commit cannot publish and a failed public copy remains recoverable
  ---
  duration_ms: 791.298654
  type: 'test'
  ...
# Subtest: the real application recovers its exact publication after process exit between authorization and public storage
ok 252 - the real application recovers its exact publication after process exit between authorization and public storage
  ---
  duration_ms: 3590.839472
  type: 'test'
  ...
# Subtest: a known newer head without bytes never falls back to an older site, including after profile unlock
ok 253 - a known newer head without bytes never falls back to an older site, including after profile unlock
  ---
  duration_ms: 540.202355
  type: 'test'
  ...
# Subtest: blocking a private-site reader pauses a committed copy and clears the publication error after resumption
ok 254 - blocking a private-site reader pauses a committed copy and clears the publication error after resumption
  ---
  duration_ms: 392.541296
  type: 'test'
  ...
# Subtest: real application APIs preserve revision identity, resolve updates and serve a new reader after the author exits
ok 255 - real application APIs preserve revision identity, resolve updates and serve a new reader after the author exits
  ---
  duration_ms: 1916.114599
  type: 'test'
  ...
# Subtest: private site APIs preserve reading scope and generic publication cannot bypass version authority
ok 256 - private site APIs preserve reading scope and generic publication cannot bypass version authority
  ---
  duration_ms: 1749.481037
  type: 'test'
  ...
# Subtest: a valid outer signature cannot smuggle another owner snapshot into application storage through TCP
ok 257 - a valid outer signature cannot smuggle another owner snapshot into application storage through TCP
  ---
  duration_ms: 669.190843
  type: 'test'
  ...
# Subtest: two installations with the same owner preserve a fork until the owner explicitly confirms all known heads
ok 258 - two installations with the same owner preserve a fork until the owner explicitly confirms all known heads
  ---
  duration_ms: 1604.962921
  type: 'test'
  ...
# (node:321533) ExperimentalWarning: SQLite is an experimental feature and might change at any time
# (Use `node --trace-warnings ...` to show where the warning was created)
# Subtest: actual process interruption at site prepare-before preserves the publication boundary
ok 259 - actual process interruption at site prepare-before preserves the publication boundary
  ---
  duration_ms: 353.840505
  type: 'test'
  ...
# Subtest: actual process interruption at site prepare-after preserves the publication boundary
ok 260 - actual process interruption at site prepare-after preserves the publication boundary
  ---
  duration_ms: 327.34441
  type: 'test'
  ...
# Subtest: actual process interruption at site commit-before preserves the publication boundary
ok 261 - actual process interruption at site commit-before preserves the publication boundary
  ---
  duration_ms: 325.142052
  type: 'test'
  ...
# Subtest: actual process interruption at site commit-after preserves the publication boundary
ok 262 - actual process interruption at site commit-after preserves the publication boundary
  ---
  duration_ms: 326.447789
  type: 'test'
  ...
# Subtest: actual process interruption at site copy preserves the publication boundary
ok 263 - actual process interruption at site copy preserves the publication boundary
  ---
  duration_ms: 344.747781
  type: 'test'
  ...
# (node:321750) ExperimentalWarning: SQLite is an experimental feature and might change at any time
# (Use `node --trace-warnings ...` to show where the warning was created)
# Subtest: site transactions share the real bound application profile without changing its existing private state
ok 264 - site transactions share the real bound application profile without changing its existing private state
  ---
  duration_ms: 152.026241
  type: 'test'
  ...
# (node:321759) ExperimentalWarning: SQLite is an experimental feature and might change at any time
# (Use `node --trace-warnings ...` to show where the warning was created)
# Subtest: catalog atomically persists preparation, authorization and exact public-copy recovery across database restart
ok 265 - catalog atomically persists preparation, authorization and exact public-copy recovery across database restart
  ---
  duration_ms: 200.230235
  type: 'test'
  ...
# Subtest: another signed head appearing before authorization supersedes a private preparation without publishing it
ok 266 - another signed head appearing before authorization supersedes a private preparation without publishing it
  ---
  duration_ms: 115.944328
  type: 'test'
  ...
# Subtest: staging capacity failure cannot leave a catalog entry, partial bundle or changed prior operation
ok 267 - staging capacity failure cannot leave a catalog entry, partial bundle or changed prior operation
  ---
  duration_ms: 89.331795
  type: 'test'
  ...
# Subtest: expired preparations remain recoverable as terminal outcomes without treating the profile as corrupt
ok 268 - expired preparations remain recoverable as terminal outcomes without treating the profile as corrupt
  ---
  duration_ms: 211.551876
  type: 'test'
  ...
# Subtest: public retries recover the exact first envelope; private retries cannot silently change a reading envelope
ok 269 - public retries recover the exact first envelope; private retries cannot silently change a reading envelope
  ---
  duration_ms: 124.626442
  type: 'test'
  ...
# Subtest: repeated verified observations do not rewrite the encrypted catalog
ok 270 - repeated verified observations do not rewrite the encrypted catalog
  ---
  duration_ms: 64.772059
  type: 'test'
  ...
# Subtest: complete declarative snapshots bind a signed revision to the payload and envelope signing owner
ok 271 - complete declarative snapshots bind a signed revision to the payload and envelope signing owner
  ---
  duration_ms: 79.120515
  type: 'test'
  ...
# Subtest: snapshots reject unsigned additions, malformed declarative documents and changed signed payloads
ok 272 - snapshots reject unsigned additions, malformed declarative documents and changed signed payloads
  ---
  duration_ms: 4.797383
  type: 'test'
  ...
# (node:321840) ExperimentalWarning: SQLite is an experimental feature and might change at any time
# (Use `node --trace-warnings ...` to show where the warning was created)
# Subtest: intent commits without a visitor signature; later signing survives reopen with private consent and no public store
ok 273 - intent commits without a visitor signature; later signing survives reopen with private consent and no public store
  ---
  duration_ms: 153.209168
  type: 'test'
  ...
# Subtest: failed transactions and changed policy retain a prepared intent without handing out a signature
ok 274 - failed transactions and changed policy retain a prepared intent without handing out a signature
  ---
  duration_ms: 107.166896
  type: 'test'
  ...
# Subtest: expiry and cancellation keep retired sequence outcomes and never renew a signature
ok 275 - expiry and cancellation keep retired sequence outcomes and never renew a signature
  ---
  duration_ms: 752.690466
  type: 'test'
  ...
# Subtest: private contribution storage refuses missing-stage without resetting an intent
ok 276 - private contribution storage refuses missing-stage without resetting an intent
  ---
  duration_ms: 51.232201
  type: 'test'
  ...
# Subtest: private contribution storage refuses wrong-source without resetting an intent
ok 277 - private contribution storage refuses wrong-source without resetting an intent
  ---
  duration_ms: 53.073021
  type: 'test'
  ...
# Subtest: private contribution storage refuses read-key without resetting an intent
ok 278 - private contribution storage refuses read-key without resetting an intent
  ---
  duration_ms: 40.729073
  type: 'test'
  ...
# Subtest: real abrupt process exit before-intent-commit preserves the intent and fixed certificate identity
ok 279 - real abrupt process exit before-intent-commit preserves the intent and fixed certificate identity
  ---
  duration_ms: 257.357446
  type: 'test'
  ...
# Subtest: real abrupt process exit after-intent preserves the intent and fixed certificate identity
ok 280 - real abrupt process exit after-intent preserves the intent and fixed certificate identity
  ---
  duration_ms: 264.128076
  type: 'test'
  ...
# Subtest: real abrupt process exit after-signature preserves the intent and fixed certificate identity
ok 281 - real abrupt process exit after-signature preserves the intent and fixed certificate identity
  ---
  duration_ms: 274.552226
  type: 'test'
  ...
# Subtest: preparation quota failure rolls back stage and sequence before any signature exists
ok 282 - preparation quota failure rolls back stage and sequence before any signature exists
  ---
  duration_ms: 99.196054
  type: 'test'
  ...
# Subtest: a proposal expiring during the policy check cannot commit a new signature
ok 283 - a proposal expiring during the policy check cannot commit a new signature
  ---
  duration_ms: 61.560931
  type: 'test'
  ...
# Subtest: form query is a copied closed locator, never executable input or caller-supplied permission
ok 284 - form query is a copied closed locator, never executable input or caller-supplied permission
  ---
  duration_ms: 1.195331
  type: 'test'
  ...
# Subtest: real snapshot lookup authenticates author, reader access and visitor policy without returning table rows
ok 285 - real snapshot lookup authenticates author, reader access and visitor policy without returning table rows
  ---
  duration_ms: 151.794035
  type: 'test'
  ...
# Subtest: private proposal envelope binds actual author, exactly two logical readers and the original certificate deadline
ok 286 - private proposal envelope binds actual author, exactly two logical readers and the original certificate deadline
  ---
  duration_ms: 91.805813
  type: 'test'
  ...
# Subtest: Node, portable and real Go inbox transitions agree on replay, finite retention, conflicts and quotas
ok 287 - Node, portable and real Go inbox transitions agree on replay, finite retention, conflicts and quotas
  ---
  duration_ms: 664.857291
  type: 'test'
  ...
# (node:322310) ExperimentalWarning: SQLite is an experimental feature and might change at any time
# (Use `node --trace-warnings ...` to show where the warning was created)
# Subtest: private inbox preserves verified source and proposal across reopening, separately from sender staging
ok 288 - private inbox preserves verified source and proposal across reopening, separately from sender staging
  ---
  duration_ms: 174.126455
  type: 'test'
  ...
# Subtest: repackaging is idempotent and a conflicting visitor UUID cannot replace the original candidate
ok 289 - repackaging is idempotent and a conflicting visitor UUID cannot replace the original candidate
  ---
  duration_ms: 142.647441
  type: 'test'
  ...
# Subtest: an interrupted admission/source transaction rolls back without losing the earlier proof
ok 290 - an interrupted admission/source transaction rolls back without losing the earlier proof
  ---
  duration_ms: 85.257317
  type: 'test'
  ...
# Subtest: expiry removes private payloads but keeps replay metadata for the bounded retention window
ok 291 - expiry removes private payloads but keeps replay metadata for the bounded retention window
  ---
  duration_ms: 147.162194
  type: 'test'
  ...
# Subtest: unreadable/public proposals, wrong source and revoked policy never become verified candidates
ok 292 - unreadable/public proposals, wrong source and revoked policy never become verified candidates
  ---
  duration_ms: 110.652239
  type: 'test'
  ...
# Subtest: tampered retained evidence is an integrity failure, never repaired into a new proposal
ok 293 - tampered retained evidence is an integrity failure, never repaired into a new proposal
  ---
  duration_ms: 92.2956
  type: 'test'
  ...
# Subtest: journal quotas preserve pending entries and conflict floods have bounded descriptors and writes
ok 294 - journal quotas preserve pending entries and conflict floods have bounded descriptors and writes
  ---
  duration_ms: 136.59693
  type: 'test'
  ...
# Subtest: explicit dismissal is atomic, releases only selected proof quota and survives replay/reopen
ok 295 - explicit dismissal is atomic, releases only selected proof quota and survives replay/reopen
  ---
  duration_ms: 201.696654
  type: 'test'
  ...
# Subtest: dismissing unverified proposal frees admission quota without evicting other pending proposals
ok 296 - dismissing unverified proposal frees admission quota without evicting other pending proposals
  ---
  duration_ms: 89.432103
  type: 'test'
  ...
# Subtest: dismissal cannot hide corruption in private proof
ok 297 - dismissal cannot hide corruption in private proof
  ---
  duration_ms: 60.944555
  type: 'test'
  ...
# Subtest: owner receipt intent survives dismiss and resumes one exact private envelope after reopen
ok 298 - owner receipt intent survives dismiss and resumes one exact private envelope after reopen
  ---
  duration_ms: 203.376603
  type: 'test'
  ...
# Subtest: owner receipt intent survives expire and resumes one exact private envelope after reopen
ok 299 - owner receipt intent survives expire and resumes one exact private envelope after reopen
  ---
  duration_ms: 205.438137
  type: 'test'
  ...
# Subtest: legacy verified inbox migrates only from retained authenticated source
ok 300 - legacy verified inbox migrates only from retained authenticated source
  ---
  duration_ms: 117.55143
  type: 'test'
  ...
# Subtest: legacy discarded inbox migrates only from retained authenticated source
ok 301 - legacy discarded inbox migrates only from retained authenticated source
  ---
  duration_ms: 113.045665
  type: 'test'
  ...
# Subtest: Node, portable crypto and Go agree on visitor proposals, schemas and negative authorization vectors
ok 302 - Node, portable crypto and Go agree on visitor proposals, schemas and negative authorization vectors
  ---
  duration_ms: 576.274609
  type: 'test'
  ...
# Subtest: Node, portable and Go contribution journals agree on canonical requests, retained transitions and rejected corruption
ok 303 - Node, portable and Go contribution journals agree on canonical requests, retained transitions and rejected corruption
  ---
  duration_ms: 1169.780868
  type: 'test'
  ...
# (node:322814) ExperimentalWarning: SQLite is an experimental feature and might change at any time
# (Use `node --trace-warnings ...` to show where the warning was created)
# Subtest: queued source and envelope survive restart while a second preparation uses its own slot
ok 304 - queued source and envelope survive restart while a second preparation uses its own slot
  ---
  duration_ms: 360.60785
  type: 'test'
  ...
# Subtest: queue transaction rollback retains the signed envelope and never frees a preparation early
ok 305 - queue transaction rollback retains the signed envelope and never frees a preparation early
  ---
  duration_ms: 166.556166
  type: 'test'
  ...
# Subtest: queued expiry retires private payload but retains packet identity for cancellation
ok 306 - queued expiry retires private payload but retains packet identity for cancellation
  ---
  duration_ms: 176.683289
  type: 'test'
  ...
# Subtest: 32 pending queues apply backpressure without losing old payloads or the current prepared envelope
ok 307 - 32 pending queues apply backpressure without losing old payloads or the current prepared envelope
  ---
  duration_ms: 3520.146664
  type: 'test'
  ...
# Subtest: missing queued payload is corruption, not an excuse to create new bytes or cancel a different stage
ok 308 - missing queued payload is corruption, not an excuse to create new bytes or cancel a different stage
  ---
  duration_ms: 140.522588
  type: 'test'
  ...
# Subtest: owner reception receipts bind the original proposal and exact private envelope across Node, portable crypto and Go
ok 309 - owner reception receipts bind the original proposal and exact private envelope across Node, portable crypto and Go
  ---
  duration_ms: 694.331567
  type: 'test'
  ...
# Subtest: declarative form binds all typed columns, preserves zero/false and never executes values
ok 310 - declarative form binds all typed columns, preserves zero/false and never executes values
  ---
  duration_ms: 5.723038
  type: 'test'
  ...
# Subtest: form and value parsing reject active accessors, sparse lists, unknown fields and oversized inputs
ok 311 - form and value parsing reject active accessors, sparse lists, unknown fields and oversized inputs
  ---
  duration_ms: 0.705513
  type: 'test'
  ...
# Subtest: Node visitor signatures verify across adapters but cannot become owner revisions
ok 312 - Node visitor signatures verify across adapters but cannot become owner revisions
  ---
  duration_ms: 66.275558
  type: 'test'
  ...
# Subtest: portable visitor signatures verify across adapters but cannot become owner revisions
ok 313 - portable visitor signatures verify across adapters but cannot become owner revisions
  ---
  duration_ms: 46.637708
  type: 'test'
  ...
# Subtest: site/form/schema/base and the visitor's maximum publication audience are bound independently
ok 314 - site/form/schema/base and the visitor's maximum publication audience are bound independently
  ---
  duration_ms: 15.46616
  type: 'test'
  ...
# Subtest: expiry and clock checks apply to admission, while historical signatures stay verifiable
ok 315 - expiry and clock checks apply to admission, while historical signatures stay verifiable
  ---
  duration_ms: 28.46748
  type: 'test'
  ...
# Subtest: private submission remains encrypted even when the visitor consents to later public adoption
ok 316 - private submission remains encrypted even when the visitor consents to later public adoption
  ---
  duration_ms: 10.312039
  type: 'test'
  ...
# Subtest: Node and a real Go process agree on bounded declarative table vectors
ok 317 - Node and a real Go process agree on bounded declarative table vectors
  ---
  duration_ms: 396.001192
  type: 'test'
  ...
# Subtest: signed table projection sorts numeric values, keeps null last, and leaves source bytes unchanged
ok 318 - signed table projection sorts numeric values, keeps null last, and leaves source bytes unchanged
  ---
  duration_ms: 3.701949
  type: 'test'
  ...
# Subtest: literal search never evaluates code or patterns and pagination stays finite on empty and boundary queries
ok 319 - literal search never evaluates code or patterns and pagination stays finite on empty and boundary queries
  ---
  duration_ms: 2.03789
  type: 'test'
  ...
# Subtest: table shape, dates, links, column types and finite limits reject negative controls
ok 320 - table shape, dates, links, column types and finite limits reject negative controls
  ---
  duration_ms: 1.678636
  type: 'test'
  ...
# Subtest: nested getters and noncanonical arrays are rejected before executing accessors
ok 321 - nested getters and noncanonical arrays are rejected before executing accessors
  ---
  duration_ms: 0.460774
  type: 'test'
  ...
# Subtest: table byte quota counts UTF-8 bytes and canonical field names, with both sides of the boundary
ok 322 - table byte quota counts UTF-8 bytes and canonical field names, with both sides of the boundary
  ---
  duration_ms: 2.362257
  type: 'test'
  ...
# Subtest: CSV handles quoted commas, quotes and newlines as literal text without guessing numeric identities
ok 323 - CSV handles quoted commas, quotes and newlines as literal text without guessing numeric identities
  ---
  duration_ms: 1.167949
  type: 'test'
  ...
# Subtest: CSV export neutralises spreadsheet formulas without changing signed table values
ok 324 - CSV export neutralises spreadsheet formulas without changing signed table values
  ---
  duration_ms: 0.847328
  type: 'test'
  ...
# Subtest: typed editing preserves incomplete numbers for validation rather than erasing them
ok 325 - typed editing preserves incomplete numbers for validation rather than erasing them
  ---
  duration_ms: 0.369352
  type: 'test'
  ...
# Subtest: site schema: multipage with nested media and local navigation
ok 326 - site schema: multipage with nested media and local navigation
  ---
  duration_ms: 3.397108
  type: 'test'
  ...
# Subtest: site schema: literal HTML is data, never a block program
ok 327 - site schema: literal HTML is data, never a block program
  ---
  duration_ms: 0.590777
  type: 'test'
  ...
# Subtest: site schema: exact UTF-16 title boundary
ok 328 - site schema: exact UTF-16 title boundary
  ---
  duration_ms: 0.401523
  type: 'test'
  ...
# Subtest: site schema: unknown version
ok 329 - site schema: unknown version
  ---
  duration_ms: 0.252463
  type: 'test'
  ...
# Subtest: site schema: script property
ok 330 - site schema: script property
  ---
  duration_ms: 0.118563
  type: 'test'
  ...
# Subtest: site schema: arbitrary CSS
ok 331 - site schema: arbitrary CSS
  ---
  duration_ms: 0.102112
  type: 'test'
  ...
# Subtest: site schema: CSS URL injection
ok 332 - site schema: CSS URL injection
  ---
  duration_ms: 0.084208
  type: 'test'
  ...
# Subtest: site schema: duplicate pages
ok 333 - site schema: duplicate pages
  ---
  duration_ms: 0.097673
  type: 'test'
  ...
# Subtest: site schema: duplicate slugs
ok 334 - site schema: duplicate slugs
  ---
  duration_ms: 0.25619
  type: 'test'
  ...
# Subtest: site schema: duplicate nested node IDs
ok 335 - site schema: duplicate nested node IDs
  ---
  duration_ms: 0.386484
  type: 'test'
  ...
# Subtest: site schema: path traversal
ok 336 - site schema: path traversal
  ---
  duration_ms: 0.23995
  type: 'test'
  ...
# Subtest: site schema: missing home
ok 337 - site schema: missing home
  ---
  duration_ms: 0.094687
  type: 'test'
  ...
# Subtest: site schema: missing internal target
ok 338 - site schema: missing internal target
  ---
  duration_ms: 0.116489
  type: 'test'
  ...
# Subtest: site schema: javascript URL
ok 339 - site schema: javascript URL
  ---
  duration_ms: 0.100037
  type: 'test'
  ...
# Subtest: site schema: credentials in URL
ok 340 - site schema: credentials in URL
  ---
  duration_ms: 0.087454
  type: 'test'
  ...
# Subtest: site schema: HTTP URL
ok 341 - site schema: HTTP URL
  ---
  duration_ms: 0.088326
  type: 'test'
  ...
# Subtest: site schema: invalid high port
ok 342 - site schema: invalid high port
  ---
  duration_ms: 0.163777
  type: 'test'
  ...
# Subtest: site schema: query URL
ok 343 - site schema: query URL
  ---
  duration_ms: 0.533981
  type: 'test'
  ...
# Subtest: site schema: 13 pages
ok 344 - site schema: 13 pages
  ---
  duration_ms: 0.087414
  type: 'test'
  ...
# Subtest: site schema: 25 siblings
ok 345 - site schema: 25 siblings
  ---
  duration_ms: 0.116358
  type: 'test'
  ...
# Subtest: site schema: four levels
ok 346 - site schema: four levels
  ---
  duration_ms: 0.110066
  type: 'test'
  ...
# Subtest: site schema: 144 total nodes
ok 347 - site schema: 144 total nodes
  ---
  duration_ms: 0.438011
  type: 'test'
  ...
# Subtest: site schema: children on text
ok 348 - site schema: children on text
  ---
  duration_ms: 0.076484
  type: 'test'
  ...
# Subtest: site schema: body limit
ok 349 - site schema: body limit
  ---
  duration_ms: 0.067656
  type: 'test'
  ...
# Subtest: site schema: UTF-16 title overflow
ok 350 - site schema: UTF-16 title overflow
  ---
  duration_ms: 0.055193
  type: 'test'
  ...
# Subtest: site schema: fractional columns
ok 351 - site schema: fractional columns
  ---
  duration_ms: 0.073137
  type: 'test'
  ...
# Subtest: site schema: bad alignment
ok 352 - site schema: bad alignment
  ---
  duration_ms: 0.076313
  type: 'test'
  ...
# Subtest: site schema: missing media
ok 353 - site schema: missing media
  ---
  duration_ms: 0.094737
  type: 'test'
  ...
# Subtest: site schema: out of bounds media
ok 354 - site schema: out of bounds media
  ---
  duration_ms: 0.089678
  type: 'test'
  ...
# Subtest: site schema: SVG media
ok 355 - site schema: SVG media
  ---
  duration_ms: 0.046687
  type: 'test'
  ...
# Subtest: site schema: remote media field
ok 356 - site schema: remote media field
  ---
  duration_ms: 0.105317
  type: 'test'
  ...
# Subtest: site schema: fractional posts limit
ok 357 - site schema: fractional posts limit
  ---
  duration_ms: 0.110597
  type: 'test'
  ...
# Subtest: site schema: large document
ok 358 - site schema: large document
  ---
  duration_ms: 1.017407
  type: 'test'
  ...
# Subtest: site schema: empty composition at third level
ok 359 - site schema: empty composition at third level
  ---
  duration_ms: 0.167955
  type: 'test'
  ...
# Subtest: site schema: unreferenced executable attachment
ok 360 - site schema: unreferenced executable attachment
  ---
  duration_ms: 0.109425
  type: 'test'
  ...
# Subtest: site schema: invalid image base64 length
ok 361 - site schema: invalid image base64 length
  ---
  duration_ms: 0.059382
  type: 'test'
  ...
# Subtest: site schema: valid HTTPS escaped path
ok 362 - site schema: valid HTTPS escaped path
  ---
  duration_ms: 0.19775
  type: 'test'
  ...
# Subtest: site schema: valid HTTPS local IPv4
ok 363 - site schema: valid HTTPS local IPv4
  ---
  duration_ms: 0.259476
  type: 'test'
  ...
# Subtest: site schema: valid HTTPS international path
ok 364 - site schema: valid HTTPS international path
  ---
  duration_ms: 0.136526
  type: 'test'
  ...
# Subtest: site schema: invalid HTTPS percent escape
ok 365 - site schema: invalid HTTPS percent escape
  ---
  duration_ms: 0.087664
  type: 'test'
  ...
# Subtest: site schema: invalid HTTPS dangling percent
ok 366 - site schema: invalid HTTPS dangling percent
  ---
  duration_ms: 0.078727
  type: 'test'
  ...
# Subtest: site schema: invalid HTTPS Unicode whitespace
ok 367 - site schema: invalid HTTPS Unicode whitespace
  ---
  duration_ms: 0.075211
  type: 'test'
  ...
# Subtest: site schema: invalid HTTPS control character
ok 368 - site schema: invalid HTTPS control character
  ---
  duration_ms: 0.113653
  type: 'test'
  ...
# Subtest: site schema: invalid HTTPS IPv4 range
ok 369 - site schema: invalid HTTPS IPv4 range
  ---
  duration_ms: 0.087715
  type: 'test'
  ...
# Subtest: site schema: invalid HTTPS abbreviated IPv4
ok 370 - site schema: invalid HTTPS abbreviated IPv4
  ---
  duration_ms: 0.076924
  type: 'test'
  ...
# Subtest: site schema: invalid HTTPS numeric final DNS label
ok 371 - site schema: invalid HTTPS numeric final DNS label
  ---
  duration_ms: 0.076193
  type: 'test'
  ...
# Subtest: site schema: invalid HTTPS hexadecimal IP alias
ok 372 - site schema: invalid HTTPS hexadecimal IP alias
  ---
  duration_ms: 0.087214
  type: 'test'
  ...
# Subtest: site schema: invalid HTTPS octal IP alias
ok 373 - site schema: invalid HTTPS octal IP alias
  ---
  duration_ms: 0.104546
  type: 'test'
  ...
# Subtest: site schema: valid HTTPS local hostname
ok 374 - site schema: valid HTTPS local hostname
  ---
  duration_ms: 0.128321
  type: 'test'
  ...
# Subtest: site schema: invalid HTTPS hostname label
ok 375 - site schema: invalid HTTPS hostname label
  ---
  duration_ms: 0.097613
  type: 'test'
  ...
# Subtest: site schema: valid HTTPS IDN ASCII hostname
ok 376 - site schema: valid HTTPS IDN ASCII hostname
  ---
  duration_ms: 0.124283
  type: 'test'
  ...
# Subtest: site schema: version 2 typed table
ok 377 - site schema: version 2 typed table
  ---
  duration_ms: 1.30195
  type: 'test'
  ...
# Subtest: site schema: table rejected in version 1
ok 378 - site schema: table rejected in version 1
  ---
  duration_ms: 0.150332
  type: 'test'
  ...
# Subtest: site schema: table missing data
ok 379 - site schema: table missing data
  ---
  duration_ms: 0.099918
  type: 'test'
  ...
# Subtest: site schema: data on non-table block
ok 380 - site schema: data on non-table block
  ---
  duration_ms: 0.091331
  type: 'test'
  ...
# Subtest: site schema: table unknown field
ok 381 - site schema: table unknown field
  ---
  duration_ms: 0.088496
  type: 'test'
  ...
# Subtest: site schema: table repeated row identifier
ok 382 - site schema: table repeated row identifier
  ---
  duration_ms: 0.13332
  type: 'test'
  ...
# Subtest: site schema: table wrong typed number
ok 383 - site schema: table wrong typed number
  ---
  duration_ms: 0.125014
  type: 'test'
  ...
# Subtest: templates satisfy the same wire contract and produce unique block identities
ok 384 - templates satisfy the same wire contract and produce unique block identities
  ---
  duration_ms: 1.71765
  type: 'test'
  ...
# Subtest: site input rejects getters without invoking them
ok 385 - site input rejects getters without invoking them
  ---
  duration_ms: 0.244298
  type: 'test'
  ...
# Subtest: site total image budget is enforced outside the editor
ok 386 - site total image budget is enforced outside the editor
  ---
  duration_ms: 6.726358
  type: 'test'
  ...
# Subtest: image limit counts decoded bytes, including padding at the exact boundary
ok 387 - image limit counts decoded bytes, including padding at the exact boundary
  ---
  duration_ms: 8.896807
  type: 'test'
  ...
# Subtest: individually valid tables also consume the global 128 KiB document budget
ok 388 - individually valid tables also consume the global 128 KiB document budget
  ---
  duration_ms: 8.972188
  type: 'test'
  ...
# Subtest: draft context retains original base and exact pending request across serialisation without transferring ownership
ok 389 - draft context retains original base and exact pending request across serialisation without transferring ownership
  ---
  duration_ms: 2.076372
  type: 'test'
  ...
# Subtest: malformed or ambiguous draft context cannot replace valid private editing metadata
ok 390 - malformed or ambiguous draft context cannot replace valid private editing metadata
  ---
  duration_ms: 1.005555
  type: 'test'
  ...
# Subtest: v4 binds nested and cross-page forms to typed local tables; Node and Go agree on positive/negative document vectors
ok 391 - v4 binds nested and cross-page forms to typed local tables; Node and Go agree on positive/negative document vectors
  ---
  duration_ms: 426.49527
  type: 'test'
  ...
# Subtest: copying a page or a composition rebinds local tables while foreign-page references remain independent
ok 392 - copying a page or a composition rebinds local tables while foreign-page references remain independent
  ---
  duration_ms: 6.279009
  type: 'test'
  ...
# Subtest: v4 schemas remain covered by owner snapshots; unversioned or counterfeit envelopes cannot supply form authority
ok 393 - v4 schemas remain covered by owner snapshots; unversioned or counterfeit envelopes cannot supply form authority
  ---
  duration_ms: 49.308695
  type: 'test'
  ...
# Subtest: versioned sites cross TCP and serial PTY, survive partition/heal and reach a new reader from a consenting offline-author seeder
ok 394 - versioned sites cross TCP and serial PTY, survive partition/heal and reach a new reader from a consenting offline-author seeder
  ---
  duration_ms: 7360.91103
  type: 'test'
  ...
# Subtest: page duplication preserves the source, shared assets and external links while remapping nested self-links
ok 395 - page duplication preserves the source, shared assets and external links while remapping nested self-links
  ---
  duration_ms: 5.088568
  type: 'test'
  ...
# Subtest: duplicate names/slugs remain bounded and unique with Unicode and the exact page cap
ok 396 - duplicate names/slugs remain bounded and unique with Unicode and the exact page cap
  ---
  duration_ms: 5.433054
  type: 'test'
  ...
# Subtest: page copying accepts exactly 128 nodes and refuses the next node without changing the draft
ok 397 - page copying accepts exactly 128 nodes and refuses the next node without changing the draft
  ---
  duration_ms: 3.972867
  type: 'test'
  ...
# Subtest: reordering preserves page identities, home and links and has no history-changing boundary step
ok 398 - reordering preserves page identities, home and links and has no history-changing boundary step
  ---
  duration_ms: 0.845344
  type: 'test'
  ...
# Subtest: copying is explicit authored content creation in the selected language and never mutates an invalid source
ok 399 - copying is explicit authored content creation in the selected language and never mutates an invalid source
  ---
  duration_ms: 0.904285
  type: 'test'
  ...
# (node:327172) ExperimentalWarning: SQLite is an experimental feature and might change at any time
# (Use `node --trace-warnings ...` to show where the warning was created)
# Subtest: private site staging survives SQLite restart and does not expose signatures to the reading secret
ok 400 - private site staging survives SQLite restart and does not expose signatures to the reading secret
  ---
  duration_ms: 115.680745
  type: 'test'
  ...
# Subtest: private resource staging survives SQLite restart and does not expose signatures to the reading secret
ok 401 - private resource staging survives SQLite restart and does not expose signatures to the reading secret
  ---
  duration_ms: 91.770506
  type: 'test'
  ...
# Subtest: private contribution staging survives SQLite restart and does not expose signatures to the reading secret
ok 402 - private contribution staging survives SQLite restart and does not expose signatures to the reading secret
  ---
  duration_ms: 91.065635
  type: 'test'
  ...
# Subtest: private contribution-inbox staging survives SQLite restart and does not expose signatures to the reading secret
ok 403 - private contribution-inbox staging survives SQLite restart and does not expose signatures to the reading secret
  ---
  duration_ms: 89.415372
  type: 'test'
  ...
# Subtest: private contribution-receipt staging survives SQLite restart and does not expose signatures to the reading secret
ok 404 - private contribution-receipt staging survives SQLite restart and does not expose signatures to the reading secret
  ---
  duration_ms: 90.994311
  type: 'test'
  ...
# Subtest: private staging quota failure aborts all record changes even when its error is caught
ok 405 - private staging quota failure aborts all record changes even when its error is caught
  ---
  duration_ms: 49.724915
  type: 'test'
  ...
# Subtest: private record handles expire at the synchronous transaction boundary
ok 406 - private record handles expire at the synchronous transaction boundary
  ---
  duration_ms: 17.124378
  type: 'test'
  ...
# Subtest: missing and transposed ciphertext are rejected even inside an otherwise authentic outer database
ok 407 - missing and transposed ciphertext are rejected even inside an otherwise authentic outer database
  ---
  duration_ms: 83.651839
  type: 'test'
  ...
# Subtest: node editor keeps one publication after a lost response and process restart; private version recovery preserves readers
ok 408 - node editor keeps one publication after a lost response and process restart; private version recovery preserves readers
  ---
  duration_ms: 2027.352605
  type: 'test'
  ...
# Subtest: node editor rejects stale and changed review bases, and can close a consumed competing attempt without claiming cancellation
ok 409 - node editor rejects stale and changed review bases, and can close a consumed competing attempt without claiming cancellation
  ---
  duration_ms: 2392.075558
  type: 'test'
  ...
# Subtest: node editor never sends before durable draft acknowledgement, keeps unknown submissions frozen, and fences a locked session
ok 410 - node editor never sends before durable draft acknowledgement, keeps unknown submissions frozen, and fences a locked session
  ---
  duration_ms: 1022.452022
  type: 'test'
  ...
# Subtest: native editor keeps one publication after a lost response and process restart; private version recovery preserves readers
ok 411 - native editor keeps one publication after a lost response and process restart; private version recovery preserves readers
  ---
  duration_ms: 1384.602673
  type: 'test'
  ...
# Subtest: native editor rejects stale and changed review bases, and can close a consumed competing attempt without claiming cancellation
ok 412 - native editor rejects stale and changed review bases, and can close a consumed competing attempt without claiming cancellation
  ---
  duration_ms: 2108.105369
  type: 'test'
  ...
# Subtest: native editor never sends before durable draft acknowledgement, keeps unknown submissions frozen, and fences a locked session
ok 413 - native editor never sends before durable draft acknowledgement, keeps unknown submissions frozen, and fences a locked session
  ---
  duration_ms: 720.207219
  type: 'test'
  ...
# Subtest: node editor can close an unadmitted request after a late fork changes only its base
ok 414 - node editor can close an unadmitted request after a late fork changes only its base
  ---
  duration_ms: 1850.50585
  type: 'test'
  ...
# Subtest: native editor can close an unadmitted request after a late fork changes only its base
ok 415 - native editor can close an unadmitted request after a late fork changes only its base
  ---
  duration_ms: 1865.45426
  type: 'test'
  ...
# Subtest: node editor can resume an earlier authorized copy without replacing the current draft
ok 416 - node editor can resume an earlier authorized copy without replacing the current draft
  ---
  duration_ms: 6466.935236
  type: 'test'
  ...
# Subtest: native editor can resume an earlier authorized copy without replacing the current draft
ok 417 - native editor can resume an earlier authorized copy without replacing the current draft
  ---
  duration_ms: 3656.370675
  type: 'test'
  ...
# Subtest: receipt journals agree across Node/portable/Go on immutable intent, phases, expiry and source binding
ok 418 - receipt journals agree across Node/portable/Go on immutable intent, phases, expiry and source binding
  ---
  duration_ms: 598.620986
  type: 'test'
  ...
# Subtest: site sequence reservation is not publication; replay is stable and stale bases do not mutate state
ok 419 - site sequence reservation is not publication; replay is stable and stale bases do not mutate state
  ---
  duration_ms: 21.639751
  type: 'test'
  ...
# Subtest: a newer signed observation supersedes an unfinished publication and cannot roll back to older headers
ok 420 - a newer signed observation supersedes an unfinished publication and cannot roll back to older headers
  ---
  duration_ms: 10.757944
  type: 'test'
  ...
# Subtest: retired site operation sequences cannot be replayed as new writes
ok 421 - retired site operation sequences cannot be replayed as new writes
  ---
  duration_ms: 651.836684
  type: 'test'
  ...
# Subtest: a full site history can advance while the latest known header is retained without payloads
ok 422 - a full site history can advance while the latest known header is retained without payloads
  ---
  duration_ms: 673.202833
  type: 'test'
  ...
# Subtest: registry shape and single pending operation limits reject malformed state without invoking getters
ok 423 - registry shape and single pending operation limits reject malformed state without invoking getters
  ---
  duration_ms: 5.566354
  type: 'test'
  ...
# Subtest: equal-sequence signed concurrency changes the base before durable authorization
ok 424 - equal-sequence signed concurrency changes the base before durable authorization
  ---
  duration_ms: 5.069252
  type: 'test'
  ...
# Subtest: committed publication recovery is irreversible and never rolls back a newer signed head
ok 425 - committed publication recovery is irreversible and never rolls back a newer signed head
  ---
  duration_ms: 11.923319
  type: 'test'
  ...
# Subtest: cryptographic memoization is confined to one transition and cannot hide subsequent mutations
ok 426 - cryptographic memoization is confined to one transition and cannot hide subsequent mutations
  ---
  duration_ms: 127.222438
  type: 'test'
  ...
# (node:329147) ExperimentalWarning: SQLite is an experimental feature and might change at any time
# (Use `node --trace-warnings ...` to show where the warning was created)
# Subtest: logical site publication replays the same public or private result before and after staging retirement
ok 427 - logical site publication replays the same public or private result before and after staging retirement
  ---
  duration_ms: 264.496196
  type: 'test'
  ...
# Subtest: request fingerprints bind exact reading cards, base, lifetime and document consistently across crypto runtimes
ok 428 - request fingerprints bind exact reading cards, base, lifetime and document consistently across crypto runtimes
  ---
  duration_ms: 29.556963
  type: 'test'
  ...
# (node:329156) ExperimentalWarning: SQLite is an experimental feature and might change at any time
# (Use `node --trace-warnings ...` to show where the warning was created)
# Subtest: resource preparation is encrypted, survives reopen and returns the same reference after a lost response
ok 429 - resource preparation is encrypted, survives reopen and returns the same reference after a lost response
  ---
  duration_ms: 104.373961
  type: 'test'
  ...
# Subtest: resource quota failure rolls back counter and signatures, even when caught by an outer caller
ok 430 - resource quota failure rolls back counter and signatures, even when caught by an outer caller
  ---
  duration_ms: 93.25032
  type: 'test'
  ...
# Subtest: a different copy cannot finish an operation or consume its pending signature
ok 431 - a different copy cannot finish an operation or consume its pending signature
  ---
  duration_ms: 39.696959
  type: 'test'
  ...
# Subtest: expired preparation authenticates before disposal and never silently recreates the requested resource
ok 432 - expired preparation authenticates before disposal and never silently recreates the requested resource
  ---
  duration_ms: 1153.418738
  type: 'test'
  ...
# Subtest: a missing stage is corruption and is never interpreted as a fresh catalogue
ok 433 - a missing stage is corruption and is never interpreted as a fresh catalogue
  ---
  duration_ms: 52.791112
  type: 'test'
  ...
# Subtest: real process exit before-commit cannot duplicate or lose the resource creation identity
ok 434 - real process exit before-commit cannot duplicate or lose the resource creation identity
  ---
  duration_ms: 255.680622
  type: 'test'
  ...
# Subtest: real process exit after-commit cannot duplicate or lose the resource creation identity
ok 435 - real process exit after-commit cannot duplicate or lose the resource creation identity
  ---
  duration_ms: 266.19982
  type: 'test'
  ...
# Subtest: real process exit after-copy cannot duplicate or lose the resource creation identity
ok 436 - real process exit after-copy cannot duplicate or lose the resource creation identity
  ---
  duration_ms: 264.604159
  type: 'test'
  ...
# Subtest: real process exit after-ready cannot duplicate or lose the resource creation identity
ok 437 - real process exit after-ready cannot duplicate or lose the resource creation identity
  ---
  duration_ms: 255.397211
  type: 'test'
  ...
# Subtest: v3 accepts bounded optional references and duplicates a page without transferring resource authorship
ok 438 - v3 accepts bounded optional references and duplicates a page without transferring resource authorship
  ---
  duration_ms: 8.430893
  type: 'test'
  ...
# Subtest: Node and Go agree on v3 reference vectors, legacy compatibility and exact resource limits
ok 439 - Node and Go agree on v3 reference vectors, legacy compatibility and exact resource limits
  ---
  duration_ms: 420.500303
  type: 'test'
  ...
# Subtest: reference descriptors reject getters without executing them
ok 440 - reference descriptors reject getters without executing them
  ---
  duration_ms: 0.441157
  type: 'test'
  ...
# Subtest: resource insertion preserves the original filename while bounding a Unicode heading
ok 441 - resource insertion preserves the original filename while bounding a Unicode heading
  ---
  duration_ms: 0.353092
  type: 'test'
  ...
# Subtest: automatic resource checks bound concurrency and retain each authenticated target
ok 442 - automatic resource checks bound concurrency and retain each authenticated target
  ---
  duration_ms: 5.596059
  type: 'test'
  ...
# Subtest: aborting an active view cannot release its real request slot early
ok 443 - aborting an active view cannot release its real request slot early
  ---
  duration_ms: 1.17369
  type: 'test'
  ...
# Subtest: queued cancellation never reaches the runtime and a failed request advances the queue
ok 444 - queued cancellation never reaches the runtime and a failed request advances the queue
  ---
  duration_ms: 0.851216
  type: 'test'
  ...
# Subtest: queue exhaustion preserves admitted checks and already-aborted work never starts
ok 445 - queue exhaustion preserves admitted checks and already-aborted work never starts
  ---
  duration_ms: 1.272244
  type: 'test'
  ...
# Subtest: identical reference checks coalesce only in flight and return independent result objects
ok 446 - identical reference checks coalesce only in flight and return independent result objects
  ---
  duration_ms: 1.092979
  type: 'test'
  ...
# Subtest: reference coalescing separates snapshots, pages and descriptor changes
ok 447 - reference coalescing separates snapshots, pages and descriptor changes
  ---
  duration_ms: 2.412663
  type: 'test'
  ...
# Subtest: one cancelled consumer does not cancel its live sibling; abandoned views cannot be revived
ok 448 - one cancelled consumer does not cancel its live sibling; abandoned views cannot be revived
  ---
  duration_ms: 1.678747
  type: 'test'
  ...
# Subtest: shared-request failures reject every caller and do not become cached success
ok 449 - shared-request failures reject every caller and do not become cached success
  ---
  duration_ms: 1.004583
  type: 'test'
  ...
# Subtest: coalesced observers remain bounded even when they share one runtime request
ok 450 - coalesced observers remain bounded even when they share one runtime request
  ---
  duration_ms: 1.052112
  type: 'test'
  ...
# Subtest: TypeScript and a real Go process agree on resource identity, canonical hashes, boundaries and reading scope
ok 451 - TypeScript and a real Go process agree on resource identity, canonical hashes, boundaries and reading scope
  ---
  duration_ms: 1124.598096
  type: 'test'
  ...
# Subtest: Node and Go agree on creation fingerprints, exact outcomes, retirement and malformed records
ok 452 - Node and Go agree on creation fingerprints, exact outcomes, retirement and malformed records
  ---
  duration_ms: 1359.134896
  type: 'test'
  ...
# Subtest: resource creation retries retain one signed identity and reject UUID reuse with a different request
ok 453 - resource creation retries retain one signed identity and reject UUID reuse with a different request
  ---
  duration_ms: 6.792081
  type: 'test'
  ...
# Subtest: a pending copy holds the slot; only its exact ciphertext may complete it
ok 454 - a pending copy holds the slot; only its exact ciphertext may complete it
  ---
  duration_ms: 4.05478
  type: 'test'
  ...
# Subtest: expired pending work remains a terminal outcome instead of silently signing a replacement
ok 455 - expired pending work remains a terminal outcome instead of silently signing a replacement
  ---
  duration_ms: 3.608635
  type: 'test'
  ...
# Subtest: retirement is bounded by committed sequence and cannot turn an old uncertain retry into new work
ok 456 - retirement is bounded by committed sequence and cannot turn an old uncertain retry into new work
  ---
  duration_ms: 770.338115
  type: 'test'
  ...
# Subtest: staging cannot change creator, size, scope or lifespan; private reader scope must include the owner
ok 457 - staging cannot change creator, size, scope or lifespan; private reader scope must include the owner
  ---
  duration_ms: 1.492738
  type: 'test'
  ...
# Subtest: untrusted local record and request getters are refused without execution
ok 458 - untrusted local record and request getters are refused without execution
  ---
  duration_ms: 0.248196
  type: 'test'
  ...
# (node:329814) ExperimentalWarning: SQLite is an experimental feature and might change at any time
# (Use `node --trace-warnings ...` to show where the warning was created)
# Subtest: resource UI controller recovers a lost committed reply without creating another signature
ok 459 - resource UI controller recovers a lost committed reply without creating another signature
  ---
  duration_ms: 241.305246
  type: 'test'
  ...
# Subtest: resource UI retries an unconfirmed request only on explicit action and with the same UUID and payload
ok 460 - resource UI retries an unconfirmed request only on explicit action and with the same UUID and payload
  ---
  duration_ms: 218.874161
  type: 'test'
  ...
# Subtest: closing a resource UI session fences an in-flight result while the durable library remains recoverable
ok 461 - closing a resource UI session fences an in-flight result while the durable library remains recoverable
  ---
  duration_ms: 212.979553
  type: 'test'
  ...
# Subtest: resource library walks real history beyond the operation journal and retains third-party creators
ok 462 - resource library walks real history beyond the operation journal and retains third-party creators
  ---
  duration_ms: 2534.298172
  type: 'test'
  ...
# Subtest: resource sizes never round a nonempty small file down to zero
ok 463 - resource sizes never round a nonempty small file down to zero
  ---
  duration_ms: 16.668944
  type: 'test'
  ...
# Subtest: a table descriptor pins its complete canonical payload and returns owned data
ok 464 - a table descriptor pins its complete canonical payload and returns owned data
  ---
  duration_ms: 9.162073
  type: 'test'
  ...
# Subtest: verification of real encrypted envelopes precedes descriptor matching; a reader's valid signature cannot replace the referenced author
ok 465 - verification of real encrypted envelopes precedes descriptor matching; a reader's valid signature cannot replace the referenced author
  ---
  duration_ms: 12.717027
  type: 'test'
  ...
# Subtest: files have canonical base64, exact decoded boundaries and no executable rendering type
ok 466 - files have canonical base64, exact decoded boundaries and no executable rendering type
  ---
  duration_ms: 56.361385
  type: 'test'
  ...
# Subtest: a private resource never becomes public by reference and reader sets cannot silently expand
ok 467 - a private resource never becomes public by reference and reader sets cannot silently expand
  ---
  duration_ms: 0.668132
  type: 'test'
  ...
# Subtest: descriptor and nested data getters are refused without access, including reader arrays
ok 468 - descriptor and nested data getters are refused without access, including reader arrays
  ---
  duration_ms: 0.737172
  type: 'test'
  ...
# Subtest: site addresses are stable under display/read-card changes and reject ambiguous input
ok 469 - site addresses are stable under display/read-card changes and reject ambiguous input
  ---
  duration_ms: 35.64811
  type: 'test'
  ...
# Subtest: node signed snapshots bind the exact content and retain ownership when another reader can decrypt
ok 470 - node signed snapshots bind the exact content and retain ownership when another reader can decrypt
  ---
  duration_ms: 9.088175
  type: 'test'
  ...
# Subtest: node orders revisions by signed sequence, reports forks and does not let replay replace a known head
ok 471 - node orders revisions by signed sequence, reports forks and does not let replay replace a known head
  ---
  duration_ms: 13.699459
  type: 'test'
  ...
# Subtest: node rejects malformed certificates without invoking getters and enforces finite history/signature bounds
ok 472 - node rejects malformed certificates without invoking getters and enforces finite history/signature bounds
  ---
  duration_ms: 19.047172
  type: 'test'
  ...
# Subtest: portable signed snapshots bind the exact content and retain ownership when another reader can decrypt
ok 473 - portable signed snapshots bind the exact content and retain ownership when another reader can decrypt
  ---
  duration_ms: 71.736243
  type: 'test'
  ...
# Subtest: portable orders revisions by signed sequence, reports forks and does not let replay replace a known head
ok 474 - portable orders revisions by signed sequence, reports forks and does not let replay replace a known head
  ---
  duration_ms: 96.482748
  type: 'test'
  ...
# Subtest: portable rejects malformed certificates without invoking getters and enforces finite history/signature bounds
ok 475 - portable rejects malformed certificates without invoking getters and enforces finite history/signature bounds
  ---
  duration_ms: 42.383304
  type: 'test'
  ...
# Subtest: Node and portable crypto produce identical snapshot bytes/signatures and verify each other
ok 476 - Node and portable crypto produce identical snapshot bytes/signatures and verify each other
  ---
  duration_ms: 13.045342
  type: 'test'
  ...
# (node:329990) ExperimentalWarning: SQLite is an experimental feature and might change at any time
# (Use `node --trace-warnings ...` to show where the warning was created)
# Subtest: large valid cache produces bounded pages and exact authorized attachments on demand
ok 477 - large valid cache produces bounded pages and exact authorized attachments on demand
  ---
  duration_ms: 5318.298321
  type: 'test'
  ...
# Subtest: received author deletion persists before evicting its original, and denied attachments stay unavailable
ok 478 - received author deletion persists before evicting its original, and denied attachments stay unavailable
  ---
  duration_ms: 245.205367
  type: 'test'
  ...
# Subtest: request tracking is bounded even when transport rejects every broadcast
ok 479 - request tracking is bounded even when transport rejects every broadcast
  ---
  duration_ms: 190.979114
  type: 'test'
  ...
# Subtest: unknown post extension data does not crash or inflate summaries
ok 480 - unknown post extension data does not crash or inflate summaries
  ---
  duration_ms: 324.209855
  type: 'test'
  ...
# Subtest: summary reuse remains bound to verified disk bytes and unlocked identity
ok 481 - summary reuse remains bound to verified disk bytes and unlocked identity
  ---
  duration_ms: 174.174035
  type: 'test'
  ...
# Subtest: collections and following integrate with encrypted persistence and hashed peer retrieval respects read ACL
ok 482 - collections and following integrate with encrypted persistence and hashed peer retrieval respects read ACL
  ---
  duration_ms: 2010.004157
  type: 'test'
  ...
# Subtest: collection create, rename, add, remove and delete are immutable local transitions
ok 483 - collection create, rename, add, remove and delete are immutable local transitions
  ---
  duration_ms: 2.134952
  type: 'test'
  ...
# Subtest: collection identity, title and timestamp rules reject ambiguous metadata
ok 484 - collection identity, title and timestamp rules reject ambiguous metadata
  ---
  duration_ms: 1.861319
  type: 'test'
  ...
# Subtest: prototype, accessor, unknown field and sparse-array inputs fail without executing metadata
ok 485 - prototype, accessor, unknown field and sparse-array inputs fail without executing metadata
  ---
  duration_ms: 0.520556
  type: 'test'
  ...
# Subtest: collection ownership cannot be transferred by a command or mixed across identity vaults
ok 486 - collection ownership cannot be transferred by a command or mixed across identity vaults
  ---
  duration_ms: 0.39503
  type: 'test'
  ...
# Subtest: collection and membership quotas reject atomically while allowing idempotent operations
ok 487 - collection and membership quotas reject atomically while allowing idempotent operations
  ---
  duration_ms: 6.73787
  type: 'test'
  ...
# Subtest: recovered collections reject duplicate identifiers, titles, members and excessive total memberships
ok 488 - recovered collections reject duplicate identifiers, titles, members and excessive total memberships
  ---
  duration_ms: 3.223452
  type: 'test'
  ...
# Subtest: content references remain canonical hashes and convey neither reader access nor authorship
ok 489 - content references remain canonical hashes and convey neither reader access nor authorship
  ---
  duration_ms: 9.844713
  type: 'test'
  ...
# Subtest: followed feed selects posts and alerts from followed authors without changing caller order or access
ok 490 - followed feed selects posts and alerts from followed authors without changing caller order or access
  ---
  duration_ms: 0.481192
  type: 'test'
  ...
# Subtest: authenticated historical decoding does not make expired content admissible or decryptable by another identity
ok 491 - authenticated historical decoding does not make expired content admissible or decryptable by another identity
  ---
  duration_ms: 24.009303
  type: 'test'
  ...
# Subtest: historical time extraction rejects accessors without invoking them
ok 492 - historical time extraction rejects accessors without invoking them
  ---
  duration_ms: 1.129647
  type: 'test'
  ...
# Subtest: new small-message arrivals cannot repeatedly take the bulk fairness turn
ok 493 - new small-message arrivals cannot repeatedly take the bulk fairness turn
  ---
  duration_ms: 22.059228
  type: 'test'
  ...
# Subtest: packet-ID cancellation preserves an independent equal payload and a foreign-origin packet
ok 494 - packet-ID cancellation preserves an independent equal payload and a foreign-origin packet
  ---
  duration_ms: 697.784629
  type: 'test'
  ...
# Subtest: absolute local authorization deadline is bound into the Node packet ID
ok 495 - absolute local authorization deadline is bound into the Node packet ID
  ---
  duration_ms: 1.274789
  type: 'test'
  ...
# Subtest: local cancellation removes an actual queued TCP transfer and its reconnect copy
ok 496 - local cancellation removes an actual queued TCP transfer and its reconnect copy
  ---
  duration_ms: 664.188456
  type: 'test'
  ...
# Subtest: local cancellation negative control delivers an actual queued TCP transfer and its reconnect copy
ok 497 - local cancellation negative control delivers an actual queued TCP transfer and its reconnect copy
  ---
  duration_ms: 665.553695
  type: 'test'
  ...
# Subtest: local cancellation leaves another origin's retained relay packet intact
ok 498 - local cancellation leaves another origin's retained relay packet intact
  ---
  duration_ms: 485.953881
  type: 'test'
  ...
# Subtest: TCP parser handles split/coalesced frames, rejects tamper and replays only once
ok 499 - TCP parser handles split/coalesced frames, rejects tamper and replays only once
  ---
  duration_ms: 94.474405
  type: 'test'
  ...
# Subtest: non-reading TCP duplicate flood coalesces and bounds control output
ok 500 - non-reading TCP duplicate flood coalesces and bounds control output
  ---
  duration_ms: 58.014564
  type: 'test'
  ...
# Subtest: TCP malformed frame and unfinished-line floods disconnect and release state
ok 501 - TCP malformed frame and unfinished-line floods disconnect and release state
  ---
  duration_ms: 22.56146
  type: 'test'
  ...
# Subtest: distinct TCP packets cannot grow the ACK queue or exceed its output rate
ok 502 - distinct TCP packets cannot grow the ACK queue or exceed its output rate
  ---
  duration_ms: 157.183347
  type: 'test'
  ...
# Subtest: TCP incomplete assemblies have count and aggregate memory bounds
ok 503 - TCP incomplete assemblies have count and aggregate memory bounds
  ---
  duration_ms: 2265.894282
  type: 'test'
  ...
# Subtest: expired packets, invalid TTLs and exhausted hop limits never relay
ok 504 - expired packets, invalid TTLs and exhausted hop limits never relay
  ---
  duration_ms: 133.674101
  type: 'test'
  ...
# Subtest: queued expiry and stopped sockets release bounded output under backpressure
ok 505 - queued expiry and stopped sockets release bounded output under backpressure
  ---
  duration_ms: 427.634215
  type: 'test'
  ...
# Subtest: partial TCP loss retries exact bytes and missing ACK retries without duplicate delivery
ok 506 - partial TCP loss retries exact bytes and missing ACK retries without duplicate delivery
  ---
  duration_ms: 4410.676569
  type: 'test'
  ...
# Subtest: TCP reconnect delivers a partial transfer and packets created during the partition
ok 507 - TCP reconnect delivers a partial transfer and packets created during the partition
  ---
  duration_ms: 1087.091323
  type: 'test'
  ...
# Subtest: turning relay off cancels queued forwarded fragments and keeps local SOS available
ok 508 - turning relay off cancels queued forwarded fragments and keeps local SOS available
  ---
  duration_ms: 125.1593
  type: 'test'
  ...
# Subtest: relay pause cancels queued local seeding and prevents retained offline replay
ok 509 - relay pause cancels queued local seeding and prevents retained offline replay
  ---
  duration_ms: 135.63128
  type: 'test'
  ...
# Subtest: real TCP fragments preempt bulk for SOS while preserving bulk fairness
ok 510 - real TCP fragments preempt bulk for SOS while preserving bulk fairness
  ---
  duration_ms: 84.979276
  type: 'test'
  ...
# Subtest: many in-progress SOS transfers leave admission capacity for bulk fairness
ok 511 - many in-progress SOS transfers leave admission capacity for bulk fairness
  ---
  duration_ms: 53.38194
  type: 'test'
  ...
# Subtest: real serialport PTY fragments preempt bulk for SOS with the same fairness
ok 512 - real serialport PTY fragments preempt bulk for SOS with the same fairness
  ---
  duration_ms: 154.369653
  type: 'test'
  ...
# Subtest: POSIX poller regression: read rearm must preserve an outstanding write watch
ok 513 - POSIX poller regression: read rearm must preserve an outstanding write watch
  ---
  duration_ms: 0.948839
  type: 'test'
  ...
# Subtest: serial write deadline covers one frame at configured baud while bounding a stalled writer
ok 514 - serial write deadline covers one frame at configured baud while bounding a stalled writer
  ---
  duration_ms: 0.160681
  type: 'test'
  ...
# Subtest: real serial PTY recovers an injected stuck write through bounded reconnect and exact replay
ok 515 - real serial PTY recovers an injected stuck write through bounded reconnect and exact replay
  ---
  duration_ms: 6166.480879
  type: 'test'
  ...
# Subtest: real TCP transfer, two-hop forwarding and relay-off negative control
ok 516 - real TCP transfer, two-hop forwarding and relay-off negative control
  ---
  duration_ms: 913.891444
  type: 'test'
  ...
# Subtest: validation rejection prevents display and relay; positive valid control
ok 517 - validation rejection prevents display and relay; positive valid control
  ---
  duration_ms: 534.113141
  type: 'test'
  ...
# Subtest: interface preference schema rejects unrelated authority fields and does not invoke getters
ok 518 - interface preference schema rejects unrelated authority fields and does not invoke getters
  ---
  duration_ms: 1.065897
  type: 'test'
  ...
# Subtest: bounded preference file preserves prior values on invalid patches or corrupted storage
ok 519 - bounded preference file preserves prior values on invalid patches or corrupted storage
  ---
  duration_ms: 19.057622
  type: 'test'
  ...
# Subtest: preferences do not read through a symbolic link
ok 520 - preferences do not read through a symbolic link
  ---
  duration_ms: 0.589295
  type: 'test'
  ...
# Subtest: Node web-peer API separates keys, relay consent and control authority, and enforces explicit revocation
ok 521 - Node web-peer API separates keys, relay consent and control authority, and enforces explicit revocation
  ---
  duration_ms: 619.778434
  type: 'test'
  ...
# Subtest: websocket invitations require exact origin/capability, preserve eight slots, and carry no control API
ok 522 - websocket invitations require exact origin/capability, preserve eight slots, and carry no control API
  ---
  duration_ms: 52.781124
  type: 'test'
  ...
# Subtest: websocket expiry closes active connections and non-loopback cleartext listeners are refused
ok 523 - websocket expiry closes active connections and non-loopback cleartext listeners are refused
  ---
  duration_ms: 1005.299411
  type: 'test'
  ...
1..523
# tests 526
# suites 0
# pass 526
# fail 0
# cancelled 0
# skipped 0
# todo 0
# duration_ms 496032.160978
