{"Time":"2026-09-14T07:26:07.669881903+01:00","Action":"start","Package":"github.com/JohnnyPBelo/relayloom/native/core"}
{"Time":"2026-09-14T07:26:07.677745416+01:00","Action":"run","Package":"github.com/JohnnyPBelo/relayloom/native/core","Test":"TestCanonicalJavaScriptVectors"}
{"Time":"2026-09-14T07:26:07.677778438+01:00","Action":"output","Package":"github.com/JohnnyPBelo/relayloom/native/core","Test":"TestCanonicalJavaScriptVectors","Output":"=== RUN   TestCanonicalJavaScriptVectors\n"}
{"Time":"2026-09-14T07:26:07.677922338+01:00","Action":"output","Package":"github.com/JohnnyPBelo/relayloom/native/core","Test":"TestCanonicalJavaScriptVectors","Output":"--- PASS: TestCanonicalJavaScriptVectors (0.00s)\n"}
{"Time":"2026-09-14T07:26:07.677936324+01:00","Action":"pass","Package":"github.com/JohnnyPBelo/relayloom/native/core","Test":"TestCanonicalJavaScriptVectors","Elapsed":0}
{"Time":"2026-09-14T07:26:07.677950361+01:00","Action":"run","Package":"github.com/JohnnyPBelo/relayloom/native/core","Test":"TestParserBoundsAndMalformedData"}
{"Time":"2026-09-14T07:26:07.677954138+01:00","Action":"output","Package":"github.com/JohnnyPBelo/relayloom/native/core","Test":"TestParserBoundsAndMalformedData","Output":"=== RUN   TestParserBoundsAndMalformedData\n"}
{"Time":"2026-09-14T07:26:07.678037735+01:00","Action":"output","Package":"github.com/JohnnyPBelo/relayloom/native/core","Test":"TestParserBoundsAndMalformedData","Output":"--- PASS: TestParserBoundsAndMalformedData (0.00s)\n"}
{"Time":"2026-09-14T07:26:07.678049657+01:00","Action":"pass","Package":"github.com/JohnnyPBelo/relayloom/native/core","Test":"TestParserBoundsAndMalformedData","Elapsed":0}
{"Time":"2026-09-14T07:26:07.678060728+01:00","Action":"run","Package":"github.com/JohnnyPBelo/relayloom/native/core","Test":"TestIdentityAuthorityAndVaultRecovery"}
{"Time":"2026-09-14T07:26:07.678063162+01:00","Action":"output","Package":"github.com/JohnnyPBelo/relayloom/native/core","Test":"TestIdentityAuthorityAndVaultRecovery","Output":"=== RUN   TestIdentityAuthorityAndVaultRecovery\n"}
{"Time":"2026-09-14T07:26:07.688995399+01:00","Action":"start","Package":"github.com/JohnnyPBelo/relayloom/native/transport"}
{"Time":"2026-09-14T07:26:07.696191431+01:00","Action":"run","Package":"github.com/JohnnyPBelo/relayloom/native/transport","Test":"TestLocalCancellationRemovesQueuedTCPAndReconnectCopy"}
{"Time":"2026-09-14T07:26:07.696226888+01:00","Action":"output","Package":"github.com/JohnnyPBelo/relayloom/native/transport","Test":"TestLocalCancellationRemovesQueuedTCPAndReconnectCopy","Output":"=== RUN   TestLocalCancellationRemovesQueuedTCPAndReconnectCopy\n"}
{"Time":"2026-09-14T07:26:07.696258918+01:00","Action":"run","Package":"github.com/JohnnyPBelo/relayloom/native/transport","Test":"TestLocalCancellationRemovesQueuedTCPAndReconnectCopy/cancel"}
{"Time":"2026-09-14T07:26:07.696262615+01:00","Action":"output","Package":"github.com/JohnnyPBelo/relayloom/native/transport","Test":"TestLocalCancellationRemovesQueuedTCPAndReconnectCopy/cancel","Output":"=== RUN   TestLocalCancellationRemovesQueuedTCPAndReconnectCopy/cancel\n"}
{"Time":"2026-09-14T07:26:09.247057894+01:00","Action":"output","Package":"github.com/JohnnyPBelo/relayloom/native/core","Test":"TestIdentityAuthorityAndVaultRecovery","Output":"--- PASS: TestIdentityAuthorityAndVaultRecovery (1.57s)\n"}
{"Time":"2026-09-14T07:26:09.247098039+01:00","Action":"pass","Package":"github.com/JohnnyPBelo/relayloom/native/core","Test":"TestIdentityAuthorityAndVaultRecovery","Elapsed":1.57}
{"Time":"2026-09-14T07:26:09.247107828+01:00","Action":"run","Package":"github.com/JohnnyPBelo/relayloom/native/core","Test":"TestBundleReaderDoesNotBecomeAuthor"}
{"Time":"2026-09-14T07:26:09.247111194+01:00","Action":"output","Package":"github.com/JohnnyPBelo/relayloom/native/core","Test":"TestBundleReaderDoesNotBecomeAuthor","Output":"=== RUN   TestBundleReaderDoesNotBecomeAuthor\n"}
{"Time":"2026-09-14T07:26:09.26743004+01:00","Action":"output","Package":"github.com/JohnnyPBelo/relayloom/native/core","Test":"TestBundleReaderDoesNotBecomeAuthor","Output":"--- PASS: TestBundleReaderDoesNotBecomeAuthor (0.02s)\n"}
{"Time":"2026-09-14T07:26:09.267443365+01:00","Action":"pass","Package":"github.com/JohnnyPBelo/relayloom/native/core","Test":"TestBundleReaderDoesNotBecomeAuthor","Elapsed":0.02}
{"Time":"2026-09-14T07:26:09.267449156+01:00","Action":"run","Package":"github.com/JohnnyPBelo/relayloom/native/core","Test":"TestManifestBoundsExpiryAndKeySeparation"}
{"Time":"2026-09-14T07:26:09.267451901+01:00","Action":"output","Package":"github.com/JohnnyPBelo/relayloom/native/core","Test":"TestManifestBoundsExpiryAndKeySeparation","Output":"=== RUN   TestManifestBoundsExpiryAndKeySeparation\n"}
{"Time":"2026-09-14T07:26:09.327958726+01:00","Action":"output","Package":"github.com/JohnnyPBelo/relayloom/native/transport","Test":"TestLocalCancellationRemovesQueuedTCPAndReconnectCopy/cancel","Output":"--- PASS: TestLocalCancellationRemovesQueuedTCPAndReconnectCopy/cancel (1.63s)\n"}
{"Time":"2026-09-14T07:26:09.327983122+01:00","Action":"pass","Package":"github.com/JohnnyPBelo/relayloom/native/transport","Test":"TestLocalCancellationRemovesQueuedTCPAndReconnectCopy/cancel","Elapsed":1.63}
{"Time":"2026-09-14T07:26:09.327996838+01:00","Action":"run","Package":"github.com/JohnnyPBelo/relayloom/native/transport","Test":"TestLocalCancellationRemovesQueuedTCPAndReconnectCopy/negative-control-delivers"}
{"Time":"2026-09-14T07:26:09.327999503+01:00","Action":"output","Package":"github.com/JohnnyPBelo/relayloom/native/transport","Test":"TestLocalCancellationRemovesQueuedTCPAndReconnectCopy/negative-control-delivers","Output":"=== RUN   TestLocalCancellationRemovesQueuedTCPAndReconnectCopy/negative-control-delivers\n"}
{"Time":"2026-09-14T07:26:09.686522463+01:00","Action":"output","Package":"github.com/JohnnyPBelo/relayloom/native/core","Test":"TestManifestBoundsExpiryAndKeySeparation","Output":"--- PASS: TestManifestBoundsExpiryAndKeySeparation (0.42s)\n"}
{"Time":"2026-09-14T07:26:09.686563079+01:00","Action":"pass","Package":"github.com/JohnnyPBelo/relayloom/native/core","Test":"TestManifestBoundsExpiryAndKeySeparation","Elapsed":0.42}
{"Time":"2026-09-14T07:26:09.686574961+01:00","Action":"run","Package":"github.com/JohnnyPBelo/relayloom/native/core","Test":"TestStoreRestartDedupCountPinsAndDiskVerification"}
{"Time":"2026-09-14T07:26:09.686578438+01:00","Action":"output","Package":"github.com/JohnnyPBelo/relayloom/native/core","Test":"TestStoreRestartDedupCountPinsAndDiskVerification","Output":"=== RUN   TestStoreRestartDedupCountPinsAndDiskVerification\n"}
{"Time":"2026-09-14T07:26:10.007824918+01:00","Action":"output","Package":"github.com/JohnnyPBelo/relayloom/native/core","Test":"TestStoreRestartDedupCountPinsAndDiskVerification","Output":"--- PASS: TestStoreRestartDedupCountPinsAndDiskVerification (0.32s)\n"}
{"Time":"2026-09-14T07:26:10.007862939+01:00","Action":"pass","Package":"github.com/JohnnyPBelo/relayloom/native/core","Test":"TestStoreRestartDedupCountPinsAndDiskVerification","Elapsed":0.32}
{"Time":"2026-09-14T07:26:10.007878949+01:00","Action":"run","Package":"github.com/JohnnyPBelo/relayloom/native/core","Test":"TestStoreMetadataReadDoesNotTouchLRU"}
{"Time":"2026-09-14T07:26:10.007881934+01:00","Action":"output","Package":"github.com/JohnnyPBelo/relayloom/native/core","Test":"TestStoreMetadataReadDoesNotTouchLRU","Output":"=== RUN   TestStoreMetadataReadDoesNotTouchLRU\n"}
{"Time":"2026-09-14T07:26:10.076910137+01:00","Action":"output","Package":"github.com/JohnnyPBelo/relayloom/native/core","Test":"TestStoreMetadataReadDoesNotTouchLRU","Output":"--- PASS: TestStoreMetadataReadDoesNotTouchLRU (0.07s)\n"}
{"Time":"2026-09-14T07:26:10.076938269+01:00","Action":"pass","Package":"github.com/JohnnyPBelo/relayloom/native/core","Test":"TestStoreMetadataReadDoesNotTouchLRU","Elapsed":0.07}
{"Time":"2026-09-14T07:26:10.076947697+01:00","Action":"run","Package":"github.com/JohnnyPBelo/relayloom/native/core","Test":"TestQuotaRejectionPreservesObjectsAndMalformedIndexFailsSafely"}
{"Time":"2026-09-14T07:26:10.076950162+01:00","Action":"output","Package":"github.com/JohnnyPBelo/relayloom/native/core","Test":"TestQuotaRejectionPreservesObjectsAndMalformedIndexFailsSafely","Output":"=== RUN   TestQuotaRejectionPreservesObjectsAndMalformedIndexFailsSafely\n"}
{"Time":"2026-09-14T07:26:11.025133014+01:00","Action":"output","Package":"github.com/JohnnyPBelo/relayloom/native/transport","Test":"TestLocalCancellationRemovesQueuedTCPAndReconnectCopy/negative-control-delivers","Output":"--- PASS: TestLocalCancellationRemovesQueuedTCPAndReconnectCopy/negative-control-delivers (1.70s)\n"}
{"Time":"2026-09-14T07:26:11.025168571+01:00","Action":"pass","Package":"github.com/JohnnyPBelo/relayloom/native/transport","Test":"TestLocalCancellationRemovesQueuedTCPAndReconnectCopy/negative-control-delivers","Elapsed":1.7}
{"Time":"2026-09-14T07:26:11.025179421+01:00","Action":"output","Package":"github.com/JohnnyPBelo/relayloom/native/transport","Test":"TestLocalCancellationRemovesQueuedTCPAndReconnectCopy","Output":"--- PASS: TestLocalCancellationRemovesQueuedTCPAndReconnectCopy (3.33s)\n"}
{"Time":"2026-09-14T07:26:11.025183098+01:00","Action":"pass","Package":"github.com/JohnnyPBelo/relayloom/native/transport","Test":"TestLocalCancellationRemovesQueuedTCPAndReconnectCopy","Elapsed":3.33}
{"Time":"2026-09-14T07:26:11.025201723+01:00","Action":"run","Package":"github.com/JohnnyPBelo/relayloom/native/transport","Test":"TestLocalCancellationPreservesForeignOriginRelay"}
{"Time":"2026-09-14T07:26:11.025204298+01:00","Action":"output","Package":"github.com/JohnnyPBelo/relayloom/native/transport","Test":"TestLocalCancellationPreservesForeignOriginRelay","Output":"=== RUN   TestLocalCancellationPreservesForeignOriginRelay\n"}
{"Time":"2026-09-14T07:26:11.037432234+01:00","Action":"output","Package":"github.com/JohnnyPBelo/relayloom/native/transport","Test":"TestLocalCancellationPreservesForeignOriginRelay","Output":"--- PASS: TestLocalCancellationPreservesForeignOriginRelay (0.01s)\n"}
{"Time":"2026-09-14T07:26:11.037442754+01:00","Action":"pass","Package":"github.com/JohnnyPBelo/relayloom/native/transport","Test":"TestLocalCancellationPreservesForeignOriginRelay","Elapsed":0.01}
{"Time":"2026-09-14T07:26:11.037447954+01:00","Action":"run","Package":"github.com/JohnnyPBelo/relayloom/native/transport","Test":"TestNodeGoRealProcessTCPInteroperability"}
{"Time":"2026-09-14T07:26:11.037454386+01:00","Action":"output","Package":"github.com/JohnnyPBelo/relayloom/native/transport","Test":"TestNodeGoRealProcessTCPInteroperability","Output":"=== RUN   TestNodeGoRealProcessTCPInteroperability\n"}
{"Time":"2026-09-14T07:26:11.174664503+01:00","Action":"output","Package":"github.com/JohnnyPBelo/relayloom/native/core","Test":"TestQuotaRejectionPreservesObjectsAndMalformedIndexFailsSafely","Output":"--- PASS: TestQuotaRejectionPreservesObjectsAndMalformedIndexFailsSafely (1.10s)\n"}
{"Time":"2026-09-14T07:26:11.174712573+01:00","Action":"pass","Package":"github.com/JohnnyPBelo/relayloom/native/core","Test":"TestQuotaRejectionPreservesObjectsAndMalformedIndexFailsSafely","Elapsed":1.1}
{"Time":"2026-09-14T07:26:11.174727962+01:00","Action":"run","Package":"github.com/JohnnyPBelo/relayloom/native/core","Test":"TestPasswordUnpairedSurrogatesMatchNodeUTF8"}
{"Time":"2026-09-14T07:26:11.174735466+01:00","Action":"output","Package":"github.com/JohnnyPBelo/relayloom/native/core","Test":"TestPasswordUnpairedSurrogatesMatchNodeUTF8","Output":"=== RUN   TestPasswordUnpairedSurrogatesMatchNodeUTF8\n"}
{"Time":"2026-09-14T07:26:11.362390022+01:00","Action":"output","Package":"github.com/JohnnyPBelo/relayloom/native/transport","Test":"TestNodeGoRealProcessTCPInteroperability","Output":"--- PASS: TestNodeGoRealProcessTCPInteroperability (0.32s)\n"}
{"Time":"2026-09-14T07:26:11.36242614+01:00","Action":"pass","Package":"github.com/JohnnyPBelo/relayloom/native/transport","Test":"TestNodeGoRealProcessTCPInteroperability","Elapsed":0.32}
{"Time":"2026-09-14T07:26:11.362436309+01:00","Action":"run","Package":"github.com/JohnnyPBelo/relayloom/native/transport","Test":"TestRetainedReplayAfterSeenEvictionKeepsExactAccounting"}
{"Time":"2026-09-14T07:26:11.362439836+01:00","Action":"output","Package":"github.com/JohnnyPBelo/relayloom/native/transport","Test":"TestRetainedReplayAfterSeenEvictionKeepsExactAccounting","Output":"=== RUN   TestRetainedReplayAfterSeenEvictionKeepsExactAccounting\n"}
{"Time":"2026-09-14T07:26:12.19604273+01:00","Action":"output","Package":"github.com/JohnnyPBelo/relayloom/native/core","Test":"TestPasswordUnpairedSurrogatesMatchNodeUTF8","Output":"--- PASS: TestPasswordUnpairedSurrogatesMatchNodeUTF8 (1.02s)\n"}
{"Time":"2026-09-14T07:26:12.19608502+01:00","Action":"pass","Package":"github.com/JohnnyPBelo/relayloom/native/core","Test":"TestPasswordUnpairedSurrogatesMatchNodeUTF8","Elapsed":1.02}
{"Time":"2026-09-14T07:26:12.196098896+01:00","Action":"run","Package":"github.com/JohnnyPBelo/relayloom/native/core","Test":"TestStructuralParserBudget"}
{"Time":"2026-09-14T07:26:12.196103805+01:00","Action":"output","Package":"github.com/JohnnyPBelo/relayloom/native/core","Test":"TestStructuralParserBudget","Output":"=== RUN   TestStructuralParserBudget\n"}
{"Time":"2026-09-14T07:26:12.25483478+01:00","Action":"output","Package":"github.com/JohnnyPBelo/relayloom/native/core","Test":"TestStructuralParserBudget","Output":"--- PASS: TestStructuralParserBudget (0.06s)\n"}
{"Time":"2026-09-14T07:26:12.25487169+01:00","Action":"pass","Package":"github.com/JohnnyPBelo/relayloom/native/core","Test":"TestStructuralParserBudget","Elapsed":0.06}
{"Time":"2026-09-14T07:26:12.254884033+01:00","Action":"run","Package":"github.com/JohnnyPBelo/relayloom/native/core","Test":"TestStoredFingerprintChecksBytesDespiteRestoredTimestamp"}
{"Time":"2026-09-14T07:26:12.254888171+01:00","Action":"output","Package":"github.com/JohnnyPBelo/relayloom/native/core","Test":"TestStoredFingerprintChecksBytesDespiteRestoredTimestamp","Output":"=== RUN   TestStoredFingerprintChecksBytesDespiteRestoredTimestamp\n"}
{"Time":"2026-09-14T07:26:12.290086434+01:00","Action":"output","Package":"github.com/JohnnyPBelo/relayloom/native/core","Test":"TestStoredFingerprintChecksBytesDespiteRestoredTimestamp","Output":"--- PASS: TestStoredFingerprintChecksBytesDespiteRestoredTimestamp (0.04s)\n"}
{"Time":"2026-09-14T07:26:12.290108476+01:00","Action":"pass","Package":"github.com/JohnnyPBelo/relayloom/native/core","Test":"TestStoredFingerprintChecksBytesDespiteRestoredTimestamp","Elapsed":0.04}
{"Time":"2026-09-14T07:26:12.29011603+01:00","Action":"run","Package":"github.com/JohnnyPBelo/relayloom/native/core","Test":"TestReservationsSurviveRestartAndPressureWithoutChangingPins"}
{"Time":"2026-09-14T07:26:12.290120789+01:00","Action":"output","Package":"github.com/JohnnyPBelo/relayloom/native/core","Test":"TestReservationsSurviveRestartAndPressureWithoutChangingPins","Output":"=== RUN   TestReservationsSurviveRestartAndPressureWithoutChangingPins\n"}
{"Time":"2026-09-14T07:26:12.366815365+01:00","Action":"output","Package":"github.com/JohnnyPBelo/relayloom/native/transport","Test":"TestRetainedReplayAfterSeenEvictionKeepsExactAccounting","Output":"--- PASS: TestRetainedReplayAfterSeenEvictionKeepsExactAccounting (1.00s)\n"}
{"Time":"2026-09-14T07:26:12.366844189+01:00","Action":"pass","Package":"github.com/JohnnyPBelo/relayloom/native/transport","Test":"TestRetainedReplayAfterSeenEvictionKeepsExactAccounting","Elapsed":1}
{"Time":"2026-09-14T07:26:12.366852534+01:00","Action":"run","Package":"github.com/JohnnyPBelo/relayloom/native/transport","Test":"TestRetainedDuplicatePressurePreservesConsentAndExpiresToZero"}
{"Time":"2026-09-14T07:26:12.366857183+01:00","Action":"output","Package":"github.com/JohnnyPBelo/relayloom/native/transport","Test":"TestRetainedDuplicatePressurePreservesConsentAndExpiresToZero","Output":"=== RUN   TestRetainedDuplicatePressurePreservesConsentAndExpiresToZero\n"}
{"Time":"2026-09-14T07:26:12.383066093+01:00","Action":"output","Package":"github.com/JohnnyPBelo/relayloom/native/core","Test":"TestReservationsSurviveRestartAndPressureWithoutChangingPins","Output":"--- PASS: TestReservationsSurviveRestartAndPressureWithoutChangingPins (0.09s)\n"}
{"Time":"2026-09-14T07:26:12.383082384+01:00","Action":"pass","Package":"github.com/JohnnyPBelo/relayloom/native/core","Test":"TestReservationsSurviveRestartAndPressureWithoutChangingPins","Elapsed":0.09}
{"Time":"2026-09-14T07:26:12.383103854+01:00","Action":"run","Package":"github.com/JohnnyPBelo/relayloom/native/core","Test":"TestReservationByteQuotaRefusalIsAtomic"}
{"Time":"2026-09-14T07:26:12.383108863+01:00","Action":"output","Package":"github.com/JohnnyPBelo/relayloom/native/core","Test":"TestReservationByteQuotaRefusalIsAtomic","Output":"=== RUN   TestReservationByteQuotaRefusalIsAtomic\n"}
{"Time":"2026-09-14T07:26:12.445398621+01:00","Action":"output","Package":"github.com/JohnnyPBelo/relayloom/native/transport","Test":"TestRetainedDuplicatePressurePreservesConsentAndExpiresToZero","Output":"--- PASS: TestRetainedDuplicatePressurePreservesConsentAndExpiresToZero (0.08s)\n"}
{"Time":"2026-09-14T07:26:12.445436232+01:00","Action":"pass","Package":"github.com/JohnnyPBelo/relayloom/native/transport","Test":"TestRetainedDuplicatePressurePreservesConsentAndExpiresToZero","Elapsed":0.08}
{"Time":"2026-09-14T07:26:12.445449527+01:00","Action":"run","Package":"github.com/JohnnyPBelo/relayloom/native/transport","Test":"TestTCPAndGenericStreamMultihop"}
{"Time":"2026-09-14T07:26:12.445454887+01:00","Action":"output","Package":"github.com/JohnnyPBelo/relayloom/native/transport","Test":"TestTCPAndGenericStreamMultihop","Output":"=== RUN   TestTCPAndGenericStreamMultihop\n"}
{"Time":"2026-09-14T07:26:12.663939657+01:00","Action":"output","Package":"github.com/JohnnyPBelo/relayloom/native/transport","Test":"TestTCPAndGenericStreamMultihop","Output":"--- PASS: TestTCPAndGenericStreamMultihop (0.22s)\n"}
{"Time":"2026-09-14T07:26:12.663979903+01:00","Action":"pass","Package":"github.com/JohnnyPBelo/relayloom/native/transport","Test":"TestTCPAndGenericStreamMultihop","Elapsed":0.22}
{"Time":"2026-09-14T07:26:12.663999369+01:00","Action":"run","Package":"github.com/JohnnyPBelo/relayloom/native/transport","Test":"TestParserReplayTamperTTLAndBounds"}
{"Time":"2026-09-14T07:26:12.664004369+01:00","Action":"output","Package":"github.com/JohnnyPBelo/relayloom/native/transport","Test":"TestParserReplayTamperTTLAndBounds","Output":"=== RUN   TestParserReplayTamperTTLAndBounds\n"}
{"Time":"2026-09-14T07:26:12.974530549+01:00","Action":"output","Package":"github.com/JohnnyPBelo/relayloom/native/core","Test":"TestReservationByteQuotaRefusalIsAtomic","Output":"--- PASS: TestReservationByteQuotaRefusalIsAtomic (0.59s)\n"}
{"Time":"2026-09-14T07:26:12.974572037+01:00","Action":"pass","Package":"github.com/JohnnyPBelo/relayloom/native/core","Test":"TestReservationByteQuotaRefusalIsAtomic","Elapsed":0.59}
{"Time":"2026-09-14T07:26:12.974585011+01:00","Action":"run","Package":"github.com/JohnnyPBelo/relayloom/native/core","Test":"TestReservationDoesNotExtendSignedExpiry"}
{"Time":"2026-09-14T07:26:12.974589379+01:00","Action":"output","Package":"github.com/JohnnyPBelo/relayloom/native/core","Test":"TestReservationDoesNotExtendSignedExpiry","Output":"=== RUN   TestReservationDoesNotExtendSignedExpiry\n"}
{"Time":"2026-09-14T07:26:12.999675874+01:00","Action":"output","Package":"github.com/JohnnyPBelo/relayloom/native/transport","Test":"TestParserReplayTamperTTLAndBounds","Output":"--- PASS: TestParserReplayTamperTTLAndBounds (0.34s)\n"}
{"Time":"2026-09-14T07:26:12.999690842+01:00","Action":"pass","Package":"github.com/JohnnyPBelo/relayloom/native/transport","Test":"TestParserReplayTamperTTLAndBounds","Elapsed":0.34}
{"Time":"2026-09-14T07:26:12.999720768+01:00","Action":"run","Package":"github.com/JohnnyPBelo/relayloom/native/transport","Test":"TestMalformedFloodAndQueuedExpiry"}
{"Time":"2026-09-14T07:26:12.999724596+01:00","Action":"output","Package":"github.com/JohnnyPBelo/relayloom/native/transport","Test":"TestMalformedFloodAndQueuedExpiry","Output":"=== RUN   TestMalformedFloodAndQueuedExpiry\n"}
{"Time":"2026-09-14T07:26:13.205497943+01:00","Action":"output","Package":"github.com/JohnnyPBelo/relayloom/native/transport","Test":"TestMalformedFloodAndQueuedExpiry","Output":"--- PASS: TestMalformedFloodAndQueuedExpiry (0.21s)\n"}
{"Time":"2026-09-14T07:26:13.205539391+01:00","Action":"pass","Package":"github.com/JohnnyPBelo/relayloom/native/transport","Test":"TestMalformedFloodAndQueuedExpiry","Elapsed":0.21}
{"Time":"2026-09-14T07:26:13.205547316+01:00","Action":"run","Package":"github.com/JohnnyPBelo/relayloom/native/transport","Test":"TestFragmentPriorityAndFairness"}
{"Time":"2026-09-14T07:26:13.205550822+01:00","Action":"output","Package":"github.com/JohnnyPBelo/relayloom/native/transport","Test":"TestFragmentPriorityAndFairness","Output":"=== RUN   TestFragmentPriorityAndFairness\n"}
{"Time":"2026-09-14T07:26:13.348443053+01:00","Action":"output","Package":"github.com/JohnnyPBelo/relayloom/native/transport","Test":"TestFragmentPriorityAndFairness","Output":"--- PASS: TestFragmentPriorityAndFairness (0.14s)\n"}
{"Time":"2026-09-14T07:26:13.348483058+01:00","Action":"pass","Package":"github.com/JohnnyPBelo/relayloom/native/transport","Test":"TestFragmentPriorityAndFairness","Elapsed":0.14}
{"Time":"2026-09-14T07:26:13.348535416+01:00","Action":"run","Package":"github.com/JohnnyPBelo/relayloom/native/transport","Test":"TestReconnectAndRelayConsent"}
{"Time":"2026-09-14T07:26:13.348539724+01:00","Action":"output","Package":"github.com/JohnnyPBelo/relayloom/native/transport","Test":"TestReconnectAndRelayConsent","Output":"=== RUN   TestReconnectAndRelayConsent\n"}
{"Time":"2026-09-14T07:26:14.114363549+01:00","Action":"output","Package":"github.com/JohnnyPBelo/relayloom/native/core","Test":"TestReservationDoesNotExtendSignedExpiry","Output":"--- PASS: TestReservationDoesNotExtendSignedExpiry (1.14s)\n"}
{"Time":"2026-09-14T07:26:14.114414074+01:00","Action":"pass","Package":"github.com/JohnnyPBelo/relayloom/native/core","Test":"TestReservationDoesNotExtendSignedExpiry","Elapsed":1.14}
{"Time":"2026-09-14T07:26:14.114425235+01:00","Action":"run","Package":"github.com/JohnnyPBelo/relayloom/native/core","Test":"TestReservationCorruptionCannotReleaseExistingProtection"}
{"Time":"2026-09-14T07:26:14.114430014+01:00","Action":"output","Package":"github.com/JohnnyPBelo/relayloom/native/core","Test":"TestReservationCorruptionCannotReleaseExistingProtection","Output":"=== RUN   TestReservationCorruptionCannotReleaseExistingProtection\n"}
{"Time":"2026-09-14T07:26:14.166048774+01:00","Action":"output","Package":"github.com/JohnnyPBelo/relayloom/native/core","Test":"TestReservationCorruptionCannotReleaseExistingProtection","Output":"--- PASS: TestReservationCorruptionCannotReleaseExistingProtection (0.05s)\n"}
{"Time":"2026-09-14T07:26:14.166069513+01:00","Action":"pass","Package":"github.com/JohnnyPBelo/relayloom/native/core","Test":"TestReservationCorruptionCannotReleaseExistingProtection","Elapsed":0.05}
{"Time":"2026-09-14T07:26:14.166077488+01:00","Action":"run","Package":"github.com/JohnnyPBelo/relayloom/native/core","Test":"TestReservationWriteFailureProtectsUnionUntilReconciliation"}
{"Time":"2026-09-14T07:26:14.166081967+01:00","Action":"output","Package":"github.com/JohnnyPBelo/relayloom/native/core","Test":"TestReservationWriteFailureProtectsUnionUntilReconciliation","Output":"=== RUN   TestReservationWriteFailureProtectsUnionUntilReconciliation\n"}
{"Time":"2026-09-14T07:26:14.244770331+01:00","Action":"output","Package":"github.com/JohnnyPBelo/relayloom/native/core","Test":"TestReservationWriteFailureProtectsUnionUntilReconciliation","Output":"--- PASS: TestReservationWriteFailureProtectsUnionUntilReconciliation (0.08s)\n"}
{"Time":"2026-09-14T07:26:14.244808142+01:00","Action":"pass","Package":"github.com/JohnnyPBelo/relayloom/native/core","Test":"TestReservationWriteFailureProtectsUnionUntilReconciliation","Elapsed":0.08}
{"Time":"2026-09-14T07:26:14.244827097+01:00","Action":"run","Package":"github.com/JohnnyPBelo/relayloom/native/core","Test":"TestReservationDuplicateAtCountLimitAndMalformedIndex"}
{"Time":"2026-09-14T07:26:14.244831275+01:00","Action":"output","Package":"github.com/JohnnyPBelo/relayloom/native/core","Test":"TestReservationDuplicateAtCountLimitAndMalformedIndex","Output":"=== RUN   TestReservationDuplicateAtCountLimitAndMalformedIndex\n"}
{"Time":"2026-09-14T07:26:14.287325969+01:00","Action":"output","Package":"github.com/JohnnyPBelo/relayloom/native/core","Test":"TestReservationDuplicateAtCountLimitAndMalformedIndex","Output":"--- PASS: TestReservationDuplicateAtCountLimitAndMalformedIndex (0.04s)\n"}
{"Time":"2026-09-14T07:26:14.287351627+01:00","Action":"pass","Package":"github.com/JohnnyPBelo/relayloom/native/core","Test":"TestReservationDuplicateAtCountLimitAndMalformedIndex","Elapsed":0.04}
{"Time":"2026-09-14T07:26:14.287359261+01:00","Action":"run","Package":"github.com/JohnnyPBelo/relayloom/native/core","Test":"TestContentReservationProcessFixture"}
{"Time":"2026-09-14T07:26:14.287364431+01:00","Action":"output","Package":"github.com/JohnnyPBelo/relayloom/native/core","Test":"TestContentReservationProcessFixture","Output":"=== RUN   TestContentReservationProcessFixture\n"}
{"Time":"2026-09-14T07:26:14.287456293+01:00","Action":"output","Package":"github.com/JohnnyPBelo/relayloom/native/core","Test":"TestContentReservationProcessFixture","Output":"    reservations_worker_test.go:12: driven by the real Node/Go reservation process test\n"}
{"Time":"2026-09-14T07:26:14.287470921+01:00","Action":"output","Package":"github.com/JohnnyPBelo/relayloom/native/core","Test":"TestContentReservationProcessFixture","Output":"--- SKIP: TestContentReservationProcessFixture (0.00s)\n"}
{"Time":"2026-09-14T07:26:14.287479116+01:00","Action":"skip","Package":"github.com/JohnnyPBelo/relayloom/native/core","Test":"TestContentReservationProcessFixture","Elapsed":0}
{"Time":"2026-09-14T07:26:14.287512989+01:00","Action":"output","Package":"github.com/JohnnyPBelo/relayloom/native/core","Output":"PASS\n"}
{"Time":"2026-09-14T07:26:14.556753493+01:00","Action":"output","Package":"github.com/JohnnyPBelo/relayloom/native/transport","Test":"TestReconnectAndRelayConsent","Output":"--- PASS: TestReconnectAndRelayConsent (1.21s)\n"}
{"Time":"2026-09-14T07:26:14.556796293+01:00","Action":"pass","Package":"github.com/JohnnyPBelo/relayloom/native/transport","Test":"TestReconnectAndRelayConsent","Elapsed":1.21}
{"Time":"2026-09-14T07:26:14.556806482+01:00","Action":"run","Package":"github.com/JohnnyPBelo/relayloom/native/transport","Test":"TestMissingFragmentAndACKRetryOverTCP"}
{"Time":"2026-09-14T07:26:14.55681097+01:00","Action":"output","Package":"github.com/JohnnyPBelo/relayloom/native/transport","Test":"TestMissingFragmentAndACKRetryOverTCP","Output":"=== RUN   TestMissingFragmentAndACKRetryOverTCP\n"}
{"Time":"2026-09-14T07:26:15.300267107+01:00","Action":"output","Package":"github.com/JohnnyPBelo/relayloom/native/core","Output":"ok  \tgithub.com/JohnnyPBelo/relayloom/native/core\t7.630s\n"}
{"Time":"2026-09-14T07:26:15.300307944+01:00","Action":"pass","Package":"github.com/JohnnyPBelo/relayloom/native/core","Elapsed":7.63}
{"Time":"2026-09-14T07:26:15.839138936+01:00","Action":"start","Package":"github.com/JohnnyPBelo/relayloom/native/app"}
{"Time":"2026-09-14T07:26:15.849256526+01:00","Action":"run","Package":"github.com/JohnnyPBelo/relayloom/native/app","Test":"TestConnectSavedEndpointAtCapacityIsIdempotent"}
{"Time":"2026-09-14T07:26:15.849278447+01:00","Action":"output","Package":"github.com/JohnnyPBelo/relayloom/native/app","Test":"TestConnectSavedEndpointAtCapacityIsIdempotent","Output":"=== RUN   TestConnectSavedEndpointAtCapacityIsIdempotent\n"}
{"Time":"2026-09-14T07:26:16.54736486+01:00","Action":"output","Package":"github.com/JohnnyPBelo/relayloom/native/app","Test":"TestConnectSavedEndpointAtCapacityIsIdempotent","Output":"--- PASS: TestConnectSavedEndpointAtCapacityIsIdempotent (0.70s)\n"}
{"Time":"2026-09-14T07:26:16.547402511+01:00","Action":"pass","Package":"github.com/JohnnyPBelo/relayloom/native/app","Test":"TestConnectSavedEndpointAtCapacityIsIdempotent","Elapsed":0.7}
{"Time":"2026-09-14T07:26:16.54741822+01:00","Action":"run","Package":"github.com/JohnnyPBelo/relayloom/native/app","Test":"TestApplicationMessagesGroupsReceiptsAndPrivacy"}
{"Time":"2026-09-14T07:26:16.547420995+01:00","Action":"output","Package":"github.com/JohnnyPBelo/relayloom/native/app","Test":"TestApplicationMessagesGroupsReceiptsAndPrivacy","Output":"=== RUN   TestApplicationMessagesGroupsReceiptsAndPrivacy\n"}
{"Time":"2026-09-14T07:26:18.283797423+01:00","Action":"output","Package":"github.com/JohnnyPBelo/relayloom/native/app","Test":"TestApplicationMessagesGroupsReceiptsAndPrivacy","Output":"--- PASS: TestApplicationMessagesGroupsReceiptsAndPrivacy (1.74s)\n"}
{"Time":"2026-09-14T07:26:18.283836607+01:00","Action":"pass","Package":"github.com/JohnnyPBelo/relayloom/native/app","Test":"TestApplicationMessagesGroupsReceiptsAndPrivacy","Elapsed":1.74}
{"Time":"2026-09-14T07:26:18.283846786+01:00","Action":"run","Package":"github.com/JohnnyPBelo/relayloom/native/app","Test":"TestInboundSemanticACLRejectsSignedForgeriesAndViewBypass"}
{"Time":"2026-09-14T07:26:18.283850232+01:00","Action":"output","Package":"github.com/JohnnyPBelo/relayloom/native/app","Test":"TestInboundSemanticACLRejectsSignedForgeriesAndViewBypass","Output":"=== RUN   TestInboundSemanticACLRejectsSignedForgeriesAndViewBypass\n"}
{"Time":"2026-09-14T07:26:18.963451095+01:00","Action":"output","Package":"github.com/JohnnyPBelo/relayloom/native/transport","Test":"TestMissingFragmentAndACKRetryOverTCP","Output":"--- PASS: TestMissingFragmentAndACKRetryOverTCP (4.41s)\n"}
{"Time":"2026-09-14T07:26:18.963531646+01:00","Action":"pass","Package":"github.com/JohnnyPBelo/relayloom/native/transport","Test":"TestMissingFragmentAndACKRetryOverTCP","Elapsed":4.41}
{"Time":"2026-09-14T07:26:18.963542216+01:00","Action":"run","Package":"github.com/JohnnyPBelo/relayloom/native/transport","Test":"TestDeliveryAndDialQueuesAreBounded"}
{"Time":"2026-09-14T07:26:18.963546013+01:00","Action":"output","Package":"github.com/JohnnyPBelo/relayloom/native/transport","Test":"TestDeliveryAndDialQueuesAreBounded","Output":"=== RUN   TestDeliveryAndDialQueuesAreBounded\n"}
{"Time":"2026-09-14T07:26:18.981397974+01:00","Action":"output","Package":"github.com/JohnnyPBelo/relayloom/native/transport","Test":"TestDeliveryAndDialQueuesAreBounded","Output":"--- PASS: TestDeliveryAndDialQueuesAreBounded (0.02s)\n"}
{"Time":"2026-09-14T07:26:18.981435214+01:00","Action":"pass","Package":"github.com/JohnnyPBelo/relayloom/native/transport","Test":"TestDeliveryAndDialQueuesAreBounded","Elapsed":0.02}
{"Time":"2026-09-14T07:26:18.981445263+01:00","Action":"run","Package":"github.com/JohnnyPBelo/relayloom/native/transport","Test":"TestHopLimitAndValidationBeforeForwarding"}
{"Time":"2026-09-14T07:26:18.981448709+01:00","Action":"output","Package":"github.com/JohnnyPBelo/relayloom/native/transport","Test":"TestHopLimitAndValidationBeforeForwarding","Output":"=== RUN   TestHopLimitAndValidationBeforeForwarding\n"}
{"Time":"2026-09-14T07:26:19.083528991+01:00","Action":"output","Package":"github.com/JohnnyPBelo/relayloom/native/transport","Test":"TestHopLimitAndValidationBeforeForwarding","Output":"--- PASS: TestHopLimitAndValidationBeforeForwarding (0.10s)\n"}
{"Time":"2026-09-14T07:26:19.0835713+01:00","Action":"pass","Package":"github.com/JohnnyPBelo/relayloom/native/transport","Test":"TestHopLimitAndValidationBeforeForwarding","Elapsed":0.1}
{"Time":"2026-09-14T07:26:19.083580267+01:00","Action":"output","Package":"github.com/JohnnyPBelo/relayloom/native/transport","Output":"PASS\n"}
{"Time":"2026-09-14T07:26:19.198308242+01:00","Action":"output","Package":"github.com/JohnnyPBelo/relayloom/native/app","Test":"TestInboundSemanticACLRejectsSignedForgeriesAndViewBypass","Output":"--- PASS: TestInboundSemanticACLRejectsSignedForgeriesAndViewBypass (0.91s)\n"}
{"Time":"2026-09-14T07:26:19.198348518+01:00","Action":"pass","Package":"github.com/JohnnyPBelo/relayloom/native/app","Test":"TestInboundSemanticACLRejectsSignedForgeriesAndViewBypass","Elapsed":0.91}
{"Time":"2026-09-14T07:26:19.198374807+01:00","Action":"run","Package":"github.com/JohnnyPBelo/relayloom/native/app","Test":"TestDeletionSurvivesImmediateOriginalEvictionEventLossAndRestart"}
{"Time":"2026-09-14T07:26:19.198378594+01:00","Action":"output","Package":"github.com/JohnnyPBelo/relayloom/native/app","Test":"TestDeletionSurvivesImmediateOriginalEvictionEventLossAndRestart","Output":"=== RUN   TestDeletionSurvivesImmediateOriginalEvictionEventLossAndRestart\n"}
{"Time":"2026-09-14T07:26:20.088059941+01:00","Action":"output","Package":"github.com/JohnnyPBelo/relayloom/native/transport","Output":"ok  \tgithub.com/JohnnyPBelo/relayloom/native/transport\t12.399s\n"}
{"Time":"2026-09-14T07:26:20.088109975+01:00","Action":"pass","Package":"github.com/JohnnyPBelo/relayloom/native/transport","Elapsed":12.399000000000001}
{"Time":"2026-09-14T07:26:20.59689843+01:00","Action":"output","Package":"github.com/JohnnyPBelo/relayloom/native/app","Test":"TestDeletionSurvivesImmediateOriginalEvictionEventLossAndRestart","Output":"--- PASS: TestDeletionSurvivesImmediateOriginalEvictionEventLossAndRestart (1.40s)\n"}
{"Time":"2026-09-14T07:26:20.596939207+01:00","Action":"pass","Package":"github.com/JohnnyPBelo/relayloom/native/app","Test":"TestDeletionSurvivesImmediateOriginalEvictionEventLossAndRestart","Elapsed":1.4}
{"Time":"2026-09-14T07:26:20.596948554+01:00","Action":"run","Package":"github.com/JohnnyPBelo/relayloom/native/app","Test":"TestJournalEditTieOrderDraftEncryptionAndTamperRejection"}
{"Time":"2026-09-14T07:26:20.596970586+01:00","Action":"output","Package":"github.com/JohnnyPBelo/relayloom/native/app","Test":"TestJournalEditTieOrderDraftEncryptionAndTamperRejection","Output":"=== RUN   TestJournalEditTieOrderDraftEncryptionAndTamperRejection\n"}
{"Time":"2026-09-14T07:26:20.63576427+01:00","Action":"start","Package":"github.com/JohnnyPBelo/relayloom/native/groups"}
{"Time":"2026-09-14T07:26:20.643668831+01:00","Action":"run","Package":"github.com/JohnnyPBelo/relayloom/native/groups","Test":"TestNewcomerValidatesJoinWithoutPreviousPrivateSnapshot"}
{"Time":"2026-09-14T07:26:20.643692786+01:00","Action":"output","Package":"github.com/JohnnyPBelo/relayloom/native/groups","Test":"TestNewcomerValidatesJoinWithoutPreviousPrivateSnapshot","Output":"=== RUN   TestNewcomerValidatesJoinWithoutPreviousPrivateSnapshot\n"}
{"Time":"2026-09-14T07:26:20.776771487+01:00","Action":"output","Package":"github.com/JohnnyPBelo/relayloom/native/groups","Test":"TestNewcomerValidatesJoinWithoutPreviousPrivateSnapshot","Output":"--- PASS: TestNewcomerValidatesJoinWithoutPreviousPrivateSnapshot (0.13s)\n"}
{"Time":"2026-09-14T07:26:20.776818034+01:00","Action":"pass","Package":"github.com/JohnnyPBelo/relayloom/native/groups","Test":"TestNewcomerValidatesJoinWithoutPreviousPrivateSnapshot","Elapsed":0.13}
{"Time":"2026-09-14T07:26:20.776825799+01:00","Action":"run","Package":"github.com/JohnnyPBelo/relayloom/native/groups","Test":"TestAnchorSignatureAndPermanentAuthority"}
{"Time":"2026-09-14T07:26:20.776829115+01:00","Action":"output","Package":"github.com/JohnnyPBelo/relayloom/native/groups","Test":"TestAnchorSignatureAndPermanentAuthority","Output":"=== RUN   TestAnchorSignatureAndPermanentAuthority\n"}
{"Time":"2026-09-14T07:26:20.80860931+01:00","Action":"output","Package":"github.com/JohnnyPBelo/relayloom/native/groups","Test":"TestAnchorSignatureAndPermanentAuthority","Output":"--- PASS: TestAnchorSignatureAndPermanentAuthority (0.03s)\n"}
{"Time":"2026-09-14T07:26:20.808633576+01:00","Action":"pass","Package":"github.com/JohnnyPBelo/relayloom/native/groups","Test":"TestAnchorSignatureAndPermanentAuthority","Elapsed":0.03}
{"Time":"2026-09-14T07:26:20.808643835+01:00","Action":"run","Package":"github.com/JohnnyPBelo/relayloom/native/groups","Test":"TestInvitationConsentAndExactParent"}
{"Time":"2026-09-14T07:26:20.808647702+01:00","Action":"output","Package":"github.com/JohnnyPBelo/relayloom/native/groups","Test":"TestInvitationConsentAndExactParent","Output":"=== RUN   TestInvitationConsentAndExactParent\n"}
{"Time":"2026-09-14T07:26:20.914681737+01:00","Action":"output","Package":"github.com/JohnnyPBelo/relayloom/native/groups","Test":"TestInvitationConsentAndExactParent","Output":"--- PASS: TestInvitationConsentAndExactParent (0.11s)\n"}
{"Time":"2026-09-14T07:26:20.914722443+01:00","Action":"pass","Package":"github.com/JohnnyPBelo/relayloom/native/groups","Test":"TestInvitationConsentAndExactParent","Elapsed":0.11}
{"Time":"2026-09-14T07:26:20.91473125+01:00","Action":"run","Package":"github.com/JohnnyPBelo/relayloom/native/groups","Test":"TestRealReaderEnvelopesRemovalAndRejoinPath"}
{"Time":"2026-09-14T07:26:20.914734937+01:00","Action":"output","Package":"github.com/JohnnyPBelo/relayloom/native/groups","Test":"TestRealReaderEnvelopesRemovalAndRejoinPath","Output":"=== RUN   TestRealReaderEnvelopesRemovalAndRejoinPath\n"}
{"Time":"2026-09-14T07:26:21.122682942+01:00","Action":"output","Package":"github.com/JohnnyPBelo/relayloom/native/groups","Test":"TestRealReaderEnvelopesRemovalAndRejoinPath","Output":"--- PASS: TestRealReaderEnvelopesRemovalAndRejoinPath (0.21s)\n"}
{"Time":"2026-09-14T07:26:21.122723518+01:00","Action":"pass","Package":"github.com/JohnnyPBelo/relayloom/native/groups","Test":"TestRealReaderEnvelopesRemovalAndRejoinPath","Elapsed":0.21}
{"Time":"2026-09-14T07:26:21.122734859+01:00","Action":"run","Package":"github.com/JohnnyPBelo/relayloom/native/groups","Test":"TestCreatorRekeyKeepsSigningAuthority"}
{"Time":"2026-09-14T07:26:21.122738666+01:00","Action":"output","Package":"github.com/JohnnyPBelo/relayloom/native/groups","Test":"TestCreatorRekeyKeepsSigningAuthority","Output":"=== RUN   TestCreatorRekeyKeepsSigningAuthority\n"}
{"Time":"2026-09-14T07:26:21.237410666+01:00","Action":"output","Package":"github.com/JohnnyPBelo/relayloom/native/groups","Test":"TestCreatorRekeyKeepsSigningAuthority","Output":"--- PASS: TestCreatorRekeyKeepsSigningAuthority (0.11s)\n"}
{"Time":"2026-09-14T07:26:21.237452585+01:00","Action":"pass","Package":"github.com/JohnnyPBelo/relayloom/native/groups","Test":"TestCreatorRekeyKeepsSigningAuthority","Elapsed":0.11}
{"Time":"2026-09-14T07:26:21.237461251+01:00","Action":"run","Package":"github.com/JohnnyPBelo/relayloom/native/groups","Test":"TestExactSchemaAndSignedMalformedInputs"}
{"Time":"2026-09-14T07:26:21.237465229+01:00","Action":"output","Package":"github.com/JohnnyPBelo/relayloom/native/groups","Test":"TestExactSchemaAndSignedMalformedInputs","Output":"=== RUN   TestExactSchemaAndSignedMalformedInputs\n"}
{"Time":"2026-09-14T07:26:21.308899261+01:00","Action":"output","Package":"github.com/JohnnyPBelo/relayloom/native/groups","Test":"TestExactSchemaAndSignedMalformedInputs","Output":"--- PASS: TestExactSchemaAndSignedMalformedInputs (0.07s)\n"}
{"Time":"2026-09-14T07:26:21.308935369+01:00","Action":"pass","Package":"github.com/JohnnyPBelo/relayloom/native/groups","Test":"TestExactSchemaAndSignedMalformedInputs","Elapsed":0.07}
{"Time":"2026-09-14T07:26:21.30894683+01:00","Action":"run","Package":"github.com/JohnnyPBelo/relayloom/native/groups","Test":"TestClosureLeaveAndForkBoundaries"}
{"Time":"2026-09-14T07:26:21.308950658+01:00","Action":"output","Package":"github.com/JohnnyPBelo/relayloom/native/groups","Test":"TestClosureLeaveAndForkBoundaries","Output":"=== RUN   TestClosureLeaveAndForkBoundaries\n"}
{"Time":"2026-09-14T07:26:21.476182824+01:00","Action":"output","Package":"github.com/JohnnyPBelo/relayloom/native/groups","Test":"TestClosureLeaveAndForkBoundaries","Output":"--- PASS: TestClosureLeaveAndForkBoundaries (0.17s)\n"}
{"Time":"2026-09-14T07:26:21.476225874+01:00","Action":"pass","Package":"github.com/JohnnyPBelo/relayloom/native/groups","Test":"TestClosureLeaveAndForkBoundaries","Elapsed":0.17}
{"Time":"2026-09-14T07:26:21.476235052+01:00","Action":"run","Package":"github.com/JohnnyPBelo/relayloom/native/groups","Test":"TestRosterBoundsAndUTF16Titles"}
{"Time":"2026-09-14T07:26:21.476239821+01:00","Action":"output","Package":"github.com/JohnnyPBelo/relayloom/native/groups","Test":"TestRosterBoundsAndUTF16Titles","Output":"=== RUN   TestRosterBoundsAndUTF16Titles\n"}
{"Time":"2026-09-14T07:26:22.509739495+01:00","Action":"output","Package":"github.com/JohnnyPBelo/relayloom/native/app","Test":"TestJournalEditTieOrderDraftEncryptionAndTamperRejection","Output":"--- PASS: TestJournalEditTieOrderDraftEncryptionAndTamperRejection (1.91s)\n"}
{"Time":"2026-09-14T07:26:22.509780572+01:00","Action":"pass","Package":"github.com/JohnnyPBelo/relayloom/native/app","Test":"TestJournalEditTieOrderDraftEncryptionAndTamperRejection","Elapsed":1.91}
{"Time":"2026-09-14T07:26:22.509791262+01:00","Action":"run","Package":"github.com/JohnnyPBelo/relayloom/native/app","Test":"TestCollectionsFollowingRetrievalAndPrivateMetadata"}
{"Time":"2026-09-14T07:26:22.509796562+01:00","Action":"output","Package":"github.com/JohnnyPBelo/relayloom/native/app","Test":"TestCollectionsFollowingRetrievalAndPrivateMetadata","Output":"=== RUN   TestCollectionsFollowingRetrievalAndPrivateMetadata\n"}
{"Time":"2026-09-14T07:26:23.307570009+01:00","Action":"output","Package":"github.com/JohnnyPBelo/relayloom/native/groups","Test":"TestRosterBoundsAndUTF16Titles","Output":"--- PASS: TestRosterBoundsAndUTF16Titles (1.83s)\n"}
{"Time":"2026-09-14T07:26:23.307610084+01:00","Action":"pass","Package":"github.com/JohnnyPBelo/relayloom/native/groups","Test":"TestRosterBoundsAndUTF16Titles","Elapsed":1.83}
{"Time":"2026-09-14T07:26:23.307764915+01:00","Action":"run","Package":"github.com/JohnnyPBelo/relayloom/native/groups","Test":"TestSnapshotNeedsExactConsentSetAndPinnedCards"}
{"Time":"2026-09-14T07:26:23.307776657+01:00","Action":"output","Package":"github.com/JohnnyPBelo/relayloom/native/groups","Test":"TestSnapshotNeedsExactConsentSetAndPinnedCards","Output":"=== RUN   TestSnapshotNeedsExactConsentSetAndPinnedCards\n"}
{"Time":"2026-09-14T07:26:23.344562657+01:00","Action":"output","Package":"github.com/JohnnyPBelo/relayloom/native/app","Test":"TestCollectionsFollowingRetrievalAndPrivateMetadata","Output":"--- PASS: TestCollectionsFollowingRetrievalAndPrivateMetadata (0.83s)\n"}
{"Time":"2026-09-14T07:26:23.344652365+01:00","Action":"pass","Package":"github.com/JohnnyPBelo/relayloom/native/app","Test":"TestCollectionsFollowingRetrievalAndPrivateMetadata","Elapsed":0.83}
{"Time":"2026-09-14T07:26:23.344671962+01:00","Action":"run","Package":"github.com/JohnnyPBelo/relayloom/native/app","Test":"TestHTTPAuthenticationOriginPathsAndStateArrays"}
{"Time":"2026-09-14T07:26:23.344677683+01:00","Action":"output","Package":"github.com/JohnnyPBelo/relayloom/native/app","Test":"TestHTTPAuthenticationOriginPathsAndStateArrays","Output":"=== RUN   TestHTTPAuthenticationOriginPathsAndStateArrays\n"}
{"Time":"2026-09-14T07:26:23.382068758+01:00","Action":"output","Package":"github.com/JohnnyPBelo/relayloom/native/app","Test":"TestHTTPAuthenticationOriginPathsAndStateArrays","Output":"--- PASS: TestHTTPAuthenticationOriginPathsAndStateArrays (0.04s)\n"}
{"Time":"2026-09-14T07:26:23.382115696+01:00","Action":"pass","Package":"github.com/JohnnyPBelo/relayloom/native/app","Test":"TestHTTPAuthenticationOriginPathsAndStateArrays","Elapsed":0.04}
{"Time":"2026-09-14T07:26:23.382132668+01:00","Action":"run","Package":"github.com/JohnnyPBelo/relayloom/native/app","Test":"TestApplicationRelayPauseBlocksCachedServing"}
{"Time":"2026-09-14T07:26:23.382137417+01:00","Action":"output","Package":"github.com/JohnnyPBelo/relayloom/native/app","Test":"TestApplicationRelayPauseBlocksCachedServing","Output":"=== RUN   TestApplicationRelayPauseBlocksCachedServing\n"}
{"Time":"2026-09-14T07:26:23.42964522+01:00","Action":"output","Package":"github.com/JohnnyPBelo/relayloom/native/groups","Test":"TestSnapshotNeedsExactConsentSetAndPinnedCards","Output":"--- PASS: TestSnapshotNeedsExactConsentSetAndPinnedCards (0.12s)\n"}
{"Time":"2026-09-14T07:26:23.429680777+01:00","Action":"pass","Package":"github.com/JohnnyPBelo/relayloom/native/groups","Test":"TestSnapshotNeedsExactConsentSetAndPinnedCards","Elapsed":0.12}
{"Time":"2026-09-14T07:26:23.429692428+01:00","Action":"run","Package":"github.com/JohnnyPBelo/relayloom/native/groups","Test":"TestGroupCertificateInteropFixture"}
{"Time":"2026-09-14T07:26:23.429696596+01:00","Action":"output","Package":"github.com/JohnnyPBelo/relayloom/native/groups","Test":"TestGroupCertificateInteropFixture","Output":"=== RUN   TestGroupCertificateInteropFixture\n"}
{"Time":"2026-09-14T07:26:23.429790943+01:00","Action":"output","Package":"github.com/JohnnyPBelo/relayloom/native/groups","Test":"TestGroupCertificateInteropFixture","Output":"    interop_test.go:16: driven by the Node/Go vector test\n"}
{"Time":"2026-09-14T07:26:23.429813265+01:00","Action":"output","Package":"github.com/JohnnyPBelo/relayloom/native/groups","Test":"TestGroupCertificateInteropFixture","Output":"--- SKIP: TestGroupCertificateInteropFixture (0.00s)\n"}
{"Time":"2026-09-14T07:26:23.429825889+01:00","Action":"skip","Package":"github.com/JohnnyPBelo/relayloom/native/groups","Test":"TestGroupCertificateInteropFixture","Elapsed":0}
{"Time":"2026-09-14T07:26:23.429849152+01:00","Action":"output","Package":"github.com/JohnnyPBelo/relayloom/native/groups","Output":"PASS\n"}
{"Time":"2026-09-14T07:26:24.319876568+01:00","Action":"output","Package":"github.com/JohnnyPBelo/relayloom/native/app","Test":"TestApplicationRelayPauseBlocksCachedServing","Output":"--- PASS: TestApplicationRelayPauseBlocksCachedServing (0.94s)\n"}
{"Time":"2026-09-14T07:26:24.319915571+01:00","Action":"pass","Package":"github.com/JohnnyPBelo/relayloom/native/app","Test":"TestApplicationRelayPauseBlocksCachedServing","Elapsed":0.94}
{"Time":"2026-09-14T07:26:24.319929778+01:00","Action":"run","Package":"github.com/JohnnyPBelo/relayloom/native/app","Test":"TestGroupCommandLostResponseRecoversOnlyCommittedResult"}
{"Time":"2026-09-14T07:26:24.319933124+01:00","Action":"output","Package":"github.com/JohnnyPBelo/relayloom/native/app","Test":"TestGroupCommandLostResponseRecoversOnlyCommittedResult","Output":"=== RUN   TestGroupCommandLostResponseRecoversOnlyCommittedResult\n"}
{"Time":"2026-09-14T07:26:24.319944626+01:00","Action":"run","Package":"github.com/JohnnyPBelo/relayloom/native/app","Test":"TestGroupCommandLostResponseRecoversOnlyCommittedResult/before-commit"}
{"Time":"2026-09-14T07:26:24.319948042+01:00","Action":"output","Package":"github.com/JohnnyPBelo/relayloom/native/app","Test":"TestGroupCommandLostResponseRecoversOnlyCommittedResult/before-commit","Output":"=== RUN   TestGroupCommandLostResponseRecoversOnlyCommittedResult/before-commit\n"}
{"Time":"2026-09-14T07:26:24.433059086+01:00","Action":"output","Package":"github.com/JohnnyPBelo/relayloom/native/groups","Output":"ok  \tgithub.com/JohnnyPBelo/relayloom/native/groups\t3.797s\n"}
{"Time":"2026-09-14T07:26:24.433099872+01:00","Action":"pass","Package":"github.com/JohnnyPBelo/relayloom/native/groups","Elapsed":3.797}
{"Time":"2026-09-14T07:26:25.073307748+01:00","Action":"start","Package":"github.com/JohnnyPBelo/relayloom/native/groupstore"}
{"Time":"2026-09-14T07:26:25.082416185+01:00","Action":"run","Package":"github.com/JohnnyPBelo/relayloom/native/groupstore","Test":"TestUnknownSchemaCannotHideBehindSQLitePrefix"}
{"Time":"2026-09-14T07:26:25.08245053+01:00","Action":"output","Package":"github.com/JohnnyPBelo/relayloom/native/groupstore","Test":"TestUnknownSchemaCannotHideBehindSQLitePrefix","Output":"=== RUN   TestUnknownSchemaCannotHideBehindSQLitePrefix\n"}
{"Time":"2026-09-14T07:26:25.133837756+01:00","Action":"output","Package":"github.com/JohnnyPBelo/relayloom/native/groupstore","Test":"TestUnknownSchemaCannotHideBehindSQLitePrefix","Output":"--- PASS: TestUnknownSchemaCannotHideBehindSQLitePrefix (0.05s)\n"}
{"Time":"2026-09-14T07:26:25.133876208+01:00","Action":"pass","Package":"github.com/JohnnyPBelo/relayloom/native/groupstore","Test":"TestUnknownSchemaCannotHideBehindSQLitePrefix","Elapsed":0.05}
{"Time":"2026-09-14T07:26:25.133886988+01:00","Action":"run","Package":"github.com/JohnnyPBelo/relayloom/native/groupstore","Test":"TestIntegrityFailureStillPoisonsHandleAfterCallbackPanic"}
{"Time":"2026-09-14T07:26:25.133891046+01:00","Action":"output","Package":"github.com/JohnnyPBelo/relayloom/native/groupstore","Test":"TestIntegrityFailureStillPoisonsHandleAfterCallbackPanic","Output":"=== RUN   TestIntegrityFailureStillPoisonsHandleAfterCallbackPanic\n"}
{"Time":"2026-09-14T07:26:25.19472784+01:00","Action":"output","Package":"github.com/JohnnyPBelo/relayloom/native/groupstore","Test":"TestIntegrityFailureStillPoisonsHandleAfterCallbackPanic","Output":"--- PASS: TestIntegrityFailureStillPoisonsHandleAfterCallbackPanic (0.06s)\n"}
{"Time":"2026-09-14T07:26:25.194760681+01:00","Action":"pass","Package":"github.com/JohnnyPBelo/relayloom/native/groupstore","Test":"TestIntegrityFailureStillPoisonsHandleAfterCallbackPanic","Elapsed":0.06}
{"Time":"2026-09-14T07:26:25.194771251+01:00","Action":"run","Package":"github.com/JohnnyPBelo/relayloom/native/groupstore","Test":"TestPersistentEncryptedRecordsAndRollback"}
{"Time":"2026-09-14T07:26:25.194775209+01:00","Action":"output","Package":"github.com/JohnnyPBelo/relayloom/native/groupstore","Test":"TestPersistentEncryptedRecordsAndRollback","Output":"=== RUN   TestPersistentEncryptedRecordsAndRollback\n"}
{"Time":"2026-09-14T07:26:25.272900457+01:00","Action":"output","Package":"github.com/JohnnyPBelo/relayloom/native/groupstore","Test":"TestPersistentEncryptedRecordsAndRollback","Output":"--- PASS: TestPersistentEncryptedRecordsAndRollback (0.08s)\n"}
{"Time":"2026-09-14T07:26:25.272924913+01:00","Action":"pass","Package":"github.com/JohnnyPBelo/relayloom/native/groupstore","Test":"TestPersistentEncryptedRecordsAndRollback","Elapsed":0.08}
{"Time":"2026-09-14T07:26:25.272932036+01:00","Action":"run","Package":"github.com/JohnnyPBelo/relayloom/native/groupstore","Test":"TestMissingDamagedStateAndWrongIdentityFailClosed"}
{"Time":"2026-09-14T07:26:25.272935162+01:00","Action":"output","Package":"github.com/JohnnyPBelo/relayloom/native/groupstore","Test":"TestMissingDamagedStateAndWrongIdentityFailClosed","Output":"=== RUN   TestMissingDamagedStateAndWrongIdentityFailClosed\n"}
{"Time":"2026-09-14T07:26:25.293940245+01:00","Action":"output","Package":"github.com/JohnnyPBelo/relayloom/native/app","Test":"TestGroupCommandLostResponseRecoversOnlyCommittedResult/before-commit","Output":"--- PASS: TestGroupCommandLostResponseRecoversOnlyCommittedResult/before-commit (0.97s)\n"}
{"Time":"2026-09-14T07:26:25.293984798+01:00","Action":"pass","Package":"github.com/JohnnyPBelo/relayloom/native/app","Test":"TestGroupCommandLostResponseRecoversOnlyCommittedResult/before-commit","Elapsed":0.97}
{"Time":"2026-09-14T07:26:25.293998714+01:00","Action":"run","Package":"github.com/JohnnyPBelo/relayloom/native/app","Test":"TestGroupCommandLostResponseRecoversOnlyCommittedResult/after-commit"}
{"Time":"2026-09-14T07:26:25.294002421+01:00","Action":"output","Package":"github.com/JohnnyPBelo/relayloom/native/app","Test":"TestGroupCommandLostResponseRecoversOnlyCommittedResult/after-commit","Output":"=== RUN   TestGroupCommandLostResponseRecoversOnlyCommittedResult/after-commit\n"}
{"Time":"2026-09-14T07:26:25.311169558+01:00","Action":"output","Package":"github.com/JohnnyPBelo/relayloom/native/groupstore","Test":"TestMissingDamagedStateAndWrongIdentityFailClosed","Output":"--- PASS: TestMissingDamagedStateAndWrongIdentityFailClosed (0.04s)\n"}
{"Time":"2026-09-14T07:26:25.311190808+01:00","Action":"pass","Package":"github.com/JohnnyPBelo/relayloom/native/groupstore","Test":"TestMissingDamagedStateAndWrongIdentityFailClosed","Elapsed":0.04}
{"Time":"2026-09-14T07:26:25.311197661+01:00","Action":"run","Package":"github.com/JohnnyPBelo/relayloom/native/groupstore","Test":"TestReadingKeyCannotForgeLocalSigningFence"}
{"Time":"2026-09-14T07:26:25.311200977+01:00","Action":"output","Package":"github.com/JohnnyPBelo/relayloom/native/groupstore","Test":"TestReadingKeyCannotForgeLocalSigningFence","Output":"=== RUN   TestReadingKeyCannotForgeLocalSigningFence\n"}
{"Time":"2026-09-14T07:26:25.386337121+01:00","Action":"output","Package":"github.com/JohnnyPBelo/relayloom/native/groupstore","Test":"TestReadingKeyCannotForgeLocalSigningFence","Output":"--- PASS: TestReadingKeyCannotForgeLocalSigningFence (0.08s)\n"}
{"Time":"2026-09-14T07:26:25.386365805+01:00","Action":"pass","Package":"github.com/JohnnyPBelo/relayloom/native/groupstore","Test":"TestReadingKeyCannotForgeLocalSigningFence","Elapsed":0.08}
{"Time":"2026-09-14T07:26:25.386442839+01:00","Action":"run","Package":"github.com/JohnnyPBelo/relayloom/native/groupstore","Test":"TestSwallowedRowTamperingStillAbortsAndPoisonsHandle"}
{"Time":"2026-09-14T07:26:25.386473296+01:00","Action":"output","Package":"github.com/JohnnyPBelo/relayloom/native/groupstore","Test":"TestSwallowedRowTamperingStillAbortsAndPoisonsHandle","Output":"=== RUN   TestSwallowedRowTamperingStillAbortsAndPoisonsHandle\n"}
{"Time":"2026-09-14T07:26:25.441715681+01:00","Action":"output","Package":"github.com/JohnnyPBelo/relayloom/native/groupstore","Test":"TestSwallowedRowTamperingStillAbortsAndPoisonsHandle","Output":"--- PASS: TestSwallowedRowTamperingStillAbortsAndPoisonsHandle (0.06s)\n"}
{"Time":"2026-09-14T07:26:25.441733735+01:00","Action":"pass","Package":"github.com/JohnnyPBelo/relayloom/native/groupstore","Test":"TestSwallowedRowTamperingStillAbortsAndPoisonsHandle","Elapsed":0.06}
{"Time":"2026-09-14T07:26:25.441742652+01:00","Action":"run","Package":"github.com/JohnnyPBelo/relayloom/native/groupstore","Test":"TestAADBindsStoreRecordAndRevision"}
{"Time":"2026-09-14T07:26:25.441745397+01:00","Action":"output","Package":"github.com/JohnnyPBelo/relayloom/native/groupstore","Test":"TestAADBindsStoreRecordAndRevision","Output":"=== RUN   TestAADBindsStoreRecordAndRevision\n"}
{"Time":"2026-09-14T07:26:25.444417366+01:00","Action":"output","Package":"github.com/JohnnyPBelo/relayloom/native/groupstore","Test":"TestAADBindsStoreRecordAndRevision","Output":"--- PASS: TestAADBindsStoreRecordAndRevision (0.00s)\n"}
{"Time":"2026-09-14T07:26:25.44442968+01:00","Action":"pass","Package":"github.com/JohnnyPBelo/relayloom/native/groupstore","Test":"TestAADBindsStoreRecordAndRevision","Elapsed":0}
{"Time":"2026-09-14T07:26:25.444441963+01:00","Action":"run","Package":"github.com/JohnnyPBelo/relayloom/native/groupstore","Test":"TestQuotaRefusalCanAtomicallySaveCheckpointReserve"}
{"Time":"2026-09-14T07:26:25.444443886+01:00","Action":"output","Package":"github.com/JohnnyPBelo/relayloom/native/groupstore","Test":"TestQuotaRefusalCanAtomicallySaveCheckpointReserve","Output":"=== RUN   TestQuotaRefusalCanAtomicallySaveCheckpointReserve\n"}
{"Time":"2026-09-14T07:26:25.52570809+01:00","Action":"output","Package":"github.com/JohnnyPBelo/relayloom/native/groupstore","Test":"TestQuotaRefusalCanAtomicallySaveCheckpointReserve","Output":"--- PASS: TestQuotaRefusalCanAtomicallySaveCheckpointReserve (0.08s)\n"}
{"Time":"2026-09-14T07:26:25.525725573+01:00","Action":"pass","Package":"github.com/JohnnyPBelo/relayloom/native/groupstore","Test":"TestQuotaRefusalCanAtomicallySaveCheckpointReserve","Elapsed":0.08}
{"Time":"2026-09-14T07:26:25.525731614+01:00","Action":"run","Package":"github.com/JohnnyPBelo/relayloom/native/groupstore","Test":"TestPartialIndexReplayFailsWhileFullValidBackupRemainsLimitation"}
{"Time":"2026-09-14T07:26:25.52573477+01:00","Action":"output","Package":"github.com/JohnnyPBelo/relayloom/native/groupstore","Test":"TestPartialIndexReplayFailsWhileFullValidBackupRemainsLimitation","Output":"=== RUN   TestPartialIndexReplayFailsWhileFullValidBackupRemainsLimitation\n"}
{"Time":"2026-09-14T07:26:25.607285821+01:00","Action":"output","Package":"github.com/JohnnyPBelo/relayloom/native/groupstore","Test":"TestPartialIndexReplayFailsWhileFullValidBackupRemainsLimitation","Output":"--- PASS: TestPartialIndexReplayFailsWhileFullValidBackupRemainsLimitation (0.08s)\n"}
{"Time":"2026-09-14T07:26:25.607303244+01:00","Action":"pass","Package":"github.com/JohnnyPBelo/relayloom/native/groupstore","Test":"TestPartialIndexReplayFailsWhileFullValidBackupRemainsLimitation","Elapsed":0.08}
{"Time":"2026-09-14T07:26:25.607309225+01:00","Action":"run","Package":"github.com/JohnnyPBelo/relayloom/native/groupstore","Test":"TestPanicRollsBackAndReleasesTransaction"}
{"Time":"2026-09-14T07:26:25.60731186+01:00","Action":"output","Package":"github.com/JohnnyPBelo/relayloom/native/groupstore","Test":"TestPanicRollsBackAndReleasesTransaction","Output":"=== RUN   TestPanicRollsBackAndReleasesTransaction\n"}
{"Time":"2026-09-14T07:26:25.635411484+01:00","Action":"output","Package":"github.com/JohnnyPBelo/relayloom/native/groupstore","Test":"TestPanicRollsBackAndReleasesTransaction","Output":"--- PASS: TestPanicRollsBackAndReleasesTransaction (0.03s)\n"}
{"Time":"2026-09-14T07:26:25.63542534+01:00","Action":"pass","Package":"github.com/JohnnyPBelo/relayloom/native/groupstore","Test":"TestPanicRollsBackAndReleasesTransaction","Elapsed":0.03}
{"Time":"2026-09-14T07:26:25.635445288+01:00","Action":"run","Package":"github.com/JohnnyPBelo/relayloom/native/groupstore","Test":"TestAuthenticatedMetadataReadAccessorsRespectTransactionLifetime"}
{"Time":"2026-09-14T07:26:25.635448263+01:00","Action":"output","Package":"github.com/JohnnyPBelo/relayloom/native/groupstore","Test":"TestAuthenticatedMetadataReadAccessorsRespectTransactionLifetime","Output":"=== RUN   TestAuthenticatedMetadataReadAccessorsRespectTransactionLifetime\n"}
{"Time":"2026-09-14T07:26:25.67644062+01:00","Action":"output","Package":"github.com/JohnnyPBelo/relayloom/native/groupstore","Test":"TestAuthenticatedMetadataReadAccessorsRespectTransactionLifetime","Output":"--- PASS: TestAuthenticatedMetadataReadAccessorsRespectTransactionLifetime (0.04s)\n"}
{"Time":"2026-09-14T07:26:25.676457632+01:00","Action":"pass","Package":"github.com/JohnnyPBelo/relayloom/native/groupstore","Test":"TestAuthenticatedMetadataReadAccessorsRespectTransactionLifetime","Elapsed":0.04}
{"Time":"2026-09-14T07:26:25.676463022+01:00","Action":"run","Package":"github.com/JohnnyPBelo/relayloom/native/groupstore","Test":"TestStoreProcessWorker"}
{"Time":"2026-09-14T07:26:25.676465677+01:00","Action":"output","Package":"github.com/JohnnyPBelo/relayloom/native/groupstore","Test":"TestStoreProcessWorker","Output":"=== RUN   TestStoreProcessWorker\n"}
{"Time":"2026-09-14T07:26:25.676534767+01:00","Action":"output","Package":"github.com/JohnnyPBelo/relayloom/native/groupstore","Test":"TestStoreProcessWorker","Output":"    worker_test.go:20: executed by the Node cross-runtime process test\n"}
{"Time":"2026-09-14T07:26:25.676556287+01:00","Action":"output","Package":"github.com/JohnnyPBelo/relayloom/native/groupstore","Test":"TestStoreProcessWorker","Output":"--- SKIP: TestStoreProcessWorker (0.00s)\n"}
{"Time":"2026-09-14T07:26:25.676560074+01:00","Action":"skip","Package":"github.com/JohnnyPBelo/relayloom/native/groupstore","Test":"TestStoreProcessWorker","Elapsed":0}
{"Time":"2026-09-14T07:26:25.676585021+01:00","Action":"output","Package":"github.com/JohnnyPBelo/relayloom/native/groupstore","Output":"PASS\n"}
{"Time":"2026-09-14T07:26:26.247295585+01:00","Action":"output","Package":"github.com/JohnnyPBelo/relayloom/native/app","Test":"TestGroupCommandLostResponseRecoversOnlyCommittedResult/after-commit","Output":"--- PASS: TestGroupCommandLostResponseRecoversOnlyCommittedResult/after-commit (0.95s)\n"}
{"Time":"2026-09-14T07:26:26.247333246+01:00","Action":"pass","Package":"github.com/JohnnyPBelo/relayloom/native/app","Test":"TestGroupCommandLostResponseRecoversOnlyCommittedResult/after-commit","Elapsed":0.95}
{"Time":"2026-09-14T07:26:26.247344467+01:00","Action":"output","Package":"github.com/JohnnyPBelo/relayloom/native/app","Test":"TestGroupCommandLostResponseRecoversOnlyCommittedResult","Output":"--- PASS: TestGroupCommandLostResponseRecoversOnlyCommittedResult (1.93s)\n"}
{"Time":"2026-09-14T07:26:26.247348544+01:00","Action":"pass","Package":"github.com/JohnnyPBelo/relayloom/native/app","Test":"TestGroupCommandLostResponseRecoversOnlyCommittedResult","Elapsed":1.93}
{"Time":"2026-09-14T07:26:26.247355948+01:00","Action":"run","Package":"github.com/JohnnyPBelo/relayloom/native/app","Test":"TestGroupCommandRejectsStalePrivateDigestAndRecovers"}
{"Time":"2026-09-14T07:26:26.247359174+01:00","Action":"output","Package":"github.com/JohnnyPBelo/relayloom/native/app","Test":"TestGroupCommandRejectsStalePrivateDigestAndRecovers","Output":"=== RUN   TestGroupCommandRejectsStalePrivateDigestAndRecovers\n"}
{"Time":"2026-09-14T07:26:26.67977628+01:00","Action":"output","Package":"github.com/JohnnyPBelo/relayloom/native/groupstore","Output":"ok  \tgithub.com/JohnnyPBelo/relayloom/native/groupstore\t1.606s\n"}
{"Time":"2026-09-14T07:26:26.679819531+01:00","Action":"pass","Package":"github.com/JohnnyPBelo/relayloom/native/groupstore","Elapsed":1.607}
{"Time":"2026-09-14T07:26:27.102872469+01:00","Action":"output","Package":"github.com/JohnnyPBelo/relayloom/native/app","Test":"TestGroupCommandRejectsStalePrivateDigestAndRecovers","Output":"--- PASS: TestGroupCommandRejectsStalePrivateDigestAndRecovers (0.86s)\n"}
{"Time":"2026-09-14T07:26:27.102918415+01:00","Action":"pass","Package":"github.com/JohnnyPBelo/relayloom/native/app","Test":"TestGroupCommandRejectsStalePrivateDigestAndRecovers","Elapsed":0.86}
{"Time":"2026-09-14T07:26:27.102929546+01:00","Action":"run","Package":"github.com/JohnnyPBelo/relayloom/native/app","Test":"TestGroupConfirmationCommitFailure"}
{"Time":"2026-09-14T07:26:27.102933002+01:00","Action":"output","Package":"github.com/JohnnyPBelo/relayloom/native/app","Test":"TestGroupConfirmationCommitFailure","Output":"=== RUN   TestGroupConfirmationCommitFailure\n"}
{"Time":"2026-09-14T07:26:27.102937962+01:00","Action":"run","Package":"github.com/JohnnyPBelo/relayloom/native/app","Test":"TestGroupConfirmationCommitFailure/rollback"}
{"Time":"2026-09-14T07:26:27.102940637+01:00","Action":"output","Package":"github.com/JohnnyPBelo/relayloom/native/app","Test":"TestGroupConfirmationCommitFailure/rollback","Output":"=== RUN   TestGroupConfirmationCommitFailure/rollback\n"}
{"Time":"2026-09-14T07:26:27.56103257+01:00","Action":"start","Package":"github.com/JohnnyPBelo/relayloom/native/groupauthority"}
{"Time":"2026-09-14T07:26:27.572213283+01:00","Action":"run","Package":"github.com/JohnnyPBelo/relayloom/native/groupauthority","Test":"TestGroupProfileTransactionFixture"}
{"Time":"2026-09-14T07:26:27.572236376+01:00","Action":"output","Package":"github.com/JohnnyPBelo/relayloom/native/groupauthority","Test":"TestGroupProfileTransactionFixture","Output":"=== RUN   TestGroupProfileTransactionFixture\n"}
{"Time":"2026-09-14T07:26:27.572324251+01:00","Action":"output","Package":"github.com/JohnnyPBelo/relayloom/native/groupauthority","Test":"TestGroupProfileTransactionFixture","Output":"    profile_worker_test.go:20: driven by the real Node/Go group/private transaction test\n"}
{"Time":"2026-09-14T07:26:27.572369356+01:00","Action":"output","Package":"github.com/JohnnyPBelo/relayloom/native/groupauthority","Test":"TestGroupProfileTransactionFixture","Output":"--- SKIP: TestGroupProfileTransactionFixture (0.00s)\n"}
{"Time":"2026-09-14T07:26:27.572387951+01:00","Action":"skip","Package":"github.com/JohnnyPBelo/relayloom/native/groupauthority","Test":"TestGroupProfileTransactionFixture","Elapsed":0}
{"Time":"2026-09-14T07:26:27.572416534+01:00","Action":"run","Package":"github.com/JohnnyPBelo/relayloom/native/groupauthority","Test":"TestVerifiedReadScopeClonesAndLifetime"}
{"Time":"2026-09-14T07:26:27.572421634+01:00","Action":"output","Package":"github.com/JohnnyPBelo/relayloom/native/groupauthority","Test":"TestVerifiedReadScopeClonesAndLifetime","Output":"=== RUN   TestVerifiedReadScopeClonesAndLifetime\n"}
{"Time":"2026-09-14T07:26:27.866261789+01:00","Action":"output","Package":"github.com/JohnnyPBelo/relayloom/native/groupauthority","Test":"TestVerifiedReadScopeClonesAndLifetime","Output":"    read_cache_test.go:35: 25 unchanged scoped reads: 223.738491ms\n"}
{"Time":"2026-09-14T07:26:28.085151399+01:00","Action":"output","Package":"github.com/JohnnyPBelo/relayloom/native/groupauthority","Test":"TestVerifiedReadScopeClonesAndLifetime","Output":"    read_cache_test.go:35: 25 unchanged scoped reads: 214.557727ms\n"}
{"Time":"2026-09-14T07:26:28.08584534+01:00","Action":"output","Package":"github.com/JohnnyPBelo/relayloom/native/groupauthority","Test":"TestVerifiedReadScopeClonesAndLifetime","Output":"--- PASS: TestVerifiedReadScopeClonesAndLifetime (0.51s)\n"}
{"Time":"2026-09-14T07:26:28.085853545+01:00","Action":"pass","Package":"github.com/JohnnyPBelo/relayloom/native/groupauthority","Test":"TestVerifiedReadScopeClonesAndLifetime","Elapsed":0.51}
{"Time":"2026-09-14T07:26:28.085870377+01:00","Action":"run","Package":"github.com/JohnnyPBelo/relayloom/native/groupauthority","Test":"TestVerifiedReadScopeInvalidatesReferencedWrites"}
{"Time":"2026-09-14T07:26:28.085874685+01:00","Action":"output","Package":"github.com/JohnnyPBelo/relayloom/native/groupauthority","Test":"TestVerifiedReadScopeInvalidatesReferencedWrites","Output":"=== RUN   TestVerifiedReadScopeInvalidatesReferencedWrites\n"}
{"Time":"2026-09-14T07:26:28.085924728+01:00","Action":"run","Package":"github.com/JohnnyPBelo/relayloom/native/groupauthority","Test":"TestVerifiedReadScopeInvalidatesReferencedWrites/checkpoint"}
{"Time":"2026-09-14T07:26:28.085930299+01:00","Action":"output","Package":"github.com/JohnnyPBelo/relayloom/native/groupauthority","Test":"TestVerifiedReadScopeInvalidatesReferencedWrites/checkpoint","Output":"=== RUN   TestVerifiedReadScopeInvalidatesReferencedWrites/checkpoint\n"}
{"Time":"2026-09-14T07:26:28.2209074+01:00","Action":"output","Package":"github.com/JohnnyPBelo/relayloom/native/groupauthority","Test":"TestVerifiedReadScopeInvalidatesReferencedWrites/checkpoint","Output":"--- PASS: TestVerifiedReadScopeInvalidatesReferencedWrites/checkpoint (0.13s)\n"}
{"Time":"2026-09-14T07:26:28.220945711+01:00","Action":"pass","Package":"github.com/JohnnyPBelo/relayloom/native/groupauthority","Test":"TestVerifiedReadScopeInvalidatesReferencedWrites/checkpoint","Elapsed":0.13}
{"Time":"2026-09-14T07:26:28.220960128+01:00","Action":"run","Package":"github.com/JohnnyPBelo/relayloom/native/groupauthority","Test":"TestVerifiedReadScopeInvalidatesReferencedWrites/epoch:"}
{"Time":"2026-09-14T07:26:28.220963926+01:00","Action":"output","Package":"github.com/JohnnyPBelo/relayloom/native/groupauthority","Test":"TestVerifiedReadScopeInvalidatesReferencedWrites/epoch:","Output":"=== RUN   TestVerifiedReadScopeInvalidatesReferencedWrites/epoch:\n"}
{"Time":"2026-09-14T07:26:28.361584537+01:00","Action":"output","Package":"github.com/JohnnyPBelo/relayloom/native/groupauthority","Test":"TestVerifiedReadScopeInvalidatesReferencedWrites/epoch:","Output":"--- PASS: TestVerifiedReadScopeInvalidatesReferencedWrites/epoch: (0.14s)\n"}
{"Time":"2026-09-14T07:26:28.361624883+01:00","Action":"pass","Package":"github.com/JohnnyPBelo/relayloom/native/groupauthority","Test":"TestVerifiedReadScopeInvalidatesReferencedWrites/epoch:","Elapsed":0.14}
{"Time":"2026-09-14T07:26:28.361634611+01:00","Action":"run","Package":"github.com/JohnnyPBelo/relayloom/native/groupauthority","Test":"TestVerifiedReadScopeInvalidatesReferencedWrites/snapshot:"}
{"Time":"2026-09-14T07:26:28.361638518+01:00","Action":"output","Package":"github.com/JohnnyPBelo/relayloom/native/groupauthority","Test":"TestVerifiedReadScopeInvalidatesReferencedWrites/snapshot:","Output":"=== RUN   TestVerifiedReadScopeInvalidatesReferencedWrites/snapshot:\n"}
{"Time":"2026-09-14T07:26:28.503806291+01:00","Action":"output","Package":"github.com/JohnnyPBelo/relayloom/native/groupauthority","Test":"TestVerifiedReadScopeInvalidatesReferencedWrites/snapshot:","Output":"--- PASS: TestVerifiedReadScopeInvalidatesReferencedWrites/snapshot: (0.14s)\n"}
{"Time":"2026-09-14T07:26:28.50384849+01:00","Action":"pass","Package":"github.com/JohnnyPBelo/relayloom/native/groupauthority","Test":"TestVerifiedReadScopeInvalidatesReferencedWrites/snapshot:","Elapsed":0.14}
{"Time":"2026-09-14T07:26:28.50386421+01:00","Action":"output","Package":"github.com/JohnnyPBelo/relayloom/native/groupauthority","Test":"TestVerifiedReadScopeInvalidatesReferencedWrites","Output":"--- PASS: TestVerifiedReadScopeInvalidatesReferencedWrites (0.42s)\n"}
{"Time":"2026-09-14T07:26:28.503868257+01:00","Action":"pass","Package":"github.com/JohnnyPBelo/relayloom/native/groupauthority","Test":"TestVerifiedReadScopeInvalidatesReferencedWrites","Elapsed":0.42}
{"Time":"2026-09-14T07:26:28.503872385+01:00","Action":"run","Package":"github.com/JohnnyPBelo/relayloom/native/groupauthority","Test":"TestVerifiedReadScopeClosureInvalidatesEarlierView"}
{"Time":"2026-09-14T07:26:28.503876422+01:00","Action":"output","Package":"github.com/JohnnyPBelo/relayloom/native/groupauthority","Test":"TestVerifiedReadScopeClosureInvalidatesEarlierView","Output":"=== RUN   TestVerifiedReadScopeClosureInvalidatesEarlierView\n"}
{"Time":"2026-09-14T07:26:28.702290783+01:00","Action":"output","Package":"github.com/JohnnyPBelo/relayloom/native/groupauthority","Test":"TestVerifiedReadScopeClosureInvalidatesEarlierView","Output":"--- PASS: TestVerifiedReadScopeClosureInvalidatesEarlierView (0.20s)\n"}
{"Time":"2026-09-14T07:26:28.702331098+01:00","Action":"pass","Package":"github.com/JohnnyPBelo/relayloom/native/groupauthority","Test":"TestVerifiedReadScopeClosureInvalidatesEarlierView","Elapsed":0.2}
{"Time":"2026-09-14T07:26:28.702339654+01:00","Action":"run","Package":"github.com/JohnnyPBelo/relayloom/native/groupauthority","Test":"TestVerifiedReadScopeRetainsAtMostEightCheckpoints"}
{"Time":"2026-09-14T07:26:28.702343642+01:00","Action":"output","Package":"github.com/JohnnyPBelo/relayloom/native/groupauthority","Test":"TestVerifiedReadScopeRetainsAtMostEightCheckpoints","Output":"=== RUN   TestVerifiedReadScopeRetainsAtMostEightCheckpoints\n"}
{"Time":"2026-09-14T07:26:29.403138693+01:00","Action":"output","Package":"github.com/JohnnyPBelo/relayloom/native/groupauthority","Test":"TestVerifiedReadScopeRetainsAtMostEightCheckpoints","Output":"--- PASS: TestVerifiedReadScopeRetainsAtMostEightCheckpoints (0.70s)\n"}
{"Time":"2026-09-14T07:26:29.403178968+01:00","Action":"pass","Package":"github.com/JohnnyPBelo/relayloom/native/groupauthority","Test":"TestVerifiedReadScopeRetainsAtMostEightCheckpoints","Elapsed":0.7}
{"Time":"2026-09-14T07:26:29.403187575+01:00","Action":"run","Package":"github.com/JohnnyPBelo/relayloom/native/groupauthority","Test":"TestAuthorityRecordClonePreservesWireStringsAndReferences"}
{"Time":"2026-09-14T07:26:29.40319047+01:00","Action":"output","Package":"github.com/JohnnyPBelo/relayloom/native/groupauthority","Test":"TestAuthorityRecordClonePreservesWireStringsAndReferences","Output":"=== RUN   TestAuthorityRecordClonePreservesWireStringsAndReferences\n"}
{"Time":"2026-09-14T07:26:29.404706933+01:00","Action":"output","Package":"github.com/JohnnyPBelo/relayloom/native/groupauthority","Test":"TestAuthorityRecordClonePreservesWireStringsAndReferences","Output":"--- PASS: TestAuthorityRecordClonePreservesWireStringsAndReferences (0.00s)\n"}
{"Time":"2026-09-14T07:26:29.404711742+01:00","Action":"pass","Package":"github.com/JohnnyPBelo/relayloom/native/groupauthority","Test":"TestAuthorityRecordClonePreservesWireStringsAndReferences","Elapsed":0}
{"Time":"2026-09-14T07:26:29.404722482+01:00","Action":"run","Package":"github.com/JohnnyPBelo/relayloom/native/groupauthority","Test":"TestCreationPersistenceAndFiniteIdempotence"}
{"Time":"2026-09-14T07:26:29.40472648+01:00","Action":"output","Package":"github.com/JohnnyPBelo/relayloom/native/groupauthority","Test":"TestCreationPersistenceAndFiniteIdempotence","Output":"=== RUN   TestCreationPersistenceAndFiniteIdempotence\n"}
{"Time":"2026-09-14T07:26:29.56210408+01:00","Action":"output","Package":"github.com/JohnnyPBelo/relayloom/native/groupauthority","Test":"TestCreationPersistenceAndFiniteIdempotence","Output":"--- PASS: TestCreationPersistenceAndFiniteIdempotence (0.16s)\n"}
{"Time":"2026-09-14T07:26:29.562142922+01:00","Action":"pass","Package":"github.com/JohnnyPBelo/relayloom/native/groupauthority","Test":"TestCreationPersistenceAndFiniteIdempotence","Elapsed":0.16}
{"Time":"2026-09-14T07:26:29.562150857+01:00","Action":"run","Package":"github.com/JohnnyPBelo/relayloom/native/groupauthority","Test":"TestInvitationFreshConsentAndLeaveReentry"}
{"Time":"2026-09-14T07:26:29.562155075+01:00","Action":"output","Package":"github.com/JohnnyPBelo/relayloom/native/groupauthority","Test":"TestInvitationFreshConsentAndLeaveReentry","Output":"=== RUN   TestInvitationFreshConsentAndLeaveReentry\n"}
{"Time":"2026-09-14T07:26:32.101018799+01:00","Action":"output","Package":"github.com/JohnnyPBelo/relayloom/native/app","Test":"TestGroupConfirmationCommitFailure/rollback","Output":"--- PASS: TestGroupConfirmationCommitFailure/rollback (5.00s)\n"}
{"Time":"2026-09-14T07:26:32.10105678+01:00","Action":"pass","Package":"github.com/JohnnyPBelo/relayloom/native/app","Test":"TestGroupConfirmationCommitFailure/rollback","Elapsed":5}
{"Time":"2026-09-14T07:26:32.101066999+01:00","Action":"run","Package":"github.com/JohnnyPBelo/relayloom/native/app","Test":"TestGroupConfirmationCommitFailure/lost-response"}
{"Time":"2026-09-14T07:26:32.101070165+01:00","Action":"output","Package":"github.com/JohnnyPBelo/relayloom/native/app","Test":"TestGroupConfirmationCommitFailure/lost-response","Output":"=== RUN   TestGroupConfirmationCommitFailure/lost-response\n"}
{"Time":"2026-09-14T07:26:32.379060964+01:00","Action":"output","Package":"github.com/JohnnyPBelo/relayloom/native/groupauthority","Test":"TestInvitationFreshConsentAndLeaveReentry","Output":"--- PASS: TestInvitationFreshConsentAndLeaveReentry (2.82s)\n"}
{"Time":"2026-09-14T07:26:32.379099316+01:00","Action":"pass","Package":"github.com/JohnnyPBelo/relayloom/native/groupauthority","Test":"TestInvitationFreshConsentAndLeaveReentry","Elapsed":2.82}
{"Time":"2026-09-14T07:26:32.379110167+01:00","Action":"run","Package":"github.com/JohnnyPBelo/relayloom/native/groupauthority","Test":"TestCursorWaitsForIntermediateSnapshot"}
{"Time":"2026-09-14T07:26:32.379118262+01:00","Action":"output","Package":"github.com/JohnnyPBelo/relayloom/native/groupauthority","Test":"TestCursorWaitsForIntermediateSnapshot","Output":"=== RUN   TestCursorWaitsForIntermediateSnapshot\n"}
{"Time":"2026-09-14T07:26:34.757908481+01:00","Action":"output","Package":"github.com/JohnnyPBelo/relayloom/native/groupauthority","Test":"TestCursorWaitsForIntermediateSnapshot","Output":"--- PASS: TestCursorWaitsForIntermediateSnapshot (2.38s)\n"}
{"Time":"2026-09-14T07:26:34.757947374+01:00","Action":"pass","Package":"github.com/JohnnyPBelo/relayloom/native/groupauthority","Test":"TestCursorWaitsForIntermediateSnapshot","Elapsed":2.38}
{"Time":"2026-09-14T07:26:34.757957694+01:00","Action":"run","Package":"github.com/JohnnyPBelo/relayloom/native/groupauthority","Test":"TestCapacityRecoveryAndDurableStops"}
{"Time":"2026-09-14T07:26:34.757961882+01:00","Action":"output","Package":"github.com/JohnnyPBelo/relayloom/native/groupauthority","Test":"TestCapacityRecoveryAndDurableStops","Output":"=== RUN   TestCapacityRecoveryAndDurableStops\n"}
{"Time":"2026-09-14T07:26:36.998351472+01:00","Action":"output","Package":"github.com/JohnnyPBelo/relayloom/native/groupauthority","Test":"TestCapacityRecoveryAndDurableStops","Output":"--- PASS: TestCapacityRecoveryAndDurableStops (2.24s)\n"}
{"Time":"2026-09-14T07:26:36.998388411+01:00","Action":"pass","Package":"github.com/JohnnyPBelo/relayloom/native/groupauthority","Test":"TestCapacityRecoveryAndDurableStops","Elapsed":2.24}
{"Time":"2026-09-14T07:26:36.998399502+01:00","Action":"run","Package":"github.com/JohnnyPBelo/relayloom/native/groupauthority","Test":"TestConcurrentHandlesCommitOnlyOneSuccessor"}
{"Time":"2026-09-14T07:26:36.998405253+01:00","Action":"output","Package":"github.com/JohnnyPBelo/relayloom/native/groupauthority","Test":"TestConcurrentHandlesCommitOnlyOneSuccessor","Output":"=== RUN   TestConcurrentHandlesCommitOnlyOneSuccessor\n"}
{"Time":"2026-09-14T07:26:37.148831599+01:00","Action":"output","Package":"github.com/JohnnyPBelo/relayloom/native/app","Test":"TestGroupConfirmationCommitFailure/lost-response","Output":"--- PASS: TestGroupConfirmationCommitFailure/lost-response (5.05s)\n"}
{"Time":"2026-09-14T07:26:37.148870592+01:00","Action":"pass","Package":"github.com/JohnnyPBelo/relayloom/native/app","Test":"TestGroupConfirmationCommitFailure/lost-response","Elapsed":5.05}
{"Time":"2026-09-14T07:26:37.148879118+01:00","Action":"output","Package":"github.com/JohnnyPBelo/relayloom/native/app","Test":"TestGroupConfirmationCommitFailure","Output":"--- PASS: TestGroupConfirmationCommitFailure (10.05s)\n"}
{"Time":"2026-09-14T07:26:37.148882855+01:00","Action":"pass","Package":"github.com/JohnnyPBelo/relayloom/native/app","Test":"TestGroupConfirmationCommitFailure","Elapsed":10.05}
{"Time":"2026-09-14T07:26:37.148898475+01:00","Action":"run","Package":"github.com/JohnnyPBelo/relayloom/native/app","Test":"TestGroupConfirmationBlockedAndMissingOriginal"}
{"Time":"2026-09-14T07:26:37.148901931+01:00","Action":"output","Package":"github.com/JohnnyPBelo/relayloom/native/app","Test":"TestGroupConfirmationBlockedAndMissingOriginal","Output":"=== RUN   TestGroupConfirmationBlockedAndMissingOriginal\n"}
{"Time":"2026-09-14T07:26:37.312326368+01:00","Action":"output","Package":"github.com/JohnnyPBelo/relayloom/native/groupauthority","Test":"TestConcurrentHandlesCommitOnlyOneSuccessor","Output":"--- PASS: TestConcurrentHandlesCommitOnlyOneSuccessor (0.31s)\n"}
{"Time":"2026-09-14T07:26:37.312371933+01:00","Action":"pass","Package":"github.com/JohnnyPBelo/relayloom/native/groupauthority","Test":"TestConcurrentHandlesCommitOnlyOneSuccessor","Elapsed":0.31}
{"Time":"2026-09-14T07:26:37.312379858+01:00","Action":"run","Package":"github.com/JohnnyPBelo/relayloom/native/groupauthority","Test":"TestMalformedCheckpointPoisonsHandle"}
{"Time":"2026-09-14T07:26:37.312382513+01:00","Action":"output","Package":"github.com/JohnnyPBelo/relayloom/native/groupauthority","Test":"TestMalformedCheckpointPoisonsHandle","Output":"=== RUN   TestMalformedCheckpointPoisonsHandle\n"}
{"Time":"2026-09-14T07:26:37.395389484+01:00","Action":"output","Package":"github.com/JohnnyPBelo/relayloom/native/groupauthority","Test":"TestMalformedCheckpointPoisonsHandle","Output":"--- PASS: TestMalformedCheckpointPoisonsHandle (0.08s)\n"}
{"Time":"2026-09-14T07:26:37.395404963+01:00","Action":"pass","Package":"github.com/JohnnyPBelo/relayloom/native/groupauthority","Test":"TestMalformedCheckpointPoisonsHandle","Elapsed":0.08}
{"Time":"2026-09-14T07:26:37.395420863+01:00","Action":"run","Package":"github.com/JohnnyPBelo/relayloom/native/groupauthority","Test":"TestValidRemovalSurvivesInvalidTrailingProof"}
{"Time":"2026-09-14T07:26:37.395423739+01:00","Action":"output","Package":"github.com/JohnnyPBelo/relayloom/native/groupauthority","Test":"TestValidRemovalSurvivesInvalidTrailingProof","Output":"=== RUN   TestValidRemovalSurvivesInvalidTrailingProof\n"}
{"Time":"2026-09-14T07:26:38.66564222+01:00","Action":"output","Package":"github.com/JohnnyPBelo/relayloom/native/groupauthority","Test":"TestValidRemovalSurvivesInvalidTrailingProof","Output":"--- PASS: TestValidRemovalSurvivesInvalidTrailingProof (1.27s)\n"}
{"Time":"2026-09-14T07:26:38.665688708+01:00","Action":"pass","Package":"github.com/JohnnyPBelo/relayloom/native/groupauthority","Test":"TestValidRemovalSurvivesInvalidTrailingProof","Elapsed":1.27}
{"Time":"2026-09-14T07:26:38.665699678+01:00","Action":"run","Package":"github.com/JohnnyPBelo/relayloom/native/groupauthority","Test":"TestInvalidIntermediateConsentCannotBeSkipped"}
{"Time":"2026-09-14T07:26:38.665704177+01:00","Action":"output","Package":"github.com/JohnnyPBelo/relayloom/native/groupauthority","Test":"TestInvalidIntermediateConsentCannotBeSkipped","Output":"=== RUN   TestInvalidIntermediateConsentCannotBeSkipped\n"}
{"Time":"2026-09-14T07:26:39.310981537+01:00","Action":"output","Package":"github.com/JohnnyPBelo/relayloom/native/groupauthority","Test":"TestInvalidIntermediateConsentCannotBeSkipped","Output":"--- PASS: TestInvalidIntermediateConsentCannotBeSkipped (0.65s)\n"}
{"Time":"2026-09-14T07:26:39.311020139+01:00","Action":"pass","Package":"github.com/JohnnyPBelo/relayloom/native/groupauthority","Test":"TestInvalidIntermediateConsentCannotBeSkipped","Elapsed":0.65}
{"Time":"2026-09-14T07:26:39.311029276+01:00","Action":"run","Package":"github.com/JohnnyPBelo/relayloom/native/groupauthority","Test":"TestSignedOrphansCannotFreezeAndAnchoredForkCannotRecover"}
{"Time":"2026-09-14T07:26:39.311032803+01:00","Action":"output","Package":"github.com/JohnnyPBelo/relayloom/native/groupauthority","Test":"TestSignedOrphansCannotFreezeAndAnchoredForkCannotRecover","Output":"=== RUN   TestSignedOrphansCannotFreezeAndAnchoredForkCannotRecover\n"}
{"Time":"2026-09-14T07:26:40.094469921+01:00","Action":"output","Package":"github.com/JohnnyPBelo/relayloom/native/groupauthority","Test":"TestSignedOrphansCannotFreezeAndAnchoredForkCannotRecover","Output":"--- PASS: TestSignedOrphansCannotFreezeAndAnchoredForkCannotRecover (0.78s)\n"}
{"Time":"2026-09-14T07:26:40.094512841+01:00","Action":"pass","Package":"github.com/JohnnyPBelo/relayloom/native/groupauthority","Test":"TestSignedOrphansCannotFreezeAndAnchoredForkCannotRecover","Elapsed":0.78}
{"Time":"2026-09-14T07:26:40.094520816+01:00","Action":"run","Package":"github.com/JohnnyPBelo/relayloom/native/groupauthority","Test":"TestFiniteRetentionAndRememberedGroupLimit"}
{"Time":"2026-09-14T07:26:40.094524804+01:00","Action":"output","Package":"github.com/JohnnyPBelo/relayloom/native/groupauthority","Test":"TestFiniteRetentionAndRememberedGroupLimit","Output":"=== RUN   TestFiniteRetentionAndRememberedGroupLimit\n"}
{"Time":"2026-09-14T07:26:41.531410031+01:00","Action":"output","Package":"github.com/JohnnyPBelo/relayloom/native/app","Test":"TestGroupConfirmationBlockedAndMissingOriginal","Output":"--- PASS: TestGroupConfirmationBlockedAndMissingOriginal (4.38s)\n"}
{"Time":"2026-09-14T07:26:41.531453102+01:00","Action":"pass","Package":"github.com/JohnnyPBelo/relayloom/native/app","Test":"TestGroupConfirmationBlockedAndMissingOriginal","Elapsed":4.38}
{"Time":"2026-09-14T07:26:41.531464203+01:00","Action":"run","Package":"github.com/JohnnyPBelo/relayloom/native/app","Test":"TestGroupConfirmationWrongBindingCannotSuppressValidFact"}
{"Time":"2026-09-14T07:26:41.531467209+01:00","Action":"output","Package":"github.com/JohnnyPBelo/relayloom/native/app","Test":"TestGroupConfirmationWrongBindingCannotSuppressValidFact","Output":"=== RUN   TestGroupConfirmationWrongBindingCannotSuppressValidFact\n"}
{"Time":"2026-09-14T07:26:45.624592401+01:00","Action":"output","Package":"github.com/JohnnyPBelo/relayloom/native/app","Test":"TestGroupConfirmationWrongBindingCannotSuppressValidFact","Output":"--- PASS: TestGroupConfirmationWrongBindingCannotSuppressValidFact (4.09s)\n"}
{"Time":"2026-09-14T07:26:45.624629771+01:00","Action":"pass","Package":"github.com/JohnnyPBelo/relayloom/native/app","Test":"TestGroupConfirmationWrongBindingCannotSuppressValidFact","Elapsed":4.09}
{"Time":"2026-09-14T07:26:45.62463996+01:00","Action":"run","Package":"github.com/JohnnyPBelo/relayloom/native/app","Test":"TestGroupConfirmationMissingHistoricalProof"}
{"Time":"2026-09-14T07:26:45.624643617+01:00","Action":"output","Package":"github.com/JohnnyPBelo/relayloom/native/app","Test":"TestGroupConfirmationMissingHistoricalProof","Output":"=== RUN   TestGroupConfirmationMissingHistoricalProof\n"}
{"Time":"2026-09-14T07:26:52.642127283+01:00","Action":"output","Package":"github.com/JohnnyPBelo/relayloom/native/app","Test":"TestGroupConfirmationMissingHistoricalProof","Output":"--- PASS: TestGroupConfirmationMissingHistoricalProof (7.02s)\n"}
{"Time":"2026-09-14T07:26:52.642170444+01:00","Action":"pass","Package":"github.com/JohnnyPBelo/relayloom/native/app","Test":"TestGroupConfirmationMissingHistoricalProof","Elapsed":7.02}
{"Time":"2026-09-14T07:26:52.642181364+01:00","Action":"run","Package":"github.com/JohnnyPBelo/relayloom/native/app","Test":"TestGroupAdmissionOuterRollbackCannotDisplay"}
{"Time":"2026-09-14T07:26:52.642185121+01:00","Action":"output","Package":"github.com/JohnnyPBelo/relayloom/native/app","Test":"TestGroupAdmissionOuterRollbackCannotDisplay","Output":"=== RUN   TestGroupAdmissionOuterRollbackCannotDisplay\n"}
{"Time":"2026-09-14T07:26:53.873083732+01:00","Action":"output","Package":"github.com/JohnnyPBelo/relayloom/native/app","Test":"TestGroupAdmissionOuterRollbackCannotDisplay","Output":"--- PASS: TestGroupAdmissionOuterRollbackCannotDisplay (1.23s)\n"}
{"Time":"2026-09-14T07:26:53.873126872+01:00","Action":"pass","Package":"github.com/JohnnyPBelo/relayloom/native/app","Test":"TestGroupAdmissionOuterRollbackCannotDisplay","Elapsed":1.23}
{"Time":"2026-09-14T07:26:53.87313642+01:00","Action":"run","Package":"github.com/JohnnyPBelo/relayloom/native/app","Test":"TestGroupHistoricalDeleteAndAdmissionRecoverAfterLostResponse"}
{"Time":"2026-09-14T07:26:53.873143083+01:00","Action":"output","Package":"github.com/JohnnyPBelo/relayloom/native/app","Test":"TestGroupHistoricalDeleteAndAdmissionRecoverAfterLostResponse","Output":"=== RUN   TestGroupHistoricalDeleteAndAdmissionRecoverAfterLostResponse\n"}
{"Time":"2026-09-14T07:26:55.676912327+01:00","Action":"output","Package":"github.com/JohnnyPBelo/relayloom/native/app","Test":"TestGroupHistoricalDeleteAndAdmissionRecoverAfterLostResponse","Output":"--- PASS: TestGroupHistoricalDeleteAndAdmissionRecoverAfterLostResponse (1.80s)\n"}
{"Time":"2026-09-14T07:26:55.676954095+01:00","Action":"pass","Package":"github.com/JohnnyPBelo/relayloom/native/app","Test":"TestGroupHistoricalDeleteAndAdmissionRecoverAfterLostResponse","Elapsed":1.8}
{"Time":"2026-09-14T07:26:55.676962872+01:00","Action":"run","Package":"github.com/JohnnyPBelo/relayloom/native/app","Test":"TestGroupQuarantineReservationFailureRollsBackAndLocks"}
{"Time":"2026-09-14T07:26:55.676968172+01:00","Action":"output","Package":"github.com/JohnnyPBelo/relayloom/native/app","Test":"TestGroupQuarantineReservationFailureRollsBackAndLocks","Output":"=== RUN   TestGroupQuarantineReservationFailureRollsBackAndLocks\n"}
{"Time":"2026-09-14T07:26:57.511520441+01:00","Action":"output","Package":"github.com/JohnnyPBelo/relayloom/native/app","Test":"TestGroupQuarantineReservationFailureRollsBackAndLocks","Output":"--- PASS: TestGroupQuarantineReservationFailureRollsBackAndLocks (1.83s)\n"}
{"Time":"2026-09-14T07:26:57.511562039+01:00","Action":"pass","Package":"github.com/JohnnyPBelo/relayloom/native/app","Test":"TestGroupQuarantineReservationFailureRollsBackAndLocks","Elapsed":1.83}
{"Time":"2026-09-14T07:26:57.511571136+01:00","Action":"run","Package":"github.com/JohnnyPBelo/relayloom/native/app","Test":"TestGroupCorruptQuarantineDoesNotBlockHealthyAdmission"}
{"Time":"2026-09-14T07:26:57.511574292+01:00","Action":"output","Package":"github.com/JohnnyPBelo/relayloom/native/app","Test":"TestGroupCorruptQuarantineDoesNotBlockHealthyAdmission","Output":"=== RUN   TestGroupCorruptQuarantineDoesNotBlockHealthyAdmission\n"}
{"Time":"2026-09-14T07:26:58.805657569+01:00","Action":"output","Package":"github.com/JohnnyPBelo/relayloom/native/app","Test":"TestGroupCorruptQuarantineDoesNotBlockHealthyAdmission","Output":"--- PASS: TestGroupCorruptQuarantineDoesNotBlockHealthyAdmission (1.29s)\n"}
{"Time":"2026-09-14T07:26:58.805702152+01:00","Action":"pass","Package":"github.com/JohnnyPBelo/relayloom/native/app","Test":"TestGroupCorruptQuarantineDoesNotBlockHealthyAdmission","Elapsed":1.29}
{"Time":"2026-09-14T07:26:58.805713664+01:00","Action":"run","Package":"github.com/JohnnyPBelo/relayloom/native/app","Test":"TestGroupHistoryExpiryMustMatchSignedBundle"}
{"Time":"2026-09-14T07:26:58.805719004+01:00","Action":"output","Package":"github.com/JohnnyPBelo/relayloom/native/app","Test":"TestGroupHistoryExpiryMustMatchSignedBundle","Output":"=== RUN   TestGroupHistoryExpiryMustMatchSignedBundle\n"}
{"Time":"2026-09-14T07:27:00.061972412+01:00","Action":"output","Package":"github.com/JohnnyPBelo/relayloom/native/app","Test":"TestGroupHistoryExpiryMustMatchSignedBundle","Output":"--- PASS: TestGroupHistoryExpiryMustMatchSignedBundle (1.26s)\n"}
{"Time":"2026-09-14T07:27:00.062011345+01:00","Action":"pass","Package":"github.com/JohnnyPBelo/relayloom/native/app","Test":"TestGroupHistoryExpiryMustMatchSignedBundle","Elapsed":1.26}
{"Time":"2026-09-14T07:27:00.062022055+01:00","Action":"run","Package":"github.com/JohnnyPBelo/relayloom/native/app","Test":"TestVerifiedControlReplayAvoidsReapplicationAndKeepsSafetyHeaders"}
{"Time":"2026-09-14T07:27:00.062026043+01:00","Action":"output","Package":"github.com/JohnnyPBelo/relayloom/native/app","Test":"TestVerifiedControlReplayAvoidsReapplicationAndKeepsSafetyHeaders","Output":"=== RUN   TestVerifiedControlReplayAvoidsReapplicationAndKeepsSafetyHeaders\n"}
{"Time":"2026-09-14T07:27:08.134869128+01:00","Action":"output","Package":"github.com/JohnnyPBelo/relayloom/native/app","Test":"TestVerifiedControlReplayAvoidsReapplicationAndKeepsSafetyHeaders","Output":"--- PASS: TestVerifiedControlReplayAvoidsReapplicationAndKeepsSafetyHeaders (8.07s)\n"}
{"Time":"2026-09-14T07:27:08.134907941+01:00","Action":"pass","Package":"github.com/JohnnyPBelo/relayloom/native/app","Test":"TestVerifiedControlReplayAvoidsReapplicationAndKeepsSafetyHeaders","Elapsed":8.07}
{"Time":"2026-09-14T07:27:08.134915976+01:00","Action":"run","Package":"github.com/JohnnyPBelo/relayloom/native/app","Test":"TestGroupEventCommitFailures"}
{"Time":"2026-09-14T07:27:08.134919723+01:00","Action":"output","Package":"github.com/JohnnyPBelo/relayloom/native/app","Test":"TestGroupEventCommitFailures","Output":"=== RUN   TestGroupEventCommitFailures\n"}
{"Time":"2026-09-14T07:27:08.134923991+01:00","Action":"run","Package":"github.com/JohnnyPBelo/relayloom/native/app","Test":"TestGroupEventCommitFailures/rollback"}
{"Time":"2026-09-14T07:27:08.134927127+01:00","Action":"output","Package":"github.com/JohnnyPBelo/relayloom/native/app","Test":"TestGroupEventCommitFailures/rollback","Output":"=== RUN   TestGroupEventCommitFailures/rollback\n"}
{"Time":"2026-09-14T07:27:13.630340811+01:00","Action":"output","Package":"github.com/JohnnyPBelo/relayloom/native/app","Test":"TestGroupEventCommitFailures/rollback","Output":"--- PASS: TestGroupEventCommitFailures/rollback (5.50s)\n"}
{"Time":"2026-09-14T07:27:13.630378992+01:00","Action":"pass","Package":"github.com/JohnnyPBelo/relayloom/native/app","Test":"TestGroupEventCommitFailures/rollback","Elapsed":5.5}
{"Time":"2026-09-14T07:27:13.630416272+01:00","Action":"run","Package":"github.com/JohnnyPBelo/relayloom/native/app","Test":"TestGroupEventCommitFailures/lost-response"}
{"Time":"2026-09-14T07:27:13.630421712+01:00","Action":"output","Package":"github.com/JohnnyPBelo/relayloom/native/app","Test":"TestGroupEventCommitFailures/lost-response","Output":"=== RUN   TestGroupEventCommitFailures/lost-response\n"}
{"Time":"2026-09-14T07:27:19.056224101+01:00","Action":"output","Package":"github.com/JohnnyPBelo/relayloom/native/app","Test":"TestGroupEventCommitFailures/lost-response","Output":"--- PASS: TestGroupEventCommitFailures/lost-response (5.43s)\n"}
{"Time":"2026-09-14T07:27:19.056262543+01:00","Action":"pass","Package":"github.com/JohnnyPBelo/relayloom/native/app","Test":"TestGroupEventCommitFailures/lost-response","Elapsed":5.43}
{"Time":"2026-09-14T07:27:19.056273073+01:00","Action":"output","Package":"github.com/JohnnyPBelo/relayloom/native/app","Test":"TestGroupEventCommitFailures","Output":"--- PASS: TestGroupEventCommitFailures (10.92s)\n"}
{"Time":"2026-09-14T07:27:19.05627697+01:00","Action":"pass","Package":"github.com/JohnnyPBelo/relayloom/native/app","Test":"TestGroupEventCommitFailures","Elapsed":10.92}
{"Time":"2026-09-14T07:27:19.056281348+01:00","Action":"run","Package":"github.com/JohnnyPBelo/relayloom/native/app","Test":"TestGroupEventQueuedFences"}
{"Time":"2026-09-14T07:27:19.056284284+01:00","Action":"output","Package":"github.com/JohnnyPBelo/relayloom/native/app","Test":"TestGroupEventQueuedFences","Output":"=== RUN   TestGroupEventQueuedFences\n"}
{"Time":"2026-09-14T07:27:19.056297839+01:00","Action":"run","Package":"github.com/JohnnyPBelo/relayloom/native/app","Test":"TestGroupEventQueuedFences/allowed-control"}
{"Time":"2026-09-14T07:27:19.056300664+01:00","Action":"output","Package":"github.com/JohnnyPBelo/relayloom/native/app","Test":"TestGroupEventQueuedFences/allowed-control","Output":"=== RUN   TestGroupEventQueuedFences/allowed-control\n"}
{"Time":"2026-09-14T07:27:23.993323774+01:00","Action":"output","Package":"github.com/JohnnyPBelo/relayloom/native/app","Test":"TestGroupEventQueuedFences/allowed-control","Output":"--- PASS: TestGroupEventQueuedFences/allowed-control (4.94s)\n"}
{"Time":"2026-09-14T07:27:23.993362947+01:00","Action":"pass","Package":"github.com/JohnnyPBelo/relayloom/native/app","Test":"TestGroupEventQueuedFences/allowed-control","Elapsed":4.94}
{"Time":"2026-09-14T07:27:23.993446624+01:00","Action":"run","Package":"github.com/JohnnyPBelo/relayloom/native/app","Test":"TestGroupEventQueuedFences/close"}
{"Time":"2026-09-14T07:27:23.993483353+01:00","Action":"output","Package":"github.com/JohnnyPBelo/relayloom/native/app","Test":"TestGroupEventQueuedFences/close","Output":"=== RUN   TestGroupEventQueuedFences/close\n"}
{"Time":"2026-09-14T07:27:29.351800373+01:00","Action":"output","Package":"github.com/JohnnyPBelo/relayloom/native/app","Test":"TestGroupEventQueuedFences/close","Output":"--- PASS: TestGroupEventQueuedFences/close (5.36s)\n"}
{"Time":"2026-09-14T07:27:29.351850798+01:00","Action":"pass","Package":"github.com/JohnnyPBelo/relayloom/native/app","Test":"TestGroupEventQueuedFences/close","Elapsed":5.36}
{"Time":"2026-09-14T07:27:29.351863402+01:00","Action":"run","Package":"github.com/JohnnyPBelo/relayloom/native/app","Test":"TestGroupEventQueuedFences/evicted"}
{"Time":"2026-09-14T07:27:29.351866688+01:00","Action":"output","Package":"github.com/JohnnyPBelo/relayloom/native/app","Test":"TestGroupEventQueuedFences/evicted","Output":"=== RUN   TestGroupEventQueuedFences/evicted\n"}
{"Time":"2026-09-14T07:27:34.63590486+01:00","Action":"output","Package":"github.com/JohnnyPBelo/relayloom/native/app","Test":"TestGroupEventQueuedFences/evicted","Output":"--- PASS: TestGroupEventQueuedFences/evicted (5.28s)\n"}
{"Time":"2026-09-14T07:27:34.635942932+01:00","Action":"pass","Package":"github.com/JohnnyPBelo/relayloom/native/app","Test":"TestGroupEventQueuedFences/evicted","Elapsed":5.28}
{"Time":"2026-09-14T07:27:34.635953652+01:00","Action":"run","Package":"github.com/JohnnyPBelo/relayloom/native/app","Test":"TestGroupEventQueuedFences/block"}
{"Time":"2026-09-14T07:27:34.635957269+01:00","Action":"output","Package":"github.com/JohnnyPBelo/relayloom/native/app","Test":"TestGroupEventQueuedFences/block","Output":"=== RUN   TestGroupEventQueuedFences/block\n"}
{"Time":"2026-09-14T07:27:39.378815575+01:00","Action":"output","Package":"github.com/JohnnyPBelo/relayloom/native/app","Test":"TestGroupEventQueuedFences/block","Output":"--- PASS: TestGroupEventQueuedFences/block (4.74s)\n"}
{"Time":"2026-09-14T07:27:39.378853366+01:00","Action":"pass","Package":"github.com/JohnnyPBelo/relayloom/native/app","Test":"TestGroupEventQueuedFences/block","Elapsed":4.74}
{"Time":"2026-09-14T07:27:39.378862333+01:00","Action":"run","Package":"github.com/JohnnyPBelo/relayloom/native/app","Test":"TestGroupEventQueuedFences/lock"}
{"Time":"2026-09-14T07:27:39.378864958+01:00","Action":"output","Package":"github.com/JohnnyPBelo/relayloom/native/app","Test":"TestGroupEventQueuedFences/lock","Output":"=== RUN   TestGroupEventQueuedFences/lock\n"}
{"Time":"2026-09-14T07:27:44.069413588+01:00","Action":"output","Package":"github.com/JohnnyPBelo/relayloom/native/app","Test":"TestGroupEventQueuedFences/lock","Output":"--- PASS: TestGroupEventQueuedFences/lock (4.69s)\n"}
{"Time":"2026-09-14T07:27:44.069461308+01:00","Action":"pass","Package":"github.com/JohnnyPBelo/relayloom/native/app","Test":"TestGroupEventQueuedFences/lock","Elapsed":4.69}
{"Time":"2026-09-14T07:27:44.069470315+01:00","Action":"output","Package":"github.com/JohnnyPBelo/relayloom/native/app","Test":"TestGroupEventQueuedFences","Output":"--- PASS: TestGroupEventQueuedFences (25.01s)\n"}
{"Time":"2026-09-14T07:27:44.069473891+01:00","Action":"pass","Package":"github.com/JohnnyPBelo/relayloom/native/app","Test":"TestGroupEventQueuedFences","Elapsed":25.01}
{"Time":"2026-09-14T07:27:44.069489781+01:00","Action":"run","Package":"github.com/JohnnyPBelo/relayloom/native/app","Test":"TestGroupEventMissingTargetProofBlocksPublicationAndSeed"}
{"Time":"2026-09-14T07:27:44.069501032+01:00","Action":"output","Package":"github.com/JohnnyPBelo/relayloom/native/app","Test":"TestGroupEventMissingTargetProofBlocksPublicationAndSeed","Output":"=== RUN   TestGroupEventMissingTargetProofBlocksPublicationAndSeed\n"}
{"Time":"2026-09-14T07:27:53.034969785+01:00","Action":"output","Package":"github.com/JohnnyPBelo/relayloom/native/app","Test":"TestGroupEventMissingTargetProofBlocksPublicationAndSeed","Output":"--- PASS: TestGroupEventMissingTargetProofBlocksPublicationAndSeed (8.97s)\n"}
{"Time":"2026-09-14T07:27:53.035008808+01:00","Action":"pass","Package":"github.com/JohnnyPBelo/relayloom/native/app","Test":"TestGroupEventMissingTargetProofBlocksPublicationAndSeed","Elapsed":8.97}
{"Time":"2026-09-14T07:27:53.035019267+01:00","Action":"run","Package":"github.com/JohnnyPBelo/relayloom/native/app","Test":"TestGroupEventRealIndexFailureRecoversOriginalBytesAfterRestart"}
{"Time":"2026-09-14T07:27:53.035023054+01:00","Action":"output","Package":"github.com/JohnnyPBelo/relayloom/native/app","Test":"TestGroupEventRealIndexFailureRecoversOriginalBytesAfterRestart","Output":"=== RUN   TestGroupEventRealIndexFailureRecoversOriginalBytesAfterRestart\n"}
{"Time":"2026-09-14T07:27:58.373479717+01:00","Action":"output","Package":"github.com/JohnnyPBelo/relayloom/native/app","Test":"TestGroupEventRealIndexFailureRecoversOriginalBytesAfterRestart","Output":"--- PASS: TestGroupEventRealIndexFailureRecoversOriginalBytesAfterRestart (5.34s)\n"}
{"Time":"2026-09-14T07:27:58.3735292+01:00","Action":"pass","Package":"github.com/JohnnyPBelo/relayloom/native/app","Test":"TestGroupEventRealIndexFailureRecoversOriginalBytesAfterRestart","Elapsed":5.34}
{"Time":"2026-09-14T07:27:58.37354003+01:00","Action":"run","Package":"github.com/JohnnyPBelo/relayloom/native/app","Test":"TestGroupEventCorruptionReconcilesWithoutMessageOutbox"}
{"Time":"2026-09-14T07:27:58.373544449+01:00","Action":"output","Package":"github.com/JohnnyPBelo/relayloom/native/app","Test":"TestGroupEventCorruptionReconcilesWithoutMessageOutbox","Output":"=== RUN   TestGroupEventCorruptionReconcilesWithoutMessageOutbox\n"}
{"Time":"2026-09-14T07:28:04.95346454+01:00","Action":"output","Package":"github.com/JohnnyPBelo/relayloom/native/app","Test":"TestGroupEventCorruptionReconcilesWithoutMessageOutbox","Output":"--- PASS: TestGroupEventCorruptionReconcilesWithoutMessageOutbox (6.58s)\n"}
{"Time":"2026-09-14T07:28:04.95350729+01:00","Action":"pass","Package":"github.com/JohnnyPBelo/relayloom/native/app","Test":"TestGroupEventCorruptionReconcilesWithoutMessageOutbox","Elapsed":6.58}
{"Time":"2026-09-14T07:28:04.9535182+01:00","Action":"run","Package":"github.com/JohnnyPBelo/relayloom/native/app","Test":"TestNoticeCancellationRecoversStaleStateOutsideRouterLock"}
{"Time":"2026-09-14T07:28:04.953522218+01:00","Action":"output","Package":"github.com/JohnnyPBelo/relayloom/native/app","Test":"TestNoticeCancellationRecoversStaleStateOutsideRouterLock","Output":"=== RUN   TestNoticeCancellationRecoversStaleStateOutsideRouterLock\n"}
{"Time":"2026-09-14T07:28:06.017293679+01:00","Action":"output","Package":"github.com/JohnnyPBelo/relayloom/native/app","Test":"TestNoticeCancellationRecoversStaleStateOutsideRouterLock","Output":"--- PASS: TestNoticeCancellationRecoversStaleStateOutsideRouterLock (1.06s)\n"}
{"Time":"2026-09-14T07:28:06.017333404+01:00","Action":"pass","Package":"github.com/JohnnyPBelo/relayloom/native/app","Test":"TestNoticeCancellationRecoversStaleStateOutsideRouterLock","Elapsed":1.06}
{"Time":"2026-09-14T07:28:06.017343232+01:00","Action":"run","Package":"github.com/JohnnyPBelo/relayloom/native/app","Test":"TestGroupOutboxProcessExitFixture"}
{"Time":"2026-09-14T07:28:06.01734758+01:00","Action":"output","Package":"github.com/JohnnyPBelo/relayloom/native/app","Test":"TestGroupOutboxProcessExitFixture","Output":"=== RUN   TestGroupOutboxProcessExitFixture\n"}
{"Time":"2026-09-14T07:28:06.017361436+01:00","Action":"output","Package":"github.com/JohnnyPBelo/relayloom/native/app","Test":"TestGroupOutboxProcessExitFixture","Output":"    group_outbox_process_test.go:18: requires the cross-runtime process fixture\n"}
{"Time":"2026-09-14T07:28:06.01739542+01:00","Action":"output","Package":"github.com/JohnnyPBelo/relayloom/native/app","Test":"TestGroupOutboxProcessExitFixture","Output":"--- SKIP: TestGroupOutboxProcessExitFixture (0.00s)\n"}
{"Time":"2026-09-14T07:28:06.017398896+01:00","Action":"skip","Package":"github.com/JohnnyPBelo/relayloom/native/app","Test":"TestGroupOutboxProcessExitFixture","Elapsed":0}
{"Time":"2026-09-14T07:28:06.017402924+01:00","Action":"run","Package":"github.com/JohnnyPBelo/relayloom/native/app","Test":"TestGroupOutboxMissingSnapshotPausesWithoutLosingAvailability"}
{"Time":"2026-09-14T07:28:06.01740596+01:00","Action":"output","Package":"github.com/JohnnyPBelo/relayloom/native/app","Test":"TestGroupOutboxMissingSnapshotPausesWithoutLosingAvailability","Output":"=== RUN   TestGroupOutboxMissingSnapshotPausesWithoutLosingAvailability\n"}
{"Time":"2026-09-14T07:28:11.018948277+01:00","Action":"output","Package":"github.com/JohnnyPBelo/relayloom/native/app","Test":"TestGroupOutboxMissingSnapshotPausesWithoutLosingAvailability","Output":"--- PASS: TestGroupOutboxMissingSnapshotPausesWithoutLosingAvailability (5.00s)\n"}
{"Time":"2026-09-14T07:28:11.018986038+01:00","Action":"pass","Package":"github.com/JohnnyPBelo/relayloom/native/app","Test":"TestGroupOutboxMissingSnapshotPausesWithoutLosingAvailability","Elapsed":5}
{"Time":"2026-09-14T07:28:11.018996978+01:00","Action":"run","Package":"github.com/JohnnyPBelo/relayloom/native/app","Test":"TestGroupOutboxMinimalStopAndManualPinSurviveReopen"}
{"Time":"2026-09-14T07:28:11.019000775+01:00","Action":"output","Package":"github.com/JohnnyPBelo/relayloom/native/app","Test":"TestGroupOutboxMinimalStopAndManualPinSurviveReopen","Output":"=== RUN   TestGroupOutboxMinimalStopAndManualPinSurviveReopen\n"}
{"Time":"2026-09-14T07:28:15.943945909+01:00","Action":"output","Package":"github.com/JohnnyPBelo/relayloom/native/app","Test":"TestGroupOutboxMinimalStopAndManualPinSurviveReopen","Output":"--- PASS: TestGroupOutboxMinimalStopAndManualPinSurviveReopen (4.92s)\n"}
{"Time":"2026-09-14T07:28:15.943982157+01:00","Action":"pass","Package":"github.com/JohnnyPBelo/relayloom/native/app","Test":"TestGroupOutboxMinimalStopAndManualPinSurviveReopen","Elapsed":4.92}
{"Time":"2026-09-14T07:28:15.943993058+01:00","Action":"run","Package":"github.com/JohnnyPBelo/relayloom/native/app","Test":"TestGroupOutboxStopAndAuthorityShareFailureBoundary"}
{"Time":"2026-09-14T07:28:15.943996203+01:00","Action":"output","Package":"github.com/JohnnyPBelo/relayloom/native/app","Test":"TestGroupOutboxStopAndAuthorityShareFailureBoundary","Output":"=== RUN   TestGroupOutboxStopAndAuthorityShareFailureBoundary\n"}
{"Time":"2026-09-14T07:28:15.944001704+01:00","Action":"run","Package":"github.com/JohnnyPBelo/relayloom/native/app","Test":"TestGroupOutboxStopAndAuthorityShareFailureBoundary/rollback"}
{"Time":"2026-09-14T07:28:15.944004449+01:00","Action":"output","Package":"github.com/JohnnyPBelo/relayloom/native/app","Test":"TestGroupOutboxStopAndAuthorityShareFailureBoundary/rollback","Output":"=== RUN   TestGroupOutboxStopAndAuthorityShareFailureBoundary/rollback\n"}
{"Time":"2026-09-14T07:28:19.076061229+01:00","Action":"output","Package":"github.com/JohnnyPBelo/relayloom/native/app","Test":"TestGroupOutboxStopAndAuthorityShareFailureBoundary/rollback","Output":"--- PASS: TestGroupOutboxStopAndAuthorityShareFailureBoundary/rollback (3.13s)\n"}
{"Time":"2026-09-14T07:28:19.076102557+01:00","Action":"pass","Package":"github.com/JohnnyPBelo/relayloom/native/app","Test":"TestGroupOutboxStopAndAuthorityShareFailureBoundary/rollback","Elapsed":3.13}
{"Time":"2026-09-14T07:28:19.076112455+01:00","Action":"run","Package":"github.com/JohnnyPBelo/relayloom/native/app","Test":"TestGroupOutboxStopAndAuthorityShareFailureBoundary/lost-commit-response"}
{"Time":"2026-09-14T07:28:19.076115792+01:00","Action":"output","Package":"github.com/JohnnyPBelo/relayloom/native/app","Test":"TestGroupOutboxStopAndAuthorityShareFailureBoundary/lost-commit-response","Output":"=== RUN   TestGroupOutboxStopAndAuthorityShareFailureBoundary/lost-commit-response\n"}
{"Time":"2026-09-14T07:28:21.507932121+01:00","Action":"output","Package":"github.com/JohnnyPBelo/relayloom/native/app","Test":"TestGroupOutboxStopAndAuthorityShareFailureBoundary/lost-commit-response","Output":"--- PASS: TestGroupOutboxStopAndAuthorityShareFailureBoundary/lost-commit-response (2.43s)\n"}
{"Time":"2026-09-14T07:28:21.507970863+01:00","Action":"pass","Package":"github.com/JohnnyPBelo/relayloom/native/app","Test":"TestGroupOutboxStopAndAuthorityShareFailureBoundary/lost-commit-response","Elapsed":2.43}
{"Time":"2026-09-14T07:28:21.507983227+01:00","Action":"output","Package":"github.com/JohnnyPBelo/relayloom/native/app","Test":"TestGroupOutboxStopAndAuthorityShareFailureBoundary","Output":"--- PASS: TestGroupOutboxStopAndAuthorityShareFailureBoundary (5.56s)\n"}
{"Time":"2026-09-14T07:28:21.507988376+01:00","Action":"pass","Package":"github.com/JohnnyPBelo/relayloom/native/app","Test":"TestGroupOutboxStopAndAuthorityShareFailureBoundary","Elapsed":5.56}
{"Time":"2026-09-14T07:28:21.507992534+01:00","Action":"run","Package":"github.com/JohnnyPBelo/relayloom/native/app","Test":"TestGroupOutboxStopCommitsWithFullNormalQuota"}
{"Time":"2026-09-14T07:28:21.507996171+01:00","Action":"output","Package":"github.com/JohnnyPBelo/relayloom/native/app","Test":"TestGroupOutboxStopCommitsWithFullNormalQuota","Output":"=== RUN   TestGroupOutboxStopCommitsWithFullNormalQuota\n"}
{"Time":"2026-09-14T07:28:34.096976982+01:00","Action":"output","Package":"github.com/JohnnyPBelo/relayloom/native/app","Test":"TestGroupOutboxStopCommitsWithFullNormalQuota","Output":"--- PASS: TestGroupOutboxStopCommitsWithFullNormalQuota (12.59s)\n"}
{"Time":"2026-09-14T07:28:34.097014913+01:00","Action":"pass","Package":"github.com/JohnnyPBelo/relayloom/native/app","Test":"TestGroupOutboxStopCommitsWithFullNormalQuota","Elapsed":12.59}
{"Time":"2026-09-14T07:28:34.097318632+01:00","Action":"run","Package":"github.com/JohnnyPBelo/relayloom/native/app","Test":"TestGroupOutboxRejectsForgedMirrorBindingAndOrphan"}
{"Time":"2026-09-14T07:28:34.097343319+01:00","Action":"output","Package":"github.com/JohnnyPBelo/relayloom/native/app","Test":"TestGroupOutboxRejectsForgedMirrorBindingAndOrphan","Output":"=== RUN   TestGroupOutboxRejectsForgedMirrorBindingAndOrphan\n"}
{"Time":"2026-09-14T07:28:34.097353438+01:00","Action":"run","Package":"github.com/JohnnyPBelo/relayloom/native/app","Test":"TestGroupOutboxRejectsForgedMirrorBindingAndOrphan/mirror"}
{"Time":"2026-09-14T07:28:34.097356213+01:00","Action":"output","Package":"github.com/JohnnyPBelo/relayloom/native/app","Test":"TestGroupOutboxRejectsForgedMirrorBindingAndOrphan/mirror","Output":"=== RUN   TestGroupOutboxRejectsForgedMirrorBindingAndOrphan/mirror\n"}
{"Time":"2026-09-14T07:28:36.685884073+01:00","Action":"output","Package":"github.com/JohnnyPBelo/relayloom/native/app","Test":"TestGroupOutboxRejectsForgedMirrorBindingAndOrphan/mirror","Output":"--- PASS: TestGroupOutboxRejectsForgedMirrorBindingAndOrphan/mirror (2.59s)\n"}
{"Time":"2026-09-14T07:28:36.685945087+01:00","Action":"pass","Package":"github.com/JohnnyPBelo/relayloom/native/app","Test":"TestGroupOutboxRejectsForgedMirrorBindingAndOrphan/mirror","Elapsed":2.59}
{"Time":"2026-09-14T07:28:36.685963291+01:00","Action":"run","Package":"github.com/JohnnyPBelo/relayloom/native/app","Test":"TestGroupOutboxRejectsForgedMirrorBindingAndOrphan/binding"}
{"Time":"2026-09-14T07:28:36.685968451+01:00","Action":"output","Package":"github.com/JohnnyPBelo/relayloom/native/app","Test":"TestGroupOutboxRejectsForgedMirrorBindingAndOrphan/binding","Output":"=== RUN   TestGroupOutboxRejectsForgedMirrorBindingAndOrphan/binding\n"}
{"Time":"2026-09-14T07:28:39.70708055+01:00","Action":"output","Package":"github.com/JohnnyPBelo/relayloom/native/app","Test":"TestGroupOutboxRejectsForgedMirrorBindingAndOrphan/binding","Output":"--- PASS: TestGroupOutboxRejectsForgedMirrorBindingAndOrphan/binding (3.02s)\n"}
{"Time":"2026-09-14T07:28:39.707131144+01:00","Action":"pass","Package":"github.com/JohnnyPBelo/relayloom/native/app","Test":"TestGroupOutboxRejectsForgedMirrorBindingAndOrphan/binding","Elapsed":3.02}
{"Time":"2026-09-14T07:28:39.707149519+01:00","Action":"run","Package":"github.com/JohnnyPBelo/relayloom/native/app","Test":"TestGroupOutboxRejectsForgedMirrorBindingAndOrphan/orphan"}
{"Time":"2026-09-14T07:28:39.707152685+01:00","Action":"output","Package":"github.com/JohnnyPBelo/relayloom/native/app","Test":"TestGroupOutboxRejectsForgedMirrorBindingAndOrphan/orphan","Output":"=== RUN   TestGroupOutboxRejectsForgedMirrorBindingAndOrphan/orphan\n"}
{"Time":"2026-09-14T07:28:42.702485029+01:00","Action":"output","Package":"github.com/JohnnyPBelo/relayloom/native/app","Test":"TestGroupOutboxRejectsForgedMirrorBindingAndOrphan/orphan","Output":"--- PASS: TestGroupOutboxRejectsForgedMirrorBindingAndOrphan/orphan (3.00s)\n"}
{"Time":"2026-09-14T07:28:42.702539621+01:00","Action":"pass","Package":"github.com/JohnnyPBelo/relayloom/native/app","Test":"TestGroupOutboxRejectsForgedMirrorBindingAndOrphan/orphan","Elapsed":3}
{"Time":"2026-09-14T07:28:42.702552445+01:00","Action":"output","Package":"github.com/JohnnyPBelo/relayloom/native/app","Test":"TestGroupOutboxRejectsForgedMirrorBindingAndOrphan","Output":"--- PASS: TestGroupOutboxRejectsForgedMirrorBindingAndOrphan (8.61s)\n"}
{"Time":"2026-09-14T07:28:42.702556963+01:00","Action":"pass","Package":"github.com/JohnnyPBelo/relayloom/native/app","Test":"TestGroupOutboxRejectsForgedMirrorBindingAndOrphan","Elapsed":8.61}
{"Time":"2026-09-14T07:28:42.702584705+01:00","Action":"run","Package":"github.com/JohnnyPBelo/relayloom/native/app","Test":"TestGroupOutboxBoundedMirrorSchema"}
{"Time":"2026-09-14T07:28:42.702590717+01:00","Action":"output","Package":"github.com/JohnnyPBelo/relayloom/native/app","Test":"TestGroupOutboxBoundedMirrorSchema","Output":"=== RUN   TestGroupOutboxBoundedMirrorSchema\n"}
{"Time":"2026-09-14T07:28:42.883251831+01:00","Action":"output","Package":"github.com/JohnnyPBelo/relayloom/native/groupauthority","Test":"TestFiniteRetentionAndRememberedGroupLimit","Output":"--- PASS: TestFiniteRetentionAndRememberedGroupLimit (122.79s)\n"}
{"Time":"2026-09-14T07:28:42.883351007+01:00","Action":"pass","Package":"github.com/JohnnyPBelo/relayloom/native/groupauthority","Test":"TestFiniteRetentionAndRememberedGroupLimit","Elapsed":122.79}
{"Time":"2026-09-14T07:28:42.883434063+01:00","Action":"run","Package":"github.com/JohnnyPBelo/relayloom/native/groupauthority","Test":"TestMalformedRetainedResultCannotClaimSuccess"}
{"Time":"2026-09-14T07:28:42.883466564+01:00","Action":"output","Package":"github.com/JohnnyPBelo/relayloom/native/groupauthority","Test":"TestMalformedRetainedResultCannotClaimSuccess","Output":"=== RUN   TestMalformedRetainedResultCannotClaimSuccess\n"}
{"Time":"2026-09-14T07:28:42.954229538+01:00","Action":"output","Package":"github.com/JohnnyPBelo/relayloom/native/groupauthority","Test":"TestMalformedRetainedResultCannotClaimSuccess","Output":"--- PASS: TestMalformedRetainedResultCannotClaimSuccess (0.07s)\n"}
{"Time":"2026-09-14T07:28:42.954279111+01:00","Action":"pass","Package":"github.com/JohnnyPBelo/relayloom/native/groupauthority","Test":"TestMalformedRetainedResultCannotClaimSuccess","Elapsed":0.07}
{"Time":"2026-09-14T07:28:42.95428932+01:00","Action":"run","Package":"github.com/JohnnyPBelo/relayloom/native/groupauthority","Test":"TestRetirementStillChecksEachSignatureAfterCachingAGroup"}
{"Time":"2026-09-14T07:28:42.954292987+01:00","Action":"output","Package":"github.com/JohnnyPBelo/relayloom/native/groupauthority","Test":"TestRetirementStillChecksEachSignatureAfterCachingAGroup","Output":"=== RUN   TestRetirementStillChecksEachSignatureAfterCachingAGroup\n"}
{"Time":"2026-09-14T07:28:44.764096966+01:00","Action":"output","Package":"github.com/JohnnyPBelo/relayloom/native/app","Test":"TestGroupOutboxBoundedMirrorSchema","Output":"--- PASS: TestGroupOutboxBoundedMirrorSchema (2.06s)\n"}
{"Time":"2026-09-14T07:28:44.764142631+01:00","Action":"pass","Package":"github.com/JohnnyPBelo/relayloom/native/app","Test":"TestGroupOutboxBoundedMirrorSchema","Elapsed":2.06}
{"Time":"2026-09-14T07:28:44.764155425+01:00","Action":"run","Package":"github.com/JohnnyPBelo/relayloom/native/app","Test":"TestGroupOutboxRestrictivePrefixWithInvalidTail"}
{"Time":"2026-09-14T07:28:44.764161226+01:00","Action":"output","Package":"github.com/JohnnyPBelo/relayloom/native/app","Test":"TestGroupOutboxRestrictivePrefixWithInvalidTail","Output":"=== RUN   TestGroupOutboxRestrictivePrefixWithInvalidTail\n"}
{"Time":"2026-09-14T07:28:47.09933061+01:00","Action":"output","Package":"github.com/JohnnyPBelo/relayloom/native/app","Test":"TestGroupOutboxRestrictivePrefixWithInvalidTail","Output":"--- PASS: TestGroupOutboxRestrictivePrefixWithInvalidTail (2.34s)\n"}
{"Time":"2026-09-14T07:28:47.099369423+01:00","Action":"pass","Package":"github.com/JohnnyPBelo/relayloom/native/app","Test":"TestGroupOutboxRestrictivePrefixWithInvalidTail","Elapsed":2.34}
{"Time":"2026-09-14T07:28:47.099377989+01:00","Action":"run","Package":"github.com/JohnnyPBelo/relayloom/native/app","Test":"TestGroupOutboxStopCancelsActualLocalTransportQueue"}
{"Time":"2026-09-14T07:28:47.099380875+01:00","Action":"output","Package":"github.com/JohnnyPBelo/relayloom/native/app","Test":"TestGroupOutboxStopCancelsActualLocalTransportQueue","Output":"=== RUN   TestGroupOutboxStopCancelsActualLocalTransportQueue\n"}
{"Time":"2026-09-14T07:28:47.099391094+01:00","Action":"run","Package":"github.com/JohnnyPBelo/relayloom/native/app","Test":"TestGroupOutboxStopCancelsActualLocalTransportQueue/stop"}
{"Time":"2026-09-14T07:28:47.099393969+01:00","Action":"output","Package":"github.com/JohnnyPBelo/relayloom/native/app","Test":"TestGroupOutboxStopCancelsActualLocalTransportQueue/stop","Output":"=== RUN   TestGroupOutboxStopCancelsActualLocalTransportQueue/stop\n"}
{"Time":"2026-09-14T07:28:49.839265576+01:00","Action":"output","Package":"github.com/JohnnyPBelo/relayloom/native/app","Test":"TestGroupOutboxStopCancelsActualLocalTransportQueue/stop","Output":"--- PASS: TestGroupOutboxStopCancelsActualLocalTransportQueue/stop (2.74s)\n"}
{"Time":"2026-09-14T07:28:49.839306963+01:00","Action":"pass","Package":"github.com/JohnnyPBelo/relayloom/native/app","Test":"TestGroupOutboxStopCancelsActualLocalTransportQueue/stop","Elapsed":2.74}
{"Time":"2026-09-14T07:28:49.839318795+01:00","Action":"run","Package":"github.com/JohnnyPBelo/relayloom/native/app","Test":"TestGroupOutboxStopCancelsActualLocalTransportQueue/negative-control-delivers"}
{"Time":"2026-09-14T07:28:49.839322623+01:00","Action":"output","Package":"github.com/JohnnyPBelo/relayloom/native/app","Test":"TestGroupOutboxStopCancelsActualLocalTransportQueue/negative-control-delivers","Output":"=== RUN   TestGroupOutboxStopCancelsActualLocalTransportQueue/negative-control-delivers\n"}
{"Time":"2026-09-14T07:28:52.102241133+01:00","Action":"output","Package":"github.com/JohnnyPBelo/relayloom/native/app","Test":"TestGroupOutboxStopCancelsActualLocalTransportQueue/negative-control-delivers","Output":"--- PASS: TestGroupOutboxStopCancelsActualLocalTransportQueue/negative-control-delivers (2.26s)\n"}
{"Time":"2026-09-14T07:28:52.102287349+01:00","Action":"pass","Package":"github.com/JohnnyPBelo/relayloom/native/app","Test":"TestGroupOutboxStopCancelsActualLocalTransportQueue/negative-control-delivers","Elapsed":2.26}
{"Time":"2026-09-14T07:28:52.10230392+01:00","Action":"output","Package":"github.com/JohnnyPBelo/relayloom/native/app","Test":"TestGroupOutboxStopCancelsActualLocalTransportQueue","Output":"--- PASS: TestGroupOutboxStopCancelsActualLocalTransportQueue (5.00s)\n"}
{"Time":"2026-09-14T07:28:52.1023091+01:00","Action":"pass","Package":"github.com/JohnnyPBelo/relayloom/native/app","Test":"TestGroupOutboxStopCancelsActualLocalTransportQueue","Elapsed":5}
{"Time":"2026-09-14T07:28:52.102314691+01:00","Action":"run","Package":"github.com/JohnnyPBelo/relayloom/native/app","Test":"TestGroupOutboxServeChecksCompletedAuthorAuthority"}
{"Time":"2026-09-14T07:28:52.102318608+01:00","Action":"output","Package":"github.com/JohnnyPBelo/relayloom/native/app","Test":"TestGroupOutboxServeChecksCompletedAuthorAuthority","Output":"=== RUN   TestGroupOutboxServeChecksCompletedAuthorAuthority\n"}
{"Time":"2026-09-14T07:28:52.102368321+01:00","Action":"run","Package":"github.com/JohnnyPBelo/relayloom/native/app","Test":"TestGroupOutboxServeChecksCompletedAuthorAuthority/active"}
{"Time":"2026-09-14T07:28:52.102376817+01:00","Action":"output","Package":"github.com/JohnnyPBelo/relayloom/native/app","Test":"TestGroupOutboxServeChecksCompletedAuthorAuthority/active","Output":"=== RUN   TestGroupOutboxServeChecksCompletedAuthorAuthority/active\n"}
{"Time":"2026-09-14T07:28:59.444018662+01:00","Action":"output","Package":"github.com/JohnnyPBelo/relayloom/native/app","Test":"TestGroupOutboxServeChecksCompletedAuthorAuthority/active","Output":"--- PASS: TestGroupOutboxServeChecksCompletedAuthorAuthority/active (7.34s)\n"}
{"Time":"2026-09-14T07:28:59.44406017+01:00","Action":"pass","Package":"github.com/JohnnyPBelo/relayloom/native/app","Test":"TestGroupOutboxServeChecksCompletedAuthorAuthority/active","Elapsed":7.34}
{"Time":"2026-09-14T07:28:59.444070128+01:00","Action":"run","Package":"github.com/JohnnyPBelo/relayloom/native/app","Test":"TestGroupOutboxServeChecksCompletedAuthorAuthority/closed"}
{"Time":"2026-09-14T07:28:59.444074697+01:00","Action":"output","Package":"github.com/JohnnyPBelo/relayloom/native/app","Test":"TestGroupOutboxServeChecksCompletedAuthorAuthority/closed","Output":"=== RUN   TestGroupOutboxServeChecksCompletedAuthorAuthority/closed\n"}
{"Time":"2026-09-14T07:29:05.342784016+01:00","Action":"output","Package":"github.com/JohnnyPBelo/relayloom/native/app","Test":"TestGroupOutboxServeChecksCompletedAuthorAuthority/closed","Output":"--- PASS: TestGroupOutboxServeChecksCompletedAuthorAuthority/closed (5.90s)\n"}
{"Time":"2026-09-14T07:29:05.342865639+01:00","Action":"pass","Package":"github.com/JohnnyPBelo/relayloom/native/app","Test":"TestGroupOutboxServeChecksCompletedAuthorAuthority/closed","Elapsed":5.9}
{"Time":"2026-09-14T07:29:05.342876409+01:00","Action":"run","Package":"github.com/JohnnyPBelo/relayloom/native/app","Test":"TestGroupOutboxServeChecksCompletedAuthorAuthority/locked"}
{"Time":"2026-09-14T07:29:05.342880717+01:00","Action":"output","Package":"github.com/JohnnyPBelo/relayloom/native/app","Test":"TestGroupOutboxServeChecksCompletedAuthorAuthority/locked","Output":"=== RUN   TestGroupOutboxServeChecksCompletedAuthorAuthority/locked\n"}
{"Time":"2026-09-14T07:29:07.940011407+01:00","Action":"output","Package":"github.com/JohnnyPBelo/relayloom/native/app","Test":"TestGroupOutboxServeChecksCompletedAuthorAuthority/locked","Output":"--- PASS: TestGroupOutboxServeChecksCompletedAuthorAuthority/locked (2.60s)\n"}
{"Time":"2026-09-14T07:29:07.940050069+01:00","Action":"pass","Package":"github.com/JohnnyPBelo/relayloom/native/app","Test":"TestGroupOutboxServeChecksCompletedAuthorAuthority/locked","Elapsed":2.6}
{"Time":"2026-09-14T07:29:07.940080316+01:00","Action":"output","Package":"github.com/JohnnyPBelo/relayloom/native/app","Test":"TestGroupOutboxServeChecksCompletedAuthorAuthority","Output":"--- PASS: TestGroupOutboxServeChecksCompletedAuthorAuthority (15.84s)\n"}
{"Time":"2026-09-14T07:29:07.940097067+01:00","Action":"pass","Package":"github.com/JohnnyPBelo/relayloom/native/app","Test":"TestGroupOutboxServeChecksCompletedAuthorAuthority","Elapsed":15.84}
{"Time":"2026-09-14T07:29:07.940126853+01:00","Action":"run","Package":"github.com/JohnnyPBelo/relayloom/native/app","Test":"TestGroupSendProcessExitFixture"}
{"Time":"2026-09-14T07:29:07.940133946+01:00","Action":"output","Package":"github.com/JohnnyPBelo/relayloom/native/app","Test":"TestGroupSendProcessExitFixture","Output":"=== RUN   TestGroupSendProcessExitFixture\n"}
{"Time":"2026-09-14T07:29:07.940187186+01:00","Action":"output","Package":"github.com/JohnnyPBelo/relayloom/native/app","Test":"TestGroupSendProcessExitFixture","Output":"    group_send_process_test.go:24: requires cross-engine group send driver\n"}
{"Time":"2026-09-14T07:29:07.940230638+01:00","Action":"output","Package":"github.com/JohnnyPBelo/relayloom/native/app","Test":"TestGroupSendProcessExitFixture","Output":"--- SKIP: TestGroupSendProcessExitFixture (0.00s)\n"}
{"Time":"2026-09-14T07:29:07.940256476+01:00","Action":"skip","Package":"github.com/JohnnyPBelo/relayloom/native/app","Test":"TestGroupSendProcessExitFixture","Elapsed":0}
{"Time":"2026-09-14T07:29:07.940262417+01:00","Action":"run","Package":"github.com/JohnnyPBelo/relayloom/native/app","Test":"TestGroupSendLegacyPreviewRecovery"}
{"Time":"2026-09-14T07:29:07.940265443+01:00","Action":"output","Package":"github.com/JohnnyPBelo/relayloom/native/app","Test":"TestGroupSendLegacyPreviewRecovery","Output":"=== RUN   TestGroupSendLegacyPreviewRecovery\n"}
{"Time":"2026-09-14T07:29:09.091621127+01:00","Action":"output","Package":"github.com/JohnnyPBelo/relayloom/native/groupauthority","Test":"TestRetirementStillChecksEachSignatureAfterCachingAGroup","Output":"--- PASS: TestRetirementStillChecksEachSignatureAfterCachingAGroup (26.14s)\n"}
{"Time":"2026-09-14T07:29:09.091663346+01:00","Action":"pass","Package":"github.com/JohnnyPBelo/relayloom/native/groupauthority","Test":"TestRetirementStillChecksEachSignatureAfterCachingAGroup","Elapsed":26.14}
{"Time":"2026-09-14T07:29:09.091677433+01:00","Action":"run","Package":"github.com/JohnnyPBelo/relayloom/native/groupauthority","Test":"TestScopedGroupAndPrivateCommitRollbackAndExpiry"}
{"Time":"2026-09-14T07:29:09.091681851+01:00","Action":"output","Package":"github.com/JohnnyPBelo/relayloom/native/groupauthority","Test":"TestScopedGroupAndPrivateCommitRollbackAndExpiry","Output":"=== RUN   TestScopedGroupAndPrivateCommitRollbackAndExpiry\n"}
{"Time":"2026-09-14T07:29:09.224153193+01:00","Action":"output","Package":"github.com/JohnnyPBelo/relayloom/native/groupauthority","Test":"TestScopedGroupAndPrivateCommitRollbackAndExpiry","Output":"--- PASS: TestScopedGroupAndPrivateCommitRollbackAndExpiry (0.13s)\n"}
{"Time":"2026-09-14T07:29:09.224193729+01:00","Action":"pass","Package":"github.com/JohnnyPBelo/relayloom/native/groupauthority","Test":"TestScopedGroupAndPrivateCommitRollbackAndExpiry","Elapsed":0.13}
{"Time":"2026-09-14T07:29:09.22420463+01:00","Action":"run","Package":"github.com/JohnnyPBelo/relayloom/native/groupauthority","Test":"TestScopedSwallowedOperationFailureRollsBackEverything"}
{"Time":"2026-09-14T07:29:09.224207866+01:00","Action":"output","Package":"github.com/JohnnyPBelo/relayloom/native/groupauthority","Test":"TestScopedSwallowedOperationFailureRollsBackEverything","Output":"=== RUN   TestScopedSwallowedOperationFailureRollsBackEverything\n"}
{"Time":"2026-09-14T07:29:09.288280737+01:00","Action":"output","Package":"github.com/JohnnyPBelo/relayloom/native/groupauthority","Test":"TestScopedSwallowedOperationFailureRollsBackEverything","Output":"--- PASS: TestScopedSwallowedOperationFailureRollsBackEverything (0.06s)\n"}
{"Time":"2026-09-14T07:29:09.288317025+01:00","Action":"pass","Package":"github.com/JohnnyPBelo/relayloom/native/groupauthority","Test":"TestScopedSwallowedOperationFailureRollsBackEverything","Elapsed":0.06}
{"Time":"2026-09-14T07:29:09.288332214+01:00","Action":"run","Package":"github.com/JohnnyPBelo/relayloom/native/groupauthority","Test":"TestScopedRestrictivePrefixAndPrivateDecisionCommitBeforeRejection"}
{"Time":"2026-09-14T07:29:09.28833547+01:00","Action":"output","Package":"github.com/JohnnyPBelo/relayloom/native/groupauthority","Test":"TestScopedRestrictivePrefixAndPrivateDecisionCommitBeforeRejection","Output":"=== RUN   TestScopedRestrictivePrefixAndPrivateDecisionCommitBeforeRejection\n"}
{"Time":"2026-09-14T07:29:09.473979947+01:00","Action":"output","Package":"github.com/JohnnyPBelo/relayloom/native/groupauthority","Test":"TestScopedRestrictivePrefixAndPrivateDecisionCommitBeforeRejection","Output":"--- PASS: TestScopedRestrictivePrefixAndPrivateDecisionCommitBeforeRejection (0.19s)\n"}
{"Time":"2026-09-14T07:29:09.474017277+01:00","Action":"pass","Package":"github.com/JohnnyPBelo/relayloom/native/groupauthority","Test":"TestScopedRestrictivePrefixAndPrivateDecisionCommitBeforeRejection","Elapsed":0.19}
{"Time":"2026-09-14T07:29:09.474026845+01:00","Action":"run","Package":"github.com/JohnnyPBelo/relayloom/native/groupauthority","Test":"TestScopedRawProofTailRetainsExactRestrictivePrefix"}
{"Time":"2026-09-14T07:29:09.474030532+01:00","Action":"output","Package":"github.com/JohnnyPBelo/relayloom/native/groupauthority","Test":"TestScopedRawProofTailRetainsExactRestrictivePrefix","Output":"=== RUN   TestScopedRawProofTailRetainsExactRestrictivePrefix\n"}
{"Time":"2026-09-14T07:29:09.474035702+01:00","Action":"run","Package":"github.com/JohnnyPBelo/relayloom/native/groupauthority","Test":"TestScopedRawProofTailRetainsExactRestrictivePrefix/null"}
{"Time":"2026-09-14T07:29:09.474039068+01:00","Action":"output","Package":"github.com/JohnnyPBelo/relayloom/native/groupauthority","Test":"TestScopedRawProofTailRetainsExactRestrictivePrefix/null","Output":"=== RUN   TestScopedRawProofTailRetainsExactRestrictivePrefix/null\n"}
{"Time":"2026-09-14T07:29:09.650212248+01:00","Action":"output","Package":"github.com/JohnnyPBelo/relayloom/native/groupauthority","Test":"TestScopedRawProofTailRetainsExactRestrictivePrefix/null","Output":"--- PASS: TestScopedRawProofTailRetainsExactRestrictivePrefix/null (0.18s)\n"}
{"Time":"2026-09-14T07:29:09.650247404+01:00","Action":"pass","Package":"github.com/JohnnyPBelo/relayloom/native/groupauthority","Test":"TestScopedRawProofTailRetainsExactRestrictivePrefix/null","Elapsed":0.18}
{"Time":"2026-09-14T07:29:09.65025609+01:00","Action":"run","Package":"github.com/JohnnyPBelo/relayloom/native/groupauthority","Test":"TestScopedRawProofTailRetainsExactRestrictivePrefix/unknown-field"}
{"Time":"2026-09-14T07:29:09.650260428+01:00","Action":"output","Package":"github.com/JohnnyPBelo/relayloom/native/groupauthority","Test":"TestScopedRawProofTailRetainsExactRestrictivePrefix/unknown-field","Output":"=== RUN   TestScopedRawProofTailRetainsExactRestrictivePrefix/unknown-field\n"}
{"Time":"2026-09-14T07:29:09.827333235+01:00","Action":"output","Package":"github.com/JohnnyPBelo/relayloom/native/groupauthority","Test":"TestScopedRawProofTailRetainsExactRestrictivePrefix/unknown-field","Output":"--- PASS: TestScopedRawProofTailRetainsExactRestrictivePrefix/unknown-field (0.18s)\n"}
{"Time":"2026-09-14T07:29:09.827368611+01:00","Action":"pass","Package":"github.com/JohnnyPBelo/relayloom/native/groupauthority","Test":"TestScopedRawProofTailRetainsExactRestrictivePrefix/unknown-field","Elapsed":0.18}
{"Time":"2026-09-14T07:29:09.827376215+01:00","Action":"run","Package":"github.com/JohnnyPBelo/relayloom/native/groupauthority","Test":"TestScopedRawProofTailRetainsExactRestrictivePrefix/missing-field"}
{"Time":"2026-09-14T07:29:09.827379411+01:00","Action":"output","Package":"github.com/JohnnyPBelo/relayloom/native/groupauthority","Test":"TestScopedRawProofTailRetainsExactRestrictivePrefix/missing-field","Output":"=== RUN   TestScopedRawProofTailRetainsExactRestrictivePrefix/missing-field\n"}
{"Time":"2026-09-14T07:29:10.006978554+01:00","Action":"output","Package":"github.com/JohnnyPBelo/relayloom/native/groupauthority","Test":"TestScopedRawProofTailRetainsExactRestrictivePrefix/missing-field","Output":"--- PASS: TestScopedRawProofTailRetainsExactRestrictivePrefix/missing-field (0.18s)\n"}
{"Time":"2026-09-14T07:29:10.007019191+01:00","Action":"pass","Package":"github.com/JohnnyPBelo/relayloom/native/groupauthority","Test":"TestScopedRawProofTailRetainsExactRestrictivePrefix/missing-field","Elapsed":0.18}
{"Time":"2026-09-14T07:29:10.007032846+01:00","Action":"run","Package":"github.com/JohnnyPBelo/relayloom/native/groupauthority","Test":"TestScopedRawProofTailRetainsExactRestrictivePrefix/wrong-type"}
{"Time":"2026-09-14T07:29:10.007037665+01:00","Action":"output","Package":"github.com/JohnnyPBelo/relayloom/native/groupauthority","Test":"TestScopedRawProofTailRetainsExactRestrictivePrefix/wrong-type","Output":"=== RUN   TestScopedRawProofTailRetainsExactRestrictivePrefix/wrong-type\n"}
{"Time":"2026-09-14T07:29:10.1823068+01:00","Action":"output","Package":"github.com/JohnnyPBelo/relayloom/native/groupauthority","Test":"TestScopedRawProofTailRetainsExactRestrictivePrefix/wrong-type","Output":"--- PASS: TestScopedRawProofTailRetainsExactRestrictivePrefix/wrong-type (0.18s)\n"}
{"Time":"2026-09-14T07:29:10.182341164+01:00","Action":"pass","Package":"github.com/JohnnyPBelo/relayloom/native/groupauthority","Test":"TestScopedRawProofTailRetainsExactRestrictivePrefix/wrong-type","Elapsed":0.18}
{"Time":"2026-09-14T07:29:10.182351183+01:00","Action":"run","Package":"github.com/JohnnyPBelo/relayloom/native/groupauthority","Test":"TestScopedRawProofTailRetainsExactRestrictivePrefix/signature"}
{"Time":"2026-09-14T07:29:10.18235495+01:00","Action":"output","Package":"github.com/JohnnyPBelo/relayloom/native/groupauthority","Test":"TestScopedRawProofTailRetainsExactRestrictivePrefix/signature","Output":"=== RUN   TestScopedRawProofTailRetainsExactRestrictivePrefix/signature\n"}
{"Time":"2026-09-14T07:29:10.363660563+01:00","Action":"output","Package":"github.com/JohnnyPBelo/relayloom/native/groupauthority","Test":"TestScopedRawProofTailRetainsExactRestrictivePrefix/signature","Output":"--- PASS: TestScopedRawProofTailRetainsExactRestrictivePrefix/signature (0.18s)\n"}
{"Time":"2026-09-14T07:29:10.363702822+01:00","Action":"pass","Package":"github.com/JohnnyPBelo/relayloom/native/groupauthority","Test":"TestScopedRawProofTailRetainsExactRestrictivePrefix/signature","Elapsed":0.18}
{"Time":"2026-09-14T07:29:10.36371257+01:00","Action":"output","Package":"github.com/JohnnyPBelo/relayloom/native/groupauthority","Test":"TestScopedRawProofTailRetainsExactRestrictivePrefix","Output":"--- PASS: TestScopedRawProofTailRetainsExactRestrictivePrefix (0.89s)\n"}
{"Time":"2026-09-14T07:29:10.363716508+01:00","Action":"pass","Package":"github.com/JohnnyPBelo/relayloom/native/groupauthority","Test":"TestScopedRawProofTailRetainsExactRestrictivePrefix","Elapsed":0.89}
{"Time":"2026-09-14T07:29:10.363725976+01:00","Action":"run","Package":"github.com/JohnnyPBelo/relayloom/native/groupauthority","Test":"TestSwallowedEntireScopeErrorStillAbortsOuterTransaction"}
{"Time":"2026-09-14T07:29:10.363728861+01:00","Action":"output","Package":"github.com/JohnnyPBelo/relayloom/native/groupauthority","Test":"TestSwallowedEntireScopeErrorStillAbortsOuterTransaction","Output":"=== RUN   TestSwallowedEntireScopeErrorStillAbortsOuterTransaction\n"}
{"Time":"2026-09-14T07:29:10.408275232+01:00","Action":"output","Package":"github.com/JohnnyPBelo/relayloom/native/groupauthority","Test":"TestSwallowedEntireScopeErrorStillAbortsOuterTransaction","Output":"--- PASS: TestSwallowedEntireScopeErrorStillAbortsOuterTransaction (0.04s)\n"}
{"Time":"2026-09-14T07:29:10.408314054+01:00","Action":"pass","Package":"github.com/JohnnyPBelo/relayloom/native/groupauthority","Test":"TestSwallowedEntireScopeErrorStillAbortsOuterTransaction","Elapsed":0.04}
{"Time":"2026-09-14T07:29:10.40832223+01:00","Action":"run","Package":"github.com/JohnnyPBelo/relayloom/native/groupauthority","Test":"TestScopedFenceSurvivesFullOrdinaryQuotaWithoutPrivateGrowth"}
{"Time":"2026-09-14T07:29:10.408325847+01:00","Action":"output","Package":"github.com/JohnnyPBelo/relayloom/native/groupauthority","Test":"TestScopedFenceSurvivesFullOrdinaryQuotaWithoutPrivateGrowth","Output":"=== RUN   TestScopedFenceSurvivesFullOrdinaryQuotaWithoutPrivateGrowth\n"}
{"Time":"2026-09-14T07:29:10.705778605+01:00","Action":"output","Package":"github.com/JohnnyPBelo/relayloom/native/groupauthority","Test":"TestScopedFenceSurvivesFullOrdinaryQuotaWithoutPrivateGrowth","Output":"--- PASS: TestScopedFenceSurvivesFullOrdinaryQuotaWithoutPrivateGrowth (0.30s)\n"}
{"Time":"2026-09-14T07:29:10.705815695+01:00","Action":"pass","Package":"github.com/JohnnyPBelo/relayloom/native/groupauthority","Test":"TestScopedFenceSurvivesFullOrdinaryQuotaWithoutPrivateGrowth","Elapsed":0.3}
{"Time":"2026-09-14T07:29:10.705825914+01:00","Action":"run","Package":"github.com/JohnnyPBelo/relayloom/native/groupauthority","Test":"TestGroupAuthorityInteropFixture"}
{"Time":"2026-09-14T07:29:10.705829491+01:00","Action":"output","Package":"github.com/JohnnyPBelo/relayloom/native/groupauthority","Test":"TestGroupAuthorityInteropFixture","Output":"=== RUN   TestGroupAuthorityInteropFixture\n"}
{"Time":"2026-09-14T07:29:10.705833618+01:00","Action":"output","Package":"github.com/JohnnyPBelo/relayloom/native/groupauthority","Test":"TestGroupAuthorityInteropFixture","Output":"    worker_test.go:50: driven by the Node/Go authority process test\n"}
{"Time":"2026-09-14T07:29:10.705860589+01:00","Action":"output","Package":"github.com/JohnnyPBelo/relayloom/native/groupauthority","Test":"TestGroupAuthorityInteropFixture","Output":"--- SKIP: TestGroupAuthorityInteropFixture (0.00s)\n"}
{"Time":"2026-09-14T07:29:10.70587188+01:00","Action":"skip","Package":"github.com/JohnnyPBelo/relayloom/native/groupauthority","Test":"TestGroupAuthorityInteropFixture","Elapsed":0}
{"Time":"2026-09-14T07:29:10.705899913+01:00","Action":"output","Package":"github.com/JohnnyPBelo/relayloom/native/groupauthority","Output":"PASS\n"}
{"Time":"2026-09-14T07:29:11.712895524+01:00","Action":"output","Package":"github.com/JohnnyPBelo/relayloom/native/groupauthority","Output":"ok  \tgithub.com/JohnnyPBelo/relayloom/native/groupauthority\t164.152s\n"}
{"Time":"2026-09-14T07:29:11.712937282+01:00","Action":"pass","Package":"github.com/JohnnyPBelo/relayloom/native/groupauthority","Elapsed":164.152}
{"Time":"2026-09-14T07:29:12.234857258+01:00","Action":"start","Package":"github.com/JohnnyPBelo/relayloom/native/groupaccess"}
{"Time":"2026-09-14T07:29:12.244057247+01:00","Action":"run","Package":"github.com/JohnnyPBelo/relayloom/native/groupaccess","Test":"TestScopeLifetimeAndMutationInvalidation"}
{"Time":"2026-09-14T07:29:12.244089658+01:00","Action":"output","Package":"github.com/JohnnyPBelo/relayloom/native/groupaccess","Test":"TestScopeLifetimeAndMutationInvalidation","Output":"=== RUN   TestScopeLifetimeAndMutationInvalidation\n"}
{"Time":"2026-09-14T07:29:12.415958978+01:00","Action":"output","Package":"github.com/JohnnyPBelo/relayloom/native/groupaccess","Test":"TestScopeLifetimeAndMutationInvalidation","Output":"--- PASS: TestScopeLifetimeAndMutationInvalidation (0.17s)\n"}
{"Time":"2026-09-14T07:29:12.415996869+01:00","Action":"pass","Package":"github.com/JohnnyPBelo/relayloom/native/groupaccess","Test":"TestScopeLifetimeAndMutationInvalidation","Elapsed":0.17}
{"Time":"2026-09-14T07:29:12.416011076+01:00","Action":"run","Package":"github.com/JohnnyPBelo/relayloom/native/groupaccess","Test":"TestBindingPresenceAndStrictHistoricalPayload"}
{"Time":"2026-09-14T07:29:12.416014623+01:00","Action":"output","Package":"github.com/JohnnyPBelo/relayloom/native/groupaccess","Test":"TestBindingPresenceAndStrictHistoricalPayload","Output":"=== RUN   TestBindingPresenceAndStrictHistoricalPayload\n"}
{"Time":"2026-09-14T07:29:12.416218274+01:00","Action":"output","Package":"github.com/JohnnyPBelo/relayloom/native/groupaccess","Test":"TestBindingPresenceAndStrictHistoricalPayload","Output":"--- PASS: TestBindingPresenceAndStrictHistoricalPayload (0.00s)\n"}
{"Time":"2026-09-14T07:29:12.41623714+01:00","Action":"pass","Package":"github.com/JohnnyPBelo/relayloom/native/groupaccess","Test":"TestBindingPresenceAndStrictHistoricalPayload","Elapsed":0}
{"Time":"2026-09-14T07:29:12.41624265+01:00","Action":"run","Package":"github.com/JohnnyPBelo/relayloom/native/groupaccess","Test":"TestGroupAccessProcessFixture"}
{"Time":"2026-09-14T07:29:12.416246788+01:00","Action":"output","Package":"github.com/JohnnyPBelo/relayloom/native/groupaccess","Test":"TestGroupAccessProcessFixture","Output":"=== RUN   TestGroupAccessProcessFixture\n"}
{"Time":"2026-09-14T07:29:12.416297373+01:00","Action":"output","Package":"github.com/JohnnyPBelo/relayloom/native/groupaccess","Test":"TestGroupAccessProcessFixture","Output":"    worker_test.go:16: driven by the Node/Go signed group-access test\n"}
{"Time":"2026-09-14T07:29:12.416325325+01:00","Action":"output","Package":"github.com/JohnnyPBelo/relayloom/native/groupaccess","Test":"TestGroupAccessProcessFixture","Output":"--- SKIP: TestGroupAccessProcessFixture (0.00s)\n"}
{"Time":"2026-09-14T07:29:12.416339722+01:00","Action":"skip","Package":"github.com/JohnnyPBelo/relayloom/native/groupaccess","Test":"TestGroupAccessProcessFixture","Elapsed":0}
{"Time":"2026-09-14T07:29:12.416368235+01:00","Action":"output","Package":"github.com/JohnnyPBelo/relayloom/native/groupaccess","Output":"PASS\n"}
{"Time":"2026-09-14T07:29:13.029783206+01:00","Action":"output","Package":"github.com/JohnnyPBelo/relayloom/native/app","Test":"TestGroupSendLegacyPreviewRecovery","Output":"--- PASS: TestGroupSendLegacyPreviewRecovery (5.09s)\n"}
{"Time":"2026-09-14T07:29:13.029821148+01:00","Action":"pass","Package":"github.com/JohnnyPBelo/relayloom/native/app","Test":"TestGroupSendLegacyPreviewRecovery","Elapsed":5.09}
{"Time":"2026-09-14T07:29:13.029832299+01:00","Action":"run","Package":"github.com/JohnnyPBelo/relayloom/native/app","Test":"TestGroupSendCommitFailures"}
{"Time":"2026-09-14T07:29:13.029836116+01:00","Action":"output","Package":"github.com/JohnnyPBelo/relayloom/native/app","Test":"TestGroupSendCommitFailures","Output":"=== RUN   TestGroupSendCommitFailures\n"}
{"Time":"2026-09-14T07:29:13.029847096+01:00","Action":"run","Package":"github.com/JohnnyPBelo/relayloom/native/app","Test":"TestGroupSendCommitFailures/preparing-rollback"}
{"Time":"2026-09-14T07:29:13.029850372+01:00","Action":"output","Package":"github.com/JohnnyPBelo/relayloom/native/app","Test":"TestGroupSendCommitFailures/preparing-rollback","Output":"=== RUN   TestGroupSendCommitFailures/preparing-rollback\n"}
{"Time":"2026-09-14T07:29:13.419855719+01:00","Action":"output","Package":"github.com/JohnnyPBelo/relayloom/native/groupaccess","Output":"ok  \tgithub.com/JohnnyPBelo/relayloom/native/groupaccess\t1.185s\n"}
{"Time":"2026-09-14T07:29:13.419897377+01:00","Action":"pass","Package":"github.com/JohnnyPBelo/relayloom/native/groupaccess","Elapsed":1.185}
{"Time":"2026-09-14T07:29:14.000741892+01:00","Action":"start","Package":"github.com/JohnnyPBelo/relayloom/native/groupcontrol"}
{"Time":"2026-09-14T07:29:14.009394264+01:00","Action":"run","Package":"github.com/JohnnyPBelo/relayloom/native/groupcontrol","Test":"TestExpiredEnvelopeCannotReplayAuthority"}
{"Time":"2026-09-14T07:29:14.009430532+01:00","Action":"output","Package":"github.com/JohnnyPBelo/relayloom/native/groupcontrol","Test":"TestExpiredEnvelopeCannotReplayAuthority","Output":"=== RUN   TestExpiredEnvelopeCannotReplayAuthority\n"}
{"Time":"2026-09-14T07:29:15.127963336+01:00","Action":"output","Package":"github.com/JohnnyPBelo/relayloom/native/groupcontrol","Test":"TestExpiredEnvelopeCannotReplayAuthority","Output":"--- PASS: TestExpiredEnvelopeCannotReplayAuthority (1.12s)\n"}
{"Time":"2026-09-14T07:29:15.128003572+01:00","Action":"pass","Package":"github.com/JohnnyPBelo/relayloom/native/groupcontrol","Test":"TestExpiredEnvelopeCannotReplayAuthority","Elapsed":1.12}
{"Time":"2026-09-14T07:29:15.128012368+01:00","Action":"run","Package":"github.com/JohnnyPBelo/relayloom/native/groupcontrol","Test":"TestPrivateCarrierKeepsCreatorProofAndRestrictsRecipient"}
{"Time":"2026-09-14T07:29:15.128015514+01:00","Action":"output","Package":"github.com/JohnnyPBelo/relayloom/native/groupcontrol","Test":"TestPrivateCarrierKeepsCreatorProofAndRestrictsRecipient","Output":"=== RUN   TestPrivateCarrierKeepsCreatorProofAndRestrictsRecipient\n"}
{"Time":"2026-09-14T07:29:17.333337435+01:00","Action":"output","Package":"github.com/JohnnyPBelo/relayloom/native/groupcontrol","Test":"TestPrivateCarrierKeepsCreatorProofAndRestrictsRecipient","Output":"--- PASS: TestPrivateCarrierKeepsCreatorProofAndRestrictsRecipient (2.21s)\n"}
{"Time":"2026-09-14T07:29:17.333378973+01:00","Action":"pass","Package":"github.com/JohnnyPBelo/relayloom/native/groupcontrol","Test":"TestPrivateCarrierKeepsCreatorProofAndRestrictsRecipient","Elapsed":2.21}
{"Time":"2026-09-14T07:29:17.33338818+01:00","Action":"run","Package":"github.com/JohnnyPBelo/relayloom/native/groupcontrol","Test":"TestOldMembershipStopsAtRemovalAndCannotReadFutureSnapshot"}
{"Time":"2026-09-14T07:29:17.333392819+01:00","Action":"output","Package":"github.com/JohnnyPBelo/relayloom/native/groupcontrol","Test":"TestOldMembershipStopsAtRemovalAndCannotReadFutureSnapshot","Output":"=== RUN   TestOldMembershipStopsAtRemovalAndCannotReadFutureSnapshot\n"}
{"Time":"2026-09-14T07:29:17.975047046+01:00","Action":"output","Package":"github.com/JohnnyPBelo/relayloom/native/app","Test":"TestGroupSendCommitFailures/preparing-rollback","Output":"--- PASS: TestGroupSendCommitFailures/preparing-rollback (4.95s)\n"}
{"Time":"2026-09-14T07:29:17.975088754+01:00","Action":"pass","Package":"github.com/JohnnyPBelo/relayloom/native/app","Test":"TestGroupSendCommitFailures/preparing-rollback","Elapsed":4.95}
{"Time":"2026-09-14T07:29:17.975099064+01:00","Action":"run","Package":"github.com/JohnnyPBelo/relayloom/native/app","Test":"TestGroupSendCommitFailures/preparing-lost-response"}
{"Time":"2026-09-14T07:29:17.975101809+01:00","Action":"output","Package":"github.com/JohnnyPBelo/relayloom/native/app","Test":"TestGroupSendCommitFailures/preparing-lost-response","Output":"=== RUN   TestGroupSendCommitFailures/preparing-lost-response\n"}
{"Time":"2026-09-14T07:29:19.730538343+01:00","Action":"output","Package":"github.com/JohnnyPBelo/relayloom/native/groupcontrol","Test":"TestOldMembershipStopsAtRemovalAndCannotReadFutureSnapshot","Output":"--- PASS: TestOldMembershipStopsAtRemovalAndCannotReadFutureSnapshot (2.40s)\n"}
{"Time":"2026-09-14T07:29:19.73058995+01:00","Action":"pass","Package":"github.com/JohnnyPBelo/relayloom/native/groupcontrol","Test":"TestOldMembershipStopsAtRemovalAndCannotReadFutureSnapshot","Elapsed":2.4}
{"Time":"2026-09-14T07:29:19.730642248+01:00","Action":"run","Package":"github.com/JohnnyPBelo/relayloom/native/groupcontrol","Test":"TestShapePreservesBadCertificateTailForAuthorityBoundary"}
{"Time":"2026-09-14T07:29:19.730647939+01:00","Action":"output","Package":"github.com/JohnnyPBelo/relayloom/native/groupcontrol","Test":"TestShapePreservesBadCertificateTailForAuthorityBoundary","Output":"=== RUN   TestShapePreservesBadCertificateTailForAuthorityBoundary\n"}
{"Time":"2026-09-14T07:29:19.80715314+01:00","Action":"output","Package":"github.com/JohnnyPBelo/relayloom/native/groupcontrol","Test":"TestShapePreservesBadCertificateTailForAuthorityBoundary","Output":"--- PASS: TestShapePreservesBadCertificateTailForAuthorityBoundary (0.08s)\n"}
{"Time":"2026-09-14T07:29:19.807195739+01:00","Action":"pass","Package":"github.com/JohnnyPBelo/relayloom/native/groupcontrol","Test":"TestShapePreservesBadCertificateTailForAuthorityBoundary","Elapsed":0.08}
{"Time":"2026-09-14T07:29:19.807205377+01:00","Action":"run","Package":"github.com/JohnnyPBelo/relayloom/native/groupcontrol","Test":"TestControlInteropFixture"}
{"Time":"2026-09-14T07:29:19.807208804+01:00","Action":"output","Package":"github.com/JohnnyPBelo/relayloom/native/groupcontrol","Test":"TestControlInteropFixture","Output":"=== RUN   TestControlInteropFixture\n"}
{"Time":"2026-09-14T07:29:19.807307749+01:00","Action":"output","Package":"github.com/JohnnyPBelo/relayloom/native/groupcontrol","Test":"TestControlInteropFixture","Output":"    interop_test.go:18: driven by tests/native/group-carriers.test.ts\n"}
{"Time":"2026-09-14T07:29:19.807353906+01:00","Action":"output","Package":"github.com/JohnnyPBelo/relayloom/native/groupcontrol","Test":"TestControlInteropFixture","Output":"--- SKIP: TestControlInteropFixture (0.00s)\n"}
{"Time":"2026-09-14T07:29:19.807358645+01:00","Action":"skip","Package":"github.com/JohnnyPBelo/relayloom/native/groupcontrol","Test":"TestControlInteropFixture","Elapsed":0}
{"Time":"2026-09-14T07:29:19.807364366+01:00","Action":"output","Package":"github.com/JohnnyPBelo/relayloom/native/groupcontrol","Output":"PASS\n"}
{"Time":"2026-09-14T07:29:20.811584132+01:00","Action":"output","Package":"github.com/JohnnyPBelo/relayloom/native/groupcontrol","Output":"ok  \tgithub.com/JohnnyPBelo/relayloom/native/groupcontrol\t6.811s\n"}
{"Time":"2026-09-14T07:29:20.811624027+01:00","Action":"pass","Package":"github.com/JohnnyPBelo/relayloom/native/groupcontrol","Elapsed":6.811}
{"Time":"2026-09-14T07:29:21.406188545+01:00","Action":"start","Package":"github.com/JohnnyPBelo/relayloom/native/groupnotice"}
{"Time":"2026-09-14T07:29:21.415942102+01:00","Action":"run","Package":"github.com/JohnnyPBelo/relayloom/native/groupnotice","Test":"TestNoticeInteropFixture"}
{"Time":"2026-09-14T07:29:21.415955137+01:00","Action":"output","Package":"github.com/JohnnyPBelo/relayloom/native/groupnotice","Test":"TestNoticeInteropFixture","Output":"=== RUN   TestNoticeInteropFixture\n"}
{"Time":"2026-09-14T07:29:21.416060875+01:00","Action":"output","Package":"github.com/JohnnyPBelo/relayloom/native/groupnotice","Test":"TestNoticeInteropFixture","Output":"    interop_test.go:17: driven by Node notice interoperability test\n"}
{"Time":"2026-09-14T07:29:21.416097584+01:00","Action":"output","Package":"github.com/JohnnyPBelo/relayloom/native/groupnotice","Test":"TestNoticeInteropFixture","Output":"--- SKIP: TestNoticeInteropFixture (0.00s)\n"}
{"Time":"2026-09-14T07:29:21.41619164+01:00","Action":"skip","Package":"github.com/JohnnyPBelo/relayloom/native/groupnotice","Test":"TestNoticeInteropFixture","Elapsed":0}
{"Time":"2026-09-14T07:29:21.416239219+01:00","Action":"run","Package":"github.com/JohnnyPBelo/relayloom/native/groupnotice","Test":"TestPrivateNoticeCertifiesPartiesWithoutEnrolling"}
{"Time":"2026-09-14T07:29:21.416242776+01:00","Action":"output","Package":"github.com/JohnnyPBelo/relayloom/native/groupnotice","Test":"TestPrivateNoticeCertifiesPartiesWithoutEnrolling","Output":"=== RUN   TestPrivateNoticeCertifiesPartiesWithoutEnrolling\n"}
{"Time":"2026-09-14T07:29:21.725256751+01:00","Action":"output","Package":"github.com/JohnnyPBelo/relayloom/native/groupnotice","Test":"TestPrivateNoticeCertifiesPartiesWithoutEnrolling","Output":"--- PASS: TestPrivateNoticeCertifiesPartiesWithoutEnrolling (0.31s)\n"}
{"Time":"2026-09-14T07:29:21.725294402+01:00","Action":"pass","Package":"github.com/JohnnyPBelo/relayloom/native/groupnotice","Test":"TestPrivateNoticeCertifiesPartiesWithoutEnrolling","Elapsed":0.31}
{"Time":"2026-09-14T07:29:21.725310882+01:00","Action":"run","Package":"github.com/JohnnyPBelo/relayloom/native/groupnotice","Test":"TestInvitationAndCardShareAuthorityCommitAndReopen"}
{"Time":"2026-09-14T07:29:21.725313658+01:00","Action":"output","Package":"github.com/JohnnyPBelo/relayloom/native/groupnotice","Test":"TestInvitationAndCardShareAuthorityCommitAndReopen","Output":"=== RUN   TestInvitationAndCardShareAuthorityCommitAndReopen\n"}
{"Time":"2026-09-14T07:29:22.077102452+01:00","Action":"output","Package":"github.com/JohnnyPBelo/relayloom/native/groupnotice","Test":"TestInvitationAndCardShareAuthorityCommitAndReopen","Output":"--- PASS: TestInvitationAndCardShareAuthorityCommitAndReopen (0.35s)\n"}
{"Time":"2026-09-14T07:29:22.077139892+01:00","Action":"pass","Package":"github.com/JohnnyPBelo/relayloom/native/groupnotice","Test":"TestInvitationAndCardShareAuthorityCommitAndReopen","Elapsed":0.35}
{"Time":"2026-09-14T07:29:22.077249477+01:00","Action":"run","Package":"github.com/JohnnyPBelo/relayloom/native/groupnotice","Test":"TestNoticeIssuerQuotaAndRetirement"}
{"Time":"2026-09-14T07:29:22.077280826+01:00","Action":"output","Package":"github.com/JohnnyPBelo/relayloom/native/groupnotice","Test":"TestNoticeIssuerQuotaAndRetirement","Output":"=== RUN   TestNoticeIssuerQuotaAndRetirement\n"}
{"Time":"2026-09-14T07:29:22.981529546+01:00","Action":"output","Package":"github.com/JohnnyPBelo/relayloom/native/app","Test":"TestGroupSendCommitFailures/preparing-lost-response","Output":"--- PASS: TestGroupSendCommitFailures/preparing-lost-response (5.01s)\n"}
{"Time":"2026-09-14T07:29:22.981573598+01:00","Action":"pass","Package":"github.com/JohnnyPBelo/relayloom/native/app","Test":"TestGroupSendCommitFailures/preparing-lost-response","Elapsed":5.01}
{"Time":"2026-09-14T07:29:22.981584459+01:00","Action":"run","Package":"github.com/JohnnyPBelo/relayloom/native/app","Test":"TestGroupSendCommitFailures/ready-rollback"}
{"Time":"2026-09-14T07:29:22.981589488+01:00","Action":"output","Package":"github.com/JohnnyPBelo/relayloom/native/app","Test":"TestGroupSendCommitFailures/ready-rollback","Output":"=== RUN   TestGroupSendCommitFailures/ready-rollback\n"}
{"Time":"2026-09-14T07:29:23.593420239+01:00","Action":"output","Package":"github.com/JohnnyPBelo/relayloom/native/groupnotice","Test":"TestNoticeIssuerQuotaAndRetirement","Output":"--- PASS: TestNoticeIssuerQuotaAndRetirement (1.52s)\n"}
{"Time":"2026-09-14T07:29:23.593469591+01:00","Action":"pass","Package":"github.com/JohnnyPBelo/relayloom/native/groupnotice","Test":"TestNoticeIssuerQuotaAndRetirement","Elapsed":1.52}
{"Time":"2026-09-14T07:29:23.593485561+01:00","Action":"run","Package":"github.com/JohnnyPBelo/relayloom/native/groupnotice","Test":"TestRetirementIsFiniteAndDoesNotBecomeConsent"}
{"Time":"2026-09-14T07:29:23.593489869+01:00","Action":"output","Package":"github.com/JohnnyPBelo/relayloom/native/groupnotice","Test":"TestRetirementIsFiniteAndDoesNotBecomeConsent","Output":"=== RUN   TestRetirementIsFiniteAndDoesNotBecomeConsent\n"}
{"Time":"2026-09-14T07:29:28.065723277+01:00","Action":"output","Package":"github.com/JohnnyPBelo/relayloom/native/app","Test":"TestGroupSendCommitFailures/ready-rollback","Output":"--- PASS: TestGroupSendCommitFailures/ready-rollback (5.08s)\n"}
{"Time":"2026-09-14T07:29:28.065768562+01:00","Action":"pass","Package":"github.com/JohnnyPBelo/relayloom/native/app","Test":"TestGroupSendCommitFailures/ready-rollback","Elapsed":5.08}
{"Time":"2026-09-14T07:29:28.065778831+01:00","Action":"run","Package":"github.com/JohnnyPBelo/relayloom/native/app","Test":"TestGroupSendCommitFailures/ready-lost-response"}
{"Time":"2026-09-14T07:29:28.065783901+01:00","Action":"output","Package":"github.com/JohnnyPBelo/relayloom/native/app","Test":"TestGroupSendCommitFailures/ready-lost-response","Output":"=== RUN   TestGroupSendCommitFailures/ready-lost-response\n"}
{"Time":"2026-09-14T07:29:32.996338763+01:00","Action":"output","Package":"github.com/JohnnyPBelo/relayloom/native/app","Test":"TestGroupSendCommitFailures/ready-lost-response","Output":"--- PASS: TestGroupSendCommitFailures/ready-lost-response (4.93s)\n"}
{"Time":"2026-09-14T07:29:32.996379319+01:00","Action":"pass","Package":"github.com/JohnnyPBelo/relayloom/native/app","Test":"TestGroupSendCommitFailures/ready-lost-response","Elapsed":4.93}
{"Time":"2026-09-14T07:29:32.996387985+01:00","Action":"output","Package":"github.com/JohnnyPBelo/relayloom/native/app","Test":"TestGroupSendCommitFailures","Output":"--- PASS: TestGroupSendCommitFailures (19.97s)\n"}
{"Time":"2026-09-14T07:29:32.996420496+01:00","Action":"pass","Package":"github.com/JohnnyPBelo/relayloom/native/app","Test":"TestGroupSendCommitFailures","Elapsed":19.97}
{"Time":"2026-09-14T07:29:32.996442487+01:00","Action":"run","Package":"github.com/JohnnyPBelo/relayloom/native/app","Test":"TestGroupSendContentIndexFailure"}
{"Time":"2026-09-14T07:29:32.996445503+01:00","Action":"output","Package":"github.com/JohnnyPBelo/relayloom/native/app","Test":"TestGroupSendContentIndexFailure","Output":"=== RUN   TestGroupSendContentIndexFailure\n"}
{"Time":"2026-09-14T07:29:38.833151791+01:00","Action":"output","Package":"github.com/JohnnyPBelo/relayloom/native/app","Test":"TestGroupSendContentIndexFailure","Output":"--- PASS: TestGroupSendContentIndexFailure (5.84s)\n"}
{"Time":"2026-09-14T07:29:38.833202527+01:00","Action":"pass","Package":"github.com/JohnnyPBelo/relayloom/native/app","Test":"TestGroupSendContentIndexFailure","Elapsed":5.84}
{"Time":"2026-09-14T07:29:38.833214088+01:00","Action":"run","Package":"github.com/JohnnyPBelo/relayloom/native/app","Test":"TestGroupControlResponsesRespectProducerQuota"}
{"Time":"2026-09-14T07:29:38.833218326+01:00","Action":"output","Package":"github.com/JohnnyPBelo/relayloom/native/app","Test":"TestGroupControlResponsesRespectProducerQuota","Output":"=== RUN   TestGroupControlResponsesRespectProducerQuota\n"}
{"Time":"2026-09-14T07:29:41.954439147+01:00","Action":"output","Package":"github.com/JohnnyPBelo/relayloom/native/groupnotice","Test":"TestRetirementIsFiniteAndDoesNotBecomeConsent","Output":"--- PASS: TestRetirementIsFiniteAndDoesNotBecomeConsent (18.36s)\n"}
{"Time":"2026-09-14T07:29:41.954479313+01:00","Action":"pass","Package":"github.com/JohnnyPBelo/relayloom/native/groupnotice","Test":"TestRetirementIsFiniteAndDoesNotBecomeConsent","Elapsed":18.36}
{"Time":"2026-09-14T07:29:41.954488349+01:00","Action":"run","Package":"github.com/JohnnyPBelo/relayloom/native/groupnotice","Test":"TestMalformedNoticeAbortsSwallowedOuterTransaction"}
{"Time":"2026-09-14T07:29:41.954496825+01:00","Action":"output","Package":"github.com/JohnnyPBelo/relayloom/native/groupnotice","Test":"TestMalformedNoticeAbortsSwallowedOuterTransaction","Output":"=== RUN   TestMalformedNoticeAbortsSwallowedOuterTransaction\n"}
{"Time":"2026-09-14T07:29:42.082768563+01:00","Action":"output","Package":"github.com/JohnnyPBelo/relayloom/native/groupnotice","Test":"TestMalformedNoticeAbortsSwallowedOuterTransaction","Output":"--- PASS: TestMalformedNoticeAbortsSwallowedOuterTransaction (0.13s)\n"}
{"Time":"2026-09-14T07:29:42.082812876+01:00","Action":"pass","Package":"github.com/JohnnyPBelo/relayloom/native/groupnotice","Test":"TestMalformedNoticeAbortsSwallowedOuterTransaction","Elapsed":0.13}
{"Time":"2026-09-14T07:29:42.082822033+01:00","Action":"output","Package":"github.com/JohnnyPBelo/relayloom/native/groupnotice","Output":"PASS\n"}
{"Time":"2026-09-14T07:29:43.088224943+01:00","Action":"output","Package":"github.com/JohnnyPBelo/relayloom/native/groupnotice","Output":"ok  \tgithub.com/JohnnyPBelo/relayloom/native/groupnotice\t21.682s\n"}
{"Time":"2026-09-14T07:29:43.088277842+01:00","Action":"pass","Package":"github.com/JohnnyPBelo/relayloom/native/groupnotice","Elapsed":21.682}
{"Time":"2026-09-14T07:29:43.68266338+01:00","Action":"start","Package":"github.com/JohnnyPBelo/relayloom/native/groupledger"}
{"Time":"2026-09-14T07:29:43.69266325+01:00","Action":"run","Package":"github.com/JohnnyPBelo/relayloom/native/groupledger","Test":"TestStopSnapshotInvalidatesOnMutationAndScopeExit"}
{"Time":"2026-09-14T07:29:43.692695311+01:00","Action":"output","Package":"github.com/JohnnyPBelo/relayloom/native/groupledger","Test":"TestStopSnapshotInvalidatesOnMutationAndScopeExit","Output":"=== RUN   TestStopSnapshotInvalidatesOnMutationAndScopeExit\n"}
{"Time":"2026-09-14T07:29:43.89769425+01:00","Action":"output","Package":"github.com/JohnnyPBelo/relayloom/native/groupledger","Test":"TestStopSnapshotInvalidatesOnMutationAndScopeExit","Output":"--- PASS: TestStopSnapshotInvalidatesOnMutationAndScopeExit (0.20s)\n"}
{"Time":"2026-09-14T07:29:43.897737922+01:00","Action":"pass","Package":"github.com/JohnnyPBelo/relayloom/native/groupledger","Test":"TestStopSnapshotInvalidatesOnMutationAndScopeExit","Elapsed":0.2}
{"Time":"2026-09-14T07:29:43.897751577+01:00","Action":"run","Package":"github.com/JohnnyPBelo/relayloom/native/groupledger","Test":"TestClosureStopsAndRetirementStayAtomic"}
{"Time":"2026-09-14T07:29:43.897756647+01:00","Action":"output","Package":"github.com/JohnnyPBelo/relayloom/native/groupledger","Test":"TestClosureStopsAndRetirementStayAtomic","Output":"=== RUN   TestClosureStopsAndRetirementStayAtomic\n"}
{"Time":"2026-09-14T07:29:44.213160448+01:00","Action":"output","Package":"github.com/JohnnyPBelo/relayloom/native/groupledger","Test":"TestClosureStopsAndRetirementStayAtomic","Output":"--- PASS: TestClosureStopsAndRetirementStayAtomic (0.32s)\n"}
{"Time":"2026-09-14T07:29:44.213202476+01:00","Action":"pass","Package":"github.com/JohnnyPBelo/relayloom/native/groupledger","Test":"TestClosureStopsAndRetirementStayAtomic","Elapsed":0.32}
{"Time":"2026-09-14T07:29:44.213213968+01:00","Action":"run","Package":"github.com/JohnnyPBelo/relayloom/native/groupledger","Test":"TestMalformedCountersFailClosedAndUTF16Bounds"}
{"Time":"2026-09-14T07:29:44.213218687+01:00","Action":"output","Package":"github.com/JohnnyPBelo/relayloom/native/groupledger","Test":"TestMalformedCountersFailClosedAndUTF16Bounds","Output":"=== RUN   TestMalformedCountersFailClosedAndUTF16Bounds\n"}
{"Time":"2026-09-14T07:29:44.247027664+01:00","Action":"output","Package":"github.com/JohnnyPBelo/relayloom/native/groupledger","Test":"TestMalformedCountersFailClosedAndUTF16Bounds","Output":"--- PASS: TestMalformedCountersFailClosedAndUTF16Bounds (0.03s)\n"}
{"Time":"2026-09-14T07:29:44.247062659+01:00","Action":"pass","Package":"github.com/JohnnyPBelo/relayloom/native/groupledger","Test":"TestMalformedCountersFailClosedAndUTF16Bounds","Elapsed":0.03}
{"Time":"2026-09-14T07:29:44.247072217+01:00","Action":"run","Package":"github.com/JohnnyPBelo/relayloom/native/groupledger","Test":"TestGroupLedgerProcessFixture"}
{"Time":"2026-09-14T07:29:44.247077708+01:00","Action":"output","Package":"github.com/JohnnyPBelo/relayloom/native/groupledger","Test":"TestGroupLedgerProcessFixture","Output":"=== RUN   TestGroupLedgerProcessFixture\n"}
{"Time":"2026-09-14T07:29:44.247119807+01:00","Action":"output","Package":"github.com/JohnnyPBelo/relayloom/native/groupledger","Test":"TestGroupLedgerProcessFixture","Output":"    worker_test.go:18: driven by real Node/Go ledger processes\n"}
{"Time":"2026-09-14T07:29:44.247147389+01:00","Action":"output","Package":"github.com/JohnnyPBelo/relayloom/native/groupledger","Test":"TestGroupLedgerProcessFixture","Output":"--- SKIP: TestGroupLedgerProcessFixture (0.00s)\n"}
{"Time":"2026-09-14T07:29:44.247152578+01:00","Action":"skip","Package":"github.com/JohnnyPBelo/relayloom/native/groupledger","Test":"TestGroupLedgerProcessFixture","Elapsed":0}
{"Time":"2026-09-14T07:29:44.247175471+01:00","Action":"output","Package":"github.com/JohnnyPBelo/relayloom/native/groupledger","Output":"PASS\n"}
{"Time":"2026-09-14T07:29:45.250681188+01:00","Action":"output","Package":"github.com/JohnnyPBelo/relayloom/native/groupledger","Output":"ok  \tgithub.com/JohnnyPBelo/relayloom/native/groupledger\t1.568s\n"}
{"Time":"2026-09-14T07:29:45.250728808+01:00","Action":"pass","Package":"github.com/JohnnyPBelo/relayloom/native/groupledger","Elapsed":1.568}
{"Time":"2026-09-14T07:29:45.693329437+01:00","Action":"start","Package":"github.com/JohnnyPBelo/relayloom/native/profilelock"}
{"Time":"2026-09-14T07:29:45.700924271+01:00","Action":"run","Package":"github.com/JohnnyPBelo/relayloom/native/profilelock","Test":"TestExclusiveOwnershipIndependentProfilesAndRestart"}
{"Time":"2026-09-14T07:29:45.700962893+01:00","Action":"output","Package":"github.com/JohnnyPBelo/relayloom/native/profilelock","Test":"TestExclusiveOwnershipIndependentProfilesAndRestart","Output":"=== RUN   TestExclusiveOwnershipIndependentProfilesAndRestart\n"}
{"Time":"2026-09-14T07:29:45.736258142+01:00","Action":"output","Package":"github.com/JohnnyPBelo/relayloom/native/profilelock","Test":"TestExclusiveOwnershipIndependentProfilesAndRestart","Output":"--- PASS: TestExclusiveOwnershipIndependentProfilesAndRestart (0.04s)\n"}
{"Time":"2026-09-14T07:29:45.73627846+01:00","Action":"pass","Package":"github.com/JohnnyPBelo/relayloom/native/profilelock","Test":"TestExclusiveOwnershipIndependentProfilesAndRestart","Elapsed":0.04}
{"Time":"2026-09-14T07:29:45.736288569+01:00","Action":"run","Package":"github.com/JohnnyPBelo/relayloom/native/profilelock","Test":"TestEmptyInitializationAndForeignFile"}
{"Time":"2026-09-14T07:29:45.736292366+01:00","Action":"output","Package":"github.com/JohnnyPBelo/relayloom/native/profilelock","Test":"TestEmptyInitializationAndForeignFile","Output":"=== RUN   TestEmptyInitializationAndForeignFile\n"}
{"Time":"2026-09-14T07:29:45.751636884+01:00","Action":"output","Package":"github.com/JohnnyPBelo/relayloom/native/profilelock","Test":"TestEmptyInitializationAndForeignFile","Output":"--- PASS: TestEmptyInitializationAndForeignFile (0.02s)\n"}
{"Time":"2026-09-14T07:29:45.751671179+01:00","Action":"pass","Package":"github.com/JohnnyPBelo/relayloom/native/profilelock","Test":"TestEmptyInitializationAndForeignFile","Elapsed":0.02}
{"Time":"2026-09-14T07:29:45.751685356+01:00","Action":"run","Package":"github.com/JohnnyPBelo/relayloom/native/profilelock","Test":"TestProfileOwnershipInteropFixture"}
{"Time":"2026-09-14T07:29:45.751689774+01:00","Action":"output","Package":"github.com/JohnnyPBelo/relayloom/native/profilelock","Test":"TestProfileOwnershipInteropFixture","Output":"=== RUN   TestProfileOwnershipInteropFixture\n"}
{"Time":"2026-09-14T07:29:45.751704051+01:00","Action":"output","Package":"github.com/JohnnyPBelo/relayloom/native/profilelock","Test":"TestProfileOwnershipInteropFixture","Output":"    worker_test.go:14: driven by real Node/Go profile ownership processes\n"}
{"Time":"2026-09-14T07:29:45.751743996+01:00","Action":"output","Package":"github.com/JohnnyPBelo/relayloom/native/profilelock","Test":"TestProfileOwnershipInteropFixture","Output":"--- SKIP: TestProfileOwnershipInteropFixture (0.00s)\n"}
{"Time":"2026-09-14T07:29:45.751749035+01:00","Action":"skip","Package":"github.com/JohnnyPBelo/relayloom/native/profilelock","Test":"TestProfileOwnershipInteropFixture","Elapsed":0}
{"Time":"2026-09-14T07:29:45.751761489+01:00","Action":"output","Package":"github.com/JohnnyPBelo/relayloom/native/profilelock","Output":"PASS\n"}
{"Time":"2026-09-14T07:29:46.754439791+01:00","Action":"output","Package":"github.com/JohnnyPBelo/relayloom/native/profilelock","Output":"ok  \tgithub.com/JohnnyPBelo/relayloom/native/profilelock\t1.061s\n"}
{"Time":"2026-09-14T07:29:46.754487661+01:00","Action":"pass","Package":"github.com/JohnnyPBelo/relayloom/native/profilelock","Elapsed":1.061}
{"Time":"2026-09-14T07:29:47.234697795+01:00","Action":"start","Package":"github.com/JohnnyPBelo/relayloom/native/profilestate"}
{"Time":"2026-09-14T07:29:47.243892965+01:00","Action":"run","Package":"github.com/JohnnyPBelo/relayloom/native/profilestate","Test":"TestPersistedPrivateBytesAndAtomicShrink"}
{"Time":"2026-09-14T07:29:47.243914515+01:00","Action":"output","Package":"github.com/JohnnyPBelo/relayloom/native/profilestate","Test":"TestPersistedPrivateBytesAndAtomicShrink","Output":"=== RUN   TestPersistedPrivateBytesAndAtomicShrink\n"}
{"Time":"2026-09-14T07:29:47.975480752+01:00","Action":"output","Package":"github.com/JohnnyPBelo/relayloom/native/profilestate","Test":"TestPersistedPrivateBytesAndAtomicShrink","Output":"--- PASS: TestPersistedPrivateBytesAndAtomicShrink (0.73s)\n"}
{"Time":"2026-09-14T07:29:47.975526568+01:00","Action":"pass","Package":"github.com/JohnnyPBelo/relayloom/native/profilestate","Test":"TestPersistedPrivateBytesAndAtomicShrink","Elapsed":0.73}
{"Time":"2026-09-14T07:29:47.975543399+01:00","Action":"run","Package":"github.com/JohnnyPBelo/relayloom/native/profilestate","Test":"TestPrivateStateAndFenceCommitOrRollbackWithCAS"}
{"Time":"2026-09-14T07:29:47.975546716+01:00","Action":"output","Package":"github.com/JohnnyPBelo/relayloom/native/profilestate","Test":"TestPrivateStateAndFenceCommitOrRollbackWithCAS","Output":"=== RUN   TestPrivateStateAndFenceCommitOrRollbackWithCAS\n"}
{"Time":"2026-09-14T07:29:48.042129435+01:00","Action":"output","Package":"github.com/JohnnyPBelo/relayloom/native/profilestate","Test":"TestPrivateStateAndFenceCommitOrRollbackWithCAS","Output":"--- PASS: TestPrivateStateAndFenceCommitOrRollbackWithCAS (0.07s)\n"}
{"Time":"2026-09-14T07:29:48.042169129+01:00","Action":"pass","Package":"github.com/JohnnyPBelo/relayloom/native/profilestate","Test":"TestPrivateStateAndFenceCommitOrRollbackWithCAS","Elapsed":0.07}
{"Time":"2026-09-14T07:29:48.042178146+01:00","Action":"run","Package":"github.com/JohnnyPBelo/relayloom/native/profilestate","Test":"TestBrokenAndOrphanChunksFailClosed"}
{"Time":"2026-09-14T07:29:48.042182585+01:00","Action":"output","Package":"github.com/JohnnyPBelo/relayloom/native/profilestate","Test":"TestBrokenAndOrphanChunksFailClosed","Output":"=== RUN   TestBrokenAndOrphanChunksFailClosed\n"}
{"Time":"2026-09-14T07:29:48.042188135+01:00","Action":"run","Package":"github.com/JohnnyPBelo/relayloom/native/profilestate","Test":"TestBrokenAndOrphanChunksFailClosed/missing"}
{"Time":"2026-09-14T07:29:48.042191491+01:00","Action":"output","Package":"github.com/JohnnyPBelo/relayloom/native/profilestate","Test":"TestBrokenAndOrphanChunksFailClosed/missing","Output":"=== RUN   TestBrokenAndOrphanChunksFailClosed/missing\n"}
{"Time":"2026-09-14T07:29:48.081884248+01:00","Action":"output","Package":"github.com/JohnnyPBelo/relayloom/native/profilestate","Test":"TestBrokenAndOrphanChunksFailClosed/missing","Output":"--- PASS: TestBrokenAndOrphanChunksFailClosed/missing (0.04s)\n"}
{"Time":"2026-09-14T07:29:48.081920256+01:00","Action":"pass","Package":"github.com/JohnnyPBelo/relayloom/native/profilestate","Test":"TestBrokenAndOrphanChunksFailClosed/missing","Elapsed":0.04}
{"Time":"2026-09-14T07:29:48.081929664+01:00","Action":"run","Package":"github.com/JohnnyPBelo/relayloom/native/profilestate","Test":"TestBrokenAndOrphanChunksFailClosed/orphan"}
{"Time":"2026-09-14T07:29:48.081933581+01:00","Action":"output","Package":"github.com/JohnnyPBelo/relayloom/native/profilestate","Test":"TestBrokenAndOrphanChunksFailClosed/orphan","Output":"=== RUN   TestBrokenAndOrphanChunksFailClosed/orphan\n"}
{"Time":"2026-09-14T07:29:48.121067739+01:00","Action":"output","Package":"github.com/JohnnyPBelo/relayloom/native/profilestate","Test":"TestBrokenAndOrphanChunksFailClosed/orphan","Output":"--- PASS: TestBrokenAndOrphanChunksFailClosed/orphan (0.04s)\n"}
{"Time":"2026-09-14T07:29:48.121104538+01:00","Action":"pass","Package":"github.com/JohnnyPBelo/relayloom/native/profilestate","Test":"TestBrokenAndOrphanChunksFailClosed/orphan","Elapsed":0.04}
{"Time":"2026-09-14T07:29:48.121112663+01:00","Action":"run","Package":"github.com/JohnnyPBelo/relayloom/native/profilestate","Test":"TestBrokenAndOrphanChunksFailClosed/hash"}
{"Time":"2026-09-14T07:29:48.121116501+01:00","Action":"output","Package":"github.com/JohnnyPBelo/relayloom/native/profilestate","Test":"TestBrokenAndOrphanChunksFailClosed/hash","Output":"=== RUN   TestBrokenAndOrphanChunksFailClosed/hash\n"}
{"Time":"2026-09-14T07:29:48.164628821+01:00","Action":"output","Package":"github.com/JohnnyPBelo/relayloom/native/profilestate","Test":"TestBrokenAndOrphanChunksFailClosed/hash","Output":"--- PASS: TestBrokenAndOrphanChunksFailClosed/hash (0.04s)\n"}
{"Time":"2026-09-14T07:29:48.164667824+01:00","Action":"pass","Package":"github.com/JohnnyPBelo/relayloom/native/profilestate","Test":"TestBrokenAndOrphanChunksFailClosed/hash","Elapsed":0.04}
{"Time":"2026-09-14T07:29:48.164676841+01:00","Action":"output","Package":"github.com/JohnnyPBelo/relayloom/native/profilestate","Test":"TestBrokenAndOrphanChunksFailClosed","Output":"--- PASS: TestBrokenAndOrphanChunksFailClosed (0.12s)\n"}
{"Time":"2026-09-14T07:29:48.164680548+01:00","Action":"pass","Package":"github.com/JohnnyPBelo/relayloom/native/profilestate","Test":"TestBrokenAndOrphanChunksFailClosed","Elapsed":0.12}
{"Time":"2026-09-14T07:29:48.164699123+01:00","Action":"run","Package":"github.com/JohnnyPBelo/relayloom/native/profilestate","Test":"TestPrivateStateByteBounds"}
{"Time":"2026-09-14T07:29:48.16470251+01:00","Action":"output","Package":"github.com/JohnnyPBelo/relayloom/native/profilestate","Test":"TestPrivateStateByteBounds","Output":"=== RUN   TestPrivateStateByteBounds\n"}
{"Time":"2026-09-14T07:29:53.724093137+01:00","Action":"output","Package":"github.com/JohnnyPBelo/relayloom/native/profilestate","Test":"TestPrivateStateByteBounds","Output":"--- PASS: TestPrivateStateByteBounds (5.56s)\n"}
{"Time":"2026-09-14T07:29:53.724136418+01:00","Action":"pass","Package":"github.com/JohnnyPBelo/relayloom/native/profilestate","Test":"TestPrivateStateByteBounds","Elapsed":5.56}
{"Time":"2026-09-14T07:29:53.724146126+01:00","Action":"output","Package":"github.com/JohnnyPBelo/relayloom/native/profilestate","Output":"PASS\n"}
{"Time":"2026-09-14T07:29:54.740452414+01:00","Action":"output","Package":"github.com/JohnnyPBelo/relayloom/native/profilestate","Output":"ok  \tgithub.com/JohnnyPBelo/relayloom/native/profilestate\t7.506s\n"}
{"Time":"2026-09-14T07:29:54.740513408+01:00","Action":"pass","Package":"github.com/JohnnyPBelo/relayloom/native/profilestate","Elapsed":7.506}
{"Time":"2026-09-14T07:29:55.208267068+01:00","Action":"start","Package":"github.com/JohnnyPBelo/relayloom/native/profilebinding"}
{"Time":"2026-09-14T07:29:55.216764927+01:00","Action":"run","Package":"github.com/JohnnyPBelo/relayloom/native/profilebinding","Test":"TestBindingOwnerStoreSourceAndPhases"}
{"Time":"2026-09-14T07:29:55.216779815+01:00","Action":"output","Package":"github.com/JohnnyPBelo/relayloom/native/profilebinding","Test":"TestBindingOwnerStoreSourceAndPhases","Output":"=== RUN   TestBindingOwnerStoreSourceAndPhases\n"}
{"Time":"2026-09-14T07:29:55.234463317+01:00","Action":"output","Package":"github.com/JohnnyPBelo/relayloom/native/profilebinding","Test":"TestBindingOwnerStoreSourceAndPhases","Output":"--- PASS: TestBindingOwnerStoreSourceAndPhases (0.02s)\n"}
{"Time":"2026-09-14T07:29:55.234483966+01:00","Action":"pass","Package":"github.com/JohnnyPBelo/relayloom/native/profilebinding","Test":"TestBindingOwnerStoreSourceAndPhases","Elapsed":0.02}
{"Time":"2026-09-14T07:29:55.234524652+01:00","Action":"run","Package":"github.com/JohnnyPBelo/relayloom/native/profilebinding","Test":"TestPreassignedStoreIDDoesNotPermitReset"}
{"Time":"2026-09-14T07:29:55.234527808+01:00","Action":"output","Package":"github.com/JohnnyPBelo/relayloom/native/profilebinding","Test":"TestPreassignedStoreIDDoesNotPermitReset","Output":"=== RUN   TestPreassignedStoreIDDoesNotPermitReset\n"}
{"Time":"2026-09-14T07:29:55.26524604+01:00","Action":"output","Package":"github.com/JohnnyPBelo/relayloom/native/profilebinding","Test":"TestPreassignedStoreIDDoesNotPermitReset","Output":"--- PASS: TestPreassignedStoreIDDoesNotPermitReset (0.03s)\n"}
{"Time":"2026-09-14T07:29:55.265273622+01:00","Action":"pass","Package":"github.com/JohnnyPBelo/relayloom/native/profilebinding","Test":"TestPreassignedStoreIDDoesNotPermitReset","Elapsed":0.03}
{"Time":"2026-09-14T07:29:55.265281737+01:00","Action":"output","Package":"github.com/JohnnyPBelo/relayloom/native/profilebinding","Output":"PASS\n"}
{"Time":"2026-09-14T07:29:56.267402873+01:00","Action":"output","Package":"github.com/JohnnyPBelo/relayloom/native/profilebinding","Output":"ok  \tgithub.com/JohnnyPBelo/relayloom/native/profilebinding\t1.059s\n"}
{"Time":"2026-09-14T07:29:56.267444461+01:00","Action":"pass","Package":"github.com/JohnnyPBelo/relayloom/native/profilebinding","Elapsed":1.059}
{"Time":"2026-09-14T07:29:56.794137285+01:00","Action":"start","Package":"github.com/JohnnyPBelo/relayloom/native/profiledb"}
{"Time":"2026-09-14T07:29:56.804047016+01:00","Action":"run","Package":"github.com/JohnnyPBelo/relayloom/native/profiledb","Test":"TestMigrationBindingAndCommittedNoFallback"}
{"Time":"2026-09-14T07:29:56.804069839+01:00","Action":"output","Package":"github.com/JohnnyPBelo/relayloom/native/profiledb","Test":"TestMigrationBindingAndCommittedNoFallback","Output":"=== RUN   TestMigrationBindingAndCommittedNoFallback\n"}
{"Time":"2026-09-14T07:29:56.917803843+01:00","Action":"output","Package":"github.com/JohnnyPBelo/relayloom/native/profiledb","Test":"TestMigrationBindingAndCommittedNoFallback","Output":"--- PASS: TestMigrationBindingAndCommittedNoFallback (0.11s)\n"}
{"Time":"2026-09-14T07:29:56.91784991+01:00","Action":"pass","Package":"github.com/JohnnyPBelo/relayloom/native/profiledb","Test":"TestMigrationBindingAndCommittedNoFallback","Elapsed":0.11}
{"Time":"2026-09-14T07:29:56.917863876+01:00","Action":"run","Package":"github.com/JohnnyPBelo/relayloom/native/profiledb","Test":"TestMissingSwappedOrUnboundDatabaseIsNotReset"}
{"Time":"2026-09-14T07:29:56.917867864+01:00","Action":"output","Package":"github.com/JohnnyPBelo/relayloom/native/profiledb","Test":"TestMissingSwappedOrUnboundDatabaseIsNotReset","Output":"=== RUN   TestMissingSwappedOrUnboundDatabaseIsNotReset\n"}
{"Time":"2026-09-14T07:29:56.917876109+01:00","Action":"run","Package":"github.com/JohnnyPBelo/relayloom/native/profiledb","Test":"TestMissingSwappedOrUnboundDatabaseIsNotReset/missing"}
{"Time":"2026-09-14T07:29:56.917880487+01:00","Action":"output","Package":"github.com/JohnnyPBelo/relayloom/native/profiledb","Test":"TestMissingSwappedOrUnboundDatabaseIsNotReset/missing","Output":"=== RUN   TestMissingSwappedOrUnboundDatabaseIsNotReset/missing\n"}
{"Time":"2026-09-14T07:29:56.982474732+01:00","Action":"output","Package":"github.com/JohnnyPBelo/relayloom/native/profiledb","Test":"TestMissingSwappedOrUnboundDatabaseIsNotReset/missing","Output":"--- PASS: TestMissingSwappedOrUnboundDatabaseIsNotReset/missing (0.06s)\n"}
{"Time":"2026-09-14T07:29:56.98254834+01:00","Action":"pass","Package":"github.com/JohnnyPBelo/relayloom/native/profiledb","Test":"TestMissingSwappedOrUnboundDatabaseIsNotReset/missing","Elapsed":0.06}
{"Time":"2026-09-14T07:29:56.982561164+01:00","Action":"run","Package":"github.com/JohnnyPBelo/relayloom/native/profiledb","Test":"TestMissingSwappedOrUnboundDatabaseIsNotReset/swapped"}
{"Time":"2026-09-14T07:29:56.982565633+01:00","Action":"output","Package":"github.com/JohnnyPBelo/relayloom/native/profiledb","Test":"TestMissingSwappedOrUnboundDatabaseIsNotReset/swapped","Output":"=== RUN   TestMissingSwappedOrUnboundDatabaseIsNotReset/swapped\n"}
{"Time":"2026-09-14T07:29:57.066442191+01:00","Action":"output","Package":"github.com/JohnnyPBelo/relayloom/native/profiledb","Test":"TestMissingSwappedOrUnboundDatabaseIsNotReset/swapped","Output":"--- PASS: TestMissingSwappedOrUnboundDatabaseIsNotReset/swapped (0.08s)\n"}
{"Time":"2026-09-14T07:29:57.066480393+01:00","Action":"pass","Package":"github.com/JohnnyPBelo/relayloom/native/profiledb","Test":"TestMissingSwappedOrUnboundDatabaseIsNotReset/swapped","Elapsed":0.08}
{"Time":"2026-09-14T07:29:57.066498617+01:00","Action":"run","Package":"github.com/JohnnyPBelo/relayloom/native/profiledb","Test":"TestMissingSwappedOrUnboundDatabaseIsNotReset/unbound"}
{"Time":"2026-09-14T07:29:57.066502214+01:00","Action":"output","Package":"github.com/JohnnyPBelo/relayloom/native/profiledb","Test":"TestMissingSwappedOrUnboundDatabaseIsNotReset/unbound","Output":"=== RUN   TestMissingSwappedOrUnboundDatabaseIsNotReset/unbound\n"}
{"Time":"2026-09-14T07:29:57.097912476+01:00","Action":"output","Package":"github.com/JohnnyPBelo/relayloom/native/profiledb","Test":"TestMissingSwappedOrUnboundDatabaseIsNotReset/unbound","Output":"--- PASS: TestMissingSwappedOrUnboundDatabaseIsNotReset/unbound (0.03s)\n"}
{"Time":"2026-09-14T07:29:57.097951719+01:00","Action":"pass","Package":"github.com/JohnnyPBelo/relayloom/native/profiledb","Test":"TestMissingSwappedOrUnboundDatabaseIsNotReset/unbound","Elapsed":0.03}
{"Time":"2026-09-14T07:29:57.097960466+01:00","Action":"output","Package":"github.com/JohnnyPBelo/relayloom/native/profiledb","Test":"TestMissingSwappedOrUnboundDatabaseIsNotReset","Output":"--- PASS: TestMissingSwappedOrUnboundDatabaseIsNotReset (0.18s)\n"}
{"Time":"2026-09-14T07:29:57.097964814+01:00","Action":"pass","Package":"github.com/JohnnyPBelo/relayloom/native/profiledb","Test":"TestMissingSwappedOrUnboundDatabaseIsNotReset","Elapsed":0.18}
{"Time":"2026-09-14T07:29:57.097980844+01:00","Action":"run","Package":"github.com/JohnnyPBelo/relayloom/native/profiledb","Test":"TestPreparedResumeAndChangedSourceRefusal"}
{"Time":"2026-09-14T07:29:57.097984962+01:00","Action":"output","Package":"github.com/JohnnyPBelo/relayloom/native/profiledb","Test":"TestPreparedResumeAndChangedSourceRefusal","Output":"=== RUN   TestPreparedResumeAndChangedSourceRefusal\n"}
{"Time":"2026-09-14T07:29:57.098023294+01:00","Action":"run","Package":"github.com/JohnnyPBelo/relayloom/native/profiledb","Test":"TestPreparedResumeAndChangedSourceRefusal/no-db"}
{"Time":"2026-09-14T07:29:57.09802679+01:00","Action":"output","Package":"github.com/JohnnyPBelo/relayloom/native/profiledb","Test":"TestPreparedResumeAndChangedSourceRefusal/no-db","Output":"=== RUN   TestPreparedResumeAndChangedSourceRefusal/no-db\n"}
{"Time":"2026-09-14T07:29:57.170263208+01:00","Action":"output","Package":"github.com/JohnnyPBelo/relayloom/native/profiledb","Test":"TestPreparedResumeAndChangedSourceRefusal/no-db","Output":"--- PASS: TestPreparedResumeAndChangedSourceRefusal/no-db (0.07s)\n"}
{"Time":"2026-09-14T07:29:57.170300468+01:00","Action":"pass","Package":"github.com/JohnnyPBelo/relayloom/native/profiledb","Test":"TestPreparedResumeAndChangedSourceRefusal/no-db","Elapsed":0.07}
{"Time":"2026-09-14T07:29:57.170309865+01:00","Action":"run","Package":"github.com/JohnnyPBelo/relayloom/native/profiledb","Test":"TestPreparedResumeAndChangedSourceRefusal/empty-db"}
{"Time":"2026-09-14T07:29:57.17031243+01:00","Action":"output","Package":"github.com/JohnnyPBelo/relayloom/native/profiledb","Test":"TestPreparedResumeAndChangedSourceRefusal/empty-db","Output":"=== RUN   TestPreparedResumeAndChangedSourceRefusal/empty-db\n"}
{"Time":"2026-09-14T07:29:57.244752296+01:00","Action":"output","Package":"github.com/JohnnyPBelo/relayloom/native/profiledb","Test":"TestPreparedResumeAndChangedSourceRefusal/empty-db","Output":"--- PASS: TestPreparedResumeAndChangedSourceRefusal/empty-db (0.07s)\n"}
{"Time":"2026-09-14T07:29:57.244790418+01:00","Action":"pass","Package":"github.com/JohnnyPBelo/relayloom/native/profiledb","Test":"TestPreparedResumeAndChangedSourceRefusal/empty-db","Elapsed":0.07}
{"Time":"2026-09-14T07:29:57.244801879+01:00","Action":"output","Package":"github.com/JohnnyPBelo/relayloom/native/profiledb","Test":"TestPreparedResumeAndChangedSourceRefusal","Output":"--- PASS: TestPreparedResumeAndChangedSourceRefusal (0.15s)\n"}
{"Time":"2026-09-14T07:29:57.244814653+01:00","Action":"pass","Package":"github.com/JohnnyPBelo/relayloom/native/profiledb","Test":"TestPreparedResumeAndChangedSourceRefusal","Elapsed":0.15}
{"Time":"2026-09-14T07:29:57.24483944+01:00","Action":"run","Package":"github.com/JohnnyPBelo/relayloom/native/profiledb","Test":"TestInitializationMarkerCannotBeDeletedThroughTransaction"}
{"Time":"2026-09-14T07:29:57.244841804+01:00","Action":"output","Package":"github.com/JohnnyPBelo/relayloom/native/profiledb","Test":"TestInitializationMarkerCannotBeDeletedThroughTransaction","Output":"=== RUN   TestInitializationMarkerCannotBeDeletedThroughTransaction\n"}
{"Time":"2026-09-14T07:29:57.327546572+01:00","Action":"output","Package":"github.com/JohnnyPBelo/relayloom/native/profiledb","Test":"TestInitializationMarkerCannotBeDeletedThroughTransaction","Output":"--- PASS: TestInitializationMarkerCannotBeDeletedThroughTransaction (0.08s)\n"}
{"Time":"2026-09-14T07:29:57.327583662+01:00","Action":"pass","Package":"github.com/JohnnyPBelo/relayloom/native/profiledb","Test":"TestInitializationMarkerCannotBeDeletedThroughTransaction","Elapsed":0.08}
{"Time":"2026-09-14T07:29:57.327592258+01:00","Action":"run","Package":"github.com/JohnnyPBelo/relayloom/native/profiledb","Test":"TestProfileDatabaseInteropFixture"}
{"Time":"2026-09-14T07:29:57.327594963+01:00","Action":"output","Package":"github.com/JohnnyPBelo/relayloom/native/profiledb","Test":"TestProfileDatabaseInteropFixture","Output":"=== RUN   TestProfileDatabaseInteropFixture\n"}
{"Time":"2026-09-14T07:29:57.327627093+01:00","Action":"output","Package":"github.com/JohnnyPBelo/relayloom/native/profiledb","Test":"TestProfileDatabaseInteropFixture","Output":"    worker_test.go:18: driven by the Node/Go private-state process test\n"}
{"Time":"2026-09-14T07:29:57.327653934+01:00","Action":"output","Package":"github.com/JohnnyPBelo/relayloom/native/profiledb","Test":"TestProfileDatabaseInteropFixture","Output":"--- SKIP: TestProfileDatabaseInteropFixture (0.00s)\n"}
{"Time":"2026-09-14T07:29:57.327666838+01:00","Action":"skip","Package":"github.com/JohnnyPBelo/relayloom/native/profiledb","Test":"TestProfileDatabaseInteropFixture","Elapsed":0}
{"Time":"2026-09-14T07:29:57.327688078+01:00","Action":"output","Package":"github.com/JohnnyPBelo/relayloom/native/profiledb","Output":"PASS\n"}
{"Time":"2026-09-14T07:29:58.330482228+01:00","Action":"output","Package":"github.com/JohnnyPBelo/relayloom/native/profiledb","Output":"ok  \tgithub.com/JohnnyPBelo/relayloom/native/profiledb\t1.536s\n"}
{"Time":"2026-09-14T07:29:58.330555726+01:00","Action":"pass","Package":"github.com/JohnnyPBelo/relayloom/native/profiledb","Elapsed":1.536}
{"Time":"2026-09-14T07:29:58.746748279+01:00","Action":"start","Package":"github.com/JohnnyPBelo/relayloom/native/sqlitedriver"}
{"Time":"2026-09-14T07:29:58.754131425+01:00","Action":"run","Package":"github.com/JohnnyPBelo/relayloom/native/sqlitedriver","Test":"TestSelectedDriverPreservesTransactionalBlobAndNoExtensionLoading"}
{"Time":"2026-09-14T07:29:58.754175869+01:00","Action":"output","Package":"github.com/JohnnyPBelo/relayloom/native/sqlitedriver","Test":"TestSelectedDriverPreservesTransactionalBlobAndNoExtensionLoading","Output":"=== RUN   TestSelectedDriverPreservesTransactionalBlobAndNoExtensionLoading\n"}
{"Time":"2026-09-14T07:29:58.771038969+01:00","Action":"output","Package":"github.com/JohnnyPBelo/relayloom/native/sqlitedriver","Test":"TestSelectedDriverPreservesTransactionalBlobAndNoExtensionLoading","Output":"--- PASS: TestSelectedDriverPreservesTransactionalBlobAndNoExtensionLoading (0.02s)\n"}
{"Time":"2026-09-14T07:29:58.771053867+01:00","Action":"pass","Package":"github.com/JohnnyPBelo/relayloom/native/sqlitedriver","Test":"TestSelectedDriverPreservesTransactionalBlobAndNoExtensionLoading","Elapsed":0.02}
{"Time":"2026-09-14T07:29:58.771078804+01:00","Action":"output","Package":"github.com/JohnnyPBelo/relayloom/native/sqlitedriver","Output":"PASS\n"}
{"Time":"2026-09-14T07:29:59.772914304+01:00","Action":"output","Package":"github.com/JohnnyPBelo/relayloom/native/sqlitedriver","Output":"ok  \tgithub.com/JohnnyPBelo/relayloom/native/sqlitedriver\t1.026s\n"}
{"Time":"2026-09-14T07:29:59.772953668+01:00","Action":"pass","Package":"github.com/JohnnyPBelo/relayloom/native/sqlitedriver","Elapsed":1.026}
{"Time":"2026-09-14T07:30:06.546322861+01:00","Action":"output","Package":"github.com/JohnnyPBelo/relayloom/native/app","Test":"TestGroupControlResponsesRespectProducerQuota","Output":"--- PASS: TestGroupControlResponsesRespectProducerQuota (27.71s)\n"}
{"Time":"2026-09-14T07:30:06.546401809+01:00","Action":"pass","Package":"github.com/JohnnyPBelo/relayloom/native/app","Test":"TestGroupControlResponsesRespectProducerQuota","Elapsed":27.71}
{"Time":"2026-09-14T07:30:06.546409704+01:00","Action":"run","Package":"github.com/JohnnyPBelo/relayloom/native/app","Test":"TestGroupControlUnknownGroupCannotEnrol"}
{"Time":"2026-09-14T07:30:06.54641249+01:00","Action":"output","Package":"github.com/JohnnyPBelo/relayloom/native/app","Test":"TestGroupControlUnknownGroupCannotEnrol","Output":"=== RUN   TestGroupControlUnknownGroupCannotEnrol\n"}
{"Time":"2026-09-14T07:30:07.541866404+01:00","Action":"output","Package":"github.com/JohnnyPBelo/relayloom/native/app","Test":"TestGroupControlUnknownGroupCannotEnrol","Output":"--- PASS: TestGroupControlUnknownGroupCannotEnrol (1.00s)\n"}
{"Time":"2026-09-14T07:30:07.541906369+01:00","Action":"pass","Package":"github.com/JohnnyPBelo/relayloom/native/app","Test":"TestGroupControlUnknownGroupCannotEnrol","Elapsed":1}
{"Time":"2026-09-14T07:30:07.541914405+01:00","Action":"run","Package":"github.com/JohnnyPBelo/relayloom/native/app","Test":"TestGroupControlFailedIndexWritesConsumeOutputBudget"}
{"Time":"2026-09-14T07:30:07.54191728+01:00","Action":"output","Package":"github.com/JohnnyPBelo/relayloom/native/app","Test":"TestGroupControlFailedIndexWritesConsumeOutputBudget","Output":"=== RUN   TestGroupControlFailedIndexWritesConsumeOutputBudget\n"}
{"Time":"2026-09-14T07:30:13.314180163+01:00","Action":"output","Package":"github.com/JohnnyPBelo/relayloom/native/app","Test":"TestGroupControlFailedIndexWritesConsumeOutputBudget","Output":"--- PASS: TestGroupControlFailedIndexWritesConsumeOutputBudget (5.77s)\n"}
{"Time":"2026-09-14T07:30:13.314219286+01:00","Action":"pass","Package":"github.com/JohnnyPBelo/relayloom/native/app","Test":"TestGroupControlFailedIndexWritesConsumeOutputBudget","Elapsed":5.77}
{"Time":"2026-09-14T07:30:13.314227772+01:00","Action":"run","Package":"github.com/JohnnyPBelo/relayloom/native/app","Test":"TestGroupControlInvalidSnapshotStillCommitsVerifiedRemovalHeader"}
{"Time":"2026-09-14T07:30:13.314230918+01:00","Action":"output","Package":"github.com/JohnnyPBelo/relayloom/native/app","Test":"TestGroupControlInvalidSnapshotStillCommitsVerifiedRemovalHeader","Output":"=== RUN   TestGroupControlInvalidSnapshotStillCommitsVerifiedRemovalHeader\n"}
{"Time":"2026-09-14T07:30:17.661833202+01:00","Action":"output","Package":"github.com/JohnnyPBelo/relayloom/native/app","Test":"TestGroupControlInvalidSnapshotStillCommitsVerifiedRemovalHeader","Output":"--- PASS: TestGroupControlInvalidSnapshotStillCommitsVerifiedRemovalHeader (4.35s)\n"}
{"Time":"2026-09-14T07:30:17.661870923+01:00","Action":"pass","Package":"github.com/JohnnyPBelo/relayloom/native/app","Test":"TestGroupControlInvalidSnapshotStillCommitsVerifiedRemovalHeader","Elapsed":4.35}
{"Time":"2026-09-14T07:30:17.661881523+01:00","Action":"run","Package":"github.com/JohnnyPBelo/relayloom/native/app","Test":"TestRequestTrackingBoundSurvivesCapacityErrors"}
{"Time":"2026-09-14T07:30:17.661884278+01:00","Action":"output","Package":"github.com/JohnnyPBelo/relayloom/native/app","Test":"TestRequestTrackingBoundSurvivesCapacityErrors","Output":"=== RUN   TestRequestTrackingBoundSurvivesCapacityErrors\n"}
{"Time":"2026-09-14T07:30:19.40316378+01:00","Action":"output","Package":"github.com/JohnnyPBelo/relayloom/native/app","Test":"TestRequestTrackingBoundSurvivesCapacityErrors","Output":"--- PASS: TestRequestTrackingBoundSurvivesCapacityErrors (1.74s)\n"}
{"Time":"2026-09-14T07:30:19.40321726+01:00","Action":"pass","Package":"github.com/JohnnyPBelo/relayloom/native/app","Test":"TestRequestTrackingBoundSurvivesCapacityErrors","Elapsed":1.74}
{"Time":"2026-09-14T07:30:19.403228561+01:00","Action":"run","Package":"github.com/JohnnyPBelo/relayloom/native/app","Test":"TestIncomingDeletionJournalsBeforeOriginalEvictionAndRestart"}
{"Time":"2026-09-14T07:30:19.403234552+01:00","Action":"output","Package":"github.com/JohnnyPBelo/relayloom/native/app","Test":"TestIncomingDeletionJournalsBeforeOriginalEvictionAndRestart","Output":"=== RUN   TestIncomingDeletionJournalsBeforeOriginalEvictionAndRestart\n"}
{"Time":"2026-09-14T07:30:20.92853821+01:00","Action":"output","Package":"github.com/JohnnyPBelo/relayloom/native/app","Test":"TestIncomingDeletionJournalsBeforeOriginalEvictionAndRestart","Output":"--- PASS: TestIncomingDeletionJournalsBeforeOriginalEvictionAndRestart (1.53s)\n"}
{"Time":"2026-09-14T07:30:20.928578635+01:00","Action":"pass","Package":"github.com/JohnnyPBelo/relayloom/native/app","Test":"TestIncomingDeletionJournalsBeforeOriginalEvictionAndRestart","Elapsed":1.53}
{"Time":"2026-09-14T07:30:20.928589726+01:00","Action":"run","Package":"github.com/JohnnyPBelo/relayloom/native/app","Test":"TestIncomingMutationRequiresAuthorAndMatchingReaderScope"}
{"Time":"2026-09-14T07:30:20.928593994+01:00","Action":"output","Package":"github.com/JohnnyPBelo/relayloom/native/app","Test":"TestIncomingMutationRequiresAuthorAndMatchingReaderScope","Output":"=== RUN   TestIncomingMutationRequiresAuthorAndMatchingReaderScope\n"}
{"Time":"2026-09-14T07:30:21.639914127+01:00","Action":"output","Package":"github.com/JohnnyPBelo/relayloom/native/app","Test":"TestIncomingMutationRequiresAuthorAndMatchingReaderScope","Output":"--- PASS: TestIncomingMutationRequiresAuthorAndMatchingReaderScope (0.71s)\n"}
{"Time":"2026-09-14T07:30:21.639954723+01:00","Action":"pass","Package":"github.com/JohnnyPBelo/relayloom/native/app","Test":"TestIncomingMutationRequiresAuthorAndMatchingReaderScope","Elapsed":0.71}
{"Time":"2026-09-14T07:30:21.639966024+01:00","Action":"run","Package":"github.com/JohnnyPBelo/relayloom/native/app","Test":"TestLockedReceivedDeleteIsDeferredUntilAuthenticatedMaterialization"}
{"Time":"2026-09-14T07:30:21.639969651+01:00","Action":"output","Package":"github.com/JohnnyPBelo/relayloom/native/app","Test":"TestLockedReceivedDeleteIsDeferredUntilAuthenticatedMaterialization","Output":"=== RUN   TestLockedReceivedDeleteIsDeferredUntilAuthenticatedMaterialization\n"}
{"Time":"2026-09-14T07:30:22.866662907+01:00","Action":"output","Package":"github.com/JohnnyPBelo/relayloom/native/app","Test":"TestLockedReceivedDeleteIsDeferredUntilAuthenticatedMaterialization","Output":"--- PASS: TestLockedReceivedDeleteIsDeferredUntilAuthenticatedMaterialization (1.23s)\n"}
{"Time":"2026-09-14T07:30:22.866703042+01:00","Action":"pass","Package":"github.com/JohnnyPBelo/relayloom/native/app","Test":"TestLockedReceivedDeleteIsDeferredUntilAuthenticatedMaterialization","Elapsed":1.23}
{"Time":"2026-09-14T07:30:22.866713822+01:00","Action":"run","Package":"github.com/JohnnyPBelo/relayloom/native/app","Test":"TestHistoryPagesBoundCountAndBytesAndKeepIDCursorStable"}
{"Time":"2026-09-14T07:30:22.86671796+01:00","Action":"output","Package":"github.com/JohnnyPBelo/relayloom/native/app","Test":"TestHistoryPagesBoundCountAndBytesAndKeepIDCursorStable","Output":"=== RUN   TestHistoryPagesBoundCountAndBytesAndKeepIDCursorStable\n"}
{"Time":"2026-09-14T07:30:26.090457985+01:00","Action":"output","Package":"github.com/JohnnyPBelo/relayloom/native/app","Test":"TestHistoryPagesBoundCountAndBytesAndKeepIDCursorStable","Output":"--- PASS: TestHistoryPagesBoundCountAndBytesAndKeepIDCursorStable (3.22s)\n"}
{"Time":"2026-09-14T07:30:26.090504242+01:00","Action":"pass","Package":"github.com/JohnnyPBelo/relayloom/native/app","Test":"TestHistoryPagesBoundCountAndBytesAndKeepIDCursorStable","Elapsed":3.22}
{"Time":"2026-09-14T07:30:26.090515323+01:00","Action":"run","Package":"github.com/JohnnyPBelo/relayloom/native/app","Test":"TestLargeEncryptedStoreServesBoundedHistoryAndExactOnDemandAttachment"}
{"Time":"2026-09-14T07:30:26.090519341+01:00","Action":"output","Package":"github.com/JohnnyPBelo/relayloom/native/app","Test":"TestLargeEncryptedStoreServesBoundedHistoryAndExactOnDemandAttachment","Output":"=== RUN   TestLargeEncryptedStoreServesBoundedHistoryAndExactOnDemandAttachment\n"}
{"Time":"2026-09-14T07:30:55.526703719+01:00","Action":"output","Package":"github.com/JohnnyPBelo/relayloom/native/app","Test":"TestLargeEncryptedStoreServesBoundedHistoryAndExactOnDemandAttachment","Output":"    history_test.go:368: encrypted store=37595070 bytes; authorized aggregate payload=27963260 bytes; state=68566 bytes\n"}
{"Time":"2026-09-14T07:30:55.783034255+01:00","Action":"output","Package":"github.com/JohnnyPBelo/relayloom/native/app","Test":"TestLargeEncryptedStoreServesBoundedHistoryAndExactOnDemandAttachment","Output":"    history_test.go:373: initial state=5.400531383s; repeated state with verified summary cache=256.260373ms\n"}
{"Time":"2026-09-14T07:31:04.695097796+01:00","Action":"output","Package":"github.com/JohnnyPBelo/relayloom/native/app","Test":"TestLargeEncryptedStoreServesBoundedHistoryAndExactOnDemandAttachment","Output":"--- PASS: TestLargeEncryptedStoreServesBoundedHistoryAndExactOnDemandAttachment (38.60s)\n"}
{"Time":"2026-09-14T07:31:04.695133553+01:00","Action":"pass","Package":"github.com/JohnnyPBelo/relayloom/native/app","Test":"TestLargeEncryptedStoreServesBoundedHistoryAndExactOnDemandAttachment","Elapsed":38.6}
{"Time":"2026-09-14T07:31:04.695144062+01:00","Action":"run","Package":"github.com/JohnnyPBelo/relayloom/native/app","Test":"TestAttachmentEndpointRejectsUnauthorizedForgedAndCorruptedObjects"}
{"Time":"2026-09-14T07:31:04.695147689+01:00","Action":"output","Package":"github.com/JohnnyPBelo/relayloom/native/app","Test":"TestAttachmentEndpointRejectsUnauthorizedForgedAndCorruptedObjects","Output":"=== RUN   TestAttachmentEndpointRejectsUnauthorizedForgedAndCorruptedObjects\n"}
{"Time":"2026-09-14T07:31:05.347800588+01:00","Action":"output","Package":"github.com/JohnnyPBelo/relayloom/native/app","Test":"TestAttachmentEndpointRejectsUnauthorizedForgedAndCorruptedObjects","Output":"--- PASS: TestAttachmentEndpointRejectsUnauthorizedForgedAndCorruptedObjects (0.65s)\n"}
{"Time":"2026-09-14T07:31:05.34784927+01:00","Action":"pass","Package":"github.com/JohnnyPBelo/relayloom/native/app","Test":"TestAttachmentEndpointRejectsUnauthorizedForgedAndCorruptedObjects","Elapsed":0.65}
{"Time":"2026-09-14T07:31:05.347864278+01:00","Action":"run","Package":"github.com/JohnnyPBelo/relayloom/native/app","Test":"TestSummaryProjectionDropsNestedExtensionsAndRejectsInvalidTypedFields"}
{"Time":"2026-09-14T07:31:05.347868897+01:00","Action":"output","Package":"github.com/JohnnyPBelo/relayloom/native/app","Test":"TestSummaryProjectionDropsNestedExtensionsAndRejectsInvalidTypedFields","Output":"=== RUN   TestSummaryProjectionDropsNestedExtensionsAndRejectsInvalidTypedFields\n"}
{"Time":"2026-09-14T07:31:09.940938694+01:00","Action":"output","Package":"github.com/JohnnyPBelo/relayloom/native/app","Test":"TestSummaryProjectionDropsNestedExtensionsAndRejectsInvalidTypedFields","Output":"--- PASS: TestSummaryProjectionDropsNestedExtensionsAndRejectsInvalidTypedFields (4.59s)\n"}
{"Time":"2026-09-14T07:31:09.940977858+01:00","Action":"pass","Package":"github.com/JohnnyPBelo/relayloom/native/app","Test":"TestSummaryProjectionDropsNestedExtensionsAndRejectsInvalidTypedFields","Elapsed":4.59}
{"Time":"2026-09-14T07:31:09.94098964+01:00","Action":"run","Package":"github.com/JohnnyPBelo/relayloom/native/app","Test":"TestSummaryCacheReusesMetadataButInvalidatesTamperEvictionAndLock"}
{"Time":"2026-09-14T07:31:09.940994008+01:00","Action":"output","Package":"github.com/JohnnyPBelo/relayloom/native/app","Test":"TestSummaryCacheReusesMetadataButInvalidatesTamperEvictionAndLock","Output":"=== RUN   TestSummaryCacheReusesMetadataButInvalidatesTamperEvictionAndLock\n"}
{"Time":"2026-09-14T07:31:11.155604902+01:00","Action":"output","Package":"github.com/JohnnyPBelo/relayloom/native/app","Test":"TestSummaryCacheReusesMetadataButInvalidatesTamperEvictionAndLock","Output":"--- PASS: TestSummaryCacheReusesMetadataButInvalidatesTamperEvictionAndLock (1.21s)\n"}
{"Time":"2026-09-14T07:31:11.155645829+01:00","Action":"pass","Package":"github.com/JohnnyPBelo/relayloom/native/app","Test":"TestSummaryCacheReusesMetadataButInvalidatesTamperEvictionAndLock","Elapsed":1.21}
{"Time":"2026-09-14T07:31:11.1556567+01:00","Action":"run","Package":"github.com/JohnnyPBelo/relayloom/native/app","Test":"TestSummaryCacheCountAndByteBudgets"}
{"Time":"2026-09-14T07:31:11.155660898+01:00","Action":"output","Package":"github.com/JohnnyPBelo/relayloom/native/app","Test":"TestSummaryCacheCountAndByteBudgets","Output":"=== RUN   TestSummaryCacheCountAndByteBudgets\n"}
{"Time":"2026-09-14T07:31:13.820541126+01:00","Action":"output","Package":"github.com/JohnnyPBelo/relayloom/native/app","Test":"TestSummaryCacheCountAndByteBudgets","Output":"--- PASS: TestSummaryCacheCountAndByteBudgets (2.66s)\n"}
{"Time":"2026-09-14T07:31:13.820581953+01:00","Action":"pass","Package":"github.com/JohnnyPBelo/relayloom/native/app","Test":"TestSummaryCacheCountAndByteBudgets","Elapsed":2.66}
{"Time":"2026-09-14T07:31:13.820590489+01:00","Action":"run","Package":"github.com/JohnnyPBelo/relayloom/native/app","Test":"TestOutboxOfflineRestartRelayDisabledAndRecipientTCP"}
{"Time":"2026-09-14T07:31:13.820593264+01:00","Action":"output","Package":"github.com/JohnnyPBelo/relayloom/native/app","Test":"TestOutboxOfflineRestartRelayDisabledAndRecipientTCP","Output":"=== RUN   TestOutboxOfflineRestartRelayDisabledAndRecipientTCP\n"}
{"Time":"2026-09-14T07:31:19.101068168+01:00","Action":"output","Package":"github.com/JohnnyPBelo/relayloom/native/app","Test":"TestOutboxOfflineRestartRelayDisabledAndRecipientTCP","Output":"--- PASS: TestOutboxOfflineRestartRelayDisabledAndRecipientTCP (5.28s)\n"}
{"Time":"2026-09-14T07:31:19.101105469+01:00","Action":"pass","Package":"github.com/JohnnyPBelo/relayloom/native/app","Test":"TestOutboxOfflineRestartRelayDisabledAndRecipientTCP","Elapsed":5.28}
{"Time":"2026-09-14T07:31:19.101116129+01:00","Action":"run","Package":"github.com/JohnnyPBelo/relayloom/native/app","Test":"TestOutboxIdempotencyAndValidation"}
{"Time":"2026-09-14T07:31:19.101119896+01:00","Action":"output","Package":"github.com/JohnnyPBelo/relayloom/native/app","Test":"TestOutboxIdempotencyAndValidation","Output":"=== RUN   TestOutboxIdempotencyAndValidation\n"}
{"Time":"2026-09-14T07:31:19.773091227+01:00","Action":"output","Package":"github.com/JohnnyPBelo/relayloom/native/app","Test":"TestOutboxIdempotencyAndValidation","Output":"--- PASS: TestOutboxIdempotencyAndValidation (0.67s)\n"}
{"Time":"2026-09-14T07:31:19.773128477+01:00","Action":"pass","Package":"github.com/JohnnyPBelo/relayloom/native/app","Test":"TestOutboxIdempotencyAndValidation","Elapsed":0.67}
{"Time":"2026-09-14T07:31:19.773138997+01:00","Action":"run","Package":"github.com/JohnnyPBelo/relayloom/native/app","Test":"TestOutboxPreparingRecoveryMissingCorruptAndExpired"}
{"Time":"2026-09-14T07:31:19.773142263+01:00","Action":"output","Package":"github.com/JohnnyPBelo/relayloom/native/app","Test":"TestOutboxPreparingRecoveryMissingCorruptAndExpired","Output":"=== RUN   TestOutboxPreparingRecoveryMissingCorruptAndExpired\n"}
{"Time":"2026-09-14T07:31:19.773147462+01:00","Action":"run","Package":"github.com/JohnnyPBelo/relayloom/native/app","Test":"TestOutboxPreparingRecoveryMissingCorruptAndExpired/ready-boundary"}
{"Time":"2026-09-14T07:31:19.773150338+01:00","Action":"output","Package":"github.com/JohnnyPBelo/relayloom/native/app","Test":"TestOutboxPreparingRecoveryMissingCorruptAndExpired/ready-boundary","Output":"=== RUN   TestOutboxPreparingRecoveryMissingCorruptAndExpired/ready-boundary\n"}
{"Time":"2026-09-14T07:31:21.042769283+01:00","Action":"output","Package":"github.com/JohnnyPBelo/relayloom/native/app","Test":"TestOutboxPreparingRecoveryMissingCorruptAndExpired/ready-boundary","Output":"--- PASS: TestOutboxPreparingRecoveryMissingCorruptAndExpired/ready-boundary (1.27s)\n"}
{"Time":"2026-09-14T07:31:21.042810109+01:00","Action":"pass","Package":"github.com/JohnnyPBelo/relayloom/native/app","Test":"TestOutboxPreparingRecoveryMissingCorruptAndExpired/ready-boundary","Elapsed":1.27}
{"Time":"2026-09-14T07:31:21.042822272+01:00","Action":"run","Package":"github.com/JohnnyPBelo/relayloom/native/app","Test":"TestOutboxPreparingRecoveryMissingCorruptAndExpired/missing-boundary"}
{"Time":"2026-09-14T07:31:21.042828604+01:00","Action":"output","Package":"github.com/JohnnyPBelo/relayloom/native/app","Test":"TestOutboxPreparingRecoveryMissingCorruptAndExpired/missing-boundary","Output":"=== RUN   TestOutboxPreparingRecoveryMissingCorruptAndExpired/missing-boundary\n"}
{"Time":"2026-09-14T07:31:22.321384283+01:00","Action":"output","Package":"github.com/JohnnyPBelo/relayloom/native/app","Test":"TestOutboxPreparingRecoveryMissingCorruptAndExpired/missing-boundary","Output":"--- PASS: TestOutboxPreparingRecoveryMissingCorruptAndExpired/missing-boundary (1.28s)\n"}
{"Time":"2026-09-14T07:31:22.321422765+01:00","Action":"pass","Package":"github.com/JohnnyPBelo/relayloom/native/app","Test":"TestOutboxPreparingRecoveryMissingCorruptAndExpired/missing-boundary","Elapsed":1.28}
{"Time":"2026-09-14T07:31:22.321434217+01:00","Action":"run","Package":"github.com/JohnnyPBelo/relayloom/native/app","Test":"TestOutboxPreparingRecoveryMissingCorruptAndExpired/corrupt"}
{"Time":"2026-09-14T07:31:22.321437764+01:00","Action":"output","Package":"github.com/JohnnyPBelo/relayloom/native/app","Test":"TestOutboxPreparingRecoveryMissingCorruptAndExpired/corrupt","Output":"=== RUN   TestOutboxPreparingRecoveryMissingCorruptAndExpired/corrupt\n"}
{"Time":"2026-09-14T07:31:23.57956705+01:00","Action":"output","Package":"github.com/JohnnyPBelo/relayloom/native/app","Test":"TestOutboxPreparingRecoveryMissingCorruptAndExpired/corrupt","Output":"--- PASS: TestOutboxPreparingRecoveryMissingCorruptAndExpired/corrupt (1.26s)\n"}
{"Time":"2026-09-14T07:31:23.579612926+01:00","Action":"pass","Package":"github.com/JohnnyPBelo/relayloom/native/app","Test":"TestOutboxPreparingRecoveryMissingCorruptAndExpired/corrupt","Elapsed":1.26}
{"Time":"2026-09-14T07:31:23.579625159+01:00","Action":"run","Package":"github.com/JohnnyPBelo/relayloom/native/app","Test":"TestOutboxPreparingRecoveryMissingCorruptAndExpired/expired"}
{"Time":"2026-09-14T07:31:23.579630779+01:00","Action":"output","Package":"github.com/JohnnyPBelo/relayloom/native/app","Test":"TestOutboxPreparingRecoveryMissingCorruptAndExpired/expired","Output":"=== RUN   TestOutboxPreparingRecoveryMissingCorruptAndExpired/expired\n"}
{"Time":"2026-09-14T07:31:25.92219225+01:00","Action":"output","Package":"github.com/JohnnyPBelo/relayloom/native/app","Test":"TestOutboxPreparingRecoveryMissingCorruptAndExpired/expired","Output":"--- PASS: TestOutboxPreparingRecoveryMissingCorruptAndExpired/expired (2.34s)\n"}
{"Time":"2026-09-14T07:31:25.922232857+01:00","Action":"pass","Package":"github.com/JohnnyPBelo/relayloom/native/app","Test":"TestOutboxPreparingRecoveryMissingCorruptAndExpired/expired","Elapsed":2.34}
{"Time":"2026-09-14T07:31:25.922242685+01:00","Action":"output","Package":"github.com/JohnnyPBelo/relayloom/native/app","Test":"TestOutboxPreparingRecoveryMissingCorruptAndExpired","Output":"--- PASS: TestOutboxPreparingRecoveryMissingCorruptAndExpired (6.15s)\n"}
{"Time":"2026-09-14T07:31:25.92226107+01:00","Action":"pass","Package":"github.com/JohnnyPBelo/relayloom/native/app","Test":"TestOutboxPreparingRecoveryMissingCorruptAndExpired","Elapsed":6.15}
{"Time":"2026-09-14T07:31:25.922288481+01:00","Action":"run","Package":"github.com/JohnnyPBelo/relayloom/native/app","Test":"TestOutboxStorageAndJournalFailureBoundaries"}
{"Time":"2026-09-14T07:31:25.922292419+01:00","Action":"output","Package":"github.com/JohnnyPBelo/relayloom/native/app","Test":"TestOutboxStorageAndJournalFailureBoundaries","Output":"=== RUN   TestOutboxStorageAndJournalFailureBoundaries\n"}
{"Time":"2026-09-14T07:31:28.755006847+01:00","Action":"output","Package":"github.com/JohnnyPBelo/relayloom/native/app","Test":"TestOutboxStorageAndJournalFailureBoundaries","Output":"--- PASS: TestOutboxStorageAndJournalFailureBoundaries (2.83s)\n"}
{"Time":"2026-09-14T07:31:28.755045941+01:00","Action":"pass","Package":"github.com/JohnnyPBelo/relayloom/native/app","Test":"TestOutboxStorageAndJournalFailureBoundaries","Elapsed":2.83}
{"Time":"2026-09-14T07:31:28.755053986+01:00","Action":"run","Package":"github.com/JohnnyPBelo/relayloom/native/app","Test":"TestOutboxConfirmationsPerMemberACLReplayAndHistory"}
{"Time":"2026-09-14T07:31:28.75505644+01:00","Action":"output","Package":"github.com/JohnnyPBelo/relayloom/native/app","Test":"TestOutboxConfirmationsPerMemberACLReplayAndHistory","Output":"=== RUN   TestOutboxConfirmationsPerMemberACLReplayAndHistory\n"}
{"Time":"2026-09-14T07:31:32.921100459+01:00","Action":"output","Package":"github.com/JohnnyPBelo/relayloom/native/app","Test":"TestOutboxConfirmationsPerMemberACLReplayAndHistory","Output":"--- PASS: TestOutboxConfirmationsPerMemberACLReplayAndHistory (4.17s)\n"}
{"Time":"2026-09-14T07:31:32.921139733+01:00","Action":"pass","Package":"github.com/JohnnyPBelo/relayloom/native/app","Test":"TestOutboxConfirmationsPerMemberACLReplayAndHistory","Elapsed":4.17}
{"Time":"2026-09-14T07:31:32.921149611+01:00","Action":"run","Package":"github.com/JohnnyPBelo/relayloom/native/app","Test":"TestOutboxBlockedGroupViewAndManualPin"}
{"Time":"2026-09-14T07:31:32.921154+01:00","Action":"output","Package":"github.com/JohnnyPBelo/relayloom/native/app","Test":"TestOutboxBlockedGroupViewAndManualPin","Output":"=== RUN   TestOutboxBlockedGroupViewAndManualPin\n"}
{"Time":"2026-09-14T07:31:34.605158102+01:00","Action":"output","Package":"github.com/JohnnyPBelo/relayloom/native/app","Test":"TestOutboxBlockedGroupViewAndManualPin","Output":"--- PASS: TestOutboxBlockedGroupViewAndManualPin (1.68s)\n"}
{"Time":"2026-09-14T07:31:34.605196615+01:00","Action":"pass","Package":"github.com/JohnnyPBelo/relayloom/native/app","Test":"TestOutboxBlockedGroupViewAndManualPin","Elapsed":1.68}
{"Time":"2026-09-14T07:31:34.605206624+01:00","Action":"run","Package":"github.com/JohnnyPBelo/relayloom/native/app","Test":"TestOutboxAttemptFailureAndRetryPolicy"}
{"Time":"2026-09-14T07:31:34.6052099+01:00","Action":"output","Package":"github.com/JohnnyPBelo/relayloom/native/app","Test":"TestOutboxAttemptFailureAndRetryPolicy","Output":"=== RUN   TestOutboxAttemptFailureAndRetryPolicy\n"}
{"Time":"2026-09-14T07:31:35.356404831+01:00","Action":"output","Package":"github.com/JohnnyPBelo/relayloom/native/app","Test":"TestOutboxAttemptFailureAndRetryPolicy","Output":"--- PASS: TestOutboxAttemptFailureAndRetryPolicy (0.75s)\n"}
{"Time":"2026-09-14T07:31:35.356442923+01:00","Action":"pass","Package":"github.com/JohnnyPBelo/relayloom/native/app","Test":"TestOutboxAttemptFailureAndRetryPolicy","Elapsed":0.75}
{"Time":"2026-09-14T07:31:35.356453122+01:00","Action":"run","Package":"github.com/JohnnyPBelo/relayloom/native/app","Test":"TestOutboxAutomaticDeliveryBoundAndEvictionReissue"}
{"Time":"2026-09-14T07:31:35.356456849+01:00","Action":"output","Package":"github.com/JohnnyPBelo/relayloom/native/app","Test":"TestOutboxAutomaticDeliveryBoundAndEvictionReissue","Output":"=== RUN   TestOutboxAutomaticDeliveryBoundAndEvictionReissue\n"}
{"Time":"2026-09-14T07:31:37.772992551+01:00","Action":"output","Package":"github.com/JohnnyPBelo/relayloom/native/app","Test":"TestOutboxAutomaticDeliveryBoundAndEvictionReissue","Output":"--- PASS: TestOutboxAutomaticDeliveryBoundAndEvictionReissue (2.42s)\n"}
{"Time":"2026-09-14T07:31:37.773030973+01:00","Action":"pass","Package":"github.com/JohnnyPBelo/relayloom/native/app","Test":"TestOutboxAutomaticDeliveryBoundAndEvictionReissue","Elapsed":2.42}
{"Time":"2026-09-14T07:31:37.773042355+01:00","Action":"run","Package":"github.com/JohnnyPBelo/relayloom/native/app","Test":"TestOutboxRestoredSchemaBoundsAndPendingAdmission"}
{"Time":"2026-09-14T07:31:37.773083472+01:00","Action":"output","Package":"github.com/JohnnyPBelo/relayloom/native/app","Test":"TestOutboxRestoredSchemaBoundsAndPendingAdmission","Output":"=== RUN   TestOutboxRestoredSchemaBoundsAndPendingAdmission\n"}
{"Time":"2026-09-14T07:31:42.545532882+01:00","Action":"output","Package":"github.com/JohnnyPBelo/relayloom/native/app","Test":"TestOutboxRestoredSchemaBoundsAndPendingAdmission","Output":"--- PASS: TestOutboxRestoredSchemaBoundsAndPendingAdmission (4.77s)\n"}
{"Time":"2026-09-14T07:31:42.545582596+01:00","Action":"pass","Package":"github.com/JohnnyPBelo/relayloom/native/app","Test":"TestOutboxRestoredSchemaBoundsAndPendingAdmission","Elapsed":4.77}
{"Time":"2026-09-14T07:31:42.545591462+01:00","Action":"run","Package":"github.com/JohnnyPBelo/relayloom/native/app","Test":"TestOutboxTerminalMetadataEvictsOldestOnly"}
{"Time":"2026-09-14T07:31:42.545595059+01:00","Action":"output","Package":"github.com/JohnnyPBelo/relayloom/native/app","Test":"TestOutboxTerminalMetadataEvictsOldestOnly","Output":"=== RUN   TestOutboxTerminalMetadataEvictsOldestOnly\n"}
{"Time":"2026-09-14T07:31:44.078539055+01:00","Action":"output","Package":"github.com/JohnnyPBelo/relayloom/native/app","Test":"TestOutboxTerminalMetadataEvictsOldestOnly","Output":"--- PASS: TestOutboxTerminalMetadataEvictsOldestOnly (1.53s)\n"}
{"Time":"2026-09-14T07:31:44.078581305+01:00","Action":"pass","Package":"github.com/JohnnyPBelo/relayloom/native/app","Test":"TestOutboxTerminalMetadataEvictsOldestOnly","Elapsed":1.53}
{"Time":"2026-09-14T07:31:44.078593197+01:00","Action":"run","Package":"github.com/JohnnyPBelo/relayloom/native/app","Test":"TestOutboxReadSurvivesAdmissionEvictingOriginal"}
{"Time":"2026-09-14T07:31:44.078597765+01:00","Action":"output","Package":"github.com/JohnnyPBelo/relayloom/native/app","Test":"TestOutboxReadSurvivesAdmissionEvictingOriginal","Output":"=== RUN   TestOutboxReadSurvivesAdmissionEvictingOriginal\n"}
{"Time":"2026-09-14T07:31:44.891293592+01:00","Action":"output","Package":"github.com/JohnnyPBelo/relayloom/native/app","Test":"TestOutboxReadSurvivesAdmissionEvictingOriginal","Output":"--- PASS: TestOutboxReadSurvivesAdmissionEvictingOriginal (0.81s)\n"}
{"Time":"2026-09-14T07:31:44.89133001+01:00","Action":"pass","Package":"github.com/JohnnyPBelo/relayloom/native/app","Test":"TestOutboxReadSurvivesAdmissionEvictingOriginal","Elapsed":0.81}
{"Time":"2026-09-14T07:31:44.891340079+01:00","Action":"run","Package":"github.com/JohnnyPBelo/relayloom/native/app","Test":"TestOutboxByteReserveRejectsAdmissionWithoutEviction"}
{"Time":"2026-09-14T07:31:44.891374063+01:00","Action":"output","Package":"github.com/JohnnyPBelo/relayloom/native/app","Test":"TestOutboxByteReserveRejectsAdmissionWithoutEviction","Output":"=== RUN   TestOutboxByteReserveRejectsAdmissionWithoutEviction\n"}
{"Time":"2026-09-14T07:32:40.718976398+01:00","Action":"output","Package":"github.com/JohnnyPBelo/relayloom/native/app","Test":"TestOutboxByteReserveRejectsAdmissionWithoutEviction","Output":"--- PASS: TestOutboxByteReserveRejectsAdmissionWithoutEviction (55.83s)\n"}
{"Time":"2026-09-14T07:32:40.71901486+01:00","Action":"pass","Package":"github.com/JohnnyPBelo/relayloom/native/app","Test":"TestOutboxByteReserveRejectsAdmissionWithoutEviction","Elapsed":55.83}
{"Time":"2026-09-14T07:32:40.719247717+01:00","Action":"run","Package":"github.com/JohnnyPBelo/relayloom/native/app","Test":"TestOutboxFlushBoundsPriorityAndLockedSuppression"}
{"Time":"2026-09-14T07:32:40.719264579+01:00","Action":"output","Package":"github.com/JohnnyPBelo/relayloom/native/app","Test":"TestOutboxFlushBoundsPriorityAndLockedSuppression","Output":"=== RUN   TestOutboxFlushBoundsPriorityAndLockedSuppression\n"}
{"Time":"2026-09-14T07:32:42.415962402+01:00","Action":"output","Package":"github.com/JohnnyPBelo/relayloom/native/app","Test":"TestOutboxFlushBoundsPriorityAndLockedSuppression","Output":"--- PASS: TestOutboxFlushBoundsPriorityAndLockedSuppression (1.70s)\n"}
{"Time":"2026-09-14T07:32:42.416029418+01:00","Action":"pass","Package":"github.com/JohnnyPBelo/relayloom/native/app","Test":"TestOutboxFlushBoundsPriorityAndLockedSuppression","Elapsed":1.7}
{"Time":"2026-09-14T07:32:42.416070635+01:00","Action":"run","Package":"github.com/JohnnyPBelo/relayloom/native/app","Test":"TestOutboxHistoricalConfirmationSurvivesContentExpiry"}
{"Time":"2026-09-14T07:32:42.41607849+01:00","Action":"output","Package":"github.com/JohnnyPBelo/relayloom/native/app","Test":"TestOutboxHistoricalConfirmationSurvivesContentExpiry","Output":"=== RUN   TestOutboxHistoricalConfirmationSurvivesContentExpiry\n"}
{"Time":"2026-09-14T07:32:44.816275556+01:00","Action":"output","Package":"github.com/JohnnyPBelo/relayloom/native/app","Test":"TestOutboxHistoricalConfirmationSurvivesContentExpiry","Output":"--- PASS: TestOutboxHistoricalConfirmationSurvivesContentExpiry (2.40s)\n"}
{"Time":"2026-09-14T07:32:44.816343214+01:00","Action":"pass","Package":"github.com/JohnnyPBelo/relayloom/native/app","Test":"TestOutboxHistoricalConfirmationSurvivesContentExpiry","Elapsed":2.4}
{"Time":"2026-09-14T07:32:44.816355497+01:00","Action":"run","Package":"github.com/JohnnyPBelo/relayloom/native/app","Test":"TestOutboxAfterWriteErrorRetainsOperation"}
{"Time":"2026-09-14T07:32:44.816361498+01:00","Action":"output","Package":"github.com/JohnnyPBelo/relayloom/native/app","Test":"TestOutboxAfterWriteErrorRetainsOperation","Output":"=== RUN   TestOutboxAfterWriteErrorRetainsOperation\n"}
{"Time":"2026-09-14T07:32:44.816368371+01:00","Action":"run","Package":"github.com/JohnnyPBelo/relayloom/native/app","Test":"TestOutboxAfterWriteErrorRetainsOperation/1"}
{"Time":"2026-09-14T07:32:44.816372579+01:00","Action":"output","Package":"github.com/JohnnyPBelo/relayloom/native/app","Test":"TestOutboxAfterWriteErrorRetainsOperation/1","Output":"=== RUN   TestOutboxAfterWriteErrorRetainsOperation/1\n"}
{"Time":"2026-09-14T07:32:46.060131716+01:00","Action":"output","Package":"github.com/JohnnyPBelo/relayloom/native/app","Test":"TestOutboxAfterWriteErrorRetainsOperation/1","Output":"--- PASS: TestOutboxAfterWriteErrorRetainsOperation/1 (1.24s)\n"}
{"Time":"2026-09-14T07:32:46.060175869+01:00","Action":"pass","Package":"github.com/JohnnyPBelo/relayloom/native/app","Test":"TestOutboxAfterWriteErrorRetainsOperation/1","Elapsed":1.24}
{"Time":"2026-09-14T07:32:46.060199854+01:00","Action":"run","Package":"github.com/JohnnyPBelo/relayloom/native/app","Test":"TestOutboxAfterWriteErrorRetainsOperation/2"}
{"Time":"2026-09-14T07:32:46.060204984+01:00","Action":"output","Package":"github.com/JohnnyPBelo/relayloom/native/app","Test":"TestOutboxAfterWriteErrorRetainsOperation/2","Output":"=== RUN   TestOutboxAfterWriteErrorRetainsOperation/2\n"}
{"Time":"2026-09-14T07:32:47.346262422+01:00","Action":"output","Package":"github.com/JohnnyPBelo/relayloom/native/app","Test":"TestOutboxAfterWriteErrorRetainsOperation/2","Output":"--- PASS: TestOutboxAfterWriteErrorRetainsOperation/2 (1.29s)\n"}
{"Time":"2026-09-14T07:32:47.346307637+01:00","Action":"pass","Package":"github.com/JohnnyPBelo/relayloom/native/app","Test":"TestOutboxAfterWriteErrorRetainsOperation/2","Elapsed":1.29}
{"Time":"2026-09-14T07:32:47.346321062+01:00","Action":"output","Package":"github.com/JohnnyPBelo/relayloom/native/app","Test":"TestOutboxAfterWriteErrorRetainsOperation","Output":"--- PASS: TestOutboxAfterWriteErrorRetainsOperation (2.53s)\n"}
{"Time":"2026-09-14T07:32:47.346326162+01:00","Action":"pass","Package":"github.com/JohnnyPBelo/relayloom/native/app","Test":"TestOutboxAfterWriteErrorRetainsOperation","Elapsed":2.53}
{"Time":"2026-09-14T07:32:47.346332744+01:00","Action":"run","Package":"github.com/JohnnyPBelo/relayloom/native/app","Test":"TestOutboxUnreadableUncertainWriteLocksUntilRecovery"}
{"Time":"2026-09-14T07:32:47.346337162+01:00","Action":"output","Package":"github.com/JohnnyPBelo/relayloom/native/app","Test":"TestOutboxUnreadableUncertainWriteLocksUntilRecovery","Output":"=== RUN   TestOutboxUnreadableUncertainWriteLocksUntilRecovery\n"}
{"Time":"2026-09-14T07:32:48.568406153+01:00","Action":"output","Package":"github.com/JohnnyPBelo/relayloom/native/app","Test":"TestOutboxUnreadableUncertainWriteLocksUntilRecovery","Output":"--- PASS: TestOutboxUnreadableUncertainWriteLocksUntilRecovery (1.22s)\n"}
{"Time":"2026-09-14T07:32:48.568450376+01:00","Action":"pass","Package":"github.com/JohnnyPBelo/relayloom/native/app","Test":"TestOutboxUnreadableUncertainWriteLocksUntilRecovery","Elapsed":1.22}
{"Time":"2026-09-14T07:32:48.568464413+01:00","Action":"run","Package":"github.com/JohnnyPBelo/relayloom/native/app","Test":"TestOutboxWarmStateDoesNotRehydrateReservedAttachment"}
{"Time":"2026-09-14T07:32:48.568470113+01:00","Action":"output","Package":"github.com/JohnnyPBelo/relayloom/native/app","Test":"TestOutboxWarmStateDoesNotRehydrateReservedAttachment","Output":"=== RUN   TestOutboxWarmStateDoesNotRehydrateReservedAttachment\n"}
{"Time":"2026-09-14T07:32:54.456477446+01:00","Action":"output","Package":"github.com/JohnnyPBelo/relayloom/native/app","Test":"TestOutboxWarmStateDoesNotRehydrateReservedAttachment","Output":"--- PASS: TestOutboxWarmStateDoesNotRehydrateReservedAttachment (5.89s)\n"}
{"Time":"2026-09-14T07:32:54.456521709+01:00","Action":"pass","Package":"github.com/JohnnyPBelo/relayloom/native/app","Test":"TestOutboxWarmStateDoesNotRehydrateReservedAttachment","Elapsed":5.89}
{"Time":"2026-09-14T07:32:54.456532249+01:00","Action":"run","Package":"github.com/JohnnyPBelo/relayloom/native/app","Test":"TestOutboxManualRetryCooldownAndOfflineDueCheckpoint"}
{"Time":"2026-09-14T07:32:54.456535836+01:00","Action":"output","Package":"github.com/JohnnyPBelo/relayloom/native/app","Test":"TestOutboxManualRetryCooldownAndOfflineDueCheckpoint","Output":"=== RUN   TestOutboxManualRetryCooldownAndOfflineDueCheckpoint\n"}
{"Time":"2026-09-14T07:32:55.782559915+01:00","Action":"output","Package":"github.com/JohnnyPBelo/relayloom/native/app","Test":"TestOutboxManualRetryCooldownAndOfflineDueCheckpoint","Output":"--- PASS: TestOutboxManualRetryCooldownAndOfflineDueCheckpoint (1.33s)\n"}
{"Time":"2026-09-14T07:32:55.782598889+01:00","Action":"pass","Package":"github.com/JohnnyPBelo/relayloom/native/app","Test":"TestOutboxManualRetryCooldownAndOfflineDueCheckpoint","Elapsed":1.33}
{"Time":"2026-09-14T07:32:55.782609589+01:00","Action":"run","Package":"github.com/JohnnyPBelo/relayloom/native/app","Test":"TestOutboxSnapshotExpiryDuringJournalWriteKeepsReservationConsistent"}
{"Time":"2026-09-14T07:32:55.782613055+01:00","Action":"output","Package":"github.com/JohnnyPBelo/relayloom/native/app","Test":"TestOutboxSnapshotExpiryDuringJournalWriteKeepsReservationConsistent","Output":"=== RUN   TestOutboxSnapshotExpiryDuringJournalWriteKeepsReservationConsistent\n"}
{"Time":"2026-09-14T07:32:55.782635968+01:00","Action":"run","Package":"github.com/JohnnyPBelo/relayloom/native/app","Test":"TestOutboxSnapshotExpiryDuringJournalWriteKeepsReservationConsistent/state"}
{"Time":"2026-09-14T07:32:55.782639174+01:00","Action":"output","Package":"github.com/JohnnyPBelo/relayloom/native/app","Test":"TestOutboxSnapshotExpiryDuringJournalWriteKeepsReservationConsistent/state","Output":"=== RUN   TestOutboxSnapshotExpiryDuringJournalWriteKeepsReservationConsistent/state\n"}
{"Time":"2026-09-14T07:32:59.462991163+01:00","Action":"output","Package":"github.com/JohnnyPBelo/relayloom/native/app","Test":"TestOutboxSnapshotExpiryDuringJournalWriteKeepsReservationConsistent/state","Output":"--- PASS: TestOutboxSnapshotExpiryDuringJournalWriteKeepsReservationConsistent/state (3.68s)\n"}
{"Time":"2026-09-14T07:32:59.463044644+01:00","Action":"pass","Package":"github.com/JohnnyPBelo/relayloom/native/app","Test":"TestOutboxSnapshotExpiryDuringJournalWriteKeepsReservationConsistent/state","Elapsed":3.68}
{"Time":"2026-09-14T07:32:59.463059241+01:00","Action":"run","Package":"github.com/JohnnyPBelo/relayloom/native/app","Test":"TestOutboxSnapshotExpiryDuringJournalWriteKeepsReservationConsistent/send"}
{"Time":"2026-09-14T07:32:59.463063479+01:00","Action":"output","Package":"github.com/JohnnyPBelo/relayloom/native/app","Test":"TestOutboxSnapshotExpiryDuringJournalWriteKeepsReservationConsistent/send","Output":"=== RUN   TestOutboxSnapshotExpiryDuringJournalWriteKeepsReservationConsistent/send\n"}
{"Time":"2026-09-14T07:33:03.122040494+01:00","Action":"output","Package":"github.com/JohnnyPBelo/relayloom/native/app","Test":"TestOutboxSnapshotExpiryDuringJournalWriteKeepsReservationConsistent/send","Output":"--- PASS: TestOutboxSnapshotExpiryDuringJournalWriteKeepsReservationConsistent/send (3.66s)\n"}
{"Time":"2026-09-14T07:33:03.122084868+01:00","Action":"pass","Package":"github.com/JohnnyPBelo/relayloom/native/app","Test":"TestOutboxSnapshotExpiryDuringJournalWriteKeepsReservationConsistent/send","Elapsed":3.66}
{"Time":"2026-09-14T07:33:03.122097481+01:00","Action":"run","Package":"github.com/JohnnyPBelo/relayloom/native/app","Test":"TestOutboxSnapshotExpiryDuringJournalWriteKeepsReservationConsistent/retry"}
{"Time":"2026-09-14T07:33:03.12210224+01:00","Action":"output","Package":"github.com/JohnnyPBelo/relayloom/native/app","Test":"TestOutboxSnapshotExpiryDuringJournalWriteKeepsReservationConsistent/retry","Output":"=== RUN   TestOutboxSnapshotExpiryDuringJournalWriteKeepsReservationConsistent/retry\n"}
{"Time":"2026-09-14T07:33:06.804114217+01:00","Action":"output","Package":"github.com/JohnnyPBelo/relayloom/native/app","Test":"TestOutboxSnapshotExpiryDuringJournalWriteKeepsReservationConsistent/retry","Output":"--- PASS: TestOutboxSnapshotExpiryDuringJournalWriteKeepsReservationConsistent/retry (3.68s)\n"}
{"Time":"2026-09-14T07:33:06.80415326+01:00","Action":"pass","Package":"github.com/JohnnyPBelo/relayloom/native/app","Test":"TestOutboxSnapshotExpiryDuringJournalWriteKeepsReservationConsistent/retry","Elapsed":3.68}
{"Time":"2026-09-14T07:33:06.804164812+01:00","Action":"output","Package":"github.com/JohnnyPBelo/relayloom/native/app","Test":"TestOutboxSnapshotExpiryDuringJournalWriteKeepsReservationConsistent","Output":"--- PASS: TestOutboxSnapshotExpiryDuringJournalWriteKeepsReservationConsistent (11.02s)\n"}
{"Time":"2026-09-14T07:33:06.80416899+01:00","Action":"pass","Package":"github.com/JohnnyPBelo/relayloom/native/app","Test":"TestOutboxSnapshotExpiryDuringJournalWriteKeepsReservationConsistent","Elapsed":11.02}
{"Time":"2026-09-14T07:33:06.804192554+01:00","Action":"run","Package":"github.com/JohnnyPBelo/relayloom/native/app","Test":"TestProfileOwnershipAndStaleNodeAfterClose"}
{"Time":"2026-09-14T07:33:06.80419556+01:00","Action":"output","Package":"github.com/JohnnyPBelo/relayloom/native/app","Test":"TestProfileOwnershipAndStaleNodeAfterClose","Output":"=== RUN   TestProfileOwnershipAndStaleNodeAfterClose\n"}
{"Time":"2026-09-14T07:33:07.962830255+01:00","Action":"output","Package":"github.com/JohnnyPBelo/relayloom/native/app","Test":"TestProfileOwnershipAndStaleNodeAfterClose","Output":"--- PASS: TestProfileOwnershipAndStaleNodeAfterClose (1.16s)\n"}
{"Time":"2026-09-14T07:33:07.96287028+01:00","Action":"pass","Package":"github.com/JohnnyPBelo/relayloom/native/app","Test":"TestProfileOwnershipAndStaleNodeAfterClose","Elapsed":1.16}
{"Time":"2026-09-14T07:33:07.962881281+01:00","Action":"run","Package":"github.com/JohnnyPBelo/relayloom/native/app","Test":"TestProfileConstructorFailureReleasesOwnership"}
{"Time":"2026-09-14T07:33:07.962885188+01:00","Action":"output","Package":"github.com/JohnnyPBelo/relayloom/native/app","Test":"TestProfileConstructorFailureReleasesOwnership","Output":"=== RUN   TestProfileConstructorFailureReleasesOwnership\n"}
{"Time":"2026-09-14T07:33:07.990694607+01:00","Action":"output","Package":"github.com/JohnnyPBelo/relayloom/native/app","Test":"TestProfileConstructorFailureReleasesOwnership","Output":"--- PASS: TestProfileConstructorFailureReleasesOwnership (0.03s)\n"}
{"Time":"2026-09-14T07:33:07.990730664+01:00","Action":"pass","Package":"github.com/JohnnyPBelo/relayloom/native/app","Test":"TestProfileConstructorFailureReleasesOwnership","Elapsed":0.03}
{"Time":"2026-09-14T07:33:07.990870357+01:00","Action":"output","Package":"github.com/JohnnyPBelo/relayloom/native/app","Output":"PASS\n"}
{"Time":"2026-09-14T07:33:09.019626767+01:00","Action":"output","Package":"github.com/JohnnyPBelo/relayloom/native/app","Output":"ok  \tgithub.com/JohnnyPBelo/relayloom/native/app\t413.180s\n"}
{"Time":"2026-09-14T07:33:09.019680688+01:00","Action":"pass","Package":"github.com/JohnnyPBelo/relayloom/native/app","Elapsed":413.181}
