{"Time":"2026-09-14T01:27:55.504371863+01:00","Action":"start","Package":"github.com/JohnnyPBelo/relayloom/native/transport"}
{"Time":"2026-09-14T01:27:55.512413931+01:00","Action":"run","Package":"github.com/JohnnyPBelo/relayloom/native/transport","Test":"TestLocalCancellationRemovesQueuedTCPAndReconnectCopy"}
{"Time":"2026-09-14T01:27:55.51245044+01:00","Action":"output","Package":"github.com/JohnnyPBelo/relayloom/native/transport","Test":"TestLocalCancellationRemovesQueuedTCPAndReconnectCopy","Output":"=== RUN   TestLocalCancellationRemovesQueuedTCPAndReconnectCopy\n"}
{"Time":"2026-09-14T01:27:55.512483582+01:00","Action":"run","Package":"github.com/JohnnyPBelo/relayloom/native/transport","Test":"TestLocalCancellationRemovesQueuedTCPAndReconnectCopy/cancel"}
{"Time":"2026-09-14T01:27:55.51248784+01:00","Action":"output","Package":"github.com/JohnnyPBelo/relayloom/native/transport","Test":"TestLocalCancellationRemovesQueuedTCPAndReconnectCopy/cancel","Output":"=== RUN   TestLocalCancellationRemovesQueuedTCPAndReconnectCopy/cancel\n"}
{"Time":"2026-09-14T01:27:57.143674789+01:00","Action":"output","Package":"github.com/JohnnyPBelo/relayloom/native/transport","Test":"TestLocalCancellationRemovesQueuedTCPAndReconnectCopy/cancel","Output":"--- PASS: TestLocalCancellationRemovesQueuedTCPAndReconnectCopy/cancel (1.63s)\n"}
{"Time":"2026-09-14T01:27:57.143754909+01:00","Action":"pass","Package":"github.com/JohnnyPBelo/relayloom/native/transport","Test":"TestLocalCancellationRemovesQueuedTCPAndReconnectCopy/cancel","Elapsed":1.63}
{"Time":"2026-09-14T01:27:57.143770488+01:00","Action":"run","Package":"github.com/JohnnyPBelo/relayloom/native/transport","Test":"TestLocalCancellationRemovesQueuedTCPAndReconnectCopy/negative-control-delivers"}
{"Time":"2026-09-14T01:27:57.143773784+01:00","Action":"output","Package":"github.com/JohnnyPBelo/relayloom/native/transport","Test":"TestLocalCancellationRemovesQueuedTCPAndReconnectCopy/negative-control-delivers","Output":"=== RUN   TestLocalCancellationRemovesQueuedTCPAndReconnectCopy/negative-control-delivers\n"}
{"Time":"2026-09-14T01:27:58.841277851+01:00","Action":"output","Package":"github.com/JohnnyPBelo/relayloom/native/transport","Test":"TestLocalCancellationRemovesQueuedTCPAndReconnectCopy/negative-control-delivers","Output":"--- PASS: TestLocalCancellationRemovesQueuedTCPAndReconnectCopy/negative-control-delivers (1.70s)\n"}
{"Time":"2026-09-14T01:27:58.841319098+01:00","Action":"pass","Package":"github.com/JohnnyPBelo/relayloom/native/transport","Test":"TestLocalCancellationRemovesQueuedTCPAndReconnectCopy/negative-control-delivers","Elapsed":1.7}
{"Time":"2026-09-14T01:27:58.841333105+01:00","Action":"output","Package":"github.com/JohnnyPBelo/relayloom/native/transport","Test":"TestLocalCancellationRemovesQueuedTCPAndReconnectCopy","Output":"--- PASS: TestLocalCancellationRemovesQueuedTCPAndReconnectCopy (3.33s)\n"}
{"Time":"2026-09-14T01:27:58.841337202+01:00","Action":"pass","Package":"github.com/JohnnyPBelo/relayloom/native/transport","Test":"TestLocalCancellationRemovesQueuedTCPAndReconnectCopy","Elapsed":3.33}
{"Time":"2026-09-14T01:27:58.841363321+01:00","Action":"run","Package":"github.com/JohnnyPBelo/relayloom/native/transport","Test":"TestLocalCancellationPreservesForeignOriginRelay"}
{"Time":"2026-09-14T01:27:58.841367048+01:00","Action":"output","Package":"github.com/JohnnyPBelo/relayloom/native/transport","Test":"TestLocalCancellationPreservesForeignOriginRelay","Output":"=== RUN   TestLocalCancellationPreservesForeignOriginRelay\n"}
{"Time":"2026-09-14T01:27:58.854153542+01:00","Action":"output","Package":"github.com/JohnnyPBelo/relayloom/native/transport","Test":"TestLocalCancellationPreservesForeignOriginRelay","Output":"--- PASS: TestLocalCancellationPreservesForeignOriginRelay (0.01s)\n"}
{"Time":"2026-09-14T01:27:58.854189409+01:00","Action":"pass","Package":"github.com/JohnnyPBelo/relayloom/native/transport","Test":"TestLocalCancellationPreservesForeignOriginRelay","Elapsed":0.01}
{"Time":"2026-09-14T01:27:58.854199448+01:00","Action":"run","Package":"github.com/JohnnyPBelo/relayloom/native/transport","Test":"TestNodeGoRealProcessTCPInteroperability"}
{"Time":"2026-09-14T01:27:58.854204808+01:00","Action":"output","Package":"github.com/JohnnyPBelo/relayloom/native/transport","Test":"TestNodeGoRealProcessTCPInteroperability","Output":"=== RUN   TestNodeGoRealProcessTCPInteroperability\n"}
{"Time":"2026-09-14T01:27:59.122352586+01:00","Action":"output","Package":"github.com/JohnnyPBelo/relayloom/native/transport","Test":"TestNodeGoRealProcessTCPInteroperability","Output":"--- PASS: TestNodeGoRealProcessTCPInteroperability (0.27s)\n"}
{"Time":"2026-09-14T01:27:59.122388944+01:00","Action":"pass","Package":"github.com/JohnnyPBelo/relayloom/native/transport","Test":"TestNodeGoRealProcessTCPInteroperability","Elapsed":0.27}
{"Time":"2026-09-14T01:27:59.122399464+01:00","Action":"run","Package":"github.com/JohnnyPBelo/relayloom/native/transport","Test":"TestRetainedReplayAfterSeenEvictionKeepsExactAccounting"}
{"Time":"2026-09-14T01:27:59.12240275+01:00","Action":"output","Package":"github.com/JohnnyPBelo/relayloom/native/transport","Test":"TestRetainedReplayAfterSeenEvictionKeepsExactAccounting","Output":"=== RUN   TestRetainedReplayAfterSeenEvictionKeepsExactAccounting\n"}
{"Time":"2026-09-14T01:28:00.090710372+01:00","Action":"output","Package":"github.com/JohnnyPBelo/relayloom/native/transport","Test":"TestRetainedReplayAfterSeenEvictionKeepsExactAccounting","Output":"--- PASS: TestRetainedReplayAfterSeenEvictionKeepsExactAccounting (0.97s)\n"}
{"Time":"2026-09-14T01:28:00.090748433+01:00","Action":"pass","Package":"github.com/JohnnyPBelo/relayloom/native/transport","Test":"TestRetainedReplayAfterSeenEvictionKeepsExactAccounting","Elapsed":0.97}
{"Time":"2026-09-14T01:28:00.090758562+01:00","Action":"run","Package":"github.com/JohnnyPBelo/relayloom/native/transport","Test":"TestRetainedDuplicatePressurePreservesConsentAndExpiresToZero"}
{"Time":"2026-09-14T01:28:00.090761938+01:00","Action":"output","Package":"github.com/JohnnyPBelo/relayloom/native/transport","Test":"TestRetainedDuplicatePressurePreservesConsentAndExpiresToZero","Output":"=== RUN   TestRetainedDuplicatePressurePreservesConsentAndExpiresToZero\n"}
{"Time":"2026-09-14T01:28:00.170268455+01:00","Action":"output","Package":"github.com/JohnnyPBelo/relayloom/native/transport","Test":"TestRetainedDuplicatePressurePreservesConsentAndExpiresToZero","Output":"--- PASS: TestRetainedDuplicatePressurePreservesConsentAndExpiresToZero (0.08s)\n"}
{"Time":"2026-09-14T01:28:00.170309712+01:00","Action":"pass","Package":"github.com/JohnnyPBelo/relayloom/native/transport","Test":"TestRetainedDuplicatePressurePreservesConsentAndExpiresToZero","Elapsed":0.08}
{"Time":"2026-09-14T01:28:00.170317887+01:00","Action":"run","Package":"github.com/JohnnyPBelo/relayloom/native/transport","Test":"TestTCPAndGenericStreamMultihop"}
{"Time":"2026-09-14T01:28:00.170320432+01:00","Action":"output","Package":"github.com/JohnnyPBelo/relayloom/native/transport","Test":"TestTCPAndGenericStreamMultihop","Output":"=== RUN   TestTCPAndGenericStreamMultihop\n"}
{"Time":"2026-09-14T01:28:00.389993535+01:00","Action":"output","Package":"github.com/JohnnyPBelo/relayloom/native/transport","Test":"TestTCPAndGenericStreamMultihop","Output":"--- PASS: TestTCPAndGenericStreamMultihop (0.22s)\n"}
{"Time":"2026-09-14T01:28:00.390032178+01:00","Action":"pass","Package":"github.com/JohnnyPBelo/relayloom/native/transport","Test":"TestTCPAndGenericStreamMultihop","Elapsed":0.22}
{"Time":"2026-09-14T01:28:00.390045843+01:00","Action":"run","Package":"github.com/JohnnyPBelo/relayloom/native/transport","Test":"TestParserReplayTamperTTLAndBounds"}
{"Time":"2026-09-14T01:28:00.390048779+01:00","Action":"output","Package":"github.com/JohnnyPBelo/relayloom/native/transport","Test":"TestParserReplayTamperTTLAndBounds","Output":"=== RUN   TestParserReplayTamperTTLAndBounds\n"}
{"Time":"2026-09-14T01:28:00.726173707+01:00","Action":"output","Package":"github.com/JohnnyPBelo/relayloom/native/transport","Test":"TestParserReplayTamperTTLAndBounds","Output":"--- PASS: TestParserReplayTamperTTLAndBounds (0.34s)\n"}
{"Time":"2026-09-14T01:28:00.726214674+01:00","Action":"pass","Package":"github.com/JohnnyPBelo/relayloom/native/transport","Test":"TestParserReplayTamperTTLAndBounds","Elapsed":0.34}
{"Time":"2026-09-14T01:28:00.726227277+01:00","Action":"run","Package":"github.com/JohnnyPBelo/relayloom/native/transport","Test":"TestMalformedFloodAndQueuedExpiry"}
{"Time":"2026-09-14T01:28:00.726230283+01:00","Action":"output","Package":"github.com/JohnnyPBelo/relayloom/native/transport","Test":"TestMalformedFloodAndQueuedExpiry","Output":"=== RUN   TestMalformedFloodAndQueuedExpiry\n"}
{"Time":"2026-09-14T01:28:00.935431783+01:00","Action":"output","Package":"github.com/JohnnyPBelo/relayloom/native/transport","Test":"TestMalformedFloodAndQueuedExpiry","Output":"--- PASS: TestMalformedFloodAndQueuedExpiry (0.21s)\n"}
{"Time":"2026-09-14T01:28:00.935471367+01:00","Action":"pass","Package":"github.com/JohnnyPBelo/relayloom/native/transport","Test":"TestMalformedFloodAndQueuedExpiry","Elapsed":0.21}
{"Time":"2026-09-14T01:28:00.935479733+01:00","Action":"run","Package":"github.com/JohnnyPBelo/relayloom/native/transport","Test":"TestFragmentPriorityAndFairness"}
{"Time":"2026-09-14T01:28:00.935482759+01:00","Action":"output","Package":"github.com/JohnnyPBelo/relayloom/native/transport","Test":"TestFragmentPriorityAndFairness","Output":"=== RUN   TestFragmentPriorityAndFairness\n"}
{"Time":"2026-09-14T01:28:01.077962303+01:00","Action":"output","Package":"github.com/JohnnyPBelo/relayloom/native/transport","Test":"TestFragmentPriorityAndFairness","Output":"--- PASS: TestFragmentPriorityAndFairness (0.14s)\n"}
{"Time":"2026-09-14T01:28:01.078002458+01:00","Action":"pass","Package":"github.com/JohnnyPBelo/relayloom/native/transport","Test":"TestFragmentPriorityAndFairness","Elapsed":0.14}
{"Time":"2026-09-14T01:28:01.078010803+01:00","Action":"run","Package":"github.com/JohnnyPBelo/relayloom/native/transport","Test":"TestReconnectAndRelayConsent"}
{"Time":"2026-09-14T01:28:01.07801453+01:00","Action":"output","Package":"github.com/JohnnyPBelo/relayloom/native/transport","Test":"TestReconnectAndRelayConsent","Output":"=== RUN   TestReconnectAndRelayConsent\n"}
{"Time":"2026-09-14T01:28:02.285999261+01:00","Action":"output","Package":"github.com/JohnnyPBelo/relayloom/native/transport","Test":"TestReconnectAndRelayConsent","Output":"--- PASS: TestReconnectAndRelayConsent (1.21s)\n"}
{"Time":"2026-09-14T01:28:02.286045468+01:00","Action":"pass","Package":"github.com/JohnnyPBelo/relayloom/native/transport","Test":"TestReconnectAndRelayConsent","Elapsed":1.21}
{"Time":"2026-09-14T01:28:02.2860571+01:00","Action":"run","Package":"github.com/JohnnyPBelo/relayloom/native/transport","Test":"TestMissingFragmentAndACKRetryOverTCP"}
{"Time":"2026-09-14T01:28:02.286060306+01:00","Action":"output","Package":"github.com/JohnnyPBelo/relayloom/native/transport","Test":"TestMissingFragmentAndACKRetryOverTCP","Output":"=== RUN   TestMissingFragmentAndACKRetryOverTCP\n"}
{"Time":"2026-09-14T01:28:06.695947527+01:00","Action":"output","Package":"github.com/JohnnyPBelo/relayloom/native/transport","Test":"TestMissingFragmentAndACKRetryOverTCP","Output":"--- PASS: TestMissingFragmentAndACKRetryOverTCP (4.41s)\n"}
{"Time":"2026-09-14T01:28:06.695984516+01:00","Action":"pass","Package":"github.com/JohnnyPBelo/relayloom/native/transport","Test":"TestMissingFragmentAndACKRetryOverTCP","Elapsed":4.41}
{"Time":"2026-09-14T01:28:06.695994996+01:00","Action":"run","Package":"github.com/JohnnyPBelo/relayloom/native/transport","Test":"TestDeliveryAndDialQueuesAreBounded"}
{"Time":"2026-09-14T01:28:06.695998212+01:00","Action":"output","Package":"github.com/JohnnyPBelo/relayloom/native/transport","Test":"TestDeliveryAndDialQueuesAreBounded","Output":"=== RUN   TestDeliveryAndDialQueuesAreBounded\n"}
{"Time":"2026-09-14T01:28:06.713102631+01:00","Action":"output","Package":"github.com/JohnnyPBelo/relayloom/native/transport","Test":"TestDeliveryAndDialQueuesAreBounded","Output":"--- PASS: TestDeliveryAndDialQueuesAreBounded (0.02s)\n"}
{"Time":"2026-09-14T01:28:06.713127989+01:00","Action":"pass","Package":"github.com/JohnnyPBelo/relayloom/native/transport","Test":"TestDeliveryAndDialQueuesAreBounded","Elapsed":0.02}
{"Time":"2026-09-14T01:28:06.713134611+01:00","Action":"run","Package":"github.com/JohnnyPBelo/relayloom/native/transport","Test":"TestHopLimitAndValidationBeforeForwarding"}
{"Time":"2026-09-14T01:28:06.713137837+01:00","Action":"output","Package":"github.com/JohnnyPBelo/relayloom/native/transport","Test":"TestHopLimitAndValidationBeforeForwarding","Output":"=== RUN   TestHopLimitAndValidationBeforeForwarding\n"}
{"Time":"2026-09-14T01:28:06.815214139+01:00","Action":"output","Package":"github.com/JohnnyPBelo/relayloom/native/transport","Test":"TestHopLimitAndValidationBeforeForwarding","Output":"--- PASS: TestHopLimitAndValidationBeforeForwarding (0.10s)\n"}
{"Time":"2026-09-14T01:28:06.815255426+01:00","Action":"pass","Package":"github.com/JohnnyPBelo/relayloom/native/transport","Test":"TestHopLimitAndValidationBeforeForwarding","Elapsed":0.1}
{"Time":"2026-09-14T01:28:06.815264694+01:00","Action":"output","Package":"github.com/JohnnyPBelo/relayloom/native/transport","Output":"PASS\n"}
{"Time":"2026-09-14T01:28:07.819951813+01:00","Action":"output","Package":"github.com/JohnnyPBelo/relayloom/native/transport","Output":"ok  \tgithub.com/JohnnyPBelo/relayloom/native/transport\t12.315s\n"}
{"Time":"2026-09-14T01:28:07.819993191+01:00","Action":"pass","Package":"github.com/JohnnyPBelo/relayloom/native/transport","Elapsed":12.316}
{"Time":"2026-09-14T01:28:08.397885587+01:00","Action":"start","Package":"github.com/JohnnyPBelo/relayloom/native/webpeer"}
{"Time":"2026-09-14T01:28:08.405949315+01:00","Action":"run","Package":"github.com/JohnnyPBelo/relayloom/native/webpeer","Test":"TestInvitationOriginCapabilitiesAndConnectionLimit"}
{"Time":"2026-09-14T01:28:08.405966057+01:00","Action":"output","Package":"github.com/JohnnyPBelo/relayloom/native/webpeer","Test":"TestInvitationOriginCapabilitiesAndConnectionLimit","Output":"=== RUN   TestInvitationOriginCapabilitiesAndConnectionLimit\n"}
{"Time":"2026-09-14T01:28:08.415039238+01:00","Action":"output","Package":"github.com/JohnnyPBelo/relayloom/native/webpeer","Test":"TestInvitationOriginCapabilitiesAndConnectionLimit","Output":"--- PASS: TestInvitationOriginCapabilitiesAndConnectionLimit (0.01s)\n"}
{"Time":"2026-09-14T01:28:08.415076538+01:00","Action":"pass","Package":"github.com/JohnnyPBelo/relayloom/native/webpeer","Test":"TestInvitationOriginCapabilitiesAndConnectionLimit","Elapsed":0.01}
{"Time":"2026-09-14T01:28:08.415084833+01:00","Action":"run","Package":"github.com/JohnnyPBelo/relayloom/native/webpeer","Test":"TestInvitationExpiryAndCleartextScope"}
{"Time":"2026-09-14T01:28:08.415087889+01:00","Action":"output","Package":"github.com/JohnnyPBelo/relayloom/native/webpeer","Test":"TestInvitationExpiryAndCleartextScope","Output":"=== RUN   TestInvitationExpiryAndCleartextScope\n"}
{"Time":"2026-09-14T01:28:09.417531723+01:00","Action":"output","Package":"github.com/JohnnyPBelo/relayloom/native/webpeer","Test":"TestInvitationExpiryAndCleartextScope","Output":"--- PASS: TestInvitationExpiryAndCleartextScope (1.00s)\n"}
{"Time":"2026-09-14T01:28:09.417576978+01:00","Action":"pass","Package":"github.com/JohnnyPBelo/relayloom/native/webpeer","Test":"TestInvitationExpiryAndCleartextScope","Elapsed":1}
{"Time":"2026-09-14T01:28:09.417587828+01:00","Action":"output","Package":"github.com/JohnnyPBelo/relayloom/native/webpeer","Output":"PASS\n"}
{"Time":"2026-09-14T01:28:10.420397538+01:00","Action":"output","Package":"github.com/JohnnyPBelo/relayloom/native/webpeer","Output":"ok  \tgithub.com/JohnnyPBelo/relayloom/native/webpeer\t2.022s\n"}
{"Time":"2026-09-14T01:28:10.420445177+01:00","Action":"pass","Package":"github.com/JohnnyPBelo/relayloom/native/webpeer","Elapsed":2.023}
{"Time":"2026-09-14T01:28:11.126940049+01:00","Action":"start","Package":"github.com/JohnnyPBelo/relayloom/native/app"}
{"Time":"2026-09-14T01:28:11.13708537+01:00","Action":"run","Package":"github.com/JohnnyPBelo/relayloom/native/app","Test":"TestConnectSavedEndpointAtCapacityIsIdempotent"}
{"Time":"2026-09-14T01:28:11.137145172+01:00","Action":"output","Package":"github.com/JohnnyPBelo/relayloom/native/app","Test":"TestConnectSavedEndpointAtCapacityIsIdempotent","Output":"=== RUN   TestConnectSavedEndpointAtCapacityIsIdempotent\n"}
{"Time":"2026-09-14T01:28:11.752161421+01:00","Action":"output","Package":"github.com/JohnnyPBelo/relayloom/native/app","Test":"TestConnectSavedEndpointAtCapacityIsIdempotent","Output":"--- PASS: TestConnectSavedEndpointAtCapacityIsIdempotent (0.62s)\n"}
{"Time":"2026-09-14T01:28:11.752200675+01:00","Action":"pass","Package":"github.com/JohnnyPBelo/relayloom/native/app","Test":"TestConnectSavedEndpointAtCapacityIsIdempotent","Elapsed":0.62}
{"Time":"2026-09-14T01:28:11.752210884+01:00","Action":"run","Package":"github.com/JohnnyPBelo/relayloom/native/app","Test":"TestApplicationMessagesGroupsReceiptsAndPrivacy"}
{"Time":"2026-09-14T01:28:11.752213509+01:00","Action":"output","Package":"github.com/JohnnyPBelo/relayloom/native/app","Test":"TestApplicationMessagesGroupsReceiptsAndPrivacy","Output":"=== RUN   TestApplicationMessagesGroupsReceiptsAndPrivacy\n"}
{"Time":"2026-09-14T01:28:13.251747052+01:00","Action":"output","Package":"github.com/JohnnyPBelo/relayloom/native/app","Test":"TestApplicationMessagesGroupsReceiptsAndPrivacy","Output":"--- PASS: TestApplicationMessagesGroupsReceiptsAndPrivacy (1.50s)\n"}
{"Time":"2026-09-14T01:28:13.251793078+01:00","Action":"pass","Package":"github.com/JohnnyPBelo/relayloom/native/app","Test":"TestApplicationMessagesGroupsReceiptsAndPrivacy","Elapsed":1.5}
{"Time":"2026-09-14T01:28:13.251802185+01:00","Action":"run","Package":"github.com/JohnnyPBelo/relayloom/native/app","Test":"TestInboundSemanticACLRejectsSignedForgeriesAndViewBypass"}
{"Time":"2026-09-14T01:28:13.251805612+01:00","Action":"output","Package":"github.com/JohnnyPBelo/relayloom/native/app","Test":"TestInboundSemanticACLRejectsSignedForgeriesAndViewBypass","Output":"=== RUN   TestInboundSemanticACLRejectsSignedForgeriesAndViewBypass\n"}
{"Time":"2026-09-14T01:28:14.040764003+01:00","Action":"output","Package":"github.com/JohnnyPBelo/relayloom/native/app","Test":"TestInboundSemanticACLRejectsSignedForgeriesAndViewBypass","Output":"--- PASS: TestInboundSemanticACLRejectsSignedForgeriesAndViewBypass (0.79s)\n"}
{"Time":"2026-09-14T01:28:14.040801864+01:00","Action":"pass","Package":"github.com/JohnnyPBelo/relayloom/native/app","Test":"TestInboundSemanticACLRejectsSignedForgeriesAndViewBypass","Elapsed":0.79}
{"Time":"2026-09-14T01:28:14.040828524+01:00","Action":"run","Package":"github.com/JohnnyPBelo/relayloom/native/app","Test":"TestDeletionSurvivesImmediateOriginalEvictionEventLossAndRestart"}
{"Time":"2026-09-14T01:28:14.04083161+01:00","Action":"output","Package":"github.com/JohnnyPBelo/relayloom/native/app","Test":"TestDeletionSurvivesImmediateOriginalEvictionEventLossAndRestart","Output":"=== RUN   TestDeletionSurvivesImmediateOriginalEvictionEventLossAndRestart\n"}
{"Time":"2026-09-14T01:28:15.308715365+01:00","Action":"output","Package":"github.com/JohnnyPBelo/relayloom/native/app","Test":"TestDeletionSurvivesImmediateOriginalEvictionEventLossAndRestart","Output":"--- PASS: TestDeletionSurvivesImmediateOriginalEvictionEventLossAndRestart (1.27s)\n"}
{"Time":"2026-09-14T01:28:15.308761592+01:00","Action":"pass","Package":"github.com/JohnnyPBelo/relayloom/native/app","Test":"TestDeletionSurvivesImmediateOriginalEvictionEventLossAndRestart","Elapsed":1.27}
{"Time":"2026-09-14T01:28:15.308776169+01:00","Action":"run","Package":"github.com/JohnnyPBelo/relayloom/native/app","Test":"TestJournalEditTieOrderDraftEncryptionAndTamperRejection"}
{"Time":"2026-09-14T01:28:15.308780537+01:00","Action":"output","Package":"github.com/JohnnyPBelo/relayloom/native/app","Test":"TestJournalEditTieOrderDraftEncryptionAndTamperRejection","Output":"=== RUN   TestJournalEditTieOrderDraftEncryptionAndTamperRejection\n"}
{"Time":"2026-09-14T01:28:17.013899872+01:00","Action":"output","Package":"github.com/JohnnyPBelo/relayloom/native/app","Test":"TestJournalEditTieOrderDraftEncryptionAndTamperRejection","Output":"--- PASS: TestJournalEditTieOrderDraftEncryptionAndTamperRejection (1.71s)\n"}
{"Time":"2026-09-14T01:28:17.013942411+01:00","Action":"pass","Package":"github.com/JohnnyPBelo/relayloom/native/app","Test":"TestJournalEditTieOrderDraftEncryptionAndTamperRejection","Elapsed":1.71}
{"Time":"2026-09-14T01:28:17.013951529+01:00","Action":"run","Package":"github.com/JohnnyPBelo/relayloom/native/app","Test":"TestCollectionsFollowingRetrievalAndPrivateMetadata"}
{"Time":"2026-09-14T01:28:17.013955346+01:00","Action":"output","Package":"github.com/JohnnyPBelo/relayloom/native/app","Test":"TestCollectionsFollowingRetrievalAndPrivateMetadata","Output":"=== RUN   TestCollectionsFollowingRetrievalAndPrivateMetadata\n"}
{"Time":"2026-09-14T01:28:17.745620418+01:00","Action":"output","Package":"github.com/JohnnyPBelo/relayloom/native/app","Test":"TestCollectionsFollowingRetrievalAndPrivateMetadata","Output":"--- PASS: TestCollectionsFollowingRetrievalAndPrivateMetadata (0.73s)\n"}
{"Time":"2026-09-14T01:28:17.745661375+01:00","Action":"pass","Package":"github.com/JohnnyPBelo/relayloom/native/app","Test":"TestCollectionsFollowingRetrievalAndPrivateMetadata","Elapsed":0.73}
{"Time":"2026-09-14T01:28:17.745672977+01:00","Action":"run","Package":"github.com/JohnnyPBelo/relayloom/native/app","Test":"TestHTTPAuthenticationOriginPathsAndStateArrays"}
{"Time":"2026-09-14T01:28:17.745676724+01:00","Action":"output","Package":"github.com/JohnnyPBelo/relayloom/native/app","Test":"TestHTTPAuthenticationOriginPathsAndStateArrays","Output":"=== RUN   TestHTTPAuthenticationOriginPathsAndStateArrays\n"}
{"Time":"2026-09-14T01:28:17.773054865+01:00","Action":"output","Package":"github.com/JohnnyPBelo/relayloom/native/app","Test":"TestHTTPAuthenticationOriginPathsAndStateArrays","Output":"--- PASS: TestHTTPAuthenticationOriginPathsAndStateArrays (0.03s)\n"}
{"Time":"2026-09-14T01:28:17.773094379+01:00","Action":"pass","Package":"github.com/JohnnyPBelo/relayloom/native/app","Test":"TestHTTPAuthenticationOriginPathsAndStateArrays","Elapsed":0.03}
{"Time":"2026-09-14T01:28:17.773108215+01:00","Action":"run","Package":"github.com/JohnnyPBelo/relayloom/native/app","Test":"TestApplicationRelayPauseBlocksCachedServing"}
{"Time":"2026-09-14T01:28:17.773111311+01:00","Action":"output","Package":"github.com/JohnnyPBelo/relayloom/native/app","Test":"TestApplicationRelayPauseBlocksCachedServing","Output":"=== RUN   TestApplicationRelayPauseBlocksCachedServing\n"}
{"Time":"2026-09-14T01:28:18.67164288+01:00","Action":"output","Package":"github.com/JohnnyPBelo/relayloom/native/app","Test":"TestApplicationRelayPauseBlocksCachedServing","Output":"--- PASS: TestApplicationRelayPauseBlocksCachedServing (0.90s)\n"}
{"Time":"2026-09-14T01:28:18.671680541+01:00","Action":"pass","Package":"github.com/JohnnyPBelo/relayloom/native/app","Test":"TestApplicationRelayPauseBlocksCachedServing","Elapsed":0.9}
{"Time":"2026-09-14T01:28:18.671691191+01:00","Action":"run","Package":"github.com/JohnnyPBelo/relayloom/native/app","Test":"TestGroupCommandLostResponseRecoversOnlyCommittedResult"}
{"Time":"2026-09-14T01:28:18.671695068+01:00","Action":"output","Package":"github.com/JohnnyPBelo/relayloom/native/app","Test":"TestGroupCommandLostResponseRecoversOnlyCommittedResult","Output":"=== RUN   TestGroupCommandLostResponseRecoversOnlyCommittedResult\n"}
{"Time":"2026-09-14T01:28:18.671699937+01:00","Action":"run","Package":"github.com/JohnnyPBelo/relayloom/native/app","Test":"TestGroupCommandLostResponseRecoversOnlyCommittedResult/before-commit"}
{"Time":"2026-09-14T01:28:18.671704155+01:00","Action":"output","Package":"github.com/JohnnyPBelo/relayloom/native/app","Test":"TestGroupCommandLostResponseRecoversOnlyCommittedResult/before-commit","Output":"=== RUN   TestGroupCommandLostResponseRecoversOnlyCommittedResult/before-commit\n"}
{"Time":"2026-09-14T01:28:19.641842259+01:00","Action":"output","Package":"github.com/JohnnyPBelo/relayloom/native/app","Test":"TestGroupCommandLostResponseRecoversOnlyCommittedResult/before-commit","Output":"--- PASS: TestGroupCommandLostResponseRecoversOnlyCommittedResult/before-commit (0.97s)\n"}
{"Time":"2026-09-14T01:28:19.641884398+01:00","Action":"pass","Package":"github.com/JohnnyPBelo/relayloom/native/app","Test":"TestGroupCommandLostResponseRecoversOnlyCommittedResult/before-commit","Elapsed":0.97}
{"Time":"2026-09-14T01:28:19.64190107+01:00","Action":"run","Package":"github.com/JohnnyPBelo/relayloom/native/app","Test":"TestGroupCommandLostResponseRecoversOnlyCommittedResult/after-commit"}
{"Time":"2026-09-14T01:28:19.641904366+01:00","Action":"output","Package":"github.com/JohnnyPBelo/relayloom/native/app","Test":"TestGroupCommandLostResponseRecoversOnlyCommittedResult/after-commit","Output":"=== RUN   TestGroupCommandLostResponseRecoversOnlyCommittedResult/after-commit\n"}
{"Time":"2026-09-14T01:28:20.647226215+01:00","Action":"output","Package":"github.com/JohnnyPBelo/relayloom/native/app","Test":"TestGroupCommandLostResponseRecoversOnlyCommittedResult/after-commit","Output":"--- PASS: TestGroupCommandLostResponseRecoversOnlyCommittedResult/after-commit (1.01s)\n"}
{"Time":"2026-09-14T01:28:20.647273544+01:00","Action":"pass","Package":"github.com/JohnnyPBelo/relayloom/native/app","Test":"TestGroupCommandLostResponseRecoversOnlyCommittedResult/after-commit","Elapsed":1.01}
{"Time":"2026-09-14T01:28:20.64729267+01:00","Action":"output","Package":"github.com/JohnnyPBelo/relayloom/native/app","Test":"TestGroupCommandLostResponseRecoversOnlyCommittedResult","Output":"--- PASS: TestGroupCommandLostResponseRecoversOnlyCommittedResult (1.98s)\n"}
{"Time":"2026-09-14T01:28:20.647305404+01:00","Action":"pass","Package":"github.com/JohnnyPBelo/relayloom/native/app","Test":"TestGroupCommandLostResponseRecoversOnlyCommittedResult","Elapsed":1.98}
{"Time":"2026-09-14T01:28:20.647311986+01:00","Action":"run","Package":"github.com/JohnnyPBelo/relayloom/native/app","Test":"TestGroupCommandRejectsStalePrivateDigestAndRecovers"}
{"Time":"2026-09-14T01:28:20.647316715+01:00","Action":"output","Package":"github.com/JohnnyPBelo/relayloom/native/app","Test":"TestGroupCommandRejectsStalePrivateDigestAndRecovers","Output":"=== RUN   TestGroupCommandRejectsStalePrivateDigestAndRecovers\n"}
{"Time":"2026-09-14T01:28:21.525605582+01:00","Action":"output","Package":"github.com/JohnnyPBelo/relayloom/native/app","Test":"TestGroupCommandRejectsStalePrivateDigestAndRecovers","Output":"--- PASS: TestGroupCommandRejectsStalePrivateDigestAndRecovers (0.88s)\n"}
{"Time":"2026-09-14T01:28:21.525644154+01:00","Action":"pass","Package":"github.com/JohnnyPBelo/relayloom/native/app","Test":"TestGroupCommandRejectsStalePrivateDigestAndRecovers","Elapsed":0.88}
{"Time":"2026-09-14T01:28:21.525653191+01:00","Action":"run","Package":"github.com/JohnnyPBelo/relayloom/native/app","Test":"TestGroupConfirmationCommitFailure"}
{"Time":"2026-09-14T01:28:21.525656587+01:00","Action":"output","Package":"github.com/JohnnyPBelo/relayloom/native/app","Test":"TestGroupConfirmationCommitFailure","Output":"=== RUN   TestGroupConfirmationCommitFailure\n"}
{"Time":"2026-09-14T01:28:21.525661677+01:00","Action":"run","Package":"github.com/JohnnyPBelo/relayloom/native/app","Test":"TestGroupConfirmationCommitFailure/rollback"}
{"Time":"2026-09-14T01:28:21.525664592+01:00","Action":"output","Package":"github.com/JohnnyPBelo/relayloom/native/app","Test":"TestGroupConfirmationCommitFailure/rollback","Output":"=== RUN   TestGroupConfirmationCommitFailure/rollback\n"}
{"Time":"2026-09-14T01:28:27.783650359+01:00","Action":"output","Package":"github.com/JohnnyPBelo/relayloom/native/app","Test":"TestGroupConfirmationCommitFailure/rollback","Output":"--- PASS: TestGroupConfirmationCommitFailure/rollback (6.26s)\n"}
{"Time":"2026-09-14T01:28:27.783691586+01:00","Action":"pass","Package":"github.com/JohnnyPBelo/relayloom/native/app","Test":"TestGroupConfirmationCommitFailure/rollback","Elapsed":6.26}
{"Time":"2026-09-14T01:28:27.783703529+01:00","Action":"run","Package":"github.com/JohnnyPBelo/relayloom/native/app","Test":"TestGroupConfirmationCommitFailure/lost-response"}
{"Time":"2026-09-14T01:28:27.783708408+01:00","Action":"output","Package":"github.com/JohnnyPBelo/relayloom/native/app","Test":"TestGroupConfirmationCommitFailure/lost-response","Output":"=== RUN   TestGroupConfirmationCommitFailure/lost-response\n"}
{"Time":"2026-09-14T01:28:34.36196118+01:00","Action":"output","Package":"github.com/JohnnyPBelo/relayloom/native/app","Test":"TestGroupConfirmationCommitFailure/lost-response","Output":"--- PASS: TestGroupConfirmationCommitFailure/lost-response (6.58s)\n"}
{"Time":"2026-09-14T01:28:34.36199826+01:00","Action":"pass","Package":"github.com/JohnnyPBelo/relayloom/native/app","Test":"TestGroupConfirmationCommitFailure/lost-response","Elapsed":6.58}
{"Time":"2026-09-14T01:28:34.362007357+01:00","Action":"output","Package":"github.com/JohnnyPBelo/relayloom/native/app","Test":"TestGroupConfirmationCommitFailure","Output":"--- PASS: TestGroupConfirmationCommitFailure (12.84s)\n"}
{"Time":"2026-09-14T01:28:34.362012146+01:00","Action":"pass","Package":"github.com/JohnnyPBelo/relayloom/native/app","Test":"TestGroupConfirmationCommitFailure","Elapsed":12.84}
{"Time":"2026-09-14T01:28:34.362053874+01:00","Action":"run","Package":"github.com/JohnnyPBelo/relayloom/native/app","Test":"TestGroupConfirmationBlockedAndMissingOriginal"}
{"Time":"2026-09-14T01:28:34.362057821+01:00","Action":"output","Package":"github.com/JohnnyPBelo/relayloom/native/app","Test":"TestGroupConfirmationBlockedAndMissingOriginal","Output":"=== RUN   TestGroupConfirmationBlockedAndMissingOriginal\n"}
{"Time":"2026-09-14T01:28:39.708346244+01:00","Action":"output","Package":"github.com/JohnnyPBelo/relayloom/native/app","Test":"TestGroupConfirmationBlockedAndMissingOriginal","Output":"--- PASS: TestGroupConfirmationBlockedAndMissingOriginal (5.35s)\n"}
{"Time":"2026-09-14T01:28:39.708388493+01:00","Action":"pass","Package":"github.com/JohnnyPBelo/relayloom/native/app","Test":"TestGroupConfirmationBlockedAndMissingOriginal","Elapsed":5.35}
{"Time":"2026-09-14T01:28:39.708396348+01:00","Action":"run","Package":"github.com/JohnnyPBelo/relayloom/native/app","Test":"TestGroupConfirmationWrongBindingCannotSuppressValidFact"}
{"Time":"2026-09-14T01:28:39.708398722+01:00","Action":"output","Package":"github.com/JohnnyPBelo/relayloom/native/app","Test":"TestGroupConfirmationWrongBindingCannotSuppressValidFact","Output":"=== RUN   TestGroupConfirmationWrongBindingCannotSuppressValidFact\n"}
{"Time":"2026-09-14T01:28:44.752410659+01:00","Action":"output","Package":"github.com/JohnnyPBelo/relayloom/native/app","Test":"TestGroupConfirmationWrongBindingCannotSuppressValidFact","Output":"--- PASS: TestGroupConfirmationWrongBindingCannotSuppressValidFact (5.04s)\n"}
{"Time":"2026-09-14T01:28:44.75244839+01:00","Action":"pass","Package":"github.com/JohnnyPBelo/relayloom/native/app","Test":"TestGroupConfirmationWrongBindingCannotSuppressValidFact","Elapsed":5.04}
{"Time":"2026-09-14T01:28:44.752459641+01:00","Action":"run","Package":"github.com/JohnnyPBelo/relayloom/native/app","Test":"TestGroupConfirmationMissingHistoricalProof"}
{"Time":"2026-09-14T01:28:44.752462997+01:00","Action":"output","Package":"github.com/JohnnyPBelo/relayloom/native/app","Test":"TestGroupConfirmationMissingHistoricalProof","Output":"=== RUN   TestGroupConfirmationMissingHistoricalProof\n"}
{"Time":"2026-09-14T01:28:54.685228358+01:00","Action":"output","Package":"github.com/JohnnyPBelo/relayloom/native/app","Test":"TestGroupConfirmationMissingHistoricalProof","Output":"--- PASS: TestGroupConfirmationMissingHistoricalProof (9.93s)\n"}
{"Time":"2026-09-14T01:28:54.685265047+01:00","Action":"pass","Package":"github.com/JohnnyPBelo/relayloom/native/app","Test":"TestGroupConfirmationMissingHistoricalProof","Elapsed":9.93}
{"Time":"2026-09-14T01:28:54.685273603+01:00","Action":"run","Package":"github.com/JohnnyPBelo/relayloom/native/app","Test":"TestGroupAdmissionOuterRollbackCannotDisplay"}
{"Time":"2026-09-14T01:28:54.685280386+01:00","Action":"output","Package":"github.com/JohnnyPBelo/relayloom/native/app","Test":"TestGroupAdmissionOuterRollbackCannotDisplay","Output":"=== RUN   TestGroupAdmissionOuterRollbackCannotDisplay\n"}
{"Time":"2026-09-14T01:28:56.12630982+01:00","Action":"output","Package":"github.com/JohnnyPBelo/relayloom/native/app","Test":"TestGroupAdmissionOuterRollbackCannotDisplay","Output":"--- PASS: TestGroupAdmissionOuterRollbackCannotDisplay (1.44s)\n"}
{"Time":"2026-09-14T01:28:56.126353882+01:00","Action":"pass","Package":"github.com/JohnnyPBelo/relayloom/native/app","Test":"TestGroupAdmissionOuterRollbackCannotDisplay","Elapsed":1.44}
{"Time":"2026-09-14T01:28:56.126371445+01:00","Action":"run","Package":"github.com/JohnnyPBelo/relayloom/native/app","Test":"TestGroupHistoricalDeleteAndAdmissionRecoverAfterLostResponse"}
{"Time":"2026-09-14T01:28:56.126375293+01:00","Action":"output","Package":"github.com/JohnnyPBelo/relayloom/native/app","Test":"TestGroupHistoricalDeleteAndAdmissionRecoverAfterLostResponse","Output":"=== RUN   TestGroupHistoricalDeleteAndAdmissionRecoverAfterLostResponse\n"}
{"Time":"2026-09-14T01:28:58.595116746+01:00","Action":"output","Package":"github.com/JohnnyPBelo/relayloom/native/app","Test":"TestGroupHistoricalDeleteAndAdmissionRecoverAfterLostResponse","Output":"--- PASS: TestGroupHistoricalDeleteAndAdmissionRecoverAfterLostResponse (2.47s)\n"}
{"Time":"2026-09-14T01:28:58.595155599+01:00","Action":"pass","Package":"github.com/JohnnyPBelo/relayloom/native/app","Test":"TestGroupHistoricalDeleteAndAdmissionRecoverAfterLostResponse","Elapsed":2.47}
{"Time":"2026-09-14T01:28:58.595164866+01:00","Action":"run","Package":"github.com/JohnnyPBelo/relayloom/native/app","Test":"TestGroupQuarantineReservationFailureRollsBackAndLocks"}
{"Time":"2026-09-14T01:28:58.595169585+01:00","Action":"output","Package":"github.com/JohnnyPBelo/relayloom/native/app","Test":"TestGroupQuarantineReservationFailureRollsBackAndLocks","Output":"=== RUN   TestGroupQuarantineReservationFailureRollsBackAndLocks\n"}
{"Time":"2026-09-14T01:29:00.626175663+01:00","Action":"output","Package":"github.com/JohnnyPBelo/relayloom/native/app","Test":"TestGroupQuarantineReservationFailureRollsBackAndLocks","Output":"--- PASS: TestGroupQuarantineReservationFailureRollsBackAndLocks (2.03s)\n"}
{"Time":"2026-09-14T01:29:00.626218884+01:00","Action":"pass","Package":"github.com/JohnnyPBelo/relayloom/native/app","Test":"TestGroupQuarantineReservationFailureRollsBackAndLocks","Elapsed":2.03}
{"Time":"2026-09-14T01:29:00.626229965+01:00","Action":"run","Package":"github.com/JohnnyPBelo/relayloom/native/app","Test":"TestGroupCorruptQuarantineDoesNotBlockHealthyAdmission"}
{"Time":"2026-09-14T01:29:00.626235114+01:00","Action":"output","Package":"github.com/JohnnyPBelo/relayloom/native/app","Test":"TestGroupCorruptQuarantineDoesNotBlockHealthyAdmission","Output":"=== RUN   TestGroupCorruptQuarantineDoesNotBlockHealthyAdmission\n"}
{"Time":"2026-09-14T01:29:02.016411324+01:00","Action":"output","Package":"github.com/JohnnyPBelo/relayloom/native/app","Test":"TestGroupCorruptQuarantineDoesNotBlockHealthyAdmission","Output":"--- PASS: TestGroupCorruptQuarantineDoesNotBlockHealthyAdmission (1.39s)\n"}
{"Time":"2026-09-14T01:29:02.016451891+01:00","Action":"pass","Package":"github.com/JohnnyPBelo/relayloom/native/app","Test":"TestGroupCorruptQuarantineDoesNotBlockHealthyAdmission","Elapsed":1.39}
{"Time":"2026-09-14T01:29:02.016460968+01:00","Action":"run","Package":"github.com/JohnnyPBelo/relayloom/native/app","Test":"TestGroupHistoryExpiryMustMatchSignedBundle"}
{"Time":"2026-09-14T01:29:02.016465226+01:00","Action":"output","Package":"github.com/JohnnyPBelo/relayloom/native/app","Test":"TestGroupHistoryExpiryMustMatchSignedBundle","Output":"=== RUN   TestGroupHistoryExpiryMustMatchSignedBundle\n"}
{"Time":"2026-09-14T01:29:03.384171767+01:00","Action":"output","Package":"github.com/JohnnyPBelo/relayloom/native/app","Test":"TestGroupHistoryExpiryMustMatchSignedBundle","Output":"--- PASS: TestGroupHistoryExpiryMustMatchSignedBundle (1.37s)\n"}
{"Time":"2026-09-14T01:29:03.384219467+01:00","Action":"pass","Package":"github.com/JohnnyPBelo/relayloom/native/app","Test":"TestGroupHistoryExpiryMustMatchSignedBundle","Elapsed":1.37}
{"Time":"2026-09-14T01:29:03.384233483+01:00","Action":"run","Package":"github.com/JohnnyPBelo/relayloom/native/app","Test":"TestVerifiedControlReplayAvoidsReapplicationAndKeepsSafetyHeaders"}
{"Time":"2026-09-14T01:29:03.384241558+01:00","Action":"output","Package":"github.com/JohnnyPBelo/relayloom/native/app","Test":"TestVerifiedControlReplayAvoidsReapplicationAndKeepsSafetyHeaders","Output":"=== RUN   TestVerifiedControlReplayAvoidsReapplicationAndKeepsSafetyHeaders\n"}
{"Time":"2026-09-14T01:29:15.01305717+01:00","Action":"output","Package":"github.com/JohnnyPBelo/relayloom/native/app","Test":"TestVerifiedControlReplayAvoidsReapplicationAndKeepsSafetyHeaders","Output":"--- PASS: TestVerifiedControlReplayAvoidsReapplicationAndKeepsSafetyHeaders (11.63s)\n"}
{"Time":"2026-09-14T01:29:15.013100912+01:00","Action":"pass","Package":"github.com/JohnnyPBelo/relayloom/native/app","Test":"TestVerifiedControlReplayAvoidsReapplicationAndKeepsSafetyHeaders","Elapsed":11.63}
{"Time":"2026-09-14T01:29:15.013111762+01:00","Action":"run","Package":"github.com/JohnnyPBelo/relayloom/native/app","Test":"TestGroupEventCommitFailures"}
{"Time":"2026-09-14T01:29:15.013117523+01:00","Action":"output","Package":"github.com/JohnnyPBelo/relayloom/native/app","Test":"TestGroupEventCommitFailures","Output":"=== RUN   TestGroupEventCommitFailures\n"}
{"Time":"2026-09-14T01:29:15.01312134+01:00","Action":"run","Package":"github.com/JohnnyPBelo/relayloom/native/app","Test":"TestGroupEventCommitFailures/rollback"}
{"Time":"2026-09-14T01:29:15.013124787+01:00","Action":"output","Package":"github.com/JohnnyPBelo/relayloom/native/app","Test":"TestGroupEventCommitFailures/rollback","Output":"=== RUN   TestGroupEventCommitFailures/rollback\n"}
{"Time":"2026-09-14T01:29:22.732469753+01:00","Action":"output","Package":"github.com/JohnnyPBelo/relayloom/native/app","Test":"TestGroupEventCommitFailures/rollback","Output":"--- PASS: TestGroupEventCommitFailures/rollback (7.72s)\n"}
{"Time":"2026-09-14T01:29:22.732511882+01:00","Action":"pass","Package":"github.com/JohnnyPBelo/relayloom/native/app","Test":"TestGroupEventCommitFailures/rollback","Elapsed":7.72}
{"Time":"2026-09-14T01:29:22.732521731+01:00","Action":"run","Package":"github.com/JohnnyPBelo/relayloom/native/app","Test":"TestGroupEventCommitFailures/lost-response"}
{"Time":"2026-09-14T01:29:22.732524747+01:00","Action":"output","Package":"github.com/JohnnyPBelo/relayloom/native/app","Test":"TestGroupEventCommitFailures/lost-response","Output":"=== RUN   TestGroupEventCommitFailures/lost-response\n"}
{"Time":"2026-09-14T01:29:30.764551338+01:00","Action":"output","Package":"github.com/JohnnyPBelo/relayloom/native/app","Test":"TestGroupEventCommitFailures/lost-response","Output":"--- PASS: TestGroupEventCommitFailures/lost-response (8.03s)\n"}
{"Time":"2026-09-14T01:29:30.764594629+01:00","Action":"pass","Package":"github.com/JohnnyPBelo/relayloom/native/app","Test":"TestGroupEventCommitFailures/lost-response","Elapsed":8.03}
{"Time":"2026-09-14T01:29:30.764604778+01:00","Action":"output","Package":"github.com/JohnnyPBelo/relayloom/native/app","Test":"TestGroupEventCommitFailures","Output":"--- PASS: TestGroupEventCommitFailures (15.75s)\n"}
{"Time":"2026-09-14T01:29:30.764609376+01:00","Action":"pass","Package":"github.com/JohnnyPBelo/relayloom/native/app","Test":"TestGroupEventCommitFailures","Elapsed":15.75}
{"Time":"2026-09-14T01:29:30.764617632+01:00","Action":"run","Package":"github.com/JohnnyPBelo/relayloom/native/app","Test":"TestGroupEventQueuedFences"}
{"Time":"2026-09-14T01:29:30.764621419+01:00","Action":"output","Package":"github.com/JohnnyPBelo/relayloom/native/app","Test":"TestGroupEventQueuedFences","Output":"=== RUN   TestGroupEventQueuedFences\n"}
{"Time":"2026-09-14T01:29:30.764625547+01:00","Action":"run","Package":"github.com/JohnnyPBelo/relayloom/native/app","Test":"TestGroupEventQueuedFences/allowed-control"}
{"Time":"2026-09-14T01:29:30.764628452+01:00","Action":"output","Package":"github.com/JohnnyPBelo/relayloom/native/app","Test":"TestGroupEventQueuedFences/allowed-control","Output":"=== RUN   TestGroupEventQueuedFences/allowed-control\n"}
{"Time":"2026-09-14T01:29:37.633641599+01:00","Action":"output","Package":"github.com/JohnnyPBelo/relayloom/native/app","Test":"TestGroupEventQueuedFences/allowed-control","Output":"--- PASS: TestGroupEventQueuedFences/allowed-control (6.87s)\n"}
{"Time":"2026-09-14T01:29:37.633692184+01:00","Action":"pass","Package":"github.com/JohnnyPBelo/relayloom/native/app","Test":"TestGroupEventQueuedFences/allowed-control","Elapsed":6.87}
{"Time":"2026-09-14T01:29:37.633703675+01:00","Action":"run","Package":"github.com/JohnnyPBelo/relayloom/native/app","Test":"TestGroupEventQueuedFences/close"}
{"Time":"2026-09-14T01:29:37.633707983+01:00","Action":"output","Package":"github.com/JohnnyPBelo/relayloom/native/app","Test":"TestGroupEventQueuedFences/close","Output":"=== RUN   TestGroupEventQueuedFences/close\n"}
{"Time":"2026-09-14T01:29:45.96425047+01:00","Action":"output","Package":"github.com/JohnnyPBelo/relayloom/native/app","Test":"TestGroupEventQueuedFences/close","Output":"--- PASS: TestGroupEventQueuedFences/close (8.33s)\n"}
{"Time":"2026-09-14T01:29:45.964291256+01:00","Action":"pass","Package":"github.com/JohnnyPBelo/relayloom/native/app","Test":"TestGroupEventQueuedFences/close","Elapsed":8.33}
{"Time":"2026-09-14T01:29:45.96430384+01:00","Action":"run","Package":"github.com/JohnnyPBelo/relayloom/native/app","Test":"TestGroupEventQueuedFences/evicted"}
{"Time":"2026-09-14T01:29:45.964307987+01:00","Action":"output","Package":"github.com/JohnnyPBelo/relayloom/native/app","Test":"TestGroupEventQueuedFences/evicted","Output":"=== RUN   TestGroupEventQueuedFences/evicted\n"}
{"Time":"2026-09-14T01:29:53.902146366+01:00","Action":"output","Package":"github.com/JohnnyPBelo/relayloom/native/app","Test":"TestGroupEventQueuedFences/evicted","Output":"--- PASS: TestGroupEventQueuedFences/evicted (7.94s)\n"}
{"Time":"2026-09-14T01:29:53.902188495+01:00","Action":"pass","Package":"github.com/JohnnyPBelo/relayloom/native/app","Test":"TestGroupEventQueuedFences/evicted","Elapsed":7.94}
{"Time":"2026-09-14T01:29:53.90248473+01:00","Action":"run","Package":"github.com/JohnnyPBelo/relayloom/native/app","Test":"TestGroupEventQueuedFences/block"}
{"Time":"2026-09-14T01:29:53.902490701+01:00","Action":"output","Package":"github.com/JohnnyPBelo/relayloom/native/app","Test":"TestGroupEventQueuedFences/block","Output":"=== RUN   TestGroupEventQueuedFences/block\n"}
{"Time":"2026-09-14T01:30:00.814726686+01:00","Action":"output","Package":"github.com/JohnnyPBelo/relayloom/native/app","Test":"TestGroupEventQueuedFences/block","Output":"--- PASS: TestGroupEventQueuedFences/block (6.91s)\n"}
{"Time":"2026-09-14T01:30:00.814772112+01:00","Action":"pass","Package":"github.com/JohnnyPBelo/relayloom/native/app","Test":"TestGroupEventQueuedFences/block","Elapsed":6.91}
{"Time":"2026-09-14T01:30:00.814781569+01:00","Action":"run","Package":"github.com/JohnnyPBelo/relayloom/native/app","Test":"TestGroupEventQueuedFences/lock"}
{"Time":"2026-09-14T01:30:00.814786348+01:00","Action":"output","Package":"github.com/JohnnyPBelo/relayloom/native/app","Test":"TestGroupEventQueuedFences/lock","Output":"=== RUN   TestGroupEventQueuedFences/lock\n"}
{"Time":"2026-09-14T01:30:07.660156669+01:00","Action":"output","Package":"github.com/JohnnyPBelo/relayloom/native/app","Test":"TestGroupEventQueuedFences/lock","Output":"--- PASS: TestGroupEventQueuedFences/lock (6.85s)\n"}
{"Time":"2026-09-14T01:30:07.660204328+01:00","Action":"pass","Package":"github.com/JohnnyPBelo/relayloom/native/app","Test":"TestGroupEventQueuedFences/lock","Elapsed":6.85}
{"Time":"2026-09-14T01:30:07.660213436+01:00","Action":"output","Package":"github.com/JohnnyPBelo/relayloom/native/app","Test":"TestGroupEventQueuedFences","Output":"--- PASS: TestGroupEventQueuedFences (36.90s)\n"}
{"Time":"2026-09-14T01:30:07.660217373+01:00","Action":"pass","Package":"github.com/JohnnyPBelo/relayloom/native/app","Test":"TestGroupEventQueuedFences","Elapsed":36.9}
{"Time":"2026-09-14T01:30:07.660250355+01:00","Action":"run","Package":"github.com/JohnnyPBelo/relayloom/native/app","Test":"TestGroupEventMissingTargetProofBlocksPublicationAndSeed"}
{"Time":"2026-09-14T01:30:07.660253941+01:00","Action":"output","Package":"github.com/JohnnyPBelo/relayloom/native/app","Test":"TestGroupEventMissingTargetProofBlocksPublicationAndSeed","Output":"=== RUN   TestGroupEventMissingTargetProofBlocksPublicationAndSeed\n"}
{"Time":"2026-09-14T01:30:22.815101392+01:00","Action":"output","Package":"github.com/JohnnyPBelo/relayloom/native/app","Test":"TestGroupEventMissingTargetProofBlocksPublicationAndSeed","Output":"--- PASS: TestGroupEventMissingTargetProofBlocksPublicationAndSeed (15.15s)\n"}
{"Time":"2026-09-14T01:30:22.815155453+01:00","Action":"pass","Package":"github.com/JohnnyPBelo/relayloom/native/app","Test":"TestGroupEventMissingTargetProofBlocksPublicationAndSeed","Elapsed":15.15}
{"Time":"2026-09-14T01:30:22.815397186+01:00","Action":"run","Package":"github.com/JohnnyPBelo/relayloom/native/app","Test":"TestGroupEventRealIndexFailureRecoversOriginalBytesAfterRestart"}
{"Time":"2026-09-14T01:30:22.815403919+01:00","Action":"output","Package":"github.com/JohnnyPBelo/relayloom/native/app","Test":"TestGroupEventRealIndexFailureRecoversOriginalBytesAfterRestart","Output":"=== RUN   TestGroupEventRealIndexFailureRecoversOriginalBytesAfterRestart\n"}
{"Time":"2026-09-14T01:30:30.643753337+01:00","Action":"output","Package":"github.com/JohnnyPBelo/relayloom/native/app","Test":"TestGroupEventRealIndexFailureRecoversOriginalBytesAfterRestart","Output":"--- PASS: TestGroupEventRealIndexFailureRecoversOriginalBytesAfterRestart (7.83s)\n"}
{"Time":"2026-09-14T01:30:30.643822697+01:00","Action":"pass","Package":"github.com/JohnnyPBelo/relayloom/native/app","Test":"TestGroupEventRealIndexFailureRecoversOriginalBytesAfterRestart","Elapsed":7.83}
{"Time":"2026-09-14T01:30:30.64384034+01:00","Action":"run","Package":"github.com/JohnnyPBelo/relayloom/native/app","Test":"TestGroupEventCorruptionReconcilesWithoutMessageOutbox"}
{"Time":"2026-09-14T01:30:30.64384571+01:00","Action":"output","Package":"github.com/JohnnyPBelo/relayloom/native/app","Test":"TestGroupEventCorruptionReconcilesWithoutMessageOutbox","Output":"=== RUN   TestGroupEventCorruptionReconcilesWithoutMessageOutbox\n"}
{"Time":"2026-09-14T01:30:41.468261439+01:00","Action":"output","Package":"github.com/JohnnyPBelo/relayloom/native/app","Test":"TestGroupEventCorruptionReconcilesWithoutMessageOutbox","Output":"--- PASS: TestGroupEventCorruptionReconcilesWithoutMessageOutbox (10.82s)\n"}
{"Time":"2026-09-14T01:30:41.469320555+01:00","Action":"pass","Package":"github.com/JohnnyPBelo/relayloom/native/app","Test":"TestGroupEventCorruptionReconcilesWithoutMessageOutbox","Elapsed":10.82}
{"Time":"2026-09-14T01:30:41.469366641+01:00","Action":"run","Package":"github.com/JohnnyPBelo/relayloom/native/app","Test":"TestNoticeCancellationRecoversStaleStateOutsideRouterLock"}
{"Time":"2026-09-14T01:30:41.469372833+01:00","Action":"output","Package":"github.com/JohnnyPBelo/relayloom/native/app","Test":"TestNoticeCancellationRecoversStaleStateOutsideRouterLock","Output":"=== RUN   TestNoticeCancellationRecoversStaleStateOutsideRouterLock\n"}
{"Time":"2026-09-14T01:30:42.699801023+01:00","Action":"output","Package":"github.com/JohnnyPBelo/relayloom/native/app","Test":"TestNoticeCancellationRecoversStaleStateOutsideRouterLock","Output":"--- PASS: TestNoticeCancellationRecoversStaleStateOutsideRouterLock (1.23s)\n"}
{"Time":"2026-09-14T01:30:42.699838563+01:00","Action":"pass","Package":"github.com/JohnnyPBelo/relayloom/native/app","Test":"TestNoticeCancellationRecoversStaleStateOutsideRouterLock","Elapsed":1.23}
{"Time":"2026-09-14T01:30:42.69984745+01:00","Action":"run","Package":"github.com/JohnnyPBelo/relayloom/native/app","Test":"TestGroupOutboxProcessExitFixture"}
{"Time":"2026-09-14T01:30:42.69985319+01:00","Action":"output","Package":"github.com/JohnnyPBelo/relayloom/native/app","Test":"TestGroupOutboxProcessExitFixture","Output":"=== RUN   TestGroupOutboxProcessExitFixture\n"}
{"Time":"2026-09-14T01:30:42.699891412+01:00","Action":"output","Package":"github.com/JohnnyPBelo/relayloom/native/app","Test":"TestGroupOutboxProcessExitFixture","Output":"    group_outbox_process_test.go:18: requires the cross-runtime process fixture\n"}
{"Time":"2026-09-14T01:30:42.699914265+01:00","Action":"output","Package":"github.com/JohnnyPBelo/relayloom/native/app","Test":"TestGroupOutboxProcessExitFixture","Output":"--- SKIP: TestGroupOutboxProcessExitFixture (0.00s)\n"}
{"Time":"2026-09-14T01:30:42.699921458+01:00","Action":"skip","Package":"github.com/JohnnyPBelo/relayloom/native/app","Test":"TestGroupOutboxProcessExitFixture","Elapsed":0}
{"Time":"2026-09-14T01:30:42.699935224+01:00","Action":"run","Package":"github.com/JohnnyPBelo/relayloom/native/app","Test":"TestGroupOutboxMissingSnapshotPausesWithoutLosingAvailability"}
{"Time":"2026-09-14T01:30:42.69993827+01:00","Action":"output","Package":"github.com/JohnnyPBelo/relayloom/native/app","Test":"TestGroupOutboxMissingSnapshotPausesWithoutLosingAvailability","Output":"=== RUN   TestGroupOutboxMissingSnapshotPausesWithoutLosingAvailability\n"}
{"Time":"2026-09-14T01:30:51.683072134+01:00","Action":"output","Package":"github.com/JohnnyPBelo/relayloom/native/app","Test":"TestGroupOutboxMissingSnapshotPausesWithoutLosingAvailability","Output":"--- PASS: TestGroupOutboxMissingSnapshotPausesWithoutLosingAvailability (8.98s)\n"}
{"Time":"2026-09-14T01:30:51.683127518+01:00","Action":"pass","Package":"github.com/JohnnyPBelo/relayloom/native/app","Test":"TestGroupOutboxMissingSnapshotPausesWithoutLosingAvailability","Elapsed":8.98}
{"Time":"2026-09-14T01:30:51.683138218+01:00","Action":"run","Package":"github.com/JohnnyPBelo/relayloom/native/app","Test":"TestGroupOutboxMinimalStopAndManualPinSurviveReopen"}
{"Time":"2026-09-14T01:30:51.683141975+01:00","Action":"output","Package":"github.com/JohnnyPBelo/relayloom/native/app","Test":"TestGroupOutboxMinimalStopAndManualPinSurviveReopen","Output":"=== RUN   TestGroupOutboxMinimalStopAndManualPinSurviveReopen\n"}
{"Time":"2026-09-14T01:30:59.583613946+01:00","Action":"output","Package":"github.com/JohnnyPBelo/relayloom/native/app","Test":"TestGroupOutboxMinimalStopAndManualPinSurviveReopen","Output":"--- PASS: TestGroupOutboxMinimalStopAndManualPinSurviveReopen (7.90s)\n"}
{"Time":"2026-09-14T01:30:59.583654492+01:00","Action":"pass","Package":"github.com/JohnnyPBelo/relayloom/native/app","Test":"TestGroupOutboxMinimalStopAndManualPinSurviveReopen","Elapsed":7.9}
{"Time":"2026-09-14T01:30:59.58366428+01:00","Action":"run","Package":"github.com/JohnnyPBelo/relayloom/native/app","Test":"TestGroupOutboxStopAndAuthorityShareFailureBoundary"}
{"Time":"2026-09-14T01:30:59.583667646+01:00","Action":"output","Package":"github.com/JohnnyPBelo/relayloom/native/app","Test":"TestGroupOutboxStopAndAuthorityShareFailureBoundary","Output":"=== RUN   TestGroupOutboxStopAndAuthorityShareFailureBoundary\n"}
{"Time":"2026-09-14T01:30:59.583672275+01:00","Action":"run","Package":"github.com/JohnnyPBelo/relayloom/native/app","Test":"TestGroupOutboxStopAndAuthorityShareFailureBoundary/rollback"}
{"Time":"2026-09-14T01:30:59.58367478+01:00","Action":"output","Package":"github.com/JohnnyPBelo/relayloom/native/app","Test":"TestGroupOutboxStopAndAuthorityShareFailureBoundary/rollback","Output":"=== RUN   TestGroupOutboxStopAndAuthorityShareFailureBoundary/rollback\n"}
{"Time":"2026-09-14T01:31:04.659512887+01:00","Action":"output","Package":"github.com/JohnnyPBelo/relayloom/native/app","Test":"TestGroupOutboxStopAndAuthorityShareFailureBoundary/rollback","Output":"--- PASS: TestGroupOutboxStopAndAuthorityShareFailureBoundary/rollback (5.08s)\n"}
{"Time":"2026-09-14T01:31:04.659550969+01:00","Action":"pass","Package":"github.com/JohnnyPBelo/relayloom/native/app","Test":"TestGroupOutboxStopAndAuthorityShareFailureBoundary/rollback","Elapsed":5.08}
{"Time":"2026-09-14T01:31:04.659560747+01:00","Action":"run","Package":"github.com/JohnnyPBelo/relayloom/native/app","Test":"TestGroupOutboxStopAndAuthorityShareFailureBoundary/lost-commit-response"}
{"Time":"2026-09-14T01:31:04.659563682+01:00","Action":"output","Package":"github.com/JohnnyPBelo/relayloom/native/app","Test":"TestGroupOutboxStopAndAuthorityShareFailureBoundary/lost-commit-response","Output":"=== RUN   TestGroupOutboxStopAndAuthorityShareFailureBoundary/lost-commit-response\n"}
{"Time":"2026-09-14T01:31:08.399455916+01:00","Action":"output","Package":"github.com/JohnnyPBelo/relayloom/native/app","Test":"TestGroupOutboxStopAndAuthorityShareFailureBoundary/lost-commit-response","Output":"--- PASS: TestGroupOutboxStopAndAuthorityShareFailureBoundary/lost-commit-response (3.74s)\n"}
{"Time":"2026-09-14T01:31:08.399502613+01:00","Action":"pass","Package":"github.com/JohnnyPBelo/relayloom/native/app","Test":"TestGroupOutboxStopAndAuthorityShareFailureBoundary/lost-commit-response","Elapsed":3.74}
{"Time":"2026-09-14T01:31:08.399519295+01:00","Action":"output","Package":"github.com/JohnnyPBelo/relayloom/native/app","Test":"TestGroupOutboxStopAndAuthorityShareFailureBoundary","Output":"--- PASS: TestGroupOutboxStopAndAuthorityShareFailureBoundary (8.82s)\n"}
{"Time":"2026-09-14T01:31:08.399540775+01:00","Action":"pass","Package":"github.com/JohnnyPBelo/relayloom/native/app","Test":"TestGroupOutboxStopAndAuthorityShareFailureBoundary","Elapsed":8.82}
{"Time":"2026-09-14T01:31:08.399567886+01:00","Action":"run","Package":"github.com/JohnnyPBelo/relayloom/native/app","Test":"TestGroupOutboxStopCommitsWithFullNormalQuota"}
{"Time":"2026-09-14T01:31:08.399571983+01:00","Action":"output","Package":"github.com/JohnnyPBelo/relayloom/native/app","Test":"TestGroupOutboxStopCommitsWithFullNormalQuota","Output":"=== RUN   TestGroupOutboxStopCommitsWithFullNormalQuota\n"}
{"Time":"2026-09-14T01:31:25.204910255+01:00","Action":"output","Package":"github.com/JohnnyPBelo/relayloom/native/app","Test":"TestGroupOutboxStopCommitsWithFullNormalQuota","Output":"--- PASS: TestGroupOutboxStopCommitsWithFullNormalQuota (16.81s)\n"}
{"Time":"2026-09-14T01:31:25.204958164+01:00","Action":"pass","Package":"github.com/JohnnyPBelo/relayloom/native/app","Test":"TestGroupOutboxStopCommitsWithFullNormalQuota","Elapsed":16.81}
{"Time":"2026-09-14T01:31:25.204971249+01:00","Action":"run","Package":"github.com/JohnnyPBelo/relayloom/native/app","Test":"TestGroupOutboxRejectsForgedMirrorBindingAndOrphan"}
{"Time":"2026-09-14T01:31:25.204975597+01:00","Action":"output","Package":"github.com/JohnnyPBelo/relayloom/native/app","Test":"TestGroupOutboxRejectsForgedMirrorBindingAndOrphan","Output":"=== RUN   TestGroupOutboxRejectsForgedMirrorBindingAndOrphan\n"}
{"Time":"2026-09-14T01:31:25.204980366+01:00","Action":"run","Package":"github.com/JohnnyPBelo/relayloom/native/app","Test":"TestGroupOutboxRejectsForgedMirrorBindingAndOrphan/mirror"}
{"Time":"2026-09-14T01:31:25.204997288+01:00","Action":"output","Package":"github.com/JohnnyPBelo/relayloom/native/app","Test":"TestGroupOutboxRejectsForgedMirrorBindingAndOrphan/mirror","Output":"=== RUN   TestGroupOutboxRejectsForgedMirrorBindingAndOrphan/mirror\n"}
{"Time":"2026-09-14T01:31:28.802745036+01:00","Action":"output","Package":"github.com/JohnnyPBelo/relayloom/native/app","Test":"TestGroupOutboxRejectsForgedMirrorBindingAndOrphan/mirror","Output":"--- PASS: TestGroupOutboxRejectsForgedMirrorBindingAndOrphan/mirror (3.60s)\n"}
{"Time":"2026-09-14T01:31:28.802791964+01:00","Action":"pass","Package":"github.com/JohnnyPBelo/relayloom/native/app","Test":"TestGroupOutboxRejectsForgedMirrorBindingAndOrphan/mirror","Elapsed":3.6}
{"Time":"2026-09-14T01:31:28.802803595+01:00","Action":"run","Package":"github.com/JohnnyPBelo/relayloom/native/app","Test":"TestGroupOutboxRejectsForgedMirrorBindingAndOrphan/binding"}
{"Time":"2026-09-14T01:31:28.802807964+01:00","Action":"output","Package":"github.com/JohnnyPBelo/relayloom/native/app","Test":"TestGroupOutboxRejectsForgedMirrorBindingAndOrphan/binding","Output":"=== RUN   TestGroupOutboxRejectsForgedMirrorBindingAndOrphan/binding\n"}
{"Time":"2026-09-14T01:31:33.623978367+01:00","Action":"output","Package":"github.com/JohnnyPBelo/relayloom/native/app","Test":"TestGroupOutboxRejectsForgedMirrorBindingAndOrphan/binding","Output":"--- PASS: TestGroupOutboxRejectsForgedMirrorBindingAndOrphan/binding (4.82s)\n"}
{"Time":"2026-09-14T01:31:33.624016348+01:00","Action":"pass","Package":"github.com/JohnnyPBelo/relayloom/native/app","Test":"TestGroupOutboxRejectsForgedMirrorBindingAndOrphan/binding","Elapsed":4.82}
{"Time":"2026-09-14T01:31:33.624028611+01:00","Action":"run","Package":"github.com/JohnnyPBelo/relayloom/native/app","Test":"TestGroupOutboxRejectsForgedMirrorBindingAndOrphan/orphan"}
{"Time":"2026-09-14T01:31:33.624032959+01:00","Action":"output","Package":"github.com/JohnnyPBelo/relayloom/native/app","Test":"TestGroupOutboxRejectsForgedMirrorBindingAndOrphan/orphan","Output":"=== RUN   TestGroupOutboxRejectsForgedMirrorBindingAndOrphan/orphan\n"}
{"Time":"2026-09-14T01:31:38.126286477+01:00","Action":"output","Package":"github.com/JohnnyPBelo/relayloom/native/app","Test":"TestGroupOutboxRejectsForgedMirrorBindingAndOrphan/orphan","Output":"--- PASS: TestGroupOutboxRejectsForgedMirrorBindingAndOrphan/orphan (4.50s)\n"}
{"Time":"2026-09-14T01:31:38.12632524+01:00","Action":"pass","Package":"github.com/JohnnyPBelo/relayloom/native/app","Test":"TestGroupOutboxRejectsForgedMirrorBindingAndOrphan/orphan","Elapsed":4.5}
{"Time":"2026-09-14T01:31:38.126335289+01:00","Action":"output","Package":"github.com/JohnnyPBelo/relayloom/native/app","Test":"TestGroupOutboxRejectsForgedMirrorBindingAndOrphan","Output":"--- PASS: TestGroupOutboxRejectsForgedMirrorBindingAndOrphan (12.92s)\n"}
{"Time":"2026-09-14T01:31:38.126338645+01:00","Action":"pass","Package":"github.com/JohnnyPBelo/relayloom/native/app","Test":"TestGroupOutboxRejectsForgedMirrorBindingAndOrphan","Elapsed":12.92}
{"Time":"2026-09-14T01:31:38.12635214+01:00","Action":"run","Package":"github.com/JohnnyPBelo/relayloom/native/app","Test":"TestGroupOutboxBoundedMirrorSchema"}
{"Time":"2026-09-14T01:31:38.126355908+01:00","Action":"output","Package":"github.com/JohnnyPBelo/relayloom/native/app","Test":"TestGroupOutboxBoundedMirrorSchema","Output":"=== RUN   TestGroupOutboxBoundedMirrorSchema\n"}
{"Time":"2026-09-14T01:31:41.225135204+01:00","Action":"output","Package":"github.com/JohnnyPBelo/relayloom/native/app","Test":"TestGroupOutboxBoundedMirrorSchema","Output":"--- PASS: TestGroupOutboxBoundedMirrorSchema (3.10s)\n"}
{"Time":"2026-09-14T01:31:41.225174597+01:00","Action":"pass","Package":"github.com/JohnnyPBelo/relayloom/native/app","Test":"TestGroupOutboxBoundedMirrorSchema","Elapsed":3.1}
{"Time":"2026-09-14T01:31:41.225189105+01:00","Action":"run","Package":"github.com/JohnnyPBelo/relayloom/native/app","Test":"TestGroupOutboxRestrictivePrefixWithInvalidTail"}
{"Time":"2026-09-14T01:31:41.225192932+01:00","Action":"output","Package":"github.com/JohnnyPBelo/relayloom/native/app","Test":"TestGroupOutboxRestrictivePrefixWithInvalidTail","Output":"=== RUN   TestGroupOutboxRestrictivePrefixWithInvalidTail\n"}
{"Time":"2026-09-14T01:31:44.864421612+01:00","Action":"output","Package":"github.com/JohnnyPBelo/relayloom/native/app","Test":"TestGroupOutboxRestrictivePrefixWithInvalidTail","Output":"--- PASS: TestGroupOutboxRestrictivePrefixWithInvalidTail (3.64s)\n"}
{"Time":"2026-09-14T01:31:44.864460054+01:00","Action":"pass","Package":"github.com/JohnnyPBelo/relayloom/native/app","Test":"TestGroupOutboxRestrictivePrefixWithInvalidTail","Elapsed":3.64}
{"Time":"2026-09-14T01:31:44.864470965+01:00","Action":"run","Package":"github.com/JohnnyPBelo/relayloom/native/app","Test":"TestGroupOutboxStopCancelsActualLocalTransportQueue"}
{"Time":"2026-09-14T01:31:44.8644737+01:00","Action":"output","Package":"github.com/JohnnyPBelo/relayloom/native/app","Test":"TestGroupOutboxStopCancelsActualLocalTransportQueue","Output":"=== RUN   TestGroupOutboxStopCancelsActualLocalTransportQueue\n"}
{"Time":"2026-09-14T01:31:44.864477276+01:00","Action":"run","Package":"github.com/JohnnyPBelo/relayloom/native/app","Test":"TestGroupOutboxStopCancelsActualLocalTransportQueue/stop"}
{"Time":"2026-09-14T01:31:44.864479691+01:00","Action":"output","Package":"github.com/JohnnyPBelo/relayloom/native/app","Test":"TestGroupOutboxStopCancelsActualLocalTransportQueue/stop","Output":"=== RUN   TestGroupOutboxStopCancelsActualLocalTransportQueue/stop\n"}
{"Time":"2026-09-14T01:31:48.683244662+01:00","Action":"output","Package":"github.com/JohnnyPBelo/relayloom/native/app","Test":"TestGroupOutboxStopCancelsActualLocalTransportQueue/stop","Output":"--- PASS: TestGroupOutboxStopCancelsActualLocalTransportQueue/stop (3.82s)\n"}
{"Time":"2026-09-14T01:31:48.683284296+01:00","Action":"pass","Package":"github.com/JohnnyPBelo/relayloom/native/app","Test":"TestGroupOutboxStopCancelsActualLocalTransportQueue/stop","Elapsed":3.82}
{"Time":"2026-09-14T01:31:48.683294165+01:00","Action":"run","Package":"github.com/JohnnyPBelo/relayloom/native/app","Test":"TestGroupOutboxStopCancelsActualLocalTransportQueue/negative-control-delivers"}
{"Time":"2026-09-14T01:31:48.683297451+01:00","Action":"output","Package":"github.com/JohnnyPBelo/relayloom/native/app","Test":"TestGroupOutboxStopCancelsActualLocalTransportQueue/negative-control-delivers","Output":"=== RUN   TestGroupOutboxStopCancelsActualLocalTransportQueue/negative-control-delivers\n"}
{"Time":"2026-09-14T01:31:51.760924349+01:00","Action":"output","Package":"github.com/JohnnyPBelo/relayloom/native/app","Test":"TestGroupOutboxStopCancelsActualLocalTransportQueue/negative-control-delivers","Output":"--- PASS: TestGroupOutboxStopCancelsActualLocalTransportQueue/negative-control-delivers (3.08s)\n"}
{"Time":"2026-09-14T01:31:51.76099461+01:00","Action":"pass","Package":"github.com/JohnnyPBelo/relayloom/native/app","Test":"TestGroupOutboxStopCancelsActualLocalTransportQueue/negative-control-delivers","Elapsed":3.08}
{"Time":"2026-09-14T01:31:51.761012023+01:00","Action":"output","Package":"github.com/JohnnyPBelo/relayloom/native/app","Test":"TestGroupOutboxStopCancelsActualLocalTransportQueue","Output":"--- PASS: TestGroupOutboxStopCancelsActualLocalTransportQueue (6.90s)\n"}
{"Time":"2026-09-14T01:31:51.761016051+01:00","Action":"pass","Package":"github.com/JohnnyPBelo/relayloom/native/app","Test":"TestGroupOutboxStopCancelsActualLocalTransportQueue","Elapsed":6.9}
{"Time":"2026-09-14T01:31:51.76102105+01:00","Action":"run","Package":"github.com/JohnnyPBelo/relayloom/native/app","Test":"TestGroupOutboxServeChecksCompletedAuthorAuthority"}
{"Time":"2026-09-14T01:31:51.761024166+01:00","Action":"output","Package":"github.com/JohnnyPBelo/relayloom/native/app","Test":"TestGroupOutboxServeChecksCompletedAuthorAuthority","Output":"=== RUN   TestGroupOutboxServeChecksCompletedAuthorAuthority\n"}
{"Time":"2026-09-14T01:31:51.761039164+01:00","Action":"run","Package":"github.com/JohnnyPBelo/relayloom/native/app","Test":"TestGroupOutboxServeChecksCompletedAuthorAuthority/active"}
{"Time":"2026-09-14T01:31:51.76104225+01:00","Action":"output","Package":"github.com/JohnnyPBelo/relayloom/native/app","Test":"TestGroupOutboxServeChecksCompletedAuthorAuthority/active","Output":"=== RUN   TestGroupOutboxServeChecksCompletedAuthorAuthority/active\n"}
{"Time":"2026-09-14T01:32:03.033438203+01:00","Action":"output","Package":"github.com/JohnnyPBelo/relayloom/native/app","Test":"TestGroupOutboxServeChecksCompletedAuthorAuthority/active","Output":"--- PASS: TestGroupOutboxServeChecksCompletedAuthorAuthority/active (11.27s)\n"}
{"Time":"2026-09-14T01:32:03.033475222+01:00","Action":"pass","Package":"github.com/JohnnyPBelo/relayloom/native/app","Test":"TestGroupOutboxServeChecksCompletedAuthorAuthority/active","Elapsed":11.27}
{"Time":"2026-09-14T01:32:03.033488557+01:00","Action":"run","Package":"github.com/JohnnyPBelo/relayloom/native/app","Test":"TestGroupOutboxServeChecksCompletedAuthorAuthority/closed"}
{"Time":"2026-09-14T01:32:03.033493426+01:00","Action":"output","Package":"github.com/JohnnyPBelo/relayloom/native/app","Test":"TestGroupOutboxServeChecksCompletedAuthorAuthority/closed","Output":"=== RUN   TestGroupOutboxServeChecksCompletedAuthorAuthority/closed\n"}
{"Time":"2026-09-14T01:32:15.210497963+01:00","Action":"output","Package":"github.com/JohnnyPBelo/relayloom/native/app","Test":"TestGroupOutboxServeChecksCompletedAuthorAuthority/closed","Output":"--- PASS: TestGroupOutboxServeChecksCompletedAuthorAuthority/closed (12.18s)\n"}
{"Time":"2026-09-14T01:32:15.210539831+01:00","Action":"pass","Package":"github.com/JohnnyPBelo/relayloom/native/app","Test":"TestGroupOutboxServeChecksCompletedAuthorAuthority/closed","Elapsed":12.18}
{"Time":"2026-09-14T01:32:15.210547886+01:00","Action":"run","Package":"github.com/JohnnyPBelo/relayloom/native/app","Test":"TestGroupOutboxServeChecksCompletedAuthorAuthority/locked"}
{"Time":"2026-09-14T01:32:15.210551834+01:00","Action":"output","Package":"github.com/JohnnyPBelo/relayloom/native/app","Test":"TestGroupOutboxServeChecksCompletedAuthorAuthority/locked","Output":"=== RUN   TestGroupOutboxServeChecksCompletedAuthorAuthority/locked\n"}
{"Time":"2026-09-14T01:32:18.682287813+01:00","Action":"output","Package":"github.com/JohnnyPBelo/relayloom/native/app","Test":"TestGroupOutboxServeChecksCompletedAuthorAuthority/locked","Output":"--- PASS: TestGroupOutboxServeChecksCompletedAuthorAuthority/locked (3.47s)\n"}
{"Time":"2026-09-14T01:32:18.682326345+01:00","Action":"pass","Package":"github.com/JohnnyPBelo/relayloom/native/app","Test":"TestGroupOutboxServeChecksCompletedAuthorAuthority/locked","Elapsed":3.47}
{"Time":"2026-09-14T01:32:18.682335352+01:00","Action":"output","Package":"github.com/JohnnyPBelo/relayloom/native/app","Test":"TestGroupOutboxServeChecksCompletedAuthorAuthority","Output":"--- PASS: TestGroupOutboxServeChecksCompletedAuthorAuthority (26.92s)\n"}
{"Time":"2026-09-14T01:32:18.682340392+01:00","Action":"pass","Package":"github.com/JohnnyPBelo/relayloom/native/app","Test":"TestGroupOutboxServeChecksCompletedAuthorAuthority","Elapsed":26.92}
{"Time":"2026-09-14T01:32:18.682358325+01:00","Action":"run","Package":"github.com/JohnnyPBelo/relayloom/native/app","Test":"TestGroupSendProcessExitFixture"}
{"Time":"2026-09-14T01:32:18.682361431+01:00","Action":"output","Package":"github.com/JohnnyPBelo/relayloom/native/app","Test":"TestGroupSendProcessExitFixture","Output":"=== RUN   TestGroupSendProcessExitFixture\n"}
{"Time":"2026-09-14T01:32:18.682416034+01:00","Action":"output","Package":"github.com/JohnnyPBelo/relayloom/native/app","Test":"TestGroupSendProcessExitFixture","Output":"    group_send_process_test.go:24: requires cross-engine group send driver\n"}
{"Time":"2026-09-14T01:32:18.682433697+01:00","Action":"output","Package":"github.com/JohnnyPBelo/relayloom/native/app","Test":"TestGroupSendProcessExitFixture","Output":"--- SKIP: TestGroupSendProcessExitFixture (0.00s)\n"}
{"Time":"2026-09-14T01:32:18.682447262+01:00","Action":"skip","Package":"github.com/JohnnyPBelo/relayloom/native/app","Test":"TestGroupSendProcessExitFixture","Elapsed":0}
{"Time":"2026-09-14T01:32:18.68245121+01:00","Action":"run","Package":"github.com/JohnnyPBelo/relayloom/native/app","Test":"TestGroupSendLegacyPreviewRecovery"}
{"Time":"2026-09-14T01:32:18.682454486+01:00","Action":"output","Package":"github.com/JohnnyPBelo/relayloom/native/app","Test":"TestGroupSendLegacyPreviewRecovery","Output":"=== RUN   TestGroupSendLegacyPreviewRecovery\n"}
{"Time":"2026-09-14T01:32:26.222958696+01:00","Action":"output","Package":"github.com/JohnnyPBelo/relayloom/native/app","Test":"TestGroupSendLegacyPreviewRecovery","Output":"--- PASS: TestGroupSendLegacyPreviewRecovery (7.54s)\n"}
{"Time":"2026-09-14T01:32:26.222997078+01:00","Action":"pass","Package":"github.com/JohnnyPBelo/relayloom/native/app","Test":"TestGroupSendLegacyPreviewRecovery","Elapsed":7.54}
{"Time":"2026-09-14T01:32:26.223215989+01:00","Action":"run","Package":"github.com/JohnnyPBelo/relayloom/native/app","Test":"TestGroupSendCommitFailures"}
{"Time":"2026-09-14T01:32:26.223225136+01:00","Action":"output","Package":"github.com/JohnnyPBelo/relayloom/native/app","Test":"TestGroupSendCommitFailures","Output":"=== RUN   TestGroupSendCommitFailures\n"}
{"Time":"2026-09-14T01:32:26.223235946+01:00","Action":"run","Package":"github.com/JohnnyPBelo/relayloom/native/app","Test":"TestGroupSendCommitFailures/preparing-rollback"}
{"Time":"2026-09-14T01:32:26.223239312+01:00","Action":"output","Package":"github.com/JohnnyPBelo/relayloom/native/app","Test":"TestGroupSendCommitFailures/preparing-rollback","Output":"=== RUN   TestGroupSendCommitFailures/preparing-rollback\n"}
{"Time":"2026-09-14T01:32:34.214044397+01:00","Action":"output","Package":"github.com/JohnnyPBelo/relayloom/native/app","Test":"TestGroupSendCommitFailures/preparing-rollback","Output":"--- PASS: TestGroupSendCommitFailures/preparing-rollback (7.99s)\n"}
{"Time":"2026-09-14T01:32:34.214095664+01:00","Action":"pass","Package":"github.com/JohnnyPBelo/relayloom/native/app","Test":"TestGroupSendCommitFailures/preparing-rollback","Elapsed":7.99}
{"Time":"2026-09-14T01:32:34.214108608+01:00","Action":"run","Package":"github.com/JohnnyPBelo/relayloom/native/app","Test":"TestGroupSendCommitFailures/preparing-lost-response"}
{"Time":"2026-09-14T01:32:34.214112525+01:00","Action":"output","Package":"github.com/JohnnyPBelo/relayloom/native/app","Test":"TestGroupSendCommitFailures/preparing-lost-response","Output":"=== RUN   TestGroupSendCommitFailures/preparing-lost-response\n"}
{"Time":"2026-09-14T01:32:41.892969361+01:00","Action":"output","Package":"github.com/JohnnyPBelo/relayloom/native/app","Test":"TestGroupSendCommitFailures/preparing-lost-response","Output":"--- PASS: TestGroupSendCommitFailures/preparing-lost-response (7.68s)\n"}
{"Time":"2026-09-14T01:32:41.893008094+01:00","Action":"pass","Package":"github.com/JohnnyPBelo/relayloom/native/app","Test":"TestGroupSendCommitFailures/preparing-lost-response","Elapsed":7.68}
{"Time":"2026-09-14T01:32:41.893018704+01:00","Action":"run","Package":"github.com/JohnnyPBelo/relayloom/native/app","Test":"TestGroupSendCommitFailures/ready-rollback"}
{"Time":"2026-09-14T01:32:41.893023292+01:00","Action":"output","Package":"github.com/JohnnyPBelo/relayloom/native/app","Test":"TestGroupSendCommitFailures/ready-rollback","Output":"=== RUN   TestGroupSendCommitFailures/ready-rollback\n"}
{"Time":"2026-09-14T01:32:50.051308595+01:00","Action":"output","Package":"github.com/JohnnyPBelo/relayloom/native/app","Test":"TestGroupSendCommitFailures/ready-rollback","Output":"--- PASS: TestGroupSendCommitFailures/ready-rollback (8.16s)\n"}
{"Time":"2026-09-14T01:32:50.051356204+01:00","Action":"pass","Package":"github.com/JohnnyPBelo/relayloom/native/app","Test":"TestGroupSendCommitFailures/ready-rollback","Elapsed":8.16}
{"Time":"2026-09-14T01:32:50.051365161+01:00","Action":"run","Package":"github.com/JohnnyPBelo/relayloom/native/app","Test":"TestGroupSendCommitFailures/ready-lost-response"}
{"Time":"2026-09-14T01:32:50.051368577+01:00","Action":"output","Package":"github.com/JohnnyPBelo/relayloom/native/app","Test":"TestGroupSendCommitFailures/ready-lost-response","Output":"=== RUN   TestGroupSendCommitFailures/ready-lost-response\n"}
{"Time":"2026-09-14T01:32:57.746234859+01:00","Action":"output","Package":"github.com/JohnnyPBelo/relayloom/native/app","Test":"TestGroupSendCommitFailures/ready-lost-response","Output":"--- PASS: TestGroupSendCommitFailures/ready-lost-response (7.69s)\n"}
{"Time":"2026-09-14T01:32:57.74627263+01:00","Action":"pass","Package":"github.com/JohnnyPBelo/relayloom/native/app","Test":"TestGroupSendCommitFailures/ready-lost-response","Elapsed":7.69}
{"Time":"2026-09-14T01:32:57.74628342+01:00","Action":"output","Package":"github.com/JohnnyPBelo/relayloom/native/app","Test":"TestGroupSendCommitFailures","Output":"--- PASS: TestGroupSendCommitFailures (31.52s)\n"}
{"Time":"2026-09-14T01:32:57.746294421+01:00","Action":"pass","Package":"github.com/JohnnyPBelo/relayloom/native/app","Test":"TestGroupSendCommitFailures","Elapsed":31.52}
{"Time":"2026-09-14T01:32:57.746298579+01:00","Action":"run","Package":"github.com/JohnnyPBelo/relayloom/native/app","Test":"TestGroupSendContentIndexFailure"}
{"Time":"2026-09-14T01:32:57.746302416+01:00","Action":"output","Package":"github.com/JohnnyPBelo/relayloom/native/app","Test":"TestGroupSendContentIndexFailure","Output":"=== RUN   TestGroupSendContentIndexFailure\n"}
{"Time":"2026-09-14T01:33:06.613759639+01:00","Action":"output","Package":"github.com/JohnnyPBelo/relayloom/native/app","Test":"TestGroupSendContentIndexFailure","Output":"--- PASS: TestGroupSendContentIndexFailure (8.87s)\n"}
{"Time":"2026-09-14T01:33:06.613795827+01:00","Action":"pass","Package":"github.com/JohnnyPBelo/relayloom/native/app","Test":"TestGroupSendContentIndexFailure","Elapsed":8.87}
{"Time":"2026-09-14T01:33:06.613806517+01:00","Action":"run","Package":"github.com/JohnnyPBelo/relayloom/native/app","Test":"TestGroupControlResponsesRespectProducerQuota"}
{"Time":"2026-09-14T01:33:06.613809132+01:00","Action":"output","Package":"github.com/JohnnyPBelo/relayloom/native/app","Test":"TestGroupControlResponsesRespectProducerQuota","Output":"=== RUN   TestGroupControlResponsesRespectProducerQuota\n"}
{"Time":"2026-09-14T01:33:35.917414793+01:00","Action":"output","Package":"github.com/JohnnyPBelo/relayloom/native/app","Test":"TestGroupControlResponsesRespectProducerQuota","Output":"--- PASS: TestGroupControlResponsesRespectProducerQuota (29.30s)\n"}
{"Time":"2026-09-14T01:33:35.917450851+01:00","Action":"pass","Package":"github.com/JohnnyPBelo/relayloom/native/app","Test":"TestGroupControlResponsesRespectProducerQuota","Elapsed":29.3}
{"Time":"2026-09-14T01:33:35.917459427+01:00","Action":"run","Package":"github.com/JohnnyPBelo/relayloom/native/app","Test":"TestGroupControlUnknownGroupCannotEnrol"}
{"Time":"2026-09-14T01:33:35.917462713+01:00","Action":"output","Package":"github.com/JohnnyPBelo/relayloom/native/app","Test":"TestGroupControlUnknownGroupCannotEnrol","Output":"=== RUN   TestGroupControlUnknownGroupCannotEnrol\n"}
{"Time":"2026-09-14T01:33:36.956792194+01:00","Action":"output","Package":"github.com/JohnnyPBelo/relayloom/native/app","Test":"TestGroupControlUnknownGroupCannotEnrol","Output":"--- PASS: TestGroupControlUnknownGroupCannotEnrol (1.04s)\n"}
{"Time":"2026-09-14T01:33:36.956844111+01:00","Action":"pass","Package":"github.com/JohnnyPBelo/relayloom/native/app","Test":"TestGroupControlUnknownGroupCannotEnrol","Elapsed":1.04}
{"Time":"2026-09-14T01:33:36.956852346+01:00","Action":"run","Package":"github.com/JohnnyPBelo/relayloom/native/app","Test":"TestGroupControlFailedIndexWritesConsumeOutputBudget"}
{"Time":"2026-09-14T01:33:36.956855232+01:00","Action":"output","Package":"github.com/JohnnyPBelo/relayloom/native/app","Test":"TestGroupControlFailedIndexWritesConsumeOutputBudget","Output":"=== RUN   TestGroupControlFailedIndexWritesConsumeOutputBudget\n"}
{"Time":"2026-09-14T01:33:44.290770339+01:00","Action":"output","Package":"github.com/JohnnyPBelo/relayloom/native/app","Test":"TestGroupControlFailedIndexWritesConsumeOutputBudget","Output":"--- PASS: TestGroupControlFailedIndexWritesConsumeOutputBudget (7.33s)\n"}
{"Time":"2026-09-14T01:33:44.290807659+01:00","Action":"pass","Package":"github.com/JohnnyPBelo/relayloom/native/app","Test":"TestGroupControlFailedIndexWritesConsumeOutputBudget","Elapsed":7.33}
{"Time":"2026-09-14T01:33:44.290816676+01:00","Action":"run","Package":"github.com/JohnnyPBelo/relayloom/native/app","Test":"TestGroupControlInvalidSnapshotStillCommitsVerifiedRemovalHeader"}
{"Time":"2026-09-14T01:33:44.290819872+01:00","Action":"output","Package":"github.com/JohnnyPBelo/relayloom/native/app","Test":"TestGroupControlInvalidSnapshotStillCommitsVerifiedRemovalHeader","Output":"=== RUN   TestGroupControlInvalidSnapshotStillCommitsVerifiedRemovalHeader\n"}
{"Time":"2026-09-14T01:33:50.195940184+01:00","Action":"output","Package":"github.com/JohnnyPBelo/relayloom/native/app","Test":"TestGroupControlInvalidSnapshotStillCommitsVerifiedRemovalHeader","Output":"--- PASS: TestGroupControlInvalidSnapshotStillCommitsVerifiedRemovalHeader (5.91s)\n"}
{"Time":"2026-09-14T01:33:50.195987683+01:00","Action":"pass","Package":"github.com/JohnnyPBelo/relayloom/native/app","Test":"TestGroupControlInvalidSnapshotStillCommitsVerifiedRemovalHeader","Elapsed":5.91}
{"Time":"2026-09-14T01:33:50.195998954+01:00","Action":"run","Package":"github.com/JohnnyPBelo/relayloom/native/app","Test":"TestRequestTrackingBoundSurvivesCapacityErrors"}
{"Time":"2026-09-14T01:33:50.196002341+01:00","Action":"output","Package":"github.com/JohnnyPBelo/relayloom/native/app","Test":"TestRequestTrackingBoundSurvivesCapacityErrors","Output":"=== RUN   TestRequestTrackingBoundSurvivesCapacityErrors\n"}
{"Time":"2026-09-14T01:33:51.986111361+01:00","Action":"output","Package":"github.com/JohnnyPBelo/relayloom/native/app","Test":"TestRequestTrackingBoundSurvivesCapacityErrors","Output":"--- PASS: TestRequestTrackingBoundSurvivesCapacityErrors (1.79s)\n"}
{"Time":"2026-09-14T01:33:51.986150074+01:00","Action":"pass","Package":"github.com/JohnnyPBelo/relayloom/native/app","Test":"TestRequestTrackingBoundSurvivesCapacityErrors","Elapsed":1.79}
{"Time":"2026-09-14T01:33:51.986158139+01:00","Action":"run","Package":"github.com/JohnnyPBelo/relayloom/native/app","Test":"TestIncomingDeletionJournalsBeforeOriginalEvictionAndRestart"}
{"Time":"2026-09-14T01:33:51.986160934+01:00","Action":"output","Package":"github.com/JohnnyPBelo/relayloom/native/app","Test":"TestIncomingDeletionJournalsBeforeOriginalEvictionAndRestart","Output":"=== RUN   TestIncomingDeletionJournalsBeforeOriginalEvictionAndRestart\n"}
{"Time":"2026-09-14T01:33:53.559045954+01:00","Action":"output","Package":"github.com/JohnnyPBelo/relayloom/native/app","Test":"TestIncomingDeletionJournalsBeforeOriginalEvictionAndRestart","Output":"--- PASS: TestIncomingDeletionJournalsBeforeOriginalEvictionAndRestart (1.57s)\n"}
{"Time":"2026-09-14T01:33:53.559088163+01:00","Action":"pass","Package":"github.com/JohnnyPBelo/relayloom/native/app","Test":"TestIncomingDeletionJournalsBeforeOriginalEvictionAndRestart","Elapsed":1.57}
{"Time":"2026-09-14T01:33:53.559099454+01:00","Action":"run","Package":"github.com/JohnnyPBelo/relayloom/native/app","Test":"TestIncomingMutationRequiresAuthorAndMatchingReaderScope"}
{"Time":"2026-09-14T01:33:53.559103652+01:00","Action":"output","Package":"github.com/JohnnyPBelo/relayloom/native/app","Test":"TestIncomingMutationRequiresAuthorAndMatchingReaderScope","Output":"=== RUN   TestIncomingMutationRequiresAuthorAndMatchingReaderScope\n"}
{"Time":"2026-09-14T01:33:54.336089837+01:00","Action":"output","Package":"github.com/JohnnyPBelo/relayloom/native/app","Test":"TestIncomingMutationRequiresAuthorAndMatchingReaderScope","Output":"--- PASS: TestIncomingMutationRequiresAuthorAndMatchingReaderScope (0.78s)\n"}
{"Time":"2026-09-14T01:33:54.336127998+01:00","Action":"pass","Package":"github.com/JohnnyPBelo/relayloom/native/app","Test":"TestIncomingMutationRequiresAuthorAndMatchingReaderScope","Elapsed":0.78}
{"Time":"2026-09-14T01:33:54.336139169+01:00","Action":"run","Package":"github.com/JohnnyPBelo/relayloom/native/app","Test":"TestLockedReceivedDeleteIsDeferredUntilAuthenticatedMaterialization"}
{"Time":"2026-09-14T01:33:54.336142215+01:00","Action":"output","Package":"github.com/JohnnyPBelo/relayloom/native/app","Test":"TestLockedReceivedDeleteIsDeferredUntilAuthenticatedMaterialization","Output":"=== RUN   TestLockedReceivedDeleteIsDeferredUntilAuthenticatedMaterialization\n"}
{"Time":"2026-09-14T01:33:55.6316488+01:00","Action":"output","Package":"github.com/JohnnyPBelo/relayloom/native/app","Test":"TestLockedReceivedDeleteIsDeferredUntilAuthenticatedMaterialization","Output":"--- PASS: TestLockedReceivedDeleteIsDeferredUntilAuthenticatedMaterialization (1.30s)\n"}
{"Time":"2026-09-14T01:33:55.631687102+01:00","Action":"pass","Package":"github.com/JohnnyPBelo/relayloom/native/app","Test":"TestLockedReceivedDeleteIsDeferredUntilAuthenticatedMaterialization","Elapsed":1.3}
{"Time":"2026-09-14T01:33:55.631698934+01:00","Action":"run","Package":"github.com/JohnnyPBelo/relayloom/native/app","Test":"TestHistoryPagesBoundCountAndBytesAndKeepIDCursorStable"}
{"Time":"2026-09-14T01:33:55.631703021+01:00","Action":"output","Package":"github.com/JohnnyPBelo/relayloom/native/app","Test":"TestHistoryPagesBoundCountAndBytesAndKeepIDCursorStable","Output":"=== RUN   TestHistoryPagesBoundCountAndBytesAndKeepIDCursorStable\n"}
{"Time":"2026-09-14T01:33:58.859162589+01:00","Action":"output","Package":"github.com/JohnnyPBelo/relayloom/native/app","Test":"TestHistoryPagesBoundCountAndBytesAndKeepIDCursorStable","Output":"--- PASS: TestHistoryPagesBoundCountAndBytesAndKeepIDCursorStable (3.23s)\n"}
{"Time":"2026-09-14T01:33:58.859224786+01:00","Action":"pass","Package":"github.com/JohnnyPBelo/relayloom/native/app","Test":"TestHistoryPagesBoundCountAndBytesAndKeepIDCursorStable","Elapsed":3.23}
{"Time":"2026-09-14T01:33:58.859240355+01:00","Action":"run","Package":"github.com/JohnnyPBelo/relayloom/native/app","Test":"TestLargeEncryptedStoreServesBoundedHistoryAndExactOnDemandAttachment"}
{"Time":"2026-09-14T01:33:58.859245404+01:00","Action":"output","Package":"github.com/JohnnyPBelo/relayloom/native/app","Test":"TestLargeEncryptedStoreServesBoundedHistoryAndExactOnDemandAttachment","Output":"=== RUN   TestLargeEncryptedStoreServesBoundedHistoryAndExactOnDemandAttachment\n"}
{"Time":"2026-09-14T01:34:29.010056925+01:00","Action":"output","Package":"github.com/JohnnyPBelo/relayloom/native/app","Test":"TestLargeEncryptedStoreServesBoundedHistoryAndExactOnDemandAttachment","Output":"    history_test.go:368: encrypted store=37595070 bytes; authorized aggregate payload=27963260 bytes; state=68581 bytes\n"}
{"Time":"2026-09-14T01:34:29.285439477+01:00","Action":"output","Package":"github.com/JohnnyPBelo/relayloom/native/app","Test":"TestLargeEncryptedStoreServesBoundedHistoryAndExactOnDemandAttachment","Output":"    history_test.go:373: initial state=2.153975271s; repeated state with verified summary cache=275.331537ms\n"}
{"Time":"2026-09-14T01:34:37.821804189+01:00","Action":"output","Package":"github.com/JohnnyPBelo/relayloom/native/app","Test":"TestLargeEncryptedStoreServesBoundedHistoryAndExactOnDemandAttachment","Output":"--- PASS: TestLargeEncryptedStoreServesBoundedHistoryAndExactOnDemandAttachment (38.96s)\n"}
{"Time":"2026-09-14T01:34:37.821853852+01:00","Action":"pass","Package":"github.com/JohnnyPBelo/relayloom/native/app","Test":"TestLargeEncryptedStoreServesBoundedHistoryAndExactOnDemandAttachment","Elapsed":38.96}
{"Time":"2026-09-14T01:34:37.821865203+01:00","Action":"run","Package":"github.com/JohnnyPBelo/relayloom/native/app","Test":"TestAttachmentEndpointRejectsUnauthorizedForgedAndCorruptedObjects"}
{"Time":"2026-09-14T01:34:37.821870603+01:00","Action":"output","Package":"github.com/JohnnyPBelo/relayloom/native/app","Test":"TestAttachmentEndpointRejectsUnauthorizedForgedAndCorruptedObjects","Output":"=== RUN   TestAttachmentEndpointRejectsUnauthorizedForgedAndCorruptedObjects\n"}
{"Time":"2026-09-14T01:34:38.552422239+01:00","Action":"output","Package":"github.com/JohnnyPBelo/relayloom/native/app","Test":"TestAttachmentEndpointRejectsUnauthorizedForgedAndCorruptedObjects","Output":"--- PASS: TestAttachmentEndpointRejectsUnauthorizedForgedAndCorruptedObjects (0.73s)\n"}
{"Time":"2026-09-14T01:34:38.552460501+01:00","Action":"pass","Package":"github.com/JohnnyPBelo/relayloom/native/app","Test":"TestAttachmentEndpointRejectsUnauthorizedForgedAndCorruptedObjects","Elapsed":0.73}
{"Time":"2026-09-14T01:34:38.552471842+01:00","Action":"run","Package":"github.com/JohnnyPBelo/relayloom/native/app","Test":"TestSummaryProjectionDropsNestedExtensionsAndRejectsInvalidTypedFields"}
{"Time":"2026-09-14T01:34:38.552475889+01:00","Action":"output","Package":"github.com/JohnnyPBelo/relayloom/native/app","Test":"TestSummaryProjectionDropsNestedExtensionsAndRejectsInvalidTypedFields","Output":"=== RUN   TestSummaryProjectionDropsNestedExtensionsAndRejectsInvalidTypedFields\n"}
{"Time":"2026-09-14T01:34:43.526460493+01:00","Action":"output","Package":"github.com/JohnnyPBelo/relayloom/native/app","Test":"TestSummaryProjectionDropsNestedExtensionsAndRejectsInvalidTypedFields","Output":"--- PASS: TestSummaryProjectionDropsNestedExtensionsAndRejectsInvalidTypedFields (4.97s)\n"}
{"Time":"2026-09-14T01:34:43.526502341+01:00","Action":"pass","Package":"github.com/JohnnyPBelo/relayloom/native/app","Test":"TestSummaryProjectionDropsNestedExtensionsAndRejectsInvalidTypedFields","Elapsed":4.97}
{"Time":"2026-09-14T01:34:43.526510797+01:00","Action":"run","Package":"github.com/JohnnyPBelo/relayloom/native/app","Test":"TestSummaryCacheReusesMetadataButInvalidatesTamperEvictionAndLock"}
{"Time":"2026-09-14T01:34:43.526521016+01:00","Action":"output","Package":"github.com/JohnnyPBelo/relayloom/native/app","Test":"TestSummaryCacheReusesMetadataButInvalidatesTamperEvictionAndLock","Output":"=== RUN   TestSummaryCacheReusesMetadataButInvalidatesTamperEvictionAndLock\n"}
{"Time":"2026-09-14T01:34:44.75416746+01:00","Action":"output","Package":"github.com/JohnnyPBelo/relayloom/native/app","Test":"TestSummaryCacheReusesMetadataButInvalidatesTamperEvictionAndLock","Output":"--- PASS: TestSummaryCacheReusesMetadataButInvalidatesTamperEvictionAndLock (1.23s)\n"}
{"Time":"2026-09-14T01:34:44.754207275+01:00","Action":"pass","Package":"github.com/JohnnyPBelo/relayloom/native/app","Test":"TestSummaryCacheReusesMetadataButInvalidatesTamperEvictionAndLock","Elapsed":1.23}
{"Time":"2026-09-14T01:34:44.754224357+01:00","Action":"run","Package":"github.com/JohnnyPBelo/relayloom/native/app","Test":"TestSummaryCacheCountAndByteBudgets"}
{"Time":"2026-09-14T01:34:44.754228926+01:00","Action":"output","Package":"github.com/JohnnyPBelo/relayloom/native/app","Test":"TestSummaryCacheCountAndByteBudgets","Output":"=== RUN   TestSummaryCacheCountAndByteBudgets\n"}
{"Time":"2026-09-14T01:34:47.449697107+01:00","Action":"output","Package":"github.com/JohnnyPBelo/relayloom/native/app","Test":"TestSummaryCacheCountAndByteBudgets","Output":"--- PASS: TestSummaryCacheCountAndByteBudgets (2.70s)\n"}
{"Time":"2026-09-14T01:34:47.449738875+01:00","Action":"pass","Package":"github.com/JohnnyPBelo/relayloom/native/app","Test":"TestSummaryCacheCountAndByteBudgets","Elapsed":2.7}
{"Time":"2026-09-14T01:34:47.449749806+01:00","Action":"run","Package":"github.com/JohnnyPBelo/relayloom/native/app","Test":"TestOutboxOfflineRestartRelayDisabledAndRecipientTCP"}
{"Time":"2026-09-14T01:34:47.449753172+01:00","Action":"output","Package":"github.com/JohnnyPBelo/relayloom/native/app","Test":"TestOutboxOfflineRestartRelayDisabledAndRecipientTCP","Output":"=== RUN   TestOutboxOfflineRestartRelayDisabledAndRecipientTCP\n"}
{"Time":"2026-09-14T01:34:52.81230687+01:00","Action":"output","Package":"github.com/JohnnyPBelo/relayloom/native/app","Test":"TestOutboxOfflineRestartRelayDisabledAndRecipientTCP","Output":"--- PASS: TestOutboxOfflineRestartRelayDisabledAndRecipientTCP (5.36s)\n"}
{"Time":"2026-09-14T01:34:52.812349049+01:00","Action":"pass","Package":"github.com/JohnnyPBelo/relayloom/native/app","Test":"TestOutboxOfflineRestartRelayDisabledAndRecipientTCP","Elapsed":5.36}
{"Time":"2026-09-14T01:34:52.812361553+01:00","Action":"run","Package":"github.com/JohnnyPBelo/relayloom/native/app","Test":"TestOutboxIdempotencyAndValidation"}
{"Time":"2026-09-14T01:34:52.812366813+01:00","Action":"output","Package":"github.com/JohnnyPBelo/relayloom/native/app","Test":"TestOutboxIdempotencyAndValidation","Output":"=== RUN   TestOutboxIdempotencyAndValidation\n"}
{"Time":"2026-09-14T01:34:53.589123167+01:00","Action":"output","Package":"github.com/JohnnyPBelo/relayloom/native/app","Test":"TestOutboxIdempotencyAndValidation","Output":"--- PASS: TestOutboxIdempotencyAndValidation (0.78s)\n"}
{"Time":"2026-09-14T01:34:53.589165005+01:00","Action":"pass","Package":"github.com/JohnnyPBelo/relayloom/native/app","Test":"TestOutboxIdempotencyAndValidation","Elapsed":0.78}
{"Time":"2026-09-14T01:34:53.589175334+01:00","Action":"run","Package":"github.com/JohnnyPBelo/relayloom/native/app","Test":"TestOutboxPreparingRecoveryMissingCorruptAndExpired"}
{"Time":"2026-09-14T01:34:53.58917825+01:00","Action":"output","Package":"github.com/JohnnyPBelo/relayloom/native/app","Test":"TestOutboxPreparingRecoveryMissingCorruptAndExpired","Output":"=== RUN   TestOutboxPreparingRecoveryMissingCorruptAndExpired\n"}
{"Time":"2026-09-14T01:34:53.58918346+01:00","Action":"run","Package":"github.com/JohnnyPBelo/relayloom/native/app","Test":"TestOutboxPreparingRecoveryMissingCorruptAndExpired/ready-boundary"}
{"Time":"2026-09-14T01:34:53.589186996+01:00","Action":"output","Package":"github.com/JohnnyPBelo/relayloom/native/app","Test":"TestOutboxPreparingRecoveryMissingCorruptAndExpired/ready-boundary","Output":"=== RUN   TestOutboxPreparingRecoveryMissingCorruptAndExpired/ready-boundary\n"}
{"Time":"2026-09-14T01:34:54.988141735+01:00","Action":"output","Package":"github.com/JohnnyPBelo/relayloom/native/app","Test":"TestOutboxPreparingRecoveryMissingCorruptAndExpired/ready-boundary","Output":"--- PASS: TestOutboxPreparingRecoveryMissingCorruptAndExpired/ready-boundary (1.40s)\n"}
{"Time":"2026-09-14T01:34:54.988184435+01:00","Action":"pass","Package":"github.com/JohnnyPBelo/relayloom/native/app","Test":"TestOutboxPreparingRecoveryMissingCorruptAndExpired/ready-boundary","Elapsed":1.4}
{"Time":"2026-09-14T01:34:54.988195456+01:00","Action":"run","Package":"github.com/JohnnyPBelo/relayloom/native/app","Test":"TestOutboxPreparingRecoveryMissingCorruptAndExpired/missing-boundary"}
{"Time":"2026-09-14T01:34:54.988198892+01:00","Action":"output","Package":"github.com/JohnnyPBelo/relayloom/native/app","Test":"TestOutboxPreparingRecoveryMissingCorruptAndExpired/missing-boundary","Output":"=== RUN   TestOutboxPreparingRecoveryMissingCorruptAndExpired/missing-boundary\n"}
{"Time":"2026-09-14T01:34:56.361931583+01:00","Action":"output","Package":"github.com/JohnnyPBelo/relayloom/native/app","Test":"TestOutboxPreparingRecoveryMissingCorruptAndExpired/missing-boundary","Output":"--- PASS: TestOutboxPreparingRecoveryMissingCorruptAndExpired/missing-boundary (1.37s)\n"}
{"Time":"2026-09-14T01:34:56.361976537+01:00","Action":"pass","Package":"github.com/JohnnyPBelo/relayloom/native/app","Test":"TestOutboxPreparingRecoveryMissingCorruptAndExpired/missing-boundary","Elapsed":1.37}
{"Time":"2026-09-14T01:34:56.361989782+01:00","Action":"run","Package":"github.com/JohnnyPBelo/relayloom/native/app","Test":"TestOutboxPreparingRecoveryMissingCorruptAndExpired/corrupt"}
{"Time":"2026-09-14T01:34:56.361993238+01:00","Action":"output","Package":"github.com/JohnnyPBelo/relayloom/native/app","Test":"TestOutboxPreparingRecoveryMissingCorruptAndExpired/corrupt","Output":"=== RUN   TestOutboxPreparingRecoveryMissingCorruptAndExpired/corrupt\n"}
{"Time":"2026-09-14T01:34:57.684767076+01:00","Action":"output","Package":"github.com/JohnnyPBelo/relayloom/native/app","Test":"TestOutboxPreparingRecoveryMissingCorruptAndExpired/corrupt","Output":"--- PASS: TestOutboxPreparingRecoveryMissingCorruptAndExpired/corrupt (1.32s)\n"}
{"Time":"2026-09-14T01:34:57.68480679+01:00","Action":"pass","Package":"github.com/JohnnyPBelo/relayloom/native/app","Test":"TestOutboxPreparingRecoveryMissingCorruptAndExpired/corrupt","Elapsed":1.32}
{"Time":"2026-09-14T01:34:57.684817981+01:00","Action":"run","Package":"github.com/JohnnyPBelo/relayloom/native/app","Test":"TestOutboxPreparingRecoveryMissingCorruptAndExpired/expired"}
{"Time":"2026-09-14T01:34:57.684821598+01:00","Action":"output","Package":"github.com/JohnnyPBelo/relayloom/native/app","Test":"TestOutboxPreparingRecoveryMissingCorruptAndExpired/expired","Output":"=== RUN   TestOutboxPreparingRecoveryMissingCorruptAndExpired/expired\n"}
{"Time":"2026-09-14T01:35:00.093456458+01:00","Action":"output","Package":"github.com/JohnnyPBelo/relayloom/native/app","Test":"TestOutboxPreparingRecoveryMissingCorruptAndExpired/expired","Output":"--- PASS: TestOutboxPreparingRecoveryMissingCorruptAndExpired/expired (2.41s)\n"}
{"Time":"2026-09-14T01:35:00.093501232+01:00","Action":"pass","Package":"github.com/JohnnyPBelo/relayloom/native/app","Test":"TestOutboxPreparingRecoveryMissingCorruptAndExpired/expired","Elapsed":2.41}
{"Time":"2026-09-14T01:35:00.093512864+01:00","Action":"output","Package":"github.com/JohnnyPBelo/relayloom/native/app","Test":"TestOutboxPreparingRecoveryMissingCorruptAndExpired","Output":"--- PASS: TestOutboxPreparingRecoveryMissingCorruptAndExpired (6.50s)\n"}
{"Time":"2026-09-14T01:35:00.093516601+01:00","Action":"pass","Package":"github.com/JohnnyPBelo/relayloom/native/app","Test":"TestOutboxPreparingRecoveryMissingCorruptAndExpired","Elapsed":6.5}
{"Time":"2026-09-14T01:35:00.093530587+01:00","Action":"run","Package":"github.com/JohnnyPBelo/relayloom/native/app","Test":"TestOutboxStorageAndJournalFailureBoundaries"}
{"Time":"2026-09-14T01:35:00.093534785+01:00","Action":"output","Package":"github.com/JohnnyPBelo/relayloom/native/app","Test":"TestOutboxStorageAndJournalFailureBoundaries","Output":"=== RUN   TestOutboxStorageAndJournalFailureBoundaries\n"}
{"Time":"2026-09-14T01:35:03.056692856+01:00","Action":"output","Package":"github.com/JohnnyPBelo/relayloom/native/app","Test":"TestOutboxStorageAndJournalFailureBoundaries","Output":"--- PASS: TestOutboxStorageAndJournalFailureBoundaries (2.96s)\n"}
{"Time":"2026-09-14T01:35:03.056729735+01:00","Action":"pass","Package":"github.com/JohnnyPBelo/relayloom/native/app","Test":"TestOutboxStorageAndJournalFailureBoundaries","Elapsed":2.96}
{"Time":"2026-09-14T01:35:03.056740565+01:00","Action":"run","Package":"github.com/JohnnyPBelo/relayloom/native/app","Test":"TestOutboxConfirmationsPerMemberACLReplayAndHistory"}
{"Time":"2026-09-14T01:35:03.056744653+01:00","Action":"output","Package":"github.com/JohnnyPBelo/relayloom/native/app","Test":"TestOutboxConfirmationsPerMemberACLReplayAndHistory","Output":"=== RUN   TestOutboxConfirmationsPerMemberACLReplayAndHistory\n"}
{"Time":"2026-09-14T01:35:08.089367146+01:00","Action":"output","Package":"github.com/JohnnyPBelo/relayloom/native/app","Test":"TestOutboxConfirmationsPerMemberACLReplayAndHistory","Output":"--- PASS: TestOutboxConfirmationsPerMemberACLReplayAndHistory (5.03s)\n"}
{"Time":"2026-09-14T01:35:08.089405908+01:00","Action":"pass","Package":"github.com/JohnnyPBelo/relayloom/native/app","Test":"TestOutboxConfirmationsPerMemberACLReplayAndHistory","Elapsed":5.03}
{"Time":"2026-09-14T01:35:08.089414665+01:00","Action":"run","Package":"github.com/JohnnyPBelo/relayloom/native/app","Test":"TestOutboxBlockedGroupViewAndManualPin"}
{"Time":"2026-09-14T01:35:08.089418031+01:00","Action":"output","Package":"github.com/JohnnyPBelo/relayloom/native/app","Test":"TestOutboxBlockedGroupViewAndManualPin","Output":"=== RUN   TestOutboxBlockedGroupViewAndManualPin\n"}
{"Time":"2026-09-14T01:35:09.960320922+01:00","Action":"output","Package":"github.com/JohnnyPBelo/relayloom/native/app","Test":"TestOutboxBlockedGroupViewAndManualPin","Output":"--- PASS: TestOutboxBlockedGroupViewAndManualPin (1.87s)\n"}
{"Time":"2026-09-14T01:35:09.960361007+01:00","Action":"pass","Package":"github.com/JohnnyPBelo/relayloom/native/app","Test":"TestOutboxBlockedGroupViewAndManualPin","Elapsed":1.87}
{"Time":"2026-09-14T01:35:09.960372258+01:00","Action":"run","Package":"github.com/JohnnyPBelo/relayloom/native/app","Test":"TestOutboxAttemptFailureAndRetryPolicy"}
{"Time":"2026-09-14T01:35:09.960375524+01:00","Action":"output","Package":"github.com/JohnnyPBelo/relayloom/native/app","Test":"TestOutboxAttemptFailureAndRetryPolicy","Output":"=== RUN   TestOutboxAttemptFailureAndRetryPolicy\n"}
{"Time":"2026-09-14T01:35:10.789139627+01:00","Action":"output","Package":"github.com/JohnnyPBelo/relayloom/native/app","Test":"TestOutboxAttemptFailureAndRetryPolicy","Output":"--- PASS: TestOutboxAttemptFailureAndRetryPolicy (0.83s)\n"}
{"Time":"2026-09-14T01:35:10.789176757+01:00","Action":"pass","Package":"github.com/JohnnyPBelo/relayloom/native/app","Test":"TestOutboxAttemptFailureAndRetryPolicy","Elapsed":0.83}
{"Time":"2026-09-14T01:35:10.789187307+01:00","Action":"run","Package":"github.com/JohnnyPBelo/relayloom/native/app","Test":"TestOutboxAutomaticDeliveryBoundAndEvictionReissue"}
{"Time":"2026-09-14T01:35:10.789190603+01:00","Action":"output","Package":"github.com/JohnnyPBelo/relayloom/native/app","Test":"TestOutboxAutomaticDeliveryBoundAndEvictionReissue","Output":"=== RUN   TestOutboxAutomaticDeliveryBoundAndEvictionReissue\n"}
{"Time":"2026-09-14T01:35:13.469453085+01:00","Action":"output","Package":"github.com/JohnnyPBelo/relayloom/native/app","Test":"TestOutboxAutomaticDeliveryBoundAndEvictionReissue","Output":"--- PASS: TestOutboxAutomaticDeliveryBoundAndEvictionReissue (2.68s)\n"}
{"Time":"2026-09-14T01:35:13.469499853+01:00","Action":"pass","Package":"github.com/JohnnyPBelo/relayloom/native/app","Test":"TestOutboxAutomaticDeliveryBoundAndEvictionReissue","Elapsed":2.68}
{"Time":"2026-09-14T01:35:13.469513128+01:00","Action":"run","Package":"github.com/JohnnyPBelo/relayloom/native/app","Test":"TestOutboxRestoredSchemaBoundsAndPendingAdmission"}
{"Time":"2026-09-14T01:35:13.469517255+01:00","Action":"output","Package":"github.com/JohnnyPBelo/relayloom/native/app","Test":"TestOutboxRestoredSchemaBoundsAndPendingAdmission","Output":"=== RUN   TestOutboxRestoredSchemaBoundsAndPendingAdmission\n"}
{"Time":"2026-09-14T01:35:19.773657486+01:00","Action":"output","Package":"github.com/JohnnyPBelo/relayloom/native/app","Test":"TestOutboxRestoredSchemaBoundsAndPendingAdmission","Output":"--- PASS: TestOutboxRestoredSchemaBoundsAndPendingAdmission (6.30s)\n"}
{"Time":"2026-09-14T01:35:19.773700637+01:00","Action":"pass","Package":"github.com/JohnnyPBelo/relayloom/native/app","Test":"TestOutboxRestoredSchemaBoundsAndPendingAdmission","Elapsed":6.3}
{"Time":"2026-09-14T01:35:19.773713041+01:00","Action":"run","Package":"github.com/JohnnyPBelo/relayloom/native/app","Test":"TestOutboxTerminalMetadataEvictsOldestOnly"}
{"Time":"2026-09-14T01:35:19.773717659+01:00","Action":"output","Package":"github.com/JohnnyPBelo/relayloom/native/app","Test":"TestOutboxTerminalMetadataEvictsOldestOnly","Output":"=== RUN   TestOutboxTerminalMetadataEvictsOldestOnly\n"}
{"Time":"2026-09-14T01:35:21.374820784+01:00","Action":"output","Package":"github.com/JohnnyPBelo/relayloom/native/app","Test":"TestOutboxTerminalMetadataEvictsOldestOnly","Output":"--- PASS: TestOutboxTerminalMetadataEvictsOldestOnly (1.60s)\n"}
{"Time":"2026-09-14T01:35:21.374858134+01:00","Action":"pass","Package":"github.com/JohnnyPBelo/relayloom/native/app","Test":"TestOutboxTerminalMetadataEvictsOldestOnly","Elapsed":1.6}
{"Time":"2026-09-14T01:35:21.374866881+01:00","Action":"run","Package":"github.com/JohnnyPBelo/relayloom/native/app","Test":"TestOutboxReadSurvivesAdmissionEvictingOriginal"}
{"Time":"2026-09-14T01:35:21.374870187+01:00","Action":"output","Package":"github.com/JohnnyPBelo/relayloom/native/app","Test":"TestOutboxReadSurvivesAdmissionEvictingOriginal","Output":"=== RUN   TestOutboxReadSurvivesAdmissionEvictingOriginal\n"}
{"Time":"2026-09-14T01:35:22.249454077+01:00","Action":"output","Package":"github.com/JohnnyPBelo/relayloom/native/app","Test":"TestOutboxReadSurvivesAdmissionEvictingOriginal","Output":"--- PASS: TestOutboxReadSurvivesAdmissionEvictingOriginal (0.87s)\n"}
{"Time":"2026-09-14T01:35:22.249495765+01:00","Action":"pass","Package":"github.com/JohnnyPBelo/relayloom/native/app","Test":"TestOutboxReadSurvivesAdmissionEvictingOriginal","Elapsed":0.87}
{"Time":"2026-09-14T01:35:22.249506916+01:00","Action":"run","Package":"github.com/JohnnyPBelo/relayloom/native/app","Test":"TestOutboxByteReserveRejectsAdmissionWithoutEviction"}
{"Time":"2026-09-14T01:35:22.249510253+01:00","Action":"output","Package":"github.com/JohnnyPBelo/relayloom/native/app","Test":"TestOutboxByteReserveRejectsAdmissionWithoutEviction","Output":"=== RUN   TestOutboxByteReserveRejectsAdmissionWithoutEviction\n"}
{"Time":"2026-09-14T01:36:18.682776793+01:00","Action":"output","Package":"github.com/JohnnyPBelo/relayloom/native/app","Test":"TestOutboxByteReserveRejectsAdmissionWithoutEviction","Output":"--- PASS: TestOutboxByteReserveRejectsAdmissionWithoutEviction (56.43s)\n"}
{"Time":"2026-09-14T01:36:18.682822158+01:00","Action":"pass","Package":"github.com/JohnnyPBelo/relayloom/native/app","Test":"TestOutboxByteReserveRejectsAdmissionWithoutEviction","Elapsed":56.43}
{"Time":"2026-09-14T01:36:18.682834922+01:00","Action":"run","Package":"github.com/JohnnyPBelo/relayloom/native/app","Test":"TestOutboxFlushBoundsPriorityAndLockedSuppression"}
{"Time":"2026-09-14T01:36:18.682840563+01:00","Action":"output","Package":"github.com/JohnnyPBelo/relayloom/native/app","Test":"TestOutboxFlushBoundsPriorityAndLockedSuppression","Output":"=== RUN   TestOutboxFlushBoundsPriorityAndLockedSuppression\n"}
{"Time":"2026-09-14T01:36:20.591979301+01:00","Action":"output","Package":"github.com/JohnnyPBelo/relayloom/native/app","Test":"TestOutboxFlushBoundsPriorityAndLockedSuppression","Output":"--- PASS: TestOutboxFlushBoundsPriorityAndLockedSuppression (1.91s)\n"}
{"Time":"2026-09-14T01:36:20.592017162+01:00","Action":"pass","Package":"github.com/JohnnyPBelo/relayloom/native/app","Test":"TestOutboxFlushBoundsPriorityAndLockedSuppression","Elapsed":1.91}
{"Time":"2026-09-14T01:36:20.592028013+01:00","Action":"run","Package":"github.com/JohnnyPBelo/relayloom/native/app","Test":"TestOutboxHistoricalConfirmationSurvivesContentExpiry"}
{"Time":"2026-09-14T01:36:20.592031409+01:00","Action":"output","Package":"github.com/JohnnyPBelo/relayloom/native/app","Test":"TestOutboxHistoricalConfirmationSurvivesContentExpiry","Output":"=== RUN   TestOutboxHistoricalConfirmationSurvivesContentExpiry\n"}
{"Time":"2026-09-14T01:36:23.075916996+01:00","Action":"output","Package":"github.com/JohnnyPBelo/relayloom/native/app","Test":"TestOutboxHistoricalConfirmationSurvivesContentExpiry","Output":"--- PASS: TestOutboxHistoricalConfirmationSurvivesContentExpiry (2.48s)\n"}
{"Time":"2026-09-14T01:36:23.075957492+01:00","Action":"pass","Package":"github.com/JohnnyPBelo/relayloom/native/app","Test":"TestOutboxHistoricalConfirmationSurvivesContentExpiry","Elapsed":2.48}
{"Time":"2026-09-14T01:36:23.075970767+01:00","Action":"run","Package":"github.com/JohnnyPBelo/relayloom/native/app","Test":"TestOutboxAfterWriteErrorRetainsOperation"}
{"Time":"2026-09-14T01:36:23.075977018+01:00","Action":"output","Package":"github.com/JohnnyPBelo/relayloom/native/app","Test":"TestOutboxAfterWriteErrorRetainsOperation","Output":"=== RUN   TestOutboxAfterWriteErrorRetainsOperation\n"}
{"Time":"2026-09-14T01:36:23.075982669+01:00","Action":"run","Package":"github.com/JohnnyPBelo/relayloom/native/app","Test":"TestOutboxAfterWriteErrorRetainsOperation/1"}
{"Time":"2026-09-14T01:36:23.075984713+01:00","Action":"output","Package":"github.com/JohnnyPBelo/relayloom/native/app","Test":"TestOutboxAfterWriteErrorRetainsOperation/1","Output":"=== RUN   TestOutboxAfterWriteErrorRetainsOperation/1\n"}
{"Time":"2026-09-14T01:36:24.408753821+01:00","Action":"output","Package":"github.com/JohnnyPBelo/relayloom/native/app","Test":"TestOutboxAfterWriteErrorRetainsOperation/1","Output":"--- PASS: TestOutboxAfterWriteErrorRetainsOperation/1 (1.33s)\n"}
{"Time":"2026-09-14T01:36:24.408791702+01:00","Action":"pass","Package":"github.com/JohnnyPBelo/relayloom/native/app","Test":"TestOutboxAfterWriteErrorRetainsOperation/1","Elapsed":1.33}
{"Time":"2026-09-14T01:36:24.408800869+01:00","Action":"run","Package":"github.com/JohnnyPBelo/relayloom/native/app","Test":"TestOutboxAfterWriteErrorRetainsOperation/2"}
{"Time":"2026-09-14T01:36:24.408805327+01:00","Action":"output","Package":"github.com/JohnnyPBelo/relayloom/native/app","Test":"TestOutboxAfterWriteErrorRetainsOperation/2","Output":"=== RUN   TestOutboxAfterWriteErrorRetainsOperation/2\n"}
{"Time":"2026-09-14T01:36:25.718973471+01:00","Action":"output","Package":"github.com/JohnnyPBelo/relayloom/native/app","Test":"TestOutboxAfterWriteErrorRetainsOperation/2","Output":"--- PASS: TestOutboxAfterWriteErrorRetainsOperation/2 (1.31s)\n"}
{"Time":"2026-09-14T01:36:25.719013346+01:00","Action":"pass","Package":"github.com/JohnnyPBelo/relayloom/native/app","Test":"TestOutboxAfterWriteErrorRetainsOperation/2","Elapsed":1.31}
{"Time":"2026-09-14T01:36:25.719022763+01:00","Action":"output","Package":"github.com/JohnnyPBelo/relayloom/native/app","Test":"TestOutboxAfterWriteErrorRetainsOperation","Output":"--- PASS: TestOutboxAfterWriteErrorRetainsOperation (2.64s)\n"}
{"Time":"2026-09-14T01:36:25.719026931+01:00","Action":"pass","Package":"github.com/JohnnyPBelo/relayloom/native/app","Test":"TestOutboxAfterWriteErrorRetainsOperation","Elapsed":2.64}
{"Time":"2026-09-14T01:36:25.7190371+01:00","Action":"run","Package":"github.com/JohnnyPBelo/relayloom/native/app","Test":"TestOutboxUnreadableUncertainWriteLocksUntilRecovery"}
{"Time":"2026-09-14T01:36:25.719040436+01:00","Action":"output","Package":"github.com/JohnnyPBelo/relayloom/native/app","Test":"TestOutboxUnreadableUncertainWriteLocksUntilRecovery","Output":"=== RUN   TestOutboxUnreadableUncertainWriteLocksUntilRecovery\n"}
{"Time":"2026-09-14T01:36:26.978685976+01:00","Action":"output","Package":"github.com/JohnnyPBelo/relayloom/native/app","Test":"TestOutboxUnreadableUncertainWriteLocksUntilRecovery","Output":"--- PASS: TestOutboxUnreadableUncertainWriteLocksUntilRecovery (1.26s)\n"}
{"Time":"2026-09-14T01:36:26.978726341+01:00","Action":"pass","Package":"github.com/JohnnyPBelo/relayloom/native/app","Test":"TestOutboxUnreadableUncertainWriteLocksUntilRecovery","Elapsed":1.26}
{"Time":"2026-09-14T01:36:26.978738584+01:00","Action":"run","Package":"github.com/JohnnyPBelo/relayloom/native/app","Test":"TestOutboxWarmStateDoesNotRehydrateReservedAttachment"}
{"Time":"2026-09-14T01:36:26.978743453+01:00","Action":"output","Package":"github.com/JohnnyPBelo/relayloom/native/app","Test":"TestOutboxWarmStateDoesNotRehydrateReservedAttachment","Output":"=== RUN   TestOutboxWarmStateDoesNotRehydrateReservedAttachment\n"}
{"Time":"2026-09-14T01:36:32.929709631+01:00","Action":"output","Package":"github.com/JohnnyPBelo/relayloom/native/app","Test":"TestOutboxWarmStateDoesNotRehydrateReservedAttachment","Output":"--- PASS: TestOutboxWarmStateDoesNotRehydrateReservedAttachment (5.95s)\n"}
{"Time":"2026-09-14T01:36:32.929937338+01:00","Action":"pass","Package":"github.com/JohnnyPBelo/relayloom/native/app","Test":"TestOutboxWarmStateDoesNotRehydrateReservedAttachment","Elapsed":5.95}
{"Time":"2026-09-14T01:36:32.929988785+01:00","Action":"run","Package":"github.com/JohnnyPBelo/relayloom/native/app","Test":"TestOutboxManualRetryCooldownAndOfflineDueCheckpoint"}
{"Time":"2026-09-14T01:36:32.929995287+01:00","Action":"output","Package":"github.com/JohnnyPBelo/relayloom/native/app","Test":"TestOutboxManualRetryCooldownAndOfflineDueCheckpoint","Output":"=== RUN   TestOutboxManualRetryCooldownAndOfflineDueCheckpoint\n"}
{"Time":"2026-09-14T01:36:34.352577004+01:00","Action":"output","Package":"github.com/JohnnyPBelo/relayloom/native/app","Test":"TestOutboxManualRetryCooldownAndOfflineDueCheckpoint","Output":"--- PASS: TestOutboxManualRetryCooldownAndOfflineDueCheckpoint (1.42s)\n"}
{"Time":"2026-09-14T01:36:34.352629522+01:00","Action":"pass","Package":"github.com/JohnnyPBelo/relayloom/native/app","Test":"TestOutboxManualRetryCooldownAndOfflineDueCheckpoint","Elapsed":1.42}
{"Time":"2026-09-14T01:36:34.352640463+01:00","Action":"run","Package":"github.com/JohnnyPBelo/relayloom/native/app","Test":"TestOutboxSnapshotExpiryDuringJournalWriteKeepsReservationConsistent"}
{"Time":"2026-09-14T01:36:34.352643318+01:00","Action":"output","Package":"github.com/JohnnyPBelo/relayloom/native/app","Test":"TestOutboxSnapshotExpiryDuringJournalWriteKeepsReservationConsistent","Output":"=== RUN   TestOutboxSnapshotExpiryDuringJournalWriteKeepsReservationConsistent\n"}
{"Time":"2026-09-14T01:36:34.352656763+01:00","Action":"run","Package":"github.com/JohnnyPBelo/relayloom/native/app","Test":"TestOutboxSnapshotExpiryDuringJournalWriteKeepsReservationConsistent/state"}
{"Time":"2026-09-14T01:36:34.352659689+01:00","Action":"output","Package":"github.com/JohnnyPBelo/relayloom/native/app","Test":"TestOutboxSnapshotExpiryDuringJournalWriteKeepsReservationConsistent/state","Output":"=== RUN   TestOutboxSnapshotExpiryDuringJournalWriteKeepsReservationConsistent/state\n"}
{"Time":"2026-09-14T01:36:38.380883062+01:00","Action":"output","Package":"github.com/JohnnyPBelo/relayloom/native/app","Test":"TestOutboxSnapshotExpiryDuringJournalWriteKeepsReservationConsistent/state","Output":"--- PASS: TestOutboxSnapshotExpiryDuringJournalWriteKeepsReservationConsistent/state (4.03s)\n"}
{"Time":"2026-09-14T01:36:38.380923388+01:00","Action":"pass","Package":"github.com/JohnnyPBelo/relayloom/native/app","Test":"TestOutboxSnapshotExpiryDuringJournalWriteKeepsReservationConsistent/state","Elapsed":4.03}
{"Time":"2026-09-14T01:36:38.380941311+01:00","Action":"run","Package":"github.com/JohnnyPBelo/relayloom/native/app","Test":"TestOutboxSnapshotExpiryDuringJournalWriteKeepsReservationConsistent/send"}
{"Time":"2026-09-14T01:36:38.380944868+01:00","Action":"output","Package":"github.com/JohnnyPBelo/relayloom/native/app","Test":"TestOutboxSnapshotExpiryDuringJournalWriteKeepsReservationConsistent/send","Output":"=== RUN   TestOutboxSnapshotExpiryDuringJournalWriteKeepsReservationConsistent/send\n"}
{"Time":"2026-09-14T01:36:42.115175977+01:00","Action":"output","Package":"github.com/JohnnyPBelo/relayloom/native/app","Test":"TestOutboxSnapshotExpiryDuringJournalWriteKeepsReservationConsistent/send","Output":"--- PASS: TestOutboxSnapshotExpiryDuringJournalWriteKeepsReservationConsistent/send (3.73s)\n"}
{"Time":"2026-09-14T01:36:42.115214049+01:00","Action":"pass","Package":"github.com/JohnnyPBelo/relayloom/native/app","Test":"TestOutboxSnapshotExpiryDuringJournalWriteKeepsReservationConsistent/send","Elapsed":3.73}
{"Time":"2026-09-14T01:36:42.115222364+01:00","Action":"run","Package":"github.com/JohnnyPBelo/relayloom/native/app","Test":"TestOutboxSnapshotExpiryDuringJournalWriteKeepsReservationConsistent/retry"}
{"Time":"2026-09-14T01:36:42.115225841+01:00","Action":"output","Package":"github.com/JohnnyPBelo/relayloom/native/app","Test":"TestOutboxSnapshotExpiryDuringJournalWriteKeepsReservationConsistent/retry","Output":"=== RUN   TestOutboxSnapshotExpiryDuringJournalWriteKeepsReservationConsistent/retry\n"}
{"Time":"2026-09-14T01:36:45.830995607+01:00","Action":"output","Package":"github.com/JohnnyPBelo/relayloom/native/app","Test":"TestOutboxSnapshotExpiryDuringJournalWriteKeepsReservationConsistent/retry","Output":"--- PASS: TestOutboxSnapshotExpiryDuringJournalWriteKeepsReservationConsistent/retry (3.72s)\n"}
{"Time":"2026-09-14T01:36:45.831040842+01:00","Action":"pass","Package":"github.com/JohnnyPBelo/relayloom/native/app","Test":"TestOutboxSnapshotExpiryDuringJournalWriteKeepsReservationConsistent/retry","Elapsed":3.72}
{"Time":"2026-09-14T01:36:45.831051862+01:00","Action":"output","Package":"github.com/JohnnyPBelo/relayloom/native/app","Test":"TestOutboxSnapshotExpiryDuringJournalWriteKeepsReservationConsistent","Output":"--- PASS: TestOutboxSnapshotExpiryDuringJournalWriteKeepsReservationConsistent (11.48s)\n"}
{"Time":"2026-09-14T01:36:45.831087619+01:00","Action":"pass","Package":"github.com/JohnnyPBelo/relayloom/native/app","Test":"TestOutboxSnapshotExpiryDuringJournalWriteKeepsReservationConsistent","Elapsed":11.48}
{"Time":"2026-09-14T01:36:45.831114209+01:00","Action":"run","Package":"github.com/JohnnyPBelo/relayloom/native/app","Test":"TestProfileOwnershipAndStaleNodeAfterClose"}
{"Time":"2026-09-14T01:36:45.831122515+01:00","Action":"output","Package":"github.com/JohnnyPBelo/relayloom/native/app","Test":"TestProfileOwnershipAndStaleNodeAfterClose","Output":"=== RUN   TestProfileOwnershipAndStaleNodeAfterClose\n"}
{"Time":"2026-09-14T01:36:47.043054586+01:00","Action":"output","Package":"github.com/JohnnyPBelo/relayloom/native/app","Test":"TestProfileOwnershipAndStaleNodeAfterClose","Output":"--- PASS: TestProfileOwnershipAndStaleNodeAfterClose (1.21s)\n"}
{"Time":"2026-09-14T01:36:47.04309381+01:00","Action":"pass","Package":"github.com/JohnnyPBelo/relayloom/native/app","Test":"TestProfileOwnershipAndStaleNodeAfterClose","Elapsed":1.21}
{"Time":"2026-09-14T01:36:47.043139385+01:00","Action":"run","Package":"github.com/JohnnyPBelo/relayloom/native/app","Test":"TestProfileConstructorFailureReleasesOwnership"}
{"Time":"2026-09-14T01:36:47.043150286+01:00","Action":"output","Package":"github.com/JohnnyPBelo/relayloom/native/app","Test":"TestProfileConstructorFailureReleasesOwnership","Output":"=== RUN   TestProfileConstructorFailureReleasesOwnership\n"}
{"Time":"2026-09-14T01:36:47.079219502+01:00","Action":"output","Package":"github.com/JohnnyPBelo/relayloom/native/app","Test":"TestProfileConstructorFailureReleasesOwnership","Output":"--- PASS: TestProfileConstructorFailureReleasesOwnership (0.04s)\n"}
{"Time":"2026-09-14T01:36:47.079250299+01:00","Action":"pass","Package":"github.com/JohnnyPBelo/relayloom/native/app","Test":"TestProfileConstructorFailureReleasesOwnership","Elapsed":0.04}
{"Time":"2026-09-14T01:36:47.079260228+01:00","Action":"run","Package":"github.com/JohnnyPBelo/relayloom/native/app","Test":"TestWebPeerInvalidInputPreservesListenerAndCloseRetiresCapability"}
{"Time":"2026-09-14T01:36:47.079266049+01:00","Action":"output","Package":"github.com/JohnnyPBelo/relayloom/native/app","Test":"TestWebPeerInvalidInputPreservesListenerAndCloseRetiresCapability","Output":"=== RUN   TestWebPeerInvalidInputPreservesListenerAndCloseRetiresCapability\n"}
{"Time":"2026-09-14T01:36:47.73093625+01:00","Action":"output","Package":"github.com/JohnnyPBelo/relayloom/native/app","Test":"TestWebPeerInvalidInputPreservesListenerAndCloseRetiresCapability","Output":"--- PASS: TestWebPeerInvalidInputPreservesListenerAndCloseRetiresCapability (0.65s)\n"}
{"Time":"2026-09-14T01:36:47.730975524+01:00","Action":"pass","Package":"github.com/JohnnyPBelo/relayloom/native/app","Test":"TestWebPeerInvalidInputPreservesListenerAndCloseRetiresCapability","Elapsed":0.65}
{"Time":"2026-09-14T01:36:47.73098956+01:00","Action":"output","Package":"github.com/JohnnyPBelo/relayloom/native/app","Output":"PASS\n"}
{"Time":"2026-09-14T01:36:48.76140074+01:00","Action":"output","Package":"github.com/JohnnyPBelo/relayloom/native/app","Output":"ok  \tgithub.com/JohnnyPBelo/relayloom/native/app\t517.634s\n"}
{"Time":"2026-09-14T01:36:48.761440073+01:00","Action":"pass","Package":"github.com/JohnnyPBelo/relayloom/native/app","Elapsed":517.635}
