TAP version 13
# Subtest: Node bundle creation derives expiry from one clock observation even when the clock advances between reads
ok 1 - Node bundle creation derives expiry from one clock observation even when the clock advances between reads
  ---
  duration_ms: 9.020327
  type: 'test'
  ...
# Subtest: automatic reservations survive restart and count pressure without becoming manual pins
ok 2 - automatic reservations survive restart and count pressure without becoming manual pins
  ---
  duration_ms: 54.308849
  type: 'test'
  ...
# Subtest: byte quota refusal is atomic with a reserved payload and preserves unrelated stored bytes
ok 3 - byte quota refusal is atomic with a reserved payload and preserves unrelated stored bytes
  ---
  duration_ms: 64.885104
  type: 'test'
  ...
# Subtest: reservation does not extend signed expiry
ok 4 - reservation does not extend signed expiry
  ---
  duration_ms: 20.636701
  type: 'test'
  ...
# Subtest: unknown or corrupt reservation input cannot partially release a valid reservation
ok 5 - unknown or corrupt reservation input cannot partially release a valid reservation
  ---
  duration_ms: 26.92233
  type: 'test'
  ...
# Subtest: failed reservation index write protects the union until explicit reconciliation
ok 6 - failed reservation index write protects the union until explicit reconciliation
  ---
  duration_ms: 38.633582
  type: 'test'
  ...
# Subtest: duplicate reserved insertion at the count limit preserves a manual pin and verifies stored bytes
ok 7 - duplicate reserved insertion at the count limit preserves a manual pin and verifies stored bytes
  ---
  duration_ms: 18.851062
  type: 'test'
  ...
# Subtest: contact rows use the established Node/Go DM reader-address wire format before the first send
ok 8 - contact rows use the established Node/Go DM reader-address wire format before the first send
  ---
  duration_ms: 1.848105
  type: 'test'
  ...
# Subtest: a repeated own reader remains one reader in the DM address
ok 9 - a repeated own reader remains one reader in the DM address
  ---
  duration_ms: 0.308649
  type: 'test'
  ...
# Subtest: historical storage reads authenticate expired bytes without priming the live manifest cache
ok 10 - historical storage reads authenticate expired bytes without priming the live manifest cache
  ---
  duration_ms: 39.454512
  type: 'test'
  ...
# (node:2401773) ExperimentalWarning: The MockTimers API is an experimental feature and might change at any time
# (Use `node --trace-warnings ...` to show where the warning was created)
# Subtest: identity proof binds signing address, name and decryption key
ok 11 - identity proof binds signing address, name and decryption key
  ---
  duration_ms: 4.183807
  type: 'test'
  ...
# Subtest: vault encrypts private keys; recovery and wrong-password controls
ok 12 - vault encrypts private keys; recovery and wrong-password controls
  ---
  duration_ms: 241.518115
  type: 'test'
  ...
# Subtest: reader decrypts and seeds but cannot become author; unauthorized reader fails
ok 13 - reader decrypts and seeds but cannot become author; unauthorized reader fails
  ---
  duration_ms: 6.066327
  type: 'test'
  ...
# Subtest: ciphertext, manifest, expiry, depth and address negative controls
ok 14 - ciphertext, manifest, expiry, depth and address negative controls
  ---
  duration_ms: 17.007145
  type: 'test'
  ...
# Subtest: encrypted persistent seed takeover, deduplication, pin/quota, disk corruption
ok 15 - encrypted persistent seed takeover, deduplication, pin/quota, disk corruption
  ---
  duration_ms: 31.955047
  type: 'test'
  ...
# Subtest: object-count cap bounds small-object floods, survives restart and preserves pinned content
ok 16 - object-count cap bounds small-object floods, survives restart and preserves pinned content
  ---
  duration_ms: 165.387803
  type: 'test'
  ...
# Subtest: metadata listing does not replace real viewing order in LRU eviction
ok 17 - metadata listing does not replace real viewing order in LRU eviction
  ---
  duration_ms: 36.193896
  type: 'test'
  ...
# Subtest: cached manifest metadata is isolated, invalidated by disk changes, and never bypasses get verification
ok 18 - cached manifest metadata is isolated, invalidated by disk changes, and never bypasses get verification
  ---
  duration_ms: 17.519325
  type: 'test'
  ...
# Subtest: rejected quota decrease preserves existing files and policy; feasible decrease evicts only unpinned content
ok 19 - rejected quota decrease preserves existing files and policy; feasible decrease evicts only unpinned content
  ---
  duration_ms: 144.764947
  type: 'test'
  ...
# Subtest: invalid persisted index fails safely without deleting verified objects
ok 20 - invalid persisted index fails safely without deleting verified objects
  ---
  duration_ms: 13.768662
  type: 'test'
  ...
# Subtest: strict wire fields and every recipient envelope are validated before accepting signatures
ok 21 - strict wire fields and every recipient envelope are validated before accepting signatures
  ---
  duration_ms: 4.007586
  type: 'test'
  ...
# Subtest: desktop accepts only the owned daemon loopback bootstrap capability
ok 22 - desktop accepts only the owned daemon loopback bootstrap capability
  ---
  duration_ms: 1.365771
  type: 'test'
  ...
# Subtest: desktop request policy blocks other hosts, ports, schemes, subframes and WebSockets
ok 23 - desktop request policy blocks other hosts, ports, schemes, subframes and WebSockets
  ---
  duration_ms: 0.281017
  type: 'test'
  ...
# Subtest: desktop navigation stays on its exact local app and rejects insecure runtime overrides
ok 24 - desktop navigation stays on its exact local app and rejects insecure runtime overrides
  ---
  duration_ms: 0.955602
  type: 'test'
  ...
# Subtest: desktop microphone eligibility excludes cameras, remote documents and subframes
ok 25 - desktop microphone eligibility excludes cameras, remote documents and subframes
  ---
  duration_ms: 0.23951
  type: 'test'
  ...
# Subtest: desktop download defaults cannot contain paths, device names or control bytes
ok 26 - desktop download defaults cannot contain paths, device names or control bytes
  ---
  duration_ms: 0.360346
  type: 'test'
  ...
# Subtest: fixture stop is idempotent after process termination by signal
ok 27 - fixture stop is idempotent after process termination by signal
  ---
  duration_ms: 273.146029
  type: 'test'
  ...
# (node:2401953) ExperimentalWarning: SQLite is an experimental feature and might change at any time
# (Use `node --trace-warnings ...` to show where the warning was created)
# Subtest: current and additions-only delayed messages preserve exact old readers without granting newcomer history
ok 28 - current and additions-only delayed messages preserve exact old readers without granting newcomer history
  ---
  duration_ms: 1036.953107
  type: 'test'
  ...
# Subtest: removal and rejoin quarantine unseen old content while retaining only exact accepted history
ok 29 - removal and rejoin quarantine unseen old content while retaining only exact accepted history
  ---
  duration_ms: 925.181184
  type: 'test'
  ...
# Subtest: historical receipts from a removed original reader are minimal and cannot admit an unknown target
ok 30 - historical receipts from a removed original reader are minimal and cannot admit an unknown target
  ---
  duration_ms: 558.856431
  type: 'test'
  ...
# Subtest: group tags cannot hide as falsy legacy fields and cached policy cannot escape its transaction
ok 31 - group tags cannot hide as falsy legacy fields and cached policy cannot escape its transaction
  ---
  duration_ms: 37.694611
  type: 'test'
  ...
# Subtest: a closure within the same transaction invalidates earlier cached permission
ok 32 - a closure within the same transaction invalidates earlier cached permission
  ---
  duration_ms: 69.140664
  type: 'test'
  ...
# Subtest: a new edit to old content uses only the original/current reader intersection
ok 33 - a new edit to old content uses only the original/current reader intersection
  ---
  duration_ms: 1162.891988
  type: 'test'
  ...
# (node:2402812) ExperimentalWarning: SQLite is an experimental feature and might change at any time
# (Use `node --trace-warnings ...` to show where the warning was created)
# Subtest: an API observation cannot display an admission whose outer transaction rolled back
ok 34 - an API observation cannot display an admission whose outer transaction rolled back
  ---
  duration_ms: 374.405257
  type: 'test'
  ...
# Subtest: a historical delete and its accepted context recover together after lost commit response and real cache removal
ok 35 - a historical delete and its accepted context recover together after lost commit response and real cache removal
  ---
  duration_ms: 468.661662
  type: 'test'
  ...
# Subtest: failure to reserve quarantine bytes aborts the hold and locks until authenticated reconciliation succeeds
ok 36 - failure to reserve quarantine bytes aborts the hold and locks until authenticated reconciliation succeeds
  ---
  duration_ms: 396.882551
  type: 'test'
  ...
# Subtest: an unavailable quarantined blob cannot block admission of another valid group object
ok 37 - an unavailable quarantined blob cannot block admission of another valid group object
  ---
  duration_ms: 332.977535
  type: 'test'
  ...
# Subtest: authenticated history with an expiry inconsistent with its signed bundle is rejected
ok 38 - authenticated history with an expiry inconsistent with its signed bundle is rejected
  ---
  duration_ms: 321.088799
  type: 'test'
  ...
# (node:2403078) ExperimentalWarning: SQLite is an experimental feature and might change at any time
# (Use `node --trace-warnings ...` to show where the warning was created)
# Subtest: an unchanged group snapshot walks its authority chain once, and a later closure still invalidates new admission
ok 39 - an unchanged group snapshot walks its authority chain once, and a later closure still invalidates new admission
  ---
  duration_ms: 10916.53365
  type: 'test'
  ...
# {"retainedObjects":32,"epochs":32,"visitedHeaders":32,"elapsedMs":98.09778000000006}
# Subtest: real Node receivers hold epoch content until its snapshot arrives and keep only accepted history after closure
ok 40 - real Node receivers hold epoch content until its snapshot arrives and keep only accepted history after closure
  ---
  duration_ms: 5791.511777
  type: 'test'
  ...
# (node:2405995) ExperimentalWarning: SQLite is an experimental feature and might change at any time
# (Use `node --trace-warnings ...` to show where the warning was created)
# Subtest: control expiry rejects replay while the signed authority checkpoint survives
ok 41 - control expiry rejects replay while the signed authority checkpoint survives
  ---
  duration_ms: 60.22833
  type: 'test'
  ...
# Subtest: a reader may seal a creator snapshot for its exact original roster without gaining authority
ok 42 - a reader may seal a creator snapshot for its exact original roster without gaining authority
  ---
  duration_ms: 427.650832
  type: 'test'
  ...
# Subtest: removed readers receive their removal boundary but cannot enumerate future membership or request future snapshots
ok 43 - removed readers receive their removal boundary but cannot enumerate future membership or request future snapshots
  ---
  duration_ms: 788.237925
  type: 'test'
  ...
# Subtest: invitation authorizes bounded public ancestry, never a private snapshot before membership
ok 44 - invitation authorizes bounded public ancestry, never a private snapshot before membership
  ---
  duration_ms: 85.00199
  type: 'test'
  ...
# Subtest: carrier schema keeps malformed proof tails for the transactional verifier while bounding inputs
ok 45 - carrier schema keeps malformed proof tails for the transactional verifier while bounding inputs
  ---
  duration_ms: 395.026489
  type: 'test'
  ...
# Subtest: fork proofs are served together and private snapshots at the fork are not re-encrypted
ok 46 - fork proofs are served together and private snapshots at the fork are not re-encrypted
  ---
  duration_ms: 481.392518
  type: 'test'
  ...
# Subtest: newcomer validates exact join consent from signed parent header without old snapshot keys
ok 47 - newcomer validates exact join consent from signed parent header without old snapshot keys
  ---
  duration_ms: 62.848734
  type: 'test'
  ...
# Subtest: permanent group anchor has real creator signature, exact schema and separate carrier identity
ok 48 - permanent group anchor has real creator signature, exact schema and separate carrier identity
  ---
  duration_ms: 8.106051
  type: 'test'
  ...
# Subtest: invitation and signed consent do not alter roster until the creator commits the exact parent
ok 49 - invitation and signed consent do not alter roster until the creator commits the exact parent
  ---
  duration_ms: 31.938216
  type: 'test'
  ...
# Subtest: newcomer reads real new ciphertext without obtaining historical keys; removed reader cannot read new content
ok 50 - newcomer reads real new ciphertext without obtaining historical keys; removed reader cannot read new content
  ---
  duration_ms: 50.781645
  type: 'test'
  ...
# Subtest: stale, substituted, missing or extra member consents cannot commit a roster
ok 51 - stale, substituted, missing or extra member consents cannot commit a roster
  ---
  duration_ms: 57.872222
  type: 'test'
  ...
# Subtest: removal and rejoin remain restrictive across the complete path even with identical final cards
ok 52 - removal and rejoin remain restrictive across the complete path even with identical final cards
  ---
  duration_ms: 55.852704
  type: 'test'
  ...
# Subtest: creator reading-card replacement preserves signing authority but requires fresh signed consent
ok 53 - creator reading-card replacement preserves signing authority but requires fresh signed consent
  ---
  duration_ms: 43.99678
  type: 'test'
  ...
# Subtest: signed schema tampering, roster duplication, invalid order and snapshot substitution fail
ok 54 - signed schema tampering, roster duplication, invalid order and snapshot substitution fail
  ---
  duration_ms: 30.414779
  type: 'test'
  ...
# Subtest: closure preserves the committed historical state and reserves the final epoch
ok 55 - closure preserves the committed historical state and reserves the final epoch
  ---
  duration_ms: 41.792757
  type: 'test'
  ...
# Subtest: a valid creator fork cannot masquerade as a contiguous successor or grant reader authority
ok 56 - a valid creator fork cannot masquerade as a contiguous successor or grant reader authority
  ---
  duration_ms: 38.964813
  type: 'test'
  ...
# Subtest: full 64-member roster is bounded; capacity and title failures do not mutate its parent
ok 57 - full 64-member roster is bounded; capacity and title failures do not mutate its parent
  ---
  duration_ms: 551.580826
  type: 'test'
  ...
# Subtest: member leave is a signed request with no direct roster effect and cannot replace creator closure
ok 58 - member leave is a signed request with no direct roster effect and cannot replace creator closure
  ---
  duration_ms: 39.125044
  type: 'test'
  ...
# (node:2406482) ExperimentalWarning: SQLite is an experimental feature and might change at any time
# (Use `node --trace-warnings ...` to show where the warning was created)
# Subtest: group confirmation rollback cannot transmit before successful admission
ok 59 - group confirmation rollback cannot transmit before successful admission
  ---
  duration_ms: 4442.700842
  type: 'test'
  ...
# Subtest: group confirmation lost commit response cannot transmit before successful admission
ok 60 - group confirmation lost commit response cannot transmit before successful admission
  ---
  duration_ms: 4429.843019
  type: 'test'
  ...
# Subtest: blocked readers and missing original bytes cannot mint a group read fact
ok 61 - blocked readers and missing original bytes cannot mint a group read fact
  ---
  duration_ms: 4164.612104
  type: 'test'
  ...
# Subtest: missing historical group proof pauses confirmation until verified proof is restored
ok 62 - missing historical group proof pauses confirmation until verified proof is restored
  ---
  duration_ms: 4903.325983
  type: 'test'
  ...
# Subtest: real Node group automatic delivery and historical read after closure retain original audience
ok 63 - real Node group automatic delivery and historical read after closure retain original audience
  ---
  duration_ms: 6430.197186
  type: 'test'
  ...
# Subtest: opaque Node relay rejects public, oversized and excessive-lifetime controls before storage and forwarding
ok 64 - opaque Node relay rejects public, oversized and excessive-lifetime controls before storage and forwarding
  ---
  duration_ms: 1514.105523
  type: 'test'
  ...
# (node:2412602) ExperimentalWarning: SQLite is an experimental feature and might change at any time
# (Use `node --trace-warnings ...` to show where the warning was created)
# Subtest: proof no-op optimisation still checks recipient scope, snapshot bytes and local participation
ok 65 - proof no-op optimisation still checks recipient scope, snapshot bytes and local participation
  ---
  duration_ms: 569.416785
  type: 'test'
  ...
# Subtest: verified cached proof replay avoids authority reapplication but still adopts a new safety header before a bad snapshot
ok 66 - verified cached proof replay avoids authority reapplication but still adopts a new safety header before a bad snapshot
  ---
  duration_ms: 2347.798613
  type: 'test'
  ...
# {"replayed":11,"applications":0,"unlockMs":535.3678009999999}
# (node:2413212) ExperimentalWarning: SQLite is an experimental feature and might change at any time
# (Use `node --trace-warnings ...` to show where the warning was created)
# Subtest: group event admission rollback cannot release bytes early
ok 67 - group event admission rollback cannot release bytes early
  ---
  duration_ms: 4524.777806
  type: 'test'
  ...
# Subtest: group event admission lost response cannot release bytes early
ok 68 - group event admission lost response cannot release bytes early
  ---
  duration_ms: 4436.378335
  type: 'test'
  ...
# Subtest: group event content-store failure before payload write preserves honest availability
ok 69 - group event content-store failure before payload write preserves honest availability
  ---
  duration_ms: 4259.203848
  type: 'test'
  ...
# Subtest: group event content-store failure after payload write preserves honest availability
ok 70 - group event content-store failure after payload write preserves honest availability
  ---
  duration_ms: 4250.654876
  type: 'test'
  ...
# Subtest: group event close retires retained packets and refuses later serving with a reachable control
ok 71 - group event close retires retained packets and refuses later serving with a reachable control
  ---
  duration_ms: 4519.576182
  type: 'test'
  ...
# Subtest: group event block retires retained packets and refuses later serving with a reachable control
ok 72 - group event block retires retained packets and refuses later serving with a reachable control
  ---
  duration_ms: 4211.476792
  type: 'test'
  ...
# Subtest: group event lock retires retained packets and refuses later serving with a reachable control
ok 73 - group event lock retires retained packets and refuses later serving with a reachable control
  ---
  duration_ms: 4121.690219
  type: 'test'
  ...
# Subtest: group event evicted retires retained packets and refuses later serving with a reachable control
ok 74 - group event evicted retires retained packets and refuses later serving with a reachable control
  ---
  duration_ms: 4424.884079
  type: 'test'
  ...
# Subtest: missing historical target proof pauses new event publication and seeding until exact proof returns
ok 75 - missing historical target proof pauses new event publication and seeding until exact proof returns
  ---
  duration_ms: 4707.1068
  type: 'test'
  ...
# Subtest: corrupt stored event cannot authorise a valid retained packet; exact bytes restore serving
ok 76 - corrupt stored event cannot authorise a valid retained packet; exact bytes restore serving
  ---
  duration_ms: 5038.902268
  type: 'test'
  ...
# Subtest: real Node group newcomer cannot read earlier audiences; peer serves author's edit while author is offline
ok 77 - real Node group newcomer cannot read earlier audiences; peer serves author's edit while author is offline
  ---
  duration_ms: 22049.102596
  type: 'test'
  ...
# Subtest: real Node group reactions/comments/author edits and historical deletion preserve signing ownership
ok 78 - real Node group reactions/comments/author edits and historical deletion preserve signing ownership
  ---
  duration_ms: 7840.647887
  type: 'test'
  ...
# (node:2420488) ExperimentalWarning: SQLite is an experimental feature and might change at any time
# (Use `node --trace-warnings ...` to show where the warning was created)
# Subtest: an index consuming stop headroom is refused without changing existing data
ok 79 - an index consuming stop headroom is refused without changing existing data
  ---
  duration_ms: 897.37656
  type: 'test'
  ...
# Subtest: ordinary index growth stops before the protected checkpoint allocation is consumed
ok 80 - ordinary index growth stops before the protected checkpoint allocation is consumed
  ---
  duration_ms: 3023.517623
  type: 'test'
  ...
# (node:2420858) ExperimentalWarning: SQLite is an experimental feature and might change at any time
# (Use `node --trace-warnings ...` to show where the warning was created)
# Subtest: stop reads share one validated snapshot but invalidate on mutation and scope exit
ok 81 - stop reads share one validated snapshot but invalidate on mutation and scope exit
  ---
  duration_ms: 137.261876
  type: 'test'
  ...
# Subtest: all256 immutable stops fit; retirement preserves retained facts and counts only removed records
ok 82 - all256 immutable stops fit; retirement preserves retained facts and counts only removed records
  ---
  duration_ms: 3447.266789
  type: 'test'
  ...
# Subtest: expired holds have counted removal and malformed counters cannot be used as valid state
ok 83 - expired holds have counted removal and malformed counters cannot be used as valid state
  ---
  duration_ms: 49.354147
  type: 'test'
  ...
# (node:2421518) ExperimentalWarning: SQLite is an experimental feature and might change at any time
# (Use `node --trace-warnings ...` to show where the warning was created)
# Subtest: accepted history is authenticated and unknown old content stays separately held after removal
ok 84 - accepted history is authenticated and unknown old content stays separately held after removal
  ---
  duration_ms: 702.323474
  type: 'test'
  ...
# Subtest: group closure and immutable outbox stop commit together and callback failure rolls both back
ok 85 - group closure and immutable outbox stop commit together and callback failure rolls both back
  ---
  duration_ms: 139.17809
  type: 'test'
  ...
# Subtest: historical receipt uses only a locally persisted accepted target, never an ID supplied by its sender
ok 86 - historical receipt uses only a locally persisted accepted target, never an ID supplied by its sender
  ---
  duration_ms: 551.455722
  type: 'test'
  ...
# Subtest: missing observation clock or malformed authenticated context cannot grant historical access
ok 87 - missing observation clock or malformed authenticated context cannot grant historical access
  ---
  duration_ms: 70.66927
  type: 'test'
  ...
# Subtest: quarantine byte quota uses actual signed ciphertext sizes and refuses overflow
ok 88 - quarantine byte quota uses actual signed ciphertext sizes and refuses overflow
  ---
  duration_ms: 1059.074263
  type: 'test'
  ...
# Subtest: minimal outbox stop survives exhausted ordinary space without rewriting private content
ok 89 - minimal outbox stop survives exhausted ordinary space without rewriting private content
  ---
  duration_ms: 87.87612
  type: 'test'
  ...
# Subtest: ledger readers cannot escape the borrowed scope, even when every collection is empty
ok 90 - ledger readers cannot escape the borrowed scope, even when every collection is empty
  ---
  duration_ms: 13.39477
  type: 'test'
  ...
# Subtest: the authority reserve also accommodates every retained outbox stop
ok 91 - the authority reserve also accommodates every retained outbox stop
  ---
  duration_ms: 161.913167
  type: 'test'
  ...
# Subtest: quarantine count remains bounded and replay does not consume another slot
ok 92 - quarantine count remains bounded and replay does not consume another slot
  ---
  duration_ms: 2032.02447
  type: 'test'
  ...
# Subtest: full4096 history respects protected records and retains the exact accepted count on retirement
ok 93 - full4096 history respects protected records and retains the exact accepted count on retirement
  ---
  duration_ms: 40377.707266
  type: 'test'
  ...
# Subtest: Node invitation API retains exact delivery material, bounds pending notices and preserves closure
ok 94 - Node invitation API retains exact delivery material, bounds pending notices and preserves closure
  ---
  duration_ms: 17707.890803
  type: 'test'
  ...
# Subtest: real Node notices deliver invitation, explicit consent and leave without automatic group admission
ok 95 - real Node notices deliver invitation, explicit consent and leave without automatic group admission
  ---
  duration_ms: 3419.679712
  type: 'test'
  ...
# (node:2435666) ExperimentalWarning: SQLite is an experimental feature and might change at any time
# (Use `node --trace-warnings ...` to show where the warning was created)
# Subtest: Node replays notice safety headers before sending, blocked source=false
ok 96 - Node replays notice safety headers before sending, blocked source=false
  ---
  duration_ms: 5139.229018
  type: 'test'
  ...
# Subtest: Node replays notice safety headers before sending, blocked source=true
ok 97 - Node replays notice safety headers before sending, blocked source=true
  ---
  duration_ms: 5054.816002
  type: 'test'
  ...
# (node:2437059) ExperimentalWarning: SQLite is an experimental feature and might change at any time
# (Use `node --trace-warnings ...` to show where the warning was created)
# Subtest: opaque Node seeder delivers invitation and consent after each original author stops
ok 98 - opaque Node seeder delivers invitation and consent after each original author stops
  ---
  duration_ms: 4170.847327
  type: 'test'
  ...
# (node:2437858) ExperimentalWarning: SQLite is an experimental feature and might change at any time
# (Use `node --trace-warnings ...` to show where the warning was created)
# Subtest: private notices bind invitation, consent and leave without conferring signing ownership or local admission
ok 99 - private notices bind invitation, consent and leave without conferring signing ownership or local admission
  ---
  duration_ms: 554.445328
  type: 'test'
  ...
# Subtest: invitation result and exact delivery card commit together and survive reopening encrypted SQLite
ok 100 - invitation result and exact delivery card commit together and survive reopening encrypted SQLite
  ---
  duration_ms: 124.710007
  type: 'test'
  ...
# Subtest: issuer quota, duplicate reads and dismissal replay memory stay bounded without changing group state
ok 101 - issuer quota, duplicate reads and dismissal replay memory stay bounded without changing group state
  ---
  duration_ms: 563.581091
  type: 'test'
  ...
# Subtest: finite notice history retires oldest entries without making a replay local consent
ok 102 - finite notice history retires oldest entries without making a replay local consent
  ---
  duration_ms: 6110.693559
  type: 'test'
  ...
# Subtest: authenticated malformed notice metadata aborts the outer transaction even if its error is caught
ok 103 - authenticated malformed notice metadata aborts the outer transaction even if its error is caught
  ---
  duration_ms: 67.507542
  type: 'test'
  ...
# Subtest: failed dismissal cannot lose an invitation when the caller swallows the write error
ok 104 - failed dismissal cannot lose an invitation when the caller swallows the write error
  ---
  duration_ms: 68.917646
  type: 'test'
  ...
# (node:2438899) ExperimentalWarning: SQLite is an experimental feature and might change at any time
# (Use `node --trace-warnings ...` to show where the warning was created)
# Subtest: missing private proof pauses a valid reserved send without losing availability, then releases its obsolete hold
ok 105 - missing private proof pauses a valid reserved send without losing availability, then releases its obsolete hold
  ---
  duration_ms: 1434.026856
  type: 'test'
  ...
# Subtest: runtime closure persists the minimal stop without rewriting the private document and releases only automatic protection
ok 106 - runtime closure persists the minimal stop without rewriting the private document and releases only automatic protection
  ---
  duration_ms: 1426.551847
  type: 'test'
  ...
# Subtest: runtime group stop and closure recover together after rollback
ok 107 - runtime group stop and closure recover together after rollback
  ---
  duration_ms: 888.715888
  type: 'test'
  ...
# Subtest: runtime group stop and closure recover together after lost commit response
ok 108 - runtime group stop and closure recover together after lost commit response
  ---
  duration_ms: 729.967497
  type: 'test'
  ...
# Subtest: full normal database quota still commits a group stop while the ordinary growth control fails
ok 109 - full normal database quota still commits a group stop while the ordinary growth control fails
  ---
  duration_ms: 1918.617801
  type: 'test'
  ...
# Subtest: forged stop mirror, mismatched binding and orphan stop all fail authenticated reopening
    # Subtest: mirror
    ok 1 - mirror
      ---
      duration_ms: 691.407251
      type: 'test'
      ...
    # Subtest: binding
    ok 2 - binding
      ---
      duration_ms: 830.614035
      type: 'test'
      ...
    # Subtest: orphan
    ok 3 - orphan
      ---
      duration_ms: 819.725035
      type: 'test'
      ...
    1..3
ok 110 - forged stop mirror, mismatched binding and orphan stop all fail authenticated reopening
  ---
  duration_ms: 2342.880218
  type: 'test'
  ...
# Subtest: bounded stopped entries coexist with 128 new pending operations; half bindings and extra fields fail
ok 111 - bounded stopped entries coexist with 128 new pending operations; half bindings and extra fields fail
  ---
  duration_ms: 682.942287
  type: 'test'
  ...
# Subtest: a restrictive prefix with an invalid tail stops the runtime intent in its accepted transaction
ok 112 - a restrictive prefix with an invalid tail stops the runtime intent in its accepted transaction
  ---
  duration_ms: 736.325991
  type: 'test'
  ...
# Subtest: stop retirement and removal of the corresponding intent share a private commit
ok 113 - stop retirement and removal of the corresponding intent share a private commit
  ---
  duration_ms: 1136.160237
  type: 'test'
  ...
# Subtest: runtime stop cancels its existing transport queue
ok 114 - runtime stop cancels its existing transport queue
  ---
  duration_ms: 1179.54523
  type: 'test'
  ...
# Subtest: runtime negative control delivers its existing transport queue
ok 115 - runtime negative control delivers its existing transport queue
  ---
  duration_ms: 1119.241648
  type: 'test'
  ...
# Subtest: real TCP cache request checks active author authority even after delivery completed
ok 116 - real TCP cache request checks active author authority even after delivery completed
  ---
  duration_ms: 1638.120756
  type: 'test'
  ...
# Subtest: real TCP cache request checks closed author authority even after delivery completed
ok 117 - real TCP cache request checks closed author authority even after delivery completed
  ---
  duration_ms: 1636.579096
  type: 'test'
  ...
# Subtest: real TCP cache request checks locked author authority even after delivery completed
ok 118 - real TCP cache request checks locked author authority even after delivery completed
  ---
  duration_ms: 1332.531344
  type: 'test'
  ...
# (node:2440267) ExperimentalWarning: SQLite is an experimental feature and might change at any time
# (Use `node --trace-warnings ...` to show where the warning was created)
# Subtest: repeated authority reads share verified checkpoint work only inside an unchanged transaction
ok 119 - repeated authority reads share verified checkpoint work only inside an unchanged transaction
  ---
  duration_ms: 65.815007
  type: 'test'
  ...
# Subtest: a write after a cached read revalidates corruption and aborts the outer transaction
ok 120 - a write after a cached read revalidates corruption and aborts the outer transaction
  ---
  duration_ms: 43.378561
  type: 'test'
  ...
# Subtest: a closure in the same authority scope invalidates an earlier active view
ok 121 - a closure in the same authority scope invalidates an earlier active view
  ---
  duration_ms: 76.133709
  type: 'test'
  ...
# Subtest: a cached checkpoint cannot hide deletion of its referenced epoch: proof
ok 122 - a cached checkpoint cannot hide deletion of its referenced epoch: proof
  ---
  duration_ms: 41.148187
  type: 'test'
  ...
# Subtest: a cached checkpoint cannot hide deletion of its referenced snapshot: proof
ok 123 - a cached checkpoint cannot hide deletion of its referenced snapshot: proof
  ---
  duration_ms: 46.775551
  type: 'test'
  ...
# Subtest: the scoped checkpoint work cache evicts old groups instead of retaining every read
ok 124 - the scoped checkpoint work cache evicts old groups instead of retaining every read
  ---
  duration_ms: 186.344925
  type: 'test'
  ...
# (node:2440276) ExperimentalWarning: SQLite is an experimental feature and might change at any time
# (Use `node --trace-warnings ...` to show where the warning was created)
# Subtest: creator state is encrypted, permanent and idempotent while its operation is retained
ok 125 - creator state is encrypted, permanent and idempotent while its operation is retained
  ---
  duration_ms: 82.252904
  type: 'test'
  ...
# Subtest: explicit invitation needs complete ancestry and fresh consent before local membership
ok 126 - explicit invitation needs complete ancestry and fresh consent before local membership
  ---
  duration_ms: 370.640086
  type: 'test'
  ...
# Subtest: unknown groups, invalid signer and signed orphan hints cannot allocate, advance or freeze authority
ok 127 - unknown groups, invalid signer and signed orphan hints cannot allocate, advance or freeze authority
  ---
  duration_ms: 103.518715
  type: 'test'
  ...
# Subtest: an incumbent cannot skip an invalid intermediate membership snapshot
ok 128 - an incumbent cannot skip an invalid intermediate membership snapshot
  ---
  duration_ms: 228.142781
  type: 'test'
  ...
# Subtest: creator equivocation freezes durably; stale hints do not choose or erase a branch
ok 129 - creator equivocation freezes durably; stale hints do not choose or erase a branch
  ---
  duration_ms: 164.104797
  type: 'test'
  ...
# Subtest: local leave survives restart and old consent replay; reentry requires a new committed nonce
ok 130 - local leave survives restart and old consent replay; reentry requires a new committed nonce
  ---
  duration_ms: 767.244374
  type: 'test'
  ...
# Subtest: a late join response cannot restore membership across a subsequent removal
ok 131 - a late join response cannot restore membership across a subsequent removal
  ---
  duration_ms: 288.487209
  type: 'test'
  ...
# Subtest: storage pressure persists a stop checkpoint instead of using an obsolete roster
ok 132 - storage pressure persists a stop checkpoint instead of using an obsolete roster
  ---
  duration_ms: 92.111463
  type: 'test'
  ...
# Subtest: closure and a stale expected parent cannot create a successor or bypass idempotency
ok 133 - closure and a stale expected parent cannot create a successor or bypass idempotency
  ---
  duration_ms: 159.36114
  type: 'test'
  ...
# Subtest: 64 remembered groups are retained; capacity is not reset by closing them
ok 134 - 64 remembered groups are retained; capacity is not reset by closing them
  ---
  duration_ms: 1821.229543
  type: 'test'
  ...
# Subtest: two real creator processes use compare-and-set and cannot commit siblings in one registry
ok 135 - two real creator processes use compare-and-set and cannot commit siblings in one registry
  ---
  duration_ms: 257.382486
  type: 'test'
  ...
# Subtest: real process crashes preserve atomic authority and the original operation after a lost response
ok 136 - real process crashes preserve atomic authority and the original operation after a lost response
  ---
  duration_ms: 392.615248
  type: 'test'
  ...
# Subtest: later snapshots wait for a missing intermediate state and activate after its verified arrival
ok 137 - later snapshots wait for a missing intermediate state and activate after its verified arrival
  ---
  duration_ms: 588.570386
  type: 'test'
  ...
# Subtest: capacity recovery adopts the exact stopped header and still needs its private state
ok 138 - capacity recovery adopts the exact stopped header and still needs its private state
  ---
  duration_ms: 172.293443
  type: 'test'
  ...
# Subtest: snapshot capacity stops survive restart; freeing space alone cannot reactivate membership
ok 139 - snapshot capacity stops survive restart; freeing space alone cannot reactivate membership
  ---
  duration_ms: 158.21987
  type: 'test'
  ...
# Subtest: a real sibling proof during capacity suspension freezes permanently and is retrievable
ok 140 - a real sibling proof during capacity suspension freezes permanently and is retrievable
  ---
  duration_ms: 140.8364
  type: 'test'
  ...
# Subtest: finite operation retention follows authenticated revisions and leaves group proofs intact
ok 141 - finite operation retention follows authenticated revisions and leaves group proofs intact
  ---
  duration_ms: 4817.190287
  type: 'test'
  ...
# Subtest: authenticated but malformed authority records fail closed instead of trusting falsy fields or cursors
ok 142 - authenticated but malformed authority records fail closed instead of trusting falsy fields or cursors
  ---
  duration_ms: 126.58818
  type: 'test'
  ...
# Subtest: corrupt retained operation cannot fabricate a successful response
ok 143 - corrupt retained operation cannot fabricate a successful response
  ---
  duration_ms: 33.233194
  type: 'test'
  ...
# Subtest: local leave and creator closure remain durable under full ordinary metadata capacity
ok 144 - local leave and creator closure remain durable under full ordinary metadata capacity
  ---
  duration_ms: 420.40288
  type: 'test'
  ...
# Subtest: a malformed trailing proof cannot roll back an already verified removal in the same page
ok 145 - a malformed trailing proof cannot roll back an already verified removal in the same page
  ---
  duration_ms: 357.456081
  type: 'test'
  ...
# Subtest: the declared maximum checkpoints and stop receipts fit the reserved SQLite budget
ok 146 - the declared maximum checkpoints and stop receipts fit the reserved SQLite budget
  ---
  duration_ms: 175.700854
  type: 'test'
  ...
# Subtest: retirement rechecks every operation signature after caching a group in the same transaction
ok 147 - retirement rechecks every operation signature after caching a group in the same transaction
  ---
  duration_ms: 5109.44406
  type: 'test'
  ...
# (node:2441522) ExperimentalWarning: SQLite is an experimental feature and might change at any time
# (Use `node --trace-warnings ...` to show where the warning was created)
# Subtest: authenticated Node group management persists membership and restrictive proofs
ok 148 - authenticated Node group management persists membership and restrictive proofs
  ---
  duration_ms: 3296.773659
  type: 'test'
  ...
# Subtest: group API recovers a committed command whose response was lost without creating a second group
ok 149 - group API recovers a committed command whose response was lost without creating a second group
  ---
  duration_ms: 299.56286
  type: 'test'
  ...
# (node:2441866) ExperimentalWarning: SQLite is an experimental feature and might change at any time
# (Use `node --trace-warnings ...` to show where the warning was created)
# Subtest: group send intent rollback has no transport side effect
ok 150 - group send intent rollback has no transport side effect
  ---
  duration_ms: 1579.206321
  type: 'test'
  ...
# Subtest: group send intent lost response has no transport side effect
ok 151 - group send intent lost response has no transport side effect
  ---
  duration_ms: 1872.677086
  type: 'test'
  ...
# Subtest: group send recovers original stored bytes after ready rollback
ok 152 - group send recovers original stored bytes after ready rollback
  ---
  duration_ms: 2295.133626
  type: 'test'
  ...
# Subtest: group send recovers original stored bytes after lost ready response
ok 153 - group send recovers original stored bytes after lost ready response
  ---
  duration_ms: 2326.336884
  type: 'test'
  ...
# Subtest: a reported content-store failure cannot leak the new group packet or silently create another ID
ok 154 - a reported content-store failure cannot leak the new group packet or silently create another ID
  ---
  duration_ms: 1893.796012
  type: 'test'
  ...
# Subtest: actual group send APIs create durable encrypted text, attachment and reply over TCP without global contacts
ok 155 - actual group send APIs create durable encrypted text, attachment and reply over TCP without global contacts
  ---
  duration_ms: 4076.125769
  type: 'test'
  ...
# Subtest: new group sends require current head and exact snapshot audience; retained operation remains immutable
ok 156 - new group sends require current head and exact snapshot audience; retained operation remains immutable
  ---
  duration_ms: 3071.279103
  type: 'test'
  ...
# (node:2444906) ExperimentalWarning: SQLite is an experimental feature and might change at any time
# (Use `node --trace-warnings ...` to show where the warning was created)
# Subtest: encrypted metadata survives close/reopen; uncommitted work and transaction handles cannot escape
ok 157 - encrypted metadata survives close/reopen; uncommitted work and transaction handles cannot escape
  ---
  duration_ms: 34.707069
  type: 'test'
  ...
# Subtest: absence, truncation, wrong identity, wrong signing authority and extra SQL schema fail closed
ok 158 - absence, truncation, wrong identity, wrong signing authority and extra SQL schema fail closed
  ---
  duration_ms: 21.581703
  type: 'test'
  ...
# Subtest: unknown schema cannot hide behind a similar SQLite prefix
ok 159 - unknown schema cannot hide behind a similar SQLite prefix
  ---
  duration_ms: 16.473383
  type: 'test'
  ...
# Subtest: valid encryption with only the reading key cannot forge a locally signed fence
ok 160 - valid encryption with only the reading key cannot forge a locally signed fence
  ---
  duration_ms: 33.057394
  type: 'test'
  ...
# Subtest: checkpoint corruption, deletion, wrong SQL type and oversize are rejected before trusting state
ok 161 - checkpoint corruption, deletion, wrong SQL type and oversize are rejected before trusting state
  ---
  duration_ms: 50.682388
  type: 'test'
  ...
# Subtest: complete valid backup rollback is an explicit limitation; a pinned different registry is rejected
ok 162 - complete valid backup rollback is an explicit limitation; a pinned different registry is rejected
  ---
  duration_ms: 34.586672
  type: 'test'
  ...
# Subtest: ciphertext substitution, swallowed integrity errors and stale index replay cannot change a committed record
ok 163 - ciphertext substitution, swallowed integrity errors and stale index replay cannot change a committed record
  ---
  duration_ms: 39.910036
  type: 'test'
  ...
# Subtest: a replacement callback error cannot erase an observed integrity failure
ok 164 - a replacement callback error cannot erase an observed integrity failure
  ---
  duration_ms: 23.359367
  type: 'test'
  ...
# Subtest: record AAD binds logical key and revision even beneath a freshly signed index
ok 165 - record AAD binds logical key and revision even beneath a freshly signed index
  ---
  duration_ms: 37.398396
  type: 'test'
  ...
# Subtest: ordinary metadata cannot consume the checkpoint reserve; capacity failure is atomic
ok 166 - ordinary metadata cannot consume the checkpoint reserve; capacity failure is atomic
  ---
  duration_ms: 27.958041
  type: 'test'
  ...
# Subtest: abrupt writer process death rolls back staged SQL and preserves the last authenticated checkpoint
ok 167 - abrupt writer process death rolls back staged SQL and preserves the last authenticated checkpoint
  ---
  duration_ms: 122.067622
  type: 'test'
  ...
# Subtest: two actual writer processes serialize read-modify-write without losing updates
ok 168 - two actual writer processes serialize read-modify-write without losing updates
  ---
  duration_ms: 319.050186
  type: 'test'
  ...
# (node:2444989) ExperimentalWarning: SQLite is an experimental feature and might change at any time
# (Use `node --trace-warnings ...` to show where the warning was created)
# Subtest: control store failures still consume the bounded publication budget
ok 169 - control store failures still consume the bounded publication budget
  ---
  duration_ms: 978.611073
  type: 'test'
  ...
# Subtest: control transport failures still consume the bounded publication budget
ok 170 - control transport failures still consume the bounded publication budget
  ---
  duration_ms: 856.59646
  type: 'test'
  ...
# Subtest: network responses obey the producer cache quota without evicting pinned controls
ok 171 - network responses obey the producer cache quota without evicting pinned controls
  ---
  duration_ms: 1415.591953
  type: 'test'
  ...
# Subtest: real wire delivers newest snapshot before missing predecessors and projects the verified newest title
ok 172 - real wire delivers newest snapshot before missing predecessors and projects the verified newest title
  ---
  duration_ms: 2926.65542
  type: 'test'
  ...
# Subtest: available encrypted controls replay before a locked member can retry or sign after removal
ok 173 - available encrypted controls replay before a locked member can retry or sign after removal
  ---
  duration_ms: 3527.693654
  type: 'test'
  ...
# Subtest: Node control requests recover lost responses and revalidate authority on identical retries
ok 174 - Node control requests recover lost responses and revalidate authority on identical retries
  ---
  duration_ms: 13382.068972
  type: 'test'
  ...
# Subtest: real Node control proofs heal a partition from another member after creator stops
ok 175 - real Node control proofs heal a partition from another member after creator stops
  ---
  duration_ms: 7977.576298
  type: 'test'
  ...
# Subtest: Node control proofs traverse TCP and serial PTYs, with partition, relay-off and offline opaque seeder controls
ok 176 - Node control proofs traverse TCP and serial PTYs, with partition, relay-off and offline opaque seeder controls
  ---
  duration_ms: 10114.277435
  type: 'test'
  ...
# Subtest: real Node peers synchronise epoch snapshots and closure without HTTP proof transfer after setup
ok 177 - real Node peers synchronise epoch snapshots and closure without HTTP proof transfer after setup
  ---
  duration_ms: 2447.458531
  type: 'test'
  ...
# Subtest: remembered invitation fetches paginated public ancestry automatically but no pre-join private snapshot
ok 178 - remembered invitation fetches paginated public ancestry automatically but no pre-join private snapshot
  ---
  duration_ms: 8054.539212
  type: 'test'
  ...
# (node:2449670) ExperimentalWarning: SQLite is an experimental feature and might change at any time
# (Use `node --trace-warnings ...` to show where the warning was created)
# Subtest: group and private document share one commit; callback rollback and expired scopes cannot leak writes
ok 179 - group and private document share one commit; callback rollback and expired scopes cannot leak writes
  ---
  duration_ms: 99.935025
  type: 'test'
  ...
# Subtest: swallowing a scoped operation failure cannot commit earlier group or private writes
ok 180 - swallowing a scoped operation failure cannot commit earlier group or private writes
  ---
  duration_ms: 49.537461
  type: 'test'
  ...
# Subtest: a verified closure and private decision commit despite a rejected proof tail
ok 181 - a verified closure and private decision commit despite a rejected proof tail
  ---
  duration_ms: 95.569778
  type: 'test'
  ...
# Subtest: even swallowing the entire authority scope error cannot commit the outer transaction
ok 182 - even swallowing the entire authority scope error cannot commit the outer transaction
  ---
  duration_ms: 42.500654
  type: 'test'
  ...
# Subtest: minimal authority fence commits at full ordinary quota without growing the private document
ok 183 - minimal authority fence commits at full ordinary quota without growing the private document
  ---
  duration_ms: 106.806591
  type: 'test'
  ...
# Subtest: three processes TCP → serial PTY, partition/heal, relay control and publisher-offline seeder takeover
ok 184 - three processes TCP → serial PTY, partition/heal, relay control and publisher-offline seeder takeover
  ---
  duration_ms: 9440.957384
  type: 'test'
  ...
# Subtest: a delayed fixture client submits a non-idempotent operation once after the server closes idle HTTP sockets
ok 185 - a delayed fixture client submits a non-idempotent operation once after the server closes idle HTTP sockets
  ---
  duration_ms: 6915.472365
  type: 'test'
  ...
# Subtest: language variants resolve to supported choices and invalid selection preserves the current language
ok 186 - language variants resolve to supported choices and invalid selection preserves the current language
  ---
  duration_ms: 0.876063
  type: 'test'
  ...
# Subtest: context and interpolation preserve raw names without recursively translating parameters
ok 187 - context and interpolation preserve raw names without recursively translating parameters
  ---
  duration_ms: 0.256822
  type: 'test'
  ...
# Subtest: every catalog entry is unique, nonempty and retains all named parameters in both languages
ok 188 - every catalog entry is unique, nonempty and retains all named parameters in both languages
  ---
  duration_ms: 7.167532
  type: 'test'
  ...
# Subtest: literal UI lookups and state-label maps all have catalog entries
ok 189 - literal UI lookups and state-label maps all have catalog entries
  ---
  duration_ms: 169.429182
  type: 'test'
  ...
# Subtest: real processes: private conversation, receipt, unauthorized edit, social and restart recovery
ok 190 - real processes: private conversation, receipt, unauthorized edit, social and restart recovery
  ---
  duration_ms: 1611.903159
  type: 'test'
  ...
# Subtest: offline control rejects a live origin and proves socket refusal after normal and signal termination
ok 191 - offline control rejects a live origin and proves socket refusal after normal and signal termination
  ---
  duration_ms: 529.618929
  type: 'test'
  ...
# (node:2451426) ExperimentalWarning: SQLite is an experimental feature and might change at any time
# (Use `node --trace-warnings ...` to show where the warning was created)
# (node:2451426) ExperimentalWarning: The MockTimers API is an experimental feature and might change at any time
# Subtest: offline send is encrypted, pinned, idempotent and recovers the same operation after restart
ok 192 - offline send is encrypted, pinned, idempotent and recovers the same operation after restart
  ---
  duration_ms: 291.362642
  type: 'test'
  ...
# Subtest: preparing journal reconciles surviving exact bytes and never regenerates missing content
ok 193 - preparing journal reconciles surviving exact bytes and never regenerates missing content
  ---
  duration_ms: 187.821684
  type: 'test'
  ...
# Subtest: transport rejection after local acceptance stays pending and cannot crash periodic sync
ok 194 - transport rejection after local acceptance stays pending and cannot crash periodic sync
  ---
  duration_ms: 198.106722
  type: 'test'
  ...
# Subtest: per-reader signed delivery/read confirmations survive paging, replay, eviction and restart
ok 195 - per-reader signed delivery/read confirmations survive paging, replay, eviction and restart
  ---
  duration_ms: 1668.348685
  type: 'test'
  ...
# Subtest: public, foreign-author and wrong-reader confirmations cannot advance a durable send
ok 196 - public, foreign-author and wrong-reader confirmations cannot advance a durable send
  ---
  duration_ms: 233.074169
  type: 'test'
  ...
# Subtest: expiry remains visible after payload removal and explicit user pin is preserved
ok 197 - expiry remains visible after payload removal and explicit user pin is preserved
  ---
  duration_ms: 308.709935
  type: 'test'
  ...
# Subtest: corrupted reserved bytes become unavailable without a new signed publication
ok 198 - corrupted reserved bytes become unavailable without a new signed publication
  ---
  duration_ms: 179.729599
  type: 'test'
  ...
# Subtest: blocked incomplete sends retain bounded reservation; blocked group readers do not break viewing
ok 199 - blocked incomplete sends retain bounded reservation; blocked group readers do not break viewing
  ---
  duration_ms: 404.087903
  type: 'test'
  ...
# Subtest: pending count/byte reservations and restored metadata ownership are bounded
ok 200 - pending count/byte reservations and restored metadata ownership are bounded
  ---
  duration_ms: 188.759985
  type: 'test'
  ...
# Subtest: a content-file directory flush error preserves the recorded operation instead of signing a replacement
ok 201 - a content-file directory flush error preserves the recorded operation instead of signing a replacement
  ---
  duration_ms: 153.449624
  type: 'test'
  ...
# Subtest: incoming read confirmation is journalled before its admission evicts the original
ok 202 - incoming read confirmation is journalled before its admission evicts the original
  ---
  duration_ms: 216.444062
  type: 'test'
  ...
# Subtest: read confirmation uses the signed roster when contact learning fails and can be reissued after eviction
ok 203 - read confirmation uses the signed roster when contact learning fails and can be reissued after eviction
  ---
  duration_ms: 180.040422
  type: 'test'
  ...
# Subtest: saved peer connection remains idempotent at capacity without opening another connection
ok 204 - saved peer connection remains idempotent at capacity without opening another connection
  ---
  duration_ms: 135.149925
  type: 'test'
  ...
# Subtest: snapshot crossing expiry during journal persistence keeps state and reservation consistent
ok 205 - snapshot crossing expiry during journal persistence keeps state and reservation consistent
  ---
  duration_ms: 1680.047716
  type: 'test'
  ...
# Subtest: snapshot crossing expiry during journal persistence keeps send and reservation consistent
ok 206 - snapshot crossing expiry during journal persistence keeps send and reservation consistent
  ---
  duration_ms: 1681.011492
  type: 'test'
  ...
# Subtest: snapshot crossing expiry during journal persistence keeps retry and reservation consistent
ok 207 - snapshot crossing expiry during journal persistence keeps retry and reservation consistent
  ---
  duration_ms: 1850.424915
  type: 'test'
  ...
# Subtest: an uncertain SQL completion at write 1 recovers the same outbox operation
ok 208 - an uncertain SQL completion at write 1 recovers the same outbox operation
  ---
  duration_ms: 163.440371
  type: 'test'
  ...
# Subtest: an uncertain SQL completion at write 2 recovers the same outbox operation
ok 209 - an uncertain SQL completion at write 2 recovers the same outbox operation
  ---
  duration_ms: 799.010097
  type: 'test'
  ...
# Subtest: outbox preview preserves full astral characters within its UTF-16 budget
ok 210 - outbox preview preserves full astral characters within its UTF-16 budget
  ---
  duration_ms: 0.323988
  type: 'test'
  ...
# (node:2452140) ExperimentalWarning: SQLite is an experimental feature and might change at any time
# (Use `node --trace-warnings ...` to show where the warning was created)
# Subtest: legacy semantic failures are rejected before creating a signed migration intent
ok 211 - legacy semantic failures are rejected before creating a signed migration intent
  ---
  duration_ms: 35.894355
  type: 'test'
  ...
# (node:2452147) ExperimentalWarning: SQLite is an experimental feature and might change at any time
# (Use `node --trace-warnings ...` to show where the warning was created)
# Subtest: signed initialization binds owner, random store ID and legacy ciphertext across phases
ok 212 - signed initialization binds owner, random store ID and legacy ciphertext across phases
  ---
  duration_ms: 10.517785
  type: 'test'
  ...
# Subtest: a signed intent can pin the exact new store before creation without allowing resets
ok 213 - a signed intent can pin the exact new store before creation without allowing resets
  ---
  duration_ms: 16.089073
  type: 'test'
  ...
# (node:2452154) ExperimentalWarning: SQLite is an experimental feature and might change at any time
# (Use `node --trace-warnings ...` to show where the warning was created)
# Subtest: staged import binds the actual legacy ciphertext and committed reopen never falls back
ok 214 - staged import binds the actual legacy ciphertext and committed reopen never falls back
  ---
  duration_ms: 67.316874
  type: 'test'
  ...
# Subtest: existing unbound, missing initialized and wrong-store databases fail without reset
ok 215 - existing unbound, missing initialized and wrong-store databases fail without reset
  ---
  duration_ms: 118.502135
  type: 'test'
  ...
# Subtest: changed legacy source cannot complete a signed preparation
ok 216 - changed legacy source cannot complete a signed preparation
  ---
  duration_ms: 24.847158
  type: 'test'
  ...
# Subtest: transaction wrapper cannot erase initialization or the current private document
ok 217 - transaction wrapper cannot erase initialization or the current private document
  ---
  duration_ms: 44.252159
  type: 'test'
  ...
# Subtest: real process death after prepared initialization boundary preserves resumable private bytes
ok 218 - real process death after prepared initialization boundary preserves resumable private bytes
  ---
  duration_ms: 205.283793
  type: 'test'
  ...
# Subtest: real process death after imported initialization boundary preserves resumable private bytes
ok 219 - real process death after imported initialization boundary preserves resumable private bytes
  ---
  duration_ms: 224.246444
  type: 'test'
  ...
# Subtest: real process death after committed initialization boundary preserves resumable private bytes
ok 220 - real process death after committed initialization boundary preserves resumable private bytes
  ---
  duration_ms: 214.762388
  type: 'test'
  ...
# Subtest: replay of the complete earlier initialization state is an explicit rollback limitation
ok 221 - replay of the complete earlier initialization state is an explicit rollback limitation
  ---
  duration_ms: 78.853269
  type: 'test'
  ...
# (node:2452244) ExperimentalWarning: SQLite is an experimental feature and might change at any time
# (Use `node --trace-warnings ...` to show where the warning was created)
# Subtest: one running owner per profile, another profile remains independent, close permits restart
ok 222 - one running owner per profile, another profile remains independent, close permits restart
  ---
  duration_ms: 16.710669
  type: 'test'
  ...
# Subtest: empty initialization can recover but foreign or malformed metadata is refused
ok 223 - empty initialization can recover but foreign or malformed metadata is refused
  ---
  duration_ms: 23.071126
  type: 'test'
  ...
# (node:2452273) ExperimentalWarning: SQLite is an experimental feature and might change at any time
# (Use `node --trace-warnings ...` to show where the warning was created)
# Subtest: runtime owns the profile through transport shutdown and rejects stale writes after recovery
ok 224 - runtime owns the profile through transport shutdown and rejects stale writes after recovery
  ---
  duration_ms: 301.70097
  type: 'test'
  ...
# Subtest: constructor failure releases ownership without resetting the existing profile
ok 225 - constructor failure releases ownership without resetting the existing profile
  ---
  duration_ms: 13.968586
  type: 'test'
  ...
# (node:2452380) ExperimentalWarning: SQLite is an experimental feature and might change at any time
# (Use `node --trace-warnings ...` to show where the warning was created)
# Subtest: chunked private state is encrypted, persists exactly and shrinks atomically
ok 226 - chunked private state is encrypted, persists exactly and shrinks atomically
  ---
  duration_ms: 93.754915
  type: 'test'
  ...
# Subtest: private state and an authority fence commit together or both roll back, with digest CAS
ok 227 - private state and an authority fence commit together or both roll back, with digest CAS
  ---
  duration_ms: 35.509383
  type: 'test'
  ...
# Subtest: missing, orphan and hash-mismatched chunks fail closed rather than yielding partial state
ok 228 - missing, orphan and hash-mismatched chunks fail closed rather than yielding partial state
  ---
  duration_ms: 79.007658
  type: 'test'
  ...
# Subtest: the full declared private-state byte bound fits while oversize input makes no writes
ok 229 - the full declared private-state byte bound fits while oversize input makes no writes
  ---
  duration_ms: 280.85749
  type: 'test'
  ...
# Subtest: UI runtime selection rejects an ambiguous alias and launches the actual requested engine
ok 230 - UI runtime selection rejects an ambiguous alias and launches the actual requested engine
  ---
  duration_ms: 342.987998
  type: 'test'
  ...
# Subtest: scenario timeout trace preserves the active operation without recording request secrets
ok 231 - scenario timeout trace preserves the active operation without recording request secrets
  ---
  duration_ms: 3.075438
  type: 'test'
  ...
# (node:2452588) ExperimentalWarning: SQLite is an experimental feature and might change at any time
# (Use `node --trace-warnings ...` to show where the warning was created)
# Subtest: inbound semantic ACL: forged public receipt/message and private wrong-reader mutation are hidden
ok 232 - inbound semantic ACL: forged public receipt/message and private wrong-reader mutation are hidden
  ---
  duration_ms: 244.87985
  type: 'test'
  ...
# Subtest: malformed unauthenticated HTTP paths return 400; service survives and auth boundary holds
ok 233 - malformed unauthenticated HTTP paths return 400; service survives and auth boundary holds
  ---
  duration_ms: 48.820877
  type: 'test'
  ...
# Subtest: private site draft and local deletion survive cache removal/restart without plaintext on disk
ok 234 - private site draft and local deletion survive cache removal/restart without plaintext on disk
  ---
  duration_ms: 358.762471
  type: 'test'
  ...
# Subtest: relay consent: no application-level cached serving while paused, positive control after enabling
ok 235 - relay consent: no application-level cached serving while paused, positive control after enabling
  ---
  duration_ms: 991.175357
  type: 'test'
  ...
# Subtest: deletion journal survives when publication itself evicts its unpinned original
ok 236 - deletion journal survives when publication itself evicts its unpinned original
  ---
  duration_ms: 169.803083
  type: 'test'
  ...
# Subtest: identity proof rejects small-order signing keys even when the underlying verifier accepts the equation
ok 237 - identity proof rejects small-order signing keys even when the underlying verifier accepts the equation
  ---
  duration_ms: 18.658261
  type: 'test'
  ...
# Subtest: the signing-key profile rejects all reference torsion points and noncanonical aliases without changing its input
ok 238 - the signing-key profile rejects all reference torsion points and noncanonical aliases without changing its input
  ---
  duration_ms: 13.337232
  type: 'test'
  ...
# Subtest: seeded virtual time is reproducible with independently generated secure fixtures
ok 239 - seeded virtual time is reproducible with independently generated secure fixtures
  ---
  duration_ms: 40.864997
  type: 'test'
  ...
# Subtest: loss, MTU fragmentation, partition/heal, low-power transition and SOS-before-bulk
ok 240 - loss, MTU fragmentation, partition/heal, low-power transition and SOS-before-bulk
  ---
  duration_ms: 9.495487
  type: 'test'
  ...
# Subtest: directed bandwidth, latency and MTU produce measurable asymmetric arrival times
ok 241 - directed bandwidth, latency and MTU produce measurable asymmetric arrival times
  ---
  duration_ms: 4.478589
  type: 'test'
  ...
# Subtest: congested bounded queues preserve SOS while bulk is deferred
ok 242 - congested bounded queues preserve SOS while bulk is deferred
  ---
  duration_ms: 6.586973
  type: 'test'
  ...
# Subtest: bounded cache distinguishes pinned exhaustion from unpinned eviction
ok 243 - bounded cache distinguishes pinned exhaustion from unpinned eviction
  ---
  duration_ms: 8.186122
  type: 'test'
  ...
# Subtest: TTL rejects in-flight expiration and retained replay respects the hop limit
ok 244 - TTL rejects in-flight expiration and retained replay respects the hop limit
  ---
  duration_ms: 4.674556
  type: 'test'
  ...
# Subtest: every-fourth-fragment fairness lets bulk advance during SOS pressure
ok 245 - every-fourth-fragment fairness lets bulk advance during SOS pressure
  ---
  duration_ms: 10.935538
  type: 'test'
  ...
# Subtest: real signature/chunk checks pass honest control and detect deliberately broken controls
ok 246 - real signature/chunk checks pass honest control and detect deliberately broken controls
  ---
  duration_ms: 15.760036
  type: 'test'
  ...
# Subtest: simulation rejects invalid transport bounds and complete report gates pass
ok 247 - simulation rejects invalid transport bounds and complete report gates pass
  ---
  duration_ms: 41.400672
  type: 'test'
  ...
# (node:2452773) ExperimentalWarning: SQLite is an experimental feature and might change at any time
# (Use `node --trace-warnings ...` to show where the warning was created)
# Subtest: failed application profile commit cannot publish and a failed public copy remains recoverable
ok 248 - failed application profile commit cannot publish and a failed public copy remains recoverable
  ---
  duration_ms: 753.840928
  type: 'test'
  ...
# Subtest: the real application recovers its exact publication after process exit between authorization and public storage
ok 249 - the real application recovers its exact publication after process exit between authorization and public storage
  ---
  duration_ms: 3481.711906
  type: 'test'
  ...
# Subtest: a known newer head without bytes never falls back to an older site, including after profile unlock
ok 250 - a known newer head without bytes never falls back to an older site, including after profile unlock
  ---
  duration_ms: 454.752598
  type: 'test'
  ...
# Subtest: blocking a private-site reader pauses a committed copy and clears the publication error after resumption
ok 251 - blocking a private-site reader pauses a committed copy and clears the publication error after resumption
  ---
  duration_ms: 324.389208
  type: 'test'
  ...
# Subtest: real application APIs preserve revision identity, resolve updates and serve a new reader after the author exits
ok 252 - real application APIs preserve revision identity, resolve updates and serve a new reader after the author exits
  ---
  duration_ms: 1781.60944
  type: 'test'
  ...
# Subtest: private site APIs preserve reading scope and generic publication cannot bypass version authority
ok 253 - private site APIs preserve reading scope and generic publication cannot bypass version authority
  ---
  duration_ms: 1627.225884
  type: 'test'
  ...
# Subtest: a valid outer signature cannot smuggle another owner snapshot into application storage through TCP
ok 254 - a valid outer signature cannot smuggle another owner snapshot into application storage through TCP
  ---
  duration_ms: 721.072585
  type: 'test'
  ...
# Subtest: two installations with the same owner preserve a fork until the owner explicitly confirms all known heads
ok 255 - two installations with the same owner preserve a fork until the owner explicitly confirms all known heads
  ---
  duration_ms: 1640.082246
  type: 'test'
  ...
# (node:2453902) ExperimentalWarning: SQLite is an experimental feature and might change at any time
# (Use `node --trace-warnings ...` to show where the warning was created)
# Subtest: actual process interruption at site prepare-before preserves the publication boundary
ok 256 - actual process interruption at site prepare-before preserves the publication boundary
  ---
  duration_ms: 352.296876
  type: 'test'
  ...
# Subtest: actual process interruption at site prepare-after preserves the publication boundary
ok 257 - actual process interruption at site prepare-after preserves the publication boundary
  ---
  duration_ms: 312.214406
  type: 'test'
  ...
# Subtest: actual process interruption at site commit-before preserves the publication boundary
ok 258 - actual process interruption at site commit-before preserves the publication boundary
  ---
  duration_ms: 319.904939
  type: 'test'
  ...
# Subtest: actual process interruption at site commit-after preserves the publication boundary
ok 259 - actual process interruption at site commit-after preserves the publication boundary
  ---
  duration_ms: 319.549101
  type: 'test'
  ...
# Subtest: actual process interruption at site copy preserves the publication boundary
ok 260 - actual process interruption at site copy preserves the publication boundary
  ---
  duration_ms: 360.018025
  type: 'test'
  ...
# (node:2454249) ExperimentalWarning: SQLite is an experimental feature and might change at any time
# (Use `node --trace-warnings ...` to show where the warning was created)
# Subtest: site transactions share the real bound application profile without changing its existing private state
ok 261 - site transactions share the real bound application profile without changing its existing private state
  ---
  duration_ms: 154.951891
  type: 'test'
  ...
# (node:2454282) ExperimentalWarning: SQLite is an experimental feature and might change at any time
# (Use `node --trace-warnings ...` to show where the warning was created)
# Subtest: catalog atomically persists preparation, authorization and exact public-copy recovery across database restart
ok 262 - catalog atomically persists preparation, authorization and exact public-copy recovery across database restart
  ---
  duration_ms: 211.324691
  type: 'test'
  ...
# Subtest: another signed head appearing before authorization supersedes a private preparation without publishing it
ok 263 - another signed head appearing before authorization supersedes a private preparation without publishing it
  ---
  duration_ms: 123.438772
  type: 'test'
  ...
# Subtest: staging capacity failure cannot leave a catalog entry, partial bundle or changed prior operation
ok 264 - staging capacity failure cannot leave a catalog entry, partial bundle or changed prior operation
  ---
  duration_ms: 95.113432
  type: 'test'
  ...
# Subtest: expired preparations remain recoverable as terminal outcomes without treating the profile as corrupt
ok 265 - expired preparations remain recoverable as terminal outcomes without treating the profile as corrupt
  ---
  duration_ms: 214.262912
  type: 'test'
  ...
# Subtest: public retries recover the exact first envelope; private retries cannot silently change a reading envelope
ok 266 - public retries recover the exact first envelope; private retries cannot silently change a reading envelope
  ---
  duration_ms: 123.464531
  type: 'test'
  ...
# Subtest: repeated verified observations do not rewrite the encrypted catalog
ok 267 - repeated verified observations do not rewrite the encrypted catalog
  ---
  duration_ms: 65.046847
  type: 'test'
  ...
# Subtest: complete declarative snapshots bind a signed revision to the payload and envelope signing owner
ok 268 - complete declarative snapshots bind a signed revision to the payload and envelope signing owner
  ---
  duration_ms: 86.098426
  type: 'test'
  ...
# Subtest: snapshots reject unsigned additions, malformed declarative documents and changed signed payloads
ok 269 - snapshots reject unsigned additions, malformed declarative documents and changed signed payloads
  ---
  duration_ms: 3.994711
  type: 'test'
  ...
# Subtest: Node and a real Go process agree on bounded declarative table vectors
ok 270 - Node and a real Go process agree on bounded declarative table vectors
  ---
  duration_ms: 873.815644
  type: 'test'
  ...
# Subtest: signed table projection sorts numeric values, keeps null last, and leaves source bytes unchanged
ok 271 - signed table projection sorts numeric values, keeps null last, and leaves source bytes unchanged
  ---
  duration_ms: 3.166989
  type: 'test'
  ...
# Subtest: literal search never evaluates code or patterns and pagination stays finite on empty and boundary queries
ok 272 - literal search never evaluates code or patterns and pagination stays finite on empty and boundary queries
  ---
  duration_ms: 1.900604
  type: 'test'
  ...
# Subtest: table shape, dates, links, column types and finite limits reject negative controls
ok 273 - table shape, dates, links, column types and finite limits reject negative controls
  ---
  duration_ms: 1.623103
  type: 'test'
  ...
# Subtest: nested getters and noncanonical arrays are rejected before executing accessors
ok 274 - nested getters and noncanonical arrays are rejected before executing accessors
  ---
  duration_ms: 0.452278
  type: 'test'
  ...
# Subtest: table byte quota counts UTF-8 bytes and canonical field names, with both sides of the boundary
ok 275 - table byte quota counts UTF-8 bytes and canonical field names, with both sides of the boundary
  ---
  duration_ms: 2.061886
  type: 'test'
  ...
# Subtest: CSV handles quoted commas, quotes and newlines as literal text without guessing numeric identities
ok 276 - CSV handles quoted commas, quotes and newlines as literal text without guessing numeric identities
  ---
  duration_ms: 1.132595
  type: 'test'
  ...
# Subtest: CSV export neutralises spreadsheet formulas without changing signed table values
ok 277 - CSV export neutralises spreadsheet formulas without changing signed table values
  ---
  duration_ms: 0.336861
  type: 'test'
  ...
# Subtest: typed editing preserves incomplete numbers for validation rather than erasing them
ok 278 - typed editing preserves incomplete numbers for validation rather than erasing them
  ---
  duration_ms: 0.342702
  type: 'test'
  ...
# Subtest: site schema: multipage with nested media and local navigation
ok 279 - site schema: multipage with nested media and local navigation
  ---
  duration_ms: 2.82049
  type: 'test'
  ...
# Subtest: site schema: literal HTML is data, never a block program
ok 280 - site schema: literal HTML is data, never a block program
  ---
  duration_ms: 0.537107
  type: 'test'
  ...
# Subtest: site schema: exact UTF-16 title boundary
ok 281 - site schema: exact UTF-16 title boundary
  ---
  duration_ms: 0.38918
  type: 'test'
  ...
# Subtest: site schema: unknown version
ok 282 - site schema: unknown version
  ---
  duration_ms: 0.233548
  type: 'test'
  ...
# Subtest: site schema: script property
ok 283 - site schema: script property
  ---
  duration_ms: 0.096632
  type: 'test'
  ...
# Subtest: site schema: arbitrary CSS
ok 284 - site schema: arbitrary CSS
  ---
  duration_ms: 0.081864
  type: 'test'
  ...
# Subtest: site schema: CSS URL injection
ok 285 - site schema: CSS URL injection
  ---
  duration_ms: 0.148619
  type: 'test'
  ...
# Subtest: site schema: duplicate pages
ok 286 - site schema: duplicate pages
  ---
  duration_ms: 0.105768
  type: 'test'
  ...
# Subtest: site schema: duplicate slugs
ok 287 - site schema: duplicate slugs
  ---
  duration_ms: 0.239278
  type: 'test'
  ...
# Subtest: site schema: duplicate nested node IDs
ok 288 - site schema: duplicate nested node IDs
  ---
  duration_ms: 0.372699
  type: 'test'
  ...
# Subtest: site schema: path traversal
ok 289 - site schema: path traversal
  ---
  duration_ms: 0.122901
  type: 'test'
  ...
# Subtest: site schema: missing home
ok 290 - site schema: missing home
  ---
  duration_ms: 0.085901
  type: 'test'
  ...
# Subtest: site schema: missing internal target
ok 291 - site schema: missing internal target
  ---
  duration_ms: 0.964959
  type: 'test'
  ...
# Subtest: site schema: javascript URL
ok 292 - site schema: javascript URL
  ---
  duration_ms: 0.161453
  type: 'test'
  ...
# Subtest: site schema: credentials in URL
ok 293 - site schema: credentials in URL
  ---
  duration_ms: 0.097543
  type: 'test'
  ...
# Subtest: site schema: HTTP URL
ok 294 - site schema: HTTP URL
  ---
  duration_ms: 0.091813
  type: 'test'
  ...
# Subtest: site schema: invalid high port
ok 295 - site schema: invalid high port
  ---
  duration_ms: 0.289473
  type: 'test'
  ...
# Subtest: site schema: query URL
ok 296 - site schema: query URL
  ---
  duration_ms: 0.476363
  type: 'test'
  ...
# Subtest: site schema: 13 pages
ok 297 - site schema: 13 pages
  ---
  duration_ms: 0.078918
  type: 'test'
  ...
# Subtest: site schema: 25 siblings
ok 298 - site schema: 25 siblings
  ---
  duration_ms: 0.105207
  type: 'test'
  ...
# Subtest: site schema: four levels
ok 299 - site schema: four levels
  ---
  duration_ms: 0.111099
  type: 'test'
  ...
# Subtest: site schema: 144 total nodes
ok 300 - site schema: 144 total nodes
  ---
  duration_ms: 0.420949
  type: 'test'
  ...
# Subtest: site schema: children on text
ok 301 - site schema: children on text
  ---
  duration_ms: 0.077275
  type: 'test'
  ...
# Subtest: site schema: body limit
ok 302 - site schema: body limit
  ---
  duration_ms: 0.070723
  type: 'test'
  ...
# Subtest: site schema: UTF-16 title overflow
ok 303 - site schema: UTF-16 title overflow
  ---
  duration_ms: 0.059993
  type: 'test'
  ...
# Subtest: site schema: fractional columns
ok 304 - site schema: fractional columns
  ---
  duration_ms: 0.077525
  type: 'test'
  ...
# Subtest: site schema: bad alignment
ok 305 - site schema: bad alignment
  ---
  duration_ms: 0.084278
  type: 'test'
  ...
# Subtest: site schema: missing media
ok 306 - site schema: missing media
  ---
  duration_ms: 0.094898
  type: 'test'
  ...
# Subtest: site schema: out of bounds media
ok 307 - site schema: out of bounds media
  ---
  duration_ms: 0.093957
  type: 'test'
  ...
# Subtest: site schema: SVG media
ok 308 - site schema: SVG media
  ---
  duration_ms: 0.048331
  type: 'test'
  ...
# Subtest: site schema: remote media field
ok 309 - site schema: remote media field
  ---
  duration_ms: 0.096461
  type: 'test'
  ...
# Subtest: site schema: fractional posts limit
ok 310 - site schema: fractional posts limit
  ---
  duration_ms: 0.098505
  type: 'test'
  ...
# Subtest: site schema: large document
ok 311 - site schema: large document
  ---
  duration_ms: 1.068053
  type: 'test'
  ...
# Subtest: site schema: empty composition at third level
ok 312 - site schema: empty composition at third level
  ---
  duration_ms: 0.183624
  type: 'test'
  ...
# Subtest: site schema: unreferenced executable attachment
ok 313 - site schema: unreferenced executable attachment
  ---
  duration_ms: 0.122961
  type: 'test'
  ...
# Subtest: site schema: invalid image base64 length
ok 314 - site schema: invalid image base64 length
  ---
  duration_ms: 0.061145
  type: 'test'
  ...
# Subtest: site schema: valid HTTPS escaped path
ok 315 - site schema: valid HTTPS escaped path
  ---
  duration_ms: 0.199505
  type: 'test'
  ...
# Subtest: site schema: valid HTTPS local IPv4
ok 316 - site schema: valid HTTPS local IPv4
  ---
  duration_ms: 0.279514
  type: 'test'
  ...
# Subtest: site schema: valid HTTPS international path
ok 317 - site schema: valid HTTPS international path
  ---
  duration_ms: 0.141916
  type: 'test'
  ...
# Subtest: site schema: invalid HTTPS percent escape
ok 318 - site schema: invalid HTTPS percent escape
  ---
  duration_ms: 0.089788
  type: 'test'
  ...
# Subtest: site schema: invalid HTTPS dangling percent
ok 319 - site schema: invalid HTTPS dangling percent
  ---
  duration_ms: 0.077525
  type: 'test'
  ...
# Subtest: site schema: invalid HTTPS Unicode whitespace
ok 320 - site schema: invalid HTTPS Unicode whitespace
  ---
  duration_ms: 0.076203
  type: 'test'
  ...
# Subtest: site schema: invalid HTTPS control character
ok 321 - site schema: invalid HTTPS control character
  ---
  duration_ms: 0.123041
  type: 'test'
  ...
# Subtest: site schema: invalid HTTPS IPv4 range
ok 322 - site schema: invalid HTTPS IPv4 range
  ---
  duration_ms: 0.092473
  type: 'test'
  ...
# Subtest: site schema: invalid HTTPS abbreviated IPv4
ok 323 - site schema: invalid HTTPS abbreviated IPv4
  ---
  duration_ms: 0.080511
  type: 'test'
  ...
# Subtest: site schema: invalid HTTPS numeric final DNS label
ok 324 - site schema: invalid HTTPS numeric final DNS label
  ---
  duration_ms: 0.085891
  type: 'test'
  ...
# Subtest: site schema: invalid HTTPS hexadecimal IP alias
ok 325 - site schema: invalid HTTPS hexadecimal IP alias
  ---
  duration_ms: 0.076914
  type: 'test'
  ...
# Subtest: site schema: invalid HTTPS octal IP alias
ok 326 - site schema: invalid HTTPS octal IP alias
  ---
  duration_ms: 0.079559
  type: 'test'
  ...
# Subtest: site schema: valid HTTPS local hostname
ok 327 - site schema: valid HTTPS local hostname
  ---
  duration_ms: 0.123672
  type: 'test'
  ...
# Subtest: site schema: invalid HTTPS hostname label
ok 328 - site schema: invalid HTTPS hostname label
  ---
  duration_ms: 0.09601
  type: 'test'
  ...
# Subtest: site schema: valid HTTPS IDN ASCII hostname
ok 329 - site schema: valid HTTPS IDN ASCII hostname
  ---
  duration_ms: 0.157566
  type: 'test'
  ...
# Subtest: site schema: version 2 typed table
ok 330 - site schema: version 2 typed table
  ---
  duration_ms: 0.681348
  type: 'test'
  ...
# Subtest: site schema: table rejected in version 1
ok 331 - site schema: table rejected in version 1
  ---
  duration_ms: 0.132579
  type: 'test'
  ...
# Subtest: site schema: table missing data
ok 332 - site schema: table missing data
  ---
  duration_ms: 1.129218
  type: 'test'
  ...
# Subtest: site schema: data on non-table block
ok 333 - site schema: data on non-table block
  ---
  duration_ms: 0.280446
  type: 'test'
  ...
# Subtest: site schema: table unknown field
ok 334 - site schema: table unknown field
  ---
  duration_ms: 0.128802
  type: 'test'
  ...
# Subtest: site schema: table repeated row identifier
ok 335 - site schema: table repeated row identifier
  ---
  duration_ms: 0.172694
  type: 'test'
  ...
# Subtest: site schema: table wrong typed number
ok 336 - site schema: table wrong typed number
  ---
  duration_ms: 0.13346
  type: 'test'
  ...
# Subtest: templates satisfy the same wire contract and produce unique block identities
ok 337 - templates satisfy the same wire contract and produce unique block identities
  ---
  duration_ms: 1.996304
  type: 'test'
  ...
# Subtest: site input rejects getters without invoking them
ok 338 - site input rejects getters without invoking them
  ---
  duration_ms: 0.25088
  type: 'test'
  ...
# Subtest: site total image budget is enforced outside the editor
ok 339 - site total image budget is enforced outside the editor
  ---
  duration_ms: 5.820236
  type: 'test'
  ...
# Subtest: image limit counts decoded bytes, including padding at the exact boundary
ok 340 - image limit counts decoded bytes, including padding at the exact boundary
  ---
  duration_ms: 8.507795
  type: 'test'
  ...
# Subtest: individually valid tables also consume the global 128 KiB document budget
ok 341 - individually valid tables also consume the global 128 KiB document budget
  ---
  duration_ms: 8.154853
  type: 'test'
  ...
# Subtest: draft context retains original base and exact pending request across serialisation without transferring ownership
ok 342 - draft context retains original base and exact pending request across serialisation without transferring ownership
  ---
  duration_ms: 2.235612
  type: 'test'
  ...
# Subtest: malformed or ambiguous draft context cannot replace valid private editing metadata
ok 343 - malformed or ambiguous draft context cannot replace valid private editing metadata
  ---
  duration_ms: 0.896371
  type: 'test'
  ...
# Subtest: versioned sites cross TCP and serial PTY, survive partition/heal and reach a new reader from a consenting offline-author seeder
ok 344 - versioned sites cross TCP and serial PTY, survive partition/heal and reach a new reader from a consenting offline-author seeder
  ---
  duration_ms: 7344.382068
  type: 'test'
  ...
# Subtest: page duplication preserves the source, shared assets and external links while remapping nested self-links
ok 345 - page duplication preserves the source, shared assets and external links while remapping nested self-links
  ---
  duration_ms: 4.962326
  type: 'test'
  ...
# Subtest: duplicate names/slugs remain bounded and unique with Unicode and the exact page cap
ok 346 - duplicate names/slugs remain bounded and unique with Unicode and the exact page cap
  ---
  duration_ms: 4.875283
  type: 'test'
  ...
# Subtest: page copying accepts exactly 128 nodes and refuses the next node without changing the draft
ok 347 - page copying accepts exactly 128 nodes and refuses the next node without changing the draft
  ---
  duration_ms: 3.619869
  type: 'test'
  ...
# Subtest: reordering preserves page identities, home and links and has no history-changing boundary step
ok 348 - reordering preserves page identities, home and links and has no history-changing boundary step
  ---
  duration_ms: 0.83155
  type: 'test'
  ...
# Subtest: copying is explicit authored content creation in the selected language and never mutates an invalid source
ok 349 - copying is explicit authored content creation in the selected language and never mutates an invalid source
  ---
  duration_ms: 0.905799
  type: 'test'
  ...
# (node:2456755) ExperimentalWarning: SQLite is an experimental feature and might change at any time
# (Use `node --trace-warnings ...` to show where the warning was created)
# Subtest: private site staging survives SQLite restart and does not expose signatures to the reading secret
ok 350 - private site staging survives SQLite restart and does not expose signatures to the reading secret
  ---
  duration_ms: 110.144512
  type: 'test'
  ...
# Subtest: private resource staging survives SQLite restart and does not expose signatures to the reading secret
ok 351 - private resource staging survives SQLite restart and does not expose signatures to the reading secret
  ---
  duration_ms: 90.810452
  type: 'test'
  ...
# Subtest: private staging quota failure aborts all record changes even when its error is caught
ok 352 - private staging quota failure aborts all record changes even when its error is caught
  ---
  duration_ms: 52.145662
  type: 'test'
  ...
# Subtest: private record handles expire at the synchronous transaction boundary
ok 353 - private record handles expire at the synchronous transaction boundary
  ---
  duration_ms: 21.290738
  type: 'test'
  ...
# Subtest: missing and transposed ciphertext are rejected even inside an otherwise authentic outer database
ok 354 - missing and transposed ciphertext are rejected even inside an otherwise authentic outer database
  ---
  duration_ms: 96.637441
  type: 'test'
  ...
# Subtest: node editor keeps one publication after a lost response and process restart; private version recovery preserves readers
ok 355 - node editor keeps one publication after a lost response and process restart; private version recovery preserves readers
  ---
  duration_ms: 2107.645928
  type: 'test'
  ...
# Subtest: node editor rejects stale and changed review bases, and can close a consumed competing attempt without claiming cancellation
ok 356 - node editor rejects stale and changed review bases, and can close a consumed competing attempt without claiming cancellation
  ---
  duration_ms: 2534.546293
  type: 'test'
  ...
# Subtest: node editor never sends before durable draft acknowledgement, keeps unknown submissions frozen, and fences a locked session
ok 357 - node editor never sends before durable draft acknowledgement, keeps unknown submissions frozen, and fences a locked session
  ---
  duration_ms: 1052.629787
  type: 'test'
  ...
# Subtest: native editor keeps one publication after a lost response and process restart; private version recovery preserves readers
ok 358 - native editor keeps one publication after a lost response and process restart; private version recovery preserves readers
  ---
  duration_ms: 1435.853421
  type: 'test'
  ...
# Subtest: native editor rejects stale and changed review bases, and can close a consumed competing attempt without claiming cancellation
ok 359 - native editor rejects stale and changed review bases, and can close a consumed competing attempt without claiming cancellation
  ---
  duration_ms: 2158.167615
  type: 'test'
  ...
# Subtest: native editor never sends before durable draft acknowledgement, keeps unknown submissions frozen, and fences a locked session
ok 360 - native editor never sends before durable draft acknowledgement, keeps unknown submissions frozen, and fences a locked session
  ---
  duration_ms: 739.954115
  type: 'test'
  ...
# Subtest: node editor can close an unadmitted request after a late fork changes only its base
ok 361 - node editor can close an unadmitted request after a late fork changes only its base
  ---
  duration_ms: 1913.014914
  type: 'test'
  ...
# Subtest: native editor can close an unadmitted request after a late fork changes only its base
ok 362 - native editor can close an unadmitted request after a late fork changes only its base
  ---
  duration_ms: 1857.921775
  type: 'test'
  ...
# Subtest: node editor can resume an earlier authorized copy without replacing the current draft
ok 363 - node editor can resume an earlier authorized copy without replacing the current draft
  ---
  duration_ms: 6441.744892
  type: 'test'
  ...
# Subtest: native editor can resume an earlier authorized copy without replacing the current draft
ok 364 - native editor can resume an earlier authorized copy without replacing the current draft
  ---
  duration_ms: 3811.180069
  type: 'test'
  ...
# Subtest: site sequence reservation is not publication; replay is stable and stale bases do not mutate state
ok 365 - site sequence reservation is not publication; replay is stable and stale bases do not mutate state
  ---
  duration_ms: 20.550099
  type: 'test'
  ...
# Subtest: a newer signed observation supersedes an unfinished publication and cannot roll back to older headers
ok 366 - a newer signed observation supersedes an unfinished publication and cannot roll back to older headers
  ---
  duration_ms: 9.766886
  type: 'test'
  ...
# Subtest: retired site operation sequences cannot be replayed as new writes
ok 367 - retired site operation sequences cannot be replayed as new writes
  ---
  duration_ms: 621.577947
  type: 'test'
  ...
# Subtest: a full site history can advance while the latest known header is retained without payloads
ok 368 - a full site history can advance while the latest known header is retained without payloads
  ---
  duration_ms: 654.520575
  type: 'test'
  ...
# Subtest: registry shape and single pending operation limits reject malformed state without invoking getters
ok 369 - registry shape and single pending operation limits reject malformed state without invoking getters
  ---
  duration_ms: 4.689234
  type: 'test'
  ...
# Subtest: equal-sequence signed concurrency changes the base before durable authorization
ok 370 - equal-sequence signed concurrency changes the base before durable authorization
  ---
  duration_ms: 5.046704
  type: 'test'
  ...
# Subtest: committed publication recovery is irreversible and never rolls back a newer signed head
ok 371 - committed publication recovery is irreversible and never rolls back a newer signed head
  ---
  duration_ms: 11.45381
  type: 'test'
  ...
# Subtest: cryptographic memoization is confined to one transition and cannot hide subsequent mutations
ok 372 - cryptographic memoization is confined to one transition and cannot hide subsequent mutations
  ---
  duration_ms: 125.383079
  type: 'test'
  ...
# (node:2459444) ExperimentalWarning: SQLite is an experimental feature and might change at any time
# (Use `node --trace-warnings ...` to show where the warning was created)
# Subtest: logical site publication replays the same public or private result before and after staging retirement
ok 373 - logical site publication replays the same public or private result before and after staging retirement
  ---
  duration_ms: 261.188674
  type: 'test'
  ...
# Subtest: request fingerprints bind exact reading cards, base, lifetime and document consistently across crypto runtimes
ok 374 - request fingerprints bind exact reading cards, base, lifetime and document consistently across crypto runtimes
  ---
  duration_ms: 25.708864
  type: 'test'
  ...
# (node:2459472) ExperimentalWarning: SQLite is an experimental feature and might change at any time
# (Use `node --trace-warnings ...` to show where the warning was created)
# Subtest: resource preparation is encrypted, survives reopen and returns the same reference after a lost response
ok 375 - resource preparation is encrypted, survives reopen and returns the same reference after a lost response
  ---
  duration_ms: 123.487825
  type: 'test'
  ...
# Subtest: resource quota failure rolls back counter and signatures, even when caught by an outer caller
ok 376 - resource quota failure rolls back counter and signatures, even when caught by an outer caller
  ---
  duration_ms: 106.846837
  type: 'test'
  ...
# Subtest: a different copy cannot finish an operation or consume its pending signature
ok 377 - a different copy cannot finish an operation or consume its pending signature
  ---
  duration_ms: 43.560903
  type: 'test'
  ...
# Subtest: expired preparation authenticates before disposal and never silently recreates the requested resource
ok 378 - expired preparation authenticates before disposal and never silently recreates the requested resource
  ---
  duration_ms: 1150.805242
  type: 'test'
  ...
# Subtest: a missing stage is corruption and is never interpreted as a fresh catalogue
ok 379 - a missing stage is corruption and is never interpreted as a fresh catalogue
  ---
  duration_ms: 50.359804
  type: 'test'
  ...
# Subtest: real process exit before-commit cannot duplicate or lose the resource creation identity
ok 380 - real process exit before-commit cannot duplicate or lose the resource creation identity
  ---
  duration_ms: 260.396719
  type: 'test'
  ...
# Subtest: real process exit after-commit cannot duplicate or lose the resource creation identity
ok 381 - real process exit after-commit cannot duplicate or lose the resource creation identity
  ---
  duration_ms: 253.798996
  type: 'test'
  ...
# Subtest: real process exit after-copy cannot duplicate or lose the resource creation identity
ok 382 - real process exit after-copy cannot duplicate or lose the resource creation identity
  ---
  duration_ms: 271.196743
  type: 'test'
  ...
# Subtest: real process exit after-ready cannot duplicate or lose the resource creation identity
ok 383 - real process exit after-ready cannot duplicate or lose the resource creation identity
  ---
  duration_ms: 256.724372
  type: 'test'
  ...
# Subtest: v3 accepts bounded optional references and duplicates a page without transferring resource authorship
ok 384 - v3 accepts bounded optional references and duplicates a page without transferring resource authorship
  ---
  duration_ms: 9.019776
  type: 'test'
  ...
# Subtest: Node and Go agree on v3 reference vectors, legacy compatibility and exact resource limits
ok 385 - Node and Go agree on v3 reference vectors, legacy compatibility and exact resource limits
  ---
  duration_ms: 593.173287
  type: 'test'
  ...
# Subtest: reference descriptors reject getters without executing them
ok 386 - reference descriptors reject getters without executing them
  ---
  duration_ms: 0.394099
  type: 'test'
  ...
# Subtest: resource insertion preserves the original filename while bounding a Unicode heading
ok 387 - resource insertion preserves the original filename while bounding a Unicode heading
  ---
  duration_ms: 0.356849
  type: 'test'
  ...
# Subtest: TypeScript and a real Go process agree on resource identity, canonical hashes, boundaries and reading scope
ok 388 - TypeScript and a real Go process agree on resource identity, canonical hashes, boundaries and reading scope
  ---
  duration_ms: 1093.043277
  type: 'test'
  ...
# Subtest: Node and Go agree on creation fingerprints, exact outcomes, retirement and malformed records
ok 389 - Node and Go agree on creation fingerprints, exact outcomes, retirement and malformed records
  ---
  duration_ms: 1304.93945
  type: 'test'
  ...
# Subtest: resource creation retries retain one signed identity and reject UUID reuse with a different request
ok 390 - resource creation retries retain one signed identity and reject UUID reuse with a different request
  ---
  duration_ms: 6.241896
  type: 'test'
  ...
# Subtest: a pending copy holds the slot; only its exact ciphertext may complete it
ok 391 - a pending copy holds the slot; only its exact ciphertext may complete it
  ---
  duration_ms: 2.891643
  type: 'test'
  ...
# Subtest: expired pending work remains a terminal outcome instead of silently signing a replacement
ok 392 - expired pending work remains a terminal outcome instead of silently signing a replacement
  ---
  duration_ms: 2.901502
  type: 'test'
  ...
# Subtest: retirement is bounded by committed sequence and cannot turn an old uncertain retry into new work
ok 393 - retirement is bounded by committed sequence and cannot turn an old uncertain retry into new work
  ---
  duration_ms: 751.150282
  type: 'test'
  ...
# Subtest: staging cannot change creator, size, scope or lifespan; private reader scope must include the owner
ok 394 - staging cannot change creator, size, scope or lifespan; private reader scope must include the owner
  ---
  duration_ms: 1.555527
  type: 'test'
  ...
# Subtest: untrusted local record and request getters are refused without execution
ok 395 - untrusted local record and request getters are refused without execution
  ---
  duration_ms: 0.28294
  type: 'test'
  ...
# (node:2460859) ExperimentalWarning: SQLite is an experimental feature and might change at any time
# (Use `node --trace-warnings ...` to show where the warning was created)
# Subtest: resource UI controller recovers a lost committed reply without creating another signature
ok 396 - resource UI controller recovers a lost committed reply without creating another signature
  ---
  duration_ms: 255.970077
  type: 'test'
  ...
# Subtest: resource UI retries an unconfirmed request only on explicit action and with the same UUID and payload
ok 397 - resource UI retries an unconfirmed request only on explicit action and with the same UUID and payload
  ---
  duration_ms: 242.887433
  type: 'test'
  ...
# Subtest: closing a resource UI session fences an in-flight result while the durable library remains recoverable
ok 398 - closing a resource UI session fences an in-flight result while the durable library remains recoverable
  ---
  duration_ms: 228.922603
  type: 'test'
  ...
# Subtest: resource library walks real history beyond the operation journal and retains third-party creators
ok 399 - resource library walks real history beyond the operation journal and retains third-party creators
  ---
  duration_ms: 2697.974471
  type: 'test'
  ...
# Subtest: resource sizes never round a nonempty small file down to zero
ok 400 - resource sizes never round a nonempty small file down to zero
  ---
  duration_ms: 13.323657
  type: 'test'
  ...
# Subtest: a table descriptor pins its complete canonical payload and returns owned data
ok 401 - a table descriptor pins its complete canonical payload and returns owned data
  ---
  duration_ms: 9.220712
  type: 'test'
  ...
# Subtest: verification of real encrypted envelopes precedes descriptor matching; a reader's valid signature cannot replace the referenced author
ok 402 - verification of real encrypted envelopes precedes descriptor matching; a reader's valid signature cannot replace the referenced author
  ---
  duration_ms: 13.615724
  type: 'test'
  ...
# Subtest: files have canonical base64, exact decoded boundaries and no executable rendering type
ok 403 - files have canonical base64, exact decoded boundaries and no executable rendering type
  ---
  duration_ms: 53.042704
  type: 'test'
  ...
# Subtest: a private resource never becomes public by reference and reader sets cannot silently expand
ok 404 - a private resource never becomes public by reference and reader sets cannot silently expand
  ---
  duration_ms: 0.811051
  type: 'test'
  ...
# Subtest: descriptor and nested data getters are refused without access, including reader arrays
ok 405 - descriptor and nested data getters are refused without access, including reader arrays
  ---
  duration_ms: 1.148354
  type: 'test'
  ...
# Subtest: site addresses are stable under display/read-card changes and reject ambiguous input
ok 406 - site addresses are stable under display/read-card changes and reject ambiguous input
  ---
  duration_ms: 37.483225
  type: 'test'
  ...
# Subtest: node signed snapshots bind the exact content and retain ownership when another reader can decrypt
ok 407 - node signed snapshots bind the exact content and retain ownership when another reader can decrypt
  ---
  duration_ms: 9.225822
  type: 'test'
  ...
# Subtest: node orders revisions by signed sequence, reports forks and does not let replay replace a known head
ok 408 - node orders revisions by signed sequence, reports forks and does not let replay replace a known head
  ---
  duration_ms: 11.139641
  type: 'test'
  ...
# Subtest: node rejects malformed certificates without invoking getters and enforces finite history/signature bounds
ok 409 - node rejects malformed certificates without invoking getters and enforces finite history/signature bounds
  ---
  duration_ms: 18.333802
  type: 'test'
  ...
# Subtest: portable signed snapshots bind the exact content and retain ownership when another reader can decrypt
ok 410 - portable signed snapshots bind the exact content and retain ownership when another reader can decrypt
  ---
  duration_ms: 66.10975
  type: 'test'
  ...
# Subtest: portable orders revisions by signed sequence, reports forks and does not let replay replace a known head
ok 411 - portable orders revisions by signed sequence, reports forks and does not let replay replace a known head
  ---
  duration_ms: 97.994726
  type: 'test'
  ...
# Subtest: portable rejects malformed certificates without invoking getters and enforces finite history/signature bounds
ok 412 - portable rejects malformed certificates without invoking getters and enforces finite history/signature bounds
  ---
  duration_ms: 42.36484
  type: 'test'
  ...
# Subtest: Node and portable crypto produce identical snapshot bytes/signatures and verify each other
ok 413 - Node and portable crypto produce identical snapshot bytes/signatures and verify each other
  ---
  duration_ms: 10.769507
  type: 'test'
  ...
# (node:2461299) ExperimentalWarning: SQLite is an experimental feature and might change at any time
# (Use `node --trace-warnings ...` to show where the warning was created)
# Subtest: large valid cache produces bounded pages and exact authorized attachments on demand
ok 414 - large valid cache produces bounded pages and exact authorized attachments on demand
  ---
  duration_ms: 5535.667054
  type: 'test'
  ...
# Subtest: received author deletion persists before evicting its original, and denied attachments stay unavailable
ok 415 - received author deletion persists before evicting its original, and denied attachments stay unavailable
  ---
  duration_ms: 274.360336
  type: 'test'
  ...
# Subtest: request tracking is bounded even when transport rejects every broadcast
ok 416 - request tracking is bounded even when transport rejects every broadcast
  ---
  duration_ms: 186.696664
  type: 'test'
  ...
# Subtest: unknown post extension data does not crash or inflate summaries
ok 417 - unknown post extension data does not crash or inflate summaries
  ---
  duration_ms: 352.199463
  type: 'test'
  ...
# Subtest: summary reuse remains bound to verified disk bytes and unlocked identity
ok 418 - summary reuse remains bound to verified disk bytes and unlocked identity
  ---
  duration_ms: 187.660291
  type: 'test'
  ...
# Subtest: collections and following integrate with encrypted persistence and hashed peer retrieval respects read ACL
ok 419 - collections and following integrate with encrypted persistence and hashed peer retrieval respects read ACL
  ---
  duration_ms: 2032.43503
  type: 'test'
  ...
# Subtest: collection create, rename, add, remove and delete are immutable local transitions
ok 420 - collection create, rename, add, remove and delete are immutable local transitions
  ---
  duration_ms: 2.742182
  type: 'test'
  ...
# Subtest: collection identity, title and timestamp rules reject ambiguous metadata
ok 421 - collection identity, title and timestamp rules reject ambiguous metadata
  ---
  duration_ms: 1.201894
  type: 'test'
  ...
# Subtest: prototype, accessor, unknown field and sparse-array inputs fail without executing metadata
ok 422 - prototype, accessor, unknown field and sparse-array inputs fail without executing metadata
  ---
  duration_ms: 0.470111
  type: 'test'
  ...
# Subtest: collection ownership cannot be transferred by a command or mixed across identity vaults
ok 423 - collection ownership cannot be transferred by a command or mixed across identity vaults
  ---
  duration_ms: 0.348684
  type: 'test'
  ...
# Subtest: collection and membership quotas reject atomically while allowing idempotent operations
ok 424 - collection and membership quotas reject atomically while allowing idempotent operations
  ---
  duration_ms: 7.427278
  type: 'test'
  ...
# Subtest: recovered collections reject duplicate identifiers, titles, members and excessive total memberships
ok 425 - recovered collections reject duplicate identifiers, titles, members and excessive total memberships
  ---
  duration_ms: 2.640271
  type: 'test'
  ...
# Subtest: content references remain canonical hashes and convey neither reader access nor authorship
ok 426 - content references remain canonical hashes and convey neither reader access nor authorship
  ---
  duration_ms: 9.429814
  type: 'test'
  ...
# Subtest: followed feed selects posts and alerts from followed authors without changing caller order or access
ok 427 - followed feed selects posts and alerts from followed authors without changing caller order or access
  ---
  duration_ms: 0.409768
  type: 'test'
  ...
# Subtest: authenticated historical decoding does not make expired content admissible or decryptable by another identity
ok 428 - authenticated historical decoding does not make expired content admissible or decryptable by another identity
  ---
  duration_ms: 23.728028
  type: 'test'
  ...
# Subtest: historical time extraction rejects accessors without invoking them
ok 429 - historical time extraction rejects accessors without invoking them
  ---
  duration_ms: 0.968747
  type: 'test'
  ...
# Subtest: new small-message arrivals cannot repeatedly take the bulk fairness turn
ok 430 - new small-message arrivals cannot repeatedly take the bulk fairness turn
  ---
  duration_ms: 23.079092
  type: 'test'
  ...
# Subtest: local cancellation removes an actual queued TCP transfer and its reconnect copy
ok 431 - local cancellation removes an actual queued TCP transfer and its reconnect copy
  ---
  duration_ms: 674.282868
  type: 'test'
  ...
# Subtest: local cancellation negative control delivers an actual queued TCP transfer and its reconnect copy
ok 432 - local cancellation negative control delivers an actual queued TCP transfer and its reconnect copy
  ---
  duration_ms: 665.70439
  type: 'test'
  ...
# Subtest: local cancellation leaves another origin's retained relay packet intact
ok 433 - local cancellation leaves another origin's retained relay packet intact
  ---
  duration_ms: 484.383827
  type: 'test'
  ...
# Subtest: TCP parser handles split/coalesced frames, rejects tamper and replays only once
ok 434 - TCP parser handles split/coalesced frames, rejects tamper and replays only once
  ---
  duration_ms: 94.849487
  type: 'test'
  ...
# Subtest: non-reading TCP duplicate flood coalesces and bounds control output
ok 435 - non-reading TCP duplicate flood coalesces and bounds control output
  ---
  duration_ms: 52.475761
  type: 'test'
  ...
# Subtest: TCP malformed frame and unfinished-line floods disconnect and release state
ok 436 - TCP malformed frame and unfinished-line floods disconnect and release state
  ---
  duration_ms: 23.516713
  type: 'test'
  ...
# Subtest: distinct TCP packets cannot grow the ACK queue or exceed its output rate
ok 437 - distinct TCP packets cannot grow the ACK queue or exceed its output rate
  ---
  duration_ms: 156.169394
  type: 'test'
  ...
# Subtest: TCP incomplete assemblies have count and aggregate memory bounds
ok 438 - TCP incomplete assemblies have count and aggregate memory bounds
  ---
  duration_ms: 2263.559423
  type: 'test'
  ...
# Subtest: expired packets, invalid TTLs and exhausted hop limits never relay
ok 439 - expired packets, invalid TTLs and exhausted hop limits never relay
  ---
  duration_ms: 133.510251
  type: 'test'
  ...
# Subtest: queued expiry and stopped sockets release bounded output under backpressure
ok 440 - queued expiry and stopped sockets release bounded output under backpressure
  ---
  duration_ms: 409.525431
  type: 'test'
  ...
# Subtest: partial TCP loss retries exact bytes and missing ACK retries without duplicate delivery
ok 441 - partial TCP loss retries exact bytes and missing ACK retries without duplicate delivery
  ---
  duration_ms: 4412.158685
  type: 'test'
  ...
# Subtest: TCP reconnect delivers a partial transfer and packets created during the partition
ok 442 - TCP reconnect delivers a partial transfer and packets created during the partition
  ---
  duration_ms: 1081.467768
  type: 'test'
  ...
# Subtest: turning relay off cancels queued forwarded fragments and keeps local SOS available
ok 443 - turning relay off cancels queued forwarded fragments and keeps local SOS available
  ---
  duration_ms: 118.388011
  type: 'test'
  ...
# Subtest: relay pause cancels queued local seeding and prevents retained offline replay
ok 444 - relay pause cancels queued local seeding and prevents retained offline replay
  ---
  duration_ms: 134.109755
  type: 'test'
  ...
# Subtest: real TCP fragments preempt bulk for SOS while preserving bulk fairness
ok 445 - real TCP fragments preempt bulk for SOS while preserving bulk fairness
  ---
  duration_ms: 84.4851
  type: 'test'
  ...
# Subtest: many in-progress SOS transfers leave admission capacity for bulk fairness
ok 446 - many in-progress SOS transfers leave admission capacity for bulk fairness
  ---
  duration_ms: 48.849931
  type: 'test'
  ...
# Subtest: real serialport PTY fragments preempt bulk for SOS with the same fairness
ok 447 - real serialport PTY fragments preempt bulk for SOS with the same fairness
  ---
  duration_ms: 150.262067
  type: 'test'
  ...
# Subtest: POSIX poller regression: read rearm must preserve an outstanding write watch
ok 448 - POSIX poller regression: read rearm must preserve an outstanding write watch
  ---
  duration_ms: 0.968677
  type: 'test'
  ...
# Subtest: serial write deadline covers one frame at configured baud while bounding a stalled writer
ok 449 - serial write deadline covers one frame at configured baud while bounding a stalled writer
  ---
  duration_ms: 0.170139
  type: 'test'
  ...
# Subtest: real serial PTY recovers an injected stuck write through bounded reconnect and exact replay
ok 450 - real serial PTY recovers an injected stuck write through bounded reconnect and exact replay
  ---
  duration_ms: 6161.167857
  type: 'test'
  ...
# Subtest: real TCP transfer, two-hop forwarding and relay-off negative control
ok 451 - real TCP transfer, two-hop forwarding and relay-off negative control
  ---
  duration_ms: 913.100659
  type: 'test'
  ...
# Subtest: validation rejection prevents display and relay; positive valid control
ok 452 - validation rejection prevents display and relay; positive valid control
  ---
  duration_ms: 533.109926
  type: 'test'
  ...
# Subtest: interface preference schema rejects unrelated authority fields and does not invoke getters
ok 453 - interface preference schema rejects unrelated authority fields and does not invoke getters
  ---
  duration_ms: 1.059226
  type: 'test'
  ...
# Subtest: bounded preference file preserves prior values on invalid patches or corrupted storage
ok 454 - bounded preference file preserves prior values on invalid patches or corrupted storage
  ---
  duration_ms: 19.672172
  type: 'test'
  ...
# Subtest: preferences do not read through a symbolic link
ok 455 - preferences do not read through a symbolic link
  ---
  duration_ms: 0.800672
  type: 'test'
  ...
# Subtest: Node web-peer API separates keys, relay consent and control authority, and enforces explicit revocation
ok 456 - Node web-peer API separates keys, relay consent and control authority, and enforces explicit revocation
  ---
  duration_ms: 628.070793
  type: 'test'
  ...
# Subtest: websocket invitations require exact origin/capability, preserve eight slots, and carry no control API
ok 457 - websocket invitations require exact origin/capability, preserve eight slots, and carry no control API
  ---
  duration_ms: 51.22206
  type: 'test'
  ...
# Subtest: websocket expiry closes active connections and non-loopback cleartext listeners are refused
ok 458 - websocket expiry closes active connections and non-loopback cleartext listeners are refused
  ---
  duration_ms: 1003.891043
  type: 'test'
  ...
1..458
# tests 461
# suites 0
# pass 461
# fail 0
# cancelled 0
# skipped 0
# todo 0
# duration_ms 470449.392553
