{"Time":"2026-09-14T16:41:00.452231332+01:00","Action":"start","Package":"github.com/JohnnyPBelo/relayloom/native/core"}
{"Time":"2026-09-14T16:41:00.459783233+01:00","Action":"run","Package":"github.com/JohnnyPBelo/relayloom/native/core","Test":"TestCanonicalJavaScriptVectors"}
{"Time":"2026-09-14T16:41:00.459835811+01:00","Action":"output","Package":"github.com/JohnnyPBelo/relayloom/native/core","Test":"TestCanonicalJavaScriptVectors","Output":"=== RUN   TestCanonicalJavaScriptVectors\n"}
{"Time":"2026-09-14T16:41:00.459959002+01:00","Action":"output","Package":"github.com/JohnnyPBelo/relayloom/native/core","Test":"TestCanonicalJavaScriptVectors","Output":"--- PASS: TestCanonicalJavaScriptVectors (0.00s)\n"}
{"Time":"2026-09-14T16:41:00.459972518+01:00","Action":"pass","Package":"github.com/JohnnyPBelo/relayloom/native/core","Test":"TestCanonicalJavaScriptVectors","Elapsed":0}
{"Time":"2026-09-14T16:41:00.459982917+01:00","Action":"run","Package":"github.com/JohnnyPBelo/relayloom/native/core","Test":"TestParserBoundsAndMalformedData"}
{"Time":"2026-09-14T16:41:00.459986364+01:00","Action":"output","Package":"github.com/JohnnyPBelo/relayloom/native/core","Test":"TestParserBoundsAndMalformedData","Output":"=== RUN   TestParserBoundsAndMalformedData\n"}
{"Time":"2026-09-14T16:41:00.4600644+01:00","Action":"output","Package":"github.com/JohnnyPBelo/relayloom/native/core","Test":"TestParserBoundsAndMalformedData","Output":"--- PASS: TestParserBoundsAndMalformedData (0.00s)\n"}
{"Time":"2026-09-14T16:41:00.460074178+01:00","Action":"pass","Package":"github.com/JohnnyPBelo/relayloom/native/core","Test":"TestParserBoundsAndMalformedData","Elapsed":0}
{"Time":"2026-09-14T16:41:00.46008591+01:00","Action":"run","Package":"github.com/JohnnyPBelo/relayloom/native/core","Test":"TestIdentityAuthorityAndVaultRecovery"}
{"Time":"2026-09-14T16:41:00.460088405+01:00","Action":"output","Package":"github.com/JohnnyPBelo/relayloom/native/core","Test":"TestIdentityAuthorityAndVaultRecovery","Output":"=== RUN   TestIdentityAuthorityAndVaultRecovery\n"}
{"Time":"2026-09-14T16:41:01.984265955+01:00","Action":"output","Package":"github.com/JohnnyPBelo/relayloom/native/core","Test":"TestIdentityAuthorityAndVaultRecovery","Output":"--- PASS: TestIdentityAuthorityAndVaultRecovery (1.52s)\n"}
{"Time":"2026-09-14T16:41:01.984313003+01:00","Action":"pass","Package":"github.com/JohnnyPBelo/relayloom/native/core","Test":"TestIdentityAuthorityAndVaultRecovery","Elapsed":1.52}
{"Time":"2026-09-14T16:41:01.98432202+01:00","Action":"run","Package":"github.com/JohnnyPBelo/relayloom/native/core","Test":"TestBundleReaderDoesNotBecomeAuthor"}
{"Time":"2026-09-14T16:41:01.984325266+01:00","Action":"output","Package":"github.com/JohnnyPBelo/relayloom/native/core","Test":"TestBundleReaderDoesNotBecomeAuthor","Output":"=== RUN   TestBundleReaderDoesNotBecomeAuthor\n"}
{"Time":"2026-09-14T16:41:02.006255456+01:00","Action":"output","Package":"github.com/JohnnyPBelo/relayloom/native/core","Test":"TestBundleReaderDoesNotBecomeAuthor","Output":"--- PASS: TestBundleReaderDoesNotBecomeAuthor (0.02s)\n"}
{"Time":"2026-09-14T16:41:02.006291244+01:00","Action":"pass","Package":"github.com/JohnnyPBelo/relayloom/native/core","Test":"TestBundleReaderDoesNotBecomeAuthor","Elapsed":0.02}
{"Time":"2026-09-14T16:41:02.006302274+01:00","Action":"run","Package":"github.com/JohnnyPBelo/relayloom/native/core","Test":"TestManifestBoundsExpiryAndKeySeparation"}
{"Time":"2026-09-14T16:41:02.006306192+01:00","Action":"output","Package":"github.com/JohnnyPBelo/relayloom/native/core","Test":"TestManifestBoundsExpiryAndKeySeparation","Output":"=== RUN   TestManifestBoundsExpiryAndKeySeparation\n"}
{"Time":"2026-09-14T16:41:02.421355235+01:00","Action":"output","Package":"github.com/JohnnyPBelo/relayloom/native/core","Test":"TestManifestBoundsExpiryAndKeySeparation","Output":"--- PASS: TestManifestBoundsExpiryAndKeySeparation (0.41s)\n"}
{"Time":"2026-09-14T16:41:02.421410348+01:00","Action":"pass","Package":"github.com/JohnnyPBelo/relayloom/native/core","Test":"TestManifestBoundsExpiryAndKeySeparation","Elapsed":0.41}
{"Time":"2026-09-14T16:41:02.421426308+01:00","Action":"run","Package":"github.com/JohnnyPBelo/relayloom/native/core","Test":"TestStoreRestartDedupCountPinsAndDiskVerification"}
{"Time":"2026-09-14T16:41:02.421431658+01:00","Action":"output","Package":"github.com/JohnnyPBelo/relayloom/native/core","Test":"TestStoreRestartDedupCountPinsAndDiskVerification","Output":"=== RUN   TestStoreRestartDedupCountPinsAndDiskVerification\n"}
{"Time":"2026-09-14T16:41:02.610223555+01:00","Action":"output","Package":"github.com/JohnnyPBelo/relayloom/native/core","Test":"TestStoreRestartDedupCountPinsAndDiskVerification","Output":"--- PASS: TestStoreRestartDedupCountPinsAndDiskVerification (0.19s)\n"}
{"Time":"2026-09-14T16:41:02.610263049+01:00","Action":"pass","Package":"github.com/JohnnyPBelo/relayloom/native/core","Test":"TestStoreRestartDedupCountPinsAndDiskVerification","Elapsed":0.19}
{"Time":"2026-09-14T16:41:02.610274942+01:00","Action":"run","Package":"github.com/JohnnyPBelo/relayloom/native/core","Test":"TestStoreMetadataReadDoesNotTouchLRU"}
{"Time":"2026-09-14T16:41:02.610278097+01:00","Action":"output","Package":"github.com/JohnnyPBelo/relayloom/native/core","Test":"TestStoreMetadataReadDoesNotTouchLRU","Output":"=== RUN   TestStoreMetadataReadDoesNotTouchLRU\n"}
{"Time":"2026-09-14T16:41:02.650833732+01:00","Action":"output","Package":"github.com/JohnnyPBelo/relayloom/native/core","Test":"TestStoreMetadataReadDoesNotTouchLRU","Output":"--- PASS: TestStoreMetadataReadDoesNotTouchLRU (0.04s)\n"}
{"Time":"2026-09-14T16:41:02.650855984+01:00","Action":"pass","Package":"github.com/JohnnyPBelo/relayloom/native/core","Test":"TestStoreMetadataReadDoesNotTouchLRU","Elapsed":0.04}
{"Time":"2026-09-14T16:41:02.65086467+01:00","Action":"run","Package":"github.com/JohnnyPBelo/relayloom/native/core","Test":"TestQuotaRejectionPreservesObjectsAndMalformedIndexFailsSafely"}
{"Time":"2026-09-14T16:41:02.650867615+01:00","Action":"output","Package":"github.com/JohnnyPBelo/relayloom/native/core","Test":"TestQuotaRejectionPreservesObjectsAndMalformedIndexFailsSafely","Output":"=== RUN   TestQuotaRejectionPreservesObjectsAndMalformedIndexFailsSafely\n"}
{"Time":"2026-09-14T16:41:03.694666815+01:00","Action":"output","Package":"github.com/JohnnyPBelo/relayloom/native/core","Test":"TestQuotaRejectionPreservesObjectsAndMalformedIndexFailsSafely","Output":"--- PASS: TestQuotaRejectionPreservesObjectsAndMalformedIndexFailsSafely (1.04s)\n"}
{"Time":"2026-09-14T16:41:03.694704215+01:00","Action":"pass","Package":"github.com/JohnnyPBelo/relayloom/native/core","Test":"TestQuotaRejectionPreservesObjectsAndMalformedIndexFailsSafely","Elapsed":1.04}
{"Time":"2026-09-14T16:41:03.694716128+01:00","Action":"run","Package":"github.com/JohnnyPBelo/relayloom/native/core","Test":"TestPasswordUnpairedSurrogatesMatchNodeUTF8"}
{"Time":"2026-09-14T16:41:03.694719384+01:00","Action":"output","Package":"github.com/JohnnyPBelo/relayloom/native/core","Test":"TestPasswordUnpairedSurrogatesMatchNodeUTF8","Output":"=== RUN   TestPasswordUnpairedSurrogatesMatchNodeUTF8\n"}
{"Time":"2026-09-14T16:41:04.741088633+01:00","Action":"output","Package":"github.com/JohnnyPBelo/relayloom/native/core","Test":"TestPasswordUnpairedSurrogatesMatchNodeUTF8","Output":"--- PASS: TestPasswordUnpairedSurrogatesMatchNodeUTF8 (1.05s)\n"}
{"Time":"2026-09-14T16:41:04.741126253+01:00","Action":"pass","Package":"github.com/JohnnyPBelo/relayloom/native/core","Test":"TestPasswordUnpairedSurrogatesMatchNodeUTF8","Elapsed":1.05}
{"Time":"2026-09-14T16:41:04.741137194+01:00","Action":"run","Package":"github.com/JohnnyPBelo/relayloom/native/core","Test":"TestStructuralParserBudget"}
{"Time":"2026-09-14T16:41:04.74114065+01:00","Action":"output","Package":"github.com/JohnnyPBelo/relayloom/native/core","Test":"TestStructuralParserBudget","Output":"=== RUN   TestStructuralParserBudget\n"}
{"Time":"2026-09-14T16:41:04.800719705+01:00","Action":"output","Package":"github.com/JohnnyPBelo/relayloom/native/core","Test":"TestStructuralParserBudget","Output":"--- PASS: TestStructuralParserBudget (0.06s)\n"}
{"Time":"2026-09-14T16:41:04.800764178+01:00","Action":"pass","Package":"github.com/JohnnyPBelo/relayloom/native/core","Test":"TestStructuralParserBudget","Elapsed":0.06}
{"Time":"2026-09-14T16:41:04.800776381+01:00","Action":"run","Package":"github.com/JohnnyPBelo/relayloom/native/core","Test":"TestStoredFingerprintChecksBytesDespiteRestoredTimestamp"}
{"Time":"2026-09-14T16:41:04.800780309+01:00","Action":"output","Package":"github.com/JohnnyPBelo/relayloom/native/core","Test":"TestStoredFingerprintChecksBytesDespiteRestoredTimestamp","Output":"=== RUN   TestStoredFingerprintChecksBytesDespiteRestoredTimestamp\n"}
{"Time":"2026-09-14T16:41:04.81851897+01:00","Action":"output","Package":"github.com/JohnnyPBelo/relayloom/native/core","Test":"TestStoredFingerprintChecksBytesDespiteRestoredTimestamp","Output":"--- PASS: TestStoredFingerprintChecksBytesDespiteRestoredTimestamp (0.02s)\n"}
{"Time":"2026-09-14T16:41:04.818531022+01:00","Action":"pass","Package":"github.com/JohnnyPBelo/relayloom/native/core","Test":"TestStoredFingerprintChecksBytesDespiteRestoredTimestamp","Elapsed":0.02}
{"Time":"2026-09-14T16:41:04.818542113+01:00","Action":"run","Package":"github.com/JohnnyPBelo/relayloom/native/core","Test":"TestReservationsSurviveRestartAndPressureWithoutChangingPins"}
{"Time":"2026-09-14T16:41:04.818545499+01:00","Action":"output","Package":"github.com/JohnnyPBelo/relayloom/native/core","Test":"TestReservationsSurviveRestartAndPressureWithoutChangingPins","Output":"=== RUN   TestReservationsSurviveRestartAndPressureWithoutChangingPins\n"}
{"Time":"2026-09-14T16:41:04.866822141+01:00","Action":"output","Package":"github.com/JohnnyPBelo/relayloom/native/core","Test":"TestReservationsSurviveRestartAndPressureWithoutChangingPins","Output":"--- PASS: TestReservationsSurviveRestartAndPressureWithoutChangingPins (0.05s)\n"}
{"Time":"2026-09-14T16:41:04.866862867+01:00","Action":"pass","Package":"github.com/JohnnyPBelo/relayloom/native/core","Test":"TestReservationsSurviveRestartAndPressureWithoutChangingPins","Elapsed":0.05}
{"Time":"2026-09-14T16:41:04.866872185+01:00","Action":"run","Package":"github.com/JohnnyPBelo/relayloom/native/core","Test":"TestReservationByteQuotaRefusalIsAtomic"}
{"Time":"2026-09-14T16:41:04.866879859+01:00","Action":"output","Package":"github.com/JohnnyPBelo/relayloom/native/core","Test":"TestReservationByteQuotaRefusalIsAtomic","Output":"=== RUN   TestReservationByteQuotaRefusalIsAtomic\n"}
{"Time":"2026-09-14T16:41:05.41581078+01:00","Action":"output","Package":"github.com/JohnnyPBelo/relayloom/native/core","Test":"TestReservationByteQuotaRefusalIsAtomic","Output":"--- PASS: TestReservationByteQuotaRefusalIsAtomic (0.55s)\n"}
{"Time":"2026-09-14T16:41:05.41585379+01:00","Action":"pass","Package":"github.com/JohnnyPBelo/relayloom/native/core","Test":"TestReservationByteQuotaRefusalIsAtomic","Elapsed":0.55}
{"Time":"2026-09-14T16:41:05.41586408+01:00","Action":"run","Package":"github.com/JohnnyPBelo/relayloom/native/core","Test":"TestReservationDoesNotExtendSignedExpiry"}
{"Time":"2026-09-14T16:41:05.415867296+01:00","Action":"output","Package":"github.com/JohnnyPBelo/relayloom/native/core","Test":"TestReservationDoesNotExtendSignedExpiry","Output":"=== RUN   TestReservationDoesNotExtendSignedExpiry\n"}
{"Time":"2026-09-14T16:41:06.540995603+01:00","Action":"output","Package":"github.com/JohnnyPBelo/relayloom/native/core","Test":"TestReservationDoesNotExtendSignedExpiry","Output":"--- PASS: TestReservationDoesNotExtendSignedExpiry (1.13s)\n"}
{"Time":"2026-09-14T16:41:06.541035959+01:00","Action":"pass","Package":"github.com/JohnnyPBelo/relayloom/native/core","Test":"TestReservationDoesNotExtendSignedExpiry","Elapsed":1.13}
{"Time":"2026-09-14T16:41:06.541046138+01:00","Action":"run","Package":"github.com/JohnnyPBelo/relayloom/native/core","Test":"TestReservationCorruptionCannotReleaseExistingProtection"}
{"Time":"2026-09-14T16:41:06.541049324+01:00","Action":"output","Package":"github.com/JohnnyPBelo/relayloom/native/core","Test":"TestReservationCorruptionCannotReleaseExistingProtection","Output":"=== RUN   TestReservationCorruptionCannotReleaseExistingProtection\n"}
{"Time":"2026-09-14T16:41:06.575017586+01:00","Action":"output","Package":"github.com/JohnnyPBelo/relayloom/native/core","Test":"TestReservationCorruptionCannotReleaseExistingProtection","Output":"--- PASS: TestReservationCorruptionCannotReleaseExistingProtection (0.03s)\n"}
{"Time":"2026-09-14T16:41:06.575037143+01:00","Action":"pass","Package":"github.com/JohnnyPBelo/relayloom/native/core","Test":"TestReservationCorruptionCannotReleaseExistingProtection","Elapsed":0.03}
{"Time":"2026-09-14T16:41:06.575045008+01:00","Action":"run","Package":"github.com/JohnnyPBelo/relayloom/native/core","Test":"TestReservationWriteFailureProtectsUnionUntilReconciliation"}
{"Time":"2026-09-14T16:41:06.575048294+01:00","Action":"output","Package":"github.com/JohnnyPBelo/relayloom/native/core","Test":"TestReservationWriteFailureProtectsUnionUntilReconciliation","Output":"=== RUN   TestReservationWriteFailureProtectsUnionUntilReconciliation\n"}
{"Time":"2026-09-14T16:41:06.623398664+01:00","Action":"output","Package":"github.com/JohnnyPBelo/relayloom/native/core","Test":"TestReservationWriteFailureProtectsUnionUntilReconciliation","Output":"--- PASS: TestReservationWriteFailureProtectsUnionUntilReconciliation (0.05s)\n"}
{"Time":"2026-09-14T16:41:06.623422458+01:00","Action":"pass","Package":"github.com/JohnnyPBelo/relayloom/native/core","Test":"TestReservationWriteFailureProtectsUnionUntilReconciliation","Elapsed":0.05}
{"Time":"2026-09-14T16:41:06.623438539+01:00","Action":"run","Package":"github.com/JohnnyPBelo/relayloom/native/core","Test":"TestReservationDuplicateAtCountLimitAndMalformedIndex"}
{"Time":"2026-09-14T16:41:06.623441334+01:00","Action":"output","Package":"github.com/JohnnyPBelo/relayloom/native/core","Test":"TestReservationDuplicateAtCountLimitAndMalformedIndex","Output":"=== RUN   TestReservationDuplicateAtCountLimitAndMalformedIndex\n"}
{"Time":"2026-09-14T16:41:06.649217766+01:00","Action":"output","Package":"github.com/JohnnyPBelo/relayloom/native/core","Test":"TestReservationDuplicateAtCountLimitAndMalformedIndex","Output":"--- PASS: TestReservationDuplicateAtCountLimitAndMalformedIndex (0.03s)\n"}
{"Time":"2026-09-14T16:41:06.649237904+01:00","Action":"pass","Package":"github.com/JohnnyPBelo/relayloom/native/core","Test":"TestReservationDuplicateAtCountLimitAndMalformedIndex","Elapsed":0.03}
{"Time":"2026-09-14T16:41:06.649245759+01:00","Action":"run","Package":"github.com/JohnnyPBelo/relayloom/native/core","Test":"TestContentReservationProcessFixture"}
{"Time":"2026-09-14T16:41:06.649249325+01:00","Action":"output","Package":"github.com/JohnnyPBelo/relayloom/native/core","Test":"TestContentReservationProcessFixture","Output":"=== RUN   TestContentReservationProcessFixture\n"}
{"Time":"2026-09-14T16:41:06.649358009+01:00","Action":"output","Package":"github.com/JohnnyPBelo/relayloom/native/core","Test":"TestContentReservationProcessFixture","Output":"    reservations_worker_test.go:12: driven by the real Node/Go reservation process test\n"}
{"Time":"2026-09-14T16:41:06.649365513+01:00","Action":"output","Package":"github.com/JohnnyPBelo/relayloom/native/core","Test":"TestContentReservationProcessFixture","Output":"--- SKIP: TestContentReservationProcessFixture (0.00s)\n"}
{"Time":"2026-09-14T16:41:06.649371995+01:00","Action":"skip","Package":"github.com/JohnnyPBelo/relayloom/native/core","Test":"TestContentReservationProcessFixture","Elapsed":0}
{"Time":"2026-09-14T16:41:06.649398545+01:00","Action":"output","Package":"github.com/JohnnyPBelo/relayloom/native/core","Output":"PASS\n"}
{"Time":"2026-09-14T16:41:07.668427159+01:00","Action":"output","Package":"github.com/JohnnyPBelo/relayloom/native/core","Output":"ok  \tgithub.com/JohnnyPBelo/relayloom/native/core\t7.216s\n"}
{"Time":"2026-09-14T16:41:07.668463637+01:00","Action":"pass","Package":"github.com/JohnnyPBelo/relayloom/native/core","Elapsed":7.216}
{"Time":"2026-09-14T16:41:08.46986742+01:00","Action":"start","Package":"github.com/JohnnyPBelo/relayloom/native/transport"}
{"Time":"2026-09-14T16:41:08.47764321+01:00","Action":"run","Package":"github.com/JohnnyPBelo/relayloom/native/transport","Test":"TestArrivalStreamCannotStealBulkFairness"}
{"Time":"2026-09-14T16:41:08.477672235+01:00","Action":"output","Package":"github.com/JohnnyPBelo/relayloom/native/transport","Test":"TestArrivalStreamCannotStealBulkFairness","Output":"=== RUN   TestArrivalStreamCannotStealBulkFairness\n"}
{"Time":"2026-09-14T16:41:08.53894232+01:00","Action":"output","Package":"github.com/JohnnyPBelo/relayloom/native/transport","Test":"TestArrivalStreamCannotStealBulkFairness","Output":"--- PASS: TestArrivalStreamCannotStealBulkFairness (0.06s)\n"}
{"Time":"2026-09-14T16:41:08.538980161+01:00","Action":"pass","Package":"github.com/JohnnyPBelo/relayloom/native/transport","Test":"TestArrivalStreamCannotStealBulkFairness","Elapsed":0.06}
{"Time":"2026-09-14T16:41:08.538997013+01:00","Action":"run","Package":"github.com/JohnnyPBelo/relayloom/native/transport","Test":"TestLocalCancellationRemovesQueuedTCPAndReconnectCopy"}
{"Time":"2026-09-14T16:41:08.539000189+01:00","Action":"output","Package":"github.com/JohnnyPBelo/relayloom/native/transport","Test":"TestLocalCancellationRemovesQueuedTCPAndReconnectCopy","Output":"=== RUN   TestLocalCancellationRemovesQueuedTCPAndReconnectCopy\n"}
{"Time":"2026-09-14T16:41:08.5390064+01:00","Action":"run","Package":"github.com/JohnnyPBelo/relayloom/native/transport","Test":"TestLocalCancellationRemovesQueuedTCPAndReconnectCopy/cancel"}
{"Time":"2026-09-14T16:41:08.539009676+01:00","Action":"output","Package":"github.com/JohnnyPBelo/relayloom/native/transport","Test":"TestLocalCancellationRemovesQueuedTCPAndReconnectCopy/cancel","Output":"=== RUN   TestLocalCancellationRemovesQueuedTCPAndReconnectCopy/cancel\n"}
{"Time":"2026-09-14T16:41:10.170362086+01:00","Action":"output","Package":"github.com/JohnnyPBelo/relayloom/native/transport","Test":"TestLocalCancellationRemovesQueuedTCPAndReconnectCopy/cancel","Output":"--- PASS: TestLocalCancellationRemovesQueuedTCPAndReconnectCopy/cancel (1.63s)\n"}
{"Time":"2026-09-14T16:41:10.170409174+01:00","Action":"pass","Package":"github.com/JohnnyPBelo/relayloom/native/transport","Test":"TestLocalCancellationRemovesQueuedTCPAndReconnectCopy/cancel","Elapsed":1.63}
{"Time":"2026-09-14T16:41:10.170421637+01:00","Action":"run","Package":"github.com/JohnnyPBelo/relayloom/native/transport","Test":"TestLocalCancellationRemovesQueuedTCPAndReconnectCopy/negative-control-delivers"}
{"Time":"2026-09-14T16:41:10.170424863+01:00","Action":"output","Package":"github.com/JohnnyPBelo/relayloom/native/transport","Test":"TestLocalCancellationRemovesQueuedTCPAndReconnectCopy/negative-control-delivers","Output":"=== RUN   TestLocalCancellationRemovesQueuedTCPAndReconnectCopy/negative-control-delivers\n"}
{"Time":"2026-09-14T16:41:11.865877075+01:00","Action":"output","Package":"github.com/JohnnyPBelo/relayloom/native/transport","Test":"TestLocalCancellationRemovesQueuedTCPAndReconnectCopy/negative-control-delivers","Output":"--- PASS: TestLocalCancellationRemovesQueuedTCPAndReconnectCopy/negative-control-delivers (1.70s)\n"}
{"Time":"2026-09-14T16:41:11.865915557+01:00","Action":"pass","Package":"github.com/JohnnyPBelo/relayloom/native/transport","Test":"TestLocalCancellationRemovesQueuedTCPAndReconnectCopy/negative-control-delivers","Elapsed":1.7}
{"Time":"2026-09-14T16:41:11.865934452+01:00","Action":"output","Package":"github.com/JohnnyPBelo/relayloom/native/transport","Test":"TestLocalCancellationRemovesQueuedTCPAndReconnectCopy","Output":"--- PASS: TestLocalCancellationRemovesQueuedTCPAndReconnectCopy (3.33s)\n"}
{"Time":"2026-09-14T16:41:11.865938149+01:00","Action":"pass","Package":"github.com/JohnnyPBelo/relayloom/native/transport","Test":"TestLocalCancellationRemovesQueuedTCPAndReconnectCopy","Elapsed":3.33}
{"Time":"2026-09-14T16:41:11.865979206+01:00","Action":"run","Package":"github.com/JohnnyPBelo/relayloom/native/transport","Test":"TestLocalCancellationPreservesForeignOriginRelay"}
{"Time":"2026-09-14T16:41:11.865983374+01:00","Action":"output","Package":"github.com/JohnnyPBelo/relayloom/native/transport","Test":"TestLocalCancellationPreservesForeignOriginRelay","Output":"=== RUN   TestLocalCancellationPreservesForeignOriginRelay\n"}
{"Time":"2026-09-14T16:41:11.878645135+01:00","Action":"output","Package":"github.com/JohnnyPBelo/relayloom/native/transport","Test":"TestLocalCancellationPreservesForeignOriginRelay","Output":"--- PASS: TestLocalCancellationPreservesForeignOriginRelay (0.01s)\n"}
{"Time":"2026-09-14T16:41:11.878682966+01:00","Action":"pass","Package":"github.com/JohnnyPBelo/relayloom/native/transport","Test":"TestLocalCancellationPreservesForeignOriginRelay","Elapsed":0.01}
{"Time":"2026-09-14T16:41:11.878693035+01:00","Action":"run","Package":"github.com/JohnnyPBelo/relayloom/native/transport","Test":"TestNodeGoRealProcessTCPInteroperability"}
{"Time":"2026-09-14T16:41:11.878696752+01:00","Action":"output","Package":"github.com/JohnnyPBelo/relayloom/native/transport","Test":"TestNodeGoRealProcessTCPInteroperability","Output":"=== RUN   TestNodeGoRealProcessTCPInteroperability\n"}
{"Time":"2026-09-14T16:41:12.1454543+01:00","Action":"output","Package":"github.com/JohnnyPBelo/relayloom/native/transport","Test":"TestNodeGoRealProcessTCPInteroperability","Output":"--- PASS: TestNodeGoRealProcessTCPInteroperability (0.27s)\n"}
{"Time":"2026-09-14T16:41:12.145493864+01:00","Action":"pass","Package":"github.com/JohnnyPBelo/relayloom/native/transport","Test":"TestNodeGoRealProcessTCPInteroperability","Elapsed":0.27}
{"Time":"2026-09-14T16:41:12.14550809+01:00","Action":"run","Package":"github.com/JohnnyPBelo/relayloom/native/transport","Test":"TestRetainedReplayAfterSeenEvictionKeepsExactAccounting"}
{"Time":"2026-09-14T16:41:12.145511076+01:00","Action":"output","Package":"github.com/JohnnyPBelo/relayloom/native/transport","Test":"TestRetainedReplayAfterSeenEvictionKeepsExactAccounting","Output":"=== RUN   TestRetainedReplayAfterSeenEvictionKeepsExactAccounting\n"}
{"Time":"2026-09-14T16:41:13.120577297+01:00","Action":"output","Package":"github.com/JohnnyPBelo/relayloom/native/transport","Test":"TestRetainedReplayAfterSeenEvictionKeepsExactAccounting","Output":"--- PASS: TestRetainedReplayAfterSeenEvictionKeepsExactAccounting (0.98s)\n"}
{"Time":"2026-09-14T16:41:13.120614748+01:00","Action":"pass","Package":"github.com/JohnnyPBelo/relayloom/native/transport","Test":"TestRetainedReplayAfterSeenEvictionKeepsExactAccounting","Elapsed":0.98}
{"Time":"2026-09-14T16:41:13.120624346+01:00","Action":"run","Package":"github.com/JohnnyPBelo/relayloom/native/transport","Test":"TestRetainedDuplicatePressurePreservesConsentAndExpiresToZero"}
{"Time":"2026-09-14T16:41:13.120627872+01:00","Action":"output","Package":"github.com/JohnnyPBelo/relayloom/native/transport","Test":"TestRetainedDuplicatePressurePreservesConsentAndExpiresToZero","Output":"=== RUN   TestRetainedDuplicatePressurePreservesConsentAndExpiresToZero\n"}
{"Time":"2026-09-14T16:41:13.201895935+01:00","Action":"output","Package":"github.com/JohnnyPBelo/relayloom/native/transport","Test":"TestRetainedDuplicatePressurePreservesConsentAndExpiresToZero","Output":"--- PASS: TestRetainedDuplicatePressurePreservesConsentAndExpiresToZero (0.08s)\n"}
{"Time":"2026-09-14T16:41:13.201929929+01:00","Action":"pass","Package":"github.com/JohnnyPBelo/relayloom/native/transport","Test":"TestRetainedDuplicatePressurePreservesConsentAndExpiresToZero","Elapsed":0.08}
{"Time":"2026-09-14T16:41:13.201940428+01:00","Action":"run","Package":"github.com/JohnnyPBelo/relayloom/native/transport","Test":"TestTCPAndGenericStreamMultihop"}
{"Time":"2026-09-14T16:41:13.201943935+01:00","Action":"output","Package":"github.com/JohnnyPBelo/relayloom/native/transport","Test":"TestTCPAndGenericStreamMultihop","Output":"=== RUN   TestTCPAndGenericStreamMultihop\n"}
{"Time":"2026-09-14T16:41:13.422272485+01:00","Action":"output","Package":"github.com/JohnnyPBelo/relayloom/native/transport","Test":"TestTCPAndGenericStreamMultihop","Output":"--- PASS: TestTCPAndGenericStreamMultihop (0.22s)\n"}
{"Time":"2026-09-14T16:41:13.422311278+01:00","Action":"pass","Package":"github.com/JohnnyPBelo/relayloom/native/transport","Test":"TestTCPAndGenericStreamMultihop","Elapsed":0.22}
{"Time":"2026-09-14T16:41:13.422320134+01:00","Action":"run","Package":"github.com/JohnnyPBelo/relayloom/native/transport","Test":"TestParserReplayTamperTTLAndBounds"}
{"Time":"2026-09-14T16:41:13.422323521+01:00","Action":"output","Package":"github.com/JohnnyPBelo/relayloom/native/transport","Test":"TestParserReplayTamperTTLAndBounds","Output":"=== RUN   TestParserReplayTamperTTLAndBounds\n"}
{"Time":"2026-09-14T16:41:13.780314687+01:00","Action":"output","Package":"github.com/JohnnyPBelo/relayloom/native/transport","Test":"TestParserReplayTamperTTLAndBounds","Output":"--- PASS: TestParserReplayTamperTTLAndBounds (0.36s)\n"}
{"Time":"2026-09-14T16:41:13.780360232+01:00","Action":"pass","Package":"github.com/JohnnyPBelo/relayloom/native/transport","Test":"TestParserReplayTamperTTLAndBounds","Elapsed":0.36}
{"Time":"2026-09-14T16:41:13.780373126+01:00","Action":"run","Package":"github.com/JohnnyPBelo/relayloom/native/transport","Test":"TestMalformedFloodAndQueuedExpiry"}
{"Time":"2026-09-14T16:41:13.780377966+01:00","Action":"output","Package":"github.com/JohnnyPBelo/relayloom/native/transport","Test":"TestMalformedFloodAndQueuedExpiry","Output":"=== RUN   TestMalformedFloodAndQueuedExpiry\n"}
{"Time":"2026-09-14T16:41:13.986403787+01:00","Action":"output","Package":"github.com/JohnnyPBelo/relayloom/native/transport","Test":"TestMalformedFloodAndQueuedExpiry","Output":"--- PASS: TestMalformedFloodAndQueuedExpiry (0.21s)\n"}
{"Time":"2026-09-14T16:41:13.986444283+01:00","Action":"pass","Package":"github.com/JohnnyPBelo/relayloom/native/transport","Test":"TestMalformedFloodAndQueuedExpiry","Elapsed":0.21}
{"Time":"2026-09-14T16:41:13.986453821+01:00","Action":"run","Package":"github.com/JohnnyPBelo/relayloom/native/transport","Test":"TestFragmentPriorityAndFairness"}
{"Time":"2026-09-14T16:41:13.986457568+01:00","Action":"output","Package":"github.com/JohnnyPBelo/relayloom/native/transport","Test":"TestFragmentPriorityAndFairness","Output":"=== RUN   TestFragmentPriorityAndFairness\n"}
{"Time":"2026-09-14T16:41:14.131410263+01:00","Action":"output","Package":"github.com/JohnnyPBelo/relayloom/native/transport","Test":"TestFragmentPriorityAndFairness","Output":"--- PASS: TestFragmentPriorityAndFairness (0.14s)\n"}
{"Time":"2026-09-14T16:41:14.131448986+01:00","Action":"pass","Package":"github.com/JohnnyPBelo/relayloom/native/transport","Test":"TestFragmentPriorityAndFairness","Elapsed":0.14}
{"Time":"2026-09-14T16:41:14.131459836+01:00","Action":"run","Package":"github.com/JohnnyPBelo/relayloom/native/transport","Test":"TestReconnectAndRelayConsent"}
{"Time":"2026-09-14T16:41:14.131464104+01:00","Action":"output","Package":"github.com/JohnnyPBelo/relayloom/native/transport","Test":"TestReconnectAndRelayConsent","Output":"=== RUN   TestReconnectAndRelayConsent\n"}
{"Time":"2026-09-14T16:41:15.339388019+01:00","Action":"output","Package":"github.com/JohnnyPBelo/relayloom/native/transport","Test":"TestReconnectAndRelayConsent","Output":"--- PASS: TestReconnectAndRelayConsent (1.21s)\n"}
{"Time":"2026-09-14T16:41:15.339437531+01:00","Action":"pass","Package":"github.com/JohnnyPBelo/relayloom/native/transport","Test":"TestReconnectAndRelayConsent","Elapsed":1.21}
{"Time":"2026-09-14T16:41:15.339446709+01:00","Action":"run","Package":"github.com/JohnnyPBelo/relayloom/native/transport","Test":"TestMissingFragmentAndACKRetryOverTCP"}
{"Time":"2026-09-14T16:41:15.339449704+01:00","Action":"output","Package":"github.com/JohnnyPBelo/relayloom/native/transport","Test":"TestMissingFragmentAndACKRetryOverTCP","Output":"=== RUN   TestMissingFragmentAndACKRetryOverTCP\n"}
{"Time":"2026-09-14T16:41:19.749253026+01:00","Action":"output","Package":"github.com/JohnnyPBelo/relayloom/native/transport","Test":"TestMissingFragmentAndACKRetryOverTCP","Output":"--- PASS: TestMissingFragmentAndACKRetryOverTCP (4.41s)\n"}
{"Time":"2026-09-14T16:41:19.749291388+01:00","Action":"pass","Package":"github.com/JohnnyPBelo/relayloom/native/transport","Test":"TestMissingFragmentAndACKRetryOverTCP","Elapsed":4.41}
{"Time":"2026-09-14T16:41:19.749299964+01:00","Action":"run","Package":"github.com/JohnnyPBelo/relayloom/native/transport","Test":"TestDeliveryAndDialQueuesAreBounded"}
{"Time":"2026-09-14T16:41:19.74930322+01:00","Action":"output","Package":"github.com/JohnnyPBelo/relayloom/native/transport","Test":"TestDeliveryAndDialQueuesAreBounded","Output":"=== RUN   TestDeliveryAndDialQueuesAreBounded\n"}
{"Time":"2026-09-14T16:41:19.767857891+01:00","Action":"output","Package":"github.com/JohnnyPBelo/relayloom/native/transport","Test":"TestDeliveryAndDialQueuesAreBounded","Output":"--- PASS: TestDeliveryAndDialQueuesAreBounded (0.02s)\n"}
{"Time":"2026-09-14T16:41:19.767904659+01:00","Action":"pass","Package":"github.com/JohnnyPBelo/relayloom/native/transport","Test":"TestDeliveryAndDialQueuesAreBounded","Elapsed":0.02}
{"Time":"2026-09-14T16:41:19.76791592+01:00","Action":"run","Package":"github.com/JohnnyPBelo/relayloom/native/transport","Test":"TestHopLimitAndValidationBeforeForwarding"}
{"Time":"2026-09-14T16:41:19.767920208+01:00","Action":"output","Package":"github.com/JohnnyPBelo/relayloom/native/transport","Test":"TestHopLimitAndValidationBeforeForwarding","Output":"=== RUN   TestHopLimitAndValidationBeforeForwarding\n"}
{"Time":"2026-09-14T16:41:19.86998165+01:00","Action":"output","Package":"github.com/JohnnyPBelo/relayloom/native/transport","Test":"TestHopLimitAndValidationBeforeForwarding","Output":"--- PASS: TestHopLimitAndValidationBeforeForwarding (0.10s)\n"}
{"Time":"2026-09-14T16:41:19.870044458+01:00","Action":"pass","Package":"github.com/JohnnyPBelo/relayloom/native/transport","Test":"TestHopLimitAndValidationBeforeForwarding","Elapsed":0.1}
{"Time":"2026-09-14T16:41:19.870055719+01:00","Action":"output","Package":"github.com/JohnnyPBelo/relayloom/native/transport","Output":"PASS\n"}
{"Time":"2026-09-14T16:41:20.874840164+01:00","Action":"output","Package":"github.com/JohnnyPBelo/relayloom/native/transport","Output":"ok  \tgithub.com/JohnnyPBelo/relayloom/native/transport\t12.405s\n"}
{"Time":"2026-09-14T16:41:20.874884887+01:00","Action":"pass","Package":"github.com/JohnnyPBelo/relayloom/native/transport","Elapsed":12.405}
{"Time":"2026-09-14T16:41:21.906422446+01:00","Action":"start","Package":"github.com/JohnnyPBelo/relayloom/native/webpeer"}
{"Time":"2026-09-14T16:41:21.914875877+01:00","Action":"run","Package":"github.com/JohnnyPBelo/relayloom/native/webpeer","Test":"TestInvitationOriginCapabilitiesAndConnectionLimit"}
{"Time":"2026-09-14T16:41:21.914918938+01:00","Action":"output","Package":"github.com/JohnnyPBelo/relayloom/native/webpeer","Test":"TestInvitationOriginCapabilitiesAndConnectionLimit","Output":"=== RUN   TestInvitationOriginCapabilitiesAndConnectionLimit\n"}
{"Time":"2026-09-14T16:41:21.92258917+01:00","Action":"output","Package":"github.com/JohnnyPBelo/relayloom/native/webpeer","Test":"TestInvitationOriginCapabilitiesAndConnectionLimit","Output":"    server_test.go:64: expected8 connections, got7\n"}
{"Time":"2026-09-14T16:41:21.92311169+01:00","Action":"output","Package":"github.com/JohnnyPBelo/relayloom/native/webpeer","Test":"TestInvitationOriginCapabilitiesAndConnectionLimit","Output":"--- FAIL: TestInvitationOriginCapabilitiesAndConnectionLimit (0.01s)\n"}
{"Time":"2026-09-14T16:41:21.923155271+01:00","Action":"fail","Package":"github.com/JohnnyPBelo/relayloom/native/webpeer","Test":"TestInvitationOriginCapabilitiesAndConnectionLimit","Elapsed":0.01}
{"Time":"2026-09-14T16:41:21.92316521+01:00","Action":"run","Package":"github.com/JohnnyPBelo/relayloom/native/webpeer","Test":"TestInvitationExpiryAndCleartextScope"}
{"Time":"2026-09-14T16:41:21.923168817+01:00","Action":"output","Package":"github.com/JohnnyPBelo/relayloom/native/webpeer","Test":"TestInvitationExpiryAndCleartextScope","Output":"=== RUN   TestInvitationExpiryAndCleartextScope\n"}
{"Time":"2026-09-14T16:41:22.924847077+01:00","Action":"output","Package":"github.com/JohnnyPBelo/relayloom/native/webpeer","Test":"TestInvitationExpiryAndCleartextScope","Output":"--- PASS: TestInvitationExpiryAndCleartextScope (1.00s)\n"}
{"Time":"2026-09-14T16:41:22.924892011+01:00","Action":"pass","Package":"github.com/JohnnyPBelo/relayloom/native/webpeer","Test":"TestInvitationExpiryAndCleartextScope","Elapsed":1}
{"Time":"2026-09-14T16:41:22.924904835+01:00","Action":"output","Package":"github.com/JohnnyPBelo/relayloom/native/webpeer","Output":"FAIL\n"}
{"Time":"2026-09-14T16:41:22.927365509+01:00","Action":"output","Package":"github.com/JohnnyPBelo/relayloom/native/webpeer","Output":"FAIL\tgithub.com/JohnnyPBelo/relayloom/native/webpeer\t1.021s\n"}
{"Time":"2026-09-14T16:41:22.927383783+01:00","Action":"fail","Package":"github.com/JohnnyPBelo/relayloom/native/webpeer","Elapsed":1.021}
{"Time":"2026-09-14T16:41:50.619781651+01:00","Action":"start","Package":"github.com/JohnnyPBelo/relayloom/native/app"}
{"Time":"2026-09-14T16:41:50.630220865+01:00","Action":"run","Package":"github.com/JohnnyPBelo/relayloom/native/app","Test":"TestConnectSavedEndpointAtCapacityIsIdempotent"}
{"Time":"2026-09-14T16:41:50.630268575+01:00","Action":"output","Package":"github.com/JohnnyPBelo/relayloom/native/app","Test":"TestConnectSavedEndpointAtCapacityIsIdempotent","Output":"=== RUN   TestConnectSavedEndpointAtCapacityIsIdempotent\n"}
{"Time":"2026-09-14T16:41:51.265820175+01:00","Action":"output","Package":"github.com/JohnnyPBelo/relayloom/native/app","Test":"TestConnectSavedEndpointAtCapacityIsIdempotent","Output":"--- PASS: TestConnectSavedEndpointAtCapacityIsIdempotent (0.64s)\n"}
{"Time":"2026-09-14T16:41:51.265859539+01:00","Action":"pass","Package":"github.com/JohnnyPBelo/relayloom/native/app","Test":"TestConnectSavedEndpointAtCapacityIsIdempotent","Elapsed":0.64}
{"Time":"2026-09-14T16:41:51.265876741+01:00","Action":"run","Package":"github.com/JohnnyPBelo/relayloom/native/app","Test":"TestApplicationMessagesGroupsReceiptsAndPrivacy"}
{"Time":"2026-09-14T16:41:51.265880338+01:00","Action":"output","Package":"github.com/JohnnyPBelo/relayloom/native/app","Test":"TestApplicationMessagesGroupsReceiptsAndPrivacy","Output":"=== RUN   TestApplicationMessagesGroupsReceiptsAndPrivacy\n"}
{"Time":"2026-09-14T16:41:52.823441684+01:00","Action":"output","Package":"github.com/JohnnyPBelo/relayloom/native/app","Test":"TestApplicationMessagesGroupsReceiptsAndPrivacy","Output":"--- PASS: TestApplicationMessagesGroupsReceiptsAndPrivacy (1.56s)\n"}
{"Time":"2026-09-14T16:41:52.82348231+01:00","Action":"pass","Package":"github.com/JohnnyPBelo/relayloom/native/app","Test":"TestApplicationMessagesGroupsReceiptsAndPrivacy","Elapsed":1.56}
{"Time":"2026-09-14T16:41:52.823500304+01:00","Action":"run","Package":"github.com/JohnnyPBelo/relayloom/native/app","Test":"TestInboundSemanticACLRejectsSignedForgeriesAndViewBypass"}
{"Time":"2026-09-14T16:41:52.823504221+01:00","Action":"output","Package":"github.com/JohnnyPBelo/relayloom/native/app","Test":"TestInboundSemanticACLRejectsSignedForgeriesAndViewBypass","Output":"=== RUN   TestInboundSemanticACLRejectsSignedForgeriesAndViewBypass\n"}
{"Time":"2026-09-14T16:41:53.655242414+01:00","Action":"output","Package":"github.com/JohnnyPBelo/relayloom/native/app","Test":"TestInboundSemanticACLRejectsSignedForgeriesAndViewBypass","Output":"--- PASS: TestInboundSemanticACLRejectsSignedForgeriesAndViewBypass (0.83s)\n"}
{"Time":"2026-09-14T16:41:53.655290985+01:00","Action":"pass","Package":"github.com/JohnnyPBelo/relayloom/native/app","Test":"TestInboundSemanticACLRejectsSignedForgeriesAndViewBypass","Elapsed":0.83}
{"Time":"2026-09-14T16:41:53.655306033+01:00","Action":"run","Package":"github.com/JohnnyPBelo/relayloom/native/app","Test":"TestDeletionSurvivesImmediateOriginalEvictionEventLossAndRestart"}
{"Time":"2026-09-14T16:41:53.655310822+01:00","Action":"output","Package":"github.com/JohnnyPBelo/relayloom/native/app","Test":"TestDeletionSurvivesImmediateOriginalEvictionEventLossAndRestart","Output":"=== RUN   TestDeletionSurvivesImmediateOriginalEvictionEventLossAndRestart\n"}
{"Time":"2026-09-14T16:41:54.981322228+01:00","Action":"output","Package":"github.com/JohnnyPBelo/relayloom/native/app","Test":"TestDeletionSurvivesImmediateOriginalEvictionEventLossAndRestart","Output":"--- PASS: TestDeletionSurvivesImmediateOriginalEvictionEventLossAndRestart (1.33s)\n"}
{"Time":"2026-09-14T16:41:54.98136633+01:00","Action":"pass","Package":"github.com/JohnnyPBelo/relayloom/native/app","Test":"TestDeletionSurvivesImmediateOriginalEvictionEventLossAndRestart","Elapsed":1.33}
{"Time":"2026-09-14T16:41:54.981380016+01:00","Action":"run","Package":"github.com/JohnnyPBelo/relayloom/native/app","Test":"TestJournalEditTieOrderDraftEncryptionAndTamperRejection"}
{"Time":"2026-09-14T16:41:54.981383272+01:00","Action":"output","Package":"github.com/JohnnyPBelo/relayloom/native/app","Test":"TestJournalEditTieOrderDraftEncryptionAndTamperRejection","Output":"=== RUN   TestJournalEditTieOrderDraftEncryptionAndTamperRejection\n"}
{"Time":"2026-09-14T16:41:56.78066514+01:00","Action":"output","Package":"github.com/JohnnyPBelo/relayloom/native/app","Test":"TestJournalEditTieOrderDraftEncryptionAndTamperRejection","Output":"--- PASS: TestJournalEditTieOrderDraftEncryptionAndTamperRejection (1.80s)\n"}
{"Time":"2026-09-14T16:41:56.780704083+01:00","Action":"pass","Package":"github.com/JohnnyPBelo/relayloom/native/app","Test":"TestJournalEditTieOrderDraftEncryptionAndTamperRejection","Elapsed":1.8}
{"Time":"2026-09-14T16:41:56.780713371+01:00","Action":"run","Package":"github.com/JohnnyPBelo/relayloom/native/app","Test":"TestCollectionsFollowingRetrievalAndPrivateMetadata"}
{"Time":"2026-09-14T16:41:56.780717007+01:00","Action":"output","Package":"github.com/JohnnyPBelo/relayloom/native/app","Test":"TestCollectionsFollowingRetrievalAndPrivateMetadata","Output":"=== RUN   TestCollectionsFollowingRetrievalAndPrivateMetadata\n"}
{"Time":"2026-09-14T16:41:57.501511122+01:00","Action":"output","Package":"github.com/JohnnyPBelo/relayloom/native/app","Test":"TestCollectionsFollowingRetrievalAndPrivateMetadata","Output":"--- PASS: TestCollectionsFollowingRetrievalAndPrivateMetadata (0.72s)\n"}
{"Time":"2026-09-14T16:41:57.501555566+01:00","Action":"pass","Package":"github.com/JohnnyPBelo/relayloom/native/app","Test":"TestCollectionsFollowingRetrievalAndPrivateMetadata","Elapsed":0.72}
{"Time":"2026-09-14T16:41:57.501566646+01:00","Action":"run","Package":"github.com/JohnnyPBelo/relayloom/native/app","Test":"TestHTTPAuthenticationOriginPathsAndStateArrays"}
{"Time":"2026-09-14T16:41:57.501571165+01:00","Action":"output","Package":"github.com/JohnnyPBelo/relayloom/native/app","Test":"TestHTTPAuthenticationOriginPathsAndStateArrays","Output":"=== RUN   TestHTTPAuthenticationOriginPathsAndStateArrays\n"}
{"Time":"2026-09-14T16:41:57.532504106+01:00","Action":"output","Package":"github.com/JohnnyPBelo/relayloom/native/app","Test":"TestHTTPAuthenticationOriginPathsAndStateArrays","Output":"--- PASS: TestHTTPAuthenticationOriginPathsAndStateArrays (0.03s)\n"}
{"Time":"2026-09-14T16:41:57.5325435+01:00","Action":"pass","Package":"github.com/JohnnyPBelo/relayloom/native/app","Test":"TestHTTPAuthenticationOriginPathsAndStateArrays","Elapsed":0.03}
{"Time":"2026-09-14T16:41:57.532553889+01:00","Action":"run","Package":"github.com/JohnnyPBelo/relayloom/native/app","Test":"TestApplicationRelayPauseBlocksCachedServing"}
{"Time":"2026-09-14T16:41:57.532557917+01:00","Action":"output","Package":"github.com/JohnnyPBelo/relayloom/native/app","Test":"TestApplicationRelayPauseBlocksCachedServing","Output":"=== RUN   TestApplicationRelayPauseBlocksCachedServing\n"}
{"Time":"2026-09-14T16:41:58.434730899+01:00","Action":"output","Package":"github.com/JohnnyPBelo/relayloom/native/app","Test":"TestApplicationRelayPauseBlocksCachedServing","Output":"--- PASS: TestApplicationRelayPauseBlocksCachedServing (0.90s)\n"}
{"Time":"2026-09-14T16:41:58.434769211+01:00","Action":"pass","Package":"github.com/JohnnyPBelo/relayloom/native/app","Test":"TestApplicationRelayPauseBlocksCachedServing","Elapsed":0.9}
{"Time":"2026-09-14T16:41:58.434782726+01:00","Action":"run","Package":"github.com/JohnnyPBelo/relayloom/native/app","Test":"TestGroupCommandLostResponseRecoversOnlyCommittedResult"}
{"Time":"2026-09-14T16:41:58.434785902+01:00","Action":"output","Package":"github.com/JohnnyPBelo/relayloom/native/app","Test":"TestGroupCommandLostResponseRecoversOnlyCommittedResult","Output":"=== RUN   TestGroupCommandLostResponseRecoversOnlyCommittedResult\n"}
{"Time":"2026-09-14T16:41:58.434790641+01:00","Action":"run","Package":"github.com/JohnnyPBelo/relayloom/native/app","Test":"TestGroupCommandLostResponseRecoversOnlyCommittedResult/before-commit"}
{"Time":"2026-09-14T16:41:58.434793987+01:00","Action":"output","Package":"github.com/JohnnyPBelo/relayloom/native/app","Test":"TestGroupCommandLostResponseRecoversOnlyCommittedResult/before-commit","Output":"=== RUN   TestGroupCommandLostResponseRecoversOnlyCommittedResult/before-commit\n"}
{"Time":"2026-09-14T16:41:59.339610556+01:00","Action":"output","Package":"github.com/JohnnyPBelo/relayloom/native/app","Test":"TestGroupCommandLostResponseRecoversOnlyCommittedResult/before-commit","Output":"--- PASS: TestGroupCommandLostResponseRecoversOnlyCommittedResult/before-commit (0.90s)\n"}
{"Time":"2026-09-14T16:41:59.339649338+01:00","Action":"pass","Package":"github.com/JohnnyPBelo/relayloom/native/app","Test":"TestGroupCommandLostResponseRecoversOnlyCommittedResult/before-commit","Elapsed":0.9}
{"Time":"2026-09-14T16:41:59.339662142+01:00","Action":"run","Package":"github.com/JohnnyPBelo/relayloom/native/app","Test":"TestGroupCommandLostResponseRecoversOnlyCommittedResult/after-commit"}
{"Time":"2026-09-14T16:41:59.33966605+01:00","Action":"output","Package":"github.com/JohnnyPBelo/relayloom/native/app","Test":"TestGroupCommandLostResponseRecoversOnlyCommittedResult/after-commit","Output":"=== RUN   TestGroupCommandLostResponseRecoversOnlyCommittedResult/after-commit\n"}
{"Time":"2026-09-14T16:42:00.230369826+01:00","Action":"output","Package":"github.com/JohnnyPBelo/relayloom/native/app","Test":"TestGroupCommandLostResponseRecoversOnlyCommittedResult/after-commit","Output":"--- PASS: TestGroupCommandLostResponseRecoversOnlyCommittedResult/after-commit (0.89s)\n"}
{"Time":"2026-09-14T16:42:00.230410913+01:00","Action":"pass","Package":"github.com/JohnnyPBelo/relayloom/native/app","Test":"TestGroupCommandLostResponseRecoversOnlyCommittedResult/after-commit","Elapsed":0.89}
{"Time":"2026-09-14T16:42:00.230422715+01:00","Action":"output","Package":"github.com/JohnnyPBelo/relayloom/native/app","Test":"TestGroupCommandLostResponseRecoversOnlyCommittedResult","Output":"--- PASS: TestGroupCommandLostResponseRecoversOnlyCommittedResult (1.80s)\n"}
{"Time":"2026-09-14T16:42:00.230426873+01:00","Action":"pass","Package":"github.com/JohnnyPBelo/relayloom/native/app","Test":"TestGroupCommandLostResponseRecoversOnlyCommittedResult","Elapsed":1.8}
{"Time":"2026-09-14T16:42:00.230432013+01:00","Action":"run","Package":"github.com/JohnnyPBelo/relayloom/native/app","Test":"TestGroupCommandRejectsStalePrivateDigestAndRecovers"}
{"Time":"2026-09-14T16:42:00.230435118+01:00","Action":"output","Package":"github.com/JohnnyPBelo/relayloom/native/app","Test":"TestGroupCommandRejectsStalePrivateDigestAndRecovers","Output":"=== RUN   TestGroupCommandRejectsStalePrivateDigestAndRecovers\n"}
{"Time":"2026-09-14T16:42:01.050151329+01:00","Action":"output","Package":"github.com/JohnnyPBelo/relayloom/native/app","Test":"TestGroupCommandRejectsStalePrivateDigestAndRecovers","Output":"--- PASS: TestGroupCommandRejectsStalePrivateDigestAndRecovers (0.82s)\n"}
{"Time":"2026-09-14T16:42:01.050201583+01:00","Action":"pass","Package":"github.com/JohnnyPBelo/relayloom/native/app","Test":"TestGroupCommandRejectsStalePrivateDigestAndRecovers","Elapsed":0.82}
{"Time":"2026-09-14T16:42:01.050216421+01:00","Action":"run","Package":"github.com/JohnnyPBelo/relayloom/native/app","Test":"TestGroupConfirmationCommitFailure"}
{"Time":"2026-09-14T16:42:01.050220929+01:00","Action":"output","Package":"github.com/JohnnyPBelo/relayloom/native/app","Test":"TestGroupConfirmationCommitFailure","Output":"=== RUN   TestGroupConfirmationCommitFailure\n"}
{"Time":"2026-09-14T16:42:01.05022655+01:00","Action":"run","Package":"github.com/JohnnyPBelo/relayloom/native/app","Test":"TestGroupConfirmationCommitFailure/rollback"}
{"Time":"2026-09-14T16:42:01.050230367+01:00","Action":"output","Package":"github.com/JohnnyPBelo/relayloom/native/app","Test":"TestGroupConfirmationCommitFailure/rollback","Output":"=== RUN   TestGroupConfirmationCommitFailure/rollback\n"}
{"Time":"2026-09-14T16:42:05.987431794+01:00","Action":"output","Package":"github.com/JohnnyPBelo/relayloom/native/app","Test":"TestGroupConfirmationCommitFailure/rollback","Output":"--- PASS: TestGroupConfirmationCommitFailure/rollback (4.94s)\n"}
{"Time":"2026-09-14T16:42:05.987472991+01:00","Action":"pass","Package":"github.com/JohnnyPBelo/relayloom/native/app","Test":"TestGroupConfirmationCommitFailure/rollback","Elapsed":4.94}
{"Time":"2026-09-14T16:42:05.987484984+01:00","Action":"run","Package":"github.com/JohnnyPBelo/relayloom/native/app","Test":"TestGroupConfirmationCommitFailure/lost-response"}
{"Time":"2026-09-14T16:42:05.987488801+01:00","Action":"output","Package":"github.com/JohnnyPBelo/relayloom/native/app","Test":"TestGroupConfirmationCommitFailure/lost-response","Output":"=== RUN   TestGroupConfirmationCommitFailure/lost-response\n"}
{"Time":"2026-09-14T16:42:10.921769922+01:00","Action":"output","Package":"github.com/JohnnyPBelo/relayloom/native/app","Test":"TestGroupConfirmationCommitFailure/lost-response","Output":"--- PASS: TestGroupConfirmationCommitFailure/lost-response (4.93s)\n"}
{"Time":"2026-09-14T16:42:10.921813895+01:00","Action":"pass","Package":"github.com/JohnnyPBelo/relayloom/native/app","Test":"TestGroupConfirmationCommitFailure/lost-response","Elapsed":4.93}
{"Time":"2026-09-14T16:42:10.921833902+01:00","Action":"output","Package":"github.com/JohnnyPBelo/relayloom/native/app","Test":"TestGroupConfirmationCommitFailure","Output":"--- PASS: TestGroupConfirmationCommitFailure (9.87s)\n"}
{"Time":"2026-09-14T16:42:10.921856014+01:00","Action":"pass","Package":"github.com/JohnnyPBelo/relayloom/native/app","Test":"TestGroupConfirmationCommitFailure","Elapsed":9.87}
{"Time":"2026-09-14T16:42:10.921890909+01:00","Action":"run","Package":"github.com/JohnnyPBelo/relayloom/native/app","Test":"TestGroupConfirmationBlockedAndMissingOriginal"}
{"Time":"2026-09-14T16:42:10.921894235+01:00","Action":"output","Package":"github.com/JohnnyPBelo/relayloom/native/app","Test":"TestGroupConfirmationBlockedAndMissingOriginal","Output":"=== RUN   TestGroupConfirmationBlockedAndMissingOriginal\n"}
{"Time":"2026-09-14T16:42:15.117102858+01:00","Action":"output","Package":"github.com/JohnnyPBelo/relayloom/native/app","Test":"TestGroupConfirmationBlockedAndMissingOriginal","Output":"--- PASS: TestGroupConfirmationBlockedAndMissingOriginal (4.20s)\n"}
{"Time":"2026-09-14T16:42:15.117140689+01:00","Action":"pass","Package":"github.com/JohnnyPBelo/relayloom/native/app","Test":"TestGroupConfirmationBlockedAndMissingOriginal","Elapsed":4.2}
{"Time":"2026-09-14T16:42:15.11715167+01:00","Action":"run","Package":"github.com/JohnnyPBelo/relayloom/native/app","Test":"TestGroupConfirmationWrongBindingCannotSuppressValidFact"}
{"Time":"2026-09-14T16:42:15.117154645+01:00","Action":"output","Package":"github.com/JohnnyPBelo/relayloom/native/app","Test":"TestGroupConfirmationWrongBindingCannotSuppressValidFact","Output":"=== RUN   TestGroupConfirmationWrongBindingCannotSuppressValidFact\n"}
{"Time":"2026-09-14T16:42:19.05976995+01:00","Action":"output","Package":"github.com/JohnnyPBelo/relayloom/native/app","Test":"TestGroupConfirmationWrongBindingCannotSuppressValidFact","Output":"--- PASS: TestGroupConfirmationWrongBindingCannotSuppressValidFact (3.94s)\n"}
{"Time":"2026-09-14T16:42:19.059811869+01:00","Action":"pass","Package":"github.com/JohnnyPBelo/relayloom/native/app","Test":"TestGroupConfirmationWrongBindingCannotSuppressValidFact","Elapsed":3.94}
{"Time":"2026-09-14T16:42:19.059823951+01:00","Action":"run","Package":"github.com/JohnnyPBelo/relayloom/native/app","Test":"TestGroupConfirmationMissingHistoricalProof"}
{"Time":"2026-09-14T16:42:19.05982856+01:00","Action":"output","Package":"github.com/JohnnyPBelo/relayloom/native/app","Test":"TestGroupConfirmationMissingHistoricalProof","Output":"=== RUN   TestGroupConfirmationMissingHistoricalProof\n"}
{"Time":"2026-09-14T16:42:26.016011295+01:00","Action":"output","Package":"github.com/JohnnyPBelo/relayloom/native/app","Test":"TestGroupConfirmationMissingHistoricalProof","Output":"--- PASS: TestGroupConfirmationMissingHistoricalProof (6.96s)\n"}
{"Time":"2026-09-14T16:42:26.01605668+01:00","Action":"pass","Package":"github.com/JohnnyPBelo/relayloom/native/app","Test":"TestGroupConfirmationMissingHistoricalProof","Elapsed":6.96}
{"Time":"2026-09-14T16:42:26.016066529+01:00","Action":"run","Package":"github.com/JohnnyPBelo/relayloom/native/app","Test":"TestGroupAdmissionOuterRollbackCannotDisplay"}
{"Time":"2026-09-14T16:42:26.016071298+01:00","Action":"output","Package":"github.com/JohnnyPBelo/relayloom/native/app","Test":"TestGroupAdmissionOuterRollbackCannotDisplay","Output":"=== RUN   TestGroupAdmissionOuterRollbackCannotDisplay\n"}
{"Time":"2026-09-14T16:42:27.176953766+01:00","Action":"output","Package":"github.com/JohnnyPBelo/relayloom/native/app","Test":"TestGroupAdmissionOuterRollbackCannotDisplay","Output":"--- PASS: TestGroupAdmissionOuterRollbackCannotDisplay (1.16s)\n"}
{"Time":"2026-09-14T16:42:27.177016073+01:00","Action":"pass","Package":"github.com/JohnnyPBelo/relayloom/native/app","Test":"TestGroupAdmissionOuterRollbackCannotDisplay","Elapsed":1.16}
{"Time":"2026-09-14T16:42:27.177032153+01:00","Action":"run","Package":"github.com/JohnnyPBelo/relayloom/native/app","Test":"TestGroupHistoricalDeleteAndAdmissionRecoverAfterLostResponse"}
{"Time":"2026-09-14T16:42:27.17703601+01:00","Action":"output","Package":"github.com/JohnnyPBelo/relayloom/native/app","Test":"TestGroupHistoricalDeleteAndAdmissionRecoverAfterLostResponse","Output":"=== RUN   TestGroupHistoricalDeleteAndAdmissionRecoverAfterLostResponse\n"}
{"Time":"2026-09-14T16:42:28.930139341+01:00","Action":"output","Package":"github.com/JohnnyPBelo/relayloom/native/app","Test":"TestGroupHistoricalDeleteAndAdmissionRecoverAfterLostResponse","Output":"--- PASS: TestGroupHistoricalDeleteAndAdmissionRecoverAfterLostResponse (1.75s)\n"}
{"Time":"2026-09-14T16:42:28.930210424+01:00","Action":"pass","Package":"github.com/JohnnyPBelo/relayloom/native/app","Test":"TestGroupHistoricalDeleteAndAdmissionRecoverAfterLostResponse","Elapsed":1.75}
{"Time":"2026-09-14T16:42:28.93022406+01:00","Action":"run","Package":"github.com/JohnnyPBelo/relayloom/native/app","Test":"TestGroupQuarantineReservationFailureRollsBackAndLocks"}
{"Time":"2026-09-14T16:42:28.930232676+01:00","Action":"output","Package":"github.com/JohnnyPBelo/relayloom/native/app","Test":"TestGroupQuarantineReservationFailureRollsBackAndLocks","Output":"=== RUN   TestGroupQuarantineReservationFailureRollsBackAndLocks\n"}
{"Time":"2026-09-14T16:42:30.736304195+01:00","Action":"output","Package":"github.com/JohnnyPBelo/relayloom/native/app","Test":"TestGroupQuarantineReservationFailureRollsBackAndLocks","Output":"--- PASS: TestGroupQuarantineReservationFailureRollsBackAndLocks (1.81s)\n"}
{"Time":"2026-09-14T16:42:30.736342677+01:00","Action":"pass","Package":"github.com/JohnnyPBelo/relayloom/native/app","Test":"TestGroupQuarantineReservationFailureRollsBackAndLocks","Elapsed":1.81}
{"Time":"2026-09-14T16:42:30.736354339+01:00","Action":"run","Package":"github.com/JohnnyPBelo/relayloom/native/app","Test":"TestGroupCorruptQuarantineDoesNotBlockHealthyAdmission"}
{"Time":"2026-09-14T16:42:30.736357475+01:00","Action":"output","Package":"github.com/JohnnyPBelo/relayloom/native/app","Test":"TestGroupCorruptQuarantineDoesNotBlockHealthyAdmission","Output":"=== RUN   TestGroupCorruptQuarantineDoesNotBlockHealthyAdmission\n"}
{"Time":"2026-09-14T16:42:31.884542755+01:00","Action":"output","Package":"github.com/JohnnyPBelo/relayloom/native/app","Test":"TestGroupCorruptQuarantineDoesNotBlockHealthyAdmission","Output":"--- PASS: TestGroupCorruptQuarantineDoesNotBlockHealthyAdmission (1.15s)\n"}
{"Time":"2026-09-14T16:42:31.884609811+01:00","Action":"pass","Package":"github.com/JohnnyPBelo/relayloom/native/app","Test":"TestGroupCorruptQuarantineDoesNotBlockHealthyAdmission","Elapsed":1.15}
{"Time":"2026-09-14T16:42:31.884627815+01:00","Action":"run","Package":"github.com/JohnnyPBelo/relayloom/native/app","Test":"TestGroupHistoryExpiryMustMatchSignedBundle"}
{"Time":"2026-09-14T16:42:31.884633335+01:00","Action":"output","Package":"github.com/JohnnyPBelo/relayloom/native/app","Test":"TestGroupHistoryExpiryMustMatchSignedBundle","Output":"=== RUN   TestGroupHistoryExpiryMustMatchSignedBundle\n"}
{"Time":"2026-09-14T16:42:33.043363908+01:00","Action":"output","Package":"github.com/JohnnyPBelo/relayloom/native/app","Test":"TestGroupHistoryExpiryMustMatchSignedBundle","Output":"--- PASS: TestGroupHistoryExpiryMustMatchSignedBundle (1.16s)\n"}
{"Time":"2026-09-14T16:42:33.04342355+01:00","Action":"pass","Package":"github.com/JohnnyPBelo/relayloom/native/app","Test":"TestGroupHistoryExpiryMustMatchSignedBundle","Elapsed":1.16}
{"Time":"2026-09-14T16:42:33.043439951+01:00","Action":"run","Package":"github.com/JohnnyPBelo/relayloom/native/app","Test":"TestVerifiedControlReplayAvoidsReapplicationAndKeepsSafetyHeaders"}
{"Time":"2026-09-14T16:42:33.043457163+01:00","Action":"output","Package":"github.com/JohnnyPBelo/relayloom/native/app","Test":"TestVerifiedControlReplayAvoidsReapplicationAndKeepsSafetyHeaders","Output":"=== RUN   TestVerifiedControlReplayAvoidsReapplicationAndKeepsSafetyHeaders\n"}
{"Time":"2026-09-14T16:42:41.115116298+01:00","Action":"output","Package":"github.com/JohnnyPBelo/relayloom/native/app","Test":"TestVerifiedControlReplayAvoidsReapplicationAndKeepsSafetyHeaders","Output":"--- PASS: TestVerifiedControlReplayAvoidsReapplicationAndKeepsSafetyHeaders (8.07s)\n"}
{"Time":"2026-09-14T16:42:41.115167764+01:00","Action":"pass","Package":"github.com/JohnnyPBelo/relayloom/native/app","Test":"TestVerifiedControlReplayAvoidsReapplicationAndKeepsSafetyHeaders","Elapsed":8.07}
{"Time":"2026-09-14T16:42:41.115205775+01:00","Action":"run","Package":"github.com/JohnnyPBelo/relayloom/native/app","Test":"TestGroupEventCommitFailures"}
{"Time":"2026-09-14T16:42:41.115213109+01:00","Action":"output","Package":"github.com/JohnnyPBelo/relayloom/native/app","Test":"TestGroupEventCommitFailures","Output":"=== RUN   TestGroupEventCommitFailures\n"}
{"Time":"2026-09-14T16:42:41.11521865+01:00","Action":"run","Package":"github.com/JohnnyPBelo/relayloom/native/app","Test":"TestGroupEventCommitFailures/rollback"}
{"Time":"2026-09-14T16:42:41.115224611+01:00","Action":"output","Package":"github.com/JohnnyPBelo/relayloom/native/app","Test":"TestGroupEventCommitFailures/rollback","Output":"=== RUN   TestGroupEventCommitFailures/rollback\n"}
{"Time":"2026-09-14T16:42:46.417890477+01:00","Action":"output","Package":"github.com/JohnnyPBelo/relayloom/native/app","Test":"TestGroupEventCommitFailures/rollback","Output":"--- PASS: TestGroupEventCommitFailures/rollback (5.30s)\n"}
{"Time":"2026-09-14T16:42:46.417927156+01:00","Action":"pass","Package":"github.com/JohnnyPBelo/relayloom/native/app","Test":"TestGroupEventCommitFailures/rollback","Elapsed":5.3}
{"Time":"2026-09-14T16:42:46.417937084+01:00","Action":"run","Package":"github.com/JohnnyPBelo/relayloom/native/app","Test":"TestGroupEventCommitFailures/lost-response"}
{"Time":"2026-09-14T16:42:46.417939839+01:00","Action":"output","Package":"github.com/JohnnyPBelo/relayloom/native/app","Test":"TestGroupEventCommitFailures/lost-response","Output":"=== RUN   TestGroupEventCommitFailures/lost-response\n"}
{"Time":"2026-09-14T16:42:51.744233068+01:00","Action":"output","Package":"github.com/JohnnyPBelo/relayloom/native/app","Test":"TestGroupEventCommitFailures/lost-response","Output":"--- PASS: TestGroupEventCommitFailures/lost-response (5.33s)\n"}
{"Time":"2026-09-14T16:42:51.744284915+01:00","Action":"pass","Package":"github.com/JohnnyPBelo/relayloom/native/app","Test":"TestGroupEventCommitFailures/lost-response","Elapsed":5.33}
{"Time":"2026-09-14T16:42:51.744299964+01:00","Action":"output","Package":"github.com/JohnnyPBelo/relayloom/native/app","Test":"TestGroupEventCommitFailures","Output":"--- PASS: TestGroupEventCommitFailures (10.63s)\n"}
{"Time":"2026-09-14T16:42:51.744307077+01:00","Action":"pass","Package":"github.com/JohnnyPBelo/relayloom/native/app","Test":"TestGroupEventCommitFailures","Elapsed":10.63}
{"Time":"2026-09-14T16:42:51.744313158+01:00","Action":"run","Package":"github.com/JohnnyPBelo/relayloom/native/app","Test":"TestGroupEventQueuedFences"}
{"Time":"2026-09-14T16:42:51.744318649+01:00","Action":"output","Package":"github.com/JohnnyPBelo/relayloom/native/app","Test":"TestGroupEventQueuedFences","Output":"=== RUN   TestGroupEventQueuedFences\n"}
{"Time":"2026-09-14T16:42:51.744360577+01:00","Action":"run","Package":"github.com/JohnnyPBelo/relayloom/native/app","Test":"TestGroupEventQueuedFences/allowed-control"}
{"Time":"2026-09-14T16:42:51.744363813+01:00","Action":"output","Package":"github.com/JohnnyPBelo/relayloom/native/app","Test":"TestGroupEventQueuedFences/allowed-control","Output":"=== RUN   TestGroupEventQueuedFences/allowed-control\n"}
{"Time":"2026-09-14T16:42:56.514094392+01:00","Action":"output","Package":"github.com/JohnnyPBelo/relayloom/native/app","Test":"TestGroupEventQueuedFences/allowed-control","Output":"--- PASS: TestGroupEventQueuedFences/allowed-control (4.77s)\n"}
{"Time":"2026-09-14T16:42:56.514132513+01:00","Action":"pass","Package":"github.com/JohnnyPBelo/relayloom/native/app","Test":"TestGroupEventQueuedFences/allowed-control","Elapsed":4.77}
{"Time":"2026-09-14T16:42:56.514146159+01:00","Action":"run","Package":"github.com/JohnnyPBelo/relayloom/native/app","Test":"TestGroupEventQueuedFences/close"}
{"Time":"2026-09-14T16:42:56.514149355+01:00","Action":"output","Package":"github.com/JohnnyPBelo/relayloom/native/app","Test":"TestGroupEventQueuedFences/close","Output":"=== RUN   TestGroupEventQueuedFences/close\n"}
{"Time":"2026-09-14T16:43:02.0710251+01:00","Action":"output","Package":"github.com/JohnnyPBelo/relayloom/native/app","Test":"TestGroupEventQueuedFences/close","Output":"--- PASS: TestGroupEventQueuedFences/close (5.56s)\n"}
{"Time":"2026-09-14T16:43:02.071116371+01:00","Action":"pass","Package":"github.com/JohnnyPBelo/relayloom/native/app","Test":"TestGroupEventQueuedFences/close","Elapsed":5.56}
{"Time":"2026-09-14T16:43:02.071129776+01:00","Action":"run","Package":"github.com/JohnnyPBelo/relayloom/native/app","Test":"TestGroupEventQueuedFences/evicted"}
{"Time":"2026-09-14T16:43:02.071134896+01:00","Action":"output","Package":"github.com/JohnnyPBelo/relayloom/native/app","Test":"TestGroupEventQueuedFences/evicted","Output":"=== RUN   TestGroupEventQueuedFences/evicted\n"}
{"Time":"2026-09-14T16:43:07.424531426+01:00","Action":"output","Package":"github.com/JohnnyPBelo/relayloom/native/app","Test":"TestGroupEventQueuedFences/evicted","Output":"--- PASS: TestGroupEventQueuedFences/evicted (5.35s)\n"}
{"Time":"2026-09-14T16:43:07.42458165+01:00","Action":"pass","Package":"github.com/JohnnyPBelo/relayloom/native/app","Test":"TestGroupEventQueuedFences/evicted","Elapsed":5.35}
{"Time":"2026-09-14T16:43:07.424604282+01:00","Action":"run","Package":"github.com/JohnnyPBelo/relayloom/native/app","Test":"TestGroupEventQueuedFences/block"}
{"Time":"2026-09-14T16:43:07.424609452+01:00","Action":"output","Package":"github.com/JohnnyPBelo/relayloom/native/app","Test":"TestGroupEventQueuedFences/block","Output":"=== RUN   TestGroupEventQueuedFences/block\n"}
{"Time":"2026-09-14T16:43:12.21983273+01:00","Action":"output","Package":"github.com/JohnnyPBelo/relayloom/native/app","Test":"TestGroupEventQueuedFences/block","Output":"--- PASS: TestGroupEventQueuedFences/block (4.80s)\n"}
{"Time":"2026-09-14T16:43:12.219939651+01:00","Action":"pass","Package":"github.com/JohnnyPBelo/relayloom/native/app","Test":"TestGroupEventQueuedFences/block","Elapsed":4.8}
{"Time":"2026-09-14T16:43:12.219969487+01:00","Action":"run","Package":"github.com/JohnnyPBelo/relayloom/native/app","Test":"TestGroupEventQueuedFences/lock"}
{"Time":"2026-09-14T16:43:12.219980708+01:00","Action":"output","Package":"github.com/JohnnyPBelo/relayloom/native/app","Test":"TestGroupEventQueuedFences/lock","Output":"=== RUN   TestGroupEventQueuedFences/lock\n"}
{"Time":"2026-09-14T16:43:16.9717398+01:00","Action":"output","Package":"github.com/JohnnyPBelo/relayloom/native/app","Test":"TestGroupEventQueuedFences/lock","Output":"--- PASS: TestGroupEventQueuedFences/lock (4.75s)\n"}
{"Time":"2026-09-14T16:43:16.971778192+01:00","Action":"pass","Package":"github.com/JohnnyPBelo/relayloom/native/app","Test":"TestGroupEventQueuedFences/lock","Elapsed":4.75}
{"Time":"2026-09-14T16:43:16.971787219+01:00","Action":"output","Package":"github.com/JohnnyPBelo/relayloom/native/app","Test":"TestGroupEventQueuedFences","Output":"--- PASS: TestGroupEventQueuedFences (25.23s)\n"}
{"Time":"2026-09-14T16:43:16.971803239+01:00","Action":"pass","Package":"github.com/JohnnyPBelo/relayloom/native/app","Test":"TestGroupEventQueuedFences","Elapsed":25.23}
{"Time":"2026-09-14T16:43:16.971839537+01:00","Action":"run","Package":"github.com/JohnnyPBelo/relayloom/native/app","Test":"TestGroupEventMissingTargetProofBlocksPublicationAndSeed"}
{"Time":"2026-09-14T16:43:16.971842873+01:00","Action":"output","Package":"github.com/JohnnyPBelo/relayloom/native/app","Test":"TestGroupEventMissingTargetProofBlocksPublicationAndSeed","Output":"=== RUN   TestGroupEventMissingTargetProofBlocksPublicationAndSeed\n"}
{"Time":"2026-09-14T16:43:26.249541899+01:00","Action":"output","Package":"github.com/JohnnyPBelo/relayloom/native/app","Test":"TestGroupEventMissingTargetProofBlocksPublicationAndSeed","Output":"--- PASS: TestGroupEventMissingTargetProofBlocksPublicationAndSeed (9.28s)\n"}
{"Time":"2026-09-14T16:43:26.249578468+01:00","Action":"pass","Package":"github.com/JohnnyPBelo/relayloom/native/app","Test":"TestGroupEventMissingTargetProofBlocksPublicationAndSeed","Elapsed":9.28}
{"Time":"2026-09-14T16:43:26.249589118+01:00","Action":"run","Package":"github.com/JohnnyPBelo/relayloom/native/app","Test":"TestGroupEventRealIndexFailureRecoversOriginalBytesAfterRestart"}
{"Time":"2026-09-14T16:43:26.249593025+01:00","Action":"output","Package":"github.com/JohnnyPBelo/relayloom/native/app","Test":"TestGroupEventRealIndexFailureRecoversOriginalBytesAfterRestart","Output":"=== RUN   TestGroupEventRealIndexFailureRecoversOriginalBytesAfterRestart\n"}
{"Time":"2026-09-14T16:43:31.780647664+01:00","Action":"output","Package":"github.com/JohnnyPBelo/relayloom/native/app","Test":"TestGroupEventRealIndexFailureRecoversOriginalBytesAfterRestart","Output":"--- PASS: TestGroupEventRealIndexFailureRecoversOriginalBytesAfterRestart (5.53s)\n"}
{"Time":"2026-09-14T16:43:31.780689783+01:00","Action":"pass","Package":"github.com/JohnnyPBelo/relayloom/native/app","Test":"TestGroupEventRealIndexFailureRecoversOriginalBytesAfterRestart","Elapsed":5.53}
{"Time":"2026-09-14T16:43:31.780704571+01:00","Action":"run","Package":"github.com/JohnnyPBelo/relayloom/native/app","Test":"TestGroupEventCorruptionReconcilesWithoutMessageOutbox"}
{"Time":"2026-09-14T16:43:31.780707897+01:00","Action":"output","Package":"github.com/JohnnyPBelo/relayloom/native/app","Test":"TestGroupEventCorruptionReconcilesWithoutMessageOutbox","Output":"=== RUN   TestGroupEventCorruptionReconcilesWithoutMessageOutbox\n"}
{"Time":"2026-09-14T16:43:38.559286313+01:00","Action":"output","Package":"github.com/JohnnyPBelo/relayloom/native/app","Test":"TestGroupEventCorruptionReconcilesWithoutMessageOutbox","Output":"--- PASS: TestGroupEventCorruptionReconcilesWithoutMessageOutbox (6.78s)\n"}
{"Time":"2026-09-14T16:43:38.559336237+01:00","Action":"pass","Package":"github.com/JohnnyPBelo/relayloom/native/app","Test":"TestGroupEventCorruptionReconcilesWithoutMessageOutbox","Elapsed":6.78}
{"Time":"2026-09-14T16:43:38.559347187+01:00","Action":"run","Package":"github.com/JohnnyPBelo/relayloom/native/app","Test":"TestNoticeCancellationRecoversStaleStateOutsideRouterLock"}
{"Time":"2026-09-14T16:43:38.559350554+01:00","Action":"output","Package":"github.com/JohnnyPBelo/relayloom/native/app","Test":"TestNoticeCancellationRecoversStaleStateOutsideRouterLock","Output":"=== RUN   TestNoticeCancellationRecoversStaleStateOutsideRouterLock\n"}
{"Time":"2026-09-14T16:43:39.628269925+01:00","Action":"output","Package":"github.com/JohnnyPBelo/relayloom/native/app","Test":"TestNoticeCancellationRecoversStaleStateOutsideRouterLock","Output":"--- PASS: TestNoticeCancellationRecoversStaleStateOutsideRouterLock (1.07s)\n"}
{"Time":"2026-09-14T16:43:39.628305622+01:00","Action":"pass","Package":"github.com/JohnnyPBelo/relayloom/native/app","Test":"TestNoticeCancellationRecoversStaleStateOutsideRouterLock","Elapsed":1.07}
{"Time":"2026-09-14T16:43:39.628316252+01:00","Action":"run","Package":"github.com/JohnnyPBelo/relayloom/native/app","Test":"TestGroupOutboxProcessExitFixture"}
{"Time":"2026-09-14T16:43:39.628320631+01:00","Action":"output","Package":"github.com/JohnnyPBelo/relayloom/native/app","Test":"TestGroupOutboxProcessExitFixture","Output":"=== RUN   TestGroupOutboxProcessExitFixture\n"}
{"Time":"2026-09-14T16:43:39.628330529+01:00","Action":"output","Package":"github.com/JohnnyPBelo/relayloom/native/app","Test":"TestGroupOutboxProcessExitFixture","Output":"    group_outbox_process_test.go:18: requires the cross-runtime process fixture\n"}
{"Time":"2026-09-14T16:43:39.628359393+01:00","Action":"output","Package":"github.com/JohnnyPBelo/relayloom/native/app","Test":"TestGroupOutboxProcessExitFixture","Output":"--- SKIP: TestGroupOutboxProcessExitFixture (0.00s)\n"}
{"Time":"2026-09-14T16:43:39.628364964+01:00","Action":"skip","Package":"github.com/JohnnyPBelo/relayloom/native/app","Test":"TestGroupOutboxProcessExitFixture","Elapsed":0}
{"Time":"2026-09-14T16:43:39.628378068+01:00","Action":"run","Package":"github.com/JohnnyPBelo/relayloom/native/app","Test":"TestGroupOutboxMissingSnapshotPausesWithoutLosingAvailability"}
{"Time":"2026-09-14T16:43:39.628381455+01:00","Action":"output","Package":"github.com/JohnnyPBelo/relayloom/native/app","Test":"TestGroupOutboxMissingSnapshotPausesWithoutLosingAvailability","Output":"=== RUN   TestGroupOutboxMissingSnapshotPausesWithoutLosingAvailability\n"}
{"Time":"2026-09-14T16:43:44.681660925+01:00","Action":"output","Package":"github.com/JohnnyPBelo/relayloom/native/app","Test":"TestGroupOutboxMissingSnapshotPausesWithoutLosingAvailability","Output":"--- PASS: TestGroupOutboxMissingSnapshotPausesWithoutLosingAvailability (5.05s)\n"}
{"Time":"2026-09-14T16:43:44.681709626+01:00","Action":"pass","Package":"github.com/JohnnyPBelo/relayloom/native/app","Test":"TestGroupOutboxMissingSnapshotPausesWithoutLosingAvailability","Elapsed":5.05}
{"Time":"2026-09-14T16:43:44.681721138+01:00","Action":"run","Package":"github.com/JohnnyPBelo/relayloom/native/app","Test":"TestGroupOutboxMinimalStopAndManualPinSurviveReopen"}
{"Time":"2026-09-14T16:43:44.681726027+01:00","Action":"output","Package":"github.com/JohnnyPBelo/relayloom/native/app","Test":"TestGroupOutboxMinimalStopAndManualPinSurviveReopen","Output":"=== RUN   TestGroupOutboxMinimalStopAndManualPinSurviveReopen\n"}
{"Time":"2026-09-14T16:43:49.815738567+01:00","Action":"output","Package":"github.com/JohnnyPBelo/relayloom/native/app","Test":"TestGroupOutboxMinimalStopAndManualPinSurviveReopen","Output":"--- PASS: TestGroupOutboxMinimalStopAndManualPinSurviveReopen (5.13s)\n"}
{"Time":"2026-09-14T16:43:49.815792589+01:00","Action":"pass","Package":"github.com/JohnnyPBelo/relayloom/native/app","Test":"TestGroupOutboxMinimalStopAndManualPinSurviveReopen","Elapsed":5.13}
{"Time":"2026-09-14T16:43:49.815808949+01:00","Action":"run","Package":"github.com/JohnnyPBelo/relayloom/native/app","Test":"TestGroupOutboxStopAndAuthorityShareFailureBoundary"}
{"Time":"2026-09-14T16:43:49.815815912+01:00","Action":"output","Package":"github.com/JohnnyPBelo/relayloom/native/app","Test":"TestGroupOutboxStopAndAuthorityShareFailureBoundary","Output":"=== RUN   TestGroupOutboxStopAndAuthorityShareFailureBoundary\n"}
{"Time":"2026-09-14T16:43:49.815822765+01:00","Action":"run","Package":"github.com/JohnnyPBelo/relayloom/native/app","Test":"TestGroupOutboxStopAndAuthorityShareFailureBoundary/rollback"}
{"Time":"2026-09-14T16:43:49.815826592+01:00","Action":"output","Package":"github.com/JohnnyPBelo/relayloom/native/app","Test":"TestGroupOutboxStopAndAuthorityShareFailureBoundary/rollback","Output":"=== RUN   TestGroupOutboxStopAndAuthorityShareFailureBoundary/rollback\n"}
{"Time":"2026-09-14T16:43:53.138485499+01:00","Action":"output","Package":"github.com/JohnnyPBelo/relayloom/native/app","Test":"TestGroupOutboxStopAndAuthorityShareFailureBoundary/rollback","Output":"--- PASS: TestGroupOutboxStopAndAuthorityShareFailureBoundary/rollback (3.32s)\n"}
{"Time":"2026-09-14T16:43:53.138757199+01:00","Action":"pass","Package":"github.com/JohnnyPBelo/relayloom/native/app","Test":"TestGroupOutboxStopAndAuthorityShareFailureBoundary/rollback","Elapsed":3.32}
{"Time":"2026-09-14T16:43:53.138835776+01:00","Action":"run","Package":"github.com/JohnnyPBelo/relayloom/native/app","Test":"TestGroupOutboxStopAndAuthorityShareFailureBoundary/lost-commit-response"}
{"Time":"2026-09-14T16:43:53.138841597+01:00","Action":"output","Package":"github.com/JohnnyPBelo/relayloom/native/app","Test":"TestGroupOutboxStopAndAuthorityShareFailureBoundary/lost-commit-response","Output":"=== RUN   TestGroupOutboxStopAndAuthorityShareFailureBoundary/lost-commit-response\n"}
{"Time":"2026-09-14T16:43:55.712024939+01:00","Action":"output","Package":"github.com/JohnnyPBelo/relayloom/native/app","Test":"TestGroupOutboxStopAndAuthorityShareFailureBoundary/lost-commit-response","Output":"--- PASS: TestGroupOutboxStopAndAuthorityShareFailureBoundary/lost-commit-response (2.57s)\n"}
{"Time":"2026-09-14T16:43:55.712082227+01:00","Action":"pass","Package":"github.com/JohnnyPBelo/relayloom/native/app","Test":"TestGroupOutboxStopAndAuthorityShareFailureBoundary/lost-commit-response","Elapsed":2.57}
{"Time":"2026-09-14T16:43:55.712107755+01:00","Action":"output","Package":"github.com/JohnnyPBelo/relayloom/native/app","Test":"TestGroupOutboxStopAndAuthorityShareFailureBoundary","Output":"--- PASS: TestGroupOutboxStopAndAuthorityShareFailureBoundary (5.90s)\n"}
{"Time":"2026-09-14T16:43:55.712115419+01:00","Action":"pass","Package":"github.com/JohnnyPBelo/relayloom/native/app","Test":"TestGroupOutboxStopAndAuthorityShareFailureBoundary","Elapsed":5.9}
{"Time":"2026-09-14T16:43:55.712121671+01:00","Action":"run","Package":"github.com/JohnnyPBelo/relayloom/native/app","Test":"TestGroupOutboxStopCommitsWithFullNormalQuota"}
{"Time":"2026-09-14T16:43:55.712127762+01:00","Action":"output","Package":"github.com/JohnnyPBelo/relayloom/native/app","Test":"TestGroupOutboxStopCommitsWithFullNormalQuota","Output":"=== RUN   TestGroupOutboxStopCommitsWithFullNormalQuota\n"}
{"Time":"2026-09-14T16:44:08.8842184+01:00","Action":"output","Package":"github.com/JohnnyPBelo/relayloom/native/app","Test":"TestGroupOutboxStopCommitsWithFullNormalQuota","Output":"--- PASS: TestGroupOutboxStopCommitsWithFullNormalQuota (13.17s)\n"}
{"Time":"2026-09-14T16:44:08.884257233+01:00","Action":"pass","Package":"github.com/JohnnyPBelo/relayloom/native/app","Test":"TestGroupOutboxStopCommitsWithFullNormalQuota","Elapsed":13.17}
{"Time":"2026-09-14T16:44:08.884273413+01:00","Action":"run","Package":"github.com/JohnnyPBelo/relayloom/native/app","Test":"TestGroupOutboxRejectsForgedMirrorBindingAndOrphan"}
{"Time":"2026-09-14T16:44:08.884277331+01:00","Action":"output","Package":"github.com/JohnnyPBelo/relayloom/native/app","Test":"TestGroupOutboxRejectsForgedMirrorBindingAndOrphan","Output":"=== RUN   TestGroupOutboxRejectsForgedMirrorBindingAndOrphan\n"}
{"Time":"2026-09-14T16:44:08.884286738+01:00","Action":"run","Package":"github.com/JohnnyPBelo/relayloom/native/app","Test":"TestGroupOutboxRejectsForgedMirrorBindingAndOrphan/mirror"}
{"Time":"2026-09-14T16:44:08.884289964+01:00","Action":"output","Package":"github.com/JohnnyPBelo/relayloom/native/app","Test":"TestGroupOutboxRejectsForgedMirrorBindingAndOrphan/mirror","Output":"=== RUN   TestGroupOutboxRejectsForgedMirrorBindingAndOrphan/mirror\n"}
{"Time":"2026-09-14T16:44:11.626700188+01:00","Action":"output","Package":"github.com/JohnnyPBelo/relayloom/native/app","Test":"TestGroupOutboxRejectsForgedMirrorBindingAndOrphan/mirror","Output":"--- PASS: TestGroupOutboxRejectsForgedMirrorBindingAndOrphan/mirror (2.74s)\n"}
{"Time":"2026-09-14T16:44:11.626739762+01:00","Action":"pass","Package":"github.com/JohnnyPBelo/relayloom/native/app","Test":"TestGroupOutboxRejectsForgedMirrorBindingAndOrphan/mirror","Elapsed":2.74}
{"Time":"2026-09-14T16:44:11.626747847+01:00","Action":"run","Package":"github.com/JohnnyPBelo/relayloom/native/app","Test":"TestGroupOutboxRejectsForgedMirrorBindingAndOrphan/binding"}
{"Time":"2026-09-14T16:44:11.626750783+01:00","Action":"output","Package":"github.com/JohnnyPBelo/relayloom/native/app","Test":"TestGroupOutboxRejectsForgedMirrorBindingAndOrphan/binding","Output":"=== RUN   TestGroupOutboxRejectsForgedMirrorBindingAndOrphan/binding\n"}
{"Time":"2026-09-14T16:44:14.936351625+01:00","Action":"output","Package":"github.com/JohnnyPBelo/relayloom/native/app","Test":"TestGroupOutboxRejectsForgedMirrorBindingAndOrphan/binding","Output":"--- PASS: TestGroupOutboxRejectsForgedMirrorBindingAndOrphan/binding (3.31s)\n"}
{"Time":"2026-09-14T16:44:14.936389496+01:00","Action":"pass","Package":"github.com/JohnnyPBelo/relayloom/native/app","Test":"TestGroupOutboxRejectsForgedMirrorBindingAndOrphan/binding","Elapsed":3.31}
{"Time":"2026-09-14T16:44:14.936399885+01:00","Action":"run","Package":"github.com/JohnnyPBelo/relayloom/native/app","Test":"TestGroupOutboxRejectsForgedMirrorBindingAndOrphan/orphan"}
{"Time":"2026-09-14T16:44:14.936403642+01:00","Action":"output","Package":"github.com/JohnnyPBelo/relayloom/native/app","Test":"TestGroupOutboxRejectsForgedMirrorBindingAndOrphan/orphan","Output":"=== RUN   TestGroupOutboxRejectsForgedMirrorBindingAndOrphan/orphan\n"}
{"Time":"2026-09-14T16:44:18.276917408+01:00","Action":"output","Package":"github.com/JohnnyPBelo/relayloom/native/app","Test":"TestGroupOutboxRejectsForgedMirrorBindingAndOrphan/orphan","Output":"--- PASS: TestGroupOutboxRejectsForgedMirrorBindingAndOrphan/orphan (3.34s)\n"}
{"Time":"2026-09-14T16:44:18.277000835+01:00","Action":"pass","Package":"github.com/JohnnyPBelo/relayloom/native/app","Test":"TestGroupOutboxRejectsForgedMirrorBindingAndOrphan/orphan","Elapsed":3.34}
{"Time":"2026-09-14T16:44:18.277017015+01:00","Action":"output","Package":"github.com/JohnnyPBelo/relayloom/native/app","Test":"TestGroupOutboxRejectsForgedMirrorBindingAndOrphan","Output":"--- PASS: TestGroupOutboxRejectsForgedMirrorBindingAndOrphan (9.39s)\n"}
{"Time":"2026-09-14T16:44:18.277022635+01:00","Action":"pass","Package":"github.com/JohnnyPBelo/relayloom/native/app","Test":"TestGroupOutboxRejectsForgedMirrorBindingAndOrphan","Elapsed":9.39}
{"Time":"2026-09-14T16:44:18.277060777+01:00","Action":"run","Package":"github.com/JohnnyPBelo/relayloom/native/app","Test":"TestGroupOutboxBoundedMirrorSchema"}
{"Time":"2026-09-14T16:44:18.277065336+01:00","Action":"output","Package":"github.com/JohnnyPBelo/relayloom/native/app","Test":"TestGroupOutboxBoundedMirrorSchema","Output":"=== RUN   TestGroupOutboxBoundedMirrorSchema\n"}
{"Time":"2026-09-14T16:44:20.613668185+01:00","Action":"output","Package":"github.com/JohnnyPBelo/relayloom/native/app","Test":"TestGroupOutboxBoundedMirrorSchema","Output":"--- PASS: TestGroupOutboxBoundedMirrorSchema (2.34s)\n"}
{"Time":"2026-09-14T16:44:20.613729049+01:00","Action":"pass","Package":"github.com/JohnnyPBelo/relayloom/native/app","Test":"TestGroupOutboxBoundedMirrorSchema","Elapsed":2.34}
{"Time":"2026-09-14T16:44:20.613755558+01:00","Action":"run","Package":"github.com/JohnnyPBelo/relayloom/native/app","Test":"TestGroupOutboxRestrictivePrefixWithInvalidTail"}
{"Time":"2026-09-14T16:44:20.613759376+01:00","Action":"output","Package":"github.com/JohnnyPBelo/relayloom/native/app","Test":"TestGroupOutboxRestrictivePrefixWithInvalidTail","Output":"=== RUN   TestGroupOutboxRestrictivePrefixWithInvalidTail\n"}
{"Time":"2026-09-14T16:44:23.194732464+01:00","Action":"output","Package":"github.com/JohnnyPBelo/relayloom/native/app","Test":"TestGroupOutboxRestrictivePrefixWithInvalidTail","Output":"--- PASS: TestGroupOutboxRestrictivePrefixWithInvalidTail (2.58s)\n"}
{"Time":"2026-09-14T16:44:23.194788429+01:00","Action":"pass","Package":"github.com/JohnnyPBelo/relayloom/native/app","Test":"TestGroupOutboxRestrictivePrefixWithInvalidTail","Elapsed":2.58}
{"Time":"2026-09-14T16:44:23.194800722+01:00","Action":"run","Package":"github.com/JohnnyPBelo/relayloom/native/app","Test":"TestGroupOutboxStopCancelsActualLocalTransportQueue"}
{"Time":"2026-09-14T16:44:23.194804509+01:00","Action":"output","Package":"github.com/JohnnyPBelo/relayloom/native/app","Test":"TestGroupOutboxStopCancelsActualLocalTransportQueue","Output":"=== RUN   TestGroupOutboxStopCancelsActualLocalTransportQueue\n"}
{"Time":"2026-09-14T16:44:23.19481032+01:00","Action":"run","Package":"github.com/JohnnyPBelo/relayloom/native/app","Test":"TestGroupOutboxStopCancelsActualLocalTransportQueue/stop"}
{"Time":"2026-09-14T16:44:23.194814448+01:00","Action":"output","Package":"github.com/JohnnyPBelo/relayloom/native/app","Test":"TestGroupOutboxStopCancelsActualLocalTransportQueue/stop","Output":"=== RUN   TestGroupOutboxStopCancelsActualLocalTransportQueue/stop\n"}
{"Time":"2026-09-14T16:44:26.166132601+01:00","Action":"output","Package":"github.com/JohnnyPBelo/relayloom/native/app","Test":"TestGroupOutboxStopCancelsActualLocalTransportQueue/stop","Output":"--- PASS: TestGroupOutboxStopCancelsActualLocalTransportQueue/stop (2.97s)\n"}
{"Time":"2026-09-14T16:44:26.166203414+01:00","Action":"pass","Package":"github.com/JohnnyPBelo/relayloom/native/app","Test":"TestGroupOutboxStopCancelsActualLocalTransportQueue/stop","Elapsed":2.97}
{"Time":"2026-09-14T16:44:26.166213372+01:00","Action":"run","Package":"github.com/JohnnyPBelo/relayloom/native/app","Test":"TestGroupOutboxStopCancelsActualLocalTransportQueue/negative-control-delivers"}
{"Time":"2026-09-14T16:44:26.166216398+01:00","Action":"output","Package":"github.com/JohnnyPBelo/relayloom/native/app","Test":"TestGroupOutboxStopCancelsActualLocalTransportQueue/negative-control-delivers","Output":"=== RUN   TestGroupOutboxStopCancelsActualLocalTransportQueue/negative-control-delivers\n"}
{"Time":"2026-09-14T16:44:28.592810316+01:00","Action":"output","Package":"github.com/JohnnyPBelo/relayloom/native/app","Test":"TestGroupOutboxStopCancelsActualLocalTransportQueue/negative-control-delivers","Output":"--- PASS: TestGroupOutboxStopCancelsActualLocalTransportQueue/negative-control-delivers (2.43s)\n"}
{"Time":"2026-09-14T16:44:28.592846534+01:00","Action":"pass","Package":"github.com/JohnnyPBelo/relayloom/native/app","Test":"TestGroupOutboxStopCancelsActualLocalTransportQueue/negative-control-delivers","Elapsed":2.43}
{"Time":"2026-09-14T16:44:28.592857304+01:00","Action":"output","Package":"github.com/JohnnyPBelo/relayloom/native/app","Test":"TestGroupOutboxStopCancelsActualLocalTransportQueue","Output":"--- PASS: TestGroupOutboxStopCancelsActualLocalTransportQueue (5.40s)\n"}
{"Time":"2026-09-14T16:44:28.592869898+01:00","Action":"pass","Package":"github.com/JohnnyPBelo/relayloom/native/app","Test":"TestGroupOutboxStopCancelsActualLocalTransportQueue","Elapsed":5.4}
{"Time":"2026-09-14T16:44:28.59290283+01:00","Action":"run","Package":"github.com/JohnnyPBelo/relayloom/native/app","Test":"TestGroupOutboxServeChecksCompletedAuthorAuthority"}
{"Time":"2026-09-14T16:44:28.592907598+01:00","Action":"output","Package":"github.com/JohnnyPBelo/relayloom/native/app","Test":"TestGroupOutboxServeChecksCompletedAuthorAuthority","Output":"=== RUN   TestGroupOutboxServeChecksCompletedAuthorAuthority\n"}
{"Time":"2026-09-14T16:44:28.592937825+01:00","Action":"run","Package":"github.com/JohnnyPBelo/relayloom/native/app","Test":"TestGroupOutboxServeChecksCompletedAuthorAuthority/active"}
{"Time":"2026-09-14T16:44:28.59294062+01:00","Action":"output","Package":"github.com/JohnnyPBelo/relayloom/native/app","Test":"TestGroupOutboxServeChecksCompletedAuthorAuthority/active","Output":"=== RUN   TestGroupOutboxServeChecksCompletedAuthorAuthority/active\n"}
{"Time":"2026-09-14T16:44:36.361100224+01:00","Action":"output","Package":"github.com/JohnnyPBelo/relayloom/native/app","Test":"TestGroupOutboxServeChecksCompletedAuthorAuthority/active","Output":"--- PASS: TestGroupOutboxServeChecksCompletedAuthorAuthority/active (7.77s)\n"}
{"Time":"2026-09-14T16:44:36.361138796+01:00","Action":"pass","Package":"github.com/JohnnyPBelo/relayloom/native/app","Test":"TestGroupOutboxServeChecksCompletedAuthorAuthority/active","Elapsed":7.77}
{"Time":"2026-09-14T16:44:36.361150979+01:00","Action":"run","Package":"github.com/JohnnyPBelo/relayloom/native/app","Test":"TestGroupOutboxServeChecksCompletedAuthorAuthority/closed"}
{"Time":"2026-09-14T16:44:36.361154886+01:00","Action":"output","Package":"github.com/JohnnyPBelo/relayloom/native/app","Test":"TestGroupOutboxServeChecksCompletedAuthorAuthority/closed","Output":"=== RUN   TestGroupOutboxServeChecksCompletedAuthorAuthority/closed\n"}
{"Time":"2026-09-14T16:44:43.070195695+01:00","Action":"output","Package":"github.com/JohnnyPBelo/relayloom/native/app","Test":"TestGroupOutboxServeChecksCompletedAuthorAuthority/closed","Output":"--- PASS: TestGroupOutboxServeChecksCompletedAuthorAuthority/closed (6.71s)\n"}
{"Time":"2026-09-14T16:44:43.0702359+01:00","Action":"pass","Package":"github.com/JohnnyPBelo/relayloom/native/app","Test":"TestGroupOutboxServeChecksCompletedAuthorAuthority/closed","Elapsed":6.71}
{"Time":"2026-09-14T16:44:43.070244666+01:00","Action":"run","Package":"github.com/JohnnyPBelo/relayloom/native/app","Test":"TestGroupOutboxServeChecksCompletedAuthorAuthority/locked"}
{"Time":"2026-09-14T16:44:43.070248293+01:00","Action":"output","Package":"github.com/JohnnyPBelo/relayloom/native/app","Test":"TestGroupOutboxServeChecksCompletedAuthorAuthority/locked","Output":"=== RUN   TestGroupOutboxServeChecksCompletedAuthorAuthority/locked\n"}
{"Time":"2026-09-14T16:44:45.877273735+01:00","Action":"output","Package":"github.com/JohnnyPBelo/relayloom/native/app","Test":"TestGroupOutboxServeChecksCompletedAuthorAuthority/locked","Output":"--- PASS: TestGroupOutboxServeChecksCompletedAuthorAuthority/locked (2.81s)\n"}
{"Time":"2026-09-14T16:44:45.877311105+01:00","Action":"pass","Package":"github.com/JohnnyPBelo/relayloom/native/app","Test":"TestGroupOutboxServeChecksCompletedAuthorAuthority/locked","Elapsed":2.81}
{"Time":"2026-09-14T16:44:45.877321144+01:00","Action":"output","Package":"github.com/JohnnyPBelo/relayloom/native/app","Test":"TestGroupOutboxServeChecksCompletedAuthorAuthority","Output":"--- PASS: TestGroupOutboxServeChecksCompletedAuthorAuthority (17.28s)\n"}
{"Time":"2026-09-14T16:44:45.877325191+01:00","Action":"pass","Package":"github.com/JohnnyPBelo/relayloom/native/app","Test":"TestGroupOutboxServeChecksCompletedAuthorAuthority","Elapsed":17.28}
{"Time":"2026-09-14T16:44:45.877342884+01:00","Action":"run","Package":"github.com/JohnnyPBelo/relayloom/native/app","Test":"TestGroupSendProcessExitFixture"}
{"Time":"2026-09-14T16:44:45.877349306+01:00","Action":"output","Package":"github.com/JohnnyPBelo/relayloom/native/app","Test":"TestGroupSendProcessExitFixture","Output":"=== RUN   TestGroupSendProcessExitFixture\n"}
{"Time":"2026-09-14T16:44:45.877394291+01:00","Action":"output","Package":"github.com/JohnnyPBelo/relayloom/native/app","Test":"TestGroupSendProcessExitFixture","Output":"    group_send_process_test.go:24: requires cross-engine group send driver\n"}
{"Time":"2026-09-14T16:44:45.877413978+01:00","Action":"output","Package":"github.com/JohnnyPBelo/relayloom/native/app","Test":"TestGroupSendProcessExitFixture","Output":"--- SKIP: TestGroupSendProcessExitFixture (0.00s)\n"}
{"Time":"2026-09-14T16:44:45.877422844+01:00","Action":"skip","Package":"github.com/JohnnyPBelo/relayloom/native/app","Test":"TestGroupSendProcessExitFixture","Elapsed":0}
{"Time":"2026-09-14T16:44:45.877427092+01:00","Action":"run","Package":"github.com/JohnnyPBelo/relayloom/native/app","Test":"TestGroupSendLegacyPreviewRecovery"}
{"Time":"2026-09-14T16:44:45.877429867+01:00","Action":"output","Package":"github.com/JohnnyPBelo/relayloom/native/app","Test":"TestGroupSendLegacyPreviewRecovery","Output":"=== RUN   TestGroupSendLegacyPreviewRecovery\n"}
{"Time":"2026-09-14T16:44:51.464069923+01:00","Action":"output","Package":"github.com/JohnnyPBelo/relayloom/native/app","Test":"TestGroupSendLegacyPreviewRecovery","Output":"--- PASS: TestGroupSendLegacyPreviewRecovery (5.59s)\n"}
{"Time":"2026-09-14T16:44:51.464106862+01:00","Action":"pass","Package":"github.com/JohnnyPBelo/relayloom/native/app","Test":"TestGroupSendLegacyPreviewRecovery","Elapsed":5.59}
{"Time":"2026-09-14T16:44:51.464115428+01:00","Action":"run","Package":"github.com/JohnnyPBelo/relayloom/native/app","Test":"TestGroupSendCommitFailures"}
{"Time":"2026-09-14T16:44:51.464118785+01:00","Action":"output","Package":"github.com/JohnnyPBelo/relayloom/native/app","Test":"TestGroupSendCommitFailures","Output":"=== RUN   TestGroupSendCommitFailures\n"}
{"Time":"2026-09-14T16:44:51.464129104+01:00","Action":"run","Package":"github.com/JohnnyPBelo/relayloom/native/app","Test":"TestGroupSendCommitFailures/preparing-rollback"}
{"Time":"2026-09-14T16:44:51.464132941+01:00","Action":"output","Package":"github.com/JohnnyPBelo/relayloom/native/app","Test":"TestGroupSendCommitFailures/preparing-rollback","Output":"=== RUN   TestGroupSendCommitFailures/preparing-rollback\n"}
{"Time":"2026-09-14T16:44:57.159837159+01:00","Action":"output","Package":"github.com/JohnnyPBelo/relayloom/native/app","Test":"TestGroupSendCommitFailures/preparing-rollback","Output":"--- PASS: TestGroupSendCommitFailures/preparing-rollback (5.70s)\n"}
{"Time":"2026-09-14T16:44:57.159892613+01:00","Action":"pass","Package":"github.com/JohnnyPBelo/relayloom/native/app","Test":"TestGroupSendCommitFailures/preparing-rollback","Elapsed":5.7}
{"Time":"2026-09-14T16:44:57.159904405+01:00","Action":"run","Package":"github.com/JohnnyPBelo/relayloom/native/app","Test":"TestGroupSendCommitFailures/preparing-lost-response"}
{"Time":"2026-09-14T16:44:57.159907471+01:00","Action":"output","Package":"github.com/JohnnyPBelo/relayloom/native/app","Test":"TestGroupSendCommitFailures/preparing-lost-response","Output":"=== RUN   TestGroupSendCommitFailures/preparing-lost-response\n"}
{"Time":"2026-09-14T16:45:02.768306175+01:00","Action":"output","Package":"github.com/JohnnyPBelo/relayloom/native/app","Test":"TestGroupSendCommitFailures/preparing-lost-response","Output":"--- PASS: TestGroupSendCommitFailures/preparing-lost-response (5.61s)\n"}
{"Time":"2026-09-14T16:45:02.7683729+01:00","Action":"pass","Package":"github.com/JohnnyPBelo/relayloom/native/app","Test":"TestGroupSendCommitFailures/preparing-lost-response","Elapsed":5.61}
{"Time":"2026-09-14T16:45:02.768386385+01:00","Action":"run","Package":"github.com/JohnnyPBelo/relayloom/native/app","Test":"TestGroupSendCommitFailures/ready-rollback"}
{"Time":"2026-09-14T16:45:02.768391124+01:00","Action":"output","Package":"github.com/JohnnyPBelo/relayloom/native/app","Test":"TestGroupSendCommitFailures/ready-rollback","Output":"=== RUN   TestGroupSendCommitFailures/ready-rollback\n"}
{"Time":"2026-09-14T16:45:08.247631739+01:00","Action":"output","Package":"github.com/JohnnyPBelo/relayloom/native/app","Test":"TestGroupSendCommitFailures/ready-rollback","Output":"--- PASS: TestGroupSendCommitFailures/ready-rollback (5.48s)\n"}
{"Time":"2026-09-14T16:45:08.24767464+01:00","Action":"pass","Package":"github.com/JohnnyPBelo/relayloom/native/app","Test":"TestGroupSendCommitFailures/ready-rollback","Elapsed":5.48}
{"Time":"2026-09-14T16:45:08.247682875+01:00","Action":"run","Package":"github.com/JohnnyPBelo/relayloom/native/app","Test":"TestGroupSendCommitFailures/ready-lost-response"}
{"Time":"2026-09-14T16:45:08.247686762+01:00","Action":"output","Package":"github.com/JohnnyPBelo/relayloom/native/app","Test":"TestGroupSendCommitFailures/ready-lost-response","Output":"=== RUN   TestGroupSendCommitFailures/ready-lost-response\n"}
{"Time":"2026-09-14T16:45:13.669775273+01:00","Action":"output","Package":"github.com/JohnnyPBelo/relayloom/native/app","Test":"TestGroupSendCommitFailures/ready-lost-response","Output":"--- PASS: TestGroupSendCommitFailures/ready-lost-response (5.42s)\n"}
{"Time":"2026-09-14T16:45:13.669846807+01:00","Action":"pass","Package":"github.com/JohnnyPBelo/relayloom/native/app","Test":"TestGroupSendCommitFailures/ready-lost-response","Elapsed":5.42}
{"Time":"2026-09-14T16:45:13.669868238+01:00","Action":"output","Package":"github.com/JohnnyPBelo/relayloom/native/app","Test":"TestGroupSendCommitFailures","Output":"--- PASS: TestGroupSendCommitFailures (22.21s)\n"}
{"Time":"2026-09-14T16:45:13.669875191+01:00","Action":"pass","Package":"github.com/JohnnyPBelo/relayloom/native/app","Test":"TestGroupSendCommitFailures","Elapsed":22.21}
{"Time":"2026-09-14T16:45:13.669882645+01:00","Action":"run","Package":"github.com/JohnnyPBelo/relayloom/native/app","Test":"TestGroupSendContentIndexFailure"}
{"Time":"2026-09-14T16:45:13.669886502+01:00","Action":"output","Package":"github.com/JohnnyPBelo/relayloom/native/app","Test":"TestGroupSendContentIndexFailure","Output":"=== RUN   TestGroupSendContentIndexFailure\n"}
{"Time":"2026-09-14T16:45:19.922031602+01:00","Action":"output","Package":"github.com/JohnnyPBelo/relayloom/native/app","Test":"TestGroupSendContentIndexFailure","Output":"--- PASS: TestGroupSendContentIndexFailure (6.25s)\n"}
{"Time":"2026-09-14T16:45:19.922077067+01:00","Action":"pass","Package":"github.com/JohnnyPBelo/relayloom/native/app","Test":"TestGroupSendContentIndexFailure","Elapsed":6.25}
{"Time":"2026-09-14T16:45:19.922090632+01:00","Action":"run","Package":"github.com/JohnnyPBelo/relayloom/native/app","Test":"TestGroupControlResponsesRespectProducerQuota"}
{"Time":"2026-09-14T16:45:19.922095421+01:00","Action":"output","Package":"github.com/JohnnyPBelo/relayloom/native/app","Test":"TestGroupControlResponsesRespectProducerQuota","Output":"=== RUN   TestGroupControlResponsesRespectProducerQuota\n"}
{"Time":"2026-09-14T16:45:48.646430118+01:00","Action":"output","Package":"github.com/JohnnyPBelo/relayloom/native/app","Test":"TestGroupControlResponsesRespectProducerQuota","Output":"--- PASS: TestGroupControlResponsesRespectProducerQuota (28.72s)\n"}
{"Time":"2026-09-14T16:45:48.646469882+01:00","Action":"pass","Package":"github.com/JohnnyPBelo/relayloom/native/app","Test":"TestGroupControlResponsesRespectProducerQuota","Elapsed":28.72}
{"Time":"2026-09-14T16:45:48.646478128+01:00","Action":"run","Package":"github.com/JohnnyPBelo/relayloom/native/app","Test":"TestGroupControlUnknownGroupCannotEnrol"}
{"Time":"2026-09-14T16:45:48.646481284+01:00","Action":"output","Package":"github.com/JohnnyPBelo/relayloom/native/app","Test":"TestGroupControlUnknownGroupCannotEnrol","Output":"=== RUN   TestGroupControlUnknownGroupCannotEnrol\n"}
{"Time":"2026-09-14T16:45:49.695733639+01:00","Action":"output","Package":"github.com/JohnnyPBelo/relayloom/native/app","Test":"TestGroupControlUnknownGroupCannotEnrol","Output":"--- PASS: TestGroupControlUnknownGroupCannotEnrol (1.05s)\n"}
{"Time":"2026-09-14T16:45:49.695778182+01:00","Action":"pass","Package":"github.com/JohnnyPBelo/relayloom/native/app","Test":"TestGroupControlUnknownGroupCannotEnrol","Elapsed":1.05}
{"Time":"2026-09-14T16:45:49.695788071+01:00","Action":"run","Package":"github.com/JohnnyPBelo/relayloom/native/app","Test":"TestGroupControlFailedIndexWritesConsumeOutputBudget"}
{"Time":"2026-09-14T16:45:49.695792138+01:00","Action":"output","Package":"github.com/JohnnyPBelo/relayloom/native/app","Test":"TestGroupControlFailedIndexWritesConsumeOutputBudget","Output":"=== RUN   TestGroupControlFailedIndexWritesConsumeOutputBudget\n"}
{"Time":"2026-09-14T16:45:56.23126192+01:00","Action":"output","Package":"github.com/JohnnyPBelo/relayloom/native/app","Test":"TestGroupControlFailedIndexWritesConsumeOutputBudget","Output":"--- PASS: TestGroupControlFailedIndexWritesConsumeOutputBudget (6.54s)\n"}
{"Time":"2026-09-14T16:45:56.231647343+01:00","Action":"pass","Package":"github.com/JohnnyPBelo/relayloom/native/app","Test":"TestGroupControlFailedIndexWritesConsumeOutputBudget","Elapsed":6.54}
{"Time":"2026-09-14T16:45:56.231715531+01:00","Action":"run","Package":"github.com/JohnnyPBelo/relayloom/native/app","Test":"TestGroupControlInvalidSnapshotStillCommitsVerifiedRemovalHeader"}
{"Time":"2026-09-14T16:45:56.231727543+01:00","Action":"output","Package":"github.com/JohnnyPBelo/relayloom/native/app","Test":"TestGroupControlInvalidSnapshotStillCommitsVerifiedRemovalHeader","Output":"=== RUN   TestGroupControlInvalidSnapshotStillCommitsVerifiedRemovalHeader\n"}
{"Time":"2026-09-14T16:46:00.987545885+01:00","Action":"output","Package":"github.com/JohnnyPBelo/relayloom/native/app","Test":"TestGroupControlInvalidSnapshotStillCommitsVerifiedRemovalHeader","Output":"--- PASS: TestGroupControlInvalidSnapshotStillCommitsVerifiedRemovalHeader (4.76s)\n"}
{"Time":"2026-09-14T16:46:00.987610847+01:00","Action":"pass","Package":"github.com/JohnnyPBelo/relayloom/native/app","Test":"TestGroupControlInvalidSnapshotStillCommitsVerifiedRemovalHeader","Elapsed":4.76}
{"Time":"2026-09-14T16:46:00.987621296+01:00","Action":"run","Package":"github.com/JohnnyPBelo/relayloom/native/app","Test":"TestRequestTrackingBoundSurvivesCapacityErrors"}
{"Time":"2026-09-14T16:46:00.987625644+01:00","Action":"output","Package":"github.com/JohnnyPBelo/relayloom/native/app","Test":"TestRequestTrackingBoundSurvivesCapacityErrors","Output":"=== RUN   TestRequestTrackingBoundSurvivesCapacityErrors\n"}
{"Time":"2026-09-14T16:46:02.905155615+01:00","Action":"output","Package":"github.com/JohnnyPBelo/relayloom/native/app","Test":"TestRequestTrackingBoundSurvivesCapacityErrors","Output":"--- PASS: TestRequestTrackingBoundSurvivesCapacityErrors (1.92s)\n"}
{"Time":"2026-09-14T16:46:02.905203445+01:00","Action":"pass","Package":"github.com/JohnnyPBelo/relayloom/native/app","Test":"TestRequestTrackingBoundSurvivesCapacityErrors","Elapsed":1.92}
{"Time":"2026-09-14T16:46:02.905215998+01:00","Action":"run","Package":"github.com/JohnnyPBelo/relayloom/native/app","Test":"TestIncomingDeletionJournalsBeforeOriginalEvictionAndRestart"}
{"Time":"2026-09-14T16:46:02.905218714+01:00","Action":"output","Package":"github.com/JohnnyPBelo/relayloom/native/app","Test":"TestIncomingDeletionJournalsBeforeOriginalEvictionAndRestart","Output":"=== RUN   TestIncomingDeletionJournalsBeforeOriginalEvictionAndRestart\n"}
{"Time":"2026-09-14T16:46:04.525332941+01:00","Action":"output","Package":"github.com/JohnnyPBelo/relayloom/native/app","Test":"TestIncomingDeletionJournalsBeforeOriginalEvictionAndRestart","Output":"--- PASS: TestIncomingDeletionJournalsBeforeOriginalEvictionAndRestart (1.62s)\n"}
{"Time":"2026-09-14T16:46:04.525400798+01:00","Action":"pass","Package":"github.com/JohnnyPBelo/relayloom/native/app","Test":"TestIncomingDeletionJournalsBeforeOriginalEvictionAndRestart","Elapsed":1.62}
{"Time":"2026-09-14T16:46:04.525415756+01:00","Action":"run","Package":"github.com/JohnnyPBelo/relayloom/native/app","Test":"TestIncomingMutationRequiresAuthorAndMatchingReaderScope"}
{"Time":"2026-09-14T16:46:04.525419533+01:00","Action":"output","Package":"github.com/JohnnyPBelo/relayloom/native/app","Test":"TestIncomingMutationRequiresAuthorAndMatchingReaderScope","Output":"=== RUN   TestIncomingMutationRequiresAuthorAndMatchingReaderScope\n"}
{"Time":"2026-09-14T16:46:05.303566949+01:00","Action":"output","Package":"github.com/JohnnyPBelo/relayloom/native/app","Test":"TestIncomingMutationRequiresAuthorAndMatchingReaderScope","Output":"--- PASS: TestIncomingMutationRequiresAuthorAndMatchingReaderScope (0.78s)\n"}
{"Time":"2026-09-14T16:46:05.303613226+01:00","Action":"pass","Package":"github.com/JohnnyPBelo/relayloom/native/app","Test":"TestIncomingMutationRequiresAuthorAndMatchingReaderScope","Elapsed":0.78}
{"Time":"2026-09-14T16:46:05.303622914+01:00","Action":"run","Package":"github.com/JohnnyPBelo/relayloom/native/app","Test":"TestLockedReceivedDeleteIsDeferredUntilAuthenticatedMaterialization"}
{"Time":"2026-09-14T16:46:05.303626661+01:00","Action":"output","Package":"github.com/JohnnyPBelo/relayloom/native/app","Test":"TestLockedReceivedDeleteIsDeferredUntilAuthenticatedMaterialization","Output":"=== RUN   TestLockedReceivedDeleteIsDeferredUntilAuthenticatedMaterialization\n"}
{"Time":"2026-09-14T16:46:06.618636628+01:00","Action":"output","Package":"github.com/JohnnyPBelo/relayloom/native/app","Test":"TestLockedReceivedDeleteIsDeferredUntilAuthenticatedMaterialization","Output":"--- PASS: TestLockedReceivedDeleteIsDeferredUntilAuthenticatedMaterialization (1.31s)\n"}
{"Time":"2026-09-14T16:46:06.618711599+01:00","Action":"pass","Package":"github.com/JohnnyPBelo/relayloom/native/app","Test":"TestLockedReceivedDeleteIsDeferredUntilAuthenticatedMaterialization","Elapsed":1.31}
{"Time":"2026-09-14T16:46:06.618732248+01:00","Action":"run","Package":"github.com/JohnnyPBelo/relayloom/native/app","Test":"TestHistoryPagesBoundCountAndBytesAndKeepIDCursorStable"}
{"Time":"2026-09-14T16:46:06.61873865+01:00","Action":"output","Package":"github.com/JohnnyPBelo/relayloom/native/app","Test":"TestHistoryPagesBoundCountAndBytesAndKeepIDCursorStable","Output":"=== RUN   TestHistoryPagesBoundCountAndBytesAndKeepIDCursorStable\n"}
{"Time":"2026-09-14T16:46:09.968151462+01:00","Action":"output","Package":"github.com/JohnnyPBelo/relayloom/native/app","Test":"TestHistoryPagesBoundCountAndBytesAndKeepIDCursorStable","Output":"--- PASS: TestHistoryPagesBoundCountAndBytesAndKeepIDCursorStable (3.35s)\n"}
{"Time":"2026-09-14T16:46:09.968215933+01:00","Action":"pass","Package":"github.com/JohnnyPBelo/relayloom/native/app","Test":"TestHistoryPagesBoundCountAndBytesAndKeepIDCursorStable","Elapsed":3.35}
{"Time":"2026-09-14T16:46:09.968228907+01:00","Action":"run","Package":"github.com/JohnnyPBelo/relayloom/native/app","Test":"TestLargeEncryptedStoreServesBoundedHistoryAndExactOnDemandAttachment"}
{"Time":"2026-09-14T16:46:09.968232053+01:00","Action":"output","Package":"github.com/JohnnyPBelo/relayloom/native/app","Test":"TestLargeEncryptedStoreServesBoundedHistoryAndExactOnDemandAttachment","Output":"=== RUN   TestLargeEncryptedStoreServesBoundedHistoryAndExactOnDemandAttachment\n"}
{"Time":"2026-09-14T16:46:40.162295022+01:00","Action":"output","Package":"github.com/JohnnyPBelo/relayloom/native/app","Test":"TestLargeEncryptedStoreServesBoundedHistoryAndExactOnDemandAttachment","Output":"    history_test.go:368: encrypted store=37595070 bytes; authorized aggregate payload=27963260 bytes; state=68581 bytes\n"}
{"Time":"2026-09-14T16:46:40.452115124+01:00","Action":"output","Package":"github.com/JohnnyPBelo/relayloom/native/app","Test":"TestLargeEncryptedStoreServesBoundedHistoryAndExactOnDemandAttachment","Output":"    history_test.go:373: initial state=4.403420103s; repeated state with verified summary cache=289.710917ms\n"}
{"Time":"2026-09-14T16:46:49.520961858+01:00","Action":"output","Package":"github.com/JohnnyPBelo/relayloom/native/app","Test":"TestLargeEncryptedStoreServesBoundedHistoryAndExactOnDemandAttachment","Output":"--- PASS: TestLargeEncryptedStoreServesBoundedHistoryAndExactOnDemandAttachment (39.55s)\n"}
{"Time":"2026-09-14T16:46:49.521025397+01:00","Action":"pass","Package":"github.com/JohnnyPBelo/relayloom/native/app","Test":"TestLargeEncryptedStoreServesBoundedHistoryAndExactOnDemandAttachment","Elapsed":39.55}
{"Time":"2026-09-14T16:46:49.521038652+01:00","Action":"run","Package":"github.com/JohnnyPBelo/relayloom/native/app","Test":"TestAttachmentEndpointRejectsUnauthorizedForgedAndCorruptedObjects"}
{"Time":"2026-09-14T16:46:49.521043431+01:00","Action":"output","Package":"github.com/JohnnyPBelo/relayloom/native/app","Test":"TestAttachmentEndpointRejectsUnauthorizedForgedAndCorruptedObjects","Output":"=== RUN   TestAttachmentEndpointRejectsUnauthorizedForgedAndCorruptedObjects\n"}
{"Time":"2026-09-14T16:46:50.274769786+01:00","Action":"output","Package":"github.com/JohnnyPBelo/relayloom/native/app","Test":"TestAttachmentEndpointRejectsUnauthorizedForgedAndCorruptedObjects","Output":"--- PASS: TestAttachmentEndpointRejectsUnauthorizedForgedAndCorruptedObjects (0.75s)\n"}
{"Time":"2026-09-14T16:46:50.274817796+01:00","Action":"pass","Package":"github.com/JohnnyPBelo/relayloom/native/app","Test":"TestAttachmentEndpointRejectsUnauthorizedForgedAndCorruptedObjects","Elapsed":0.75}
{"Time":"2026-09-14T16:46:50.274829899+01:00","Action":"run","Package":"github.com/JohnnyPBelo/relayloom/native/app","Test":"TestSummaryProjectionDropsNestedExtensionsAndRejectsInvalidTypedFields"}
{"Time":"2026-09-14T16:46:50.274833826+01:00","Action":"output","Package":"github.com/JohnnyPBelo/relayloom/native/app","Test":"TestSummaryProjectionDropsNestedExtensionsAndRejectsInvalidTypedFields","Output":"=== RUN   TestSummaryProjectionDropsNestedExtensionsAndRejectsInvalidTypedFields\n"}
{"Time":"2026-09-14T16:46:55.144002507+01:00","Action":"output","Package":"github.com/JohnnyPBelo/relayloom/native/app","Test":"TestSummaryProjectionDropsNestedExtensionsAndRejectsInvalidTypedFields","Output":"--- PASS: TestSummaryProjectionDropsNestedExtensionsAndRejectsInvalidTypedFields (4.87s)\n"}
{"Time":"2026-09-14T16:46:55.144039166+01:00","Action":"pass","Package":"github.com/JohnnyPBelo/relayloom/native/app","Test":"TestSummaryProjectionDropsNestedExtensionsAndRejectsInvalidTypedFields","Elapsed":4.87}
{"Time":"2026-09-14T16:46:55.144050327+01:00","Action":"run","Package":"github.com/JohnnyPBelo/relayloom/native/app","Test":"TestSummaryCacheReusesMetadataButInvalidatesTamperEvictionAndLock"}
{"Time":"2026-09-14T16:46:55.144056498+01:00","Action":"output","Package":"github.com/JohnnyPBelo/relayloom/native/app","Test":"TestSummaryCacheReusesMetadataButInvalidatesTamperEvictionAndLock","Output":"=== RUN   TestSummaryCacheReusesMetadataButInvalidatesTamperEvictionAndLock\n"}
{"Time":"2026-09-14T16:46:56.443509966+01:00","Action":"output","Package":"github.com/JohnnyPBelo/relayloom/native/app","Test":"TestSummaryCacheReusesMetadataButInvalidatesTamperEvictionAndLock","Output":"--- PASS: TestSummaryCacheReusesMetadataButInvalidatesTamperEvictionAndLock (1.30s)\n"}
{"Time":"2026-09-14T16:46:56.443583364+01:00","Action":"pass","Package":"github.com/JohnnyPBelo/relayloom/native/app","Test":"TestSummaryCacheReusesMetadataButInvalidatesTamperEvictionAndLock","Elapsed":1.3}
{"Time":"2026-09-14T16:46:56.443598412+01:00","Action":"run","Package":"github.com/JohnnyPBelo/relayloom/native/app","Test":"TestSummaryCacheCountAndByteBudgets"}
{"Time":"2026-09-14T16:46:56.443617828+01:00","Action":"output","Package":"github.com/JohnnyPBelo/relayloom/native/app","Test":"TestSummaryCacheCountAndByteBudgets","Output":"=== RUN   TestSummaryCacheCountAndByteBudgets\n"}
{"Time":"2026-09-14T16:46:59.247335137+01:00","Action":"output","Package":"github.com/JohnnyPBelo/relayloom/native/app","Test":"TestSummaryCacheCountAndByteBudgets","Output":"--- PASS: TestSummaryCacheCountAndByteBudgets (2.80s)\n"}
{"Time":"2026-09-14T16:46:59.247423082+01:00","Action":"pass","Package":"github.com/JohnnyPBelo/relayloom/native/app","Test":"TestSummaryCacheCountAndByteBudgets","Elapsed":2.8}
{"Time":"2026-09-14T16:46:59.247439372+01:00","Action":"run","Package":"github.com/JohnnyPBelo/relayloom/native/app","Test":"TestOutboxOfflineRestartRelayDisabledAndRecipientTCP"}
{"Time":"2026-09-14T16:46:59.247443139+01:00","Action":"output","Package":"github.com/JohnnyPBelo/relayloom/native/app","Test":"TestOutboxOfflineRestartRelayDisabledAndRecipientTCP","Output":"=== RUN   TestOutboxOfflineRestartRelayDisabledAndRecipientTCP\n"}
{"Time":"2026-09-14T16:47:04.647942068+01:00","Action":"output","Package":"github.com/JohnnyPBelo/relayloom/native/app","Test":"TestOutboxOfflineRestartRelayDisabledAndRecipientTCP","Output":"--- PASS: TestOutboxOfflineRestartRelayDisabledAndRecipientTCP (5.40s)\n"}
{"Time":"2026-09-14T16:47:04.647978757+01:00","Action":"pass","Package":"github.com/JohnnyPBelo/relayloom/native/app","Test":"TestOutboxOfflineRestartRelayDisabledAndRecipientTCP","Elapsed":5.4}
{"Time":"2026-09-14T16:47:04.647987564+01:00","Action":"run","Package":"github.com/JohnnyPBelo/relayloom/native/app","Test":"TestOutboxIdempotencyAndValidation"}
{"Time":"2026-09-14T16:47:04.64799118+01:00","Action":"output","Package":"github.com/JohnnyPBelo/relayloom/native/app","Test":"TestOutboxIdempotencyAndValidation","Output":"=== RUN   TestOutboxIdempotencyAndValidation\n"}
{"Time":"2026-09-14T16:47:05.397190357+01:00","Action":"output","Package":"github.com/JohnnyPBelo/relayloom/native/app","Test":"TestOutboxIdempotencyAndValidation","Output":"--- PASS: TestOutboxIdempotencyAndValidation (0.75s)\n"}
{"Time":"2026-09-14T16:47:05.397229891+01:00","Action":"pass","Package":"github.com/JohnnyPBelo/relayloom/native/app","Test":"TestOutboxIdempotencyAndValidation","Elapsed":0.75}
{"Time":"2026-09-14T16:47:05.397240601+01:00","Action":"run","Package":"github.com/JohnnyPBelo/relayloom/native/app","Test":"TestOutboxPreparingRecoveryMissingCorruptAndExpired"}
{"Time":"2026-09-14T16:47:05.397243446+01:00","Action":"output","Package":"github.com/JohnnyPBelo/relayloom/native/app","Test":"TestOutboxPreparingRecoveryMissingCorruptAndExpired","Output":"=== RUN   TestOutboxPreparingRecoveryMissingCorruptAndExpired\n"}
{"Time":"2026-09-14T16:47:05.39725111+01:00","Action":"run","Package":"github.com/JohnnyPBelo/relayloom/native/app","Test":"TestOutboxPreparingRecoveryMissingCorruptAndExpired/ready-boundary"}
{"Time":"2026-09-14T16:47:05.397254547+01:00","Action":"output","Package":"github.com/JohnnyPBelo/relayloom/native/app","Test":"TestOutboxPreparingRecoveryMissingCorruptAndExpired/ready-boundary","Output":"=== RUN   TestOutboxPreparingRecoveryMissingCorruptAndExpired/ready-boundary\n"}
{"Time":"2026-09-14T16:47:06.805942446+01:00","Action":"output","Package":"github.com/JohnnyPBelo/relayloom/native/app","Test":"TestOutboxPreparingRecoveryMissingCorruptAndExpired/ready-boundary","Output":"--- PASS: TestOutboxPreparingRecoveryMissingCorruptAndExpired/ready-boundary (1.41s)\n"}
{"Time":"2026-09-14T16:47:06.80598702+01:00","Action":"pass","Package":"github.com/JohnnyPBelo/relayloom/native/app","Test":"TestOutboxPreparingRecoveryMissingCorruptAndExpired/ready-boundary","Elapsed":1.41}
{"Time":"2026-09-14T16:47:06.806014732+01:00","Action":"run","Package":"github.com/JohnnyPBelo/relayloom/native/app","Test":"TestOutboxPreparingRecoveryMissingCorruptAndExpired/missing-boundary"}
{"Time":"2026-09-14T16:47:06.806019+01:00","Action":"output","Package":"github.com/JohnnyPBelo/relayloom/native/app","Test":"TestOutboxPreparingRecoveryMissingCorruptAndExpired/missing-boundary","Output":"=== RUN   TestOutboxPreparingRecoveryMissingCorruptAndExpired/missing-boundary\n"}
{"Time":"2026-09-14T16:47:08.245243157+01:00","Action":"output","Package":"github.com/JohnnyPBelo/relayloom/native/app","Test":"TestOutboxPreparingRecoveryMissingCorruptAndExpired/missing-boundary","Output":"--- PASS: TestOutboxPreparingRecoveryMissingCorruptAndExpired/missing-boundary (1.44s)\n"}
{"Time":"2026-09-14T16:47:08.245290185+01:00","Action":"pass","Package":"github.com/JohnnyPBelo/relayloom/native/app","Test":"TestOutboxPreparingRecoveryMissingCorruptAndExpired/missing-boundary","Elapsed":1.44}
{"Time":"2026-09-14T16:47:08.245311525+01:00","Action":"run","Package":"github.com/JohnnyPBelo/relayloom/native/app","Test":"TestOutboxPreparingRecoveryMissingCorruptAndExpired/corrupt"}
{"Time":"2026-09-14T16:47:08.245322245+01:00","Action":"output","Package":"github.com/JohnnyPBelo/relayloom/native/app","Test":"TestOutboxPreparingRecoveryMissingCorruptAndExpired/corrupt","Output":"=== RUN   TestOutboxPreparingRecoveryMissingCorruptAndExpired/corrupt\n"}
{"Time":"2026-09-14T16:47:09.606424979+01:00","Action":"output","Package":"github.com/JohnnyPBelo/relayloom/native/app","Test":"TestOutboxPreparingRecoveryMissingCorruptAndExpired/corrupt","Output":"--- PASS: TestOutboxPreparingRecoveryMissingCorruptAndExpired/corrupt (1.36s)\n"}
{"Time":"2026-09-14T16:47:09.606472358+01:00","Action":"pass","Package":"github.com/JohnnyPBelo/relayloom/native/app","Test":"TestOutboxPreparingRecoveryMissingCorruptAndExpired/corrupt","Elapsed":1.36}
{"Time":"2026-09-14T16:47:09.606481896+01:00","Action":"run","Package":"github.com/JohnnyPBelo/relayloom/native/app","Test":"TestOutboxPreparingRecoveryMissingCorruptAndExpired/expired"}
{"Time":"2026-09-14T16:47:09.606485763+01:00","Action":"output","Package":"github.com/JohnnyPBelo/relayloom/native/app","Test":"TestOutboxPreparingRecoveryMissingCorruptAndExpired/expired","Output":"=== RUN   TestOutboxPreparingRecoveryMissingCorruptAndExpired/expired\n"}
{"Time":"2026-09-14T16:47:12.08915713+01:00","Action":"output","Package":"github.com/JohnnyPBelo/relayloom/native/app","Test":"TestOutboxPreparingRecoveryMissingCorruptAndExpired/expired","Output":"--- PASS: TestOutboxPreparingRecoveryMissingCorruptAndExpired/expired (2.48s)\n"}
{"Time":"2026-09-14T16:47:12.089196764+01:00","Action":"pass","Package":"github.com/JohnnyPBelo/relayloom/native/app","Test":"TestOutboxPreparingRecoveryMissingCorruptAndExpired/expired","Elapsed":2.48}
{"Time":"2026-09-14T16:47:12.089208486+01:00","Action":"output","Package":"github.com/JohnnyPBelo/relayloom/native/app","Test":"TestOutboxPreparingRecoveryMissingCorruptAndExpired","Output":"--- PASS: TestOutboxPreparingRecoveryMissingCorruptAndExpired (6.69s)\n"}
{"Time":"2026-09-14T16:47:12.089212384+01:00","Action":"pass","Package":"github.com/JohnnyPBelo/relayloom/native/app","Test":"TestOutboxPreparingRecoveryMissingCorruptAndExpired","Elapsed":6.69}
{"Time":"2026-09-14T16:47:12.089216071+01:00","Action":"run","Package":"github.com/JohnnyPBelo/relayloom/native/app","Test":"TestOutboxStorageAndJournalFailureBoundaries"}
{"Time":"2026-09-14T16:47:12.089218766+01:00","Action":"output","Package":"github.com/JohnnyPBelo/relayloom/native/app","Test":"TestOutboxStorageAndJournalFailureBoundaries","Output":"=== RUN   TestOutboxStorageAndJournalFailureBoundaries\n"}
{"Time":"2026-09-14T16:47:15.062097062+01:00","Action":"output","Package":"github.com/JohnnyPBelo/relayloom/native/app","Test":"TestOutboxStorageAndJournalFailureBoundaries","Output":"--- PASS: TestOutboxStorageAndJournalFailureBoundaries (2.97s)\n"}
{"Time":"2026-09-14T16:47:15.062135474+01:00","Action":"pass","Package":"github.com/JohnnyPBelo/relayloom/native/app","Test":"TestOutboxStorageAndJournalFailureBoundaries","Elapsed":2.97}
{"Time":"2026-09-14T16:47:15.062145963+01:00","Action":"run","Package":"github.com/JohnnyPBelo/relayloom/native/app","Test":"TestOutboxConfirmationsPerMemberACLReplayAndHistory"}
{"Time":"2026-09-14T16:47:15.062152997+01:00","Action":"output","Package":"github.com/JohnnyPBelo/relayloom/native/app","Test":"TestOutboxConfirmationsPerMemberACLReplayAndHistory","Output":"=== RUN   TestOutboxConfirmationsPerMemberACLReplayAndHistory\n"}
{"Time":"2026-09-14T16:47:20.409432806+01:00","Action":"output","Package":"github.com/JohnnyPBelo/relayloom/native/app","Test":"TestOutboxConfirmationsPerMemberACLReplayAndHistory","Output":"--- PASS: TestOutboxConfirmationsPerMemberACLReplayAndHistory (5.35s)\n"}
{"Time":"2026-09-14T16:47:20.409480746+01:00","Action":"pass","Package":"github.com/JohnnyPBelo/relayloom/native/app","Test":"TestOutboxConfirmationsPerMemberACLReplayAndHistory","Elapsed":5.35}
{"Time":"2026-09-14T16:47:20.409504882+01:00","Action":"run","Package":"github.com/JohnnyPBelo/relayloom/native/app","Test":"TestOutboxBlockedGroupViewAndManualPin"}
{"Time":"2026-09-14T16:47:20.409508709+01:00","Action":"output","Package":"github.com/JohnnyPBelo/relayloom/native/app","Test":"TestOutboxBlockedGroupViewAndManualPin","Output":"=== RUN   TestOutboxBlockedGroupViewAndManualPin\n"}
{"Time":"2026-09-14T16:47:22.337519191+01:00","Action":"output","Package":"github.com/JohnnyPBelo/relayloom/native/app","Test":"TestOutboxBlockedGroupViewAndManualPin","Output":"--- PASS: TestOutboxBlockedGroupViewAndManualPin (1.93s)\n"}
{"Time":"2026-09-14T16:47:22.337558445+01:00","Action":"pass","Package":"github.com/JohnnyPBelo/relayloom/native/app","Test":"TestOutboxBlockedGroupViewAndManualPin","Elapsed":1.93}
{"Time":"2026-09-14T16:47:22.337567792+01:00","Action":"run","Package":"github.com/JohnnyPBelo/relayloom/native/app","Test":"TestOutboxAttemptFailureAndRetryPolicy"}
{"Time":"2026-09-14T16:47:22.337570948+01:00","Action":"output","Package":"github.com/JohnnyPBelo/relayloom/native/app","Test":"TestOutboxAttemptFailureAndRetryPolicy","Output":"=== RUN   TestOutboxAttemptFailureAndRetryPolicy\n"}
{"Time":"2026-09-14T16:47:23.227145647+01:00","Action":"output","Package":"github.com/JohnnyPBelo/relayloom/native/app","Test":"TestOutboxAttemptFailureAndRetryPolicy","Output":"--- PASS: TestOutboxAttemptFailureAndRetryPolicy (0.89s)\n"}
{"Time":"2026-09-14T16:47:23.227185221+01:00","Action":"pass","Package":"github.com/JohnnyPBelo/relayloom/native/app","Test":"TestOutboxAttemptFailureAndRetryPolicy","Elapsed":0.89}
{"Time":"2026-09-14T16:47:23.227196653+01:00","Action":"run","Package":"github.com/JohnnyPBelo/relayloom/native/app","Test":"TestOutboxAutomaticDeliveryBoundAndEvictionReissue"}
{"Time":"2026-09-14T16:47:23.227200089+01:00","Action":"output","Package":"github.com/JohnnyPBelo/relayloom/native/app","Test":"TestOutboxAutomaticDeliveryBoundAndEvictionReissue","Output":"=== RUN   TestOutboxAutomaticDeliveryBoundAndEvictionReissue\n"}
{"Time":"2026-09-14T16:47:26.040951943+01:00","Action":"output","Package":"github.com/JohnnyPBelo/relayloom/native/app","Test":"TestOutboxAutomaticDeliveryBoundAndEvictionReissue","Output":"--- PASS: TestOutboxAutomaticDeliveryBoundAndEvictionReissue (2.81s)\n"}
{"Time":"2026-09-14T16:47:26.040991417+01:00","Action":"pass","Package":"github.com/JohnnyPBelo/relayloom/native/app","Test":"TestOutboxAutomaticDeliveryBoundAndEvictionReissue","Elapsed":2.81}
{"Time":"2026-09-14T16:47:26.041002929+01:00","Action":"run","Package":"github.com/JohnnyPBelo/relayloom/native/app","Test":"TestOutboxRestoredSchemaBoundsAndPendingAdmission"}
{"Time":"2026-09-14T16:47:26.041006505+01:00","Action":"output","Package":"github.com/JohnnyPBelo/relayloom/native/app","Test":"TestOutboxRestoredSchemaBoundsAndPendingAdmission","Output":"=== RUN   TestOutboxRestoredSchemaBoundsAndPendingAdmission\n"}
{"Time":"2026-09-14T16:47:32.21453792+01:00","Action":"output","Package":"github.com/JohnnyPBelo/relayloom/native/app","Test":"TestOutboxRestoredSchemaBoundsAndPendingAdmission","Output":"--- PASS: TestOutboxRestoredSchemaBoundsAndPendingAdmission (6.17s)\n"}
{"Time":"2026-09-14T16:47:32.214593223+01:00","Action":"pass","Package":"github.com/JohnnyPBelo/relayloom/native/app","Test":"TestOutboxRestoredSchemaBoundsAndPendingAdmission","Elapsed":6.17}
{"Time":"2026-09-14T16:47:32.214612409+01:00","Action":"run","Package":"github.com/JohnnyPBelo/relayloom/native/app","Test":"TestOutboxTerminalMetadataEvictsOldestOnly"}
{"Time":"2026-09-14T16:47:32.214618951+01:00","Action":"output","Package":"github.com/JohnnyPBelo/relayloom/native/app","Test":"TestOutboxTerminalMetadataEvictsOldestOnly","Output":"=== RUN   TestOutboxTerminalMetadataEvictsOldestOnly\n"}
{"Time":"2026-09-14T16:47:33.879639531+01:00","Action":"output","Package":"github.com/JohnnyPBelo/relayloom/native/app","Test":"TestOutboxTerminalMetadataEvictsOldestOnly","Output":"--- PASS: TestOutboxTerminalMetadataEvictsOldestOnly (1.66s)\n"}
{"Time":"2026-09-14T16:47:33.879684435+01:00","Action":"pass","Package":"github.com/JohnnyPBelo/relayloom/native/app","Test":"TestOutboxTerminalMetadataEvictsOldestOnly","Elapsed":1.66}
{"Time":"2026-09-14T16:47:33.879695596+01:00","Action":"run","Package":"github.com/JohnnyPBelo/relayloom/native/app","Test":"TestOutboxReadSurvivesAdmissionEvictingOriginal"}
{"Time":"2026-09-14T16:47:33.879698972+01:00","Action":"output","Package":"github.com/JohnnyPBelo/relayloom/native/app","Test":"TestOutboxReadSurvivesAdmissionEvictingOriginal","Output":"=== RUN   TestOutboxReadSurvivesAdmissionEvictingOriginal\n"}
{"Time":"2026-09-14T16:47:34.826738362+01:00","Action":"output","Package":"github.com/JohnnyPBelo/relayloom/native/app","Test":"TestOutboxReadSurvivesAdmissionEvictingOriginal","Output":"--- PASS: TestOutboxReadSurvivesAdmissionEvictingOriginal (0.95s)\n"}
{"Time":"2026-09-14T16:47:34.826776864+01:00","Action":"pass","Package":"github.com/JohnnyPBelo/relayloom/native/app","Test":"TestOutboxReadSurvivesAdmissionEvictingOriginal","Elapsed":0.95}
{"Time":"2026-09-14T16:47:34.826788315+01:00","Action":"run","Package":"github.com/JohnnyPBelo/relayloom/native/app","Test":"TestOutboxByteReserveRejectsAdmissionWithoutEviction"}
{"Time":"2026-09-14T16:47:34.826791221+01:00","Action":"output","Package":"github.com/JohnnyPBelo/relayloom/native/app","Test":"TestOutboxByteReserveRejectsAdmissionWithoutEviction","Output":"=== RUN   TestOutboxByteReserveRejectsAdmissionWithoutEviction\n"}
{"Time":"2026-09-14T16:48:31.952157528+01:00","Action":"output","Package":"github.com/JohnnyPBelo/relayloom/native/app","Test":"TestOutboxByteReserveRejectsAdmissionWithoutEviction","Output":"--- PASS: TestOutboxByteReserveRejectsAdmissionWithoutEviction (57.13s)\n"}
{"Time":"2026-09-14T16:48:31.952194427+01:00","Action":"pass","Package":"github.com/JohnnyPBelo/relayloom/native/app","Test":"TestOutboxByteReserveRejectsAdmissionWithoutEviction","Elapsed":57.13}
{"Time":"2026-09-14T16:48:31.952380576+01:00","Action":"run","Package":"github.com/JohnnyPBelo/relayloom/native/app","Test":"TestOutboxFlushBoundsPriorityAndLockedSuppression"}
{"Time":"2026-09-14T16:48:31.952432363+01:00","Action":"output","Package":"github.com/JohnnyPBelo/relayloom/native/app","Test":"TestOutboxFlushBoundsPriorityAndLockedSuppression","Output":"=== RUN   TestOutboxFlushBoundsPriorityAndLockedSuppression\n"}
{"Time":"2026-09-14T16:48:34.024577737+01:00","Action":"output","Package":"github.com/JohnnyPBelo/relayloom/native/app","Test":"TestOutboxFlushBoundsPriorityAndLockedSuppression","Output":"--- PASS: TestOutboxFlushBoundsPriorityAndLockedSuppression (2.07s)\n"}
{"Time":"2026-09-14T16:48:34.024632751+01:00","Action":"pass","Package":"github.com/JohnnyPBelo/relayloom/native/app","Test":"TestOutboxFlushBoundsPriorityAndLockedSuppression","Elapsed":2.07}
{"Time":"2026-09-14T16:48:34.024650063+01:00","Action":"run","Package":"github.com/JohnnyPBelo/relayloom/native/app","Test":"TestOutboxHistoricalConfirmationSurvivesContentExpiry"}
{"Time":"2026-09-14T16:48:34.0246536+01:00","Action":"output","Package":"github.com/JohnnyPBelo/relayloom/native/app","Test":"TestOutboxHistoricalConfirmationSurvivesContentExpiry","Output":"=== RUN   TestOutboxHistoricalConfirmationSurvivesContentExpiry\n"}
{"Time":"2026-09-14T16:48:36.55851995+01:00","Action":"output","Package":"github.com/JohnnyPBelo/relayloom/native/app","Test":"TestOutboxHistoricalConfirmationSurvivesContentExpiry","Output":"--- PASS: TestOutboxHistoricalConfirmationSurvivesContentExpiry (2.53s)\n"}
{"Time":"2026-09-14T16:48:36.55855722+01:00","Action":"pass","Package":"github.com/JohnnyPBelo/relayloom/native/app","Test":"TestOutboxHistoricalConfirmationSurvivesContentExpiry","Elapsed":2.53}
{"Time":"2026-09-14T16:48:36.55856801+01:00","Action":"run","Package":"github.com/JohnnyPBelo/relayloom/native/app","Test":"TestOutboxAfterWriteErrorRetainsOperation"}
{"Time":"2026-09-14T16:48:36.55857303+01:00","Action":"output","Package":"github.com/JohnnyPBelo/relayloom/native/app","Test":"TestOutboxAfterWriteErrorRetainsOperation","Output":"=== RUN   TestOutboxAfterWriteErrorRetainsOperation\n"}
{"Time":"2026-09-14T16:48:36.558582507+01:00","Action":"run","Package":"github.com/JohnnyPBelo/relayloom/native/app","Test":"TestOutboxAfterWriteErrorRetainsOperation/1"}
{"Time":"2026-09-14T16:48:36.558585303+01:00","Action":"output","Package":"github.com/JohnnyPBelo/relayloom/native/app","Test":"TestOutboxAfterWriteErrorRetainsOperation/1","Output":"=== RUN   TestOutboxAfterWriteErrorRetainsOperation/1\n"}
{"Time":"2026-09-14T16:48:37.927425465+01:00","Action":"output","Package":"github.com/JohnnyPBelo/relayloom/native/app","Test":"TestOutboxAfterWriteErrorRetainsOperation/1","Output":"--- PASS: TestOutboxAfterWriteErrorRetainsOperation/1 (1.37s)\n"}
{"Time":"2026-09-14T16:48:37.927468766+01:00","Action":"pass","Package":"github.com/JohnnyPBelo/relayloom/native/app","Test":"TestOutboxAfterWriteErrorRetainsOperation/1","Elapsed":1.37}
{"Time":"2026-09-14T16:48:37.927476771+01:00","Action":"run","Package":"github.com/JohnnyPBelo/relayloom/native/app","Test":"TestOutboxAfterWriteErrorRetainsOperation/2"}
{"Time":"2026-09-14T16:48:37.927479717+01:00","Action":"output","Package":"github.com/JohnnyPBelo/relayloom/native/app","Test":"TestOutboxAfterWriteErrorRetainsOperation/2","Output":"=== RUN   TestOutboxAfterWriteErrorRetainsOperation/2\n"}
{"Time":"2026-09-14T16:48:39.270730888+01:00","Action":"output","Package":"github.com/JohnnyPBelo/relayloom/native/app","Test":"TestOutboxAfterWriteErrorRetainsOperation/2","Output":"--- PASS: TestOutboxAfterWriteErrorRetainsOperation/2 (1.34s)\n"}
{"Time":"2026-09-14T16:48:39.27079588+01:00","Action":"pass","Package":"github.com/JohnnyPBelo/relayloom/native/app","Test":"TestOutboxAfterWriteErrorRetainsOperation/2","Elapsed":1.34}
{"Time":"2026-09-14T16:48:39.270809175+01:00","Action":"output","Package":"github.com/JohnnyPBelo/relayloom/native/app","Test":"TestOutboxAfterWriteErrorRetainsOperation","Output":"--- PASS: TestOutboxAfterWriteErrorRetainsOperation (2.71s)\n"}
{"Time":"2026-09-14T16:48:39.270814525+01:00","Action":"pass","Package":"github.com/JohnnyPBelo/relayloom/native/app","Test":"TestOutboxAfterWriteErrorRetainsOperation","Elapsed":2.71}
{"Time":"2026-09-14T16:48:39.270850442+01:00","Action":"run","Package":"github.com/JohnnyPBelo/relayloom/native/app","Test":"TestOutboxUnreadableUncertainWriteLocksUntilRecovery"}
{"Time":"2026-09-14T16:48:39.270853949+01:00","Action":"output","Package":"github.com/JohnnyPBelo/relayloom/native/app","Test":"TestOutboxUnreadableUncertainWriteLocksUntilRecovery","Output":"=== RUN   TestOutboxUnreadableUncertainWriteLocksUntilRecovery\n"}
{"Time":"2026-09-14T16:48:40.541867681+01:00","Action":"output","Package":"github.com/JohnnyPBelo/relayloom/native/app","Test":"TestOutboxUnreadableUncertainWriteLocksUntilRecovery","Output":"--- PASS: TestOutboxUnreadableUncertainWriteLocksUntilRecovery (1.27s)\n"}
{"Time":"2026-09-14T16:48:40.541919558+01:00","Action":"pass","Package":"github.com/JohnnyPBelo/relayloom/native/app","Test":"TestOutboxUnreadableUncertainWriteLocksUntilRecovery","Elapsed":1.27}
{"Time":"2026-09-14T16:48:40.541940227+01:00","Action":"run","Package":"github.com/JohnnyPBelo/relayloom/native/app","Test":"TestOutboxWarmStateDoesNotRehydrateReservedAttachment"}
{"Time":"2026-09-14T16:48:40.541946228+01:00","Action":"output","Package":"github.com/JohnnyPBelo/relayloom/native/app","Test":"TestOutboxWarmStateDoesNotRehydrateReservedAttachment","Output":"=== RUN   TestOutboxWarmStateDoesNotRehydrateReservedAttachment\n"}
{"Time":"2026-09-14T16:48:46.603730509+01:00","Action":"output","Package":"github.com/JohnnyPBelo/relayloom/native/app","Test":"TestOutboxWarmStateDoesNotRehydrateReservedAttachment","Output":"--- PASS: TestOutboxWarmStateDoesNotRehydrateReservedAttachment (6.06s)\n"}
{"Time":"2026-09-14T16:48:46.603793758+01:00","Action":"pass","Package":"github.com/JohnnyPBelo/relayloom/native/app","Test":"TestOutboxWarmStateDoesNotRehydrateReservedAttachment","Elapsed":6.06}
{"Time":"2026-09-14T16:48:46.603815008+01:00","Action":"run","Package":"github.com/JohnnyPBelo/relayloom/native/app","Test":"TestOutboxManualRetryCooldownAndOfflineDueCheckpoint"}
{"Time":"2026-09-14T16:48:46.603820257+01:00","Action":"output","Package":"github.com/JohnnyPBelo/relayloom/native/app","Test":"TestOutboxManualRetryCooldownAndOfflineDueCheckpoint","Output":"=== RUN   TestOutboxManualRetryCooldownAndOfflineDueCheckpoint\n"}
{"Time":"2026-09-14T16:48:48.05391666+01:00","Action":"output","Package":"github.com/JohnnyPBelo/relayloom/native/app","Test":"TestOutboxManualRetryCooldownAndOfflineDueCheckpoint","Output":"--- PASS: TestOutboxManualRetryCooldownAndOfflineDueCheckpoint (1.45s)\n"}
{"Time":"2026-09-14T16:48:48.05397529+01:00","Action":"pass","Package":"github.com/JohnnyPBelo/relayloom/native/app","Test":"TestOutboxManualRetryCooldownAndOfflineDueCheckpoint","Elapsed":1.45}
{"Time":"2026-09-14T16:48:48.053992032+01:00","Action":"run","Package":"github.com/JohnnyPBelo/relayloom/native/app","Test":"TestOutboxSnapshotExpiryDuringJournalWriteKeepsReservationConsistent"}
{"Time":"2026-09-14T16:48:48.053997252+01:00","Action":"output","Package":"github.com/JohnnyPBelo/relayloom/native/app","Test":"TestOutboxSnapshotExpiryDuringJournalWriteKeepsReservationConsistent","Output":"=== RUN   TestOutboxSnapshotExpiryDuringJournalWriteKeepsReservationConsistent\n"}
{"Time":"2026-09-14T16:48:48.054020776+01:00","Action":"run","Package":"github.com/JohnnyPBelo/relayloom/native/app","Test":"TestOutboxSnapshotExpiryDuringJournalWriteKeepsReservationConsistent/state"}
{"Time":"2026-09-14T16:48:48.054024392+01:00","Action":"output","Package":"github.com/JohnnyPBelo/relayloom/native/app","Test":"TestOutboxSnapshotExpiryDuringJournalWriteKeepsReservationConsistent/state","Output":"=== RUN   TestOutboxSnapshotExpiryDuringJournalWriteKeepsReservationConsistent/state\n"}
{"Time":"2026-09-14T16:48:51.810463064+01:00","Action":"output","Package":"github.com/JohnnyPBelo/relayloom/native/app","Test":"TestOutboxSnapshotExpiryDuringJournalWriteKeepsReservationConsistent/state","Output":"--- PASS: TestOutboxSnapshotExpiryDuringJournalWriteKeepsReservationConsistent/state (3.76s)\n"}
{"Time":"2026-09-14T16:48:51.810568221+01:00","Action":"pass","Package":"github.com/JohnnyPBelo/relayloom/native/app","Test":"TestOutboxSnapshotExpiryDuringJournalWriteKeepsReservationConsistent/state","Elapsed":3.76}
{"Time":"2026-09-14T16:48:51.810613356+01:00","Action":"run","Package":"github.com/JohnnyPBelo/relayloom/native/app","Test":"TestOutboxSnapshotExpiryDuringJournalWriteKeepsReservationConsistent/send"}
{"Time":"2026-09-14T16:48:51.810619247+01:00","Action":"output","Package":"github.com/JohnnyPBelo/relayloom/native/app","Test":"TestOutboxSnapshotExpiryDuringJournalWriteKeepsReservationConsistent/send","Output":"=== RUN   TestOutboxSnapshotExpiryDuringJournalWriteKeepsReservationConsistent/send\n"}
{"Time":"2026-09-14T16:48:55.557660167+01:00","Action":"output","Package":"github.com/JohnnyPBelo/relayloom/native/app","Test":"TestOutboxSnapshotExpiryDuringJournalWriteKeepsReservationConsistent/send","Output":"--- PASS: TestOutboxSnapshotExpiryDuringJournalWriteKeepsReservationConsistent/send (3.75s)\n"}
{"Time":"2026-09-14T16:48:55.5576992+01:00","Action":"pass","Package":"github.com/JohnnyPBelo/relayloom/native/app","Test":"TestOutboxSnapshotExpiryDuringJournalWriteKeepsReservationConsistent/send","Elapsed":3.75}
{"Time":"2026-09-14T16:48:55.55770985+01:00","Action":"run","Package":"github.com/JohnnyPBelo/relayloom/native/app","Test":"TestOutboxSnapshotExpiryDuringJournalWriteKeepsReservationConsistent/retry"}
{"Time":"2026-09-14T16:48:55.557713827+01:00","Action":"output","Package":"github.com/JohnnyPBelo/relayloom/native/app","Test":"TestOutboxSnapshotExpiryDuringJournalWriteKeepsReservationConsistent/retry","Output":"=== RUN   TestOutboxSnapshotExpiryDuringJournalWriteKeepsReservationConsistent/retry\n"}
{"Time":"2026-09-14T16:48:59.31857344+01:00","Action":"output","Package":"github.com/JohnnyPBelo/relayloom/native/app","Test":"TestOutboxSnapshotExpiryDuringJournalWriteKeepsReservationConsistent/retry","Output":"--- PASS: TestOutboxSnapshotExpiryDuringJournalWriteKeepsReservationConsistent/retry (3.76s)\n"}
{"Time":"2026-09-14T16:48:59.318612864+01:00","Action":"pass","Package":"github.com/JohnnyPBelo/relayloom/native/app","Test":"TestOutboxSnapshotExpiryDuringJournalWriteKeepsReservationConsistent/retry","Elapsed":3.76}
{"Time":"2026-09-14T16:48:59.318622492+01:00","Action":"output","Package":"github.com/JohnnyPBelo/relayloom/native/app","Test":"TestOutboxSnapshotExpiryDuringJournalWriteKeepsReservationConsistent","Output":"--- PASS: TestOutboxSnapshotExpiryDuringJournalWriteKeepsReservationConsistent (11.26s)\n"}
{"Time":"2026-09-14T16:48:59.318635436+01:00","Action":"pass","Package":"github.com/JohnnyPBelo/relayloom/native/app","Test":"TestOutboxSnapshotExpiryDuringJournalWriteKeepsReservationConsistent","Elapsed":11.26}
{"Time":"2026-09-14T16:48:59.318661735+01:00","Action":"run","Package":"github.com/JohnnyPBelo/relayloom/native/app","Test":"TestProfileOwnershipAndStaleNodeAfterClose"}
{"Time":"2026-09-14T16:48:59.318665482+01:00","Action":"output","Package":"github.com/JohnnyPBelo/relayloom/native/app","Test":"TestProfileOwnershipAndStaleNodeAfterClose","Output":"=== RUN   TestProfileOwnershipAndStaleNodeAfterClose\n"}
{"Time":"2026-09-14T16:49:00.586918738+01:00","Action":"output","Package":"github.com/JohnnyPBelo/relayloom/native/app","Test":"TestProfileOwnershipAndStaleNodeAfterClose","Output":"--- PASS: TestProfileOwnershipAndStaleNodeAfterClose (1.27s)\n"}
{"Time":"2026-09-14T16:49:00.586957541+01:00","Action":"pass","Package":"github.com/JohnnyPBelo/relayloom/native/app","Test":"TestProfileOwnershipAndStaleNodeAfterClose","Elapsed":1.27}
{"Time":"2026-09-14T16:49:00.586967369+01:00","Action":"run","Package":"github.com/JohnnyPBelo/relayloom/native/app","Test":"TestProfileConstructorFailureReleasesOwnership"}
{"Time":"2026-09-14T16:49:00.586970595+01:00","Action":"output","Package":"github.com/JohnnyPBelo/relayloom/native/app","Test":"TestProfileConstructorFailureReleasesOwnership","Output":"=== RUN   TestProfileConstructorFailureReleasesOwnership\n"}
{"Time":"2026-09-14T16:49:00.622881961+01:00","Action":"output","Package":"github.com/JohnnyPBelo/relayloom/native/app","Test":"TestProfileConstructorFailureReleasesOwnership","Output":"--- PASS: TestProfileConstructorFailureReleasesOwnership (0.04s)\n"}
{"Time":"2026-09-14T16:49:00.622960629+01:00","Action":"pass","Package":"github.com/JohnnyPBelo/relayloom/native/app","Test":"TestProfileConstructorFailureReleasesOwnership","Elapsed":0.04}
{"Time":"2026-09-14T16:49:00.622981418+01:00","Action":"run","Package":"github.com/JohnnyPBelo/relayloom/native/app","Test":"TestWebPeerInvalidInputPreservesListenerAndCloseRetiresCapability"}
{"Time":"2026-09-14T16:49:00.622989262+01:00","Action":"output","Package":"github.com/JohnnyPBelo/relayloom/native/app","Test":"TestWebPeerInvalidInputPreservesListenerAndCloseRetiresCapability","Output":"=== RUN   TestWebPeerInvalidInputPreservesListenerAndCloseRetiresCapability\n"}
{"Time":"2026-09-14T16:49:01.289454457+01:00","Action":"output","Package":"github.com/JohnnyPBelo/relayloom/native/app","Test":"TestWebPeerInvalidInputPreservesListenerAndCloseRetiresCapability","Output":"--- PASS: TestWebPeerInvalidInputPreservesListenerAndCloseRetiresCapability (0.67s)\n"}
{"Time":"2026-09-14T16:49:01.28949855+01:00","Action":"pass","Package":"github.com/JohnnyPBelo/relayloom/native/app","Test":"TestWebPeerInvalidInputPreservesListenerAndCloseRetiresCapability","Elapsed":0.67}
{"Time":"2026-09-14T16:49:01.289509109+01:00","Action":"output","Package":"github.com/JohnnyPBelo/relayloom/native/app","Output":"PASS\n"}
{"Time":"2026-09-14T16:49:02.333776608+01:00","Action":"output","Package":"github.com/JohnnyPBelo/relayloom/native/app","Output":"ok  \tgithub.com/JohnnyPBelo/relayloom/native/app\t431.714s\n"}
{"Time":"2026-09-14T16:49:02.333815701+01:00","Action":"pass","Package":"github.com/JohnnyPBelo/relayloom/native/app","Elapsed":431.714}
{"Time":"2026-09-14T16:49:02.949675287+01:00","Action":"start","Package":"github.com/JohnnyPBelo/relayloom/native/groups"}
{"Time":"2026-09-14T16:49:02.95905254+01:00","Action":"run","Package":"github.com/JohnnyPBelo/relayloom/native/groups","Test":"TestNewcomerValidatesJoinWithoutPreviousPrivateSnapshot"}
{"Time":"2026-09-14T16:49:02.959116409+01:00","Action":"output","Package":"github.com/JohnnyPBelo/relayloom/native/groups","Test":"TestNewcomerValidatesJoinWithoutPreviousPrivateSnapshot","Output":"=== RUN   TestNewcomerValidatesJoinWithoutPreviousPrivateSnapshot\n"}
{"Time":"2026-09-14T16:49:03.085419906+01:00","Action":"output","Package":"github.com/JohnnyPBelo/relayloom/native/groups","Test":"TestNewcomerValidatesJoinWithoutPreviousPrivateSnapshot","Output":"--- PASS: TestNewcomerValidatesJoinWithoutPreviousPrivateSnapshot (0.13s)\n"}
{"Time":"2026-09-14T16:49:03.085468678+01:00","Action":"pass","Package":"github.com/JohnnyPBelo/relayloom/native/groups","Test":"TestNewcomerValidatesJoinWithoutPreviousPrivateSnapshot","Elapsed":0.13}
{"Time":"2026-09-14T16:49:03.085500708+01:00","Action":"run","Package":"github.com/JohnnyPBelo/relayloom/native/groups","Test":"TestAnchorSignatureAndPermanentAuthority"}
{"Time":"2026-09-14T16:49:03.08550694+01:00","Action":"output","Package":"github.com/JohnnyPBelo/relayloom/native/groups","Test":"TestAnchorSignatureAndPermanentAuthority","Output":"=== RUN   TestAnchorSignatureAndPermanentAuthority\n"}
{"Time":"2026-09-14T16:49:03.113048021+01:00","Action":"output","Package":"github.com/JohnnyPBelo/relayloom/native/groups","Test":"TestAnchorSignatureAndPermanentAuthority","Output":"--- PASS: TestAnchorSignatureAndPermanentAuthority (0.03s)\n"}
{"Time":"2026-09-14T16:49:03.113073479+01:00","Action":"pass","Package":"github.com/JohnnyPBelo/relayloom/native/groups","Test":"TestAnchorSignatureAndPermanentAuthority","Elapsed":0.03}
{"Time":"2026-09-14T16:49:03.113085842+01:00","Action":"run","Package":"github.com/JohnnyPBelo/relayloom/native/groups","Test":"TestInvitationConsentAndExactParent"}
{"Time":"2026-09-14T16:49:03.11309031+01:00","Action":"output","Package":"github.com/JohnnyPBelo/relayloom/native/groups","Test":"TestInvitationConsentAndExactParent","Output":"=== RUN   TestInvitationConsentAndExactParent\n"}
{"Time":"2026-09-14T16:49:03.219357107+01:00","Action":"output","Package":"github.com/JohnnyPBelo/relayloom/native/groups","Test":"TestInvitationConsentAndExactParent","Output":"--- PASS: TestInvitationConsentAndExactParent (0.11s)\n"}
{"Time":"2026-09-14T16:49:03.219396862+01:00","Action":"pass","Package":"github.com/JohnnyPBelo/relayloom/native/groups","Test":"TestInvitationConsentAndExactParent","Elapsed":0.11}
{"Time":"2026-09-14T16:49:03.219405248+01:00","Action":"run","Package":"github.com/JohnnyPBelo/relayloom/native/groups","Test":"TestRealReaderEnvelopesRemovalAndRejoinPath"}
{"Time":"2026-09-14T16:49:03.219408363+01:00","Action":"output","Package":"github.com/JohnnyPBelo/relayloom/native/groups","Test":"TestRealReaderEnvelopesRemovalAndRejoinPath","Output":"=== RUN   TestRealReaderEnvelopesRemovalAndRejoinPath\n"}
{"Time":"2026-09-14T16:49:03.431530436+01:00","Action":"output","Package":"github.com/JohnnyPBelo/relayloom/native/groups","Test":"TestRealReaderEnvelopesRemovalAndRejoinPath","Output":"--- PASS: TestRealReaderEnvelopesRemovalAndRejoinPath (0.21s)\n"}
{"Time":"2026-09-14T16:49:03.431629652+01:00","Action":"pass","Package":"github.com/JohnnyPBelo/relayloom/native/groups","Test":"TestRealReaderEnvelopesRemovalAndRejoinPath","Elapsed":0.21}
{"Time":"2026-09-14T16:49:03.431650541+01:00","Action":"run","Package":"github.com/JohnnyPBelo/relayloom/native/groups","Test":"TestCreatorRekeyKeepsSigningAuthority"}
{"Time":"2026-09-14T16:49:03.431655921+01:00","Action":"output","Package":"github.com/JohnnyPBelo/relayloom/native/groups","Test":"TestCreatorRekeyKeepsSigningAuthority","Output":"=== RUN   TestCreatorRekeyKeepsSigningAuthority\n"}
{"Time":"2026-09-14T16:49:03.549501759+01:00","Action":"output","Package":"github.com/JohnnyPBelo/relayloom/native/groups","Test":"TestCreatorRekeyKeepsSigningAuthority","Output":"--- PASS: TestCreatorRekeyKeepsSigningAuthority (0.12s)\n"}
{"Time":"2026-09-14T16:49:03.549541574+01:00","Action":"pass","Package":"github.com/JohnnyPBelo/relayloom/native/groups","Test":"TestCreatorRekeyKeepsSigningAuthority","Elapsed":0.12}
{"Time":"2026-09-14T16:49:03.549552595+01:00","Action":"run","Package":"github.com/JohnnyPBelo/relayloom/native/groups","Test":"TestExactSchemaAndSignedMalformedInputs"}
{"Time":"2026-09-14T16:49:03.549556242+01:00","Action":"output","Package":"github.com/JohnnyPBelo/relayloom/native/groups","Test":"TestExactSchemaAndSignedMalformedInputs","Output":"=== RUN   TestExactSchemaAndSignedMalformedInputs\n"}
{"Time":"2026-09-14T16:49:03.623390536+01:00","Action":"output","Package":"github.com/JohnnyPBelo/relayloom/native/groups","Test":"TestExactSchemaAndSignedMalformedInputs","Output":"--- PASS: TestExactSchemaAndSignedMalformedInputs (0.07s)\n"}
{"Time":"2026-09-14T16:49:03.623429008+01:00","Action":"pass","Package":"github.com/JohnnyPBelo/relayloom/native/groups","Test":"TestExactSchemaAndSignedMalformedInputs","Elapsed":0.07}
{"Time":"2026-09-14T16:49:03.623437564+01:00","Action":"run","Package":"github.com/JohnnyPBelo/relayloom/native/groups","Test":"TestClosureLeaveAndForkBoundaries"}
{"Time":"2026-09-14T16:49:03.62344104+01:00","Action":"output","Package":"github.com/JohnnyPBelo/relayloom/native/groups","Test":"TestClosureLeaveAndForkBoundaries","Output":"=== RUN   TestClosureLeaveAndForkBoundaries\n"}
{"Time":"2026-09-14T16:49:03.788800069+01:00","Action":"output","Package":"github.com/JohnnyPBelo/relayloom/native/groups","Test":"TestClosureLeaveAndForkBoundaries","Output":"--- PASS: TestClosureLeaveAndForkBoundaries (0.17s)\n"}
{"Time":"2026-09-14T16:49:03.788839282+01:00","Action":"pass","Package":"github.com/JohnnyPBelo/relayloom/native/groups","Test":"TestClosureLeaveAndForkBoundaries","Elapsed":0.17}
{"Time":"2026-09-14T16:49:03.78884836+01:00","Action":"run","Package":"github.com/JohnnyPBelo/relayloom/native/groups","Test":"TestRosterBoundsAndUTF16Titles"}
{"Time":"2026-09-14T16:49:03.788852076+01:00","Action":"output","Package":"github.com/JohnnyPBelo/relayloom/native/groups","Test":"TestRosterBoundsAndUTF16Titles","Output":"=== RUN   TestRosterBoundsAndUTF16Titles\n"}
{"Time":"2026-09-14T16:49:05.663234302+01:00","Action":"output","Package":"github.com/JohnnyPBelo/relayloom/native/groups","Test":"TestRosterBoundsAndUTF16Titles","Output":"--- PASS: TestRosterBoundsAndUTF16Titles (1.87s)\n"}
{"Time":"2026-09-14T16:49:05.663289726+01:00","Action":"pass","Package":"github.com/JohnnyPBelo/relayloom/native/groups","Test":"TestRosterBoundsAndUTF16Titles","Elapsed":1.87}
{"Time":"2026-09-14T16:49:05.663303612+01:00","Action":"run","Package":"github.com/JohnnyPBelo/relayloom/native/groups","Test":"TestSnapshotNeedsExactConsentSetAndPinnedCards"}
{"Time":"2026-09-14T16:49:05.663306798+01:00","Action":"output","Package":"github.com/JohnnyPBelo/relayloom/native/groups","Test":"TestSnapshotNeedsExactConsentSetAndPinnedCards","Output":"=== RUN   TestSnapshotNeedsExactConsentSetAndPinnedCards\n"}
{"Time":"2026-09-14T16:49:05.784694819+01:00","Action":"output","Package":"github.com/JohnnyPBelo/relayloom/native/groups","Test":"TestSnapshotNeedsExactConsentSetAndPinnedCards","Output":"--- PASS: TestSnapshotNeedsExactConsentSetAndPinnedCards (0.12s)\n"}
{"Time":"2026-09-14T16:49:05.784734703+01:00","Action":"pass","Package":"github.com/JohnnyPBelo/relayloom/native/groups","Test":"TestSnapshotNeedsExactConsentSetAndPinnedCards","Elapsed":0.12}
{"Time":"2026-09-14T16:49:05.784763728+01:00","Action":"run","Package":"github.com/JohnnyPBelo/relayloom/native/groups","Test":"TestGroupCertificateInteropFixture"}
{"Time":"2026-09-14T16:49:05.784767856+01:00","Action":"output","Package":"github.com/JohnnyPBelo/relayloom/native/groups","Test":"TestGroupCertificateInteropFixture","Output":"=== RUN   TestGroupCertificateInteropFixture\n"}
{"Time":"2026-09-14T16:49:05.784830413+01:00","Action":"output","Package":"github.com/JohnnyPBelo/relayloom/native/groups","Test":"TestGroupCertificateInteropFixture","Output":"    interop_test.go:16: driven by the Node/Go vector test\n"}
{"Time":"2026-09-14T16:49:05.784847805+01:00","Action":"output","Package":"github.com/JohnnyPBelo/relayloom/native/groups","Test":"TestGroupCertificateInteropFixture","Output":"--- SKIP: TestGroupCertificateInteropFixture (0.00s)\n"}
{"Time":"2026-09-14T16:49:05.784860299+01:00","Action":"skip","Package":"github.com/JohnnyPBelo/relayloom/native/groups","Test":"TestGroupCertificateInteropFixture","Elapsed":0}
{"Time":"2026-09-14T16:49:05.784880316+01:00","Action":"output","Package":"github.com/JohnnyPBelo/relayloom/native/groups","Output":"PASS\n"}
{"Time":"2026-09-14T16:49:06.791689247+01:00","Action":"output","Package":"github.com/JohnnyPBelo/relayloom/native/groups","Output":"ok  \tgithub.com/JohnnyPBelo/relayloom/native/groups\t3.842s\n"}
{"Time":"2026-09-14T16:49:06.791764418+01:00","Action":"pass","Package":"github.com/JohnnyPBelo/relayloom/native/groups","Elapsed":3.842}
{"Time":"2026-09-14T16:49:07.547104008+01:00","Action":"start","Package":"github.com/JohnnyPBelo/relayloom/native/groupstore"}
{"Time":"2026-09-14T16:49:07.556242113+01:00","Action":"run","Package":"github.com/JohnnyPBelo/relayloom/native/groupstore","Test":"TestUnknownSchemaCannotHideBehindSQLitePrefix"}
{"Time":"2026-09-14T16:49:07.556276467+01:00","Action":"output","Package":"github.com/JohnnyPBelo/relayloom/native/groupstore","Test":"TestUnknownSchemaCannotHideBehindSQLitePrefix","Output":"=== RUN   TestUnknownSchemaCannotHideBehindSQLitePrefix\n"}
{"Time":"2026-09-14T16:49:07.607138166+01:00","Action":"output","Package":"github.com/JohnnyPBelo/relayloom/native/groupstore","Test":"TestUnknownSchemaCannotHideBehindSQLitePrefix","Output":"--- PASS: TestUnknownSchemaCannotHideBehindSQLitePrefix (0.05s)\n"}
{"Time":"2026-09-14T16:49:07.607173933+01:00","Action":"pass","Package":"github.com/JohnnyPBelo/relayloom/native/groupstore","Test":"TestUnknownSchemaCannotHideBehindSQLitePrefix","Elapsed":0.05}
{"Time":"2026-09-14T16:49:07.60718298+01:00","Action":"run","Package":"github.com/JohnnyPBelo/relayloom/native/groupstore","Test":"TestIntegrityFailureStillPoisonsHandleAfterCallbackPanic"}
{"Time":"2026-09-14T16:49:07.607186657+01:00","Action":"output","Package":"github.com/JohnnyPBelo/relayloom/native/groupstore","Test":"TestIntegrityFailureStillPoisonsHandleAfterCallbackPanic","Output":"=== RUN   TestIntegrityFailureStillPoisonsHandleAfterCallbackPanic\n"}
{"Time":"2026-09-14T16:49:07.665463289+01:00","Action":"output","Package":"github.com/JohnnyPBelo/relayloom/native/groupstore","Test":"TestIntegrityFailureStillPoisonsHandleAfterCallbackPanic","Output":"--- PASS: TestIntegrityFailureStillPoisonsHandleAfterCallbackPanic (0.06s)\n"}
{"Time":"2026-09-14T16:49:07.665520547+01:00","Action":"pass","Package":"github.com/JohnnyPBelo/relayloom/native/groupstore","Test":"TestIntegrityFailureStillPoisonsHandleAfterCallbackPanic","Elapsed":0.06}
{"Time":"2026-09-14T16:49:07.66553285+01:00","Action":"run","Package":"github.com/JohnnyPBelo/relayloom/native/groupstore","Test":"TestPersistentEncryptedRecordsAndRollback"}
{"Time":"2026-09-14T16:49:07.665539011+01:00","Action":"output","Package":"github.com/JohnnyPBelo/relayloom/native/groupstore","Test":"TestPersistentEncryptedRecordsAndRollback","Output":"=== RUN   TestPersistentEncryptedRecordsAndRollback\n"}
{"Time":"2026-09-14T16:49:07.735351764+01:00","Action":"output","Package":"github.com/JohnnyPBelo/relayloom/native/groupstore","Test":"TestPersistentEncryptedRecordsAndRollback","Output":"--- PASS: TestPersistentEncryptedRecordsAndRollback (0.07s)\n"}
{"Time":"2026-09-14T16:49:07.735407208+01:00","Action":"pass","Package":"github.com/JohnnyPBelo/relayloom/native/groupstore","Test":"TestPersistentEncryptedRecordsAndRollback","Elapsed":0.07}
{"Time":"2026-09-14T16:49:07.735422677+01:00","Action":"run","Package":"github.com/JohnnyPBelo/relayloom/native/groupstore","Test":"TestMissingDamagedStateAndWrongIdentityFailClosed"}
{"Time":"2026-09-14T16:49:07.735425994+01:00","Action":"output","Package":"github.com/JohnnyPBelo/relayloom/native/groupstore","Test":"TestMissingDamagedStateAndWrongIdentityFailClosed","Output":"=== RUN   TestMissingDamagedStateAndWrongIdentityFailClosed\n"}
{"Time":"2026-09-14T16:49:07.778234272+01:00","Action":"output","Package":"github.com/JohnnyPBelo/relayloom/native/groupstore","Test":"TestMissingDamagedStateAndWrongIdentityFailClosed","Output":"--- PASS: TestMissingDamagedStateAndWrongIdentityFailClosed (0.04s)\n"}
{"Time":"2026-09-14T16:49:07.778274417+01:00","Action":"pass","Package":"github.com/JohnnyPBelo/relayloom/native/groupstore","Test":"TestMissingDamagedStateAndWrongIdentityFailClosed","Elapsed":0.04}
{"Time":"2026-09-14T16:49:07.778282893+01:00","Action":"run","Package":"github.com/JohnnyPBelo/relayloom/native/groupstore","Test":"TestReadingKeyCannotForgeLocalSigningFence"}
{"Time":"2026-09-14T16:49:07.77828653+01:00","Action":"output","Package":"github.com/JohnnyPBelo/relayloom/native/groupstore","Test":"TestReadingKeyCannotForgeLocalSigningFence","Output":"=== RUN   TestReadingKeyCannotForgeLocalSigningFence\n"}
{"Time":"2026-09-14T16:49:07.857212331+01:00","Action":"output","Package":"github.com/JohnnyPBelo/relayloom/native/groupstore","Test":"TestReadingKeyCannotForgeLocalSigningFence","Output":"--- PASS: TestReadingKeyCannotForgeLocalSigningFence (0.08s)\n"}
{"Time":"2026-09-14T16:49:07.857249651+01:00","Action":"pass","Package":"github.com/JohnnyPBelo/relayloom/native/groupstore","Test":"TestReadingKeyCannotForgeLocalSigningFence","Elapsed":0.08}
{"Time":"2026-09-14T16:49:07.857258367+01:00","Action":"run","Package":"github.com/JohnnyPBelo/relayloom/native/groupstore","Test":"TestSwallowedRowTamperingStillAbortsAndPoisonsHandle"}
{"Time":"2026-09-14T16:49:07.857261944+01:00","Action":"output","Package":"github.com/JohnnyPBelo/relayloom/native/groupstore","Test":"TestSwallowedRowTamperingStillAbortsAndPoisonsHandle","Output":"=== RUN   TestSwallowedRowTamperingStillAbortsAndPoisonsHandle\n"}
{"Time":"2026-09-14T16:49:07.915741627+01:00","Action":"output","Package":"github.com/JohnnyPBelo/relayloom/native/groupstore","Test":"TestSwallowedRowTamperingStillAbortsAndPoisonsHandle","Output":"--- PASS: TestSwallowedRowTamperingStillAbortsAndPoisonsHandle (0.06s)\n"}
{"Time":"2026-09-14T16:49:07.915845913+01:00","Action":"pass","Package":"github.com/JohnnyPBelo/relayloom/native/groupstore","Test":"TestSwallowedRowTamperingStillAbortsAndPoisonsHandle","Elapsed":0.06}
{"Time":"2026-09-14T16:49:07.915861351+01:00","Action":"run","Package":"github.com/JohnnyPBelo/relayloom/native/groupstore","Test":"TestAADBindsStoreRecordAndRevision"}
{"Time":"2026-09-14T16:49:07.915866211+01:00","Action":"output","Package":"github.com/JohnnyPBelo/relayloom/native/groupstore","Test":"TestAADBindsStoreRecordAndRevision","Output":"=== RUN   TestAADBindsStoreRecordAndRevision\n"}
{"Time":"2026-09-14T16:49:07.918536888+01:00","Action":"output","Package":"github.com/JohnnyPBelo/relayloom/native/groupstore","Test":"TestAADBindsStoreRecordAndRevision","Output":"--- PASS: TestAADBindsStoreRecordAndRevision (0.00s)\n"}
{"Time":"2026-09-14T16:49:07.918548069+01:00","Action":"pass","Package":"github.com/JohnnyPBelo/relayloom/native/groupstore","Test":"TestAADBindsStoreRecordAndRevision","Elapsed":0}
{"Time":"2026-09-14T16:49:07.918566704+01:00","Action":"run","Package":"github.com/JohnnyPBelo/relayloom/native/groupstore","Test":"TestQuotaRefusalCanAtomicallySaveCheckpointReserve"}
{"Time":"2026-09-14T16:49:07.918569079+01:00","Action":"output","Package":"github.com/JohnnyPBelo/relayloom/native/groupstore","Test":"TestQuotaRefusalCanAtomicallySaveCheckpointReserve","Output":"=== RUN   TestQuotaRefusalCanAtomicallySaveCheckpointReserve\n"}
{"Time":"2026-09-14T16:49:08.002565648+01:00","Action":"output","Package":"github.com/JohnnyPBelo/relayloom/native/groupstore","Test":"TestQuotaRefusalCanAtomicallySaveCheckpointReserve","Output":"--- PASS: TestQuotaRefusalCanAtomicallySaveCheckpointReserve (0.08s)\n"}
{"Time":"2026-09-14T16:49:08.002630219+01:00","Action":"pass","Package":"github.com/JohnnyPBelo/relayloom/native/groupstore","Test":"TestQuotaRefusalCanAtomicallySaveCheckpointReserve","Elapsed":0.08}
{"Time":"2026-09-14T16:49:08.00264173+01:00","Action":"run","Package":"github.com/JohnnyPBelo/relayloom/native/groupstore","Test":"TestPartialIndexReplayFailsWhileFullValidBackupRemainsLimitation"}
{"Time":"2026-09-14T16:49:08.002653382+01:00","Action":"output","Package":"github.com/JohnnyPBelo/relayloom/native/groupstore","Test":"TestPartialIndexReplayFailsWhileFullValidBackupRemainsLimitation","Output":"=== RUN   TestPartialIndexReplayFailsWhileFullValidBackupRemainsLimitation\n"}
{"Time":"2026-09-14T16:49:08.096324021+01:00","Action":"output","Package":"github.com/JohnnyPBelo/relayloom/native/groupstore","Test":"TestPartialIndexReplayFailsWhileFullValidBackupRemainsLimitation","Output":"--- PASS: TestPartialIndexReplayFailsWhileFullValidBackupRemainsLimitation (0.09s)\n"}
{"Time":"2026-09-14T16:49:08.096366099+01:00","Action":"pass","Package":"github.com/JohnnyPBelo/relayloom/native/groupstore","Test":"TestPartialIndexReplayFailsWhileFullValidBackupRemainsLimitation","Elapsed":0.09}
{"Time":"2026-09-14T16:49:08.096375918+01:00","Action":"run","Package":"github.com/JohnnyPBelo/relayloom/native/groupstore","Test":"TestPanicRollsBackAndReleasesTransaction"}
{"Time":"2026-09-14T16:49:08.096382891+01:00","Action":"output","Package":"github.com/JohnnyPBelo/relayloom/native/groupstore","Test":"TestPanicRollsBackAndReleasesTransaction","Output":"=== RUN   TestPanicRollsBackAndReleasesTransaction\n"}
{"Time":"2026-09-14T16:49:08.12703218+01:00","Action":"output","Package":"github.com/JohnnyPBelo/relayloom/native/groupstore","Test":"TestPanicRollsBackAndReleasesTransaction","Output":"--- PASS: TestPanicRollsBackAndReleasesTransaction (0.03s)\n"}
{"Time":"2026-09-14T16:49:08.127097543+01:00","Action":"pass","Package":"github.com/JohnnyPBelo/relayloom/native/groupstore","Test":"TestPanicRollsBackAndReleasesTransaction","Elapsed":0.03}
{"Time":"2026-09-14T16:49:08.12711751+01:00","Action":"run","Package":"github.com/JohnnyPBelo/relayloom/native/groupstore","Test":"TestAuthenticatedMetadataReadAccessorsRespectTransactionLifetime"}
{"Time":"2026-09-14T16:49:08.127125305+01:00","Action":"output","Package":"github.com/JohnnyPBelo/relayloom/native/groupstore","Test":"TestAuthenticatedMetadataReadAccessorsRespectTransactionLifetime","Output":"=== RUN   TestAuthenticatedMetadataReadAccessorsRespectTransactionLifetime\n"}
{"Time":"2026-09-14T16:49:08.168339765+01:00","Action":"output","Package":"github.com/JohnnyPBelo/relayloom/native/groupstore","Test":"TestAuthenticatedMetadataReadAccessorsRespectTransactionLifetime","Output":"--- PASS: TestAuthenticatedMetadataReadAccessorsRespectTransactionLifetime (0.04s)\n"}
{"Time":"2026-09-14T16:49:08.168367026+01:00","Action":"pass","Package":"github.com/JohnnyPBelo/relayloom/native/groupstore","Test":"TestAuthenticatedMetadataReadAccessorsRespectTransactionLifetime","Elapsed":0.04}
{"Time":"2026-09-14T16:49:08.168375452+01:00","Action":"run","Package":"github.com/JohnnyPBelo/relayloom/native/groupstore","Test":"TestStoreProcessWorker"}
{"Time":"2026-09-14T16:49:08.168379379+01:00","Action":"output","Package":"github.com/JohnnyPBelo/relayloom/native/groupstore","Test":"TestStoreProcessWorker","Output":"=== RUN   TestStoreProcessWorker\n"}
{"Time":"2026-09-14T16:49:08.16841741+01:00","Action":"output","Package":"github.com/JohnnyPBelo/relayloom/native/groupstore","Test":"TestStoreProcessWorker","Output":"    worker_test.go:20: executed by the Node cross-runtime process test\n"}
{"Time":"2026-09-14T16:49:08.168436466+01:00","Action":"output","Package":"github.com/JohnnyPBelo/relayloom/native/groupstore","Test":"TestStoreProcessWorker","Output":"--- SKIP: TestStoreProcessWorker (0.00s)\n"}
{"Time":"2026-09-14T16:49:08.168443459+01:00","Action":"skip","Package":"github.com/JohnnyPBelo/relayloom/native/groupstore","Test":"TestStoreProcessWorker","Elapsed":0}
{"Time":"2026-09-14T16:49:08.16848148+01:00","Action":"output","Package":"github.com/JohnnyPBelo/relayloom/native/groupstore","Output":"PASS\n"}
{"Time":"2026-09-14T16:49:09.175160908+01:00","Action":"output","Package":"github.com/JohnnyPBelo/relayloom/native/groupstore","Output":"ok  \tgithub.com/JohnnyPBelo/relayloom/native/groupstore\t1.628s\n"}
{"Time":"2026-09-14T16:49:09.175236981+01:00","Action":"pass","Package":"github.com/JohnnyPBelo/relayloom/native/groupstore","Elapsed":1.6280000000000001}
{"Time":"2026-09-14T16:49:10.178012178+01:00","Action":"start","Package":"github.com/JohnnyPBelo/relayloom/native/groupauthority"}
{"Time":"2026-09-14T16:49:10.187317897+01:00","Action":"run","Package":"github.com/JohnnyPBelo/relayloom/native/groupauthority","Test":"TestGroupProfileTransactionFixture"}
{"Time":"2026-09-14T16:49:10.187333136+01:00","Action":"output","Package":"github.com/JohnnyPBelo/relayloom/native/groupauthority","Test":"TestGroupProfileTransactionFixture","Output":"=== RUN   TestGroupProfileTransactionFixture\n"}
{"Time":"2026-09-14T16:49:10.187451107+01:00","Action":"output","Package":"github.com/JohnnyPBelo/relayloom/native/groupauthority","Test":"TestGroupProfileTransactionFixture","Output":"    profile_worker_test.go:20: driven by the real Node/Go group/private transaction test\n"}
{"Time":"2026-09-14T16:49:10.187489409+01:00","Action":"output","Package":"github.com/JohnnyPBelo/relayloom/native/groupauthority","Test":"TestGroupProfileTransactionFixture","Output":"--- SKIP: TestGroupProfileTransactionFixture (0.00s)\n"}
{"Time":"2026-09-14T16:49:10.187519966+01:00","Action":"skip","Package":"github.com/JohnnyPBelo/relayloom/native/groupauthority","Test":"TestGroupProfileTransactionFixture","Elapsed":0}
{"Time":"2026-09-14T16:49:10.187528131+01:00","Action":"run","Package":"github.com/JohnnyPBelo/relayloom/native/groupauthority","Test":"TestVerifiedReadScopeClonesAndLifetime"}
{"Time":"2026-09-14T16:49:10.187531858+01:00","Action":"output","Package":"github.com/JohnnyPBelo/relayloom/native/groupauthority","Test":"TestVerifiedReadScopeClonesAndLifetime","Output":"=== RUN   TestVerifiedReadScopeClonesAndLifetime\n"}
{"Time":"2026-09-14T16:49:10.480126762+01:00","Action":"output","Package":"github.com/JohnnyPBelo/relayloom/native/groupauthority","Test":"TestVerifiedReadScopeClonesAndLifetime","Output":"    read_cache_test.go:35: 25 unchanged scoped reads: 223.599894ms\n"}
{"Time":"2026-09-14T16:49:10.698682799+01:00","Action":"output","Package":"github.com/JohnnyPBelo/relayloom/native/groupauthority","Test":"TestVerifiedReadScopeClonesAndLifetime","Output":"    read_cache_test.go:35: 25 unchanged scoped reads: 214.409091ms\n"}
{"Time":"2026-09-14T16:49:10.69961123+01:00","Action":"output","Package":"github.com/JohnnyPBelo/relayloom/native/groupauthority","Test":"TestVerifiedReadScopeClonesAndLifetime","Output":"--- PASS: TestVerifiedReadScopeClonesAndLifetime (0.51s)\n"}
{"Time":"2026-09-14T16:49:10.699622691+01:00","Action":"pass","Package":"github.com/JohnnyPBelo/relayloom/native/groupauthority","Test":"TestVerifiedReadScopeClonesAndLifetime","Elapsed":0.51}
{"Time":"2026-09-14T16:49:10.699636036+01:00","Action":"run","Package":"github.com/JohnnyPBelo/relayloom/native/groupauthority","Test":"TestVerifiedReadScopeInvalidatesReferencedWrites"}
{"Time":"2026-09-14T16:49:10.699640855+01:00","Action":"output","Package":"github.com/JohnnyPBelo/relayloom/native/groupauthority","Test":"TestVerifiedReadScopeInvalidatesReferencedWrites","Output":"=== RUN   TestVerifiedReadScopeInvalidatesReferencedWrites\n"}
{"Time":"2026-09-14T16:49:10.699697812+01:00","Action":"run","Package":"github.com/JohnnyPBelo/relayloom/native/groupauthority","Test":"TestVerifiedReadScopeInvalidatesReferencedWrites/checkpoint"}
{"Time":"2026-09-14T16:49:10.699708242+01:00","Action":"output","Package":"github.com/JohnnyPBelo/relayloom/native/groupauthority","Test":"TestVerifiedReadScopeInvalidatesReferencedWrites/checkpoint","Output":"=== RUN   TestVerifiedReadScopeInvalidatesReferencedWrites/checkpoint\n"}
{"Time":"2026-09-14T16:49:10.839029337+01:00","Action":"output","Package":"github.com/JohnnyPBelo/relayloom/native/groupauthority","Test":"TestVerifiedReadScopeInvalidatesReferencedWrites/checkpoint","Output":"--- PASS: TestVerifiedReadScopeInvalidatesReferencedWrites/checkpoint (0.14s)\n"}
{"Time":"2026-09-14T16:49:10.83907361+01:00","Action":"pass","Package":"github.com/JohnnyPBelo/relayloom/native/groupauthority","Test":"TestVerifiedReadScopeInvalidatesReferencedWrites/checkpoint","Elapsed":0.14}
{"Time":"2026-09-14T16:49:10.8390839+01:00","Action":"run","Package":"github.com/JohnnyPBelo/relayloom/native/groupauthority","Test":"TestVerifiedReadScopeInvalidatesReferencedWrites/epoch:"}
{"Time":"2026-09-14T16:49:10.839090322+01:00","Action":"output","Package":"github.com/JohnnyPBelo/relayloom/native/groupauthority","Test":"TestVerifiedReadScopeInvalidatesReferencedWrites/epoch:","Output":"=== RUN   TestVerifiedReadScopeInvalidatesReferencedWrites/epoch:\n"}
{"Time":"2026-09-14T16:49:10.976960788+01:00","Action":"output","Package":"github.com/JohnnyPBelo/relayloom/native/groupauthority","Test":"TestVerifiedReadScopeInvalidatesReferencedWrites/epoch:","Output":"--- PASS: TestVerifiedReadScopeInvalidatesReferencedWrites/epoch: (0.14s)\n"}
{"Time":"2026-09-14T16:49:10.976999601+01:00","Action":"pass","Package":"github.com/JohnnyPBelo/relayloom/native/groupauthority","Test":"TestVerifiedReadScopeInvalidatesReferencedWrites/epoch:","Elapsed":0.14}
{"Time":"2026-09-14T16:49:10.977019408+01:00","Action":"run","Package":"github.com/JohnnyPBelo/relayloom/native/groupauthority","Test":"TestVerifiedReadScopeInvalidatesReferencedWrites/snapshot:"}
{"Time":"2026-09-14T16:49:10.977023115+01:00","Action":"output","Package":"github.com/JohnnyPBelo/relayloom/native/groupauthority","Test":"TestVerifiedReadScopeInvalidatesReferencedWrites/snapshot:","Output":"=== RUN   TestVerifiedReadScopeInvalidatesReferencedWrites/snapshot:\n"}
{"Time":"2026-09-14T16:49:11.123871394+01:00","Action":"output","Package":"github.com/JohnnyPBelo/relayloom/native/groupauthority","Test":"TestVerifiedReadScopeInvalidatesReferencedWrites/snapshot:","Output":"--- PASS: TestVerifiedReadScopeInvalidatesReferencedWrites/snapshot: (0.15s)\n"}
{"Time":"2026-09-14T16:49:11.123918924+01:00","Action":"pass","Package":"github.com/JohnnyPBelo/relayloom/native/groupauthority","Test":"TestVerifiedReadScopeInvalidatesReferencedWrites/snapshot:","Elapsed":0.15}
{"Time":"2026-09-14T16:49:11.124046403+01:00","Action":"output","Package":"github.com/JohnnyPBelo/relayloom/native/groupauthority","Test":"TestVerifiedReadScopeInvalidatesReferencedWrites","Output":"--- PASS: TestVerifiedReadScopeInvalidatesReferencedWrites (0.42s)\n"}
{"Time":"2026-09-14T16:49:11.124087199+01:00","Action":"pass","Package":"github.com/JohnnyPBelo/relayloom/native/groupauthority","Test":"TestVerifiedReadScopeInvalidatesReferencedWrites","Elapsed":0.42}
{"Time":"2026-09-14T16:49:11.124096336+01:00","Action":"run","Package":"github.com/JohnnyPBelo/relayloom/native/groupauthority","Test":"TestVerifiedReadScopeClosureInvalidatesEarlierView"}
{"Time":"2026-09-14T16:49:11.124099572+01:00","Action":"output","Package":"github.com/JohnnyPBelo/relayloom/native/groupauthority","Test":"TestVerifiedReadScopeClosureInvalidatesEarlierView","Output":"=== RUN   TestVerifiedReadScopeClosureInvalidatesEarlierView\n"}
{"Time":"2026-09-14T16:49:11.307578657+01:00","Action":"output","Package":"github.com/JohnnyPBelo/relayloom/native/groupauthority","Test":"TestVerifiedReadScopeClosureInvalidatesEarlierView","Output":"--- PASS: TestVerifiedReadScopeClosureInvalidatesEarlierView (0.18s)\n"}
{"Time":"2026-09-14T16:49:11.307619945+01:00","Action":"pass","Package":"github.com/JohnnyPBelo/relayloom/native/groupauthority","Test":"TestVerifiedReadScopeClosureInvalidatesEarlierView","Elapsed":0.18}
{"Time":"2026-09-14T16:49:11.307630925+01:00","Action":"run","Package":"github.com/JohnnyPBelo/relayloom/native/groupauthority","Test":"TestVerifiedReadScopeRetainsAtMostEightCheckpoints"}
{"Time":"2026-09-14T16:49:11.307634272+01:00","Action":"output","Package":"github.com/JohnnyPBelo/relayloom/native/groupauthority","Test":"TestVerifiedReadScopeRetainsAtMostEightCheckpoints","Output":"=== RUN   TestVerifiedReadScopeRetainsAtMostEightCheckpoints\n"}
{"Time":"2026-09-14T16:49:11.991409824+01:00","Action":"output","Package":"github.com/JohnnyPBelo/relayloom/native/groupauthority","Test":"TestVerifiedReadScopeRetainsAtMostEightCheckpoints","Output":"--- PASS: TestVerifiedReadScopeRetainsAtMostEightCheckpoints (0.68s)\n"}
{"Time":"2026-09-14T16:49:11.991521253+01:00","Action":"pass","Package":"github.com/JohnnyPBelo/relayloom/native/groupauthority","Test":"TestVerifiedReadScopeRetainsAtMostEightCheckpoints","Elapsed":0.68}
{"Time":"2026-09-14T16:49:11.991540269+01:00","Action":"run","Package":"github.com/JohnnyPBelo/relayloom/native/groupauthority","Test":"TestAuthorityRecordClonePreservesWireStringsAndReferences"}
{"Time":"2026-09-14T16:49:11.991544777+01:00","Action":"output","Package":"github.com/JohnnyPBelo/relayloom/native/groupauthority","Test":"TestAuthorityRecordClonePreservesWireStringsAndReferences","Output":"=== RUN   TestAuthorityRecordClonePreservesWireStringsAndReferences\n"}
{"Time":"2026-09-14T16:49:11.993321749+01:00","Action":"output","Package":"github.com/JohnnyPBelo/relayloom/native/groupauthority","Test":"TestAuthorityRecordClonePreservesWireStringsAndReferences","Output":"--- PASS: TestAuthorityRecordClonePreservesWireStringsAndReferences (0.00s)\n"}
{"Time":"2026-09-14T16:49:11.993378896+01:00","Action":"pass","Package":"github.com/JohnnyPBelo/relayloom/native/groupauthority","Test":"TestAuthorityRecordClonePreservesWireStringsAndReferences","Elapsed":0}
{"Time":"2026-09-14T16:49:11.993409323+01:00","Action":"run","Package":"github.com/JohnnyPBelo/relayloom/native/groupauthority","Test":"TestCreationPersistenceAndFiniteIdempotence"}
{"Time":"2026-09-14T16:49:11.993415966+01:00","Action":"output","Package":"github.com/JohnnyPBelo/relayloom/native/groupauthority","Test":"TestCreationPersistenceAndFiniteIdempotence","Output":"=== RUN   TestCreationPersistenceAndFiniteIdempotence\n"}
{"Time":"2026-09-14T16:49:12.158843613+01:00","Action":"output","Package":"github.com/JohnnyPBelo/relayloom/native/groupauthority","Test":"TestCreationPersistenceAndFiniteIdempotence","Output":"--- PASS: TestCreationPersistenceAndFiniteIdempotence (0.17s)\n"}
{"Time":"2026-09-14T16:49:12.158903826+01:00","Action":"pass","Package":"github.com/JohnnyPBelo/relayloom/native/groupauthority","Test":"TestCreationPersistenceAndFiniteIdempotence","Elapsed":0.17}
{"Time":"2026-09-14T16:49:12.158914616+01:00","Action":"run","Package":"github.com/JohnnyPBelo/relayloom/native/groupauthority","Test":"TestInvitationFreshConsentAndLeaveReentry"}
{"Time":"2026-09-14T16:49:12.158918213+01:00","Action":"output","Package":"github.com/JohnnyPBelo/relayloom/native/groupauthority","Test":"TestInvitationFreshConsentAndLeaveReentry","Output":"=== RUN   TestInvitationFreshConsentAndLeaveReentry\n"}
{"Time":"2026-09-14T16:49:15.084746107+01:00","Action":"output","Package":"github.com/JohnnyPBelo/relayloom/native/groupauthority","Test":"TestInvitationFreshConsentAndLeaveReentry","Output":"--- PASS: TestInvitationFreshConsentAndLeaveReentry (2.93s)\n"}
{"Time":"2026-09-14T16:49:15.084793786+01:00","Action":"pass","Package":"github.com/JohnnyPBelo/relayloom/native/groupauthority","Test":"TestInvitationFreshConsentAndLeaveReentry","Elapsed":2.93}
{"Time":"2026-09-14T16:49:15.084807832+01:00","Action":"run","Package":"github.com/JohnnyPBelo/relayloom/native/groupauthority","Test":"TestCursorWaitsForIntermediateSnapshot"}
{"Time":"2026-09-14T16:49:15.084812351+01:00","Action":"output","Package":"github.com/JohnnyPBelo/relayloom/native/groupauthority","Test":"TestCursorWaitsForIntermediateSnapshot","Output":"=== RUN   TestCursorWaitsForIntermediateSnapshot\n"}
{"Time":"2026-09-14T16:49:17.403141916+01:00","Action":"output","Package":"github.com/JohnnyPBelo/relayloom/native/groupauthority","Test":"TestCursorWaitsForIntermediateSnapshot","Output":"--- PASS: TestCursorWaitsForIntermediateSnapshot (2.32s)\n"}
{"Time":"2026-09-14T16:49:17.403241152+01:00","Action":"pass","Package":"github.com/JohnnyPBelo/relayloom/native/groupauthority","Test":"TestCursorWaitsForIntermediateSnapshot","Elapsed":2.32}
{"Time":"2026-09-14T16:49:17.403267181+01:00","Action":"run","Package":"github.com/JohnnyPBelo/relayloom/native/groupauthority","Test":"TestCapacityRecoveryAndDurableStops"}
{"Time":"2026-09-14T16:49:17.403274415+01:00","Action":"output","Package":"github.com/JohnnyPBelo/relayloom/native/groupauthority","Test":"TestCapacityRecoveryAndDurableStops","Output":"=== RUN   TestCapacityRecoveryAndDurableStops\n"}
{"Time":"2026-09-14T16:49:19.689281994+01:00","Action":"output","Package":"github.com/JohnnyPBelo/relayloom/native/groupauthority","Test":"TestCapacityRecoveryAndDurableStops","Output":"--- PASS: TestCapacityRecoveryAndDurableStops (2.29s)\n"}
{"Time":"2026-09-14T16:49:19.689318312+01:00","Action":"pass","Package":"github.com/JohnnyPBelo/relayloom/native/groupauthority","Test":"TestCapacityRecoveryAndDurableStops","Elapsed":2.29}
{"Time":"2026-09-14T16:49:19.689328552+01:00","Action":"run","Package":"github.com/JohnnyPBelo/relayloom/native/groupauthority","Test":"TestConcurrentHandlesCommitOnlyOneSuccessor"}
{"Time":"2026-09-14T16:49:19.689331297+01:00","Action":"output","Package":"github.com/JohnnyPBelo/relayloom/native/groupauthority","Test":"TestConcurrentHandlesCommitOnlyOneSuccessor","Output":"=== RUN   TestConcurrentHandlesCommitOnlyOneSuccessor\n"}
{"Time":"2026-09-14T16:49:20.030812676+01:00","Action":"output","Package":"github.com/JohnnyPBelo/relayloom/native/groupauthority","Test":"TestConcurrentHandlesCommitOnlyOneSuccessor","Output":"--- PASS: TestConcurrentHandlesCommitOnlyOneSuccessor (0.34s)\n"}
{"Time":"2026-09-14T16:49:20.03085219+01:00","Action":"pass","Package":"github.com/JohnnyPBelo/relayloom/native/groupauthority","Test":"TestConcurrentHandlesCommitOnlyOneSuccessor","Elapsed":0.34}
{"Time":"2026-09-14T16:49:20.030860856+01:00","Action":"run","Package":"github.com/JohnnyPBelo/relayloom/native/groupauthority","Test":"TestMalformedCheckpointPoisonsHandle"}
{"Time":"2026-09-14T16:49:20.030864784+01:00","Action":"output","Package":"github.com/JohnnyPBelo/relayloom/native/groupauthority","Test":"TestMalformedCheckpointPoisonsHandle","Output":"=== RUN   TestMalformedCheckpointPoisonsHandle\n"}
{"Time":"2026-09-14T16:49:20.128733093+01:00","Action":"output","Package":"github.com/JohnnyPBelo/relayloom/native/groupauthority","Test":"TestMalformedCheckpointPoisonsHandle","Output":"--- PASS: TestMalformedCheckpointPoisonsHandle (0.10s)\n"}
{"Time":"2026-09-14T16:49:20.128795029+01:00","Action":"pass","Package":"github.com/JohnnyPBelo/relayloom/native/groupauthority","Test":"TestMalformedCheckpointPoisonsHandle","Elapsed":0.1}
{"Time":"2026-09-14T16:49:20.128812692+01:00","Action":"run","Package":"github.com/JohnnyPBelo/relayloom/native/groupauthority","Test":"TestValidRemovalSurvivesInvalidTrailingProof"}
{"Time":"2026-09-14T16:49:20.12881684+01:00","Action":"output","Package":"github.com/JohnnyPBelo/relayloom/native/groupauthority","Test":"TestValidRemovalSurvivesInvalidTrailingProof","Output":"=== RUN   TestValidRemovalSurvivesInvalidTrailingProof\n"}
{"Time":"2026-09-14T16:49:21.402865953+01:00","Action":"output","Package":"github.com/JohnnyPBelo/relayloom/native/groupauthority","Test":"TestValidRemovalSurvivesInvalidTrailingProof","Output":"--- PASS: TestValidRemovalSurvivesInvalidTrailingProof (1.27s)\n"}
{"Time":"2026-09-14T16:49:21.402952826+01:00","Action":"pass","Package":"github.com/JohnnyPBelo/relayloom/native/groupauthority","Test":"TestValidRemovalSurvivesInvalidTrailingProof","Elapsed":1.27}
{"Time":"2026-09-14T16:49:21.402975809+01:00","Action":"run","Package":"github.com/JohnnyPBelo/relayloom/native/groupauthority","Test":"TestInvalidIntermediateConsentCannotBeSkipped"}
{"Time":"2026-09-14T16:49:21.402985327+01:00","Action":"output","Package":"github.com/JohnnyPBelo/relayloom/native/groupauthority","Test":"TestInvalidIntermediateConsentCannotBeSkipped","Output":"=== RUN   TestInvalidIntermediateConsentCannotBeSkipped\n"}
{"Time":"2026-09-14T16:49:22.052418586+01:00","Action":"output","Package":"github.com/JohnnyPBelo/relayloom/native/groupauthority","Test":"TestInvalidIntermediateConsentCannotBeSkipped","Output":"--- PASS: TestInvalidIntermediateConsentCannotBeSkipped (0.65s)\n"}
{"Time":"2026-09-14T16:49:22.052489188+01:00","Action":"pass","Package":"github.com/JohnnyPBelo/relayloom/native/groupauthority","Test":"TestInvalidIntermediateConsentCannotBeSkipped","Elapsed":0.65}
{"Time":"2026-09-14T16:49:22.052517171+01:00","Action":"run","Package":"github.com/JohnnyPBelo/relayloom/native/groupauthority","Test":"TestSignedOrphansCannotFreezeAndAnchoredForkCannotRecover"}
{"Time":"2026-09-14T16:49:22.0525224+01:00","Action":"output","Package":"github.com/JohnnyPBelo/relayloom/native/groupauthority","Test":"TestSignedOrphansCannotFreezeAndAnchoredForkCannotRecover","Output":"=== RUN   TestSignedOrphansCannotFreezeAndAnchoredForkCannotRecover\n"}
{"Time":"2026-09-14T16:49:22.817845991+01:00","Action":"output","Package":"github.com/JohnnyPBelo/relayloom/native/groupauthority","Test":"TestSignedOrphansCannotFreezeAndAnchoredForkCannotRecover","Output":"--- PASS: TestSignedOrphansCannotFreezeAndAnchoredForkCannotRecover (0.77s)\n"}
{"Time":"2026-09-14T16:49:22.817886617+01:00","Action":"pass","Package":"github.com/JohnnyPBelo/relayloom/native/groupauthority","Test":"TestSignedOrphansCannotFreezeAndAnchoredForkCannotRecover","Elapsed":0.77}
{"Time":"2026-09-14T16:49:22.817896636+01:00","Action":"run","Package":"github.com/JohnnyPBelo/relayloom/native/groupauthority","Test":"TestFiniteRetentionAndRememberedGroupLimit"}
{"Time":"2026-09-14T16:49:22.817901836+01:00","Action":"output","Package":"github.com/JohnnyPBelo/relayloom/native/groupauthority","Test":"TestFiniteRetentionAndRememberedGroupLimit","Output":"=== RUN   TestFiniteRetentionAndRememberedGroupLimit\n"}
{"Time":"2026-09-14T16:51:26.710659161+01:00","Action":"output","Package":"github.com/JohnnyPBelo/relayloom/native/groupauthority","Test":"TestFiniteRetentionAndRememberedGroupLimit","Output":"--- PASS: TestFiniteRetentionAndRememberedGroupLimit (123.89s)\n"}
{"Time":"2026-09-14T16:51:26.710806046+01:00","Action":"pass","Package":"github.com/JohnnyPBelo/relayloom/native/groupauthority","Test":"TestFiniteRetentionAndRememberedGroupLimit","Elapsed":123.89}
{"Time":"2026-09-14T16:51:26.710830452+01:00","Action":"run","Package":"github.com/JohnnyPBelo/relayloom/native/groupauthority","Test":"TestMalformedRetainedResultCannotClaimSuccess"}
{"Time":"2026-09-14T16:51:26.710859356+01:00","Action":"output","Package":"github.com/JohnnyPBelo/relayloom/native/groupauthority","Test":"TestMalformedRetainedResultCannotClaimSuccess","Output":"=== RUN   TestMalformedRetainedResultCannotClaimSuccess\n"}
{"Time":"2026-09-14T16:51:26.801671284+01:00","Action":"output","Package":"github.com/JohnnyPBelo/relayloom/native/groupauthority","Test":"TestMalformedRetainedResultCannotClaimSuccess","Output":"--- PASS: TestMalformedRetainedResultCannotClaimSuccess (0.09s)\n"}
{"Time":"2026-09-14T16:51:26.801716549+01:00","Action":"pass","Package":"github.com/JohnnyPBelo/relayloom/native/groupauthority","Test":"TestMalformedRetainedResultCannotClaimSuccess","Elapsed":0.09}
{"Time":"2026-09-14T16:51:26.801728361+01:00","Action":"run","Package":"github.com/JohnnyPBelo/relayloom/native/groupauthority","Test":"TestRetirementStillChecksEachSignatureAfterCachingAGroup"}
{"Time":"2026-09-14T16:51:26.801736817+01:00","Action":"output","Package":"github.com/JohnnyPBelo/relayloom/native/groupauthority","Test":"TestRetirementStillChecksEachSignatureAfterCachingAGroup","Output":"=== RUN   TestRetirementStillChecksEachSignatureAfterCachingAGroup\n"}
{"Time":"2026-09-14T16:51:54.66014276+01:00","Action":"output","Package":"github.com/JohnnyPBelo/relayloom/native/groupauthority","Test":"TestRetirementStillChecksEachSignatureAfterCachingAGroup","Output":"--- PASS: TestRetirementStillChecksEachSignatureAfterCachingAGroup (27.86s)\n"}
{"Time":"2026-09-14T16:51:54.660179279+01:00","Action":"pass","Package":"github.com/JohnnyPBelo/relayloom/native/groupauthority","Test":"TestRetirementStillChecksEachSignatureAfterCachingAGroup","Elapsed":27.86}
{"Time":"2026-09-14T16:51:54.66020143+01:00","Action":"run","Package":"github.com/JohnnyPBelo/relayloom/native/groupauthority","Test":"TestScopedGroupAndPrivateCommitRollbackAndExpiry"}
{"Time":"2026-09-14T16:51:54.660204446+01:00","Action":"output","Package":"github.com/JohnnyPBelo/relayloom/native/groupauthority","Test":"TestScopedGroupAndPrivateCommitRollbackAndExpiry","Output":"=== RUN   TestScopedGroupAndPrivateCommitRollbackAndExpiry\n"}
{"Time":"2026-09-14T16:51:54.808298275+01:00","Action":"output","Package":"github.com/JohnnyPBelo/relayloom/native/groupauthority","Test":"TestScopedGroupAndPrivateCommitRollbackAndExpiry","Output":"--- PASS: TestScopedGroupAndPrivateCommitRollbackAndExpiry (0.15s)\n"}
{"Time":"2026-09-14T16:51:54.808338932+01:00","Action":"pass","Package":"github.com/JohnnyPBelo/relayloom/native/groupauthority","Test":"TestScopedGroupAndPrivateCommitRollbackAndExpiry","Elapsed":0.15}
{"Time":"2026-09-14T16:51:54.808350934+01:00","Action":"run","Package":"github.com/JohnnyPBelo/relayloom/native/groupauthority","Test":"TestScopedSwallowedOperationFailureRollsBackEverything"}
{"Time":"2026-09-14T16:51:54.808359851+01:00","Action":"output","Package":"github.com/JohnnyPBelo/relayloom/native/groupauthority","Test":"TestScopedSwallowedOperationFailureRollsBackEverything","Output":"=== RUN   TestScopedSwallowedOperationFailureRollsBackEverything\n"}
{"Time":"2026-09-14T16:51:54.875961883+01:00","Action":"output","Package":"github.com/JohnnyPBelo/relayloom/native/groupauthority","Test":"TestScopedSwallowedOperationFailureRollsBackEverything","Output":"--- PASS: TestScopedSwallowedOperationFailureRollsBackEverything (0.07s)\n"}
{"Time":"2026-09-14T16:51:54.876010123+01:00","Action":"pass","Package":"github.com/JohnnyPBelo/relayloom/native/groupauthority","Test":"TestScopedSwallowedOperationFailureRollsBackEverything","Elapsed":0.07}
{"Time":"2026-09-14T16:51:54.876042664+01:00","Action":"run","Package":"github.com/JohnnyPBelo/relayloom/native/groupauthority","Test":"TestScopedRestrictivePrefixAndPrivateDecisionCommitBeforeRejection"}
{"Time":"2026-09-14T16:51:54.876047132+01:00","Action":"output","Package":"github.com/JohnnyPBelo/relayloom/native/groupauthority","Test":"TestScopedRestrictivePrefixAndPrivateDecisionCommitBeforeRejection","Output":"=== RUN   TestScopedRestrictivePrefixAndPrivateDecisionCommitBeforeRejection\n"}
{"Time":"2026-09-14T16:51:55.077097596+01:00","Action":"output","Package":"github.com/JohnnyPBelo/relayloom/native/groupauthority","Test":"TestScopedRestrictivePrefixAndPrivateDecisionCommitBeforeRejection","Output":"--- PASS: TestScopedRestrictivePrefixAndPrivateDecisionCommitBeforeRejection (0.20s)\n"}
{"Time":"2026-09-14T16:51:55.077144604+01:00","Action":"pass","Package":"github.com/JohnnyPBelo/relayloom/native/groupauthority","Test":"TestScopedRestrictivePrefixAndPrivateDecisionCommitBeforeRejection","Elapsed":0.2}
{"Time":"2026-09-14T16:51:55.0771583+01:00","Action":"run","Package":"github.com/JohnnyPBelo/relayloom/native/groupauthority","Test":"TestScopedRawProofTailRetainsExactRestrictivePrefix"}
{"Time":"2026-09-14T16:51:55.077164201+01:00","Action":"output","Package":"github.com/JohnnyPBelo/relayloom/native/groupauthority","Test":"TestScopedRawProofTailRetainsExactRestrictivePrefix","Output":"=== RUN   TestScopedRawProofTailRetainsExactRestrictivePrefix\n"}
{"Time":"2026-09-14T16:51:55.077170493+01:00","Action":"run","Package":"github.com/JohnnyPBelo/relayloom/native/groupauthority","Test":"TestScopedRawProofTailRetainsExactRestrictivePrefix/null"}
{"Time":"2026-09-14T16:51:55.07717465+01:00","Action":"output","Package":"github.com/JohnnyPBelo/relayloom/native/groupauthority","Test":"TestScopedRawProofTailRetainsExactRestrictivePrefix/null","Output":"=== RUN   TestScopedRawProofTailRetainsExactRestrictivePrefix/null\n"}
{"Time":"2026-09-14T16:51:55.283281223+01:00","Action":"output","Package":"github.com/JohnnyPBelo/relayloom/native/groupauthority","Test":"TestScopedRawProofTailRetainsExactRestrictivePrefix/null","Output":"--- PASS: TestScopedRawProofTailRetainsExactRestrictivePrefix/null (0.21s)\n"}
{"Time":"2026-09-14T16:51:55.283316319+01:00","Action":"pass","Package":"github.com/JohnnyPBelo/relayloom/native/groupauthority","Test":"TestScopedRawProofTailRetainsExactRestrictivePrefix/null","Elapsed":0.21}
{"Time":"2026-09-14T16:51:55.2833274+01:00","Action":"run","Package":"github.com/JohnnyPBelo/relayloom/native/groupauthority","Test":"TestScopedRawProofTailRetainsExactRestrictivePrefix/unknown-field"}
{"Time":"2026-09-14T16:51:55.283330856+01:00","Action":"output","Package":"github.com/JohnnyPBelo/relayloom/native/groupauthority","Test":"TestScopedRawProofTailRetainsExactRestrictivePrefix/unknown-field","Output":"=== RUN   TestScopedRawProofTailRetainsExactRestrictivePrefix/unknown-field\n"}
{"Time":"2026-09-14T16:51:55.486967348+01:00","Action":"output","Package":"github.com/JohnnyPBelo/relayloom/native/groupauthority","Test":"TestScopedRawProofTailRetainsExactRestrictivePrefix/unknown-field","Output":"--- PASS: TestScopedRawProofTailRetainsExactRestrictivePrefix/unknown-field (0.20s)\n"}
{"Time":"2026-09-14T16:51:55.487028483+01:00","Action":"pass","Package":"github.com/JohnnyPBelo/relayloom/native/groupauthority","Test":"TestScopedRawProofTailRetainsExactRestrictivePrefix/unknown-field","Elapsed":0.2}
{"Time":"2026-09-14T16:51:55.487046156+01:00","Action":"run","Package":"github.com/JohnnyPBelo/relayloom/native/groupauthority","Test":"TestScopedRawProofTailRetainsExactRestrictivePrefix/missing-field"}
{"Time":"2026-09-14T16:51:55.487051075+01:00","Action":"output","Package":"github.com/JohnnyPBelo/relayloom/native/groupauthority","Test":"TestScopedRawProofTailRetainsExactRestrictivePrefix/missing-field","Output":"=== RUN   TestScopedRawProofTailRetainsExactRestrictivePrefix/missing-field\n"}
{"Time":"2026-09-14T16:51:55.68302941+01:00","Action":"output","Package":"github.com/JohnnyPBelo/relayloom/native/groupauthority","Test":"TestScopedRawProofTailRetainsExactRestrictivePrefix/missing-field","Output":"--- PASS: TestScopedRawProofTailRetainsExactRestrictivePrefix/missing-field (0.20s)\n"}
{"Time":"2026-09-14T16:51:55.683067862+01:00","Action":"pass","Package":"github.com/JohnnyPBelo/relayloom/native/groupauthority","Test":"TestScopedRawProofTailRetainsExactRestrictivePrefix/missing-field","Elapsed":0.2}
{"Time":"2026-09-14T16:51:55.683078001+01:00","Action":"run","Package":"github.com/JohnnyPBelo/relayloom/native/groupauthority","Test":"TestScopedRawProofTailRetainsExactRestrictivePrefix/wrong-type"}
{"Time":"2026-09-14T16:51:55.683081147+01:00","Action":"output","Package":"github.com/JohnnyPBelo/relayloom/native/groupauthority","Test":"TestScopedRawProofTailRetainsExactRestrictivePrefix/wrong-type","Output":"=== RUN   TestScopedRawProofTailRetainsExactRestrictivePrefix/wrong-type\n"}
{"Time":"2026-09-14T16:51:55.876362164+01:00","Action":"output","Package":"github.com/JohnnyPBelo/relayloom/native/groupauthority","Test":"TestScopedRawProofTailRetainsExactRestrictivePrefix/wrong-type","Output":"--- PASS: TestScopedRawProofTailRetainsExactRestrictivePrefix/wrong-type (0.19s)\n"}
{"Time":"2026-09-14T16:51:55.876401688+01:00","Action":"pass","Package":"github.com/JohnnyPBelo/relayloom/native/groupauthority","Test":"TestScopedRawProofTailRetainsExactRestrictivePrefix/wrong-type","Elapsed":0.19}
{"Time":"2026-09-14T16:51:55.876418369+01:00","Action":"run","Package":"github.com/JohnnyPBelo/relayloom/native/groupauthority","Test":"TestScopedRawProofTailRetainsExactRestrictivePrefix/signature"}
{"Time":"2026-09-14T16:51:55.876422577+01:00","Action":"output","Package":"github.com/JohnnyPBelo/relayloom/native/groupauthority","Test":"TestScopedRawProofTailRetainsExactRestrictivePrefix/signature","Output":"=== RUN   TestScopedRawProofTailRetainsExactRestrictivePrefix/signature\n"}
{"Time":"2026-09-14T16:51:56.075679308+01:00","Action":"output","Package":"github.com/JohnnyPBelo/relayloom/native/groupauthority","Test":"TestScopedRawProofTailRetainsExactRestrictivePrefix/signature","Output":"--- PASS: TestScopedRawProofTailRetainsExactRestrictivePrefix/signature (0.20s)\n"}
{"Time":"2026-09-14T16:51:56.075785327+01:00","Action":"pass","Package":"github.com/JohnnyPBelo/relayloom/native/groupauthority","Test":"TestScopedRawProofTailRetainsExactRestrictivePrefix/signature","Elapsed":0.2}
{"Time":"2026-09-14T16:51:56.075844347+01:00","Action":"output","Package":"github.com/JohnnyPBelo/relayloom/native/groupauthority","Test":"TestScopedRawProofTailRetainsExactRestrictivePrefix","Output":"--- PASS: TestScopedRawProofTailRetainsExactRestrictivePrefix (1.00s)\n"}
{"Time":"2026-09-14T16:51:56.0758508+01:00","Action":"pass","Package":"github.com/JohnnyPBelo/relayloom/native/groupauthority","Test":"TestScopedRawProofTailRetainsExactRestrictivePrefix","Elapsed":1}
{"Time":"2026-09-14T16:51:56.075857342+01:00","Action":"run","Package":"github.com/JohnnyPBelo/relayloom/native/groupauthority","Test":"TestSwallowedEntireScopeErrorStillAbortsOuterTransaction"}
{"Time":"2026-09-14T16:51:56.075862161+01:00","Action":"output","Package":"github.com/JohnnyPBelo/relayloom/native/groupauthority","Test":"TestSwallowedEntireScopeErrorStillAbortsOuterTransaction","Output":"=== RUN   TestSwallowedEntireScopeErrorStillAbortsOuterTransaction\n"}
{"Time":"2026-09-14T16:51:56.128104125+01:00","Action":"output","Package":"github.com/JohnnyPBelo/relayloom/native/groupauthority","Test":"TestSwallowedEntireScopeErrorStillAbortsOuterTransaction","Output":"--- PASS: TestSwallowedEntireScopeErrorStillAbortsOuterTransaction (0.05s)\n"}
{"Time":"2026-09-14T16:51:56.128171802+01:00","Action":"pass","Package":"github.com/JohnnyPBelo/relayloom/native/groupauthority","Test":"TestSwallowedEntireScopeErrorStillAbortsOuterTransaction","Elapsed":0.05}
{"Time":"2026-09-14T16:51:56.128193923+01:00","Action":"run","Package":"github.com/JohnnyPBelo/relayloom/native/groupauthority","Test":"TestScopedFenceSurvivesFullOrdinaryQuotaWithoutPrivateGrowth"}
{"Time":"2026-09-14T16:51:56.128199574+01:00","Action":"output","Package":"github.com/JohnnyPBelo/relayloom/native/groupauthority","Test":"TestScopedFenceSurvivesFullOrdinaryQuotaWithoutPrivateGrowth","Output":"=== RUN   TestScopedFenceSurvivesFullOrdinaryQuotaWithoutPrivateGrowth\n"}
{"Time":"2026-09-14T16:51:56.458673524+01:00","Action":"output","Package":"github.com/JohnnyPBelo/relayloom/native/groupauthority","Test":"TestScopedFenceSurvivesFullOrdinaryQuotaWithoutPrivateGrowth","Output":"--- PASS: TestScopedFenceSurvivesFullOrdinaryQuotaWithoutPrivateGrowth (0.33s)\n"}
{"Time":"2026-09-14T16:51:56.458721884+01:00","Action":"pass","Package":"github.com/JohnnyPBelo/relayloom/native/groupauthority","Test":"TestScopedFenceSurvivesFullOrdinaryQuotaWithoutPrivateGrowth","Elapsed":0.33}
{"Time":"2026-09-14T16:51:56.458744056+01:00","Action":"run","Package":"github.com/JohnnyPBelo/relayloom/native/groupauthority","Test":"TestGroupAuthorityInteropFixture"}
{"Time":"2026-09-14T16:51:56.458757631+01:00","Action":"output","Package":"github.com/JohnnyPBelo/relayloom/native/groupauthority","Test":"TestGroupAuthorityInteropFixture","Output":"=== RUN   TestGroupAuthorityInteropFixture\n"}
{"Time":"2026-09-14T16:51:56.458790262+01:00","Action":"output","Package":"github.com/JohnnyPBelo/relayloom/native/groupauthority","Test":"TestGroupAuthorityInteropFixture","Output":"    worker_test.go:50: driven by the Node/Go authority process test\n"}
{"Time":"2026-09-14T16:51:56.45879953+01:00","Action":"output","Package":"github.com/JohnnyPBelo/relayloom/native/groupauthority","Test":"TestGroupAuthorityInteropFixture","Output":"--- SKIP: TestGroupAuthorityInteropFixture (0.00s)\n"}
{"Time":"2026-09-14T16:51:56.458803587+01:00","Action":"skip","Package":"github.com/JohnnyPBelo/relayloom/native/groupauthority","Test":"TestGroupAuthorityInteropFixture","Elapsed":0}
{"Time":"2026-09-14T16:51:56.458855665+01:00","Action":"output","Package":"github.com/JohnnyPBelo/relayloom/native/groupauthority","Output":"PASS\n"}
{"Time":"2026-09-14T16:51:57.464701536+01:00","Action":"output","Package":"github.com/JohnnyPBelo/relayloom/native/groupauthority","Output":"ok  \tgithub.com/JohnnyPBelo/relayloom/native/groupauthority\t167.287s\n"}
{"Time":"2026-09-14T16:51:57.4647466+01:00","Action":"pass","Package":"github.com/JohnnyPBelo/relayloom/native/groupauthority","Elapsed":167.287}
{"Time":"2026-09-14T16:51:58.068525167+01:00","Action":"start","Package":"github.com/JohnnyPBelo/relayloom/native/groupaccess"}
{"Time":"2026-09-14T16:51:58.080350077+01:00","Action":"run","Package":"github.com/JohnnyPBelo/relayloom/native/groupaccess","Test":"TestScopeLifetimeAndMutationInvalidation"}
{"Time":"2026-09-14T16:51:58.080382307+01:00","Action":"output","Package":"github.com/JohnnyPBelo/relayloom/native/groupaccess","Test":"TestScopeLifetimeAndMutationInvalidation","Output":"=== RUN   TestScopeLifetimeAndMutationInvalidation\n"}
{"Time":"2026-09-14T16:51:58.268885257+01:00","Action":"output","Package":"github.com/JohnnyPBelo/relayloom/native/groupaccess","Test":"TestScopeLifetimeAndMutationInvalidation","Output":"--- PASS: TestScopeLifetimeAndMutationInvalidation (0.19s)\n"}
{"Time":"2026-09-14T16:51:58.268927085+01:00","Action":"pass","Package":"github.com/JohnnyPBelo/relayloom/native/groupaccess","Test":"TestScopeLifetimeAndMutationInvalidation","Elapsed":0.19}
{"Time":"2026-09-14T16:51:58.268946401+01:00","Action":"run","Package":"github.com/JohnnyPBelo/relayloom/native/groupaccess","Test":"TestBindingPresenceAndStrictHistoricalPayload"}
{"Time":"2026-09-14T16:51:58.268949377+01:00","Action":"output","Package":"github.com/JohnnyPBelo/relayloom/native/groupaccess","Test":"TestBindingPresenceAndStrictHistoricalPayload","Output":"=== RUN   TestBindingPresenceAndStrictHistoricalPayload\n"}
{"Time":"2026-09-14T16:51:58.269032112+01:00","Action":"output","Package":"github.com/JohnnyPBelo/relayloom/native/groupaccess","Test":"TestBindingPresenceAndStrictHistoricalPayload","Output":"--- PASS: TestBindingPresenceAndStrictHistoricalPayload (0.00s)\n"}
{"Time":"2026-09-14T16:51:58.269039185+01:00","Action":"pass","Package":"github.com/JohnnyPBelo/relayloom/native/groupaccess","Test":"TestBindingPresenceAndStrictHistoricalPayload","Elapsed":0}
{"Time":"2026-09-14T16:51:58.269046709+01:00","Action":"run","Package":"github.com/JohnnyPBelo/relayloom/native/groupaccess","Test":"TestGroupAccessProcessFixture"}
{"Time":"2026-09-14T16:51:58.269051338+01:00","Action":"output","Package":"github.com/JohnnyPBelo/relayloom/native/groupaccess","Test":"TestGroupAccessProcessFixture","Output":"=== RUN   TestGroupAccessProcessFixture\n"}
{"Time":"2026-09-14T16:51:58.269092665+01:00","Action":"output","Package":"github.com/JohnnyPBelo/relayloom/native/groupaccess","Test":"TestGroupAccessProcessFixture","Output":"    worker_test.go:16: driven by the Node/Go signed group-access test\n"}
{"Time":"2026-09-14T16:51:58.269115528+01:00","Action":"output","Package":"github.com/JohnnyPBelo/relayloom/native/groupaccess","Test":"TestGroupAccessProcessFixture","Output":"--- SKIP: TestGroupAccessProcessFixture (0.00s)\n"}
{"Time":"2026-09-14T16:51:58.26912189+01:00","Action":"skip","Package":"github.com/JohnnyPBelo/relayloom/native/groupaccess","Test":"TestGroupAccessProcessFixture","Elapsed":0}
{"Time":"2026-09-14T16:51:58.269145154+01:00","Action":"output","Package":"github.com/JohnnyPBelo/relayloom/native/groupaccess","Output":"PASS\n"}
{"Time":"2026-09-14T16:51:59.274541462+01:00","Action":"output","Package":"github.com/JohnnyPBelo/relayloom/native/groupaccess","Output":"ok  \tgithub.com/JohnnyPBelo/relayloom/native/groupaccess\t1.206s\n"}
{"Time":"2026-09-14T16:51:59.274644465+01:00","Action":"pass","Package":"github.com/JohnnyPBelo/relayloom/native/groupaccess","Elapsed":1.206}
{"Time":"2026-09-14T16:51:59.901935954+01:00","Action":"start","Package":"github.com/JohnnyPBelo/relayloom/native/groupcontrol"}
{"Time":"2026-09-14T16:51:59.91420138+01:00","Action":"run","Package":"github.com/JohnnyPBelo/relayloom/native/groupcontrol","Test":"TestExpiredEnvelopeCannotReplayAuthority"}
{"Time":"2026-09-14T16:51:59.914243288+01:00","Action":"output","Package":"github.com/JohnnyPBelo/relayloom/native/groupcontrol","Test":"TestExpiredEnvelopeCannotReplayAuthority","Output":"=== RUN   TestExpiredEnvelopeCannotReplayAuthority\n"}
{"Time":"2026-09-14T16:52:01.040853591+01:00","Action":"output","Package":"github.com/JohnnyPBelo/relayloom/native/groupcontrol","Test":"TestExpiredEnvelopeCannotReplayAuthority","Output":"--- PASS: TestExpiredEnvelopeCannotReplayAuthority (1.13s)\n"}
{"Time":"2026-09-14T16:52:01.040904567+01:00","Action":"pass","Package":"github.com/JohnnyPBelo/relayloom/native/groupcontrol","Test":"TestExpiredEnvelopeCannotReplayAuthority","Elapsed":1.13}
{"Time":"2026-09-14T16:52:01.040919755+01:00","Action":"run","Package":"github.com/JohnnyPBelo/relayloom/native/groupcontrol","Test":"TestPrivateCarrierKeepsCreatorProofAndRestrictsRecipient"}
{"Time":"2026-09-14T16:52:01.040924885+01:00","Action":"output","Package":"github.com/JohnnyPBelo/relayloom/native/groupcontrol","Test":"TestPrivateCarrierKeepsCreatorProofAndRestrictsRecipient","Output":"=== RUN   TestPrivateCarrierKeepsCreatorProofAndRestrictsRecipient\n"}
{"Time":"2026-09-14T16:52:03.360734623+01:00","Action":"output","Package":"github.com/JohnnyPBelo/relayloom/native/groupcontrol","Test":"TestPrivateCarrierKeepsCreatorProofAndRestrictsRecipient","Output":"--- PASS: TestPrivateCarrierKeepsCreatorProofAndRestrictsRecipient (2.32s)\n"}
{"Time":"2026-09-14T16:52:03.36078618+01:00","Action":"pass","Package":"github.com/JohnnyPBelo/relayloom/native/groupcontrol","Test":"TestPrivateCarrierKeepsCreatorProofAndRestrictsRecipient","Elapsed":2.32}
{"Time":"2026-09-14T16:52:03.360798102+01:00","Action":"run","Package":"github.com/JohnnyPBelo/relayloom/native/groupcontrol","Test":"TestOldMembershipStopsAtRemovalAndCannotReadFutureSnapshot"}
{"Time":"2026-09-14T16:52:03.360801258+01:00","Action":"output","Package":"github.com/JohnnyPBelo/relayloom/native/groupcontrol","Test":"TestOldMembershipStopsAtRemovalAndCannotReadFutureSnapshot","Output":"=== RUN   TestOldMembershipStopsAtRemovalAndCannotReadFutureSnapshot\n"}
{"Time":"2026-09-14T16:52:05.917852191+01:00","Action":"output","Package":"github.com/JohnnyPBelo/relayloom/native/groupcontrol","Test":"TestOldMembershipStopsAtRemovalAndCannotReadFutureSnapshot","Output":"--- PASS: TestOldMembershipStopsAtRemovalAndCannotReadFutureSnapshot (2.56s)\n"}
{"Time":"2026-09-14T16:52:05.917900161+01:00","Action":"pass","Package":"github.com/JohnnyPBelo/relayloom/native/groupcontrol","Test":"TestOldMembershipStopsAtRemovalAndCannotReadFutureSnapshot","Elapsed":2.56}
{"Time":"2026-09-14T16:52:05.917988887+01:00","Action":"run","Package":"github.com/JohnnyPBelo/relayloom/native/groupcontrol","Test":"TestShapePreservesBadCertificateTailForAuthorityBoundary"}
{"Time":"2026-09-14T16:52:05.918021859+01:00","Action":"output","Package":"github.com/JohnnyPBelo/relayloom/native/groupcontrol","Test":"TestShapePreservesBadCertificateTailForAuthorityBoundary","Output":"=== RUN   TestShapePreservesBadCertificateTailForAuthorityBoundary\n"}
{"Time":"2026-09-14T16:52:06.015780499+01:00","Action":"output","Package":"github.com/JohnnyPBelo/relayloom/native/groupcontrol","Test":"TestShapePreservesBadCertificateTailForAuthorityBoundary","Output":"--- PASS: TestShapePreservesBadCertificateTailForAuthorityBoundary (0.10s)\n"}
{"Time":"2026-09-14T16:52:06.015821215+01:00","Action":"pass","Package":"github.com/JohnnyPBelo/relayloom/native/groupcontrol","Test":"TestShapePreservesBadCertificateTailForAuthorityBoundary","Elapsed":0.1}
{"Time":"2026-09-14T16:52:06.015833538+01:00","Action":"run","Package":"github.com/JohnnyPBelo/relayloom/native/groupcontrol","Test":"TestControlInteropFixture"}
{"Time":"2026-09-14T16:52:06.015836724+01:00","Action":"output","Package":"github.com/JohnnyPBelo/relayloom/native/groupcontrol","Test":"TestControlInteropFixture","Output":"=== RUN   TestControlInteropFixture\n"}
{"Time":"2026-09-14T16:52:06.01584003+01:00","Action":"output","Package":"github.com/JohnnyPBelo/relayloom/native/groupcontrol","Test":"TestControlInteropFixture","Output":"    interop_test.go:18: driven by tests/native/group-carriers.test.ts\n"}
{"Time":"2026-09-14T16:52:06.015869225+01:00","Action":"output","Package":"github.com/JohnnyPBelo/relayloom/native/groupcontrol","Test":"TestControlInteropFixture","Output":"--- SKIP: TestControlInteropFixture (0.00s)\n"}
{"Time":"2026-09-14T16:52:06.015875086+01:00","Action":"skip","Package":"github.com/JohnnyPBelo/relayloom/native/groupcontrol","Test":"TestControlInteropFixture","Elapsed":0}
{"Time":"2026-09-14T16:52:06.015938485+01:00","Action":"output","Package":"github.com/JohnnyPBelo/relayloom/native/groupcontrol","Output":"PASS\n"}
{"Time":"2026-09-14T16:52:07.023200962+01:00","Action":"output","Package":"github.com/JohnnyPBelo/relayloom/native/groupcontrol","Output":"ok  \tgithub.com/JohnnyPBelo/relayloom/native/groupcontrol\t7.121s\n"}
{"Time":"2026-09-14T16:52:07.023267827+01:00","Action":"pass","Package":"github.com/JohnnyPBelo/relayloom/native/groupcontrol","Elapsed":7.121}
{"Time":"2026-09-14T16:52:07.678799542+01:00","Action":"start","Package":"github.com/JohnnyPBelo/relayloom/native/groupnotice"}
{"Time":"2026-09-14T16:52:07.688288161+01:00","Action":"run","Package":"github.com/JohnnyPBelo/relayloom/native/groupnotice","Test":"TestNoticeInteropFixture"}
{"Time":"2026-09-14T16:52:07.688337694+01:00","Action":"output","Package":"github.com/JohnnyPBelo/relayloom/native/groupnotice","Test":"TestNoticeInteropFixture","Output":"=== RUN   TestNoticeInteropFixture\n"}
{"Time":"2026-09-14T16:52:07.688375164+01:00","Action":"output","Package":"github.com/JohnnyPBelo/relayloom/native/groupnotice","Test":"TestNoticeInteropFixture","Output":"    interop_test.go:17: driven by Node notice interoperability test\n"}
{"Time":"2026-09-14T16:52:07.688409859+01:00","Action":"output","Package":"github.com/JohnnyPBelo/relayloom/native/groupnotice","Test":"TestNoticeInteropFixture","Output":"--- SKIP: TestNoticeInteropFixture (0.00s)\n"}
{"Time":"2026-09-14T16:52:07.688421521+01:00","Action":"skip","Package":"github.com/JohnnyPBelo/relayloom/native/groupnotice","Test":"TestNoticeInteropFixture","Elapsed":0}
{"Time":"2026-09-14T16:52:07.688429807+01:00","Action":"run","Package":"github.com/JohnnyPBelo/relayloom/native/groupnotice","Test":"TestPrivateNoticeCertifiesPartiesWithoutEnrolling"}
{"Time":"2026-09-14T16:52:07.688432893+01:00","Action":"output","Package":"github.com/JohnnyPBelo/relayloom/native/groupnotice","Test":"TestPrivateNoticeCertifiesPartiesWithoutEnrolling","Output":"=== RUN   TestPrivateNoticeCertifiesPartiesWithoutEnrolling\n"}
{"Time":"2026-09-14T16:52:08.031670171+01:00","Action":"output","Package":"github.com/JohnnyPBelo/relayloom/native/groupnotice","Test":"TestPrivateNoticeCertifiesPartiesWithoutEnrolling","Output":"--- PASS: TestPrivateNoticeCertifiesPartiesWithoutEnrolling (0.34s)\n"}
{"Time":"2026-09-14T16:52:08.031708202+01:00","Action":"pass","Package":"github.com/JohnnyPBelo/relayloom/native/groupnotice","Test":"TestPrivateNoticeCertifiesPartiesWithoutEnrolling","Elapsed":0.34}
{"Time":"2026-09-14T16:52:08.031748047+01:00","Action":"run","Package":"github.com/JohnnyPBelo/relayloom/native/groupnotice","Test":"TestInvitationAndCardShareAuthorityCommitAndReopen"}
{"Time":"2026-09-14T16:52:08.031766011+01:00","Action":"output","Package":"github.com/JohnnyPBelo/relayloom/native/groupnotice","Test":"TestInvitationAndCardShareAuthorityCommitAndReopen","Output":"=== RUN   TestInvitationAndCardShareAuthorityCommitAndReopen\n"}
{"Time":"2026-09-14T16:52:08.41531658+01:00","Action":"output","Package":"github.com/JohnnyPBelo/relayloom/native/groupnotice","Test":"TestInvitationAndCardShareAuthorityCommitAndReopen","Output":"--- PASS: TestInvitationAndCardShareAuthorityCommitAndReopen (0.38s)\n"}
{"Time":"2026-09-14T16:52:08.415352697+01:00","Action":"pass","Package":"github.com/JohnnyPBelo/relayloom/native/groupnotice","Test":"TestInvitationAndCardShareAuthorityCommitAndReopen","Elapsed":0.38}
{"Time":"2026-09-14T16:52:08.415363467+01:00","Action":"run","Package":"github.com/JohnnyPBelo/relayloom/native/groupnotice","Test":"TestNoticeIssuerQuotaAndRetirement"}
{"Time":"2026-09-14T16:52:08.415367295+01:00","Action":"output","Package":"github.com/JohnnyPBelo/relayloom/native/groupnotice","Test":"TestNoticeIssuerQuotaAndRetirement","Output":"=== RUN   TestNoticeIssuerQuotaAndRetirement\n"}
{"Time":"2026-09-14T16:52:10.04880634+01:00","Action":"output","Package":"github.com/JohnnyPBelo/relayloom/native/groupnotice","Test":"TestNoticeIssuerQuotaAndRetirement","Output":"--- PASS: TestNoticeIssuerQuotaAndRetirement (1.63s)\n"}
{"Time":"2026-09-14T16:52:10.048874228+01:00","Action":"pass","Package":"github.com/JohnnyPBelo/relayloom/native/groupnotice","Test":"TestNoticeIssuerQuotaAndRetirement","Elapsed":1.63}
{"Time":"2026-09-14T16:52:10.048892823+01:00","Action":"run","Package":"github.com/JohnnyPBelo/relayloom/native/groupnotice","Test":"TestRetirementIsFiniteAndDoesNotBecomeConsent"}
{"Time":"2026-09-14T16:52:10.048896259+01:00","Action":"output","Package":"github.com/JohnnyPBelo/relayloom/native/groupnotice","Test":"TestRetirementIsFiniteAndDoesNotBecomeConsent","Output":"=== RUN   TestRetirementIsFiniteAndDoesNotBecomeConsent\n"}
{"Time":"2026-09-14T16:52:28.721093437+01:00","Action":"output","Package":"github.com/JohnnyPBelo/relayloom/native/groupnotice","Test":"TestRetirementIsFiniteAndDoesNotBecomeConsent","Output":"--- PASS: TestRetirementIsFiniteAndDoesNotBecomeConsent (18.67s)\n"}
{"Time":"2026-09-14T16:52:28.721155924+01:00","Action":"pass","Package":"github.com/JohnnyPBelo/relayloom/native/groupnotice","Test":"TestRetirementIsFiniteAndDoesNotBecomeConsent","Elapsed":18.67}
{"Time":"2026-09-14T16:52:28.721166303+01:00","Action":"run","Package":"github.com/JohnnyPBelo/relayloom/native/groupnotice","Test":"TestMalformedNoticeAbortsSwallowedOuterTransaction"}
{"Time":"2026-09-14T16:52:28.721170471+01:00","Action":"output","Package":"github.com/JohnnyPBelo/relayloom/native/groupnotice","Test":"TestMalformedNoticeAbortsSwallowedOuterTransaction","Output":"=== RUN   TestMalformedNoticeAbortsSwallowedOuterTransaction\n"}
{"Time":"2026-09-14T16:52:28.878168324+01:00","Action":"output","Package":"github.com/JohnnyPBelo/relayloom/native/groupnotice","Test":"TestMalformedNoticeAbortsSwallowedOuterTransaction","Output":"--- PASS: TestMalformedNoticeAbortsSwallowedOuterTransaction (0.16s)\n"}
{"Time":"2026-09-14T16:52:28.878208359+01:00","Action":"pass","Package":"github.com/JohnnyPBelo/relayloom/native/groupnotice","Test":"TestMalformedNoticeAbortsSwallowedOuterTransaction","Elapsed":0.16}
{"Time":"2026-09-14T16:52:28.87823018+01:00","Action":"output","Package":"github.com/JohnnyPBelo/relayloom/native/groupnotice","Output":"PASS\n"}
{"Time":"2026-09-14T16:52:29.884476221+01:00","Action":"output","Package":"github.com/JohnnyPBelo/relayloom/native/groupnotice","Output":"ok  \tgithub.com/JohnnyPBelo/relayloom/native/groupnotice\t22.206s\n"}
{"Time":"2026-09-14T16:52:29.884560299+01:00","Action":"pass","Package":"github.com/JohnnyPBelo/relayloom/native/groupnotice","Elapsed":22.206}
{"Time":"2026-09-14T16:52:30.516427246+01:00","Action":"start","Package":"github.com/JohnnyPBelo/relayloom/native/groupledger"}
{"Time":"2026-09-14T16:52:30.526918476+01:00","Action":"run","Package":"github.com/JohnnyPBelo/relayloom/native/groupledger","Test":"TestStopSnapshotInvalidatesOnMutationAndScopeExit"}
{"Time":"2026-09-14T16:52:30.526990891+01:00","Action":"output","Package":"github.com/JohnnyPBelo/relayloom/native/groupledger","Test":"TestStopSnapshotInvalidatesOnMutationAndScopeExit","Output":"=== RUN   TestStopSnapshotInvalidatesOnMutationAndScopeExit\n"}
{"Time":"2026-09-14T16:52:30.759512758+01:00","Action":"output","Package":"github.com/JohnnyPBelo/relayloom/native/groupledger","Test":"TestStopSnapshotInvalidatesOnMutationAndScopeExit","Output":"--- PASS: TestStopSnapshotInvalidatesOnMutationAndScopeExit (0.23s)\n"}
{"Time":"2026-09-14T16:52:30.759571128+01:00","Action":"pass","Package":"github.com/JohnnyPBelo/relayloom/native/groupledger","Test":"TestStopSnapshotInvalidatesOnMutationAndScopeExit","Elapsed":0.23}
{"Time":"2026-09-14T16:52:30.759586226+01:00","Action":"run","Package":"github.com/JohnnyPBelo/relayloom/native/groupledger","Test":"TestClosureStopsAndRetirementStayAtomic"}
{"Time":"2026-09-14T16:52:30.759590384+01:00","Action":"output","Package":"github.com/JohnnyPBelo/relayloom/native/groupledger","Test":"TestClosureStopsAndRetirementStayAtomic","Output":"=== RUN   TestClosureStopsAndRetirementStayAtomic\n"}
{"Time":"2026-09-14T16:52:31.102243978+01:00","Action":"output","Package":"github.com/JohnnyPBelo/relayloom/native/groupledger","Test":"TestClosureStopsAndRetirementStayAtomic","Output":"--- PASS: TestClosureStopsAndRetirementStayAtomic (0.34s)\n"}
{"Time":"2026-09-14T16:52:31.102304812+01:00","Action":"pass","Package":"github.com/JohnnyPBelo/relayloom/native/groupledger","Test":"TestClosureStopsAndRetirementStayAtomic","Elapsed":0.34}
{"Time":"2026-09-14T16:52:31.102320401+01:00","Action":"run","Package":"github.com/JohnnyPBelo/relayloom/native/groupledger","Test":"TestMalformedCountersFailClosedAndUTF16Bounds"}
{"Time":"2026-09-14T16:52:31.102325461+01:00","Action":"output","Package":"github.com/JohnnyPBelo/relayloom/native/groupledger","Test":"TestMalformedCountersFailClosedAndUTF16Bounds","Output":"=== RUN   TestMalformedCountersFailClosedAndUTF16Bounds\n"}
{"Time":"2026-09-14T16:52:31.146656453+01:00","Action":"output","Package":"github.com/JohnnyPBelo/relayloom/native/groupledger","Test":"TestMalformedCountersFailClosedAndUTF16Bounds","Output":"--- PASS: TestMalformedCountersFailClosedAndUTF16Bounds (0.04s)\n"}
{"Time":"2026-09-14T16:52:31.146690457+01:00","Action":"pass","Package":"github.com/JohnnyPBelo/relayloom/native/groupledger","Test":"TestMalformedCountersFailClosedAndUTF16Bounds","Elapsed":0.04}
{"Time":"2026-09-14T16:52:31.146700576+01:00","Action":"run","Package":"github.com/JohnnyPBelo/relayloom/native/groupledger","Test":"TestGroupLedgerProcessFixture"}
{"Time":"2026-09-14T16:52:31.146704303+01:00","Action":"output","Package":"github.com/JohnnyPBelo/relayloom/native/groupledger","Test":"TestGroupLedgerProcessFixture","Output":"=== RUN   TestGroupLedgerProcessFixture\n"}
{"Time":"2026-09-14T16:52:31.146721165+01:00","Action":"output","Package":"github.com/JohnnyPBelo/relayloom/native/groupledger","Test":"TestGroupLedgerProcessFixture","Output":"    worker_test.go:18: driven by real Node/Go ledger processes\n"}
{"Time":"2026-09-14T16:52:31.146735051+01:00","Action":"output","Package":"github.com/JohnnyPBelo/relayloom/native/groupledger","Test":"TestGroupLedgerProcessFixture","Output":"--- SKIP: TestGroupLedgerProcessFixture (0.00s)\n"}
{"Time":"2026-09-14T16:52:31.146749037+01:00","Action":"skip","Package":"github.com/JohnnyPBelo/relayloom/native/groupledger","Test":"TestGroupLedgerProcessFixture","Elapsed":0}
{"Time":"2026-09-14T16:52:31.146772831+01:00","Action":"output","Package":"github.com/JohnnyPBelo/relayloom/native/groupledger","Output":"PASS\n"}
{"Time":"2026-09-14T16:52:32.152952558+01:00","Action":"output","Package":"github.com/JohnnyPBelo/relayloom/native/groupledger","Output":"ok  \tgithub.com/JohnnyPBelo/relayloom/native/groupledger\t1.636s\n"}
{"Time":"2026-09-14T16:52:32.153015857+01:00","Action":"pass","Package":"github.com/JohnnyPBelo/relayloom/native/groupledger","Elapsed":1.637}
{"Time":"2026-09-14T16:52:32.661155117+01:00","Action":"start","Package":"github.com/JohnnyPBelo/relayloom/native/profilelock"}
{"Time":"2026-09-14T16:52:32.669107226+01:00","Action":"run","Package":"github.com/JohnnyPBelo/relayloom/native/profilelock","Test":"TestExclusiveOwnershipIndependentProfilesAndRestart"}
{"Time":"2026-09-14T16:52:32.669134287+01:00","Action":"output","Package":"github.com/JohnnyPBelo/relayloom/native/profilelock","Test":"TestExclusiveOwnershipIndependentProfilesAndRestart","Output":"=== RUN   TestExclusiveOwnershipIndependentProfilesAndRestart\n"}
{"Time":"2026-09-14T16:52:32.717235127+01:00","Action":"output","Package":"github.com/JohnnyPBelo/relayloom/native/profilelock","Test":"TestExclusiveOwnershipIndependentProfilesAndRestart","Output":"--- PASS: TestExclusiveOwnershipIndependentProfilesAndRestart (0.05s)\n"}
{"Time":"2026-09-14T16:52:32.717280983+01:00","Action":"pass","Package":"github.com/JohnnyPBelo/relayloom/native/profilelock","Test":"TestExclusiveOwnershipIndependentProfilesAndRestart","Elapsed":0.05}
{"Time":"2026-09-14T16:52:32.717299368+01:00","Action":"run","Package":"github.com/JohnnyPBelo/relayloom/native/profilelock","Test":"TestEmptyInitializationAndForeignFile"}
{"Time":"2026-09-14T16:52:32.717304838+01:00","Action":"output","Package":"github.com/JohnnyPBelo/relayloom/native/profilelock","Test":"TestEmptyInitializationAndForeignFile","Output":"=== RUN   TestEmptyInitializationAndForeignFile\n"}
{"Time":"2026-09-14T16:52:32.741437102+01:00","Action":"output","Package":"github.com/JohnnyPBelo/relayloom/native/profilelock","Test":"TestEmptyInitializationAndForeignFile","Output":"--- PASS: TestEmptyInitializationAndForeignFile (0.02s)\n"}
{"Time":"2026-09-14T16:52:32.741450296+01:00","Action":"pass","Package":"github.com/JohnnyPBelo/relayloom/native/profilelock","Test":"TestEmptyInitializationAndForeignFile","Elapsed":0.02}
{"Time":"2026-09-14T16:52:32.741475153+01:00","Action":"run","Package":"github.com/JohnnyPBelo/relayloom/native/profilelock","Test":"TestProfileOwnershipInteropFixture"}
{"Time":"2026-09-14T16:52:32.741478539+01:00","Action":"output","Package":"github.com/JohnnyPBelo/relayloom/native/profilelock","Test":"TestProfileOwnershipInteropFixture","Output":"=== RUN   TestProfileOwnershipInteropFixture\n"}
{"Time":"2026-09-14T16:52:32.741541908+01:00","Action":"output","Package":"github.com/JohnnyPBelo/relayloom/native/profilelock","Test":"TestProfileOwnershipInteropFixture","Output":"    worker_test.go:14: driven by real Node/Go profile ownership processes\n"}
{"Time":"2026-09-14T16:52:32.74155903+01:00","Action":"output","Package":"github.com/JohnnyPBelo/relayloom/native/profilelock","Test":"TestProfileOwnershipInteropFixture","Output":"--- SKIP: TestProfileOwnershipInteropFixture (0.00s)\n"}
{"Time":"2026-09-14T16:52:32.741567787+01:00","Action":"skip","Package":"github.com/JohnnyPBelo/relayloom/native/profilelock","Test":"TestProfileOwnershipInteropFixture","Elapsed":0}
{"Time":"2026-09-14T16:52:32.741593104+01:00","Action":"output","Package":"github.com/JohnnyPBelo/relayloom/native/profilelock","Output":"PASS\n"}
{"Time":"2026-09-14T16:52:33.745612381+01:00","Action":"output","Package":"github.com/JohnnyPBelo/relayloom/native/profilelock","Output":"ok  \tgithub.com/JohnnyPBelo/relayloom/native/profilelock\t1.084s\n"}
{"Time":"2026-09-14T16:52:33.745686329+01:00","Action":"pass","Package":"github.com/JohnnyPBelo/relayloom/native/profilelock","Elapsed":1.085}
{"Time":"2026-09-14T16:52:34.296621935+01:00","Action":"start","Package":"github.com/JohnnyPBelo/relayloom/native/profilestate"}
{"Time":"2026-09-14T16:52:34.311091954+01:00","Action":"run","Package":"github.com/JohnnyPBelo/relayloom/native/profilestate","Test":"TestPersistedPrivateBytesAndAtomicShrink"}
{"Time":"2026-09-14T16:52:34.31113268+01:00","Action":"output","Package":"github.com/JohnnyPBelo/relayloom/native/profilestate","Test":"TestPersistedPrivateBytesAndAtomicShrink","Output":"=== RUN   TestPersistedPrivateBytesAndAtomicShrink\n"}
{"Time":"2026-09-14T16:52:35.083389283+01:00","Action":"output","Package":"github.com/JohnnyPBelo/relayloom/native/profilestate","Test":"TestPersistedPrivateBytesAndAtomicShrink","Output":"--- PASS: TestPersistedPrivateBytesAndAtomicShrink (0.77s)\n"}
{"Time":"2026-09-14T16:52:35.083430761+01:00","Action":"pass","Package":"github.com/JohnnyPBelo/relayloom/native/profilestate","Test":"TestPersistedPrivateBytesAndAtomicShrink","Elapsed":0.77}
{"Time":"2026-09-14T16:52:35.083445739+01:00","Action":"run","Package":"github.com/JohnnyPBelo/relayloom/native/profilestate","Test":"TestPrivateStateAndFenceCommitOrRollbackWithCAS"}
{"Time":"2026-09-14T16:52:35.083449987+01:00","Action":"output","Package":"github.com/JohnnyPBelo/relayloom/native/profilestate","Test":"TestPrivateStateAndFenceCommitOrRollbackWithCAS","Output":"=== RUN   TestPrivateStateAndFenceCommitOrRollbackWithCAS\n"}
{"Time":"2026-09-14T16:52:35.184614161+01:00","Action":"output","Package":"github.com/JohnnyPBelo/relayloom/native/profilestate","Test":"TestPrivateStateAndFenceCommitOrRollbackWithCAS","Output":"--- PASS: TestPrivateStateAndFenceCommitOrRollbackWithCAS (0.10s)\n"}
{"Time":"2026-09-14T16:52:35.184658474+01:00","Action":"pass","Package":"github.com/JohnnyPBelo/relayloom/native/profilestate","Test":"TestPrivateStateAndFenceCommitOrRollbackWithCAS","Elapsed":0.1}
{"Time":"2026-09-14T16:52:35.184670457+01:00","Action":"run","Package":"github.com/JohnnyPBelo/relayloom/native/profilestate","Test":"TestBrokenAndOrphanChunksFailClosed"}
{"Time":"2026-09-14T16:52:35.184674725+01:00","Action":"output","Package":"github.com/JohnnyPBelo/relayloom/native/profilestate","Test":"TestBrokenAndOrphanChunksFailClosed","Output":"=== RUN   TestBrokenAndOrphanChunksFailClosed\n"}
{"Time":"2026-09-14T16:52:35.184685645+01:00","Action":"run","Package":"github.com/JohnnyPBelo/relayloom/native/profilestate","Test":"TestBrokenAndOrphanChunksFailClosed/missing"}
{"Time":"2026-09-14T16:52:35.184689613+01:00","Action":"output","Package":"github.com/JohnnyPBelo/relayloom/native/profilestate","Test":"TestBrokenAndOrphanChunksFailClosed/missing","Output":"=== RUN   TestBrokenAndOrphanChunksFailClosed/missing\n"}
{"Time":"2026-09-14T16:52:35.246191298+01:00","Action":"output","Package":"github.com/JohnnyPBelo/relayloom/native/profilestate","Test":"TestBrokenAndOrphanChunksFailClosed/missing","Output":"--- PASS: TestBrokenAndOrphanChunksFailClosed/missing (0.06s)\n"}
{"Time":"2026-09-14T16:52:35.246234609+01:00","Action":"pass","Package":"github.com/JohnnyPBelo/relayloom/native/profilestate","Test":"TestBrokenAndOrphanChunksFailClosed/missing","Elapsed":0.06}
{"Time":"2026-09-14T16:52:35.246246832+01:00","Action":"run","Package":"github.com/JohnnyPBelo/relayloom/native/profilestate","Test":"TestBrokenAndOrphanChunksFailClosed/orphan"}
{"Time":"2026-09-14T16:52:35.246250749+01:00","Action":"output","Package":"github.com/JohnnyPBelo/relayloom/native/profilestate","Test":"TestBrokenAndOrphanChunksFailClosed/orphan","Output":"=== RUN   TestBrokenAndOrphanChunksFailClosed/orphan\n"}
{"Time":"2026-09-14T16:52:35.30071+01:00","Action":"output","Package":"github.com/JohnnyPBelo/relayloom/native/profilestate","Test":"TestBrokenAndOrphanChunksFailClosed/orphan","Output":"--- PASS: TestBrokenAndOrphanChunksFailClosed/orphan (0.05s)\n"}
{"Time":"2026-09-14T16:52:35.300745627+01:00","Action":"pass","Package":"github.com/JohnnyPBelo/relayloom/native/profilestate","Test":"TestBrokenAndOrphanChunksFailClosed/orphan","Elapsed":0.05}
{"Time":"2026-09-14T16:52:35.300753642+01:00","Action":"run","Package":"github.com/JohnnyPBelo/relayloom/native/profilestate","Test":"TestBrokenAndOrphanChunksFailClosed/hash"}
{"Time":"2026-09-14T16:52:35.300756918+01:00","Action":"output","Package":"github.com/JohnnyPBelo/relayloom/native/profilestate","Test":"TestBrokenAndOrphanChunksFailClosed/hash","Output":"=== RUN   TestBrokenAndOrphanChunksFailClosed/hash\n"}
{"Time":"2026-09-14T16:52:35.362373959+01:00","Action":"output","Package":"github.com/JohnnyPBelo/relayloom/native/profilestate","Test":"TestBrokenAndOrphanChunksFailClosed/hash","Output":"--- PASS: TestBrokenAndOrphanChunksFailClosed/hash (0.06s)\n"}
{"Time":"2026-09-14T16:52:35.362394157+01:00","Action":"pass","Package":"github.com/JohnnyPBelo/relayloom/native/profilestate","Test":"TestBrokenAndOrphanChunksFailClosed/hash","Elapsed":0.06}
{"Time":"2026-09-14T16:52:35.362418423+01:00","Action":"output","Package":"github.com/JohnnyPBelo/relayloom/native/profilestate","Test":"TestBrokenAndOrphanChunksFailClosed","Output":"--- PASS: TestBrokenAndOrphanChunksFailClosed (0.18s)\n"}
{"Time":"2026-09-14T16:52:35.362434102+01:00","Action":"pass","Package":"github.com/JohnnyPBelo/relayloom/native/profilestate","Test":"TestBrokenAndOrphanChunksFailClosed","Elapsed":0.18}
{"Time":"2026-09-14T16:52:35.362455612+01:00","Action":"run","Package":"github.com/JohnnyPBelo/relayloom/native/profilestate","Test":"TestPrivateStateByteBounds"}
{"Time":"2026-09-14T16:52:35.362458087+01:00","Action":"output","Package":"github.com/JohnnyPBelo/relayloom/native/profilestate","Test":"TestPrivateStateByteBounds","Output":"=== RUN   TestPrivateStateByteBounds\n"}
{"Time":"2026-09-14T16:52:41.096063802+01:00","Action":"output","Package":"github.com/JohnnyPBelo/relayloom/native/profilestate","Test":"TestPrivateStateByteBounds","Output":"--- PASS: TestPrivateStateByteBounds (5.73s)\n"}
{"Time":"2026-09-14T16:52:41.096130056+01:00","Action":"pass","Package":"github.com/JohnnyPBelo/relayloom/native/profilestate","Test":"TestPrivateStateByteBounds","Elapsed":5.73}
{"Time":"2026-09-14T16:52:41.096144002+01:00","Action":"output","Package":"github.com/JohnnyPBelo/relayloom/native/profilestate","Output":"PASS\n"}
{"Time":"2026-09-14T16:52:42.126642472+01:00","Action":"output","Package":"github.com/JohnnyPBelo/relayloom/native/profilestate","Output":"ok  \tgithub.com/JohnnyPBelo/relayloom/native/profilestate\t7.830s\n"}
{"Time":"2026-09-14T16:52:42.126699519+01:00","Action":"pass","Package":"github.com/JohnnyPBelo/relayloom/native/profilestate","Elapsed":7.83}
{"Time":"2026-09-14T16:52:42.690183911+01:00","Action":"start","Package":"github.com/JohnnyPBelo/relayloom/native/profilebinding"}
{"Time":"2026-09-14T16:52:42.701508203+01:00","Action":"run","Package":"github.com/JohnnyPBelo/relayloom/native/profilebinding","Test":"TestBindingOwnerStoreSourceAndPhases"}
{"Time":"2026-09-14T16:52:42.701540443+01:00","Action":"output","Package":"github.com/JohnnyPBelo/relayloom/native/profilebinding","Test":"TestBindingOwnerStoreSourceAndPhases","Output":"=== RUN   TestBindingOwnerStoreSourceAndPhases\n"}
{"Time":"2026-09-14T16:52:42.718365006+01:00","Action":"output","Package":"github.com/JohnnyPBelo/relayloom/native/profilebinding","Test":"TestBindingOwnerStoreSourceAndPhases","Output":"--- PASS: TestBindingOwnerStoreSourceAndPhases (0.02s)\n"}
{"Time":"2026-09-14T16:52:42.718389191+01:00","Action":"pass","Package":"github.com/JohnnyPBelo/relayloom/native/profilebinding","Test":"TestBindingOwnerStoreSourceAndPhases","Elapsed":0.02}
{"Time":"2026-09-14T16:52:42.718403618+01:00","Action":"run","Package":"github.com/JohnnyPBelo/relayloom/native/profilebinding","Test":"TestPreassignedStoreIDDoesNotPermitReset"}
{"Time":"2026-09-14T16:52:42.718407415+01:00","Action":"output","Package":"github.com/JohnnyPBelo/relayloom/native/profilebinding","Test":"TestPreassignedStoreIDDoesNotPermitReset","Output":"=== RUN   TestPreassignedStoreIDDoesNotPermitReset\n"}
{"Time":"2026-09-14T16:52:42.756588568+01:00","Action":"output","Package":"github.com/JohnnyPBelo/relayloom/native/profilebinding","Test":"TestPreassignedStoreIDDoesNotPermitReset","Output":"--- PASS: TestPreassignedStoreIDDoesNotPermitReset (0.04s)\n"}
{"Time":"2026-09-14T16:52:42.7566163+01:00","Action":"pass","Package":"github.com/JohnnyPBelo/relayloom/native/profilebinding","Test":"TestPreassignedStoreIDDoesNotPermitReset","Elapsed":0.04}
{"Time":"2026-09-14T16:52:42.756625347+01:00","Action":"output","Package":"github.com/JohnnyPBelo/relayloom/native/profilebinding","Output":"PASS\n"}
{"Time":"2026-09-14T16:52:43.759536306+01:00","Action":"output","Package":"github.com/JohnnyPBelo/relayloom/native/profilebinding","Output":"ok  \tgithub.com/JohnnyPBelo/relayloom/native/profilebinding\t1.069s\n"}
{"Time":"2026-09-14T16:52:43.7595756+01:00","Action":"pass","Package":"github.com/JohnnyPBelo/relayloom/native/profilebinding","Elapsed":1.069}
{"Time":"2026-09-14T16:52:44.324848816+01:00","Action":"start","Package":"github.com/JohnnyPBelo/relayloom/native/profiledb"}
{"Time":"2026-09-14T16:52:44.333521565+01:00","Action":"run","Package":"github.com/JohnnyPBelo/relayloom/native/profiledb","Test":"TestMigrationBindingAndCommittedNoFallback"}
{"Time":"2026-09-14T16:52:44.333553305+01:00","Action":"output","Package":"github.com/JohnnyPBelo/relayloom/native/profiledb","Test":"TestMigrationBindingAndCommittedNoFallback","Output":"=== RUN   TestMigrationBindingAndCommittedNoFallback\n"}
{"Time":"2026-09-14T16:52:44.470970167+01:00","Action":"output","Package":"github.com/JohnnyPBelo/relayloom/native/profiledb","Test":"TestMigrationBindingAndCommittedNoFallback","Output":"--- PASS: TestMigrationBindingAndCommittedNoFallback (0.14s)\n"}
{"Time":"2026-09-14T16:52:44.471014951+01:00","Action":"pass","Package":"github.com/JohnnyPBelo/relayloom/native/profiledb","Test":"TestMigrationBindingAndCommittedNoFallback","Elapsed":0.14}
{"Time":"2026-09-14T16:52:44.471027414+01:00","Action":"run","Package":"github.com/JohnnyPBelo/relayloom/native/profiledb","Test":"TestMissingSwappedOrUnboundDatabaseIsNotReset"}
{"Time":"2026-09-14T16:52:44.47103052+01:00","Action":"output","Package":"github.com/JohnnyPBelo/relayloom/native/profiledb","Test":"TestMissingSwappedOrUnboundDatabaseIsNotReset","Output":"=== RUN   TestMissingSwappedOrUnboundDatabaseIsNotReset\n"}
{"Time":"2026-09-14T16:52:44.471072609+01:00","Action":"run","Package":"github.com/JohnnyPBelo/relayloom/native/profiledb","Test":"TestMissingSwappedOrUnboundDatabaseIsNotReset/missing"}
{"Time":"2026-09-14T16:52:44.471076466+01:00","Action":"output","Package":"github.com/JohnnyPBelo/relayloom/native/profiledb","Test":"TestMissingSwappedOrUnboundDatabaseIsNotReset/missing","Output":"=== RUN   TestMissingSwappedOrUnboundDatabaseIsNotReset/missing\n"}
{"Time":"2026-09-14T16:52:44.561429182+01:00","Action":"output","Package":"github.com/JohnnyPBelo/relayloom/native/profiledb","Test":"TestMissingSwappedOrUnboundDatabaseIsNotReset/missing","Output":"--- PASS: TestMissingSwappedOrUnboundDatabaseIsNotReset/missing (0.09s)\n"}
{"Time":"2026-09-14T16:52:44.561468966+01:00","Action":"pass","Package":"github.com/JohnnyPBelo/relayloom/native/profiledb","Test":"TestMissingSwappedOrUnboundDatabaseIsNotReset/missing","Elapsed":0.09}
{"Time":"2026-09-14T16:52:44.561482021+01:00","Action":"run","Package":"github.com/JohnnyPBelo/relayloom/native/profiledb","Test":"TestMissingSwappedOrUnboundDatabaseIsNotReset/swapped"}
{"Time":"2026-09-14T16:52:44.561487641+01:00","Action":"output","Package":"github.com/JohnnyPBelo/relayloom/native/profiledb","Test":"TestMissingSwappedOrUnboundDatabaseIsNotReset/swapped","Output":"=== RUN   TestMissingSwappedOrUnboundDatabaseIsNotReset/swapped\n"}
{"Time":"2026-09-14T16:52:44.678363322+01:00","Action":"output","Package":"github.com/JohnnyPBelo/relayloom/native/profiledb","Test":"TestMissingSwappedOrUnboundDatabaseIsNotReset/swapped","Output":"--- PASS: TestMissingSwappedOrUnboundDatabaseIsNotReset/swapped (0.12s)\n"}
{"Time":"2026-09-14T16:52:44.678415009+01:00","Action":"pass","Package":"github.com/JohnnyPBelo/relayloom/native/profiledb","Test":"TestMissingSwappedOrUnboundDatabaseIsNotReset/swapped","Elapsed":0.12}
{"Time":"2026-09-14T16:52:44.678434355+01:00","Action":"run","Package":"github.com/JohnnyPBelo/relayloom/native/profiledb","Test":"TestMissingSwappedOrUnboundDatabaseIsNotReset/unbound"}
{"Time":"2026-09-14T16:52:44.678439545+01:00","Action":"output","Package":"github.com/JohnnyPBelo/relayloom/native/profiledb","Test":"TestMissingSwappedOrUnboundDatabaseIsNotReset/unbound","Output":"=== RUN   TestMissingSwappedOrUnboundDatabaseIsNotReset/unbound\n"}
{"Time":"2026-09-14T16:52:44.72158777+01:00","Action":"output","Package":"github.com/JohnnyPBelo/relayloom/native/profiledb","Test":"TestMissingSwappedOrUnboundDatabaseIsNotReset/unbound","Output":"--- PASS: TestMissingSwappedOrUnboundDatabaseIsNotReset/unbound (0.04s)\n"}
{"Time":"2026-09-14T16:52:44.72162498+01:00","Action":"pass","Package":"github.com/JohnnyPBelo/relayloom/native/profiledb","Test":"TestMissingSwappedOrUnboundDatabaseIsNotReset/unbound","Elapsed":0.04}
{"Time":"2026-09-14T16:52:44.721635229+01:00","Action":"output","Package":"github.com/JohnnyPBelo/relayloom/native/profiledb","Test":"TestMissingSwappedOrUnboundDatabaseIsNotReset","Output":"--- PASS: TestMissingSwappedOrUnboundDatabaseIsNotReset (0.25s)\n"}
{"Time":"2026-09-14T16:52:44.721639317+01:00","Action":"pass","Package":"github.com/JohnnyPBelo/relayloom/native/profiledb","Test":"TestMissingSwappedOrUnboundDatabaseIsNotReset","Elapsed":0.25}
{"Time":"2026-09-14T16:52:44.721643495+01:00","Action":"run","Package":"github.com/JohnnyPBelo/relayloom/native/profiledb","Test":"TestPreparedResumeAndChangedSourceRefusal"}
{"Time":"2026-09-14T16:52:44.721647111+01:00","Action":"output","Package":"github.com/JohnnyPBelo/relayloom/native/profiledb","Test":"TestPreparedResumeAndChangedSourceRefusal","Output":"=== RUN   TestPreparedResumeAndChangedSourceRefusal\n"}
{"Time":"2026-09-14T16:52:44.721700011+01:00","Action":"run","Package":"github.com/JohnnyPBelo/relayloom/native/profiledb","Test":"TestPreparedResumeAndChangedSourceRefusal/no-db"}
{"Time":"2026-09-14T16:52:44.721705661+01:00","Action":"output","Package":"github.com/JohnnyPBelo/relayloom/native/profiledb","Test":"TestPreparedResumeAndChangedSourceRefusal/no-db","Output":"=== RUN   TestPreparedResumeAndChangedSourceRefusal/no-db\n"}
{"Time":"2026-09-14T16:52:44.820004464+01:00","Action":"output","Package":"github.com/JohnnyPBelo/relayloom/native/profiledb","Test":"TestPreparedResumeAndChangedSourceRefusal/no-db","Output":"--- PASS: TestPreparedResumeAndChangedSourceRefusal/no-db (0.10s)\n"}
{"Time":"2026-09-14T16:52:44.820038908+01:00","Action":"pass","Package":"github.com/JohnnyPBelo/relayloom/native/profiledb","Test":"TestPreparedResumeAndChangedSourceRefusal/no-db","Elapsed":0.1}
{"Time":"2026-09-14T16:52:44.820052454+01:00","Action":"run","Package":"github.com/JohnnyPBelo/relayloom/native/profiledb","Test":"TestPreparedResumeAndChangedSourceRefusal/empty-db"}
{"Time":"2026-09-14T16:52:44.820056071+01:00","Action":"output","Package":"github.com/JohnnyPBelo/relayloom/native/profiledb","Test":"TestPreparedResumeAndChangedSourceRefusal/empty-db","Output":"=== RUN   TestPreparedResumeAndChangedSourceRefusal/empty-db\n"}
{"Time":"2026-09-14T16:52:44.934292213+01:00","Action":"output","Package":"github.com/JohnnyPBelo/relayloom/native/profiledb","Test":"TestPreparedResumeAndChangedSourceRefusal/empty-db","Output":"--- PASS: TestPreparedResumeAndChangedSourceRefusal/empty-db (0.11s)\n"}
{"Time":"2026-09-14T16:52:44.934435421+01:00","Action":"pass","Package":"github.com/JohnnyPBelo/relayloom/native/profiledb","Test":"TestPreparedResumeAndChangedSourceRefusal/empty-db","Elapsed":0.11}
{"Time":"2026-09-14T16:52:44.93451484+01:00","Action":"output","Package":"github.com/JohnnyPBelo/relayloom/native/profiledb","Test":"TestPreparedResumeAndChangedSourceRefusal","Output":"--- PASS: TestPreparedResumeAndChangedSourceRefusal (0.21s)\n"}
{"Time":"2026-09-14T16:52:44.934527204+01:00","Action":"pass","Package":"github.com/JohnnyPBelo/relayloom/native/profiledb","Test":"TestPreparedResumeAndChangedSourceRefusal","Elapsed":0.21}
{"Time":"2026-09-14T16:52:44.934539547+01:00","Action":"run","Package":"github.com/JohnnyPBelo/relayloom/native/profiledb","Test":"TestInitializationMarkerCannotBeDeletedThroughTransaction"}
{"Time":"2026-09-14T16:52:44.934544546+01:00","Action":"output","Package":"github.com/JohnnyPBelo/relayloom/native/profiledb","Test":"TestInitializationMarkerCannotBeDeletedThroughTransaction","Output":"=== RUN   TestInitializationMarkerCannotBeDeletedThroughTransaction\n"}
{"Time":"2026-09-14T16:52:45.052108127+01:00","Action":"output","Package":"github.com/JohnnyPBelo/relayloom/native/profiledb","Test":"TestInitializationMarkerCannotBeDeletedThroughTransaction","Output":"--- PASS: TestInitializationMarkerCannotBeDeletedThroughTransaction (0.12s)\n"}
{"Time":"2026-09-14T16:52:45.052148292+01:00","Action":"pass","Package":"github.com/JohnnyPBelo/relayloom/native/profiledb","Test":"TestInitializationMarkerCannotBeDeletedThroughTransaction","Elapsed":0.12}
{"Time":"2026-09-14T16:52:45.05215761+01:00","Action":"run","Package":"github.com/JohnnyPBelo/relayloom/native/profiledb","Test":"TestProfileDatabaseInteropFixture"}
{"Time":"2026-09-14T16:52:45.052161256+01:00","Action":"output","Package":"github.com/JohnnyPBelo/relayloom/native/profiledb","Test":"TestProfileDatabaseInteropFixture","Output":"=== RUN   TestProfileDatabaseInteropFixture\n"}
{"Time":"2026-09-14T16:52:45.052187355+01:00","Action":"output","Package":"github.com/JohnnyPBelo/relayloom/native/profiledb","Test":"TestProfileDatabaseInteropFixture","Output":"    worker_test.go:18: driven by the Node/Go private-state process test\n"}
{"Time":"2026-09-14T16:52:45.052238762+01:00","Action":"output","Package":"github.com/JohnnyPBelo/relayloom/native/profiledb","Test":"TestProfileDatabaseInteropFixture","Output":"--- SKIP: TestProfileDatabaseInteropFixture (0.00s)\n"}
{"Time":"2026-09-14T16:52:45.052256264+01:00","Action":"skip","Package":"github.com/JohnnyPBelo/relayloom/native/profiledb","Test":"TestProfileDatabaseInteropFixture","Elapsed":0}
{"Time":"2026-09-14T16:52:45.052263989+01:00","Action":"output","Package":"github.com/JohnnyPBelo/relayloom/native/profiledb","Output":"PASS\n"}
{"Time":"2026-09-14T16:52:46.058368305+01:00","Action":"output","Package":"github.com/JohnnyPBelo/relayloom/native/profiledb","Output":"ok  \tgithub.com/JohnnyPBelo/relayloom/native/profiledb\t1.733s\n"}
{"Time":"2026-09-14T16:52:46.058457522+01:00","Action":"pass","Package":"github.com/JohnnyPBelo/relayloom/native/profiledb","Elapsed":1.734}
{"Time":"2026-09-14T16:52:46.515024153+01:00","Action":"start","Package":"github.com/JohnnyPBelo/relayloom/native/sqlitedriver"}
{"Time":"2026-09-14T16:52:46.524807214+01:00","Action":"run","Package":"github.com/JohnnyPBelo/relayloom/native/sqlitedriver","Test":"TestSelectedDriverPreservesTransactionalBlobAndNoExtensionLoading"}
{"Time":"2026-09-14T16:52:46.524839805+01:00","Action":"output","Package":"github.com/JohnnyPBelo/relayloom/native/sqlitedriver","Test":"TestSelectedDriverPreservesTransactionalBlobAndNoExtensionLoading","Output":"=== RUN   TestSelectedDriverPreservesTransactionalBlobAndNoExtensionLoading\n"}
{"Time":"2026-09-14T16:52:46.545435178+01:00","Action":"output","Package":"github.com/JohnnyPBelo/relayloom/native/sqlitedriver","Test":"TestSelectedDriverPreservesTransactionalBlobAndNoExtensionLoading","Output":"--- PASS: TestSelectedDriverPreservesTransactionalBlobAndNoExtensionLoading (0.02s)\n"}
{"Time":"2026-09-14T16:52:46.545477247+01:00","Action":"pass","Package":"github.com/JohnnyPBelo/relayloom/native/sqlitedriver","Test":"TestSelectedDriverPreservesTransactionalBlobAndNoExtensionLoading","Elapsed":0.02}
{"Time":"2026-09-14T16:52:46.54550061+01:00","Action":"output","Package":"github.com/JohnnyPBelo/relayloom/native/sqlitedriver","Output":"PASS\n"}
{"Time":"2026-09-14T16:52:47.547324511+01:00","Action":"output","Package":"github.com/JohnnyPBelo/relayloom/native/sqlitedriver","Output":"ok  \tgithub.com/JohnnyPBelo/relayloom/native/sqlitedriver\t1.032s\n"}
{"Time":"2026-09-14T16:52:47.547366019+01:00","Action":"pass","Package":"github.com/JohnnyPBelo/relayloom/native/sqlitedriver","Elapsed":1.032}
