TAP version 13
# Subtest: browser CI partition rejects omitted, duplicated and empty coverage with a complete positive control
ok 1 - browser CI partition rejects omitted, duplicated and empty coverage with a complete positive control
  ---
  duration_ms: 1.592296
  type: 'test'
  ...
# Subtest: Node bundle creation derives expiry from one clock observation even when the clock advances between reads
ok 2 - Node bundle creation derives expiry from one clock observation even when the clock advances between reads
  ---
  duration_ms: 7.903279
  type: 'test'
  ...
# Subtest: automatic reservations survive restart and count pressure without becoming manual pins
ok 3 - automatic reservations survive restart and count pressure without becoming manual pins
  ---
  duration_ms: 82.633728
  type: 'test'
  ...
# Subtest: byte quota refusal is atomic with a reserved payload and preserves unrelated stored bytes
ok 4 - byte quota refusal is atomic with a reserved payload and preserves unrelated stored bytes
  ---
  duration_ms: 143.356002
  type: 'test'
  ...
# Subtest: reservation does not extend signed expiry
ok 5 - reservation does not extend signed expiry
  ---
  duration_ms: 62.119554
  type: 'test'
  ...
# Subtest: unknown or corrupt reservation input cannot partially release a valid reservation
ok 6 - unknown or corrupt reservation input cannot partially release a valid reservation
  ---
  duration_ms: 79.493099
  type: 'test'
  ...
# Subtest: failed reservation index write protects the union until explicit reconciliation
ok 7 - failed reservation index write protects the union until explicit reconciliation
  ---
  duration_ms: 115.335344
  type: 'test'
  ...
# Subtest: duplicate reserved insertion at the count limit preserves a manual pin and verifies stored bytes
ok 8 - duplicate reserved insertion at the count limit preserves a manual pin and verifies stored bytes
  ---
  duration_ms: 56.77867
  type: 'test'
  ...
# Subtest: contact rows use the established Node/Go DM reader-address wire format before the first send
ok 9 - contact rows use the established Node/Go DM reader-address wire format before the first send
  ---
  duration_ms: 1.607273
  type: 'test'
  ...
# Subtest: a repeated own reader remains one reader in the DM address
ok 10 - a repeated own reader remains one reader in the DM address
  ---
  duration_ms: 0.245891
  type: 'test'
  ...
# Subtest: fixed envelope time preserves the saved deadline while nonce identity still requires durable retention
ok 11 - fixed envelope time preserves the saved deadline while nonce identity still requires durable retention
  ---
  duration_ms: 142.193813
  type: 'test'
  ...
# Subtest: Node and portable fixed clocks reject invalid/overflowing dates and unrelated secrets before producing a bundle
ok 12 - Node and portable fixed clocks reject invalid/overflowing dates and unrelated secrets before producing a bundle
  ---
  duration_ms: 6.670708
  type: 'test'
  ...
# Subtest: Node and portable fixed envelopes verify in a real Go process; Go ciphertext decrypts in both adapters
ok 13 - Node and portable fixed envelopes verify in a real Go process; Go ciphertext decrypts in both adapters
  ---
  duration_ms: 1062.281043
  type: 'test'
  ...
# Subtest: historical storage reads authenticate expired bytes without priming the live manifest cache
ok 14 - historical storage reads authenticate expired bytes without priming the live manifest cache
  ---
  duration_ms: 43.851241
  type: 'test'
  ...
# (node:346132) ExperimentalWarning: The MockTimers API is an experimental feature and might change at any time
# (Use `node --trace-warnings ...` to show where the warning was created)
# Subtest: identity proof binds signing address, name and decryption key
ok 15 - identity proof binds signing address, name and decryption key
  ---
  duration_ms: 3.026806
  type: 'test'
  ...
# Subtest: vault encrypts private keys; recovery and wrong-password controls
ok 16 - vault encrypts private keys; recovery and wrong-password controls
  ---
  duration_ms: 236.024095
  type: 'test'
  ...
# Subtest: reader decrypts and seeds but cannot become author; unauthorized reader fails
ok 17 - reader decrypts and seeds but cannot become author; unauthorized reader fails
  ---
  duration_ms: 6.022512
  type: 'test'
  ...
# Subtest: ciphertext, manifest, expiry, depth and address negative controls
ok 18 - ciphertext, manifest, expiry, depth and address negative controls
  ---
  duration_ms: 14.9811
  type: 'test'
  ...
# Subtest: encrypted persistent seed takeover, deduplication, pin/quota, disk corruption
ok 19 - encrypted persistent seed takeover, deduplication, pin/quota, disk corruption
  ---
  duration_ms: 37.262337
  type: 'test'
  ...
# Subtest: object-count cap bounds small-object floods, survives restart and preserves pinned content
ok 20 - object-count cap bounds small-object floods, survives restart and preserves pinned content
  ---
  duration_ms: 215.431012
  type: 'test'
  ...
# Subtest: metadata listing does not replace real viewing order in LRU eviction
ok 21 - metadata listing does not replace real viewing order in LRU eviction
  ---
  duration_ms: 47.531962
  type: 'test'
  ...
# Subtest: cached manifest metadata is isolated, invalidated by disk changes, and never bypasses get verification
ok 22 - cached manifest metadata is isolated, invalidated by disk changes, and never bypasses get verification
  ---
  duration_ms: 22.609793
  type: 'test'
  ...
# Subtest: rejected quota decrease preserves existing files and policy; feasible decrease evicts only unpinned content
ok 23 - rejected quota decrease preserves existing files and policy; feasible decrease evicts only unpinned content
  ---
  duration_ms: 162.868849
  type: 'test'
  ...
# Subtest: invalid persisted index fails safely without deleting verified objects
ok 24 - invalid persisted index fails safely without deleting verified objects
  ---
  duration_ms: 21.092869
  type: 'test'
  ...
# Subtest: strict wire fields and every recipient envelope are validated before accepting signatures
ok 25 - strict wire fields and every recipient envelope are validated before accepting signatures
  ---
  duration_ms: 3.91457
  type: 'test'
  ...
# Subtest: desktop accepts only the owned daemon loopback bootstrap capability
ok 26 - desktop accepts only the owned daemon loopback bootstrap capability
  ---
  duration_ms: 1.209568
  type: 'test'
  ...
# Subtest: desktop request policy blocks other hosts, ports, schemes, subframes and WebSockets
ok 27 - desktop request policy blocks other hosts, ports, schemes, subframes and WebSockets
  ---
  duration_ms: 0.280216
  type: 'test'
  ...
# Subtest: desktop navigation stays on its exact local app and rejects insecure runtime overrides
ok 28 - desktop navigation stays on its exact local app and rejects insecure runtime overrides
  ---
  duration_ms: 0.982362
  type: 'test'
  ...
# Subtest: desktop microphone eligibility excludes cameras, remote documents and subframes
ok 29 - desktop microphone eligibility excludes cameras, remote documents and subframes
  ---
  duration_ms: 0.241082
  type: 'test'
  ...
# Subtest: desktop download defaults cannot contain paths, device names or control bytes
ok 30 - desktop download defaults cannot contain paths, device names or control bytes
  ---
  duration_ms: 0.34683
  type: 'test'
  ...
# Subtest: fixture stop is idempotent after process termination by signal
ok 31 - fixture stop is idempotent after process termination by signal
  ---
  duration_ms: 285.404933
  type: 'test'
  ...
# (node:346226) ExperimentalWarning: SQLite is an experimental feature and might change at any time
# (Use `node --trace-warnings ...` to show where the warning was created)
# Subtest: current and additions-only delayed messages preserve exact old readers without granting newcomer history
ok 32 - current and additions-only delayed messages preserve exact old readers without granting newcomer history
  ---
  duration_ms: 1269.689503
  type: 'test'
  ...
# Subtest: removal and rejoin quarantine unseen old content while retaining only exact accepted history
ok 33 - removal and rejoin quarantine unseen old content while retaining only exact accepted history
  ---
  duration_ms: 1048.34823
  type: 'test'
  ...
# Subtest: historical receipts from a removed original reader are minimal and cannot admit an unknown target
ok 34 - historical receipts from a removed original reader are minimal and cannot admit an unknown target
  ---
  duration_ms: 520.093003
  type: 'test'
  ...
# Subtest: group tags cannot hide as falsy legacy fields and cached policy cannot escape its transaction
ok 35 - group tags cannot hide as falsy legacy fields and cached policy cannot escape its transaction
  ---
  duration_ms: 72.409407
  type: 'test'
  ...
# Subtest: a closure within the same transaction invalidates earlier cached permission
ok 36 - a closure within the same transaction invalidates earlier cached permission
  ---
  duration_ms: 110.832832
  type: 'test'
  ...
# Subtest: a new edit to old content uses only the original/current reader intersection
ok 37 - a new edit to old content uses only the original/current reader intersection
  ---
  duration_ms: 1338.643402
  type: 'test'
  ...
# (node:346749) ExperimentalWarning: SQLite is an experimental feature and might change at any time
# (Use `node --trace-warnings ...` to show where the warning was created)
# Subtest: an API observation cannot display an admission whose outer transaction rolled back
ok 38 - an API observation cannot display an admission whose outer transaction rolled back
  ---
  duration_ms: 474.967091
  type: 'test'
  ...
# Subtest: a historical delete and its accepted context recover together after lost commit response and real cache removal
ok 39 - a historical delete and its accepted context recover together after lost commit response and real cache removal
  ---
  duration_ms: 707.382991
  type: 'test'
  ...
# Subtest: failure to reserve quarantine bytes aborts the hold and locks until authenticated reconciliation succeeds
ok 40 - failure to reserve quarantine bytes aborts the hold and locks until authenticated reconciliation succeeds
  ---
  duration_ms: 583.978888
  type: 'test'
  ...
# Subtest: an unavailable quarantined blob cannot block admission of another valid group object
ok 41 - an unavailable quarantined blob cannot block admission of another valid group object
  ---
  duration_ms: 502.786594
  type: 'test'
  ...
# Subtest: authenticated history with an expiry inconsistent with its signed bundle is rejected
ok 42 - authenticated history with an expiry inconsistent with its signed bundle is rejected
  ---
  duration_ms: 476.311452
  type: 'test'
  ...
# (node:347346) ExperimentalWarning: SQLite is an experimental feature and might change at any time
# (Use `node --trace-warnings ...` to show where the warning was created)
# Subtest: an unchanged group snapshot walks its authority chain once, and a later closure still invalidates new admission
ok 43 - an unchanged group snapshot walks its authority chain once, and a later closure still invalidates new admission
  ---
  duration_ms: 10038.070348
  type: 'test'
  ...
# {"retainedObjects":32,"epochs":32,"visitedHeaders":32,"elapsedMs":104.74829300000056}
# Subtest: real Node receivers hold epoch content until its snapshot arrives and keep only accepted history after closure
ok 44 - real Node receivers hold epoch content until its snapshot arrives and keep only accepted history after closure
  ---
  duration_ms: 5686.780874
  type: 'test'
  ...
# (node:350182) ExperimentalWarning: SQLite is an experimental feature and might change at any time
# (Use `node --trace-warnings ...` to show where the warning was created)
# Subtest: control expiry rejects replay while the signed authority checkpoint survives
ok 45 - control expiry rejects replay while the signed authority checkpoint survives
  ---
  duration_ms: 74.496431
  type: 'test'
  ...
# Subtest: a reader may seal a creator snapshot for its exact original roster without gaining authority
ok 46 - a reader may seal a creator snapshot for its exact original roster without gaining authority
  ---
  duration_ms: 507.8945
  type: 'test'
  ...
# Subtest: removed readers receive their removal boundary but cannot enumerate future membership or request future snapshots
ok 47 - removed readers receive their removal boundary but cannot enumerate future membership or request future snapshots
  ---
  duration_ms: 825.899259
  type: 'test'
  ...
# Subtest: invitation authorizes bounded public ancestry, never a private snapshot before membership
ok 48 - invitation authorizes bounded public ancestry, never a private snapshot before membership
  ---
  duration_ms: 96.978194
  type: 'test'
  ...
# Subtest: carrier schema keeps malformed proof tails for the transactional verifier while bounding inputs
ok 49 - carrier schema keeps malformed proof tails for the transactional verifier while bounding inputs
  ---
  duration_ms: 442.229118
  type: 'test'
  ...
# Subtest: fork proofs are served together and private snapshots at the fork are not re-encrypted
ok 50 - fork proofs are served together and private snapshots at the fork are not re-encrypted
  ---
  duration_ms: 524.977801
  type: 'test'
  ...
# Subtest: newcomer validates exact join consent from signed parent header without old snapshot keys
ok 51 - newcomer validates exact join consent from signed parent header without old snapshot keys
  ---
  duration_ms: 55.89345
  type: 'test'
  ...
# Subtest: permanent group anchor has real creator signature, exact schema and separate carrier identity
ok 52 - permanent group anchor has real creator signature, exact schema and separate carrier identity
  ---
  duration_ms: 7.379095
  type: 'test'
  ...
# Subtest: invitation and signed consent do not alter roster until the creator commits the exact parent
ok 53 - invitation and signed consent do not alter roster until the creator commits the exact parent
  ---
  duration_ms: 27.923546
  type: 'test'
  ...
# Subtest: newcomer reads real new ciphertext without obtaining historical keys; removed reader cannot read new content
ok 54 - newcomer reads real new ciphertext without obtaining historical keys; removed reader cannot read new content
  ---
  duration_ms: 49.250164
  type: 'test'
  ...
# Subtest: stale, substituted, missing or extra member consents cannot commit a roster
ok 55 - stale, substituted, missing or extra member consents cannot commit a roster
  ---
  duration_ms: 55.753368
  type: 'test'
  ...
# Subtest: removal and rejoin remain restrictive across the complete path even with identical final cards
ok 56 - removal and rejoin remain restrictive across the complete path even with identical final cards
  ---
  duration_ms: 53.703403
  type: 'test'
  ...
# Subtest: creator reading-card replacement preserves signing authority but requires fresh signed consent
ok 57 - creator reading-card replacement preserves signing authority but requires fresh signed consent
  ---
  duration_ms: 39.570826
  type: 'test'
  ...
# Subtest: signed schema tampering, roster duplication, invalid order and snapshot substitution fail
ok 58 - signed schema tampering, roster duplication, invalid order and snapshot substitution fail
  ---
  duration_ms: 27.691401
  type: 'test'
  ...
# Subtest: closure preserves the committed historical state and reserves the final epoch
ok 59 - closure preserves the committed historical state and reserves the final epoch
  ---
  duration_ms: 39.04519
  type: 'test'
  ...
# Subtest: a valid creator fork cannot masquerade as a contiguous successor or grant reader authority
ok 60 - a valid creator fork cannot masquerade as a contiguous successor or grant reader authority
  ---
  duration_ms: 37.400916
  type: 'test'
  ...
# Subtest: full 64-member roster is bounded; capacity and title failures do not mutate its parent
ok 61 - full 64-member roster is bounded; capacity and title failures do not mutate its parent
  ---
  duration_ms: 518.782636
  type: 'test'
  ...
# Subtest: member leave is a signed request with no direct roster effect and cannot replace creator closure
ok 62 - member leave is a signed request with no direct roster effect and cannot replace creator closure
  ---
  duration_ms: 35.558932
  type: 'test'
  ...
# (node:350369) ExperimentalWarning: SQLite is an experimental feature and might change at any time
# (Use `node --trace-warnings ...` to show where the warning was created)
# Subtest: group confirmation rollback cannot transmit before successful admission
ok 63 - group confirmation rollback cannot transmit before successful admission
  ---
  duration_ms: 4486.752446
  type: 'test'
  ...
# Subtest: group confirmation lost commit response cannot transmit before successful admission
ok 64 - group confirmation lost commit response cannot transmit before successful admission
  ---
  duration_ms: 4447.105898
  type: 'test'
  ...
# Subtest: blocked readers and missing original bytes cannot mint a group read fact
ok 65 - blocked readers and missing original bytes cannot mint a group read fact
  ---
  duration_ms: 4194.520441
  type: 'test'
  ...
# Subtest: missing historical group proof pauses confirmation until verified proof is restored
ok 66 - missing historical group proof pauses confirmation until verified proof is restored
  ---
  duration_ms: 4771.654455
  type: 'test'
  ...
# Subtest: real Node group automatic delivery and historical read after closure retain original audience
ok 67 - real Node group automatic delivery and historical read after closure retain original audience
  ---
  duration_ms: 6461.053092
  type: 'test'
  ...
# Subtest: opaque Node relay rejects public, oversized and excessive-lifetime controls before storage and forwarding
ok 68 - opaque Node relay rejects public, oversized and excessive-lifetime controls before storage and forwarding
  ---
  duration_ms: 1582.992456
  type: 'test'
  ...
# (node:352651) ExperimentalWarning: SQLite is an experimental feature and might change at any time
# (Use `node --trace-warnings ...` to show where the warning was created)
# Subtest: proof no-op optimisation still checks recipient scope, snapshot bytes and local participation
ok 69 - proof no-op optimisation still checks recipient scope, snapshot bytes and local participation
  ---
  duration_ms: 584.717383
  type: 'test'
  ...
# Subtest: verified cached proof replay avoids authority reapplication but still adopts a new safety header before a bad snapshot
ok 70 - verified cached proof replay avoids authority reapplication but still adopts a new safety header before a bad snapshot
  ---
  duration_ms: 2280.076796
  type: 'test'
  ...
# {"replayed":11,"applications":0,"unlockMs":488.82660799999985}
# (node:352852) ExperimentalWarning: SQLite is an experimental feature and might change at any time
# (Use `node --trace-warnings ...` to show where the warning was created)
# Subtest: group event admission rollback cannot release bytes early
ok 71 - group event admission rollback cannot release bytes early
  ---
  duration_ms: 4553.543849
  type: 'test'
  ...
# Subtest: group event admission lost response cannot release bytes early
ok 72 - group event admission lost response cannot release bytes early
  ---
  duration_ms: 4513.727794
  type: 'test'
  ...
# Subtest: group event content-store failure before payload write preserves honest availability
ok 73 - group event content-store failure before payload write preserves honest availability
  ---
  duration_ms: 4342.304446
  type: 'test'
  ...
# Subtest: group event content-store failure after payload write preserves honest availability
ok 74 - group event content-store failure after payload write preserves honest availability
  ---
  duration_ms: 4328.01846
  type: 'test'
  ...
# Subtest: group event close retires retained packets and refuses later serving with a reachable control
ok 75 - group event close retires retained packets and refuses later serving with a reachable control
  ---
  duration_ms: 4632.185442
  type: 'test'
  ...
# Subtest: group event block retires retained packets and refuses later serving with a reachable control
ok 76 - group event block retires retained packets and refuses later serving with a reachable control
  ---
  duration_ms: 4338.302672
  type: 'test'
  ...
# Subtest: group event lock retires retained packets and refuses later serving with a reachable control
ok 77 - group event lock retires retained packets and refuses later serving with a reachable control
  ---
  duration_ms: 4176.739863
  type: 'test'
  ...
# Subtest: group event evicted retires retained packets and refuses later serving with a reachable control
ok 78 - group event evicted retires retained packets and refuses later serving with a reachable control
  ---
  duration_ms: 4555.318907
  type: 'test'
  ...
# Subtest: missing historical target proof pauses new event publication and seeding until exact proof returns
ok 79 - missing historical target proof pauses new event publication and seeding until exact proof returns
  ---
  duration_ms: 4781.884948
  type: 'test'
  ...
# Subtest: corrupt stored event cannot authorise a valid retained packet; exact bytes restore serving
ok 80 - corrupt stored event cannot authorise a valid retained packet; exact bytes restore serving
  ---
  duration_ms: 5102.289144
  type: 'test'
  ...
# Subtest: real Node group newcomer cannot read earlier audiences; peer serves author's edit while author is offline
ok 81 - real Node group newcomer cannot read earlier audiences; peer serves author's edit while author is offline
  ---
  duration_ms: 22160.657167
  type: 'test'
  ...
# Subtest: real Node group reactions/comments/author edits and historical deletion preserve signing ownership
ok 82 - real Node group reactions/comments/author edits and historical deletion preserve signing ownership
  ---
  duration_ms: 7412.304356
  type: 'test'
  ...
# (node:360027) ExperimentalWarning: SQLite is an experimental feature and might change at any time
# (Use `node --trace-warnings ...` to show where the warning was created)
# Subtest: an index consuming stop headroom is refused without changing existing data
ok 83 - an index consuming stop headroom is refused without changing existing data
  ---
  duration_ms: 856.324565
  type: 'test'
  ...
# Subtest: ordinary index growth stops before the protected checkpoint allocation is consumed
ok 84 - ordinary index growth stops before the protected checkpoint allocation is consumed
  ---
  duration_ms: 2855.060468
  type: 'test'
  ...
# (node:360358) ExperimentalWarning: SQLite is an experimental feature and might change at any time
# (Use `node --trace-warnings ...` to show where the warning was created)
# Subtest: stop reads share one validated snapshot but invalidate on mutation and scope exit
ok 85 - stop reads share one validated snapshot but invalidate on mutation and scope exit
  ---
  duration_ms: 151.60062
  type: 'test'
  ...
# Subtest: all256 immutable stops fit; retirement preserves retained facts and counts only removed records
ok 86 - all256 immutable stops fit; retirement preserves retained facts and counts only removed records
  ---
  duration_ms: 3223.144144
  type: 'test'
  ...
# Subtest: expired holds have counted removal and malformed counters cannot be used as valid state
ok 87 - expired holds have counted removal and malformed counters cannot be used as valid state
  ---
  duration_ms: 68.711464
  type: 'test'
  ...
# (node:360708) ExperimentalWarning: SQLite is an experimental feature and might change at any time
# (Use `node --trace-warnings ...` to show where the warning was created)
# Subtest: accepted history is authenticated and unknown old content stays separately held after removal
ok 88 - accepted history is authenticated and unknown old content stays separately held after removal
  ---
  duration_ms: 739.11592
  type: 'test'
  ...
# Subtest: group closure and immutable outbox stop commit together and callback failure rolls both back
ok 89 - group closure and immutable outbox stop commit together and callback failure rolls both back
  ---
  duration_ms: 144.850474
  type: 'test'
  ...
# Subtest: historical receipt uses only a locally persisted accepted target, never an ID supplied by its sender
ok 90 - historical receipt uses only a locally persisted accepted target, never an ID supplied by its sender
  ---
  duration_ms: 561.210167
  type: 'test'
  ...
# Subtest: missing observation clock or malformed authenticated context cannot grant historical access
ok 91 - missing observation clock or malformed authenticated context cannot grant historical access
  ---
  duration_ms: 85.320636
  type: 'test'
  ...
# Subtest: quarantine byte quota uses actual signed ciphertext sizes and refuses overflow
ok 92 - quarantine byte quota uses actual signed ciphertext sizes and refuses overflow
  ---
  duration_ms: 1018.651087
  type: 'test'
  ...
# Subtest: minimal outbox stop survives exhausted ordinary space without rewriting private content
ok 93 - minimal outbox stop survives exhausted ordinary space without rewriting private content
  ---
  duration_ms: 110.015268
  type: 'test'
  ...
# Subtest: ledger readers cannot escape the borrowed scope, even when every collection is empty
ok 94 - ledger readers cannot escape the borrowed scope, even when every collection is empty
  ---
  duration_ms: 17.437264
  type: 'test'
  ...
# Subtest: the authority reserve also accommodates every retained outbox stop
ok 95 - the authority reserve also accommodates every retained outbox stop
  ---
  duration_ms: 182.73628
  type: 'test'
  ...
# Subtest: quarantine count remains bounded and replay does not consume another slot
ok 96 - quarantine count remains bounded and replay does not consume another slot
  ---
  duration_ms: 2616.313729
  type: 'test'
  ...
# Subtest: full4096 history respects protected records and retains the exact accepted count on retirement
ok 97 - full4096 history respects protected records and retains the exact accepted count on retirement
  ---
  duration_ms: 38449.146458
  type: 'test'
  ...
# Subtest: Node invitation API retains exact delivery material, bounds pending notices and preserves closure
ok 98 - Node invitation API retains exact delivery material, bounds pending notices and preserves closure
  ---
  duration_ms: 17089.575746
  type: 'test'
  ...
# Subtest: real Node notices deliver invitation, explicit consent and leave without automatic group admission
ok 99 - real Node notices deliver invitation, explicit consent and leave without automatic group admission
  ---
  duration_ms: 3348.745266
  type: 'test'
  ...
# (node:364248) ExperimentalWarning: SQLite is an experimental feature and might change at any time
# (Use `node --trace-warnings ...` to show where the warning was created)
# Subtest: Node replays notice safety headers before sending, blocked source=false
ok 100 - Node replays notice safety headers before sending, blocked source=false
  ---
  duration_ms: 5373.822529
  type: 'test'
  ...
# Subtest: Node replays notice safety headers before sending, blocked source=true
ok 101 - Node replays notice safety headers before sending, blocked source=true
  ---
  duration_ms: 4979.537586
  type: 'test'
  ...
# (node:364819) ExperimentalWarning: SQLite is an experimental feature and might change at any time
# (Use `node --trace-warnings ...` to show where the warning was created)
# Subtest: opaque Node seeder delivers invitation and consent after each original author stops
ok 102 - opaque Node seeder delivers invitation and consent after each original author stops
  ---
  duration_ms: 4033.909256
  type: 'test'
  ...
# (node:365158) ExperimentalWarning: SQLite is an experimental feature and might change at any time
# (Use `node --trace-warnings ...` to show where the warning was created)
# Subtest: private notices bind invitation, consent and leave without conferring signing ownership or local admission
ok 103 - private notices bind invitation, consent and leave without conferring signing ownership or local admission
  ---
  duration_ms: 518.071592
  type: 'test'
  ...
# Subtest: invitation result and exact delivery card commit together and survive reopening encrypted SQLite
ok 104 - invitation result and exact delivery card commit together and survive reopening encrypted SQLite
  ---
  duration_ms: 120.242384
  type: 'test'
  ...
# Subtest: issuer quota, duplicate reads and dismissal replay memory stay bounded without changing group state
ok 105 - issuer quota, duplicate reads and dismissal replay memory stay bounded without changing group state
  ---
  duration_ms: 536.258934
  type: 'test'
  ...
# Subtest: finite notice history retires oldest entries without making a replay local consent
ok 106 - finite notice history retires oldest entries without making a replay local consent
  ---
  duration_ms: 5907.905182
  type: 'test'
  ...
# Subtest: authenticated malformed notice metadata aborts the outer transaction even if its error is caught
ok 107 - authenticated malformed notice metadata aborts the outer transaction even if its error is caught
  ---
  duration_ms: 93.080455
  type: 'test'
  ...
# Subtest: failed dismissal cannot lose an invitation when the caller swallows the write error
ok 108 - failed dismissal cannot lose an invitation when the caller swallows the write error
  ---
  duration_ms: 90.167083
  type: 'test'
  ...
# (node:365456) ExperimentalWarning: SQLite is an experimental feature and might change at any time
# (Use `node --trace-warnings ...` to show where the warning was created)
# Subtest: missing private proof pauses a valid reserved send without losing availability, then releases its obsolete hold
ok 109 - missing private proof pauses a valid reserved send without losing availability, then releases its obsolete hold
  ---
  duration_ms: 1549.715521
  type: 'test'
  ...
# Subtest: runtime closure persists the minimal stop without rewriting the private document and releases only automatic protection
ok 110 - runtime closure persists the minimal stop without rewriting the private document and releases only automatic protection
  ---
  duration_ms: 1522.690679
  type: 'test'
  ...
# Subtest: runtime group stop and closure recover together after rollback
ok 111 - runtime group stop and closure recover together after rollback
  ---
  duration_ms: 978.133086
  type: 'test'
  ...
# Subtest: runtime group stop and closure recover together after lost commit response
ok 112 - runtime group stop and closure recover together after lost commit response
  ---
  duration_ms: 849.066426
  type: 'test'
  ...
# Subtest: full normal database quota still commits a group stop while the ordinary growth control fails
ok 113 - full normal database quota still commits a group stop while the ordinary growth control fails
  ---
  duration_ms: 1965.666828
  type: 'test'
  ...
# Subtest: forged stop mirror, mismatched binding and orphan stop all fail authenticated reopening
    # Subtest: mirror
    ok 1 - mirror
      ---
      duration_ms: 837.94288
      type: 'test'
      ...
    # Subtest: binding
    ok 2 - binding
      ---
      duration_ms: 968.144117
      type: 'test'
      ...
    # Subtest: orphan
    ok 3 - orphan
      ---
      duration_ms: 947.389973
      type: 'test'
      ...
    1..3
ok 114 - forged stop mirror, mismatched binding and orphan stop all fail authenticated reopening
  ---
  duration_ms: 2754.674996
  type: 'test'
  ...
# Subtest: bounded stopped entries coexist with 128 new pending operations; half bindings and extra fields fail
ok 115 - bounded stopped entries coexist with 128 new pending operations; half bindings and extra fields fail
  ---
  duration_ms: 821.149873
  type: 'test'
  ...
# Subtest: a restrictive prefix with an invalid tail stops the runtime intent in its accepted transaction
ok 116 - a restrictive prefix with an invalid tail stops the runtime intent in its accepted transaction
  ---
  duration_ms: 887.011834
  type: 'test'
  ...
# Subtest: stop retirement and removal of the corresponding intent share a private commit
ok 117 - stop retirement and removal of the corresponding intent share a private commit
  ---
  duration_ms: 1251.627998
  type: 'test'
  ...
# Subtest: runtime stop cancels its existing transport queue
ok 118 - runtime stop cancels its existing transport queue
  ---
  duration_ms: 1353.260529
  type: 'test'
  ...
# Subtest: runtime negative control delivers its existing transport queue
ok 119 - runtime negative control delivers its existing transport queue
  ---
  duration_ms: 1243.268815
  type: 'test'
  ...
# Subtest: real TCP cache request checks active author authority even after delivery completed
ok 120 - real TCP cache request checks active author authority even after delivery completed
  ---
  duration_ms: 1778.091415
  type: 'test'
  ...
# Subtest: real TCP cache request checks closed author authority even after delivery completed
ok 121 - real TCP cache request checks closed author authority even after delivery completed
  ---
  duration_ms: 1763.590887
  type: 'test'
  ...
# Subtest: real TCP cache request checks locked author authority even after delivery completed
ok 122 - real TCP cache request checks locked author authority even after delivery completed
  ---
  duration_ms: 1454.678718
  type: 'test'
  ...
# (node:366788) ExperimentalWarning: SQLite is an experimental feature and might change at any time
# (Use `node --trace-warnings ...` to show where the warning was created)
# Subtest: repeated authority reads share verified checkpoint work only inside an unchanged transaction
ok 123 - repeated authority reads share verified checkpoint work only inside an unchanged transaction
  ---
  duration_ms: 76.221274
  type: 'test'
  ...
# Subtest: a write after a cached read revalidates corruption and aborts the outer transaction
ok 124 - a write after a cached read revalidates corruption and aborts the outer transaction
  ---
  duration_ms: 53.582728
  type: 'test'
  ...
# Subtest: a closure in the same authority scope invalidates an earlier active view
ok 125 - a closure in the same authority scope invalidates an earlier active view
  ---
  duration_ms: 95.847183
  type: 'test'
  ...
# Subtest: a cached checkpoint cannot hide deletion of its referenced epoch: proof
ok 126 - a cached checkpoint cannot hide deletion of its referenced epoch: proof
  ---
  duration_ms: 39.73305
  type: 'test'
  ...
# Subtest: a cached checkpoint cannot hide deletion of its referenced snapshot: proof
ok 127 - a cached checkpoint cannot hide deletion of its referenced snapshot: proof
  ---
  duration_ms: 44.030267
  type: 'test'
  ...
# Subtest: the scoped checkpoint work cache evicts old groups instead of retaining every read
ok 128 - the scoped checkpoint work cache evicts old groups instead of retaining every read
  ---
  duration_ms: 188.59786
  type: 'test'
  ...
# (node:366846) ExperimentalWarning: SQLite is an experimental feature and might change at any time
# (Use `node --trace-warnings ...` to show where the warning was created)
# Subtest: creator state is encrypted, permanent and idempotent while its operation is retained
ok 129 - creator state is encrypted, permanent and idempotent while its operation is retained
  ---
  duration_ms: 77.933044
  type: 'test'
  ...
# Subtest: explicit invitation needs complete ancestry and fresh consent before local membership
ok 130 - explicit invitation needs complete ancestry and fresh consent before local membership
  ---
  duration_ms: 349.239773
  type: 'test'
  ...
# Subtest: unknown groups, invalid signer and signed orphan hints cannot allocate, advance or freeze authority
ok 131 - unknown groups, invalid signer and signed orphan hints cannot allocate, advance or freeze authority
  ---
  duration_ms: 99.908909
  type: 'test'
  ...
# Subtest: an incumbent cannot skip an invalid intermediate membership snapshot
ok 132 - an incumbent cannot skip an invalid intermediate membership snapshot
  ---
  duration_ms: 187.983028
  type: 'test'
  ...
# Subtest: creator equivocation freezes durably; stale hints do not choose or erase a branch
ok 133 - creator equivocation freezes durably; stale hints do not choose or erase a branch
  ---
  duration_ms: 156.563787
  type: 'test'
  ...
# Subtest: local leave survives restart and old consent replay; reentry requires a new committed nonce
ok 134 - local leave survives restart and old consent replay; reentry requires a new committed nonce
  ---
  duration_ms: 753.955183
  type: 'test'
  ...
# Subtest: a late join response cannot restore membership across a subsequent removal
ok 135 - a late join response cannot restore membership across a subsequent removal
  ---
  duration_ms: 282.237294
  type: 'test'
  ...
# Subtest: storage pressure persists a stop checkpoint instead of using an obsolete roster
ok 136 - storage pressure persists a stop checkpoint instead of using an obsolete roster
  ---
  duration_ms: 86.73578
  type: 'test'
  ...
# Subtest: closure and a stale expected parent cannot create a successor or bypass idempotency
ok 137 - closure and a stale expected parent cannot create a successor or bypass idempotency
  ---
  duration_ms: 153.847072
  type: 'test'
  ...
# Subtest: 64 remembered groups are retained; capacity is not reset by closing them
ok 138 - 64 remembered groups are retained; capacity is not reset by closing them
  ---
  duration_ms: 1696.753817
  type: 'test'
  ...
# Subtest: two real creator processes use compare-and-set and cannot commit siblings in one registry
ok 139 - two real creator processes use compare-and-set and cannot commit siblings in one registry
  ---
  duration_ms: 230.748202
  type: 'test'
  ...
# Subtest: real process crashes preserve atomic authority and the original operation after a lost response
ok 140 - real process crashes preserve atomic authority and the original operation after a lost response
  ---
  duration_ms: 391.344329
  type: 'test'
  ...
# Subtest: later snapshots wait for a missing intermediate state and activate after its verified arrival
ok 141 - later snapshots wait for a missing intermediate state and activate after its verified arrival
  ---
  duration_ms: 566.565719
  type: 'test'
  ...
# Subtest: capacity recovery adopts the exact stopped header and still needs its private state
ok 142 - capacity recovery adopts the exact stopped header and still needs its private state
  ---
  duration_ms: 160.975869
  type: 'test'
  ...
# Subtest: snapshot capacity stops survive restart; freeing space alone cannot reactivate membership
ok 143 - snapshot capacity stops survive restart; freeing space alone cannot reactivate membership
  ---
  duration_ms: 151.468002
  type: 'test'
  ...
# Subtest: a real sibling proof during capacity suspension freezes permanently and is retrievable
ok 144 - a real sibling proof during capacity suspension freezes permanently and is retrievable
  ---
  duration_ms: 117.484543
  type: 'test'
  ...
# Subtest: finite operation retention follows authenticated revisions and leaves group proofs intact
ok 145 - finite operation retention follows authenticated revisions and leaves group proofs intact
  ---
  duration_ms: 4445.096952
  type: 'test'
  ...
# Subtest: authenticated but malformed authority records fail closed instead of trusting falsy fields or cursors
ok 146 - authenticated but malformed authority records fail closed instead of trusting falsy fields or cursors
  ---
  duration_ms: 118.481853
  type: 'test'
  ...
# Subtest: corrupt retained operation cannot fabricate a successful response
ok 147 - corrupt retained operation cannot fabricate a successful response
  ---
  duration_ms: 26.151554
  type: 'test'
  ...
# Subtest: local leave and creator closure remain durable under full ordinary metadata capacity
ok 148 - local leave and creator closure remain durable under full ordinary metadata capacity
  ---
  duration_ms: 356.557053
  type: 'test'
  ...
# Subtest: a malformed trailing proof cannot roll back an already verified removal in the same page
ok 149 - a malformed trailing proof cannot roll back an already verified removal in the same page
  ---
  duration_ms: 348.183533
  type: 'test'
  ...
# Subtest: the declared maximum checkpoints and stop receipts fit the reserved SQLite budget
ok 150 - the declared maximum checkpoints and stop receipts fit the reserved SQLite budget
  ---
  duration_ms: 165.958251
  type: 'test'
  ...
# Subtest: retirement rechecks every operation signature after caching a group in the same transaction
ok 151 - retirement rechecks every operation signature after caching a group in the same transaction
  ---
  duration_ms: 4313.707437
  type: 'test'
  ...
# (node:369093) ExperimentalWarning: SQLite is an experimental feature and might change at any time
# (Use `node --trace-warnings ...` to show where the warning was created)
# Subtest: authenticated Node group management persists membership and restrictive proofs
ok 152 - authenticated Node group management persists membership and restrictive proofs
  ---
  duration_ms: 2921.28555
  type: 'test'
  ...
# Subtest: group API recovers a committed command whose response was lost without creating a second group
ok 153 - group API recovers a committed command whose response was lost without creating a second group
  ---
  duration_ms: 249.841402
  type: 'test'
  ...
# (node:369309) ExperimentalWarning: SQLite is an experimental feature and might change at any time
# (Use `node --trace-warnings ...` to show where the warning was created)
# Subtest: group send intent rollback has no transport side effect
ok 154 - group send intent rollback has no transport side effect
  ---
  duration_ms: 1409.012463
  type: 'test'
  ...
# Subtest: group send intent lost response has no transport side effect
ok 155 - group send intent lost response has no transport side effect
  ---
  duration_ms: 1720.738378
  type: 'test'
  ...
# Subtest: group send recovers original stored bytes after ready rollback
ok 156 - group send recovers original stored bytes after ready rollback
  ---
  duration_ms: 2056.149764
  type: 'test'
  ...
# Subtest: group send recovers original stored bytes after lost ready response
ok 157 - group send recovers original stored bytes after lost ready response
  ---
  duration_ms: 1993.279393
  type: 'test'
  ...
# Subtest: a reported content-store failure cannot leak the new group packet or silently create another ID
ok 158 - a reported content-store failure cannot leak the new group packet or silently create another ID
  ---
  duration_ms: 1755.377817
  type: 'test'
  ...
# Subtest: actual group send APIs create durable encrypted text, attachment and reply over TCP without global contacts
ok 159 - actual group send APIs create durable encrypted text, attachment and reply over TCP without global contacts
  ---
  duration_ms: 4339.230793
  type: 'test'
  ...
# Subtest: new group sends require current head and exact snapshot audience; retained operation remains immutable
ok 160 - new group sends require current head and exact snapshot audience; retained operation remains immutable
  ---
  duration_ms: 3012.370063
  type: 'test'
  ...
# (node:370596) ExperimentalWarning: SQLite is an experimental feature and might change at any time
# (Use `node --trace-warnings ...` to show where the warning was created)
# Subtest: encrypted metadata survives close/reopen; uncommitted work and transaction handles cannot escape
ok 161 - encrypted metadata survives close/reopen; uncommitted work and transaction handles cannot escape
  ---
  duration_ms: 29.454507
  type: 'test'
  ...
# Subtest: absence, truncation, wrong identity, wrong signing authority and extra SQL schema fail closed
ok 162 - absence, truncation, wrong identity, wrong signing authority and extra SQL schema fail closed
  ---
  duration_ms: 19.05649
  type: 'test'
  ...
# Subtest: unknown schema cannot hide behind a similar SQLite prefix
ok 163 - unknown schema cannot hide behind a similar SQLite prefix
  ---
  duration_ms: 16.336721
  type: 'test'
  ...
# Subtest: valid encryption with only the reading key cannot forge a locally signed fence
ok 164 - valid encryption with only the reading key cannot forge a locally signed fence
  ---
  duration_ms: 30.231274
  type: 'test'
  ...
# Subtest: checkpoint corruption, deletion, wrong SQL type and oversize are rejected before trusting state
ok 165 - checkpoint corruption, deletion, wrong SQL type and oversize are rejected before trusting state
  ---
  duration_ms: 44.989556
  type: 'test'
  ...
# Subtest: complete valid backup rollback is an explicit limitation; a pinned different registry is rejected
ok 166 - complete valid backup rollback is an explicit limitation; a pinned different registry is rejected
  ---
  duration_ms: 29.411817
  type: 'test'
  ...
# Subtest: ciphertext substitution, swallowed integrity errors and stale index replay cannot change a committed record
ok 167 - ciphertext substitution, swallowed integrity errors and stale index replay cannot change a committed record
  ---
  duration_ms: 39.769838
  type: 'test'
  ...
# Subtest: a replacement callback error cannot erase an observed integrity failure
ok 168 - a replacement callback error cannot erase an observed integrity failure
  ---
  duration_ms: 20.337963
  type: 'test'
  ...
# Subtest: record AAD binds logical key and revision even beneath a freshly signed index
ok 169 - record AAD binds logical key and revision even beneath a freshly signed index
  ---
  duration_ms: 30.207008
  type: 'test'
  ...
# Subtest: ordinary metadata cannot consume the checkpoint reserve; capacity failure is atomic
ok 170 - ordinary metadata cannot consume the checkpoint reserve; capacity failure is atomic
  ---
  duration_ms: 26.25607
  type: 'test'
  ...
# Subtest: abrupt writer process death rolls back staged SQL and preserves the last authenticated checkpoint
ok 171 - abrupt writer process death rolls back staged SQL and preserves the last authenticated checkpoint
  ---
  duration_ms: 114.843491
  type: 'test'
  ...
# Subtest: two actual writer processes serialize read-modify-write without losing updates
ok 172 - two actual writer processes serialize read-modify-write without losing updates
  ---
  duration_ms: 296.939761
  type: 'test'
  ...
# (node:370654) ExperimentalWarning: SQLite is an experimental feature and might change at any time
# (Use `node --trace-warnings ...` to show where the warning was created)
# Subtest: control store failures still consume the bounded publication budget
ok 173 - control store failures still consume the bounded publication budget
  ---
  duration_ms: 787.140195
  type: 'test'
  ...
# Subtest: control transport failures still consume the bounded publication budget
ok 174 - control transport failures still consume the bounded publication budget
  ---
  duration_ms: 766.237974
  type: 'test'
  ...
# Subtest: network responses obey the producer cache quota without evicting pinned controls
ok 175 - network responses obey the producer cache quota without evicting pinned controls
  ---
  duration_ms: 1354.086437
  type: 'test'
  ...
# Subtest: real wire delivers newest snapshot before missing predecessors and projects the verified newest title
ok 176 - real wire delivers newest snapshot before missing predecessors and projects the verified newest title
  ---
  duration_ms: 2644.380223
  type: 'test'
  ...
# Subtest: available encrypted controls replay before a locked member can retry or sign after removal
ok 177 - available encrypted controls replay before a locked member can retry or sign after removal
  ---
  duration_ms: 3569.900722
  type: 'test'
  ...
# Subtest: Node control requests recover lost responses and revalidate authority on identical retries
ok 178 - Node control requests recover lost responses and revalidate authority on identical retries
  ---
  duration_ms: 13326.621329
  type: 'test'
  ...
# Subtest: real Node control proofs heal a partition from another member after creator stops
ok 179 - real Node control proofs heal a partition from another member after creator stops
  ---
  duration_ms: 7756.245944
  type: 'test'
  ...
# Subtest: Node control proofs traverse TCP and serial PTYs, with partition, relay-off and offline opaque seeder controls
ok 180 - Node control proofs traverse TCP and serial PTYs, with partition, relay-off and offline opaque seeder controls
  ---
  duration_ms: 10049.842058
  type: 'test'
  ...
# Subtest: real Node peers synchronise epoch snapshots and closure without HTTP proof transfer after setup
ok 181 - real Node peers synchronise epoch snapshots and closure without HTTP proof transfer after setup
  ---
  duration_ms: 2237.401256
  type: 'test'
  ...
# Subtest: remembered invitation fetches paginated public ancestry automatically but no pre-join private snapshot
ok 182 - remembered invitation fetches paginated public ancestry automatically but no pre-join private snapshot
  ---
  duration_ms: 8052.421827
  type: 'test'
  ...
# (node:375318) ExperimentalWarning: SQLite is an experimental feature and might change at any time
# (Use `node --trace-warnings ...` to show where the warning was created)
# Subtest: group and private document share one commit; callback rollback and expired scopes cannot leak writes
ok 183 - group and private document share one commit; callback rollback and expired scopes cannot leak writes
  ---
  duration_ms: 99.653116
  type: 'test'
  ...
# Subtest: swallowing a scoped operation failure cannot commit earlier group or private writes
ok 184 - swallowing a scoped operation failure cannot commit earlier group or private writes
  ---
  duration_ms: 50.892807
  type: 'test'
  ...
# Subtest: a verified closure and private decision commit despite a rejected proof tail
ok 185 - a verified closure and private decision commit despite a rejected proof tail
  ---
  duration_ms: 92.02804
  type: 'test'
  ...
# Subtest: even swallowing the entire authority scope error cannot commit the outer transaction
ok 186 - even swallowing the entire authority scope error cannot commit the outer transaction
  ---
  duration_ms: 46.00887
  type: 'test'
  ...
# Subtest: minimal authority fence commits at full ordinary quota without growing the private document
ok 187 - minimal authority fence commits at full ordinary quota without growing the private document
  ---
  duration_ms: 101.829216
  type: 'test'
  ...
# Subtest: three processes TCP → serial PTY, partition/heal, relay control and publisher-offline seeder takeover
ok 188 - three processes TCP → serial PTY, partition/heal, relay control and publisher-offline seeder takeover
  ---
  duration_ms: 9568.764545
  type: 'test'
  ...
# Subtest: a delayed fixture client submits a non-idempotent operation once after the server closes idle HTTP sockets
ok 189 - a delayed fixture client submits a non-idempotent operation once after the server closes idle HTTP sockets
  ---
  duration_ms: 6918.823973
  type: 'test'
  ...
# Subtest: language variants resolve to supported choices and invalid selection preserves the current language
ok 190 - language variants resolve to supported choices and invalid selection preserves the current language
  ---
  duration_ms: 0.814286
  type: 'test'
  ...
# Subtest: context and interpolation preserve raw names without recursively translating parameters
ok 191 - context and interpolation preserve raw names without recursively translating parameters
  ---
  duration_ms: 0.344285
  type: 'test'
  ...
# Subtest: every catalog entry is unique, nonempty and retains all named parameters in both languages
ok 192 - every catalog entry is unique, nonempty and retains all named parameters in both languages
  ---
  duration_ms: 6.777567
  type: 'test'
  ...
# Subtest: literal UI lookups and state-label maps all have catalog entries
ok 193 - literal UI lookups and state-label maps all have catalog entries
  ---
  duration_ms: 185.950191
  type: 'test'
  ...
# Subtest: real processes: private conversation, receipt, unauthorized edit, social and restart recovery
ok 194 - real processes: private conversation, receipt, unauthorized edit, social and restart recovery
  ---
  duration_ms: 1644.924011
  type: 'test'
  ...
# Subtest: offline control rejects a live origin and proves socket refusal after normal and signal termination
ok 195 - offline control rejects a live origin and proves socket refusal after normal and signal termination
  ---
  duration_ms: 527.432866
  type: 'test'
  ...
# (node:376819) ExperimentalWarning: SQLite is an experimental feature and might change at any time
# (Use `node --trace-warnings ...` to show where the warning was created)
# (node:376819) ExperimentalWarning: The MockTimers API is an experimental feature and might change at any time
# Subtest: offline send is encrypted, pinned, idempotent and recovers the same operation after restart
ok 196 - offline send is encrypted, pinned, idempotent and recovers the same operation after restart
  ---
  duration_ms: 277.989603
  type: 'test'
  ...
# Subtest: preparing journal reconciles surviving exact bytes and never regenerates missing content
ok 197 - preparing journal reconciles surviving exact bytes and never regenerates missing content
  ---
  duration_ms: 186.543915
  type: 'test'
  ...
# Subtest: transport rejection after local acceptance stays pending and cannot crash periodic sync
ok 198 - transport rejection after local acceptance stays pending and cannot crash periodic sync
  ---
  duration_ms: 190.423599
  type: 'test'
  ...
# Subtest: per-reader signed delivery/read confirmations survive paging, replay, eviction and restart
ok 199 - per-reader signed delivery/read confirmations survive paging, replay, eviction and restart
  ---
  duration_ms: 1465.175157
  type: 'test'
  ...
# Subtest: public, foreign-author and wrong-reader confirmations cannot advance a durable send
ok 200 - public, foreign-author and wrong-reader confirmations cannot advance a durable send
  ---
  duration_ms: 212.342634
  type: 'test'
  ...
# Subtest: expiry remains visible after payload removal and explicit user pin is preserved
ok 201 - expiry remains visible after payload removal and explicit user pin is preserved
  ---
  duration_ms: 283.528859
  type: 'test'
  ...
# Subtest: corrupted reserved bytes become unavailable without a new signed publication
ok 202 - corrupted reserved bytes become unavailable without a new signed publication
  ---
  duration_ms: 163.77736
  type: 'test'
  ...
# Subtest: blocked incomplete sends retain bounded reservation; blocked group readers do not break viewing
ok 203 - blocked incomplete sends retain bounded reservation; blocked group readers do not break viewing
  ---
  duration_ms: 363.54063
  type: 'test'
  ...
# Subtest: pending count/byte reservations and restored metadata ownership are bounded
ok 204 - pending count/byte reservations and restored metadata ownership are bounded
  ---
  duration_ms: 177.125387
  type: 'test'
  ...
# Subtest: a content-file directory flush error preserves the recorded operation instead of signing a replacement
ok 205 - a content-file directory flush error preserves the recorded operation instead of signing a replacement
  ---
  duration_ms: 146.150953
  type: 'test'
  ...
# Subtest: incoming read confirmation is journalled before its admission evicts the original
ok 206 - incoming read confirmation is journalled before its admission evicts the original
  ---
  duration_ms: 192.542241
  type: 'test'
  ...
# Subtest: read confirmation uses the signed roster when contact learning fails and can be reissued after eviction
ok 207 - read confirmation uses the signed roster when contact learning fails and can be reissued after eviction
  ---
  duration_ms: 171.874411
  type: 'test'
  ...
# Subtest: saved peer connection remains idempotent at capacity without opening another connection
ok 208 - saved peer connection remains idempotent at capacity without opening another connection
  ---
  duration_ms: 130.613462
  type: 'test'
  ...
# Subtest: snapshot crossing expiry during journal persistence keeps state and reservation consistent
ok 209 - snapshot crossing expiry during journal persistence keeps state and reservation consistent
  ---
  duration_ms: 1664.262689
  type: 'test'
  ...
# Subtest: snapshot crossing expiry during journal persistence keeps send and reservation consistent
ok 210 - snapshot crossing expiry during journal persistence keeps send and reservation consistent
  ---
  duration_ms: 1668.630908
  type: 'test'
  ...
# Subtest: snapshot crossing expiry during journal persistence keeps retry and reservation consistent
ok 211 - snapshot crossing expiry during journal persistence keeps retry and reservation consistent
  ---
  duration_ms: 1665.746961
  type: 'test'
  ...
# Subtest: an uncertain SQL completion at write 1 recovers the same outbox operation
ok 212 - an uncertain SQL completion at write 1 recovers the same outbox operation
  ---
  duration_ms: 146.282951
  type: 'test'
  ...
# Subtest: an uncertain SQL completion at write 2 recovers the same outbox operation
ok 213 - an uncertain SQL completion at write 2 recovers the same outbox operation
  ---
  duration_ms: 162.456394
  type: 'test'
  ...
# Subtest: outbox preview preserves full astral characters within its UTF-16 budget
ok 214 - outbox preview preserves full astral characters within its UTF-16 budget
  ---
  duration_ms: 0.475171
  type: 'test'
  ...
# (node:377653) ExperimentalWarning: SQLite is an experimental feature and might change at any time
# (Use `node --trace-warnings ...` to show where the warning was created)
# Subtest: legacy semantic failures are rejected before creating a signed migration intent
ok 215 - legacy semantic failures are rejected before creating a signed migration intent
  ---
  duration_ms: 35.772298
  type: 'test'
  ...
# (node:377661) ExperimentalWarning: SQLite is an experimental feature and might change at any time
# (Use `node --trace-warnings ...` to show where the warning was created)
# Subtest: signed initialization binds owner, random store ID and legacy ciphertext across phases
ok 216 - signed initialization binds owner, random store ID and legacy ciphertext across phases
  ---
  duration_ms: 10.183282
  type: 'test'
  ...
# Subtest: a signed intent can pin the exact new store before creation without allowing resets
ok 217 - a signed intent can pin the exact new store before creation without allowing resets
  ---
  duration_ms: 13.548111
  type: 'test'
  ...
# (node:377668) ExperimentalWarning: SQLite is an experimental feature and might change at any time
# (Use `node --trace-warnings ...` to show where the warning was created)
# Subtest: staged import binds the actual legacy ciphertext and committed reopen never falls back
ok 218 - staged import binds the actual legacy ciphertext and committed reopen never falls back
  ---
  duration_ms: 58.55877
  type: 'test'
  ...
# Subtest: existing unbound, missing initialized and wrong-store databases fail without reset
ok 219 - existing unbound, missing initialized and wrong-store databases fail without reset
  ---
  duration_ms: 95.106892
  type: 'test'
  ...
# Subtest: changed legacy source cannot complete a signed preparation
ok 220 - changed legacy source cannot complete a signed preparation
  ---
  duration_ms: 22.346858
  type: 'test'
  ...
# Subtest: transaction wrapper cannot erase initialization or the current private document
ok 221 - transaction wrapper cannot erase initialization or the current private document
  ---
  duration_ms: 38.887018
  type: 'test'
  ...
# Subtest: real process death after prepared initialization boundary preserves resumable private bytes
ok 222 - real process death after prepared initialization boundary preserves resumable private bytes
  ---
  duration_ms: 196.242158
  type: 'test'
  ...
# Subtest: real process death after imported initialization boundary preserves resumable private bytes
ok 223 - real process death after imported initialization boundary preserves resumable private bytes
  ---
  duration_ms: 218.812424
  type: 'test'
  ...
# Subtest: real process death after committed initialization boundary preserves resumable private bytes
ok 224 - real process death after committed initialization boundary preserves resumable private bytes
  ---
  duration_ms: 208.049444
  type: 'test'
  ...
# Subtest: replay of the complete earlier initialization state is an explicit rollback limitation
ok 225 - replay of the complete earlier initialization state is an explicit rollback limitation
  ---
  duration_ms: 70.467748
  type: 'test'
  ...
# (node:377835) ExperimentalWarning: SQLite is an experimental feature and might change at any time
# (Use `node --trace-warnings ...` to show where the warning was created)
# Subtest: one running owner per profile, another profile remains independent, close permits restart
ok 226 - one running owner per profile, another profile remains independent, close permits restart
  ---
  duration_ms: 15.107114
  type: 'test'
  ...
# Subtest: empty initialization can recover but foreign or malformed metadata is refused
ok 227 - empty initialization can recover but foreign or malformed metadata is refused
  ---
  duration_ms: 18.266077
  type: 'test'
  ...
# (node:377842) ExperimentalWarning: SQLite is an experimental feature and might change at any time
# (Use `node --trace-warnings ...` to show where the warning was created)
# Subtest: runtime owns the profile through transport shutdown and rejects stale writes after recovery
ok 228 - runtime owns the profile through transport shutdown and rejects stale writes after recovery
  ---
  duration_ms: 273.131715
  type: 'test'
  ...
# Subtest: constructor failure releases ownership without resetting the existing profile
ok 229 - constructor failure releases ownership without resetting the existing profile
  ---
  duration_ms: 11.077228
  type: 'test'
  ...
# (node:377894) ExperimentalWarning: SQLite is an experimental feature and might change at any time
# (Use `node --trace-warnings ...` to show where the warning was created)
# Subtest: chunked private state is encrypted, persists exactly and shrinks atomically
ok 230 - chunked private state is encrypted, persists exactly and shrinks atomically
  ---
  duration_ms: 84.172291
  type: 'test'
  ...
# Subtest: private state and an authority fence commit together or both roll back, with digest CAS
ok 231 - private state and an authority fence commit together or both roll back, with digest CAS
  ---
  duration_ms: 28.322601
  type: 'test'
  ...
# Subtest: missing, orphan and hash-mismatched chunks fail closed rather than yielding partial state
ok 232 - missing, orphan and hash-mismatched chunks fail closed rather than yielding partial state
  ---
  duration_ms: 60.898567
  type: 'test'
  ...
# Subtest: the full declared private-state byte bound fits while oversize input makes no writes
ok 233 - the full declared private-state byte bound fits while oversize input makes no writes
  ---
  duration_ms: 254.908178
  type: 'test'
  ...
# Subtest: UI runtime selection rejects an ambiguous alias and launches the actual requested engine
ok 234 - UI runtime selection rejects an ambiguous alias and launches the actual requested engine
  ---
  duration_ms: 322.900094
  type: 'test'
  ...
# Subtest: scenario timeout trace preserves the active operation without recording request secrets
ok 235 - scenario timeout trace preserves the active operation without recording request secrets
  ---
  duration_ms: 2.977603
  type: 'test'
  ...
# (node:377970) ExperimentalWarning: SQLite is an experimental feature and might change at any time
# (Use `node --trace-warnings ...` to show where the warning was created)
# Subtest: inbound semantic ACL: forged public receipt/message and private wrong-reader mutation are hidden
ok 236 - inbound semantic ACL: forged public receipt/message and private wrong-reader mutation are hidden
  ---
  duration_ms: 234.279232
  type: 'test'
  ...
# Subtest: malformed unauthenticated HTTP paths return 400; service survives and auth boundary holds
ok 237 - malformed unauthenticated HTTP paths return 400; service survives and auth boundary holds
  ---
  duration_ms: 43.925333
  type: 'test'
  ...
# Subtest: private site draft and local deletion survive cache removal/restart without plaintext on disk
ok 238 - private site draft and local deletion survive cache removal/restart without plaintext on disk
  ---
  duration_ms: 342.463684
  type: 'test'
  ...
# Subtest: relay consent: no application-level cached serving while paused, positive control after enabling
ok 239 - relay consent: no application-level cached serving while paused, positive control after enabling
  ---
  duration_ms: 987.205968
  type: 'test'
  ...
# Subtest: deletion journal survives when publication itself evicts its unpinned original
ok 240 - deletion journal survives when publication itself evicts its unpinned original
  ---
  duration_ms: 153.720435
  type: 'test'
  ...
# Subtest: identity proof rejects small-order signing keys even when the underlying verifier accepts the equation
ok 241 - identity proof rejects small-order signing keys even when the underlying verifier accepts the equation
  ---
  duration_ms: 19.754457
  type: 'test'
  ...
# Subtest: the signing-key profile rejects all reference torsion points and noncanonical aliases without changing its input
ok 242 - the signing-key profile rejects all reference torsion points and noncanonical aliases without changing its input
  ---
  duration_ms: 12.289762
  type: 'test'
  ...
# Subtest: seeded virtual time is reproducible with independently generated secure fixtures
ok 243 - seeded virtual time is reproducible with independently generated secure fixtures
  ---
  duration_ms: 43.210314
  type: 'test'
  ...
# Subtest: loss, MTU fragmentation, partition/heal, low-power transition and SOS-before-bulk
ok 244 - loss, MTU fragmentation, partition/heal, low-power transition and SOS-before-bulk
  ---
  duration_ms: 9.603976
  type: 'test'
  ...
# Subtest: directed bandwidth, latency and MTU produce measurable asymmetric arrival times
ok 245 - directed bandwidth, latency and MTU produce measurable asymmetric arrival times
  ---
  duration_ms: 4.457397
  type: 'test'
  ...
# Subtest: congested bounded queues preserve SOS while bulk is deferred
ok 246 - congested bounded queues preserve SOS while bulk is deferred
  ---
  duration_ms: 6.745938
  type: 'test'
  ...
# Subtest: bounded cache distinguishes pinned exhaustion from unpinned eviction
ok 247 - bounded cache distinguishes pinned exhaustion from unpinned eviction
  ---
  duration_ms: 8.613489
  type: 'test'
  ...
# Subtest: TTL rejects in-flight expiration and retained replay respects the hop limit
ok 248 - TTL rejects in-flight expiration and retained replay respects the hop limit
  ---
  duration_ms: 4.820608
  type: 'test'
  ...
# Subtest: every-fourth-fragment fairness lets bulk advance during SOS pressure
ok 249 - every-fourth-fragment fairness lets bulk advance during SOS pressure
  ---
  duration_ms: 11.990961
  type: 'test'
  ...
# Subtest: real signature/chunk checks pass honest control and detect deliberately broken controls
ok 250 - real signature/chunk checks pass honest control and detect deliberately broken controls
  ---
  duration_ms: 16.011449
  type: 'test'
  ...
# Subtest: simulation rejects invalid transport bounds and complete report gates pass
ok 251 - simulation rejects invalid transport bounds and complete report gates pass
  ---
  duration_ms: 40.503439
  type: 'test'
  ...
# (node:378079) ExperimentalWarning: SQLite is an experimental feature and might change at any time
# (Use `node --trace-warnings ...` to show where the warning was created)
# Subtest: failed application profile commit cannot publish and a failed public copy remains recoverable
ok 252 - failed application profile commit cannot publish and a failed public copy remains recoverable
  ---
  duration_ms: 721.580216
  type: 'test'
  ...
# Subtest: the real application recovers its exact publication after process exit between authorization and public storage
ok 253 - the real application recovers its exact publication after process exit between authorization and public storage
  ---
  duration_ms: 3579.925047
  type: 'test'
  ...
# Subtest: a known newer head without bytes never falls back to an older site, including after profile unlock
ok 254 - a known newer head without bytes never falls back to an older site, including after profile unlock
  ---
  duration_ms: 523.770209
  type: 'test'
  ...
# Subtest: blocking a private-site reader pauses a committed copy and clears the publication error after resumption
ok 255 - blocking a private-site reader pauses a committed copy and clears the publication error after resumption
  ---
  duration_ms: 303.151878
  type: 'test'
  ...
# Subtest: real application APIs preserve revision identity, resolve updates and serve a new reader after the author exits
ok 256 - real application APIs preserve revision identity, resolve updates and serve a new reader after the author exits
  ---
  duration_ms: 1750.216961
  type: 'test'
  ...
# Subtest: private site APIs preserve reading scope and generic publication cannot bypass version authority
ok 257 - private site APIs preserve reading scope and generic publication cannot bypass version authority
  ---
  duration_ms: 1534.384133
  type: 'test'
  ...
# Subtest: a valid outer signature cannot smuggle another owner snapshot into application storage through TCP
ok 258 - a valid outer signature cannot smuggle another owner snapshot into application storage through TCP
  ---
  duration_ms: 680.150982
  type: 'test'
  ...
# Subtest: two installations with the same owner preserve a fork until the owner explicitly confirms all known heads
ok 259 - two installations with the same owner preserve a fork until the owner explicitly confirms all known heads
  ---
  duration_ms: 1452.074194
  type: 'test'
  ...
# (node:380469) ExperimentalWarning: SQLite is an experimental feature and might change at any time
# (Use `node --trace-warnings ...` to show where the warning was created)
# Subtest: actual process interruption at site prepare-before preserves the publication boundary
ok 260 - actual process interruption at site prepare-before preserves the publication boundary
  ---
  duration_ms: 289.685631
  type: 'test'
  ...
# Subtest: actual process interruption at site prepare-after preserves the publication boundary
ok 261 - actual process interruption at site prepare-after preserves the publication boundary
  ---
  duration_ms: 267.815228
  type: 'test'
  ...
# Subtest: actual process interruption at site commit-before preserves the publication boundary
ok 262 - actual process interruption at site commit-before preserves the publication boundary
  ---
  duration_ms: 261.380904
  type: 'test'
  ...
# Subtest: actual process interruption at site commit-after preserves the publication boundary
ok 263 - actual process interruption at site commit-after preserves the publication boundary
  ---
  duration_ms: 268.977186
  type: 'test'
  ...
# Subtest: actual process interruption at site copy preserves the publication boundary
ok 264 - actual process interruption at site copy preserves the publication boundary
  ---
  duration_ms: 268.881316
  type: 'test'
  ...
# (node:380629) ExperimentalWarning: SQLite is an experimental feature and might change at any time
# (Use `node --trace-warnings ...` to show where the warning was created)
# Subtest: site transactions share the real bound application profile without changing its existing private state
ok 265 - site transactions share the real bound application profile without changing its existing private state
  ---
  duration_ms: 97.071877
  type: 'test'
  ...
# (node:380636) ExperimentalWarning: SQLite is an experimental feature and might change at any time
# (Use `node --trace-warnings ...` to show where the warning was created)
# Subtest: catalog atomically persists preparation, authorization and exact public-copy recovery across database restart
ok 266 - catalog atomically persists preparation, authorization and exact public-copy recovery across database restart
  ---
  duration_ms: 154.151413
  type: 'test'
  ...
# Subtest: another signed head appearing before authorization supersedes a private preparation without publishing it
ok 267 - another signed head appearing before authorization supersedes a private preparation without publishing it
  ---
  duration_ms: 79.975945
  type: 'test'
  ...
# Subtest: staging capacity failure cannot leave a catalog entry, partial bundle or changed prior operation
ok 268 - staging capacity failure cannot leave a catalog entry, partial bundle or changed prior operation
  ---
  duration_ms: 66.826461
  type: 'test'
  ...
# Subtest: expired preparations remain recoverable as terminal outcomes without treating the profile as corrupt
ok 269 - expired preparations remain recoverable as terminal outcomes without treating the profile as corrupt
  ---
  duration_ms: 145.152972
  type: 'test'
  ...
# Subtest: public retries recover the exact first envelope; private retries cannot silently change a reading envelope
ok 270 - public retries recover the exact first envelope; private retries cannot silently change a reading envelope
  ---
  duration_ms: 89.89449
  type: 'test'
  ...
# Subtest: repeated verified observations do not rewrite the encrypted catalog
ok 271 - repeated verified observations do not rewrite the encrypted catalog
  ---
  duration_ms: 48.372653
  type: 'test'
  ...
# Subtest: complete declarative snapshots bind a signed revision to the payload and envelope signing owner
ok 272 - complete declarative snapshots bind a signed revision to the payload and envelope signing owner
  ---
  duration_ms: 76.441648
  type: 'test'
  ...
# Subtest: snapshots reject unsigned additions, malformed declarative documents and changed signed payloads
ok 273 - snapshots reject unsigned additions, malformed declarative documents and changed signed payloads
  ---
  duration_ms: 3.876488
  type: 'test'
  ...
# (node:380681) ExperimentalWarning: SQLite is an experimental feature and might change at any time
# (Use `node --trace-warnings ...` to show where the warning was created)
# Subtest: intent commits without a visitor signature; later signing survives reopen with private consent and no public store
ok 274 - intent commits without a visitor signature; later signing survives reopen with private consent and no public store
  ---
  duration_ms: 118.601722
  type: 'test'
  ...
# Subtest: failed transactions and changed policy retain a prepared intent without handing out a signature
ok 275 - failed transactions and changed policy retain a prepared intent without handing out a signature
  ---
  duration_ms: 71.164765
  type: 'test'
  ...
# Subtest: expiry and cancellation keep retired sequence outcomes and never renew a signature
ok 276 - expiry and cancellation keep retired sequence outcomes and never renew a signature
  ---
  duration_ms: 681.301348
  type: 'test'
  ...
# Subtest: private contribution storage refuses missing-stage without resetting an intent
ok 277 - private contribution storage refuses missing-stage without resetting an intent
  ---
  duration_ms: 37.909275
  type: 'test'
  ...
# Subtest: private contribution storage refuses wrong-source without resetting an intent
ok 278 - private contribution storage refuses wrong-source without resetting an intent
  ---
  duration_ms: 38.390848
  type: 'test'
  ...
# Subtest: private contribution storage refuses read-key without resetting an intent
ok 279 - private contribution storage refuses read-key without resetting an intent
  ---
  duration_ms: 29.372009
  type: 'test'
  ...
# Subtest: real abrupt process exit before-intent-commit preserves the intent and fixed certificate identity
ok 280 - real abrupt process exit before-intent-commit preserves the intent and fixed certificate identity
  ---
  duration_ms: 254.460479
  type: 'test'
  ...
# Subtest: real abrupt process exit after-intent preserves the intent and fixed certificate identity
ok 281 - real abrupt process exit after-intent preserves the intent and fixed certificate identity
  ---
  duration_ms: 241.718289
  type: 'test'
  ...
# Subtest: real abrupt process exit after-signature preserves the intent and fixed certificate identity
ok 282 - real abrupt process exit after-signature preserves the intent and fixed certificate identity
  ---
  duration_ms: 257.340649
  type: 'test'
  ...
# Subtest: preparation quota failure rolls back stage and sequence before any signature exists
ok 283 - preparation quota failure rolls back stage and sequence before any signature exists
  ---
  duration_ms: 76.758472
  type: 'test'
  ...
# Subtest: a proposal expiring during the policy check cannot commit a new signature
ok 284 - a proposal expiring during the policy check cannot commit a new signature
  ---
  duration_ms: 39.541505
  type: 'test'
  ...
# Subtest: form query is a copied closed locator, never executable input or caller-supplied permission
ok 285 - form query is a copied closed locator, never executable input or caller-supplied permission
  ---
  duration_ms: 1.00274
  type: 'test'
  ...
# Subtest: real snapshot lookup authenticates author, reader access and visitor policy without returning table rows
ok 286 - real snapshot lookup authenticates author, reader access and visitor policy without returning table rows
  ---
  duration_ms: 106.560216
  type: 'test'
  ...
# Subtest: private proposal envelope binds actual author, exactly two logical readers and the original certificate deadline
ok 287 - private proposal envelope binds actual author, exactly two logical readers and the original certificate deadline
  ---
  duration_ms: 90.218458
  type: 'test'
  ...
# Subtest: Node, portable and real Go inbox transitions agree on replay, finite retention, conflicts and quotas
ok 288 - Node, portable and real Go inbox transitions agree on replay, finite retention, conflicts and quotas
  ---
  duration_ms: 1382.522033
  type: 'test'
  ...
# (node:381164) ExperimentalWarning: SQLite is an experimental feature and might change at any time
# (Use `node --trace-warnings ...` to show where the warning was created)
# Subtest: private inbox preserves verified source and proposal across reopening, separately from sender staging
ok 289 - private inbox preserves verified source and proposal across reopening, separately from sender staging
  ---
  duration_ms: 134.981672
  type: 'test'
  ...
# Subtest: repackaging is idempotent and a conflicting visitor UUID cannot replace the original candidate
ok 290 - repackaging is idempotent and a conflicting visitor UUID cannot replace the original candidate
  ---
  duration_ms: 94.331249
  type: 'test'
  ...
# Subtest: an interrupted admission/source transaction rolls back without losing the earlier proof
ok 291 - an interrupted admission/source transaction rolls back without losing the earlier proof
  ---
  duration_ms: 65.210561
  type: 'test'
  ...
# Subtest: expiry removes private payloads but keeps replay metadata for the bounded retention window
ok 292 - expiry removes private payloads but keeps replay metadata for the bounded retention window
  ---
  duration_ms: 82.887132
  type: 'test'
  ...
# Subtest: unreadable/public proposals, wrong source and revoked policy never become verified candidates
ok 293 - unreadable/public proposals, wrong source and revoked policy never become verified candidates
  ---
  duration_ms: 73.069856
  type: 'test'
  ...
# Subtest: tampered retained evidence is an integrity failure, never repaired into a new proposal
ok 294 - tampered retained evidence is an integrity failure, never repaired into a new proposal
  ---
  duration_ms: 50.480455
  type: 'test'
  ...
# Subtest: journal quotas preserve pending entries and conflict floods have bounded descriptors and writes
ok 295 - journal quotas preserve pending entries and conflict floods have bounded descriptors and writes
  ---
  duration_ms: 134.447011
  type: 'test'
  ...
# Subtest: explicit dismissal is atomic, releases only selected proof quota and survives replay/reopen
ok 296 - explicit dismissal is atomic, releases only selected proof quota and survives replay/reopen
  ---
  duration_ms: 127.872223
  type: 'test'
  ...
# Subtest: dismissing unverified proposal frees admission quota without evicting other pending proposals
ok 297 - dismissing unverified proposal frees admission quota without evicting other pending proposals
  ---
  duration_ms: 80.530033
  type: 'test'
  ...
# Subtest: dismissal cannot hide corruption in private proof
ok 298 - dismissal cannot hide corruption in private proof
  ---
  duration_ms: 37.348944
  type: 'test'
  ...
# Subtest: owner receipt intent survives dismiss and resumes one exact private envelope after reopen
ok 299 - owner receipt intent survives dismiss and resumes one exact private envelope after reopen
  ---
  duration_ms: 140.228599
  type: 'test'
  ...
# Subtest: owner receipt intent survives expire and resumes one exact private envelope after reopen
ok 300 - owner receipt intent survives expire and resumes one exact private envelope after reopen
  ---
  duration_ms: 137.061692
  type: 'test'
  ...
# Subtest: legacy verified inbox migrates only from retained authenticated source
ok 301 - legacy verified inbox migrates only from retained authenticated source
  ---
  duration_ms: 62.60741
  type: 'test'
  ...
# Subtest: legacy discarded inbox migrates only from retained authenticated source
ok 302 - legacy discarded inbox migrates only from retained authenticated source
  ---
  duration_ms: 65.085858
  type: 'test'
  ...
# Subtest: owner refusal (missing source) persists exact private result through reopen and enforces CAS
ok 303 - owner refusal (missing source) persists exact private result through reopen and enforces CAS
  ---
  duration_ms: 192.357534
  type: 'test'
  ...
# Subtest: owner refusal (verified source) persists exact private result through reopen and enforces CAS
ok 304 - owner refusal (verified source) persists exact private result through reopen and enforces CAS
  ---
  duration_ms: 232.04315
  type: 'test'
  ...
# Subtest: Node, portable crypto and Go agree on visitor proposals, schemas and negative authorization vectors
ok 305 - Node, portable crypto and Go agree on visitor proposals, schemas and negative authorization vectors
  ---
  duration_ms: 785.347891
  type: 'test'
  ...
# Subtest: Node, portable and Go contribution journals agree on canonical requests, retained transitions and rejected corruption
ok 306 - Node, portable and Go contribution journals agree on canonical requests, retained transitions and rejected corruption
  ---
  duration_ms: 1187.710377
  type: 'test'
  ...
# (node:381593) ExperimentalWarning: SQLite is an experimental feature and might change at any time
# (Use `node --trace-warnings ...` to show where the warning was created)
# Subtest: queued source and envelope survive restart while a second preparation uses its own slot
ok 307 - queued source and envelope survive restart while a second preparation uses its own slot
  ---
  duration_ms: 239.764837
  type: 'test'
  ...
# Subtest: queue transaction rollback retains the signed envelope and never frees a preparation early
ok 308 - queue transaction rollback retains the signed envelope and never frees a preparation early
  ---
  duration_ms: 119.539811
  type: 'test'
  ...
# Subtest: queued expiry retires private payload but retains packet identity for cancellation
ok 309 - queued expiry retires private payload but retains packet identity for cancellation
  ---
  duration_ms: 113.280325
  type: 'test'
  ...
# Subtest: 32 pending queues apply backpressure without losing old payloads or the current prepared envelope
ok 310 - 32 pending queues apply backpressure without losing old payloads or the current prepared envelope
  ---
  duration_ms: 2382.305752
  type: 'test'
  ...
# Subtest: missing queued payload is corruption, not an excuse to create new bytes or cancel a different stage
ok 311 - missing queued payload is corruption, not an excuse to create new bytes or cancel a different stage
  ---
  duration_ms: 86.354323
  type: 'test'
  ...
# Subtest: owner reception receipts bind the original proposal and exact private envelope across Node, portable crypto and Go
ok 312 - owner reception receipts bind the original proposal and exact private envelope across Node, portable crypto and Go
  ---
  duration_ms: 668.190186
  type: 'test'
  ...
# Subtest: receipt admission requires exact copied intent, retains cancellation/expiry and never revives a retired operation
ok 313 - receipt admission requires exact copied intent, retains cancellation/expiry and never revives a retired operation
  ---
  duration_ms: 1517.242475
  type: 'test'
  ...
# Subtest: rejection admission requires exact copied intent, retains cancellation/expiry and never revives a retired operation
ok 314 - rejection admission requires exact copied intent, retains cancellation/expiry and never revives a retired operation
  ---
  duration_ms: 1662.053707
  type: 'test'
  ...
# Subtest: owner refusals bind the original proposal and exact private envelope across Node, portable crypto and Go
ok 315 - owner refusals bind the original proposal and exact private envelope across Node, portable crypto and Go
  ---
  duration_ms: 758.925554
  type: 'test'
  ...
# Subtest: declarative form binds all typed columns, preserves zero/false and never executes values
ok 316 - declarative form binds all typed columns, preserves zero/false and never executes values
  ---
  duration_ms: 5.952671
  type: 'test'
  ...
# Subtest: form and value parsing reject active accessors, sparse lists, unknown fields and oversized inputs
ok 317 - form and value parsing reject active accessors, sparse lists, unknown fields and oversized inputs
  ---
  duration_ms: 0.761127
  type: 'test'
  ...
# Subtest: Node visitor signatures verify across adapters but cannot become owner revisions
ok 318 - Node visitor signatures verify across adapters but cannot become owner revisions
  ---
  duration_ms: 75.145578
  type: 'test'
  ...
# Subtest: portable visitor signatures verify across adapters but cannot become owner revisions
ok 319 - portable visitor signatures verify across adapters but cannot become owner revisions
  ---
  duration_ms: 48.450478
  type: 'test'
  ...
# Subtest: site/form/schema/base and the visitor's maximum publication audience are bound independently
ok 320 - site/form/schema/base and the visitor's maximum publication audience are bound independently
  ---
  duration_ms: 13.154563
  type: 'test'
  ...
# Subtest: expiry and clock checks apply to admission, while historical signatures stay verifiable
ok 321 - expiry and clock checks apply to admission, while historical signatures stay verifiable
  ---
  duration_ms: 30.462263
  type: 'test'
  ...
# Subtest: private submission remains encrypted even when the visitor consents to later public adoption
ok 322 - private submission remains encrypted even when the visitor consents to later public adoption
  ---
  duration_ms: 10.478727
  type: 'test'
  ...
# Subtest: Node and a real Go process agree on bounded declarative table vectors
ok 323 - Node and a real Go process agree on bounded declarative table vectors
  ---
  duration_ms: 410.94156
  type: 'test'
  ...
# Subtest: signed table projection sorts numeric values, keeps null last, and leaves source bytes unchanged
ok 324 - signed table projection sorts numeric values, keeps null last, and leaves source bytes unchanged
  ---
  duration_ms: 4.175769
  type: 'test'
  ...
# Subtest: literal search never evaluates code or patterns and pagination stays finite on empty and boundary queries
ok 325 - literal search never evaluates code or patterns and pagination stays finite on empty and boundary queries
  ---
  duration_ms: 1.976826
  type: 'test'
  ...
# Subtest: table shape, dates, links, column types and finite limits reject negative controls
ok 326 - table shape, dates, links, column types and finite limits reject negative controls
  ---
  duration_ms: 1.567178
  type: 'test'
  ...
# Subtest: nested getters and noncanonical arrays are rejected before executing accessors
ok 327 - nested getters and noncanonical arrays are rejected before executing accessors
  ---
  duration_ms: 0.422883
  type: 'test'
  ...
# Subtest: table byte quota counts UTF-8 bytes and canonical field names, with both sides of the boundary
ok 328 - table byte quota counts UTF-8 bytes and canonical field names, with both sides of the boundary
  ---
  duration_ms: 2.280906
  type: 'test'
  ...
# Subtest: CSV handles quoted commas, quotes and newlines as literal text without guessing numeric identities
ok 329 - CSV handles quoted commas, quotes and newlines as literal text without guessing numeric identities
  ---
  duration_ms: 1.529447
  type: 'test'
  ...
# Subtest: CSV export neutralises spreadsheet formulas without changing signed table values
ok 330 - CSV export neutralises spreadsheet formulas without changing signed table values
  ---
  duration_ms: 0.366708
  type: 'test'
  ...
# Subtest: typed editing preserves incomplete numbers for validation rather than erasing them
ok 331 - typed editing preserves incomplete numbers for validation rather than erasing them
  ---
  duration_ms: 0.354835
  type: 'test'
  ...
# Subtest: site schema: multipage with nested media and local navigation
ok 332 - site schema: multipage with nested media and local navigation
  ---
  duration_ms: 2.681197
  type: 'test'
  ...
# Subtest: site schema: literal HTML is data, never a block program
ok 333 - site schema: literal HTML is data, never a block program
  ---
  duration_ms: 0.491612
  type: 'test'
  ...
# Subtest: site schema: exact UTF-16 title boundary
ok 334 - site schema: exact UTF-16 title boundary
  ---
  duration_ms: 0.396323
  type: 'test'
  ...
# Subtest: site schema: unknown version
ok 335 - site schema: unknown version
  ---
  duration_ms: 0.234971
  type: 'test'
  ...
# Subtest: site schema: script property
ok 336 - site schema: script property
  ---
  duration_ms: 0.100248
  type: 'test'
  ...
# Subtest: site schema: arbitrary CSS
ok 337 - site schema: arbitrary CSS
  ---
  duration_ms: 0.091993
  type: 'test'
  ...
# Subtest: site schema: CSS URL injection
ok 338 - site schema: CSS URL injection
  ---
  duration_ms: 0.082445
  type: 'test'
  ...
# Subtest: site schema: duplicate pages
ok 339 - site schema: duplicate pages
  ---
  duration_ms: 0.104215
  type: 'test'
  ...
# Subtest: site schema: duplicate slugs
ok 340 - site schema: duplicate slugs
  ---
  duration_ms: 0.840245
  type: 'test'
  ...
# Subtest: site schema: duplicate nested node IDs
ok 341 - site schema: duplicate nested node IDs
  ---
  duration_ms: 0.377248
  type: 'test'
  ...
# Subtest: site schema: path traversal
ok 342 - site schema: path traversal
  ---
  duration_ms: 0.151024
  type: 'test'
  ...
# Subtest: site schema: missing home
ok 343 - site schema: missing home
  ---
  duration_ms: 0.08019
  type: 'test'
  ...
# Subtest: site schema: missing internal target
ok 344 - site schema: missing internal target
  ---
  duration_ms: 0.103153
  type: 'test'
  ...
# Subtest: site schema: javascript URL
ok 345 - site schema: javascript URL
  ---
  duration_ms: 0.121547
  type: 'test'
  ...
# Subtest: site schema: credentials in URL
ok 346 - site schema: credentials in URL
  ---
  duration_ms: 0.091341
  type: 'test'
  ...
# Subtest: site schema: HTTP URL
ok 347 - site schema: HTTP URL
  ---
  duration_ms: 0.081042
  type: 'test'
  ...
# Subtest: site schema: invalid high port
ok 348 - site schema: invalid high port
  ---
  duration_ms: 0.154059
  type: 'test'
  ...
# Subtest: site schema: query URL
ok 349 - site schema: query URL
  ---
  duration_ms: 0.500809
  type: 'test'
  ...
# Subtest: site schema: 13 pages
ok 350 - site schema: 13 pages
  ---
  duration_ms: 0.112381
  type: 'test'
  ...
# Subtest: site schema: 25 siblings
ok 351 - site schema: 25 siblings
  ---
  duration_ms: 0.116999
  type: 'test'
  ...
# Subtest: site schema: four levels
ok 352 - site schema: four levels
  ---
  duration_ms: 0.104947
  type: 'test'
  ...
# Subtest: site schema: 144 total nodes
ok 353 - site schema: 144 total nodes
  ---
  duration_ms: 0.393027
  type: 'test'
  ...
# Subtest: site schema: children on text
ok 354 - site schema: children on text
  ---
  duration_ms: 0.069129
  type: 'test'
  ...
# Subtest: site schema: body limit
ok 355 - site schema: body limit
  ---
  duration_ms: 0.061896
  type: 'test'
  ...
# Subtest: site schema: UTF-16 title overflow
ok 356 - site schema: UTF-16 title overflow
  ---
  duration_ms: 0.050535
  type: 'test'
  ...
# Subtest: site schema: fractional columns
ok 357 - site schema: fractional columns
  ---
  duration_ms: 0.097082
  type: 'test'
  ...
# Subtest: site schema: bad alignment
ok 358 - site schema: bad alignment
  ---
  duration_ms: 0.086302
  type: 'test'
  ...
# Subtest: site schema: missing media
ok 359 - site schema: missing media
  ---
  duration_ms: 0.099336
  type: 'test'
  ...
# Subtest: site schema: out of bounds media
ok 360 - site schema: out of bounds media
  ---
  duration_ms: 0.09612
  type: 'test'
  ...
# Subtest: site schema: SVG media
ok 361 - site schema: SVG media
  ---
  duration_ms: 0.045806
  type: 'test'
  ...
# Subtest: site schema: remote media field
ok 362 - site schema: remote media field
  ---
  duration_ms: 0.0906
  type: 'test'
  ...
# Subtest: site schema: fractional posts limit
ok 363 - site schema: fractional posts limit
  ---
  duration_ms: 0.100529
  type: 'test'
  ...
# Subtest: site schema: large document
ok 364 - site schema: large document
  ---
  duration_ms: 0.998021
  type: 'test'
  ...
# Subtest: site schema: empty composition at third level
ok 365 - site schema: empty composition at third level
  ---
  duration_ms: 0.162274
  type: 'test'
  ...
# Subtest: site schema: unreferenced executable attachment
ok 366 - site schema: unreferenced executable attachment
  ---
  duration_ms: 0.107572
  type: 'test'
  ...
# Subtest: site schema: invalid image base64 length
ok 367 - site schema: invalid image base64 length
  ---
  duration_ms: 0.070773
  type: 'test'
  ...
# Subtest: site schema: valid HTTPS escaped path
ok 368 - site schema: valid HTTPS escaped path
  ---
  duration_ms: 0.207018
  type: 'test'
  ...
# Subtest: site schema: valid HTTPS local IPv4
ok 369 - site schema: valid HTTPS local IPv4
  ---
  duration_ms: 0.239098
  type: 'test'
  ...
# Subtest: site schema: valid HTTPS international path
ok 370 - site schema: valid HTTPS international path
  ---
  duration_ms: 0.131968
  type: 'test'
  ...
# Subtest: site schema: invalid HTTPS percent escape
ok 371 - site schema: invalid HTTPS percent escape
  ---
  duration_ms: 0.082164
  type: 'test'
  ...
# Subtest: site schema: invalid HTTPS dangling percent
ok 372 - site schema: invalid HTTPS dangling percent
  ---
  duration_ms: 0.07468
  type: 'test'
  ...
# Subtest: site schema: invalid HTTPS Unicode whitespace
ok 373 - site schema: invalid HTTPS Unicode whitespace
  ---
  duration_ms: 0.073467
  type: 'test'
  ...
# Subtest: site schema: invalid HTTPS control character
ok 374 - site schema: invalid HTTPS control character
  ---
  duration_ms: 0.119314
  type: 'test'
  ...
# Subtest: site schema: invalid HTTPS IPv4 range
ok 375 - site schema: invalid HTTPS IPv4 range
  ---
  duration_ms: 0.087334
  type: 'test'
  ...
# Subtest: site schema: invalid HTTPS abbreviated IPv4
ok 376 - site schema: invalid HTTPS abbreviated IPv4
  ---
  duration_ms: 0.076092
  type: 'test'
  ...
# Subtest: site schema: invalid HTTPS numeric final DNS label
ok 377 - site schema: invalid HTTPS numeric final DNS label
  ---
  duration_ms: 0.074109
  type: 'test'
  ...
# Subtest: site schema: invalid HTTPS hexadecimal IP alias
ok 378 - site schema: invalid HTTPS hexadecimal IP alias
  ---
  duration_ms: 0.075131
  type: 'test'
  ...
# Subtest: site schema: invalid HTTPS octal IP alias
ok 379 - site schema: invalid HTTPS octal IP alias
  ---
  duration_ms: 0.073689
  type: 'test'
  ...
# Subtest: site schema: valid HTTPS local hostname
ok 380 - site schema: valid HTTPS local hostname
  ---
  duration_ms: 0.120626
  type: 'test'
  ...
# Subtest: site schema: invalid HTTPS hostname label
ok 381 - site schema: invalid HTTPS hostname label
  ---
  duration_ms: 0.114925
  type: 'test'
  ...
# Subtest: site schema: valid HTTPS IDN ASCII hostname
ok 382 - site schema: valid HTTPS IDN ASCII hostname
  ---
  duration_ms: 0.81034
  type: 'test'
  ...
# Subtest: site schema: version 2 typed table
ok 383 - site schema: version 2 typed table
  ---
  duration_ms: 0.621004
  type: 'test'
  ...
# Subtest: site schema: table rejected in version 1
ok 384 - site schema: table rejected in version 1
  ---
  duration_ms: 0.122309
  type: 'test'
  ...
# Subtest: site schema: table missing data
ok 385 - site schema: table missing data
  ---
  duration_ms: 0.091462
  type: 'test'
  ...
# Subtest: site schema: data on non-table block
ok 386 - site schema: data on non-table block
  ---
  duration_ms: 0.082726
  type: 'test'
  ...
# Subtest: site schema: table unknown field
ok 387 - site schema: table unknown field
  ---
  duration_ms: 0.084548
  type: 'test'
  ...
# Subtest: site schema: table repeated row identifier
ok 388 - site schema: table repeated row identifier
  ---
  duration_ms: 0.120677
  type: 'test'
  ...
# Subtest: site schema: table wrong typed number
ok 389 - site schema: table wrong typed number
  ---
  duration_ms: 0.115948
  type: 'test'
  ...
# Subtest: templates satisfy the same wire contract and produce unique block identities
ok 390 - templates satisfy the same wire contract and produce unique block identities
  ---
  duration_ms: 1.655233
  type: 'test'
  ...
# Subtest: site input rejects getters without invoking them
ok 391 - site input rejects getters without invoking them
  ---
  duration_ms: 0.226084
  type: 'test'
  ...
# Subtest: site total image budget is enforced outside the editor
ok 392 - site total image budget is enforced outside the editor
  ---
  duration_ms: 5.659591
  type: 'test'
  ...
# Subtest: image limit counts decoded bytes, including padding at the exact boundary
ok 393 - image limit counts decoded bytes, including padding at the exact boundary
  ---
  duration_ms: 9.030802
  type: 'test'
  ...
# Subtest: individually valid tables also consume the global 128 KiB document budget
ok 394 - individually valid tables also consume the global 128 KiB document budget
  ---
  duration_ms: 10.629208
  type: 'test'
  ...
# Subtest: draft context retains original base and exact pending request across serialisation without transferring ownership
ok 395 - draft context retains original base and exact pending request across serialisation without transferring ownership
  ---
  duration_ms: 1.886156
  type: 'test'
  ...
# Subtest: malformed or ambiguous draft context cannot replace valid private editing metadata
ok 396 - malformed or ambiguous draft context cannot replace valid private editing metadata
  ---
  duration_ms: 0.814908
  type: 'test'
  ...
# Subtest: v4 binds nested and cross-page forms to typed local tables; Node and Go agree on positive/negative document vectors
ok 397 - v4 binds nested and cross-page forms to typed local tables; Node and Go agree on positive/negative document vectors
  ---
  duration_ms: 395.39923
  type: 'test'
  ...
# Subtest: copying a page or a composition rebinds local tables while foreign-page references remain independent
ok 398 - copying a page or a composition rebinds local tables while foreign-page references remain independent
  ---
  duration_ms: 5.94703
  type: 'test'
  ...
# Subtest: v4 schemas remain covered by owner snapshots; unversioned or counterfeit envelopes cannot supply form authority
ok 399 - v4 schemas remain covered by owner snapshots; unversioned or counterfeit envelopes cannot supply form authority
  ---
  duration_ms: 47.804517
  type: 'test'
  ...
# Subtest: versioned sites cross TCP and serial PTY, survive partition/heal and reach a new reader from a consenting offline-author seeder
ok 400 - versioned sites cross TCP and serial PTY, survive partition/heal and reach a new reader from a consenting offline-author seeder
  ---
  duration_ms: 7303.978205
  type: 'test'
  ...
# (node:383280) ExperimentalWarning: SQLite is an experimental feature and might change at any time
# (Use `node --trace-warnings ...` to show where the warning was created)
# Subtest: Node combined owner-outcome batch rotates fairly and retains every pending original envelope
ok 401 - Node combined owner-outcome batch rotates fairly and retains every pending original envelope
  ---
  duration_ms: 1181.783706
  type: 'test'
  ...
# Subtest: Node combined owner-outcome batch charges failed copies and retains every pending original envelope
ok 402 - Node combined owner-outcome batch charges failed copies and retains every pending original envelope
  ---
  duration_ms: 1058.814475
  type: 'test'
  ...
# Subtest: Go receipt and refusal runtime share one rotating copy budget, including real quota failures
ok 403 - Go receipt and refusal runtime share one rotating copy budget, including real quota failures
  ---
  duration_ms: 22557.561379
  type: 'test'
  ...
# {"phase":"compile-only","durationMs":1261,"exitCode":0,"signal":null,"error":null}
# {"phase":"execute","durationMs":21289,"exitCode":0,"signal":null,"error":null}
# Subtest: page duplication preserves the source, shared assets and external links while remapping nested self-links
ok 404 - page duplication preserves the source, shared assets and external links while remapping nested self-links
  ---
  duration_ms: 5.030962
  type: 'test'
  ...
# Subtest: duplicate names/slugs remain bounded and unique with Unicode and the exact page cap
ok 405 - duplicate names/slugs remain bounded and unique with Unicode and the exact page cap
  ---
  duration_ms: 5.053584
  type: 'test'
  ...
# Subtest: page copying accepts exactly 128 nodes and refuses the next node without changing the draft
ok 406 - page copying accepts exactly 128 nodes and refuses the next node without changing the draft
  ---
  duration_ms: 3.734833
  type: 'test'
  ...
# Subtest: reordering preserves page identities, home and links and has no history-changing boundary step
ok 407 - reordering preserves page identities, home and links and has no history-changing boundary step
  ---
  duration_ms: 0.809748
  type: 'test'
  ...
# Subtest: copying is explicit authored content creation in the selected language and never mutates an invalid source
ok 408 - copying is explicit authored content creation in the selected language and never mutates an invalid source
  ---
  duration_ms: 0.880561
  type: 'test'
  ...
# (node:384605) ExperimentalWarning: SQLite is an experimental feature and might change at any time
# (Use `node --trace-warnings ...` to show where the warning was created)
# Subtest: private site staging survives SQLite restart and does not expose signatures to the reading secret
ok 409 - private site staging survives SQLite restart and does not expose signatures to the reading secret
  ---
  duration_ms: 89.361812
  type: 'test'
  ...
# Subtest: private resource staging survives SQLite restart and does not expose signatures to the reading secret
ok 410 - private resource staging survives SQLite restart and does not expose signatures to the reading secret
  ---
  duration_ms: 66.47403
  type: 'test'
  ...
# Subtest: private contribution staging survives SQLite restart and does not expose signatures to the reading secret
ok 411 - private contribution staging survives SQLite restart and does not expose signatures to the reading secret
  ---
  duration_ms: 72.262953
  type: 'test'
  ...
# Subtest: private contribution-inbox staging survives SQLite restart and does not expose signatures to the reading secret
ok 412 - private contribution-inbox staging survives SQLite restart and does not expose signatures to the reading secret
  ---
  duration_ms: 69.153334
  type: 'test'
  ...
# Subtest: private contribution-receipt staging survives SQLite restart and does not expose signatures to the reading secret
ok 413 - private contribution-receipt staging survives SQLite restart and does not expose signatures to the reading secret
  ---
  duration_ms: 67.282897
  type: 'test'
  ...
# Subtest: private staging quota failure aborts all record changes even when its error is caught
ok 414 - private staging quota failure aborts all record changes even when its error is caught
  ---
  duration_ms: 25.625043
  type: 'test'
  ...
# Subtest: private record handles expire at the synchronous transaction boundary
ok 415 - private record handles expire at the synchronous transaction boundary
  ---
  duration_ms: 9.255373
  type: 'test'
  ...
# Subtest: missing and transposed ciphertext are rejected even inside an otherwise authentic outer database
ok 416 - missing and transposed ciphertext are rejected even inside an otherwise authentic outer database
  ---
  duration_ms: 42.006216
  type: 'test'
  ...
# Subtest: node editor keeps one publication after a lost response and process restart; private version recovery preserves readers
ok 417 - node editor keeps one publication after a lost response and process restart; private version recovery preserves readers
  ---
  duration_ms: 1883.680027
  type: 'test'
  ...
# Subtest: node editor rejects stale and changed review bases, and can close a consumed competing attempt without claiming cancellation
ok 418 - node editor rejects stale and changed review bases, and can close a consumed competing attempt without claiming cancellation
  ---
  duration_ms: 2205.776674
  type: 'test'
  ...
# Subtest: node editor never sends before durable draft acknowledgement, keeps unknown submissions frozen, and fences a locked session
ok 419 - node editor never sends before durable draft acknowledgement, keeps unknown submissions frozen, and fences a locked session
  ---
  duration_ms: 967.214657
  type: 'test'
  ...
# Subtest: native editor keeps one publication after a lost response and process restart; private version recovery preserves readers
ok 420 - native editor keeps one publication after a lost response and process restart; private version recovery preserves readers
  ---
  duration_ms: 1278.216774
  type: 'test'
  ...
# Subtest: native editor rejects stale and changed review bases, and can close a consumed competing attempt without claiming cancellation
ok 421 - native editor rejects stale and changed review bases, and can close a consumed competing attempt without claiming cancellation
  ---
  duration_ms: 1958.318844
  type: 'test'
  ...
# Subtest: native editor never sends before durable draft acknowledgement, keeps unknown submissions frozen, and fences a locked session
ok 422 - native editor never sends before durable draft acknowledgement, keeps unknown submissions frozen, and fences a locked session
  ---
  duration_ms: 661.957211
  type: 'test'
  ...
# Subtest: node editor can close an unadmitted request after a late fork changes only its base
ok 423 - node editor can close an unadmitted request after a late fork changes only its base
  ---
  duration_ms: 1680.44638
  type: 'test'
  ...
# Subtest: native editor can close an unadmitted request after a late fork changes only its base
ok 424 - native editor can close an unadmitted request after a late fork changes only its base
  ---
  duration_ms: 1686.326755
  type: 'test'
  ...
# Subtest: node editor can resume an earlier authorized copy without replacing the current draft
ok 425 - node editor can resume an earlier authorized copy without replacing the current draft
  ---
  duration_ms: 6243.447703
  type: 'test'
  ...
# Subtest: native editor can resume an earlier authorized copy without replacing the current draft
ok 426 - native editor can resume an earlier authorized copy without replacing the current draft
  ---
  duration_ms: 3662.242271
  type: 'test'
  ...
# Subtest: receipt journals agree across Node/portable/Go on immutable intent, phases, expiry and source binding
ok 427 - receipt journals agree across Node/portable/Go on immutable intent, phases, expiry and source binding
  ---
  duration_ms: 579.592749
  type: 'test'
  ...
# (node:386113) ExperimentalWarning: SQLite is an experimental feature and might change at any time
# (Use `node --trace-warnings ...` to show where the warning was created)
# Subtest: Node receipt batch rotates fairly and retains every pending original envelope
ok 428 - Node receipt batch rotates fairly and retains every pending original envelope
  ---
  duration_ms: 1351.644582
  type: 'test'
  ...
# Subtest: Node receipt batch charges failed copies and retains every pending original envelope
ok 429 - Node receipt batch charges failed copies and retains every pending original envelope
  ---
  duration_ms: 1163.677077
  type: 'test'
  ...
# Subtest: Go receipt runtime applies the same rotating copy budget, including real quota failures
ok 430 - Go receipt runtime applies the same rotating copy budget, including real quota failures
  ---
  duration_ms: 28432.19223
  type: 'test'
  ...
# {"phase":"compile-only","durationMs":1051,"exitCode":0,"signal":null,"error":null}
# {"phase":"execute","durationMs":27370,"exitCode":0,"signal":null,"error":null}
# Subtest: site sequence reservation is not publication; replay is stable and stale bases do not mutate state
ok 431 - site sequence reservation is not publication; replay is stable and stale bases do not mutate state
  ---
  duration_ms: 20.644175
  type: 'test'
  ...
# Subtest: a newer signed observation supersedes an unfinished publication and cannot roll back to older headers
ok 432 - a newer signed observation supersedes an unfinished publication and cannot roll back to older headers
  ---
  duration_ms: 10.785472
  type: 'test'
  ...
# Subtest: retired site operation sequences cannot be replayed as new writes
ok 433 - retired site operation sequences cannot be replayed as new writes
  ---
  duration_ms: 654.987042
  type: 'test'
  ...
# Subtest: a full site history can advance while the latest known header is retained without payloads
ok 434 - a full site history can advance while the latest known header is retained without payloads
  ---
  duration_ms: 680.405789
  type: 'test'
  ...
# Subtest: registry shape and single pending operation limits reject malformed state without invoking getters
ok 435 - registry shape and single pending operation limits reject malformed state without invoking getters
  ---
  duration_ms: 4.674364
  type: 'test'
  ...
# Subtest: equal-sequence signed concurrency changes the base before durable authorization
ok 436 - equal-sequence signed concurrency changes the base before durable authorization
  ---
  duration_ms: 5.140868
  type: 'test'
  ...
# Subtest: committed publication recovery is irreversible and never rolls back a newer signed head
ok 437 - committed publication recovery is irreversible and never rolls back a newer signed head
  ---
  duration_ms: 13.687432
  type: 'test'
  ...
# Subtest: cryptographic memoization is confined to one transition and cannot hide subsequent mutations
ok 438 - cryptographic memoization is confined to one transition and cannot hide subsequent mutations
  ---
  duration_ms: 128.345039
  type: 'test'
  ...
# Subtest: explicit refusal journals agree across Node/portable/Go on immutable intent, phases, expiry and source binding
ok 439 - explicit refusal journals agree across Node/portable/Go on immutable intent, phases, expiry and source binding
  ---
  duration_ms: 658.64436
  type: 'test'
  ...
# (node:390144) ExperimentalWarning: SQLite is an experimental feature and might change at any time
# (Use `node --trace-warnings ...` to show where the warning was created)
# Subtest: logical site publication replays the same public or private result before and after staging retirement
ok 440 - logical site publication replays the same public or private result before and after staging retirement
  ---
  duration_ms: 212.915969
  type: 'test'
  ...
# Subtest: request fingerprints bind exact reading cards, base, lifetime and document consistently across crypto runtimes
ok 441 - request fingerprints bind exact reading cards, base, lifetime and document consistently across crypto runtimes
  ---
  duration_ms: 27.151796
  type: 'test'
  ...
# (node:390171) ExperimentalWarning: SQLite is an experimental feature and might change at any time
# (Use `node --trace-warnings ...` to show where the warning was created)
# Subtest: resource preparation is encrypted, survives reopen and returns the same reference after a lost response
ok 442 - resource preparation is encrypted, survives reopen and returns the same reference after a lost response
  ---
  duration_ms: 81.331445
  type: 'test'
  ...
# Subtest: resource quota failure rolls back counter and signatures, even when caught by an outer caller
ok 443 - resource quota failure rolls back counter and signatures, even when caught by an outer caller
  ---
  duration_ms: 86.22458
  type: 'test'
  ...
# Subtest: a different copy cannot finish an operation or consume its pending signature
ok 444 - a different copy cannot finish an operation or consume its pending signature
  ---
  duration_ms: 31.272682
  type: 'test'
  ...
# Subtest: expired preparation authenticates before disposal and never silently recreates the requested resource
ok 445 - expired preparation authenticates before disposal and never silently recreates the requested resource
  ---
  duration_ms: 1131.554382
  type: 'test'
  ...
# Subtest: a missing stage is corruption and is never interpreted as a fresh catalogue
ok 446 - a missing stage is corruption and is never interpreted as a fresh catalogue
  ---
  duration_ms: 31.685146
  type: 'test'
  ...
# Subtest: real process exit before-commit cannot duplicate or lose the resource creation identity
ok 447 - real process exit before-commit cannot duplicate or lose the resource creation identity
  ---
  duration_ms: 223.894773
  type: 'test'
  ...
# Subtest: real process exit after-commit cannot duplicate or lose the resource creation identity
ok 448 - real process exit after-commit cannot duplicate or lose the resource creation identity
  ---
  duration_ms: 225.899902
  type: 'test'
  ...
# Subtest: real process exit after-copy cannot duplicate or lose the resource creation identity
ok 449 - real process exit after-copy cannot duplicate or lose the resource creation identity
  ---
  duration_ms: 234.042308
  type: 'test'
  ...
# Subtest: real process exit after-ready cannot duplicate or lose the resource creation identity
ok 450 - real process exit after-ready cannot duplicate or lose the resource creation identity
  ---
  duration_ms: 219.078854
  type: 'test'
  ...
# Subtest: v3 accepts bounded optional references and duplicates a page without transferring resource authorship
ok 451 - v3 accepts bounded optional references and duplicates a page without transferring resource authorship
  ---
  duration_ms: 8.238546
  type: 'test'
  ...
# Subtest: Node and Go agree on v3 reference vectors, legacy compatibility and exact resource limits
ok 452 - Node and Go agree on v3 reference vectors, legacy compatibility and exact resource limits
  ---
  duration_ms: 404.809654
  type: 'test'
  ...
# Subtest: reference descriptors reject getters without executing them
ok 453 - reference descriptors reject getters without executing them
  ---
  duration_ms: 0.467557
  type: 'test'
  ...
# Subtest: resource insertion preserves the original filename while bounding a Unicode heading
ok 454 - resource insertion preserves the original filename while bounding a Unicode heading
  ---
  duration_ms: 0.382857
  type: 'test'
  ...
# Subtest: automatic resource checks bound concurrency and retain each authenticated target
ok 455 - automatic resource checks bound concurrency and retain each authenticated target
  ---
  duration_ms: 5.686221
  type: 'test'
  ...
# Subtest: aborting an active view cannot release its real request slot early
ok 456 - aborting an active view cannot release its real request slot early
  ---
  duration_ms: 1.153683
  type: 'test'
  ...
# Subtest: queued cancellation never reaches the runtime and a failed request advances the queue
ok 457 - queued cancellation never reaches the runtime and a failed request advances the queue
  ---
  duration_ms: 0.816301
  type: 'test'
  ...
# Subtest: queue exhaustion preserves admitted checks and already-aborted work never starts
ok 458 - queue exhaustion preserves admitted checks and already-aborted work never starts
  ---
  duration_ms: 1.025222
  type: 'test'
  ...
# Subtest: identical reference checks coalesce only in flight and return independent result objects
ok 459 - identical reference checks coalesce only in flight and return independent result objects
  ---
  duration_ms: 0.717886
  type: 'test'
  ...
# Subtest: reference coalescing separates snapshots, pages and descriptor changes
ok 460 - reference coalescing separates snapshots, pages and descriptor changes
  ---
  duration_ms: 1.742077
  type: 'test'
  ...
# Subtest: one cancelled consumer does not cancel its live sibling; abandoned views cannot be revived
ok 461 - one cancelled consumer does not cancel its live sibling; abandoned views cannot be revived
  ---
  duration_ms: 1.212213
  type: 'test'
  ...
# Subtest: shared-request failures reject every caller and do not become cached success
ok 462 - shared-request failures reject every caller and do not become cached success
  ---
  duration_ms: 0.708769
  type: 'test'
  ...
# Subtest: coalesced observers remain bounded even when they share one runtime request
ok 463 - coalesced observers remain bounded even when they share one runtime request
  ---
  duration_ms: 0.716223
  type: 'test'
  ...
# Subtest: TypeScript and a real Go process agree on resource identity, canonical hashes, boundaries and reading scope
ok 464 - TypeScript and a real Go process agree on resource identity, canonical hashes, boundaries and reading scope
  ---
  duration_ms: 1119.977557
  type: 'test'
  ...
# Subtest: Node and Go agree on creation fingerprints, exact outcomes, retirement and malformed records
ok 465 - Node and Go agree on creation fingerprints, exact outcomes, retirement and malformed records
  ---
  duration_ms: 1281.040058
  type: 'test'
  ...
# Subtest: resource creation retries retain one signed identity and reject UUID reuse with a different request
ok 466 - resource creation retries retain one signed identity and reject UUID reuse with a different request
  ---
  duration_ms: 5.78669
  type: 'test'
  ...
# Subtest: a pending copy holds the slot; only its exact ciphertext may complete it
ok 467 - a pending copy holds the slot; only its exact ciphertext may complete it
  ---
  duration_ms: 3.473052
  type: 'test'
  ...
# Subtest: expired pending work remains a terminal outcome instead of silently signing a replacement
ok 468 - expired pending work remains a terminal outcome instead of silently signing a replacement
  ---
  duration_ms: 3.646577
  type: 'test'
  ...
# Subtest: retirement is bounded by committed sequence and cannot turn an old uncertain retry into new work
ok 469 - retirement is bounded by committed sequence and cannot turn an old uncertain retry into new work
  ---
  duration_ms: 746.967743
  type: 'test'
  ...
# Subtest: staging cannot change creator, size, scope or lifespan; private reader scope must include the owner
ok 470 - staging cannot change creator, size, scope or lifespan; private reader scope must include the owner
  ---
  duration_ms: 1.793703
  type: 'test'
  ...
# Subtest: untrusted local record and request getters are refused without execution
ok 471 - untrusted local record and request getters are refused without execution
  ---
  duration_ms: 0.310833
  type: 'test'
  ...
# (node:391010) ExperimentalWarning: SQLite is an experimental feature and might change at any time
# (Use `node --trace-warnings ...` to show where the warning was created)
# Subtest: resource UI controller recovers a lost committed reply without creating another signature
ok 472 - resource UI controller recovers a lost committed reply without creating another signature
  ---
  duration_ms: 181.384632
  type: 'test'
  ...
# Subtest: resource UI retries an unconfirmed request only on explicit action and with the same UUID and payload
ok 473 - resource UI retries an unconfirmed request only on explicit action and with the same UUID and payload
  ---
  duration_ms: 157.722569
  type: 'test'
  ...
# Subtest: closing a resource UI session fences an in-flight result while the durable library remains recoverable
ok 474 - closing a resource UI session fences an in-flight result while the durable library remains recoverable
  ---
  duration_ms: 156.010369
  type: 'test'
  ...
# Subtest: resource library walks real history beyond the operation journal and retains third-party creators
ok 475 - resource library walks real history beyond the operation journal and retains third-party creators
  ---
  duration_ms: 1353.644552
  type: 'test'
  ...
# Subtest: resource sizes never round a nonempty small file down to zero
ok 476 - resource sizes never round a nonempty small file down to zero
  ---
  duration_ms: 13.139385
  type: 'test'
  ...
# Subtest: a table descriptor pins its complete canonical payload and returns owned data
ok 477 - a table descriptor pins its complete canonical payload and returns owned data
  ---
  duration_ms: 10.780432
  type: 'test'
  ...
# Subtest: verification of real encrypted envelopes precedes descriptor matching; a reader's valid signature cannot replace the referenced author
ok 478 - verification of real encrypted envelopes precedes descriptor matching; a reader's valid signature cannot replace the referenced author
  ---
  duration_ms: 16.599723
  type: 'test'
  ...
# Subtest: files have canonical base64, exact decoded boundaries and no executable rendering type
ok 479 - files have canonical base64, exact decoded boundaries and no executable rendering type
  ---
  duration_ms: 52.317168
  type: 'test'
  ...
# Subtest: a private resource never becomes public by reference and reader sets cannot silently expand
ok 480 - a private resource never becomes public by reference and reader sets cannot silently expand
  ---
  duration_ms: 0.630973
  type: 'test'
  ...
# Subtest: descriptor and nested data getters are refused without access, including reader arrays
ok 481 - descriptor and nested data getters are refused without access, including reader arrays
  ---
  duration_ms: 0.695925
  type: 'test'
  ...
# Subtest: site addresses are stable under display/read-card changes and reject ambiguous input
ok 482 - site addresses are stable under display/read-card changes and reject ambiguous input
  ---
  duration_ms: 33.240952
  type: 'test'
  ...
# Subtest: node signed snapshots bind the exact content and retain ownership when another reader can decrypt
ok 483 - node signed snapshots bind the exact content and retain ownership when another reader can decrypt
  ---
  duration_ms: 9.239163
  type: 'test'
  ...
# Subtest: node orders revisions by signed sequence, reports forks and does not let replay replace a known head
ok 484 - node orders revisions by signed sequence, reports forks and does not let replay replace a known head
  ---
  duration_ms: 10.964667
  type: 'test'
  ...
# Subtest: node rejects malformed certificates without invoking getters and enforces finite history/signature bounds
ok 485 - node rejects malformed certificates without invoking getters and enforces finite history/signature bounds
  ---
  duration_ms: 18.162743
  type: 'test'
  ...
# Subtest: portable signed snapshots bind the exact content and retain ownership when another reader can decrypt
ok 486 - portable signed snapshots bind the exact content and retain ownership when another reader can decrypt
  ---
  duration_ms: 64.659548
  type: 'test'
  ...
# Subtest: portable orders revisions by signed sequence, reports forks and does not let replay replace a known head
ok 487 - portable orders revisions by signed sequence, reports forks and does not let replay replace a known head
  ---
  duration_ms: 97.548791
  type: 'test'
  ...
# Subtest: portable rejects malformed certificates without invoking getters and enforces finite history/signature bounds
ok 488 - portable rejects malformed certificates without invoking getters and enforces finite history/signature bounds
  ---
  duration_ms: 42.732157
  type: 'test'
  ...
# Subtest: Node and portable crypto produce identical snapshot bytes/signatures and verify each other
ok 489 - Node and portable crypto produce identical snapshot bytes/signatures and verify each other
  ---
  duration_ms: 11.591493
  type: 'test'
  ...
# (node:391223) ExperimentalWarning: SQLite is an experimental feature and might change at any time
# (Use `node --trace-warnings ...` to show where the warning was created)
# Subtest: large valid cache produces bounded pages and exact authorized attachments on demand
ok 490 - large valid cache produces bounded pages and exact authorized attachments on demand
  ---
  duration_ms: 4283.904434
  type: 'test'
  ...
# Subtest: received author deletion persists before evicting its original, and denied attachments stay unavailable
ok 491 - received author deletion persists before evicting its original, and denied attachments stay unavailable
  ---
  duration_ms: 174.516014
  type: 'test'
  ...
# Subtest: request tracking is bounded even when transport rejects every broadcast
ok 492 - request tracking is bounded even when transport rejects every broadcast
  ---
  duration_ms: 161.075235
  type: 'test'
  ...
# Subtest: unknown post extension data does not crash or inflate summaries
ok 493 - unknown post extension data does not crash or inflate summaries
  ---
  duration_ms: 289.210591
  type: 'test'
  ...
# Subtest: summary reuse remains bound to verified disk bytes and unlocked identity
ok 494 - summary reuse remains bound to verified disk bytes and unlocked identity
  ---
  duration_ms: 138.580199
  type: 'test'
  ...
# Subtest: collections and following integrate with encrypted persistence and hashed peer retrieval respects read ACL
ok 495 - collections and following integrate with encrypted persistence and hashed peer retrieval respects read ACL
  ---
  duration_ms: 1776.999284
  type: 'test'
  ...
# Subtest: collection create, rename, add, remove and delete are immutable local transitions
ok 496 - collection create, rename, add, remove and delete are immutable local transitions
  ---
  duration_ms: 2.03226
  type: 'test'
  ...
# Subtest: collection identity, title and timestamp rules reject ambiguous metadata
ok 497 - collection identity, title and timestamp rules reject ambiguous metadata
  ---
  duration_ms: 2.142126
  type: 'test'
  ...
# Subtest: prototype, accessor, unknown field and sparse-array inputs fail without executing metadata
ok 498 - prototype, accessor, unknown field and sparse-array inputs fail without executing metadata
  ---
  duration_ms: 0.52779
  type: 'test'
  ...
# Subtest: collection ownership cannot be transferred by a command or mixed across identity vaults
ok 499 - collection ownership cannot be transferred by a command or mixed across identity vaults
  ---
  duration_ms: 0.339857
  type: 'test'
  ...
# Subtest: collection and membership quotas reject atomically while allowing idempotent operations
ok 500 - collection and membership quotas reject atomically while allowing idempotent operations
  ---
  duration_ms: 6.997619
  type: 'test'
  ...
# Subtest: recovered collections reject duplicate identifiers, titles, members and excessive total memberships
ok 501 - recovered collections reject duplicate identifiers, titles, members and excessive total memberships
  ---
  duration_ms: 3.46704
  type: 'test'
  ...
# Subtest: content references remain canonical hashes and convey neither reader access nor authorship
ok 502 - content references remain canonical hashes and convey neither reader access nor authorship
  ---
  duration_ms: 9.793331
  type: 'test'
  ...
# Subtest: followed feed selects posts and alerts from followed authors without changing caller order or access
ok 503 - followed feed selects posts and alerts from followed authors without changing caller order or access
  ---
  duration_ms: 0.465032
  type: 'test'
  ...
# Subtest: authenticated historical decoding does not make expired content admissible or decryptable by another identity
ok 504 - authenticated historical decoding does not make expired content admissible or decryptable by another identity
  ---
  duration_ms: 19.999547
  type: 'test'
  ...
# Subtest: historical time extraction rejects accessors without invoking them
ok 505 - historical time extraction rejects accessors without invoking them
  ---
  duration_ms: 0.247525
  type: 'test'
  ...
# Subtest: new small-message arrivals cannot repeatedly take the bulk fairness turn
ok 506 - new small-message arrivals cannot repeatedly take the bulk fairness turn
  ---
  duration_ms: 21.895501
  type: 'test'
  ...
# Subtest: packet-ID cancellation preserves an independent equal payload and a foreign-origin packet
ok 507 - packet-ID cancellation preserves an independent equal payload and a foreign-origin packet
  ---
  duration_ms: 698.356705
  type: 'test'
  ...
# Subtest: absolute local authorization deadline is bound into the Node packet ID
ok 508 - absolute local authorization deadline is bound into the Node packet ID
  ---
  duration_ms: 1.347256
  type: 'test'
  ...
# Subtest: local cancellation removes an actual queued TCP transfer and its reconnect copy
ok 509 - local cancellation removes an actual queued TCP transfer and its reconnect copy
  ---
  duration_ms: 665.338781
  type: 'test'
  ...
# Subtest: local cancellation negative control delivers an actual queued TCP transfer and its reconnect copy
ok 510 - local cancellation negative control delivers an actual queued TCP transfer and its reconnect copy
  ---
  duration_ms: 665.372033
  type: 'test'
  ...
# Subtest: local cancellation leaves another origin's retained relay packet intact
ok 511 - local cancellation leaves another origin's retained relay packet intact
  ---
  duration_ms: 483.970409
  type: 'test'
  ...
# Subtest: TCP parser handles split/coalesced frames, rejects tamper and replays only once
ok 512 - TCP parser handles split/coalesced frames, rejects tamper and replays only once
  ---
  duration_ms: 84.484647
  type: 'test'
  ...
# Subtest: non-reading TCP duplicate flood coalesces and bounds control output
ok 513 - non-reading TCP duplicate flood coalesces and bounds control output
  ---
  duration_ms: 49.469549
  type: 'test'
  ...
# Subtest: TCP malformed frame and unfinished-line floods disconnect and release state
ok 514 - TCP malformed frame and unfinished-line floods disconnect and release state
  ---
  duration_ms: 22.615591
  type: 'test'
  ...
# Subtest: distinct TCP packets cannot grow the ACK queue or exceed its output rate
ok 515 - distinct TCP packets cannot grow the ACK queue or exceed its output rate
  ---
  duration_ms: 153.698403
  type: 'test'
  ...
# Subtest: TCP incomplete assemblies have count and aggregate memory bounds
ok 516 - TCP incomplete assemblies have count and aggregate memory bounds
  ---
  duration_ms: 2258.731227
  type: 'test'
  ...
# Subtest: expired packets, invalid TTLs and exhausted hop limits never relay
ok 517 - expired packets, invalid TTLs and exhausted hop limits never relay
  ---
  duration_ms: 133.38545
  type: 'test'
  ...
# Subtest: queued expiry and stopped sockets release bounded output under backpressure
ok 518 - queued expiry and stopped sockets release bounded output under backpressure
  ---
  duration_ms: 403.243417
  type: 'test'
  ...
# Subtest: partial TCP loss retries exact bytes and missing ACK retries without duplicate delivery
ok 519 - partial TCP loss retries exact bytes and missing ACK retries without duplicate delivery
  ---
  duration_ms: 4211.497671
  type: 'test'
  ...
# Subtest: TCP reconnect delivers a partial transfer and packets created during the partition
ok 520 - TCP reconnect delivers a partial transfer and packets created during the partition
  ---
  duration_ms: 1091.032459
  type: 'test'
  ...
# Subtest: turning relay off cancels queued forwarded fragments and keeps local SOS available
ok 521 - turning relay off cancels queued forwarded fragments and keeps local SOS available
  ---
  duration_ms: 111.985628
  type: 'test'
  ...
# Subtest: relay pause cancels queued local seeding and prevents retained offline replay
ok 522 - relay pause cancels queued local seeding and prevents retained offline replay
  ---
  duration_ms: 132.47352
  type: 'test'
  ...
# Subtest: real TCP fragments preempt bulk for SOS while preserving bulk fairness
ok 523 - real TCP fragments preempt bulk for SOS while preserving bulk fairness
  ---
  duration_ms: 83.244282
  type: 'test'
  ...
# Subtest: many in-progress SOS transfers leave admission capacity for bulk fairness
ok 524 - many in-progress SOS transfers leave admission capacity for bulk fairness
  ---
  duration_ms: 48.070956
  type: 'test'
  ...
# Subtest: real serialport PTY fragments preempt bulk for SOS with the same fairness
ok 525 - real serialport PTY fragments preempt bulk for SOS with the same fairness
  ---
  duration_ms: 146.012604
  type: 'test'
  ...
# Subtest: POSIX poller regression: read rearm must preserve an outstanding write watch
ok 526 - POSIX poller regression: read rearm must preserve an outstanding write watch
  ---
  duration_ms: 0.862608
  type: 'test'
  ...
# Subtest: serial write deadline covers one frame at configured baud while bounding a stalled writer
ok 527 - serial write deadline covers one frame at configured baud while bounding a stalled writer
  ---
  duration_ms: 0.132468
  type: 'test'
  ...
# Subtest: real serial PTY recovers an injected stuck write through bounded reconnect and exact replay
ok 528 - real serial PTY recovers an injected stuck write through bounded reconnect and exact replay
  ---
  duration_ms: 6165.463524
  type: 'test'
  ...
# Subtest: real TCP transfer, two-hop forwarding and relay-off negative control
ok 529 - real TCP transfer, two-hop forwarding and relay-off negative control
  ---
  duration_ms: 913.824137
  type: 'test'
  ...
# Subtest: validation rejection prevents display and relay; positive valid control
ok 530 - validation rejection prevents display and relay; positive valid control
  ---
  duration_ms: 533.174059
  type: 'test'
  ...
# Subtest: interface preference schema rejects unrelated authority fields and does not invoke getters
ok 531 - interface preference schema rejects unrelated authority fields and does not invoke getters
  ---
  duration_ms: 1.030602
  type: 'test'
  ...
# Subtest: bounded preference file preserves prior values on invalid patches or corrupted storage
ok 532 - bounded preference file preserves prior values on invalid patches or corrupted storage
  ---
  duration_ms: 9.840389
  type: 'test'
  ...
# Subtest: preferences do not read through a symbolic link
ok 533 - preferences do not read through a symbolic link
  ---
  duration_ms: 0.558016
  type: 'test'
  ...
# Subtest: Node web-peer API separates keys, relay consent and control authority, and enforces explicit revocation
ok 534 - Node web-peer API separates keys, relay consent and control authority, and enforces explicit revocation
  ---
  duration_ms: 533.451851
  type: 'test'
  ...
# Subtest: websocket invitations require exact origin/capability, preserve eight slots, and carry no control API
ok 535 - websocket invitations require exact origin/capability, preserve eight slots, and carry no control API
  ---
  duration_ms: 49.450132
  type: 'test'
  ...
# Subtest: websocket expiry closes active connections and non-loopback cleartext listeners are refused
ok 536 - websocket expiry closes active connections and non-loopback cleartext listeners are refused
  ---
  duration_ms: 1003.023473
  type: 'test'
  ...
1..536
# tests 539
# suites 0
# pass 539
# fail 0
# cancelled 0
# skipped 0
# todo 0
# duration_ms 535514.268078
